date,code,open,high,low,close,preclose,volume,amount,turn,tradestatus,pctChg,isST
2022-01-04,sh.600009,45.369224,47.6181295,45.2714455,47.4421282,45.65278165,20690755.0,991329162.59,1.8922,1,3.9195,0
2022-01-05,sh.600009,47.4030168,49.1825855,47.2465712,47.7550194,47.4421282,25367845.0,1251106912.45,2.3199,1,0.6595,0
2022-01-06,sh.600009,48.09724415,48.302579,46.93368,47.911465,47.7550194,15102053.0,736331684.31,1.3811,1,0.3276,0
2022-01-07,sh.600009,47.911465,49.3781425,47.53012885,48.87947215,47.911465,22984897.0,1147374255.89,2.102,1,2.0204,0
2022-01-10,sh.600009,47.56924025,49.17280765,47.129237,48.87947215,48.87947215,13856447.0,688301365.69,1.2672,1,0.0,0
2022-01-11,sh.600009,48.693693,49.52481025,48.3612461,48.50791385,48.87947215,13213088.0,661509648.78,1.2084,1,-0.7602,0
2022-01-12,sh.600009,48.50791385,49.79859005,48.1656891,48.6350259,48.50791385,9747602.0,488283778.4,0.8914,1,0.262,0
2022-01-13,sh.600009,48.62524805,49.48569885,48.03857705,48.1852448,48.6350259,11107692.0,553151387.06,1.0158,1,-0.9248,0
2022-01-14,sh.600009,47.9310207,48.6545816,47.2074598,47.64746305,48.1852448,12135246.0,593417794.64,1.1098,1,-1.1161,0
2022-01-17,sh.600009,47.66701875,47.94079855,46.72834515,47.2270155,47.64746305,12817395.0,616839460.79,1.1722,1,-0.8824,0
2022-01-18,sh.600009,47.129237,48.6350259,46.76745655,48.27324545,47.2270155,14158261.0,688775004.38,1.2948,1,2.2153,0
2022-01-19,sh.600009,47.97990995,48.84036075,47.5594624,48.56658095,48.27324545,10817690.0,534549387.96,0.9893,1,0.6077,0
2022-01-20,sh.600009,48.4785803,50.7274858,48.3221347,49.91592425,48.56658095,19441306.0,994352532.67,1.7779,1,2.7783,0
2022-01-21,sh.600009,50.84482,54.1106219,50.84482,51.71504865,49.91592425,42776258.0,2307744973.39,3.912,1,3.6043,0
2022-01-24,sh.600009,51.57815875,52.2919418,51.03059915,51.16748905,51.71504865,24352039.0,1284470779.07,2.227,1,-1.0588,0
2022-01-25,sh.600009,50.85459785,52.3897203,50.7470415,50.84482,51.16748905,24570422.0,1295057435.28,2.247,1,-0.6306,0
2022-01-26,sh.600009,51.1381555,51.48038025,49.3390311,49.6910337,50.84482,17985102.0,920990740.73,1.6448,1,-2.2692,0
2022-01-27,sh.600009,48.9870285,50.0430363,48.5959145,48.6741373,49.6910337,14785780.0,746468282.43,1.3522,1,-2.0464,0
2022-01-28,sh.600009,48.2634676,50.3559275,47.9310207,49.36836465,48.6741373,14195401.0,713443702.44,1.2982,1,1.4263,0
2022-02-07,sh.600009,50.1603705,51.71504865,49.48569885,51.040377,49.36836465,19848523.0,1028776988.7,1.8152,1,3.3868,0
2022-02-08,sh.600009,51.3532682,53.04483625,51.3337125,52.9568356,51.040377,23800042.0,1274503364.8,2.1765,1,3.7548,0
2022-02-09,sh.600009,53.4457281,55.0297398,52.7221672,54.4626245,52.9568356,25733410.0,1424108892.79,2.3534,1,2.8434,0
2022-02-10,sh.600009,54.17906685,56.71153,54.04217695,56.50619515,54.4626245,26782543.0,1534741915.28,2.4493,1,3.7522,0
2022-02-11,sh.600009,56.48663945,57.7675378,55.342631,56.124859,56.50619515,27402218.0,1578862085.18,2.506,1,-0.6749,0
2022-02-14,sh.600009,56.70175215,57.493758,55.15685185,56.17374825,56.124859,15345755.0,879692307.5,1.4034,1,0.0871,0
2022-02-15,sh.600009,55.733745,55.74352285,53.90528705,54.364846,56.17374825,19927372.0,1108841216.86,1.8224,1,-3.2202,0
2022-02-16,sh.600009,54.4821802,55.8315235,53.778175,54.8732942,54.364846,13427541.0,751290346.64,1.228,1,0.9353,0
2022-02-17,sh.600009,54.6972929,54.6972929,53.4848395,53.973732,54.8732942,15329463.0,845239246.42,1.4019,1,-1.6393,0
2022-02-18,sh.600009,53.6803965,55.8510792,53.4848395,55.6164108,53.973732,15364896.0,867454707.26,1.4051,1,3.0435,0
2022-02-21,sh.600009,54.8537385,55.538188,54.2670675,55.4208538,55.6164108,9080805.0,511102746.05,0.8305,1,-0.3516,0
2022-02-22,sh.600009,54.70707075,54.9906284,53.78795285,54.2670675,55.4208538,11664691.0,648924825.19,1.0668,1,-2.0819,0
2022-02-23,sh.600009,54.0715105,54.6581815,52.65372225,53.0937255,54.2670675,18474211.0,1004925378.45,1.6895,1,-2.1622,0
2022-02-24,sh.600009,52.81016785,52.995947,50.79593075,51.61727015,53.0937255,20160556.0,1066203414.22,1.8437,1,-2.7808,0
2022-02-25,sh.600009,52.2919418,52.65372225,51.26526755,51.8030493,51.61727015,10607210.0,560842176.6,0.97,1,0.3599,0
2022-02-28,sh.600009,51.431491,51.431491,50.4732617,51.18704475,51.8030493,11653101.0,608121360.0,1.0657,1,-1.1891,0
2022-03-01,sh.600009,51.18704475,53.18172615,51.040377,52.9568356,51.18704475,13803326.0,739825200.0,1.2623,1,3.4575,0
2022-03-02,sh.600009,52.47772095,53.3675053,51.73460435,52.8199457,52.9568356,11625031.0,625105440.0,1.0631,1,-0.2585,0
2022-03-03,sh.600009,53.53372875,55.6164108,53.00572485,55.2448525,52.8199457,24631241.0,1377050784.0,2.2526,1,4.5909,0
2022-03-04,sh.600009,54.7168486,55.03951765,53.88573135,54.21817825,55.2448525,12121229.0,674800384.0,1.1085,1,-1.8584,0
2022-03-07,sh.600009,53.7586193,53.7586193,49.44658745,49.8865907,54.21817825,25409046.0,1318165984.0,2.3237,1,-7.9892,0
2022-03-08,sh.600009,49.85725715,51.57815875,48.84036075,48.8696943,49.8865907,19249464.0,982222000.0,1.7604,1,-2.0384,0
2022-03-09,sh.600009,49.01636205,49.8083679,46.70878945,49.29014185,48.8696943,17291427.0,858867744.0,1.5813,1,0.8603,0
2022-03-10,sh.600009,49.87681285,51.0208213,49.56392165,50.3168161,49.29014185,13184762.0,676815280.0,1.2058,1,2.0829,0
2022-03-11,sh.600009,49.3781425,51.1381555,47.8919093,50.1408148,50.3168161,20407757.0,1028549904.0,1.8663,1,-0.3498,0
2022-03-14,sh.600009,47.6181295,48.44924675,45.96567285,45.9754507,50.1408148,28222292.0,1357964160.0,2.581,1,-8.3073,0
2022-03-15,sh.600009,45.760338,46.8554572,44.49899535,44.7043302,45.9754507,19764081.0,918519664.0,1.8075,1,-2.7648,0
2022-03-16,sh.600009,45.955895,49.03591775,45.955895,48.7914715,44.7043302,26913081.0,1301269168.0,2.4612,1,9.1426,0
2022-03-17,sh.600009,49.93547995,51.48038025,48.76213795,50.5710402,48.7914715,26369638.0,1357036752.0,2.4115,1,3.6473,0
2022-03-18,sh.600009,50.17014835,51.9008278,50.11148125,51.51949165,50.5710402,20679082.0,1083194879.54,1.8911,1,1.8755,0
2022-03-21,sh.600009,51.0208213,51.53904735,50.58081805,51.431491,51.51949165,12407123.0,648442803.62,1.1346,1,-0.1708,0
2022-03-22,sh.600009,49.83770145,51.3337125,49.8083679,50.60037375,51.431491,13264220.0,687768748.87,1.213,1,-1.616,0
2022-03-23,sh.600009,50.5123731,50.81548645,49.1825855,50.1603705,50.60037375,12604788.0,642054208.69,1.1527,1,-0.8696,0
2022-03-24,sh.600009,50.062592,50.52215095,49.0065842,49.3976982,50.1603705,7365460.0,374183771.6,0.6736,1,-1.5205,0
2022-03-25,sh.600009,49.671478,49.72036725,47.5007953,47.62790735,49.3976982,13202196.0,648432510.35,1.2074,1,-3.5827,0
2022-03-28,sh.600009,46.20034125,47.8332422,46.16122985,47.4812396,47.62790735,13057002.0,627770132.75,1.1941,1,-0.3079,0
2022-03-29,sh.600009,47.4030168,48.87947215,47.13901485,47.911465,47.4812396,8323631.0,409129270.68,0.7612,1,0.9061,0
2022-03-30,sh.600009,48.4003575,49.5932552,47.520351,49.40747605,47.911465,10059352.0,502108349.25,0.9199,1,3.1224,0
2022-03-31,sh.600009,49.084807,49.671478,47.66701875,48.107022,49.40747605,10034651.0,496443440.79,0.9177,1,-2.6321,0
2022-04-01,sh.600009,47.8136865,50.07236985,47.520351,49.56392165,48.107022,14285696.0,721518104.39,1.3064,1,3.0285,0
2022-04-06,sh.600009,48.9674728,50.77637505,48.89902785,50.01370275,49.56392165,15644954.0,798479173.9,1.4308,1,0.9075,0
2022-04-07,sh.600009,49.5736995,50.54170665,49.09458485,49.30969755,50.01370275,12177125.0,618947779.63,1.1136,1,-1.4076,0
2022-04-08,sh.600009,49.30969755,49.30969755,49.30969755,49.30969755,49.30969755,,,,0,,0
2022-04-11,sh.600009,49.1434741,49.1825855,46.61101095,46.92390215,49.30969755,16471859.0,801532766.41,1.5064,1,-4.8384,0
2022-04-12,sh.600009,46.94345785,51.5683809,46.94345785,51.235934,46.92390215,24520187.0,1244852713.25,2.2424,1,9.1894,0
2022-04-13,sh.600009,50.5514845,50.84482,48.84036075,49.7888122,51.235934,18963473.0,968370916.93,1.7342,1,-2.8244,0
2022-04-14,sh.600009,50.36570535,52.34083105,49.7692565,50.84482,49.7888122,16747597.0,874402951.29,1.5316,1,2.121,0
2022-04-15,sh.600009,50.453706,51.9986063,49.99414705,51.53904735,50.84482,12614621.0,662351819.73,1.1536,1,1.3654,0
2022-04-18,sh.600009,50.85459785,51.40215745,50.01370275,50.65904085,51.53904735,12289866.0,636667438.91,1.1239,1,-1.7075,0
2022-04-19,sh.600009,50.46348385,50.84482,48.4785803,49.03591775,50.65904085,16589594.0,834868910.81,1.5171,1,-3.204,0
2022-04-20,sh.600009,49.05547345,50.42437245,48.74258225,49.867035,49.03591775,12384593.0,628628707.66,1.1326,1,1.6949,0
2022-04-21,sh.600009,49.42703175,51.10882195,49.19236335,49.671478,49.867035,16195492.0,829367695.16,1.4811,1,-0.3922,0
2022-04-22,sh.600009,49.3781425,50.3559275,48.107022,50.11148125,49.671478,14661712.0,742072141.06,1.3408,1,0.8858,0
2022-04-25,sh.600009,48.88925,48.9088057,47.45190605,47.45190605,50.11148125,15869155.0,780996672.03,1.4513,1,-5.3073,0
2022-04-26,sh.600009,47.51057315,48.0679106,46.0536735,46.9141243,47.45190605,14011269.0,675025693.27,1.2814,1,-1.1333,0
2022-04-27,sh.600009,46.5230103,49.32925325,46.25900835,49.29014185,46.9141243,14972620.0,730161019.93,1.3693,1,5.0646,0
2022-04-28,sh.600009,48.78169365,49.17280765,46.2492305,47.0510142,49.29014185,17024347.0,827858037.22,1.5569,1,-4.5427,0
2022-04-29,sh.600009,46.738123,48.88925,45.77011585,48.302579,47.0510142,16179570.0,784583029.35,1.4796,1,2.66,0
2022-05-05,sh.600009,48.03857705,50.18970405,47.1096813,50.1603705,48.302579,18501826.0,932088645.19,1.692,1,3.8462,0
2022-05-06,sh.600009,48.5959145,48.693693,46.82612365,47.13901485,50.1603705,19331065.0,940018325.06,1.7679,1,-6.0234,0
2022-05-09,sh.600009,46.738123,47.6767966,45.94611715,46.20034125,47.13901485,11823420.0,563430633.99,1.0813,1,-1.9913,0
2022-05-10,sh.600009,45.6625595,46.18078555,44.73366375,46.0732292,46.20034125,15252149.0,709370573.28,1.3948,1,-0.2751,0
2022-05-11,sh.600009,46.08300705,47.68657445,46.08300705,46.61101095,46.0732292,18782202.0,901330787.79,1.7177,1,1.1672,0
2022-05-12,sh.600009,46.10256275,46.3274533,44.782553,45.369224,46.61101095,18077876.0,838953365.76,1.6532,1,-2.6641,0
2022-05-13,sh.600009,44.79233085,45.90700575,44.73366375,45.80922725,45.369224,15109640.0,699866549.89,1.3818,1,0.9698,0
2022-05-16,sh.600009,46.53278815,47.27590475,45.7212266,46.7772344,45.80922725,16906638.0,804189256.39,1.5461,1,2.1131,0
2022-05-17,sh.600009,46.4056761,47.08034775,46.0536735,46.98256925,46.7772344,12801610.0,611011497.95,1.1707,1,0.439,0
2022-05-18,sh.600009,47.0119028,47.39323895,45.8581165,46.0536735,46.98256925,10376599.0,491917840.85,0.949,1,-1.9771,0
2022-05-19,sh.600009,45.30077905,45.8972279,45.02699925,45.71144875,46.0536735,7411147.0,344626871.32,0.6778,1,-0.7431,0
2022-05-20,sh.600009,45.7407823,46.88479075,45.7407823,46.6990116,45.71144875,14755199.0,700509850.92,1.3494,1,2.1604,0
2022-05-23,sh.600009,46.6990116,46.6990116,45.6234481,46.3078976,46.6990116,10928700.0,515951087.56,0.9994,1,-0.8375,0
2022-05-24,sh.600009,46.6012331,47.4225725,46.12211845,46.2101191,46.3078976,15463711.0,739597945.78,1.4142,1,-0.2111,0
2022-05-25,sh.600009,45.96567285,48.2634676,45.71144875,48.107022,46.2101191,23847806.0,1158030260.3,2.1809,1,4.105,0
2022-05-26,sh.600009,47.7550194,48.7914715,47.715908,48.25368975,48.107022,13427875.0,662719416.24,1.228,1,0.3049,0
2022-05-27,sh.600009,48.6741373,48.7914715,47.4225725,47.96035425,48.25368975,9712826.0,477181346.92,0.8883,1,-0.6079,0
2022-05-30,sh.600009,48.74258225,49.4954767,48.5176917,48.89902785,47.96035425,15507549.0,776898016.95,1.4182,1,1.9572,0
2022-05-31,sh.600009,49.07502915,50.03325845,48.5176917,49.29014185,48.89902785,15032325.0,755521569.91,1.3747,1,0.7998,0
2022-06-01,sh.600009,49.29014185,49.83770145,47.4030168,47.80390865,49.29014185,16141244.0,795437998.49,1.4761,1,-3.0153,0
2022-06-02,sh.600009,47.82346435,47.99946565,47.06079205,47.41279465,47.80390865,10322344.0,499757434.68,0.944,1,-0.8182,0
2022-06-06,sh.600009,47.324794,47.80390865,46.45456535,47.80390865,47.41279465,11324683.0,547125347.61,1.0357,1,0.8249,0
2022-06-07,sh.600009,47.8723536,48.33191255,47.23679335,47.520351,47.80390865,11442141.0,557218339.89,1.0464,1,-0.5932,0
2022-06-08,sh.600009,47.520351,48.302579,47.37368325,48.0483549,47.520351,11473166.0,561025892.11,1.0492,1,1.1111,0
2022-06-09,sh.600009,47.82346435,48.23413405,47.520351,47.82346435,48.0483549,11087402.0,542668274.95,1.014,1,-0.4681,0
2022-06-10,sh.600009,47.27590475,47.6181295,46.47412105,47.129237,47.82346435,19143510.0,916122559.9,1.7507,1,-1.4516,0
2022-06-13,sh.600009,46.6403445,46.70878945,45.955895,46.2492305,47.129237,14697344.0,694362564.82,1.3441,1,-1.8672,0
2022-06-14,sh.600009,45.86789435,46.6403445,45.760338,46.6012331,46.2492305,9660702.0,456180068.86,0.8835,1,0.7611,0
2022-06-15,sh.600009,46.542566,47.4225725,46.27856405,46.542566,46.6012331,17573504.0,841755312.07,1.6071,1,-0.1259,0
2022-06-16,sh.600009,46.542566,47.11945915,46.31767545,46.8359015,46.542566,12649280.0,604289443.2,1.1568,1,0.6303,0
2022-06-17,sh.600009,46.5816774,46.93368,46.1318963,46.9141243,46.8359015,13227347.0,630249548.41,1.2097,1,0.167,0
2022-06-20,sh.600009,47.15857055,49.280364,47.13901485,48.74258225,46.9141243,26080279.0,1286467418.53,2.3851,1,3.8975,0
2022-06-21,sh.600009,48.88925,49.8474793,48.35146825,48.97725065,48.74258225,19056567.0,958532824.14,1.7428,1,0.4814,0
2022-06-22,sh.600009,49.2216969,49.3585868,47.92124285,48.07768845,48.97725065,9982216.0,494273998.93,0.9129,1,-1.8367,0
2022-06-23,sh.600009,48.17546695,48.48835815,47.6376852,48.09724415,48.07768845,10575791.0,519639457.11,0.9672,1,0.0407,0
2022-06-24,sh.600009,48.09724415,49.4563653,47.5007953,48.87947215,48.09724415,15363457.0,760764897.69,1.405,1,1.6263,0
2022-06-27,sh.600009,49.36836465,52.2528304,49.36836465,50.91326495,48.87947215,33439613.0,1748985604.32,3.0581,1,4.1608,0
2022-06-28,sh.600009,50.9230428,56.0075248,50.5514845,55.25463035,50.91326495,46366396.0,2531541702.55,4.2403,1,8.527,0
2022-06-29,sh.600009,55.23507465,56.4377502,54.2084004,54.41373525,55.25463035,31018433.0,1752461469.17,2.8367,1,-1.5219,0
2022-06-30,sh.600009,55.8315235,56.29108245,54.7168486,55.4404095,54.41373525,27387809.0,1555335948.95,2.5047,1,1.8868,0
2022-07-01,sh.600009,54.92218345,54.98085055,52.604833,52.94705775,55.4404095,21314416.0,1162342947.13,1.9492,1,-4.4974,0
2022-07-04,sh.600009,52.96661345,53.778175,51.9203835,52.5070545,52.94705775,17914784.0,961163160.94,1.6383,1,-0.831,0
2022-07-05,sh.600009,52.63416655,52.88839065,51.93016135,52.26260825,52.5070545,13044449.0,698295282.27,1.1929,1,-0.4655,0
2022-07-06,sh.600009,51.8812721,52.04749555,50.79593075,51.040377,52.26260825,13863818.0,725995416.69,1.2679,1,-2.3386,0
2022-07-07,sh.600009,50.56126235,51.3141568,50.4145946,50.58081805,51.040377,13146299.0,681969024.95,1.2022,1,-0.9004,0
2022-07-08,sh.600009,51.48038025,52.3506089,50.32659395,50.3754832,50.58081805,14417294.0,752524164.42,1.3185,1,-0.406,0
2022-07-11,sh.600009,49.42703175,49.9648135,48.7719158,49.17280765,50.3754832,14234587.0,715598620.04,1.3018,1,-2.3874,0
2022-07-12,sh.600009,49.05547345,49.85725715,48.9674728,49.42703175,49.17280765,11400268.0,577181772.66,1.0426,1,0.517,0
2022-07-13,sh.600009,49.671478,50.65904085,49.52481025,49.89636855,49.42703175,10801329.0,553361426.53,0.9878,1,0.9496,0
2022-07-14,sh.600009,49.77903435,52.14527405,49.475921,51.14793335,49.89636855,18823608.0,984492115.99,1.7214,1,2.5083,0
2022-07-15,sh.600009,51.0208213,51.7248265,50.46348385,50.649263,51.14793335,12730493.0,665804913.32,1.1642,1,-0.975,0
2022-07-18,sh.600009,50.3559275,50.7470415,49.7105894,50.09192555,50.649263,10476252.0,536946957.69,0.9581,1,-1.1004,0
2022-07-19,sh.600009,50.258149,50.63948515,49.68125585,50.09192555,50.09192555,8982203.0,458881356.82,0.8214,1,0.0,0
2022-07-20,sh.600009,50.2777047,51.30437895,50.1603705,50.42437245,50.09192555,9022793.0,468234398.03,0.8251,1,0.6637,0
2022-07-21,sh.600009,50.34614965,50.649263,49.7888122,49.8474793,50.42437245,7457285.0,382221857.59,0.682,1,-1.1441,0
2022-07-22,sh.600009,49.867035,51.7639379,49.671478,51.18704475,49.8474793,14631907.0,765225682.75,1.3381,1,2.6873,0
2022-07-25,sh.600009,51.20660045,51.20660045,50.1408148,50.40481675,51.18704475,8013157.0,414405265.73,0.7328,1,-1.5282,0
2022-07-26,sh.600009,50.79593075,52.81016785,50.77637505,51.57815875,50.40481675,18044427.0,956127250.64,1.6502,1,2.3278,0
2022-07-27,sh.600009,51.10882195,52.73194505,51.05015485,51.94971705,51.57815875,11548970.0,614364475.47,1.0562,1,0.7204,0
2022-07-28,sh.600009,52.213719,53.2892825,52.04749555,52.2332747,51.94971705,13697014.0,738670889.22,1.2526,1,0.5458,0
2022-07-29,sh.600009,52.018162,52.018162,49.6910337,50.4341503,52.2332747,18983172.0,978880285.48,1.736,1,-3.4444,0
2022-08-01,sh.600009,50.44392815,55.0297398,50.44392815,53.582618,50.4341503,33459326.0,1829752992.35,3.0599,1,6.2427,0
2022-08-02,sh.600009,52.9568356,55.0492955,52.0377177,54.17906685,53.582618,31398118.0,1740430515.84,2.8714,1,1.1131,0
2022-08-03,sh.600009,54.17906685,55.41107595,53.6999522,54.3452903,54.17906685,24053685.0,1348220955.27,2.1997,1,0.3068,0
2022-08-04,sh.600009,54.6581815,55.9684134,53.7977307,55.6750779,54.3452903,23967216.0,1354445353.0,2.1918,1,2.4469,0
2022-08-05,sh.600009,56.17374825,56.3790831,54.560403,55.3621867,55.6750779,15048408.0,851038891.0,1.3762,1,-0.562,0
2022-08-08,sh.600009,54.08128835,56.4964173,53.7586193,55.7533007,55.3621867,14975045.0,853729079.0,1.3695,1,0.7065,0
2022-08-09,sh.600009,55.7141893,56.0075248,54.94173915,55.7141893,55.7533007,10829704.0,615640109.0,0.9904,1,-0.0702,0
2022-08-10,sh.600009,55.70441145,56.21285965,54.45284665,54.64840365,55.7141893,12353716.0,695430796.0,1.1298,1,-1.913,0
2022-08-11,sh.600009,54.7950714,55.8315235,53.8368421,55.4990766,54.64840365,10931916.0,613308795.0,0.9997,1,1.5566,0
2022-08-12,sh.600009,56.2226375,57.19064465,55.342631,56.71153,55.4990766,13576596.0,784068515.0,1.2416,1,2.1846,0
2022-08-15,sh.600009,56.3008603,56.3008603,55.3621867,55.50885445,56.71153,9774293.0,556607372.81,0.8939,1,-2.1207,0
2022-08-16,sh.600009,55.4404095,56.3790831,55.4208538,55.78263425,55.50885445,6857355.0,391717108.06,0.6271,1,0.4932,0
2022-08-17,sh.600009,55.78263425,57.689315,55.58707725,56.21285965,55.78263425,8547709.0,495457220.96,0.7817,1,0.7713,0
2022-08-18,sh.600009,55.88041275,56.2030818,54.49195805,55.4404095,56.21285965,12142822.0,685663703.92,1.1105,1,-1.3742,0
2022-08-19,sh.600009,55.4795209,55.6359665,55.01996195,55.1861854,55.4404095,6571884.0,371440117.87,0.601,1,-0.4586,0
2022-08-22,sh.600009,55.1079626,55.6359665,54.560403,54.8537385,55.1861854,13117329.0,737431135.85,1.1996,1,-0.6024,0
2022-08-23,sh.600009,54.78529355,55.74352285,53.80750855,54.7755157,54.8537385,9251916.0,515844125.45,0.8461,1,-0.1426,0
2022-08-24,sh.600009,54.96129485,55.70441145,54.49195805,54.9319613,54.7755157,7387277.0,416453118.31,0.6756,1,0.2856,0
2022-08-25,sh.600009,54.8146271,56.4964173,54.66795935,56.40841665,54.9319613,9647189.0,551278521.92,0.8822,1,2.6878,0
2022-08-26,sh.600009,56.6137515,58.79421205,56.3008603,56.48663945,56.40841665,17170904.0,1009247512.72,1.5703,1,0.1387,0
2022-08-29,sh.600009,56.0270805,56.60397365,54.96129485,55.7924121,56.48663945,9452025.0,538159143.74,0.8644,1,-1.229,0
2022-08-30,sh.600009,55.72396715,55.8315235,54.7168486,55.0688512,55.7924121,7166603.0,405223662.48,0.6554,1,-1.2969,0
2022-08-31,sh.600009,55.2448525,56.5941958,54.7364043,55.1666297,55.0688512,13009481.0,740505557.63,1.1897,1,0.1776,0
2022-09-01,sh.600009,55.0492955,55.2448525,53.3283939,53.55328445,55.1666297,12018189.0,665281904.44,1.0991,1,-2.9245,0
2022-09-02,sh.600009,53.6999522,54.25728965,53.12305905,53.8563978,53.55328445,5978139.0,327704007.42,0.5467,1,0.566,0
2022-09-05,sh.600009,53.69017435,54.10084405,52.9568356,53.86617565,53.8563978,5909135.0,324207318.28,0.5404,1,0.0182,0
2022-09-06,sh.600009,54.3061789,55.9879691,53.69017435,55.82174565,53.86617565,11216531.0,633799482.17,1.0258,1,3.6304,0
2022-09-07,sh.600009,55.82174565,56.8288642,55.43063165,55.733745,55.82174565,10420590.0,595744003.58,0.953,1,-0.1576,0
2022-09-08,sh.600009,56.2226375,57.87509415,55.86085705,57.4155352,55.733745,12235560.0,717280425.83,1.119,1,3.0175,0
2022-09-09,sh.600009,57.0048655,57.97287265,56.77997495,57.73820425,57.4155352,7765208.0,456954181.16,0.7101,1,0.562,0
2022-09-13,sh.600009,57.7870935,58.71598925,57.2786453,58.1195404,57.73820425,9411264.0,561080715.03,0.8607,1,0.6605,0
2022-09-14,sh.600009,56.71153,58.2173189,56.40841665,57.42531305,58.1195404,7194444.0,423103963.83,0.6579,1,-1.1945,0
2022-09-15,sh.600009,57.42531305,58.471543,56.66264075,57.09286615,57.42531305,7198691.0,421844294.15,0.6583,1,-0.5789,0
2022-09-16,sh.600009,57.05375475,57.7088707,56.1835261,56.52575085,57.09286615,7991722.0,464204867.08,0.7309,1,-0.9933,0
2022-09-19,sh.600009,56.25197105,59.5275508,55.89996845,58.93110195,56.52575085,20861063.0,1251554134.84,1.9078,1,4.2553,0
2022-09-20,sh.600009,59.00932475,59.3124381,58.3150974,59.0191026,58.93110195,8550339.0,514650210.37,0.7819,1,0.1493,0
2022-09-21,sh.600009,59.26354885,59.644885,58.42265375,58.57909935,59.0191026,9109387.0,549925456.89,0.8331,1,-0.7455,0
2022-09-22,sh.600009,58.01198405,58.6671,57.22975605,57.9435391,58.57909935,7434761.0,440428609.03,0.6799,1,-1.085,0
2022-09-23,sh.600009,58.0217619,59.14621465,57.493758,58.12931825,57.9435391,7880487.0,469462018.68,0.7207,1,0.3206,0
2022-09-26,sh.600009,57.9826505,60.3293345,57.9435391,58.52043225,58.12931825,12751731.0,773033184.51,1.1662,1,0.6728,0
2022-09-27,sh.600009,58.01198405,61.19956315,58.01198405,61.04311755,58.52043225,18419205.0,1133557934.57,1.6845,1,4.3108,0
2022-09-28,sh.600009,60.427113,61.6786778,59.18532605,59.53732865,61.04311755,13451829.0,825026218.89,1.2302,1,-2.4668,0
2022-09-29,sh.600009,59.5471065,59.6253293,57.3177567,57.93376125,59.53732865,15618746.0,927270907.43,1.4284,1,-2.6934,0
2022-09-30,sh.600009,57.79687135,57.8066492,55.342631,56.4964173,57.93376125,17128376.0,990612178.45,1.5664,1,-2.481,0
2022-10-10,sh.600009,55.8315235,58.01198405,55.6359665,56.2226375,56.4964173,9798718.0,569808812.94,0.8961,1,-0.4846,0
2022-10-11,sh.600009,56.6137515,56.7897528,53.778175,56.3986388,56.2226375,17080360.0,966330766.12,1.562,1,0.313,0
2022-10-12,sh.600009,55.2448525,55.4404095,52.8981685,54.364846,56.3986388,21718348.0,1198259703.78,1.9862,1,-3.6061,0
2022-10-13,sh.600009,53.88573135,55.70441145,53.69017435,54.96129485,54.364846,12452317.0,699414596.45,1.1388,1,1.0971,0
2022-10-14,sh.600009,54.78529355,56.07596975,53.90528705,54.560403,54.96129485,15646543.0,879626934.15,1.4309,1,-0.7294,0
2022-10-17,sh.600009,54.2670675,56.71153,54.1301776,56.66264075,54.560403,11225271.0,641991399.83,1.0266,1,3.853,0
2022-10-18,sh.600009,57.689315,59.4884394,55.6164108,55.88041275,56.66264075,13775904.0,799471473.39,1.2598,1,-1.3805,0
2022-10-19,sh.600009,56.03685835,56.79953065,55.05907335,55.41107595,55.88041275,7264846.0,415324959.03,0.6644,1,-0.8399,0
2022-10-20,sh.600009,54.96129485,57.6502036,54.364846,55.538188,55.41107595,14959644.0,855934443.04,1.3681,1,0.2294,0
2022-10-21,sh.600009,54.951517,56.7897528,53.86617565,56.0661919,55.538188,10899619.0,620985845.48,0.9968,1,0.9507,0
2022-10-24,sh.600009,55.84130135,56.515973,52.995947,53.39683885,56.0661919,15177509.0,844439464.52,1.388,1,-4.7611,0
2022-10-25,sh.600009,52.8981685,56.29108245,52.8981685,55.2644082,53.39683885,11563567.0,650435018.8,1.0575,1,3.4975,0
2022-10-26,sh.600009,55.3817424,57.298201,55.3817424,56.07596975,55.2644082,11769235.0,678039753.7,1.0763,1,1.4685,0
2022-10-27,sh.600009,56.2813046,56.95597625,55.342631,55.4990766,56.07596975,8922718.0,510815272.34,0.816,1,-1.0288,0
2022-10-28,sh.600009,55.50885445,56.3008603,54.560403,54.9906284,55.4990766,9113571.0,515958403.25,0.8334,1,-0.9161,0
2022-10-31,sh.600009,54.74618215,54.90262775,51.42171315,52.1941633,54.9906284,18275598.0,987215218.84,1.6713,1,-5.0853,0
2022-11-01,sh.600009,52.22349685,56.71153,50.9817099,56.71153,52.1941633,21670671.0,1209112430.29,1.9818,1,8.6549,0
2022-11-02,sh.600009,55.93907985,60.5640029,55.78263425,58.44220945,56.71153,37869897.0,2263656649.92,3.4633,1,3.0517,0
2022-11-03,sh.600009,57.56220295,58.12931825,56.5355287,57.26886745,58.44220945,15180325.0,889403590.42,1.3883,1,-2.0077,0
2022-11-04,sh.600009,57.28842315,60.8964498,57.2004225,59.253771,57.26886745,21353909.0,1295929600.49,1.9528,1,3.4659,0
2022-11-07,sh.600009,57.884872,58.77465635,57.3959795,58.2368746,59.253771,13073499.0,775512952.26,1.1956,1,-1.7162,0
2022-11-08,sh.600009,57.91420555,59.34177165,57.3568681,57.6502036,58.2368746,9314702.0,550897885.76,0.8518,1,-1.0074,0
2022-11-09,sh.600009,57.5915365,58.7648785,57.1613111,57.62087005,57.6502036,5975730.0,354559872.89,0.5465,1,-0.0509,0
2022-11-10,sh.600009,57.0830883,58.5693215,56.77997495,58.26620815,57.62087005,12895150.0,762517992.65,1.1793,1,1.12,0
2022-11-11,sh.600009,59.9577762,60.5640029,54.8341828,55.95863555,58.26620815,47728552.0,2779920926.85,4.3648,1,-3.9604,0
2022-11-14,sh.600009,55.733745,55.733745,52.2332747,52.6243887,55.95863555,43849601.0,2392605129.11,4.0101,1,-5.9584,0
2022-11-15,sh.600009,52.75150075,54.64840365,52.63416655,54.2866232,52.6243887,22609573.0,1242299446.66,2.0677,1,3.1587,0
2022-11-16,sh.600009,54.41373525,54.78529355,53.3088382,53.5043952,54.2866232,13662883.0,753176865.91,1.2495,1,-1.4409,0
2022-11-17,sh.600009,53.18172615,53.778175,52.81016785,53.47506165,53.5043952,11790370.0,643181871.14,1.0782,1,-0.0548,0
2022-11-18,sh.600009,53.2892825,53.63150725,52.16482975,52.5657216,53.47506165,15085900.0,813159555.31,1.3796,1,-1.7005,0
2022-11-21,sh.600009,51.79327145,51.8030493,50.5905959,51.0794884,52.5657216,16070682.0,839809732.47,1.4697,1,-2.8274,0
2022-11-22,sh.600009,51.040377,51.5097138,50.7274858,51.20660045,51.0794884,9515455.0,498003623.94,0.8702,1,0.2489,0
2022-11-23,sh.600009,50.87415355,51.18704475,50.0821477,50.9425985,51.20660045,13148388.0,679680542.8,1.2024,1,-0.5156,0
2022-11-24,sh.600009,50.1603705,51.0990441,50.1603705,50.28748255,50.9425985,9461006.0,488192487.46,0.8652,1,-1.286,0
2022-11-25,sh.600009,50.11148125,50.6101516,49.99414705,50.56126235,50.28748255,7134486.0,367890874.26,0.6525,1,0.5444,0
2022-11-28,sh.600009,49.95503565,52.63416655,49.3781425,52.213719,50.56126235,21108565.0,1110895250.62,1.9304,1,3.2682,0
2022-11-29,sh.600009,52.018162,54.5212916,51.627048,54.29640105,52.213719,30995048.0,1697726167.52,2.8345,1,3.9888,0
2022-11-30,sh.600009,54.02262125,54.2475118,52.45816525,54.2475118,54.29640105,15890812.0,870658038.17,1.4532,1,-0.09,0
2022-12-01,sh.600009,55.733745,56.2226375,52.7808343,53.04483625,54.2475118,27247008.0,1498947807.33,2.4918,1,-2.217,0
2022-12-02,sh.600009,52.8981685,53.14261475,52.04749555,52.51683235,53.04483625,17203071.0,922394089.45,1.5732,1,-0.9954,0
2022-12-05,sh.600009,53.6608408,55.09818475,53.00572485,54.0715105,52.51683235,26840258.0,1487321972.63,2.4546,1,2.9603,0
2022-12-06,sh.600009,53.59239585,55.78263425,53.582618,55.1666297,54.0715105,26558067.0,1495792188.23,2.4288,1,2.0253,0
2022-12-07,sh.600009,55.62618865,57.689315,55.17640755,55.88041275,55.1666297,36180205.0,2077152300.58,3.3087,1,1.2939,0
2022-12-08,sh.600009,56.31063815,57.0048655,55.733745,56.60397365,55.88041275,23658713.0,1364909782.23,2.1636,1,1.2948,0
2022-12-09,sh.600009,56.87775345,58.080429,56.1053033,56.9657541,56.60397365,16835806.0,979525806.89,1.5397,1,0.6391,0
2022-12-12,sh.600009,57.3764238,58.8431013,57.0439769,57.65998145,56.9657541,28278742.0,1681992259.82,2.5861,1,1.2187,0
2022-12-13,sh.600009,57.79687135,59.3124381,57.03419905,57.69909285,57.65998145,21114425.0,1254176299.86,1.9309,1,0.0678,0
2022-12-14,sh.600009,57.5915365,59.3124381,57.56220295,58.7648785,57.69909285,21056010.0,1265333754.48,1.9256,1,1.8471,0
2022-12-15,sh.600009,59.1559925,59.4884394,58.080429,58.38354235,58.7648785,17707632.0,1059918290.4,1.6194,1,-0.6489,0
2022-12-16,sh.600009,58.1782075,59.1559925,57.884872,59.058214,58.38354235,14293117.0,858259660.09,1.3071,1,1.1556,0
2022-12-19,sh.600009,59.04843615,59.77199705,58.01198405,58.862657,59.058214,14402799.0,867702535.07,1.3172,1,-0.3311,0
2022-12-20,sh.600009,58.5693215,58.6475443,56.4181945,56.60397365,58.862657,20513923.0,1196725035.88,1.876,1,-3.8372,0
2022-12-21,sh.600009,56.6919743,58.61821075,56.6919743,58.2173189,56.60397365,18939864.0,1123231632.18,1.7321,1,2.8502,0
2022-12-22,sh.600009,58.471543,58.7844342,57.73820425,58.1195404,58.2173189,10747646.0,641178587.28,0.9829,1,-0.168,0
2022-12-23,sh.600009,57.8653163,59.16577035,57.65998145,58.30531955,58.1195404,10408864.0,622103552.1,0.9519,1,0.3197,0
2022-12-26,sh.600009,58.2564303,59.7622192,57.689315,58.080429,58.30531955,15739943.0,943276659.06,1.4394,1,-0.3857,0
2022-12-27,sh.600009,59.058214,59.14621465,56.7897528,57.9826505,58.080429,18157182.0,1076693333.51,1.6605,1,-0.1684,0
2022-12-28,sh.600009,57.6697593,58.471543,56.68219645,56.8093085,57.9826505,16906344.0,991004856.51,1.5461,1,-2.0236,0
2022-12-29,sh.600009,56.8093085,56.99508765,55.7533007,56.13463685,56.8093085,13515878.0,775530076.48,1.236,1,-1.1876,0
2022-12-30,sh.600009,56.19330395,56.66264075,55.8315235,56.42797235,56.13463685,10167427.0,585486062.98,0.9298,1,0.5226,0
2023-01-03,sh.600009,56.2813046,56.2813046,54.80484925,55.00040625,56.42797235,22797633.0,1288989769.35,2.0849,1,-2.5299,0
2023-01-04,sh.600009,55.0297398,55.23507465,54.2670675,55.17640755,55.00040625,13860215.0,777752785.36,1.2675,1,0.32,0
2023-01-05,sh.600009,55.19596325,57.38620165,54.86351635,57.0439769,55.17640755,22588812.0,1308963830.4,2.0658,1,3.3847,0
2023-01-06,sh.600009,56.907087,56.97553195,55.1666297,55.733745,57.0439769,18506391.0,1055987618.78,1.6924,1,-2.2969,0
2023-01-09,sh.600009,55.8901906,57.3764238,55.72396715,57.22975605,55.733745,19230649.0,1115457986.06,1.7587,1,2.6842,0
2023-01-10,sh.600009,57.2199782,57.2199782,55.93907985,56.71153,57.22975605,13731673.0,793747863.47,1.2558,1,-0.9055,0
2023-01-11,sh.600009,56.6137515,56.6137515,55.4404095,55.8901906,56.71153,15597342.0,890557578.03,1.4264,1,-1.4483,0
2023-01-12,sh.600009,55.733745,56.515973,55.70441145,55.82174565,55.8901906,10781199.0,616570762.2,0.986,1,-0.1225,0
2023-01-13,sh.600009,56.0075248,56.99508765,55.8510792,56.71153,55.82174565,13745095.0,795092118.51,1.257,1,1.594,0
2023-01-16,sh.600009,59.644885,62.382683,59.59599575,61.600455,56.71153,65531404.0,4134658861.89,5.9929,1,8.6207,0
2023-01-17,sh.600009,61.78623415,62.2457931,59.69377425,61.49289865,61.600455,32977342.0,2055312467.69,3.0158,1,-0.1746,0
2023-01-18,sh.600009,61.49289865,62.4609058,61.013784,61.7764563,61.49289865,12051600.0,760935255.17,1.1021,1,0.4611,0
2023-01-19,sh.600009,61.991569,62.2653488,60.035999,60.45644655,61.7764563,19732052.0,1223017908.16,1.8045,1,-2.1368,0
2023-01-20,sh.600009,60.62267,61.57112145,60.37822375,60.61289215,60.45644655,9933152.0,616310646.46,0.9084,1,0.2588,0
2023-01-30,sh.600009,61.4635651,61.5613436,59.14621465,59.644885,60.61289215,21288301.0,1307068579.61,1.9468,1,-1.597,0
2023-01-31,sh.600009,59.83066415,60.02622115,59.00932475,59.1559925,59.644885,13917948.0,844744894.2,1.2728,1,-0.8197,0
2023-02-01,sh.600009,59.53732865,59.8599977,58.57909935,59.14621465,59.1559925,12862344.0,774974108.8,1.1763,1,-0.0165,0
2023-02-02,sh.600009,59.253771,59.85021985,58.85287915,59.16577035,59.14621465,16376777.0,993647626.71,1.4977,1,0.0331,0
2023-02-03,sh.600009,59.1755482,59.6644407,58.61821075,59.41999445,59.16577035,12083734.0,731703054.98,1.1051,1,0.4297,0
2023-02-06,sh.600009,59.3319938,60.06533255,58.7453228,59.644885,59.41999445,10978857.0,668217527.7,1.004,1,0.3785,0
2023-02-07,sh.600009,59.90888695,60.035999,58.862657,58.9799912,59.644885,9717720.0,589325042.95,0.8887,1,-1.1148,0
2023-02-08,sh.600009,59.253771,60.1142218,58.98976905,59.49821725,58.9799912,9451001.0,575548631.92,0.8643,1,0.8786,0
2023-02-09,sh.600009,59.49821725,60.0164433,58.8822127,59.253771,59.49821725,12085351.0,733918982.38,1.1052,1,-0.4108,0
2023-02-10,sh.600009,59.00932475,59.8599977,58.2955417,59.1559925,59.253771,11398732.0,686664088.0,1.0424,1,-0.165,0
2023-02-13,sh.600009,59.1559925,60.5444472,58.46176515,60.41733515,59.1559925,17624844.0,1081073109.74,1.6118,1,2.1322,0
2023-02-14,sh.600009,60.4857801,61.25823025,60.24133385,61.1506739,60.41733515,11756195.0,731117648.28,1.0751,1,1.2138,0
2023-02-15,sh.600009,61.29734165,61.35600875,60.04577685,60.4075573,61.1506739,7896363.0,488364131.21,0.7221,1,-1.2152,0
2023-02-16,sh.600009,60.427113,61.45378725,59.43955015,59.90888695,60.4075573,12393465.0,768536927.48,1.1334,1,-0.8255,0
2023-02-17,sh.600009,59.96755405,60.9551169,58.862657,58.91154625,59.90888695,10761655.0,656176943.94,0.9842,1,-1.6648,0
2023-02-20,sh.600009,59.59599575,60.4857801,59.20488175,60.20222245,58.91154625,10020219.0,615304599.85,0.9164,1,2.1909,0
2023-02-21,sh.600009,60.1337775,60.37822375,58.6671,59.06799185,60.20222245,13799181.0,834507704.74,1.262,1,-1.884,0
2023-02-22,sh.600009,58.67687785,59.16577035,58.3346531,58.471543,59.06799185,8695628.0,520447481.51,0.7952,1,-1.0098,0
2023-02-23,sh.600009,58.46176515,58.63776645,57.493758,57.7675378,58.471543,12256200.0,724107114.83,1.1208,1,-1.204,0
2023-02-24,sh.600009,57.7088707,57.85553845,57.102644,57.3568681,57.7675378,7556887.0,443703665.9,0.6911,1,-0.7109,0
2023-02-27,sh.600009,57.01464335,57.48398015,56.52575085,57.44486875,57.3568681,9681905.0,564249619.78,0.8854,1,0.1534,0
2023-02-28,sh.600009,57.54264725,57.73820425,56.8875313,57.3373124,57.44486875,6756531.0,396108720.95,0.6179,1,-0.1872,0
2023-03-01,sh.600009,57.3373124,57.87509415,57.2004225,57.5133137,57.3373124,6757999.0,397858003.28,0.618,1,0.307,0
2023-03-02,sh.600009,57.5719808,58.1586518,57.493758,57.5915365,57.5133137,7648934.0,452125066.06,0.3969,1,0.136,0
2023-03-03,sh.600009,57.6306479,58.32487525,57.5719808,58.1195404,57.5915365,8512428.0,504872340.09,0.4418,1,0.9168,0
2023-03-06,sh.600009,58.1195404,58.5888772,57.3764238,57.5915365,58.1195404,9726547.0,574411642.87,0.5048,1,-0.9085,0
2023-03-07,sh.600009,57.46442445,57.83598275,56.64308505,56.6724186,57.5915365,7627894.0,445869061.52,0.3959,1,-1.5959,0
2023-03-08,sh.600009,56.62352935,57.2004225,55.9097463,57.0439769,56.6724186,6347304.0,368058067.8,0.3294,1,0.6556,0
2023-03-09,sh.600009,56.99508765,57.3373124,56.4573059,56.76041925,57.0439769,7384593.0,428150999.27,0.3832,1,-0.4971,0
2023-03-10,sh.600009,56.0075248,56.8288642,55.39152025,55.62618865,56.76041925,10763780.0,613896092.33,0.5586,1,-1.9983,0
2023-03-13,sh.600009,55.58707725,56.5550844,55.45018735,56.46708375,55.62618865,8443658.0,484900956.65,0.4382,1,1.5117,0
2023-03-14,sh.600009,56.4573059,56.56486225,55.538188,56.05641405,56.46708375,7022214.0,402786765.44,0.3644,1,-0.7273,0
2023-03-15,sh.600009,56.34974955,57.28842315,55.76307855,55.88041275,56.05641405,8192377.0,472459915.87,0.4251,1,-0.314,0
2023-03-16,sh.600009,55.6359665,56.2421932,54.41373525,54.82440495,55.88041275,10833252.0,610024552.15,0.5622,1,-1.8898,0
2023-03-17,sh.600009,55.0101841,55.5968551,54.0519548,54.31595675,54.82440495,10447157.0,584195349.45,0.5422,1,-0.9274,0
2023-03-20,sh.600009,54.0715105,54.0715105,53.1132812,53.25994895,54.31595675,12182625.0,667208989.51,0.6322,1,-1.9442,0
2023-03-21,sh.600009,53.582618,55.03951765,53.3479496,54.8732942,53.25994895,11668210.0,647325959.33,0.6055,1,3.0292,0
2023-03-22,sh.600009,54.9319613,55.15685185,54.3061789,54.62884795,54.8732942,6624774.0,370230401.51,0.3438,1,-0.4455,0
2023-03-23,sh.600009,54.364846,54.45284665,53.59239585,54.2475118,54.62884795,10669091.0,587596474.14,0.5537,1,-0.698,0
2023-03-24,sh.600009,54.1497333,54.55062515,53.5043952,53.61195155,54.2475118,9622065.0,530166146.83,0.4993,1,-1.1716,0
2023-03-27,sh.600009,53.6412851,53.92484275,52.9372799,53.84661995,53.61195155,13354787.0,728489730.02,0.6931,1,0.4377,0
2023-03-28,sh.600009,53.9150649,54.15951115,52.84927925,52.98616915,53.84661995,10027483.0,545871255.78,0.5204,1,-1.598,0
2023-03-29,sh.600009,52.98616915,53.8955092,52.94705775,53.3283939,52.98616915,8221526.0,449758541.18,0.4267,1,0.6459,0
2023-03-30,sh.600009,53.39683885,55.0297398,53.39683885,54.951517,53.3283939,14075279.0,782683077.81,0.7304,1,3.0436,0
2023-03-31,sh.600009,54.951517,55.19596325,54.3844017,54.49195805,54.951517,9277891.0,518457693.15,0.4815,1,-0.8363,0
2023-04-03,sh.600009,54.560403,55.733745,54.21817825,55.21551895,54.49195805,12567006.0,707550197.13,0.6522,1,1.3278,0
2023-04-04,sh.600009,55.1666297,56.3595274,54.98085055,55.95863555,55.21551895,14122096.0,806424355.62,0.7329,1,1.3458,0
2023-04-06,sh.600009,55.9488577,56.1639704,55.4404095,55.733745,55.95863555,8320990.0,474282294.78,0.4318,1,-0.4019,0
2023-04-07,sh.600009,55.74352285,56.01730265,55.4012981,55.7924121,55.733745,6764800.0,386108950.53,0.3511,1,0.1053,0
2023-04-10,sh.600009,55.7924121,55.82174565,54.92218345,55.03951765,55.7924121,8002599.0,451345542.9,0.4153,1,-1.3495,0
2023-04-11,sh.600009,54.96129485,55.2839639,54.57018085,55.23507465,55.03951765,7388382.0,415844137.66,0.3834,1,0.3553,0
2023-04-12,sh.600009,55.15685185,55.2448525,54.2670675,54.4235131,55.23507465,8177330.0,455947690.8,0.4244,1,-1.4693,0
2023-04-13,sh.600009,54.2670675,54.6386258,53.84661995,54.5408473,54.4235131,7494016.0,414996372.25,0.3889,1,0.2156,0
2023-04-14,sh.600009,54.6777372,54.7168486,53.4457281,53.69017435,54.5408473,11720995.0,644408711.66,0.6083,1,-1.5597,0
2023-04-17,sh.600009,53.72928575,54.64840365,53.72928575,54.37462385,53.69017435,10799837.0,598799474.24,0.5605,1,1.2748,0
2023-04-18,sh.600009,54.53106945,54.55062515,53.47506165,54.06173265,54.37462385,8127049.0,448711303.22,0.4218,1,-0.5754,0
2023-04-19,sh.600009,54.3452903,54.3452903,53.49461735,54.06173265,54.06173265,10458775.0,576963315.8,0.5428,1,0.0,0
2023-04-20,sh.600009,54.12039975,54.45284665,53.37728315,53.6412851,54.06173265,9052975.0,497852744.67,0.4698,1,-0.7777,0
2023-04-21,sh.600009,53.65106295,53.6999522,52.45816525,52.53638805,53.6412851,10837638.0,586752473.69,0.5624,1,-2.0598,0
2023-04-24,sh.600009,52.5070545,52.5266102,50.8252643,51.32393465,52.53638805,13851444.0,728200520.2,0.7188,1,-2.3078,0
2023-04-25,sh.600009,51.38260175,52.00838415,49.87681285,51.03059915,51.32393465,11754327.0,609841747.33,0.61,1,-0.5715,0
2023-04-26,sh.600009,51.040377,51.89104995,51.040377,51.77371575,51.03059915,7633880.0,403123768.94,0.3962,1,1.4562,0
2023-04-27,sh.600009,51.91060565,52.3114975,51.2946011,51.7052708,51.77371575,6785079.0,358649582.84,0.3521,1,-0.1322,0
2023-04-28,sh.600009,51.822605,52.5070545,51.36304605,52.5070545,51.7052708,9641185.0,513025332.07,0.5003,1,1.5507,0
2023-05-04,sh.600009,52.5070545,52.5070545,50.4341503,50.7274858,52.5070545,13035963.0,681416024.85,0.6765,1,-3.3892,0
2023-05-05,sh.600009,50.84482,51.4706024,50.7274858,51.2946011,50.7274858,6446075.0,337413779.25,0.3345,1,1.118,0
2023-05-08,sh.600009,51.5683809,51.6466037,50.0430363,50.2777047,51.2946011,12224261.0,630139050.0,0.6344,1,-1.9825,0
2023-05-09,sh.600009,50.258149,50.95237635,50.05281415,50.17014835,50.2777047,9767073.0,504235036.22,0.5069,1,-0.2139,0
2023-05-10,sh.600009,50.1603705,50.258149,48.89902785,49.13369625,50.17014835,11649540.0,587020932.71,0.6046,1,-2.0659,0
2023-05-11,sh.600009,49.23147475,49.32925325,48.4590246,48.5959145,49.13369625,11071171.0,552905626.9,0.5745,1,-1.0945,0
2023-05-12,sh.600009,48.6545816,48.82080505,47.90168715,48.0287992,48.5959145,7467502.0,368883095.85,0.3875,1,-1.167,0
2023-05-15,sh.600009,48.03857705,48.8696943,47.5985738,48.8501386,48.0287992,7071852.0,349316938.5,0.367,1,1.7101,0
2023-05-16,sh.600009,48.84036075,49.0652513,48.5959145,48.82080505,48.8501386,5732928.0,286363945.6,0.2975,1,-0.06,0
2023-05-17,sh.600009,49.03591775,49.2216969,48.15591125,48.3808018,48.82080505,6362023.0,316803377.83,0.3302,1,-0.9013,0
2023-05-18,sh.600009,48.3808018,48.87947215,47.88213145,48.107022,48.3808018,6323693.0,312337022.89,0.3282,1,-0.5659,0
2023-05-19,sh.600009,48.0092435,48.58613665,47.8332422,48.27324545,48.107022,4118270.0,203219653.53,0.2137,1,0.3455,0
2023-05-22,sh.600009,48.31235685,49.48569885,48.01902135,49.17280765,48.27324545,8592258.0,430423913.89,0.4459,1,1.8635,0
2023-05-23,sh.600009,48.88925,49.13369625,47.78435295,47.8527979,49.17280765,10212763.0,503243953.15,0.53,1,-2.6844,0
2023-05-24,sh.600009,47.53012885,47.54968455,46.2296748,46.23945265,47.8527979,13617771.0,650967243.32,0.7067,1,-3.3715,0
2023-05-25,sh.600009,46.2296748,46.70878945,45.760338,46.31767545,46.23945265,7116543.0,336270853.88,0.3693,1,0.1692,0
2023-05-26,sh.600009,46.3665647,46.4447875,45.61367025,46.2296748,46.31767545,5175700.0,243903627.09,0.2686,1,-0.19,0
2023-05-29,sh.600009,46.2687862,46.53278815,45.90700575,46.06345135,46.2296748,5455987.0,257446234.66,0.2831,1,-0.3596,0
2023-05-30,sh.600009,46.06345135,46.2296748,44.83144225,45.6625595,46.06345135,12213511.0,565977879.72,0.6338,1,-0.8703,0
2023-05-31,sh.600009,45.49633605,45.94611715,44.7043302,45.564781,45.6625595,8920998.0,413078751.13,0.463,1,-0.2141,0
2023-06-01,sh.600009,45.41811325,45.41811325,44.04921425,44.1176592,45.564781,15642062.0,712139391.56,0.8117,1,-3.176,0
2023-06-02,sh.600009,44.1176592,45.1541113,44.1176592,44.96833215,44.1176592,10267928.0,469936113.93,0.5329,1,1.9282,0
2023-06-05,sh.600009,44.96833215,45.32033475,44.4305504,44.782553,44.96833215,6374909.0,292877223.79,0.3308,1,-0.4131,0
2023-06-06,sh.600009,44.8216644,45.02699925,43.8243237,44.18610415,44.782553,10474472.0,475916059.54,0.5436,1,-1.3319,0
2023-06-07,sh.600009,44.18610415,45.4670025,44.12743705,44.8216644,44.18610415,9062402.0,415794171.1,0.4703,1,1.4384,0
2023-06-08,sh.600009,44.9194429,45.75056015,44.83144225,45.59411455,44.8216644,10140785.0,470804657.17,0.5263,1,1.7234,0
2023-06-09,sh.600009,45.760338,45.9363393,45.41811325,45.92656145,45.59411455,10726219.0,501817529.42,0.5566,1,0.7291,0
2023-06-12,sh.600009,45.92656145,46.31767545,45.45722465,45.86789435,45.92656145,7101930.0,333426102.71,0.3686,1,-0.1277,0
2023-06-13,sh.600009,45.67233735,46.06345135,45.51589175,45.77011585,45.86789435,7329428.0,342350333.69,0.3804,1,-0.2132,0
2023-06-14,sh.600009,45.7798937,46.47412105,45.6625595,45.8972279,45.77011585,9306114.0,438118572.7,0.4829,1,0.2777,0
2023-06-15,sh.600009,45.955895,46.88479075,45.71144875,46.5621217,45.8972279,8844621.0,418864755.37,0.459,1,1.4487,0
2023-06-16,sh.600009,46.57189955,46.80656795,46.25900835,46.7185673,46.5621217,7720775.0,367878345.36,0.4007,1,0.336,0
2023-06-19,sh.600009,46.8750129,47.49101745,46.347009,46.76745655,46.7185673,9159127.0,438897628.75,0.4753,1,0.1046,0
2023-06-20,sh.600009,46.7772344,46.9141243,46.06345135,46.1710077,46.76745655,6369847.0,301871273.43,0.3306,1,-1.2754,0
2023-06-21,sh.600009,46.18078555,47.129237,46.16122985,46.23945265,46.1710077,8437629.0,401274365.44,0.4379,1,0.1482,0
2023-06-26,sh.600009,45.94611715,45.94611715,44.69455235,44.7238859,46.23945265,10972693.0,504976894.26,0.5694,1,-3.2776,0
2023-06-27,sh.600009,44.7238859,45.43766895,44.3523276,45.369224,44.7238859,6460635.0,298346549.8,0.3353,1,1.4429,0
2023-06-28,sh.600009,45.53544745,45.5452253,44.9976657,45.3301126,45.369224,6115740.0,283326892.5,0.3174,1,-0.0862,0
2023-06-29,sh.600009,45.369224,45.4474468,44.2936605,44.4109947,45.3301126,9069359.0,413203912.09,0.4707,1,-2.0276,0
2023-06-30,sh.600009,44.3718833,44.57721815,44.1567706,44.4109947,44.4109947,6826886.0,309920694.97,0.3543,1,0.0,0
2023-07-03,sh.600009,44.44032825,46.4838989,44.44032825,45.9950064,44.4109947,17526316.0,820930422.62,0.9095,1,3.5667,0
2023-07-04,sh.600009,45.8581165,46.63056665,45.75056015,46.2883419,45.9950064,10058410.0,475409932.69,0.522,1,0.6378,0
2023-07-05,sh.600009,46.2296748,46.4447875,45.80922725,45.8776722,46.2883419,5126800.0,241013056.3,0.2661,1,-0.8872,0
2023-07-06,sh.600009,45.8581165,46.4252318,45.14433345,45.2518898,45.8776722,8142685.0,379915331.19,0.4226,1,-1.364,0
2023-07-07,sh.600009,45.06611065,45.6038924,45.00744355,45.4670025,45.2518898,4823773.0,223858478.61,0.2503,1,0.4754,0
2023-07-10,sh.600009,45.8385608,46.39589825,45.5452253,46.0341178,45.4670025,8554440.0,402625912.71,0.4439,1,1.2473,0
2023-07-11,sh.600009,46.0341178,46.3665647,45.67233735,46.27856405,46.0341178,6882643.0,324584326.75,0.3572,1,0.531,0
2023-07-12,sh.600009,46.45456535,46.45456535,45.80922725,45.955895,46.27856405,5355308.0,251933410.18,0.2779,1,-0.6972,0
2023-07-13,sh.600009,46.14167415,46.2492305,45.7798937,45.8776722,45.955895,7156658.0,336409646.8,0.3714,1,-0.1702,0
2023-07-14,sh.600009,46.06345135,46.0927849,44.782553,44.8607758,45.8776722,15874061.0,730629090.33,0.8238,1,-2.2165,0
2023-07-17,sh.600009,44.87055365,45.22255625,44.5087732,44.9976657,44.8607758,6149005.0,282612521.1,0.3191,1,0.3051,0
2023-07-18,sh.600009,44.90966505,44.9585543,44.4892175,44.6065517,44.9976657,8570210.0,391655634.85,0.4448,1,-0.8692,0
2023-07-19,sh.600009,44.5674403,44.6065517,43.9025465,43.99054715,44.6065517,12458490.0,561982506.8,0.6465,1,-1.381,0
2023-07-20,sh.600009,43.9612136,44.391439,43.3158755,43.34520905,43.99054715,14331931.0,641496675.79,0.7438,1,-1.467,0
2023-07-21,sh.600009,43.34520905,44.36210545,43.30609765,43.56032175,43.34520905,11972451.0,535968395.12,0.6213,1,0.4963,0
2023-07-24,sh.600009,43.46254325,43.4918768,42.54342535,42.8074273,43.56032175,14585382.0,640984426.03,0.7569,1,-1.7284,0
2023-07-25,sh.600009,43.42343185,43.95143575,43.2376527,43.7656566,42.8074273,17621535.0,786631206.41,0.9145,1,2.2385,0
2023-07-26,sh.600009,43.804768,43.804768,42.7292045,43.0420957,43.7656566,15767953.0,694695004.79,0.8183,1,-1.6533,0
2023-07-27,sh.600009,43.14965205,43.79499015,42.83676085,43.42343185,43.0420957,14986701.0,664816955.54,0.7777,1,0.886,0
2023-07-28,sh.600009,43.2572084,45.43766895,43.0616514,45.4278911,43.42343185,29827690.0,1357565332.94,1.5479,1,4.6161,0
2023-07-31,sh.600009,45.955895,47.84302005,45.955895,46.347009,45.4278911,36159610.0,1723892395.95,1.8765,1,2.0232,0
2023-08-01,sh.600009,46.29811975,46.90434645,45.77011585,45.80922725,46.347009,17585158.0,831245660.84,0.9126,1,-1.1603,0
2023-08-02,sh.600009,45.6625595,46.6599002,45.32033475,46.0536735,45.80922725,13644742.0,643260979.25,0.7081,1,0.5336,0
2023-08-03,sh.600009,45.75056015,46.4252318,45.51589175,46.2296748,46.0536735,12503621.0,587778057.87,0.6489,1,0.3822,0
2023-08-04,sh.600009,46.65012235,46.90434645,45.8385608,45.88745005,46.2296748,11389552.0,538278400.64,0.5911,1,-0.7403,0
2023-08-07,sh.600009,45.80922725,45.80922725,45.26166765,45.3887797,45.88745005,8307483.0,386002607.27,0.4311,1,-1.0867,0
2023-08-08,sh.600009,45.41811325,45.5256696,44.8998872,45.1149999,45.3887797,7949210.0,367316527.17,0.4125,1,-0.6032,0
2023-08-09,sh.600009,44.9194429,45.4670025,44.8607758,45.16388915,45.1149999,6471139.0,299159512.91,0.3358,1,0.1084,0
2023-08-10,sh.600009,45.51589175,46.78701225,45.4278911,46.76745655,45.16388915,23339991.0,1106214056.48,1.2112,1,3.5506,0
2023-08-11,sh.600009,46.7967901,47.2856826,46.0536735,46.08300705,46.76745655,18099273.0,863060552.38,0.9393,1,-1.4635,0
2023-08-14,sh.600009,45.8972279,46.2296748,44.97811,45.55500315,46.08300705,12928305.0,602394068.4,0.6709,1,-1.1458,0
2023-08-15,sh.600009,45.9363393,46.33723115,44.6261074,45.10522205,45.55500315,12522292.0,580648690.21,0.6498,1,-0.9873,0
2023-08-16,sh.600009,45.10522205,45.51589175,44.79233085,44.90966505,45.10522205,6479346.0,299287372.4,0.3362,1,-0.4336,0
2023-08-17,sh.600009,44.87055365,45.173667,44.45988395,45.0758885,44.90966505,10030151.0,460413734.92,0.5205,1,0.3701,0
2023-08-18,sh.600009,45.0758885,45.53544745,44.0981035,44.1176592,45.0758885,13918137.0,637462975.47,0.7223,1,-2.1258,0
2023-08-21,sh.600009,44.0981035,44.0981035,39.70784885,40.33363125,44.1176592,80395108.0,3325142860.47,4.1721,1,-8.5771,0
2023-08-22,sh.600009,39.9522951,39.96207295,38.4269505,39.1896228,40.33363125,43158238.0,1720876436.89,2.2397,1,-2.8364,0
2023-08-23,sh.600009,39.0527329,39.1896228,38.14339285,38.18250425,39.1896228,19574910.0,774125436.14,1.0158,1,-2.5699,0
2023-08-24,sh.600009,38.2313935,38.71050815,37.92828015,38.39761695,38.18250425,15993525.0,627014337.23,0.83,1,0.5634,0
2023-08-25,sh.600009,38.1922821,38.7007303,37.85005735,38.2313935,38.39761695,11371493.0,445391083.72,0.5901,1,-0.4329,0
2023-08-28,sh.600009,40.284742,40.284742,37.6447225,37.8402795,38.2313935,21562726.0,853283564.76,1.119,1,-1.023,0
2023-08-29,sh.600009,37.8793909,38.9940658,37.8402795,38.8962873,37.8402795,15225932.0,601034618.32,0.7902,1,2.7907,0
2023-08-30,sh.600009,38.88650945,39.0918443,38.45628405,38.51495115,38.8962873,13305190.0,526059978.46,0.6905,1,-0.9804,0
2023-08-31,sh.600009,38.5638404,38.94517655,38.329172,38.35850555,38.51495115,11873199.0,468025358.78,0.6162,1,-0.4062,0
2023-09-01,sh.600009,38.4465062,38.8571759,38.3096163,38.61272965,38.35850555,8775742.0,346155528.43,0.4554,1,0.6628,0
2023-09-04,sh.600009,38.61272965,39.14073355,38.39761695,39.14073355,38.61272965,15314596.0,609532509.7,0.7948,1,1.3674,0
2023-09-05,sh.600009,38.9940658,39.0527329,38.65184105,38.76917525,39.14073355,10665456.0,423234538.68,0.5535,1,-0.9493,0
2023-09-06,sh.600009,38.6616189,38.7007303,38.33894985,38.55406255,38.76917525,8586506.0,338053563.01,0.4456,1,-0.5549,0
2023-09-07,sh.600009,38.55406255,38.63228535,38.0162808,38.0358365,38.55406255,10133179.0,395943962.31,0.5259,1,-1.3442,0
2023-09-08,sh.600009,37.92828015,38.4269505,37.7816124,38.3682834,38.0358365,8968228.0,349252664.38,0.4654,1,0.874,0
2023-09-11,sh.600009,38.4073948,38.6225075,38.133615,38.47583975,38.3682834,9659051.0,379744369.41,0.5013,1,0.2803,0
2023-09-12,sh.600009,38.51495115,38.5638404,38.24117135,38.29983845,38.47583975,7592499.0,297883767.64,0.394,1,-0.4574,0
2023-09-13,sh.600009,38.33894985,38.4073948,37.79139025,37.96739155,38.29983845,9877739.0,384110847.15,0.5126,1,-0.868,0
2023-09-14,sh.600009,37.8989466,38.133615,37.351387,37.4882769,37.96739155,12439385.0,478461225.46,0.6455,1,-1.2619,0
2023-09-15,sh.600009,37.5273883,37.8793909,37.15583,37.32205345,37.4882769,12085617.0,463324811.82,0.6272,1,-0.4434,0
2023-09-18,sh.600009,37.2731642,37.96739155,37.20471925,37.6056111,37.32205345,9315165.0,358265935.8,0.4834,1,0.7598,0
2023-09-19,sh.600009,37.6642782,37.83050165,37.0776072,37.3318313,37.6056111,8709752.0,332431320.67,0.452,1,-0.728,0
2023-09-20,sh.600009,37.18516355,37.2340528,36.93093945,36.97005085,37.3318313,7554743.0,286451637.61,0.3921,1,-0.9691,0
2023-09-21,sh.600009,36.9407173,37.14605215,36.67671535,36.8038274,36.97005085,7537524.0,284421735.55,0.3912,1,-0.4496,0
2023-09-22,sh.600009,36.6864932,37.34160915,36.6082704,37.3122756,36.8038274,8368860.0,316681367.92,0.4343,1,1.3815,0
2023-09-25,sh.600009,37.3318313,37.40027625,36.9407173,36.9993844,37.3122756,6641717.0,252128562.43,0.3447,1,-0.8386,0
2023-09-26,sh.600009,37.00916225,37.22427495,36.50071405,36.5104919,36.9993844,9264900.0,347298078.62,0.4808,1,-1.3214,0
2023-09-27,sh.600009,36.50071405,37.4491655,36.50071405,36.7842717,36.5104919,9791879.0,370376466.73,0.5082,1,0.7499,0
2023-09-28,sh.600009,36.8233831,37.1362743,36.4713805,37.04827365,36.7842717,8451965.0,318421415.88,0.4386,1,0.7177,0
2023-10-09,sh.600009,37.0384958,37.0384958,36.18782285,36.24648995,37.04827365,9753725.0,362447046.01,0.5062,1,-2.1642,0
2023-10-10,sh.600009,36.3149349,36.8233831,36.28560135,36.28560135,36.24648995,7928876.0,295871081.16,0.4115,1,0.1079,0
2023-10-11,sh.600009,36.42249125,36.569159,36.09004435,36.0998222,36.28560135,8497078.0,315036123.55,0.441,1,-0.512,0
2023-10-12,sh.600009,36.3149349,36.7060489,36.2171564,36.50071405,36.0998222,7373655.0,274826649.02,0.3827,1,1.1105,0
2023-10-13,sh.600009,36.34426845,36.34426845,35.83582025,35.85537595,36.50071405,9199812.0,338686163.68,0.4774,1,-1.768,0
2023-10-16,sh.600009,35.85537595,35.95315445,35.3175942,35.4349284,35.85537595,7829405.0,284161635.56,0.4063,1,-1.1726,0
2023-10-17,sh.600009,35.4935955,35.6109297,35.2784828,35.52292905,35.4349284,5563241.0,201574670.54,0.2887,1,0.2483,0
2023-10-18,sh.600009,35.395817,35.395817,34.809146,34.83847955,35.52292905,8107774.0,290763258.84,0.4208,1,-1.9268,0
2023-10-19,sh.600009,34.6722561,34.99492515,34.34958705,34.3789206,34.83847955,8927761.0,315708189.65,0.4633,1,-1.3191,0
2023-10-20,sh.600009,34.25180855,34.50603265,34.026918,34.1442522,34.3789206,7791861.0,272693528.46,0.4044,1,-0.6826,0
2023-10-23,sh.600009,34.1442522,34.2615864,33.5966926,33.8118053,34.1442522,8276110.0,286405540.93,0.4295,1,-0.9737,0
2023-10-24,sh.600009,33.8118053,34.4766991,33.6553597,34.46692125,33.8118053,8053312.0,280925472.98,0.4179,1,1.9375,0
2023-10-25,sh.600009,34.7504789,35.54248475,34.7113675,34.8873688,34.46692125,10314818.0,369795224.44,0.5353,1,1.2199,0
2023-10-26,sh.600009,34.7113675,35.20026,34.58425545,35.1024815,34.8873688,6345418.0,226695448.87,0.3293,1,0.6166,0
2023-10-27,sh.600009,35.1024815,35.89448735,34.91670235,35.83582025,35.1024815,10910193.0,396691465.48,0.5662,1,2.0891,0
2023-10-30,sh.600009,36.07048865,36.73538245,36.0215994,36.59849255,35.83582025,14153316.0,526845767.15,0.7345,1,2.1282,0
2023-10-31,sh.600009,36.38337985,36.5300476,36.0215994,36.38337985,36.59849255,8215357.0,304402541.47,0.4263,1,-0.5878,0
2023-11-01,sh.600009,36.18782285,36.5496033,36.0802665,36.26604565,36.38337985,5680653.0,210726455.56,0.2948,1,-0.3225,0
2023-11-02,sh.600009,36.38337985,36.569159,35.89448735,35.9042652,36.26604565,5381495.0,198880817.1,0.2793,1,-0.9976,0
2023-11-03,sh.600009,35.9042652,36.569159,35.9042652,36.44204695,35.9042652,7882262.0,293286829.01,0.4091,1,1.4978,0
2023-11-06,sh.600009,36.52026975,36.9211616,36.40293555,36.8429388,36.44204695,8291168.0,311144795.34,0.4303,1,1.1001,0
2023-11-07,sh.600009,36.6669375,36.7842717,36.36382415,36.5887147,36.8429388,5800291.0,216580694.39,0.301,1,-0.69,0
2023-11-08,sh.600009,36.52026975,36.75493815,36.2953792,36.4322691,36.5887147,5342472.0,199606377.43,0.2772,1,-0.4276,0
2023-11-09,sh.600009,36.4322691,36.764716,36.18782285,36.38337985,36.4322691,5514600.0,205814203.0,0.2862,1,-0.1342,0
2023-11-10,sh.600009,36.28560135,36.3344906,35.95315445,36.26604565,36.38337985,5830354.0,215354935.03,0.3026,1,-0.3225,0
2023-11-13,sh.600009,36.4518248,36.69627105,36.18782285,36.36382415,36.26604565,5420050.0,201715572.39,0.2813,1,0.2696,0
2023-11-14,sh.600009,36.3540463,36.5496033,36.28560135,36.42249125,36.36382415,4404910.0,164027553.09,0.2286,1,0.1613,0
2023-11-15,sh.600009,36.79404955,36.87227235,36.3931577,36.5300476,36.42249125,6337479.0,237202800.66,0.3289,1,0.2953,0
2023-11-16,sh.600009,36.52026975,36.52026975,35.99226585,36.1976007,36.5300476,7068993.0,261551569.03,0.3668,1,-0.9101,0
2023-11-17,sh.600009,36.1976007,36.7060489,36.09004435,36.16826715,36.1976007,10291370.0,382885853.83,0.5341,1,-0.081,0
2023-11-20,sh.600009,36.22693425,36.91138375,36.01182155,36.63760395,36.16826715,12820757.0,479728264.25,0.6653,1,1.2976,0
2023-11-21,sh.600009,36.764716,37.15583,36.6669375,36.79404955,36.63760395,9431897.0,356225865.6,0.4895,1,0.427,0
2023-11-22,sh.600009,36.71582675,36.7451603,36.24648995,36.24648995,36.79404955,6396419.0,238546434.54,0.3319,1,-1.4882,0
2023-11-23,sh.600009,36.18782285,36.3540463,36.0411551,36.30515705,36.24648995,5004788.0,185258660.32,0.2597,1,0.1619,0
2023-11-24,sh.600009,36.3149349,36.3149349,35.81626455,35.89448735,36.30515705,5590081.0,205803478.5,0.2901,1,-1.1312,0
2023-11-27,sh.600009,36.07048865,36.14871145,35.30781635,35.71848605,35.89448735,6955646.0,253130153.55,0.361,1,-0.4903,0
2023-11-28,sh.600009,35.7087082,35.89448735,35.40559485,35.81626455,35.71848605,4665594.0,170274797.93,0.2421,1,0.2737,0
2023-11-29,sh.600009,35.786931,35.8651538,35.1220372,35.2589271,35.81626455,6086758.0,220497688.02,0.3159,1,-1.5561,0
2023-11-30,sh.600009,35.20026,35.4544841,35.05359225,35.0829258,35.2589271,6432701.0,231828269.8,0.3338,1,-0.4992,0
2023-12-01,sh.600009,34.99492515,35.32737205,34.50603265,35.1611486,35.0829258,7738777.0,276251704.56,0.4016,1,0.223,0
2023-12-04,sh.600009,35.17092645,35.40559485,34.8873688,35.0242587,35.1611486,5212746.0,187464123.21,0.2705,1,-0.3893,0
2023-12-05,sh.600009,34.9851473,34.9851473,33.9486952,33.97802875,35.0242587,10986802.0,386292669.22,0.5702,1,-2.9872,0
2023-12-06,sh.600009,34.0073623,34.15403005,33.7335825,33.7531382,33.97802875,10277826.0,356371919.06,0.5334,1,-0.6619,0
2023-12-07,sh.600009,33.6553597,33.7335825,33.05891085,33.23491215,33.7531382,9838993.0,334643499.55,0.5106,1,-1.5353,0
2023-12-08,sh.600009,33.24469,33.9291395,33.24469,33.7335825,33.23491215,10462390.0,360504280.01,0.5429,1,1.5004,0
2023-12-11,sh.600009,33.635804,33.72380465,32.9513545,33.635804,33.7335825,10444530.0,354991516.16,0.542,1,-0.2899,0
2023-12-12,sh.600009,33.48913625,33.72380465,33.3033571,33.3424685,33.635804,7428108.0,254128244.68,0.3855,1,-0.8721,0
2023-12-13,sh.600009,33.19580075,33.23491215,32.3451278,32.3451278,33.3424685,13564289.0,452943334.43,0.7039,1,-2.9912,0
2023-12-14,sh.600009,32.5602405,33.0100216,32.00290305,32.0126809,32.3451278,8836445.0,292594591.29,0.4586,1,-1.0278,0
2023-12-15,sh.600009,32.10068155,32.55046265,32.02245875,32.15934865,32.0126809,6925909.0,228358034.43,0.3594,1,0.4582,0
2023-12-18,sh.600009,32.071348,32.071348,31.3086757,31.39667635,32.15934865,10363318.0,334269400.62,0.5378,1,-2.3715,0
2023-12-19,sh.600009,31.29889785,31.7389011,31.2304529,31.49445485,31.39667635,6067012.0,195248120.71,0.3148,1,0.3114,0
2023-12-20,sh.600009,31.5824555,31.680234,31.0153402,31.0153402,31.49445485,6162232.0,196883090.69,0.3198,1,-1.5213,0
2023-12-21,sh.600009,30.898006,31.55312195,30.71222685,31.39667635,31.0153402,7923192.0,252797548.57,0.4112,1,1.2295,0
2023-12-22,sh.600009,31.33800925,32.0322366,31.1131187,31.57267765,31.39667635,8685200.0,280164291.68,0.4507,1,0.5606,0
2023-12-25,sh.600009,31.65090045,31.8953467,31.45534345,31.76823465,31.57267765,5488820.0,177889456.06,0.2848,1,0.6194,0
2023-12-26,sh.600009,31.7584568,31.76823465,31.29889785,31.35756495,31.76823465,3906331.0,125611111.08,0.2027,1,-1.2927,0
2023-12-27,sh.600009,31.6411226,31.6411226,30.59489265,30.7415604,31.35756495,10770971.0,340696765.32,0.559,1,-1.9645,0
2023-12-28,sh.600009,30.6046705,32.25712715,30.45800275,32.12023725,30.7415604,16358860.0,529935786.53,0.8489,1,4.4847,0
2023-12-29,sh.600009,32.00290305,32.2864607,31.72912325,32.0517923,32.12023725,8593413.0,281199944.23,0.446,1,-0.2131,0
2024-01-02,sh.600009,32.2082379,32.25712715,31.39667635,31.4651213,32.0517923,7846064.0,253541002.21,0.4072,1,-1.8304,0
2024-01-03,sh.600009,31.5628998,31.6215669,31.1913415,31.43578775,31.4651213,5984059.0,192097417.71,0.3105,1,-0.0932,0
2024-01-04,sh.600009,31.3868985,31.4064542,30.8002275,30.96645095,31.43578775,6490787.0,205648827.97,0.3368,1,-1.493,0
2024-01-05,sh.600009,30.9175617,31.33800925,30.67311545,30.75133825,30.96645095,7167529.0,227099220.14,0.372,1,-0.6947,0
2024-01-08,sh.600009,30.75133825,30.8393389,30.0571109,30.20377865,30.75133825,7958232.0,246583953.84,0.413,1,-1.7806,0
2024-01-09,sh.600009,30.26244575,31.14245225,30.12555585,30.73178255,30.20377865,9092060.0,285003363.25,0.4718,1,1.7481,0
2024-01-10,sh.600009,30.55578125,31.093563,30.20377865,30.75133825,30.73178255,6195534.0,194643530.3,0.3215,1,0.0636,0
2024-01-11,sh.600009,30.63400405,31.0544516,30.61444835,30.96645095,30.75133825,7295222.0,230395878.99,0.3786,1,0.6995,0
2024-01-12,sh.600009,30.96645095,31.4260099,30.702449,31.04467375,30.96645095,8169630.0,259989631.2,0.424,1,0.2526,0
2024-01-15,sh.600009,31.0153402,32.23757145,30.86867245,31.9735695,31.04467375,14320904.0,465730334.25,0.7432,1,2.9921,0
2024-01-16,sh.600009,31.875791,32.7362418,31.70956755,32.5211291,31.9735695,16493987.0,546732853.01,0.856,1,1.7125,0
2024-01-17,sh.600009,32.51135125,32.5211291,31.69001185,31.7193454,32.5211291,10801287.0,353326015.87,0.5605,1,-2.4654,0
2024-01-18,sh.600009,31.53356625,32.5211291,31.2108972,32.5211291,31.7193454,14119735.0,459798568.35,0.7327,1,2.5277,0
2024-01-19,sh.600009,32.4429063,32.84379815,32.21801575,32.6971304,32.5211291,11806171.0,393747682.77,0.6127,1,0.5412,0
2024-01-22,sh.600009,32.64824115,32.9513545,31.96379165,32.1691265,32.6971304,14346898.0,477372552.34,0.7445,1,-1.6148,0
2024-01-23,sh.600009,32.15934865,32.31579425,31.680234,32.04201445,32.1691265,9028123.0,295530583.11,0.4685,1,-0.3951,0
2024-01-24,sh.600009,32.15934865,32.90246525,31.6606783,32.7753532,32.04201445,12540388.0,414944301.19,0.6508,1,2.2887,0
2024-01-25,sh.600009,32.853576,33.50869195,32.47223985,33.440247,32.7753532,17914291.0,604471779.8,0.9297,1,2.0286,0
2024-01-26,sh.600009,33.46958055,33.89980595,33.17624505,33.5771369,33.440247,16149712.0,553180278.78,0.8381,1,0.4094,0
2024-01-29,sh.600009,33.82158315,34.809146,33.6749154,34.3984763,33.5771369,23370929.0,822720907.28,1.2128,1,2.4461,0
2024-01-30,sh.600009,33.9682509,34.1833636,33.0295773,33.1664672,34.3984763,15187457.0,520988767.73,0.7882,1,-3.5816,0
2024-01-31,sh.600009,32.853576,33.1078001,32.3451278,32.3646835,33.1664672,12372710.0,412584825.06,0.6421,1,-2.4175,0
2024-02-01,sh.600009,32.266905,32.9513545,32.266905,32.5993519,32.3646835,9226187.0,307144748.98,0.4788,1,0.7251,0
2024-02-02,sh.600009,32.5993519,32.853576,31.28912,32.3451278,32.5993519,12472930.0,411770087.36,0.6473,1,-0.7798,0
2024-02-05,sh.600009,32.071348,32.31579425,31.0740073,32.00290305,32.3451278,14089505.0,458214881.37,0.7312,1,-1.058,0
2024-02-06,sh.600009,32.00290305,33.5771369,31.61178905,33.50869195,32.00290305,14544225.0,487836133.55,0.7548,1,4.7052,0
2024-02-07,sh.600009,33.50869195,34.0464737,33.0295773,33.88025025,33.50869195,15041264.0,517805978.38,0.7806,1,1.1088,0
2024-02-08,sh.600009,34.03669585,34.7895903,34.01714015,34.5158105,33.88025025,18127285.0,637533167.82,0.9407,1,1.8759,0
2024-02-19,sh.600009,35.20026,35.28826065,34.222475,34.4766991,34.5158105,13671480.0,483378510.95,0.7095,1,-0.1133,0
2024-02-20,sh.600009,34.46692125,34.46692125,33.99758445,34.25180855,34.4766991,8489941.0,296812725.84,0.4406,1,-0.6523,0
2024-02-21,sh.600009,34.0660294,35.2784828,33.9486952,34.7504789,34.25180855,15610196.0,555012706.49,0.8101,1,1.4559,0
2024-02-22,sh.600009,34.7504789,34.9851473,34.3984763,34.66247825,34.7504789,9758383.0,345243575.13,0.5064,1,-0.2532,0
2024-02-23,sh.600009,34.6527004,34.6527004,34.2811421,34.5158105,34.66247825,8227898.0,290036125.6,0.427,1,-0.4231,0
2024-02-26,sh.600009,34.3398092,34.4962548,33.9291395,34.07580725,34.5158105,12398553.0,433244188.9,0.6434,1,-1.2748,0
2024-02-27,sh.600009,34.07580725,34.3984763,33.93891735,34.222475,34.07580725,9794532.0,341624017.67,0.5083,1,0.4304,0
2024-02-28,sh.600009,34.27136425,34.87759095,34.03669585,34.0855851,34.222475,15219438.0,535622862.12,0.7898,1,-0.4,0
2024-02-29,sh.600009,34.026918,34.3984763,33.86069455,34.3984763,34.0855851,13314578.0,465337720.51,0.691,1,0.918,0
2024-03-01,sh.600009,34.3984763,34.418032,33.97802875,34.15403005,34.3984763,12922699.0,450791235.9,0.6706,1,-0.7106,0
2024-03-04,sh.600009,34.21269715,35.09270365,34.21269715,34.8873688,34.15403005,18542443.0,656808822.11,0.9623,1,2.1472,0
2024-03-05,sh.600009,34.7113675,34.74070105,34.2811421,34.5940333,34.8873688,13136831.0,463447373.85,0.6817,1,-0.8408,0
2024-03-06,sh.600009,34.56469975,34.7895903,34.44736555,34.5353662,34.5940333,8182694.0,289611008.79,0.4246,1,-0.1696,0
2024-03-07,sh.600009,34.42780985,34.5940333,33.97802875,34.1442522,34.5353662,10949869.0,383032129.71,0.5682,1,-1.1325,0
2024-03-08,sh.600009,34.07580725,34.2029193,33.91936165,34.0855851,34.1442522,8305368.0,289119100.64,0.431,1,-0.1718,0
2024-03-11,sh.600009,34.0855851,34.31047565,33.9486952,34.3006978,34.0855851,8069392.0,282143894.64,0.4188,1,0.6311,0
2024-03-12,sh.600009,34.3006978,35.2784828,34.15403005,35.24914925,34.3006978,22242095.0,794357114.22,1.1543,1,2.7651,0
2024-03-13,sh.600009,35.1024815,35.48381765,34.9851473,35.2198157,35.24914925,10949138.0,394282852.86,0.5682,1,-0.0832,0
2024-03-14,sh.600009,35.36648345,36.63760395,35.2980385,36.2758235,35.2198157,25709959.0,952217995.33,1.3342,1,2.9983,0
2024-03-15,sh.600009,36.36382415,36.6669375,36.0802665,36.3344906,36.2758235,14401626.0,535312061.09,0.7474,1,0.1617,0
2024-03-18,sh.600009,36.24648995,37.00916225,35.982488,36.81360525,36.3344906,13322677.0,500518671.06,0.6914,1,1.3186,0
2024-03-19,sh.600009,36.81360525,36.81360525,36.2758235,36.2953792,36.81360525,10050860.0,374655660.88,0.5216,1,-1.4077,0
2024-03-20,sh.600009,36.32471275,36.42249125,36.05093295,36.05093295,36.2953792,7873624.0,291375651.47,0.4086,1,-0.6735,0
2024-03-21,sh.600009,36.0802665,36.2758235,35.62070755,35.69893035,36.05093295,10457049.0,383647826.55,0.5427,1,-0.9764,0
2024-03-22,sh.600009,35.85537595,35.93359875,35.40559485,35.591374,35.69893035,10371557.0,378405137.42,0.5382,1,-0.3013,0
2024-03-25,sh.600009,35.4740398,36.0607108,35.28826065,35.6500411,35.591374,7974726.0,291277955.01,0.4139,1,0.1648,0
2024-03-26,sh.600009,35.6500411,35.8455981,34.87759095,35.11225935,35.6500411,11279471.0,405804433.73,0.5854,1,-1.5085,0
2024-03-27,sh.600009,35.1024815,35.1415929,34.23225285,34.23225285,35.11225935,11717048.0,414955038.8,0.6081,1,-2.5063,0
2024-03-28,sh.600009,34.13447435,35.09270365,34.1246965,34.8678131,34.23225285,10382393.0,369568082.35,0.5388,1,1.8566,0
2024-03-29,sh.600009,34.74070105,35.58159615,34.5549219,35.4544841,34.8678131,10292564.0,369511301.09,0.5341,1,1.6826,0
2024-04-01,sh.600009,35.67937465,35.9629323,35.32737205,35.83582025,35.4544841,9210876.0,336245056.93,0.478,1,1.0756,0
2024-04-02,sh.600009,35.8455981,36.32471275,35.6891525,35.9238209,35.83582025,11015883.0,405599201.92,0.5717,1,0.2456,0
2024-04-03,sh.600009,36.05093295,36.32471275,35.87493165,35.91404305,35.9238209,8564831.0,315760299.05,0.4445,1,-0.0272,0
2024-04-08,sh.600009,35.8455981,35.9238209,35.2980385,35.4153727,35.91404305,9859077.0,359212019.47,0.5116,1,-1.3885,0
2024-04-09,sh.600009,35.40559485,36.14871145,35.1024815,35.20026,35.4153727,10935917.0,397826885.13,0.5675,1,-0.6074,0
2024-04-10,sh.600009,35.05359225,35.5131512,34.8287017,35.13181505,35.20026,7574505.0,272404507.25,0.3931,1,-0.1944,0
2024-04-11,sh.600009,35.13181505,35.28826065,34.87759095,35.1611486,35.13181505,6038731.0,216964172.16,0.3134,1,0.0835,0
2024-04-12,sh.600009,35.21003785,35.38603915,34.6331447,34.66247825,35.1611486,8581253.0,306600699.63,0.4453,1,-1.4182,0
2024-04-15,sh.600009,34.76025675,35.81626455,34.66247825,35.75759745,34.66247825,12815953.0,464126935.63,0.6651,1,3.1594,0
2024-04-16,sh.600009,35.85537595,36.1976007,35.5522626,35.60115185,35.75759745,13825664.0,507703514.69,0.7175,1,-0.4375,0
2024-04-17,sh.600009,35.44470625,36.03137725,35.1807043,36.01182155,35.60115185,9478493.0,346438670.39,0.4919,1,1.1535,0
2024-04-18,sh.600009,35.85537595,36.42249125,35.8455981,35.9629323,36.01182155,11396340.0,421215390.41,0.5914,1,-0.1358,0
2024-04-19,sh.600009,35.8455981,35.8455981,35.30781635,35.4935955,35.9629323,9591155.0,348449103.03,0.4977,1,-1.3051,0
2024-04-22,sh.600009,35.4935955,36.03137725,35.44470625,35.9629323,35.4935955,8515474.0,311907225.26,0.4419,1,1.3223,0
2024-04-23,sh.600009,35.9629323,36.0215994,35.4935955,35.64026325,35.9629323,9099833.0,331827482.7,0.4722,1,-0.8972,0
2024-04-24,sh.600009,35.6500411,35.85537595,35.34692775,35.6695968,35.64026325,7441939.0,270933229.23,0.3862,1,0.0823,0
2024-04-25,sh.600009,35.6695968,36.373602,35.591374,36.16826715,35.6695968,12111093.0,446768868.82,0.6285,1,1.398,0
2024-04-26,sh.600009,36.16826715,36.6669375,36.01182155,36.6669375,36.16826715,14325481.0,532993720.86,0.7434,1,1.3788,0
2024-04-29,sh.600009,36.6864932,36.8038274,36.2171564,36.79404955,36.6669375,18210281.0,681316406.05,0.945,1,0.3467,0
2024-04-30,sh.600009,36.0607108,36.89182805,35.38603915,36.8038274,36.79404955,22996153.0,849199493.28,1.1934,1,0.0266,0
2024-05-06,sh.600009,37.00916225,37.0189401,36.52026975,36.6278261,36.8038274,17385217.0,652966831.64,0.9022,1,-0.4782,0
2024-05-07,sh.600009,36.7256046,36.7256046,36.1389336,36.4713805,36.6278261,11908968.0,442416336.12,0.618,1,-0.4271,0
2024-05-08,sh.600009,36.38337985,36.5496033,36.2367121,36.34426845,36.4713805,6004002.0,223147211.94,0.3116,1,-0.3485,0
2024-05-09,sh.600009,36.32471275,36.52026975,36.2758235,36.36382415,36.34426845,7717820.0,287216275.0,0.4005,1,0.0538,0
2024-05-10,sh.600009,36.3931577,36.44204695,35.99226585,36.16826715,36.36382415,8423722.0,311692308.93,0.4372,1,-0.5378,0
2024-05-13,sh.600009,36.0020437,36.3149349,35.69893035,36.1193779,36.16826715,7304876.0,269538687.55,0.3791,1,-0.1352,0
2024-05-14,sh.600009,36.0411551,36.24648995,35.9238209,36.0215994,36.1193779,5755581.0,212267462.73,0.2987,1,-0.2707,0
2024-05-15,sh.600009,35.89448735,35.91404305,35.48381765,35.4935955,36.0215994,10193853.0,371538852.4,0.529,1,-1.4658,0
2024-05-16,sh.600009,35.5131512,35.56204045,34.89714665,34.95581375,35.4935955,13273985.0,476674493.9,0.6889,1,-1.5152,0
2024-05-17,sh.600009,34.85803525,35.591374,34.79936815,35.58159615,34.95581375,10708436.0,386081765.65,0.5557,1,1.7902,0
2024-05-20,sh.600009,35.64026325,36.1389336,35.5131512,35.982488,35.58159615,11277349.0,414156824.74,0.5852,1,1.1267,0
2024-05-21,sh.600009,35.95315445,35.9629323,35.3371499,35.4349284,35.982488,9006678.0,327630241.94,0.4674,1,-1.5217,0
2024-05-22,sh.600009,35.4740398,35.71848605,35.3567056,35.6304854,35.4349284,5365273.0,195128338.47,0.2784,1,0.5519,0
2024-05-23,sh.600009,35.5522626,35.5522626,34.91670235,34.99492515,35.6304854,8272001.0,297200546.86,0.4293,1,-1.7838,0
2024-05-24,sh.600009,34.9069245,35.2198157,34.8482574,34.93625805,34.99492515,6380233.0,228380809.09,0.3311,1,-0.1676,0
2024-05-27,sh.600009,34.9655916,35.05359225,34.7700346,34.9851473,34.93625805,4562464.0,162864838.26,0.2368,1,0.1399,0
2024-05-28,sh.600009,34.9655916,34.9851473,34.31047565,34.3984763,34.9851473,8105999.0,286306997.3,0.4207,1,-1.6769,0
2024-05-29,sh.600009,34.418032,34.62336685,34.21269715,34.44736555,34.3984763,5141214.0,180787723.22,0.2668,1,0.1421,0
2024-05-30,sh.600009,34.33003135,34.48647695,34.17358575,34.3593649,34.44736555,4473927.0,156834585.26,0.2322,1,-0.2555,0
2024-05-31,sh.600009,34.31047565,34.5353662,33.9486952,33.97802875,34.3593649,9549721.0,333547762.05,0.4956,1,-1.1098,0
2024-06-03,sh.600009,33.89980595,33.9095838,33.41091345,33.80202745,33.97802875,9047808.0,311554631.12,0.4695,1,-0.518,0
2024-06-04,sh.600009,33.64558185,33.80202745,33.50869195,33.72380465,33.80202745,9157450.0,315475572.24,0.4752,1,-0.2314,0
2024-06-05,sh.600009,33.635804,34.09536295,33.60647045,33.86069455,33.72380465,7489089.0,259557602.71,0.3886,1,0.4059,0
2024-06-06,sh.600009,33.8900281,33.9486952,33.2642457,33.3424685,33.86069455,8043471.0,275397522.07,0.4174,1,-1.5305,0
2024-06-07,sh.600009,33.4989141,33.50869195,32.853576,33.440247,33.3424685,10904773.0,370443431.72,0.5659,1,0.2933,0
2024-06-11,sh.600009,33.4598027,33.62602615,33.24469,33.50869195,33.440247,5174341.0,177354286.22,0.2685,1,0.2047,0
2024-06-12,sh.600009,33.5575812,33.5966926,33.049133,33.049133,33.50869195,8198901.0,278277246.1,0.4255,1,-1.3715,0
2024-06-13,sh.600009,32.9513545,33.0882444,32.29623855,32.45268415,33.049133,11465354.0,381339386.48,0.595,1,-1.8047,0
2024-06-14,sh.600009,32.3646835,32.74601965,32.2277936,32.6384633,32.45268415,7815655.0,259610159.52,0.4056,1,0.5725,0
2024-06-17,sh.600009,32.4429063,32.9317988,32.43312845,32.7753532,32.6384633,5123105.0,171646846.9,0.2659,1,0.4194,0
2024-06-18,sh.600009,32.7949089,33.4793584,32.7949089,33.37180205,32.7753532,7210123.0,245441536.93,0.3742,1,1.8198,0
2024-06-19,sh.600009,33.43046915,33.5184698,32.94157665,33.00024375,33.37180205,4656472.0,157573457.52,0.2416,1,-1.1134,0
2024-06-20,sh.600009,32.86335385,33.11757795,32.29623855,32.29623855,33.00024375,5614299.0,187194821.59,0.2914,1,-2.1333,0
2024-06-21,sh.600009,32.266905,32.462462,31.6411226,31.9735695,32.29623855,8580199.0,280375181.11,0.4453,1,-0.9991,0
2024-06-24,sh.600009,31.78779035,31.90512455,31.484677,31.61178905,31.9735695,7407135.0,239998412.87,0.3844,1,-1.1315,0
2024-06-25,sh.600009,31.7193454,31.875791,31.1131187,31.3086757,31.61178905,7633896.0,245295956.83,0.3962,1,-0.9589,0
2024-06-26,sh.600009,31.3086757,31.67045615,31.0740073,31.6020112,31.3086757,6148172.0,197127410.16,0.3191,1,0.9369,0
2024-06-27,sh.600009,31.55312195,31.6020112,31.24023075,31.28912,31.6020112,4334000.0,139009837.52,0.2249,1,-0.9901,0
2024-06-28,sh.600009,31.28912,31.8171239,31.16200795,31.53356625,31.28912,6444614.0,207922744.75,0.3344,1,0.7813,0
2024-07-01,sh.600009,31.5042327,32.06157015,31.484677,31.8562353,31.53356625,5880734.0,191204827.63,0.3052,1,1.0233,0
2024-07-02,sh.600009,31.74867895,32.19846005,31.57267765,31.9735695,31.8562353,6225001.0,203689583.65,0.323,1,0.3683,0
2024-07-03,sh.600009,32.0126809,33.23491215,31.7780125,32.84379815,31.9735695,15217772.0,507719480.91,0.7897,1,2.7217,0
2024-07-04,sh.600009,32.62868545,32.6384633,32.1691265,32.266905,32.84379815,9278024.0,306679949.48,0.4815,1,-1.7565,0
2024-07-05,sh.600009,32.0909037,32.51135125,31.9931252,32.1886822,32.266905,7035341.0,231854948.29,0.3651,1,-0.2424,0
2024-07-08,sh.600009,32.1886822,32.4233506,31.6411226,31.7389011,32.1886822,5878030.0,191883424.2,0.305,1,-1.3973,0
2024-07-09,sh.600009,32.071348,33.09802225,31.96379165,33.049133,31.7389011,17243193.0,575582498.71,0.8948,1,4.1282,0
2024-07-10,sh.600009,32.9122431,33.5575812,32.76557535,33.21535645,33.049133,11587190.0,393372353.31,0.6013,1,0.503,0
2024-07-11,sh.600009,33.52824765,33.89980595,33.3229128,33.8118053,33.21535645,12322971.0,425200854.86,0.6395,1,1.7957,0
2024-07-12,sh.600009,33.78247175,34.07580725,33.5380255,33.8509167,33.8118053,8893461.0,307918097.83,0.4615,1,0.1157,0
2024-07-15,sh.600009,33.64558185,34.0073623,33.54780335,33.7140268,33.8509167,6587788.0,227636518.83,0.3419,1,-0.4044,0
2024-07-16,sh.600009,33.6162483,33.95847305,33.46958055,33.84113885,33.7140268,6296699.0,217535910.05,0.3268,1,0.377,0
2024-07-17,sh.600009,33.9095838,34.54514405,33.84113885,34.36914275,33.84113885,12576530.0,441036925.26,0.6527,1,1.5602,0
2024-07-18,sh.600009,34.2811421,34.4571434,33.93891735,34.27136425,34.36914275,9215317.0,322168744.73,0.4782,1,-0.2845,0
2024-07-19,sh.600009,34.1438112,35.04646368,34.094754,34.94834928,34.27135992,13105970.0,464356728.8,0.6801,1,1.9754,0
2024-07-22,sh.600009,34.91891496,35.4192984,34.84042344,35.01702936,34.94834928,11446958.0,409511709.55,0.594,1,0.1965,0
2024-07-23,sh.600009,35.26231536,35.26231536,34.4872116,34.49702304,35.01702936,9226832.0,327622277.6,0.4788,1,-1.485,0
2024-07-24,sh.600009,34.49702304,34.66381752,34.0456968,34.15362264,34.49702304,9501312.0,332353227.74,0.4931,1,-0.9954,0
2024-07-25,sh.600009,34.18305696,34.80117768,34.08494256,34.60494888,34.15362264,8252483.0,290493962.37,0.4283,1,1.3215,0
2024-07-26,sh.600009,34.66381752,34.830612,34.22230272,34.41853152,34.60494888,7097961.0,248866934.7,0.3684,1,-0.5387,0
2024-07-29,sh.600009,34.35966288,34.35966288,33.1626672,33.3098388,34.41853152,18611071.0,635094562.66,0.9658,1,-3.2212,0
2024-07-30,sh.600009,33.0645528,33.4079532,33.0154956,33.2117244,33.3098388,6703504.0,226759625.17,0.3479,1,-0.2946,0
2024-07-31,sh.600009,33.2117244,33.9966396,33.20191296,33.92795952,33.2117244,9915062.0,341050744.38,0.5145,1,2.1566,0
2024-08-01,sh.600009,33.92795952,33.97701672,33.56493624,33.76116504,33.92795952,6509001.0,223992494.69,0.3378,1,-0.4916,0
2024-08-02,sh.600009,33.58455912,33.9475824,33.5060676,33.68267352,33.76116504,4936236.0,169787725.32,0.2562,1,-0.2325,0
2024-08-05,sh.600009,33.68267352,34.71287472,33.56493624,34.06531968,33.68267352,13703940.0,478260853.86,0.7112,1,1.136,0
2024-08-06,sh.600009,34.13399976,34.70306328,33.74154216,34.07513112,34.06531968,8748469.0,304245348.51,0.454,1,0.0288,0
2024-08-07,sh.600009,33.8985252,34.07513112,33.77097648,33.77097648,34.07513112,3999273.0,138136405.47,0.2075,1,-0.8926,0
2024-08-08,sh.600009,33.76116504,33.8985252,33.44719896,33.66305064,33.77097648,4804900.0,164891932.99,0.2494,1,-0.3196,0
2024-08-09,sh.600009,33.81022224,33.92795952,33.358896,33.358896,33.66305064,4586639.0,157069239.49,0.238,1,-0.9035,0
2024-08-12,sh.600009,33.358896,33.49625616,33.19210152,33.2607816,33.358896,3456000.0,117438961.0,0.1794,1,-0.2941,0
2024-08-13,sh.600009,33.30002736,33.34908456,32.78002104,33.20191296,33.2607816,3904028.0,131489018.12,0.2026,1,-0.177,0
2024-08-14,sh.600009,33.22153584,33.2607816,32.74077528,32.80945536,33.20191296,4387110.0,147276242.4,0.2277,1,-1.182,0
2024-08-15,sh.600009,32.7702096,33.61399344,32.7702096,33.604182,32.80945536,7158237.0,243199725.72,0.3715,1,2.4222,0
2024-08-16,sh.600009,33.58455912,33.62380488,33.17247864,33.37851888,33.604182,5496985.0,187150136.34,0.2853,1,-0.6715,0
2024-08-19,sh.600009,33.29021592,33.29021592,32.4268092,32.94681552,33.37851888,9815207.0,329002859.42,0.5094,1,-1.2934,0
2024-08-20,sh.600009,32.93700408,33.08417568,32.78983248,32.89775832,32.94681552,4771150.0,160118945.12,0.2476,1,-0.1489,0
2024-08-21,sh.600009,32.64266088,33.08417568,32.58379224,32.868324,32.89775832,4501268.0,150996032.4,0.2336,1,-0.0895,0
2024-08-22,sh.600009,32.7702096,32.9173812,32.04416304,32.16190032,32.868324,7188134.0,236890460.46,0.373,1,-2.1493,0
2024-08-23,sh.600009,32.17171176,32.51511216,31.9852944,32.4268092,32.16190032,3169955.0,104409622.85,0.1645,1,0.8237,0
2024-08-26,sh.600009,32.4268092,32.65247232,32.1815232,32.43662064,32.4268092,2978709.0,98206808.37,0.1546,1,0.0303,0
2024-08-27,sh.600009,32.41699776,32.43662064,31.94604864,32.0343516,32.43662064,3373409.0,110271424.56,0.1751,1,-1.2402,0
2024-08-28,sh.600009,32.16190032,32.36794056,31.80868848,31.85774568,32.0343516,3886681.0,126822115.27,0.2017,1,-0.5513,0
2024-08-29,sh.600009,31.7400084,32.12265456,31.71057408,32.0343516,31.85774568,4348100.0,141739966.81,0.2256,1,0.5544,0
2024-08-30,sh.600009,31.9852944,32.79964392,31.9852944,32.50530072,32.0343516,8254721.0,273702812.5,0.4284,1,1.4701,0
2024-09-02,sh.600009,32.48567784,32.49548928,31.60264824,31.641894,32.50530072,7686251.0,249843671.08,0.3989,1,-2.6562,0
2024-09-03,sh.600009,31.5928368,31.88718,31.41623088,31.76944272,31.641894,3824904.0,123638419.29,0.1985,1,0.4031,0
2024-09-04,sh.600009,31.62227112,31.89699144,31.58302536,31.72038552,31.76944272,3511468.0,113655600.6,0.1822,1,-0.1544,0
2024-09-05,sh.600009,31.63208256,31.96567152,31.63208256,31.94604864,31.72038552,4172140.0,135514731.08,0.2165,1,0.7114,0
2024-09-06,sh.600009,32.0343516,32.05397448,31.75963128,31.82831136,31.94604864,2754047.0,89553941.26,0.1429,1,-0.3686,0
2024-09-09,sh.600009,31.51334754,31.83812595,31.07046789,31.24761975,31.82828418,5966162.0,190297916.53,0.3096,1,-1.8244,0
2024-09-10,sh.600009,31.24761975,31.37556276,30.36186045,30.84410718,31.24761975,6801540.0,212157083.8,0.353,1,-1.2913,0
2024-09-11,sh.600009,30.79489833,30.87363249,30.37170222,30.63743001,30.84410718,4286526.0,133376664.2,0.2225,1,-0.6701,0
2024-09-12,sh.600009,30.69648063,30.75553125,30.4110693,30.47996169,30.63743001,3639650.0,112959491.5,0.1889,1,-0.514,0
2024-09-13,sh.600009,30.509487,30.58822116,30.29296806,30.30280983,30.47996169,3408750.0,105244630.5,0.1769,1,-0.5812,0
2024-09-18,sh.600009,30.30280983,30.39138576,29.26942398,29.76151248,30.30280983,7549196.0,227250175.91,0.3918,1,-1.7863,0
2024-09-19,sh.600009,29.94850611,30.69648063,29.63356947,30.40122753,29.76151248,7380443.0,227212163.99,0.383,1,2.1495,0
2024-09-20,sh.600009,30.29296806,30.76537302,30.09613266,30.509487,30.40122753,5107969.0,157905236.55,0.2651,1,0.3561,0
2024-09-23,sh.600009,30.509487,30.67679709,30.37170222,30.52917054,30.509487,3791613.0,117590231.82,0.1968,1,0.0645,0
2024-09-24,sh.600009,30.76537302,31.76923356,30.64727178,31.76923356,30.52917054,10993713.0,350096362.71,0.5705,1,4.0619,0
2024-09-25,sh.600009,31.94638542,32.59594224,31.82828418,31.9857525,31.76923356,12292098.0,402728738.53,0.6379,1,0.6815,0
2024-09-26,sh.600009,31.97591073,33.37344207,31.82828418,33.33407499,31.9857525,13978805.0,464234042.89,0.7254,1,4.2154,0
2024-09-27,sh.600009,33.63916986,35.32211253,33.62932809,35.1351189,33.33407499,18475499.0,648139081.3,0.9588,1,5.403,0
2024-09-30,sh.600009,36.414549,38.17622583,35.97166935,37.81208034,35.1351189,49748006.0,1878777178.28,2.5817,1,7.619,0
2024-10-08,sh.600009,41.35511754,41.59132002,36.58185909,38.31401061,37.81208034,62507209.0,2490458916.98,3.2438,1,1.3274,0
2024-10-09,sh.600009,37.64477025,37.64477025,34.91859996,34.92844173,38.31401061,34801563.0,1277715512.58,1.806,1,-8.8364,0
2024-10-10,sh.600009,35.01701766,36.0208782,34.69223925,35.3319543,34.92844173,20514937.0,738324068.67,1.0646,1,1.1553,0
2024-10-11,sh.600009,35.32211253,35.6272074,34.45603677,34.71192279,35.3319543,13884112.0,493751699.16,0.7205,1,-1.7549,0
2024-10-14,sh.600009,34.71192279,34.87923288,33.98363181,34.5446127,34.71192279,15729234.0,550021962.2,0.8198,1,-0.482,0
2024-10-15,sh.600009,34.52492916,34.80049872,34.03284066,34.03284066,34.5446127,10714194.0,375053335.1,0.5584,1,-1.4815,0
2024-10-16,sh.600009,33.79663818,34.13125836,33.48170154,33.71790402,34.03284066,10170992.0,348761456.85,0.5301,1,-0.9254,0
2024-10-17,sh.600009,33.73758756,33.89505588,33.34391676,33.39312561,33.71790402,9839221.0,336094284.17,0.5128,1,-0.9632,0
2024-10-18,sh.600009,33.39312561,34.71192279,33.13723959,34.2493596,33.39312561,16783325.0,577028379.55,0.8747,1,2.5641,0
2024-10-21,sh.600009,34.47572031,34.9382835,34.09189128,34.42651146,34.2493596,15409407.0,540066623.58,0.8031,1,0.5172,0
2024-10-22,sh.600009,34.42651146,34.58397978,34.12141659,34.5446127,34.42651146,10611741.0,370877733.41,0.5531,1,0.3431,0
2024-10-23,sh.600009,34.56429624,35.20401129,34.45603677,35.0367012,34.5446127,14425794.0,511807534.68,0.7519,1,1.4245,0
2024-10-24,sh.600009,34.96780881,35.16464421,34.46587854,34.53477093,35.0367012,8534974.0,301416817.5,0.4448,1,-1.4326,0
2024-10-25,sh.600009,34.5446127,34.96780881,34.5446127,34.76113164,34.53477093,10000996.0,353212061.1,0.5212,1,0.6555,0
2024-10-28,sh.600009,34.78081518,35.15480244,34.6430304,35.09575182,34.76113164,9753574.0,346500557.15,0.5083,1,0.9626,0
2024-10-29,sh.600009,35.22369483,35.30242899,34.60366332,34.71192279,35.09575182,10761425.0,381108732.04,0.5609,1,-1.0937,0
2024-10-30,sh.600009,34.5446127,34.90875819,34.39698615,34.70208102,34.71192279,8615105.0,303313522.8,0.449,1,-0.0284,0
2024-10-31,sh.600009,34.58397978,34.58397978,33.9541065,34.40682792,34.70208102,13081940.0,456017809.9,0.6818,1,-0.8508,0
2024-11-01,sh.600009,34.40682792,34.51508739,33.97379004,34.36746084,34.40682792,12040629.0,419739058.27,0.6275,1,-0.1144,0
2024-11-04,sh.600009,34.36746084,34.5446127,34.22967606,34.5446127,34.36746084,8976988.0,313596528.55,0.4679,1,0.5155,0
2024-11-05,sh.600009,34.55445447,35.18432775,34.3477773,35.17448598,34.5446127,16200801.0,575527569.65,0.8444,1,1.8234,0
2024-11-06,sh.600009,35.1351189,35.5287897,34.97765058,35.15480244,35.17448598,14731371.0,526875306.19,0.7678,1,-0.056,0
2024-11-07,sh.600009,34.9382835,36.19803006,34.89891642,36.18818829,35.15480244,21015222.0,763519723.01,1.0953,1,2.9395,0
2024-11-08,sh.600009,36.5129667,36.60154263,35.79451749,35.95198581,36.18818829,16974251.0,622551268.45,0.8847,1,-0.6527,0
2024-11-11,sh.600009,35.7256251,36.16850475,35.59768209,36.01103643,35.95198581,12396500.0,451921155.42,0.6461,1,0.1642,0
2024-11-12,sh.600009,35.93230227,36.50312493,35.60752386,35.77483395,36.01103643,18077877.0,662975650.72,0.9422,1,-0.6559,0
2024-11-13,sh.600009,35.66657448,36.17834652,35.57799855,35.83388457,35.77483395,11173086.0,407170969.56,0.5823,1,0.1651,0
2024-11-14,sh.600009,35.83388457,35.88309342,35.430372,35.44021377,35.83388457,10958100.0,397105795.39,0.5711,1,-1.0986,0
2024-11-15,sh.600009,35.41068846,36.38502369,35.3319543,35.71578333,35.44021377,14688923.0,535301482.23,0.7656,1,0.7776,0
2024-11-18,sh.600009,35.71578333,36.26692245,35.45989731,35.60752386,35.71578333,15467834.0,565073435.98,0.8062,1,-0.3031,0
2024-11-19,sh.600009,35.70594156,35.79451749,34.90875819,35.39100492,35.60752386,12559599.0,451012887.25,0.6546,1,-0.6081,0
2024-11-20,sh.600009,35.3319543,35.67641625,35.08591005,35.45005554,35.39100492,8280400.0,297618297.6,0.4316,1,0.1669,0
2024-11-21,sh.600009,35.430372,35.59768209,35.0367012,35.26306191,35.45005554,7564002.0,270743968.46,0.3942,1,-0.5275,0
2024-11-22,sh.600009,35.14496067,35.430372,34.25920137,34.26904314,35.26306191,10778000.0,381564711.85,0.5617,1,-2.8189,0
2024-11-25,sh.600009,34.06236597,34.83002403,33.58011924,33.90489765,34.26904314,13255758.0,460577887.26,0.6909,1,-1.0626,0
2024-11-26,sh.600009,33.90489765,34.5446127,33.80647995,34.00331535,33.90489765,9130812.0,317215036.68,0.4759,1,0.2903,0
2024-11-27,sh.600009,34.00331535,34.2493596,33.76711287,34.23951783,34.00331535,8599465.0,297119200.68,0.4482,1,0.6946,0
2024-11-28,sh.600009,34.2493596,34.49540385,34.10173305,34.26904314,34.23951783,7326396.0,255429333.58,0.3818,1,0.0862,0
2024-11-29,sh.600009,34.23951783,34.57413801,34.17062544,34.35761907,34.26904314,8450856.0,295229352.96,0.4404,1,0.2585,0
2024-12-02,sh.600009,34.39698615,35.38116315,34.38714438,35.12527713,34.35761907,12438197.0,442239949.25,0.6483,1,2.2343,0
2024-12-03,sh.600009,35.00717589,35.32211253,34.85954934,35.10559359,35.12527713,6454916.0,229780258.08,0.3364,1,-0.056,0
2024-12-04,sh.600009,35.09575182,35.16464421,34.446195,34.52492916,35.10559359,7115977.0,251000004.84,0.3709,1,-1.6541,0
2024-12-05,sh.600009,34.39698615,34.59382155,34.36746084,34.446195,34.52492916,4858887.0,170177362.26,0.2532,1,-0.2281,0
2024-12-06,sh.600009,34.50524562,34.99733412,34.50524562,34.95796704,34.446195,7820904.0,276638916.0,0.4076,1,1.4857,0
2024-12-09,sh.600009,34.8398658,35.41068846,34.82018226,34.96780881,34.95796704,10147700.0,361605093.04,0.5289,1,0.0282,0
2024-12-10,sh.600009,35.7256251,35.97166935,34.98749235,35.02685943,34.96780881,15739044.0,566416040.99,0.8203,1,0.1689,0
2024-12-11,sh.600009,34.9382835,35.32211253,34.9382835,35.27290368,35.02685943,7155214.0,255886948.55,0.3729,1,0.7024,0
2024-12-12,sh.600009,35.28274545,35.57799855,35.14496067,35.57799855,35.27290368,10545091.0,379818860.46,0.5496,1,0.865,0
2024-12-13,sh.600009,35.40084669,35.5287897,35.11543536,35.16464421,35.57799855,11511990.0,412850006.85,0.6,1,-1.1618,0
2024-12-16,sh.600009,35.31227076,35.38116315,34.63318863,34.75128987,35.16464421,6997460.0,248422724.02,0.3647,1,-1.1755,0
2024-12-17,sh.600009,34.76113164,34.92844173,34.37730261,34.41666969,34.75128987,8041600.0,282603139.71,0.4191,1,-0.9629,0
2024-12-18,sh.600009,34.62334686,34.72176456,34.20999252,34.30841022,34.41666969,7214837.0,252596023.08,0.376,1,-0.3146,0
2024-12-19,sh.600009,34.25920137,34.26904314,33.51122685,33.91473942,34.30841022,11887323.0,408674109.03,0.6196,1,-1.1474,0
2024-12-20,sh.600009,33.90489765,34.13125836,33.77695464,33.96394827,33.91473942,6041873.0,208643240.12,0.3149,1,0.1451,0
2024-12-23,sh.600009,34.31825199,34.96780881,34.08204951,34.12141659,33.96394827,10622212.0,371949018.28,0.5536,1,0.4636,0
2024-12-24,sh.600009,34.12141659,34.60366332,33.96394827,34.56429624,34.12141659,7627677.0,266368280.63,0.3975,1,1.298,0
2024-12-25,sh.600009,34.5446127,34.79065695,34.26904314,34.7414481,34.56429624,8064858.0,283177573.33,0.4203,1,0.5125,0
2024-12-26,sh.600009,34.7414481,34.87923288,34.38714438,34.40682792,34.7414481,6877964.0,241534548.14,0.3585,1,-0.9632,0
2024-12-27,sh.600009,34.42651146,34.80049872,34.33793553,34.68239748,34.40682792,6640420.0,233595963.46,0.3461,1,0.8009,0
2024-12-30,sh.600009,34.60366332,34.73160633,34.20015075,34.25920137,34.68239748,8458419.0,295388892.77,0.4408,1,-1.2202,0
2024-12-31,sh.600009,34.27888491,34.33793553,33.58996101,33.60964455,34.25920137,10929500.0,376797268.17,0.5696,1,-1.896,0
2025-01-02,sh.600009,33.70806225,33.82616349,32.56641693,32.78293587,33.60964455,14327978.0,481880159.25,0.7468,1,-2.4597,0
2025-01-03,sh.600009,32.8715118,32.93056242,32.477841,32.5762587,32.78293587,8352744.0,277615987.88,0.4353,1,-0.6304,0
2025-01-06,sh.600009,32.58610047,32.82230295,32.39910684,32.5762587,32.5762587,7948948.0,262985607.48,0.4143,1,0.0,0
2025-01-07,sh.600009,32.5762587,32.69435994,32.07432843,32.48768277,32.5762587,8596110.0,282640655.8,0.448,1,-0.2719,0
2025-01-08,sh.600009,32.477841,32.53689162,32.02511958,32.35973976,32.48768277,5959100.0,195498256.0,0.3106,1,-0.3938,0
2025-01-09,sh.600009,32.36958153,32.40894861,32.09401197,32.15306259,32.35973976,5448041.0,178353099.13,0.2839,1,-0.6387,0
2025-01-10,sh.600009,32.21211321,32.45815746,31.85780949,31.85780949,32.15306259,5398831.0,176259802.66,0.2814,1,-0.9183,0
2025-01-13,sh.600009,31.72986648,31.97591073,31.67081586,31.8873348,31.85780949,5190210.0,167881700.56,0.2705,1,0.0927,0
2025-01-14,sh.600009,31.8873348,32.74356879,31.86765126,32.68451817,31.8873348,8897676.0,293502869.03,0.4637,1,2.5,0
2025-01-15,sh.600009,32.62546755,32.95024596,32.55657516,32.81246118,32.68451817,6765232.0,225217106.44,0.3526,1,0.3914,0
2025-01-16,sh.600009,32.8715118,33.13723959,32.52704985,32.6746764,32.81246118,6014383.0,200449276.3,0.3135,1,-0.4199,0
2025-01-17,sh.600009,32.5762587,32.95024596,32.49752454,32.6746764,32.6746764,4887010.0,162557997.3,0.2547,1,0.0,0
2025-01-20,sh.600009,32.90103711,33.14708136,32.53689162,32.56641693,32.6746764,6954775.0,231925112.7,0.3625,1,-0.3313,0
2025-01-21,sh.600009,32.74356879,32.8715118,32.55657516,32.6746764,32.56641693,4330351.0,143728845.83,0.2257,1,0.3324,0
2025-01-22,sh.600009,32.72388525,32.95024596,32.60578401,32.80261941,32.6746764,6522658.0,217207131.47,0.34,1,0.3916,0
2025-01-23,sh.600009,32.9699295,33.22581552,32.71404348,32.72388525,32.80261941,7579241.0,253974248.13,0.395,1,-0.24,0
2025-01-24,sh.600009,32.62546755,32.85182826,32.51720808,32.81246118,32.72388525,7320198.0,243556805.77,0.3815,1,0.2707,0
2025-01-27,sh.600009,32.83214472,33.01913835,32.61562578,32.63530932,32.81246118,7023211.0,234169050.87,0.366,1,-0.5399,0
2025-02-05,sh.600009,32.82230295,32.86167003,32.38926507,32.48768277,32.63530932,6013981.0,198668272.9,0.3134,1,-0.4524,0
2025-02-06,sh.600009,32.38926507,32.6746764,32.19242967,32.59594224,32.48768277,6347730.0,209367317.43,0.3308,1,0.3332,0
2025-02-07,sh.600009,32.59594224,32.89119534,32.45815746,32.7730941,32.59594224,8844513.0,293979534.35,0.461,1,0.5435,0
2025-02-10,sh.600009,32.76325233,33.03882189,32.65499286,32.95024596,32.7730941,8542007.0,285442861.52,0.4452,1,0.5405,0
2025-02-11,sh.600009,32.95024596,33.00929658,32.48768277,32.50736631,32.95024596,8680747.0,287579609.25,0.4524,1,-1.3441,0
2025-02-12,sh.600009,32.48768277,32.55657516,32.32037268,32.51720808,32.50736631,7344189.0,241939927.47,0.3828,1,0.0303,0
2025-02-13,sh.600009,32.477841,32.63530932,32.42863215,32.48768277,32.51720808,8039694.0,265867186.34,0.419,1,-0.0908,0
2025-02-14,sh.600009,32.45815746,32.55657516,32.25148029,32.46799923,32.48768277,7736518.0,254727536.97,0.4032,1,-0.0606,0
2025-02-17,sh.600009,32.46799923,32.52704985,32.33021445,32.3794233,32.46799923,8243289.0,271362885.32,0.4296,1,-0.2728,0
2025-02-18,sh.600009,32.3794233,32.41879038,32.04480312,32.0841702,32.3794233,8900467.0,291656703.96,0.4639,1,-0.9119,0
2025-02-19,sh.600009,32.07432843,32.15306259,31.86765126,32.03496135,32.0841702,7860066.0,255583508.4,0.4097,1,-0.1534,0
2025-02-20,sh.600009,31.9857525,32.13337905,31.80860064,32.03496135,32.03496135,6462897.0,209884939.36,0.3368,1,0.0,0
2025-02-21,sh.600009,32.01527781,32.27116383,31.96606896,32.20227144,32.03496135,8956638.0,292539552.43,0.4668,1,0.5223,0
2025-02-24,sh.600009,32.21211321,32.45815746,32.12353728,32.32037268,32.20227144,10351934.0,339414989.69,0.5395,1,0.3667,0
2025-02-25,sh.600009,32.14322082,32.1825879,31.8873348,31.95622719,32.32037268,9834592.0,319865752.01,0.5126,1,-1.1267,0
2025-02-26,sh.600009,31.9857525,32.03496135,31.80860064,32.00543604,31.95622719,7226985.0,234316397.62,0.3767,1,0.154,0
2025-02-27,sh.600009,31.9857525,32.35973976,31.96606896,32.29084737,32.00543604,10859087.0,355529263.57,0.566,1,0.8918,0
2025-02-28,sh.600009,32.1825879,32.36958153,31.83812595,31.97591073,32.29084737,8988414.0,293022201.11,0.4685,1,-0.9753,0
2025-03-03,sh.600009,31.97591073,32.06448666,31.80860064,31.86765126,31.97591073,7149870.0,231958629.61,0.3726,1,-0.3386,0
2025-03-04,sh.600009,31.7889171,31.8873348,31.70034117,31.8873348,31.86765126,5030810.0,162473615.72,0.2622,1,0.0618,0
2025-03-05,sh.600009,31.8873348,31.93654365,31.64129055,31.74955002,31.8873348,6299738.0,203203456.12,0.3283,1,-0.4321,0
2025-03-06,sh.600009,31.82828418,31.86765126,31.5920817,31.83812595,31.74955002,9528596.0,307663887.25,0.4966,1,0.279,0
2025-03-07,sh.600009,31.77907533,31.84796772,31.62160701,31.68065763,31.83812595,8059100.0,259663134.52,0.42,1,-0.4946,0
2025-03-10,sh.600009,31.68065763,31.70034117,31.55271462,31.63144878,31.68065763,6643259.0,213253460.13,0.3462,1,-0.1553,0
2025-03-11,sh.600009,31.50350577,31.71018294,31.47398046,31.71018294,31.63144878,7415662.0,238070184.12,0.3865,1,0.2489,0
2025-03-12,sh.600009,31.77907533,31.79875887,31.60192347,31.62160701,31.71018294,6552606.0,210824332.95,0.3415,1,-0.2793,0
2025-03-13,sh.600009,31.65113232,31.71018294,31.45429692,31.51334754,31.62160701,8277900.0,265326437.22,0.4314,1,-0.3424,0
2025-03-14,sh.600009,31.52318931,31.96606896,31.50350577,31.95622719,31.51334754,12595349.0,407247937.82,0.6565,1,1.4054,0
2025-03-17,sh.600009,32.06448666,32.41879038,32.06448666,32.17274613,31.95622719,10857708.0,355542805.51,0.5659,1,0.6775,0
2025-03-18,sh.600009,32.19242967,32.29084737,32.0841702,32.14322082,32.17274613,6025637.0,196998145.95,0.314,1,-0.0918,0
2025-03-19,sh.600009,32.14322082,32.25148029,31.96606896,32.05464489,32.14322082,6484783.0,211674937.6,0.338,1,-0.2756,0
2025-03-20,sh.600009,32.00543604,32.15306259,31.92670188,31.96606896,32.05464489,5251177.0,170881624.76,0.2737,1,-0.2763,0
2025-03-21,sh.600009,31.97591073,32.25148029,31.7889171,31.85780949,31.96606896,9007094.0,292947040.5,0.4694,1,-0.3387,0
2025-03-24,sh.600009,31.83812595,32.11369551,31.75939179,31.95622719,31.85780949,6834038.0,221665820.85,0.3562,1,0.3089,0
2025-03-25,sh.600009,31.97591073,32.40894861,31.75939179,32.34005622,31.95622719,10063474.0,328822770.45,0.5245,1,1.2011,0
2025-03-26,sh.600009,32.34005622,32.3794233,32.15306259,32.17274613,32.34005622,6366035.0,208516533.1,0.3318,1,-0.5173,0
2025-03-27,sh.600009,32.17274613,32.25148029,32.03496135,32.1825879,32.17274613,5138341.0,167837819.79,0.2678,1,0.0306,0
2025-03-28,sh.600009,32.19242967,32.23179675,31.93654365,31.9857525,32.1825879,5025119.0,163671322.2,0.2619,1,-0.6116,0
2025-03-31,sh.600009,32.0841702,32.26132206,31.75939179,31.81844241,31.9857525,6817012.0,221365835.48,0.3553,1,-0.5231,0
2025-04-01,sh.600009,31.86765126,32.12353728,31.77907533,32.0841702,31.81844241,6220262.0,202259726.58,0.3242,1,0.8351,0
2025-04-02,sh.600009,32.06448666,32.07432843,31.74955002,31.87749303,32.0841702,6736200.0,218081862.65,0.3511,1,-0.6442,0
2025-04-03,sh.600009,31.70034117,32.0841702,31.6904994,31.86765126,31.87749303,6672767.0,216314337.79,0.3478,1,-0.0309,0
2025-04-07,sh.600009,30.8047401,31.17872736,29.21037336,30.17486682,31.86765126,24883305.0,760422409.9,1.2969,1,-5.3119,0
2025-04-08,sh.600009,30.0173985,31.12951851,29.99771496,31.12951851,30.17486682,17384326.0,539535900.26,0.906,1,3.1637,0
2025-04-09,sh.600009,30.9031578,32.96008773,30.51932877,32.63530932,31.12951851,28921887.0,938177934.94,1.5074,1,4.8372,0
2025-04-10,sh.600009,32.6746764,32.74356879,31.7889171,32.49752454,32.63530932,22722925.0,748029633.19,1.1843,1,-0.4222,0
2025-04-11,sh.600009,32.31053091,32.32037268,32.03496135,32.14322082,32.49752454,10046673.0,328528993.2,0.5236,1,-1.0902,0
2025-04-14,sh.600009,32.10385374,32.26132206,32.06448666,32.13337905,32.14322082,7427501.0,242575623.02,0.3871,1,-0.0306,0
2025-04-15,sh.600009,32.04480312,32.0841702,31.54287285,31.67081586,32.13337905,9378500.0,302115424.0,0.4888,1,-1.4395,0
2025-04-16,sh.600009,31.56255639,32.1825879,31.50350577,32.1825879,31.67081586,11379719.0,368910024.19,0.5931,1,1.6159,0
2025-04-17,sh.600009,32.09401197,32.42863215,31.92670188,32.42863215,32.1825879,9303519.0,304039764.47,0.4849,1,0.7645,0
2025-04-18,sh.600009,32.2810056,32.2810056,31.89717657,32.00543604,32.42863215,5786500.0,188429433.9,0.3016,1,-1.305,0
2025-04-21,sh.600009,32.00543604,32.0841702,31.71018294,31.8873348,32.00543604,4899593.0,158573335.32,0.2554,1,-0.369,0
2025-04-22,sh.600009,31.84796772,31.9857525,31.73970825,31.79875887,31.8873348,4392265.0,142094688.64,0.2289,1,-0.2778,0
2025-04-23,sh.600009,31.83812595,31.94638542,31.56255639,31.57239816,31.79875887,6045242.0,194605545.44,0.3151,1,-0.7119,0
2025-04-24,sh.600009,31.60192347,31.76923356,31.53303108,31.58223993,31.57239816,4364621.0,140291291.97,0.2275,1,0.0312,0
2025-04-25,sh.600009,31.57239816,31.77907533,31.53303108,31.74955002,31.58223993,4873187.0,156621563.13,0.254,1,0.5298,0
2025-04-28,sh.600009,31.80860064,31.8873348,31.62160701,31.67081586,31.74955002,5659678.0,182516799.99,0.295,1,-0.248,0
2025-04-29,sh.600009,31.67081586,31.6904994,31.51334754,31.57239816,31.67081586,4835712.0,155187500.96,0.252,1,-0.3108,0
2025-04-30,sh.600009,31.54287285,31.71018294,31.37556276,31.5920817,31.57239816,5320779.0,170799767.69,0.2773,1,0.0623,0
2025-05-06,sh.600009,31.66097409,31.93654365,31.61176524,31.73970825,31.5920817,6901409.0,222495435.18,0.3597,1,0.4673,0
2025-05-07,sh.600009,31.9857525,32.02511958,31.66097409,31.82828418,31.73970825,8801396.0,284143573.01,0.4587,1,0.2791,0
2025-05-08,sh.600009,31.67081586,31.85780949,31.54287285,31.80860064,31.82828418,5127654.0,165439731.66,0.2672,1,-0.0618,0
2025-05-09,sh.600009,31.79875887,31.83812595,31.57239816,31.57239816,31.80860064,5107000.0,164231162.7,0.2662,1,-0.7426,0
2025-05-12,sh.600009,31.67081586,31.73970825,31.55271462,31.73970825,31.57239816,6874318.0,220857658.4,0.3583,1,0.5299,0
2025-05-13,sh.600009,31.83812595,31.94638542,31.73970825,31.73970825,31.73970825,7275310.0,235249446.4,0.3792,1,0.0,0
2025-05-14,sh.600009,31.62160701,32.04480312,31.58223993,32.04480312,31.73970825,9695352.0,313591541.36,0.5053,1,0.9612,0
2025-05-15,sh.600009,32.03496135,32.35973976,31.96606896,32.0841702,32.04480312,9974299.0,325936129.63,0.5198,1,0.1229,0
2025-05-16,sh.600009,32.17274613,32.1825879,31.87749303,32.03496135,32.0841702,5466786.0,177577540.2,0.2849,1,-0.1534,0
2025-05-19,sh.600009,32.03496135,32.23179675,31.89717657,32.15306259,32.03496135,5745635.0,187565348.11,0.2995,1,0.3687,0
2025-05-20,sh.600009,32.16290436,32.27116383,31.97591073,32.15306259,32.15306259,5673124.0,184972171.51,0.2957,1,0.0,0
2025-05-21,sh.600009,32.10385374,32.27116383,32.00543604,32.1825879,32.15306259,6506930.0,212817021.4,0.3391,1,0.0918,0
2025-05-22,sh.600009,32.16290436,32.35973976,32.14322082,32.27116383,32.1825879,7056320.0,231372756.25,0.3678,1,0.2752,0
2025-05-23,sh.600009,32.26132206,32.35973976,31.87749303,31.87749303,32.27116383,6807669.0,222176877.62,0.3548,1,-1.2199,0
2025-05-26,sh.600009,31.85780949,32.13337905,31.77907533,32.04480312,31.87749303,5010477.0,162865309.9,0.2611,1,0.5249,0
2025-05-27,sh.600009,31.97591073,32.29084737,31.97591073,32.05464489,32.04480312,5479896.0,179042299.91,0.2856,1,0.0307,0
2025-05-28,sh.600009,32.12353728,32.1825879,31.89717657,32.09401197,32.05464489,4738527.0,154230233.78,0.247,1,0.1228,0
2025-05-29,sh.600009,32.13337905,32.22195498,31.89717657,32.01527781,32.09401197,5715273.0,185793131.62,0.2979,1,-0.2453,0
2025-05-30,sh.600009,31.93654365,32.10385374,31.84796772,31.84796772,32.01527781,4813331.0,156471658.41,0.2509,1,-0.5226,0
2025-06-03,sh.600009,31.83812595,32.01527781,31.72002471,31.9857525,31.84796772,5706005.0,185024173.77,0.2974,1,0.4326,0
2025-06-04,sh.600009,31.97591073,32.03496135,31.81844241,31.99559427,31.9857525,5663351.0,183689138.5,0.2952,1,0.0308,0
2025-06-05,sh.600009,31.9857525,32.17274613,31.93654365,31.95622719,31.99559427,6731650.0,219113416.32,0.3508,1,-0.123,0
2025-06-06,sh.600009,31.95622719,32.00543604,31.73970825,31.86765126,31.95622719,6857761.0,221915320.69,0.3574,1,-0.2772,0
2025-06-09,sh.600009,31.86765126,32.0841702,31.81844241,32.04480312,31.86765126,6042101.0,196288638.49,0.3149,1,0.5559,0
2025-06-10,sh.600009,32.03496135,32.0841702,31.81844241,31.86765126,32.04480312,5716763.0,185551256.29,0.298,1,-0.5528,0
2025-06-11,sh.600009,31.8873348,32.33021445,31.81844241,32.26132206,31.86765126,9397479.0,306921239.2,0.4898,1,1.2353,0
2025-06-12,sh.600009,32.09401197,32.24163852,31.93654365,31.9857525,32.26132206,6608050.0,214900588.0,0.3444,1,-0.8542,0
2025-06-13,sh.600009,31.80860064,31.93654365,31.56255639,31.57239816,31.9857525,9847329.0,317154890.56,0.5132,1,-1.2923,0
2025-06-16,sh.600009,31.55271462,31.57239816,31.30667037,31.41492984,31.57239816,6297671.0,201133908.71,0.3282,1,-0.4988,0
2025-06-17,sh.600009,31.3952463,31.51334754,31.21809444,31.28698683,31.41492984,6767633.0,215521094.36,0.3527,1,-0.4073,0
2025-06-18,sh.600009,31.2968286,31.32635391,31.0015755,31.06062612,31.28698683,7056875.0,222847910.67,0.3678,1,-0.7235,0
2025-06-19,sh.600009,31.01141727,31.14920205,30.78505656,30.83426541,31.06062612,5250090.0,165048405.88,0.2736,1,-0.7288,0
2025-06-20,sh.600009,30.86379072,31.09015143,30.83426541,30.88347426,30.83426541,4090012.0,128637727.51,0.2132,1,0.1596,0
2025-06-23,sh.600009,30.78505656,30.94252488,30.57837939,30.79489833,30.88347426,5836335.0,182059446.71,0.3042,1,-0.2868,0
2025-06-24,sh.600009,30.99173373,31.24761975,30.96220842,31.17872736,30.79489833,7176877.0,227016079.54,0.374,1,1.2464,0
2025-06-25,sh.600009,31.17872736,31.31651214,31.08030966,31.2968286,31.17872736,6405288.0,203041663.92,0.3338,1,0.3788,0
2025-06-26,sh.600009,31.28698683,31.35587922,31.15904382,31.26730329,31.2968286,4495600.0,142805020.67,0.2343,1,-0.0943,0
2025-06-27,sh.600009,31.1984109,31.34603745,31.15904382,31.26730329,31.26730329,5376900.0,170716603.0,0.2802,1,0.0,0
2025-06-30,sh.600009,31.2968286,31.33619568,31.15904382,31.26730329,31.26730329,5285225.0,167801990.34,0.2755,1,0.0,0
2025-07-01,sh.600009,31.30667037,31.30667037,31.07046789,31.10983497,31.26730329,5981284.0,189164607.98,0.3117,1,-0.5036,0
2025-07-02,sh.600009,31.10983497,31.14920205,30.98189196,31.05078435,31.10983497,4031557.0,127212546.6,0.2101,1,-0.1898,0
2025-07-03,sh.600009,31.06062612,31.15904382,31.03110081,31.14920205,31.05078435,3665100.0,115881673.0,0.191,1,0.317,0
2025-07-04,sh.600009,31.17872736,31.25746152,31.07046789,31.07046789,31.14920205,6086300.0,192610004.98,0.3172,1,-0.2528,0
2025-07-07,sh.600009,31.08030966,31.13936028,30.94252488,30.98189196,31.07046789,4945202.0,155977055.04,0.2577,1,-0.2851,0
2025-07-08,sh.600009,30.98189196,31.0999932,30.96220842,31.09015143,30.98189196,5088687.0,160515456.84,0.2652,1,0.3494,0
2025-07-09,sh.600009,31.0999932,31.27714506,31.02125904,31.18856913,31.09015143,6232228.0,197494292.15,0.3248,1,0.3166,0
2025-07-10,sh.600009,31.1984109,31.31651214,31.10983497,31.22793621,31.18856913,6758432.0,214348131.34,0.3522,1,0.1262,0
2025-07-11,sh.600009,31.22793621,31.54287285,31.1984109,31.1984109,31.22793621,12369525.0,394223734.76,0.6447,1,-0.0945,0
2025-07-14,sh.600009,31.25746152,31.56255639,31.24761975,31.32635391,31.1984109,8667625.0,276647861.18,0.4517,1,0.4101,0
2025-07-15,sh.600009,31.34603745,31.41492984,31.10983497,31.22793621,31.32635391,6960364.0,220841017.54,0.3628,1,-0.3142,0
2025-07-16,sh.600009,31.22793621,31.35587922,31.1984109,31.28698683,31.22793621,4337362.0,137866681.22,0.2261,1,0.1891,0
2025-07-17,sh.600009,31.23777798,31.34603745,31.22793621,31.32635391,31.28698683,4549473.0,144687002.09,0.2371,1,0.1258,0
2025-07-18,sh.600009,31.31651214,31.64129055,31.31651214,31.63144878,31.32635391,8899011.0,284890322.06,0.4638,1,0.9739,0
2025-07-21,sh.600009,31.64129055,31.71018294,31.52318931,31.67081586,31.63144878,7747078.0,249095365.75,0.4038,1,0.1245,0
2025-07-22,sh.600009,31.68065763,31.8873348,31.67081586,31.87749303,31.67081586,10391072.0,335920646.49,0.5416,1,0.6526,0
2025-07-23,sh.600009,31.94638542,32.22195498,31.87749303,31.89717657,31.87749303,13357470.0,435309413.16,0.6962,1,0.0617,0
2025-07-24,sh.600009,31.90701834,32.76325233,31.83812595,32.70420171,31.89717657,26538192.0,875540941.03,1.3831,1,2.5301,0
2025-07-25,sh.600009,32.69435994,32.69435994,32.22195498,32.24163852,32.70420171,16657431.0,548112773.41,0.8682,1,-1.4144,0
2025-07-28,sh.600009,32.30068914,32.41879038,32.06448666,32.21211321,32.24163852,9509702.0,312013351.9,0.4956,1,-0.0916,0
2025-07-29,sh.600009,32.21211321,32.35973976,31.94638542,32.03496135,32.21211321,8664839.0,282361017.73,0.4516,1,-0.55,0
2025-07-30,sh.600009,32.09401197,32.34005622,32.01527781,32.15306259,32.03496135,8316001.0,272022097.82,0.4334,1,0.3687,0
2025-07-31,sh.600009,32.0841702,32.13337905,31.5920817,31.67081586,32.15306259,11087561.0,358002888.61,0.5779,1,-1.4998,0
2025-08-01,sh.600009,31.60192347,31.82828418,31.56255639,31.63144878,31.67081586,6549749.0,210640087.23,0.3414,1,-0.1243,0
2025-08-04,sh.600009,31.63144878,31.70034117,31.48382223,31.60192347,31.63144878,6740857.0,216571714.33,0.3513,1,-0.0933,0
2025-08-05,sh.600009,31.64129055,31.84796772,31.5920817,31.82828418,31.60192347,6654606.0,214891799.75,0.3468,1,0.7163,0
2025-08-06,sh.600009,31.84796772,31.84796772,31.66097409,31.72002471,31.82828418,7249290.0,233684528.42,0.3778,1,-0.3401,0
2025-08-07,sh.600009,31.73970825,31.83812595,31.65113232,31.75939179,31.72002471,7565013.0,243991008.73,0.3943,1,0.1241,0
2025-08-08,sh.600009,31.83888665,31.83888665,31.56073101,31.69980883,31.75941361,5674664.0,181207388.68,0.2958,1,-0.1877,0
2025-08-11,sh.600009,31.6898747,31.82895252,31.61040166,31.6898747,31.69980883,7845857.0,250177522.12,0.4089,1,-0.0313,0
2025-08-12,sh.600009,31.6898747,31.77928187,31.5905334,31.63026992,31.6898747,9069417.0,289175661.04,0.4727,1,-0.1881,0
2025-08-13,sh.600009,31.66007231,31.76934774,31.57066514,31.62033579,31.63026992,10943368.0,348524584.23,0.5704,1,-0.0314,0
2025-08-14,sh.600009,31.66007231,31.73954535,31.55079688,31.65013818,31.62033579,10479494.0,333925624.12,0.5462,1,0.0943,0
2025-08-15,sh.600009,31.56073101,31.81901839,31.40178493,31.5905334,31.65013818,12750710.0,406624768.79,0.6646,1,-0.1883,0
2025-08-18,sh.600009,31.64020405,32.06737164,31.64020405,31.66007231,31.5905334,17610284.0,564583463.47,0.9178,1,0.2201,0
2025-08-19,sh.600009,31.73954535,31.8885573,31.66007231,31.66007231,31.66007231,11885716.0,379776726.14,0.6195,1,0.0,0
2025-08-20,sh.600009,31.67000644,32.07730577,31.55079688,32.07730577,31.66007231,14231125.0,456014508.02,0.7417,1,1.3179,0
2025-08-21,sh.600009,32.1865812,32.47467097,32.13691055,32.25612011,32.07730577,15580527.0,506336596.0,0.812,1,0.5574,0
2025-08-22,sh.600009,32.2859225,32.30579076,32.07730577,32.2859225,32.25612011,11499904.0,372744871.88,0.5994,1,0.0924,0
2025-08-25,sh.600009,32.41506619,32.57401227,32.30579076,32.57401227,32.2859225,15292796.0,499563012.53,0.797,1,0.8923,0
2025-08-26,sh.600009,32.50447336,33.06078464,32.34552728,32.93164095,32.57401227,21036834.0,695091750.4,1.0964,1,1.0979,0
2025-08-27,sh.600009,32.83229965,33.02104812,32.29585663,32.30579076,32.93164095,19118399.0,629145470.83,0.9964,1,-1.9005,0
2025-08-28,sh.600009,32.29585663,32.73295835,32.0872399,32.43493445,32.30579076,15895968.0,518910283.66,0.8285,1,0.3998,0
2025-08-29,sh.600009,32.43493445,32.93164095,32.05743751,32.10710816,32.43493445,22944342.0,750102631.71,1.1958,1,-1.0107,0
2025-09-01,sh.600009,32.1865812,32.46473684,31.95809621,32.14684468,32.10710816,18747443.0,607869000.8,0.9771,1,0.1238,0
2025-09-02,sh.600009,32.15677881,32.22631772,31.81901839,31.95809621,32.14684468,12810849.0,412421303.83,0.6677,1,-0.5871,0
2025-09-03,sh.600009,32.01770099,32.14684468,31.51106036,31.73954535,31.95809621,15753842.0,503129436.23,0.8211,1,-0.6839,0
2025-09-04,sh.600009,31.67000644,31.69980883,31.37198254,31.52099449,31.73954535,13595660.0,431184561.63,0.7086,1,-0.6886,0
2025-09-05,sh.600009,31.5905334,31.72961122,31.47132384,31.70974296,31.52099449,11435454.0,364095572.63,0.596,1,0.5988,0
2025-09-08,sh.600009,31.71967709,32.35546141,31.70974296,32.34552728,31.70974296,18621051.0,602996496.13,0.9705,1,2.005,0
2025-09-09,sh.600009,32.25612011,32.30579076,32.01770099,32.16671294,32.34552728,7871397.0,254656726.42,0.4102,1,-0.5528,0
2025-09-10,sh.600009,32.06737164,32.20644946,31.91835969,31.94816208,32.16671294,7384309.0,237931946.24,0.3849,1,-0.6794,0
2025-09-11,sh.600009,31.92829382,32.03756925,31.70974296,32.02763512,31.94816208,10703489.0,343175156.89,0.5579,1,0.2488,0
2025-09-12,sh.600009,31.97796447,32.22631772,31.77928187,31.86868904,32.02763512,10740921.0,345698163.64,0.5598,1,-0.4963,0
2025-09-15,sh.600009,31.84882078,32.00776686,31.81901839,31.86868904,31.86868904,7481111.0,240089614.08,0.3899,1,0.0,0
2025-09-16,sh.600009,31.89849143,32.03756925,31.76934774,31.84882078,31.86868904,8013355.0,257122318.17,0.4176,1,-0.0623,0
2025-09-17,sh.600009,31.93822795,32.32565902,31.789216,32.17664707,31.84882078,13169730.0,425256657.54,0.6864,1,1.0293,0
2025-09-18,sh.600009,32.14684468,32.16671294,31.62033579,31.72961122,32.17664707,14616384.0,469091797.04,0.7618,1,-1.3893,0
2025-09-19,sh.600009,31.87862317,32.13691055,31.6898747,32.0872399,31.72961122,13349650.0,429019832.0,0.6958,1,1.1271,0
2025-09-22,sh.600009,32.09717403,32.14684468,31.70974296,31.83888665,32.0872399,10555378.0,337810465.44,0.5501,1,-0.774,0
2025-09-23,sh.600009,31.80908426,31.81901839,31.37198254,31.67000644,31.83888665,11654703.0,370312427.96,0.5696,1,-0.5304,0
2025-09-24,sh.600009,31.65013818,31.73954535,31.54086275,31.71967709,31.67000644,6867771.0,218853446.16,0.3356,1,0.1568,0
2025-09-25,sh.600009,31.71967709,31.71967709,31.3918508,31.52099449,31.71967709,10510178.0,333400326.52,0.5136,1,-0.6264,0
2025-09-26,sh.600009,31.47132384,31.57066514,31.36204841,31.45145558,31.52099449,7441418.0,235490484.49,0.3637,1,-0.2206,0
2025-09-29,sh.600009,31.41171906,31.71967709,31.25277298,31.67994057,31.45145558,12139786.0,384078348.91,0.5933,1,0.7265,0
2025-09-30,sh.600009,31.60046753,31.75941361,31.48125797,31.67994057,31.67994057,8410526.0,267822230.19,0.411,1,0.0,0
2025-10-09,sh.600009,31.67994057,31.76934774,31.33224602,31.73954535,31.67994057,12301519.0,390568042.86,0.6012,1,0.1881,0
2025-10-10,sh.600009,31.67000644,31.82895252,31.51106036,31.67000644,31.73954535,9247585.0,295136693.59,0.4519,1,-0.2191,0
2025-10-13,sh.600009,31.21303646,31.54086275,31.07395864,31.31237776,31.67000644,11744789.0,369753077.67,0.574,1,-1.1292,0
2025-10-14,sh.600009,31.36204841,31.60046753,31.2925095,31.38191667,31.31237776,9984868.0,315821285.52,0.488,1,0.2221,0
2025-10-15,sh.600009,31.30244363,31.67000644,31.2925095,31.67000644,31.38191667,9136215.0,289924155.29,0.4465,1,0.918,0
2025-10-16,sh.600009,31.67,31.75,31.51,31.6,31.67,6606750.0,208947609.26,0.3229,1,-0.221,0
2025-10-17,sh.600009,31.64,31.82,31.3,31.32,31.6,9506651.0,299831435.0,0.4646,1,-0.8861,0
2025-10-20,sh.600009,31.56,31.56,31.2,31.43,31.32,8460649.0,265371774.04,0.4135,1,0.3512,0
2025-10-21,sh.600009,31.54,31.54,31.32,31.4,31.43,6977072.0,219219921.9,0.341,1,-0.0955,0
2025-10-22,sh.600009,31.35,31.37,31.24,31.27,31.4,6366003.0,199232622.57,0.3111,1,-0.414,0
2025-10-23,sh.600009,31.26,31.42,31.2,31.38,31.27,6130746.0,191898295.1,0.2996,1,0.3518,0
2025-10-24,sh.600009,31.38,31.48,31.3,31.37,31.38,5184504.0,162636720.93,0.2534,1,-0.0319,0
2025-10-27,sh.600009,31.37,31.43,31.32,31.37,31.37,7166729.0,224913143.12,0.3502,1,0.0,0
2025-10-28,sh.600009,31.42,31.62,31.36,31.5,31.37,8252902.0,260001077.44,0.4033,1,0.4144,0
2025-10-29,sh.600009,31.5,31.61,31.4,31.6,31.5,7123406.0,224598992.06,0.3481,1,0.3175,0
2025-10-30,sh.600009,31.53,31.9,31.51,31.67,31.6,9713444.0,308096124.81,0.4747,1,0.2215,0
2025-10-31,sh.600009,31.95,32.4,31.79,32.29,31.67,22420126.0,720855021.06,1.0957,1,1.9577,0
2025-11-03,sh.600009,32.15,32.3,32.05,32.24,32.29,10807018.0,347698672.06,0.5281,1,-0.1548,0
2025-11-04,sh.600009,32.27,32.54,31.98,32.08,32.24,11577458.0,373240012.68,0.5658,1,-0.4963,0
2025-11-05,sh.600009,31.92,32.44,31.73,32.25,32.08,13910808.0,448350811.14,0.6798,1,0.5299,0
2025-11-06,sh.600009,32.25,32.33,31.95,32.03,32.25,10039063.0,322541215.12,0.4906,1,-0.6822,0
2025-11-07,sh.600009,32.0,32.35,31.96,32.23,32.03,8170409.0,263245663.61,0.3993,1,0.6244,0
2025-11-10,sh.600009,32.3,33.38,32.11,33.26,32.23,35528287.0,1172774209.28,1.7362,1,3.1958,0
2025-11-11,sh.600009,33.13,33.75,33.07,33.53,33.26,28800504.0,964340598.38,1.4075,1,0.8118,0
2025-11-12,sh.600009,33.62,34.66,33.62,33.96,33.53,30478119.0,1041031632.76,1.4894,1,1.2824,0
2025-11-13,sh.600009,33.85,34.58,33.78,34.55,33.96,26420347.0,904677740.28,1.2911,1,1.7373,0
2025-11-14,sh.600009,34.49,34.92,34.13,34.23,34.55,19562870.0,673705840.18,0.956,1,-0.9262,0
2025-11-17,sh.600009,33.84,33.87,33.43,33.59,34.23,17940428.0,603682147.78,0.8767,1,-1.8697,0
2025-11-18,sh.600009,33.72,33.79,32.99,33.14,33.59,14953129.0,497313953.43,0.7307,1,-1.3397,0
2025-11-19,sh.600009,33.29,33.33,32.6,32.64,33.14,14039923.0,460579851.66,0.6861,1,-1.5088,0
2025-11-20,sh.600009,32.75,32.96,32.55,32.58,32.64,11685248.0,382422644.01,0.571,1,-0.1838,0
2025-11-21,sh.600009,32.35,32.71,32.0,32.01,32.58,15526725.0,500827849.72,0.7588,1,-1.7495,0
2025-11-24,sh.600009,32.05,32.21,31.53,31.54,32.01,17575563.0,559288713.96,0.8589,1,-1.4683,0
2025-11-25,sh.600009,31.61,31.74,31.5,31.55,31.54,14330589.0,452600058.18,0.7003,1,0.0317,0
2025-11-26,sh.600009,31.65,31.88,31.58,31.74,31.55,11010903.0,349222959.0,0.5381,1,0.6022,0
2025-11-27,sh.600009,31.74,31.78,31.5,31.64,31.74,8045932.0,254773455.7,0.3932,1,-0.3151,0
2025-11-28,sh.600009,31.54,31.69,31.45,31.66,31.64,6779134.0,214249440.99,0.3313,1,0.0632,0
2025-12-01,sh.600009,31.51,31.94,31.4,31.89,31.66,14795792.0,468093581.31,0.7231,1,0.7265,0
2025-12-02,sh.600009,31.83,31.86,31.63,31.83,31.89,7222240.0,229434899.48,0.3529,1,-0.1881,0
2025-12-03,sh.600009,31.84,32.11,31.7,32.02,31.83,9609454.0,306978169.46,0.4696,1,0.5969,0
2025-12-04,sh.600009,32.0,32.07,31.76,31.89,32.02,7466657.0,238108450.63,0.3649,1,-0.406,0
2025-12-05,sh.600009,31.8,31.89,31.64,31.81,31.89,6983702.0,221785578.36,0.3413,1,-0.2509,0
2025-12-08,sh.600009,32.0,32.22,31.81,32.15,31.81,11133739.0,356418778.55,0.5441,1,1.0688,0
2025-12-09,sh.600009,32.23,32.23,31.82,31.84,32.15,8069950.0,257573266.89,0.3944,1,-0.9642,0
2025-12-10,sh.600009,31.83,32.48,31.8,32.39,31.84,14730001.0,474352829.43,0.7198,1,1.7274,0
2025-12-11,sh.600009,32.25,32.41,31.98,32.01,32.39,9185765.0,295929112.91,0.4489,1,-1.1732,0
2025-12-12,sh.600009,31.88,31.89,30.83,31.02,32.01,37027048.0,1153884763.91,1.8095,1,-3.0928,0
2025-12-15,sh.600009,30.71,31.05,30.71,30.75,31.02,11543907.0,356075680.63,0.5641,1,-0.8704,0
2025-12-16,sh.600009,30.72,30.95,30.56,30.73,30.75,10234138.0,314180570.28,0.5001,1,-0.065,0
2025-12-17,sh.600009,30.85,31.09,30.61,30.91,30.73,8959622.0,276613670.48,0.4378,1,0.5857,0
2025-12-18,sh.600009,31.8,33.16,31.7,33.11,30.91,50592333.0,1645736187.0,2.4724,1,7.1174,0
2025-12-19,sh.600009,33.03,33.72,32.8,33.57,33.11,35845665.0,1193640934.22,1.7517,1,1.3893,0
2025-12-22,sh.600009,33.73,33.98,33.42,33.44,33.57,25438235.0,856511921.14,1.2431,1,-0.3873,0
2025-12-23,sh.600009,33.44,33.65,33.1,33.2,33.44,18979183.0,632196990.26,0.9275,1,-0.7177,0
2025-12-24,sh.600009,33.1,33.83,33.0,33.65,33.2,19660056.0,659544640.52,0.9608,1,1.3554,0
2025-12-25,sh.600009,33.55,34.16,33.55,33.78,33.65,14496467.0,491707888.33,0.7084,1,0.3863,0
2025-12-26,sh.600009,33.65,33.91,33.21,33.38,33.78,12544350.0,419926763.71,0.613,1,-1.1841,0
2025-12-29,sh.600009,33.38,33.78,33.31,33.39,33.38,10747253.0,360504656.95,0.5252,1,0.03,0
2025-12-30,sh.600009,33.3,33.43,32.51,32.79,33.39,15759597.0,517704567.53,0.7702,1,-1.7969,0
2025-12-31,sh.600009,32.7,32.86,32.4,32.76,32.79,9939005.0,324175746.82,0.4857,1,-0.0915,0
2026-01-05,sh.600009,32.76,32.77,32.52,32.7,32.76,11743585.0,383451932.5,0.5739,1,-0.1832,0
2026-01-06,sh.600009,32.71,32.99,32.52,32.97,32.7,12101329.0,397508290.83,0.5914,1,0.8257,0
2026-01-07,sh.600009,33.01,33.06,32.76,32.81,32.97,11354340.0,373583788.36,0.5549,1,-0.4853,0
2026-01-08,sh.600009,32.82,33.01,32.68,32.83,32.81,10005588.0,328094371.8,0.489,1,0.061,0
2026-01-09,sh.600009,32.89,33.03,32.62,32.69,32.83,11566900.0,379017443.96,0.5653,1,-0.4264,0
2026-01-12,sh.600009,32.58,32.74,32.42,32.54,32.69,14075379.0,458371498.4,0.6879,1,-0.4589,0
2026-01-13,sh.600009,32.75,33.19,32.48,32.53,32.54,20679725.0,678077667.97,1.0106,1,-0.0307,0
2026-01-14,sh.600009,32.52,32.68,31.81,31.85,32.53,28591520.0,922198065.77,1.3972,1,-2.0904,0
2026-01-15,sh.600009,31.82,32.2,31.72,31.81,31.85,12334963.0,393547554.91,0.6028,1,-0.1256,0
2026-01-16,sh.600009,31.88,31.94,31.29,31.39,31.81,19259044.0,606835658.78,0.9412,1,-1.3203,0
2026-01-19,sh.600009,31.39,31.9,31.37,31.72,31.39,13577115.0,430134487.45,0.6635,1,1.0513,0
2026-01-20,sh.600009,31.72,32.45,31.67,32.37,31.72,20694679.0,665774732.59,1.0113,1,2.0492,0
2026-01-21,sh.600009,32.37,32.37,31.88,31.96,32.37,13409902.0,429966338.99,0.6553,1,-1.2666,0
2026-01-22,sh.600009,31.98,32.29,31.63,31.65,31.96,20970361.0,667124054.03,1.0248,1,-0.97,0
2026-01-23,sh.600009,31.7,31.87,31.3,31.35,31.65,30427347.0,958033833.68,1.487,1,-0.9479,0
2026-01-26,sh.600009,31.4,31.56,31.03,31.05,31.35,30990008.0,967707992.03,1.5145,1,-0.9569,0
2026-01-27,sh.600009,31.04,31.14,30.85,30.94,31.05,18368718.0,569142353.52,0.8977,1,-0.3543,0
2026-01-28,sh.600009,30.9,30.99,30.58,30.6,30.94,26823408.0,823944903.22,1.3108,1,-1.0989,0
2026-01-29,sh.600009,30.57,31.08,30.37,30.95,30.6,19682564.0,604757879.12,0.9619,1,1.1438,0
2026-01-30,sh.600009,30.95,31.08,30.61,30.8,30.95,14072697.0,434114619.25,0.6877,1,-0.4847,0
2026-02-02,sh.600009,30.7,31.07,30.5,30.51,30.8,16446553.0,506018514.94,0.8037,1,-0.9416,0
2026-02-03,sh.600009,30.62,30.75,30.19,30.54,30.51,18074102.0,549785649.0,0.8833,1,0.0983,0
2026-02-04,sh.600009,30.43,31.2,30.37,31.19,30.54,30104980.0,934290375.55,1.4712,1,2.1284,0
2026-02-05,sh.600009,31.18,31.38,30.96,31.24,31.19,18310410.0,572031039.63,0.8948,1,0.1603,0
2026-02-06,sh.600009,31.05,31.24,30.88,30.94,31.24,14771329.0,458185448.91,0.7219,1,-0.9603,0
2026-02-09,sh.600009,31.02,31.31,30.91,31.26,30.94,12498840.0,389134323.53,0.6108,1,1.0343,0
2026-02-10,sh.600009,31.25,31.33,31.07,31.3,31.26,9143858.0,285148570.96,0.4469,1,0.128,0
2026-02-11,sh.600009,31.34,31.35,31.12,31.25,31.3,7625519.0,238155173.09,0.3727,1,-0.1597,0
2026-02-12,sh.600009,31.2,31.23,30.99,31.02,31.25,9637354.0,299345724.38,0.471,1,-0.736,0
2026-02-13,sh.600009,31.02,31.1,30.73,30.75,31.02,9265929.0,286089396.75,0.4528,1,-0.8704,0
2026-02-24,sh.600009,30.9,30.97,30.69,30.73,30.75,10267652.0,315930688.34,0.5018,1,-0.065,0
2026-02-25,sh.600009,30.71,30.87,30.6,30.62,30.73,11463133.0,352193164.9,0.5602,1,-0.358,0
2026-02-26,sh.600009,30.63,30.69,30.49,30.49,30.62,11304245.0,345270935.39,0.5524,1,-0.4246,0
2026-02-27,sh.600009,30.49,30.56,30.44,30.51,30.49,6711968.0,204728328.32,0.328,1,0.0656,0
2026-03-02,sh.600009,30.16,30.18,29.9,29.96,30.51,18355899.0,550876907.3,0.897,1,-1.8027,0
2026-03-03,sh.600009,29.97,30.18,29.9,29.92,29.96,12251638.0,367606428.21,0.5987,1,-0.1335,0
2026-03-04,sh.600009,29.78,29.78,29.3,29.33,29.92,13919424.0,410175712.24,0.6802,1,-1.9719,0
2026-03-05,sh.600009,29.49,29.62,29.36,29.38,29.33,7921264.0,233367925.57,0.3871,1,0.1705,0
2026-03-06,sh.600009,29.49,29.7,29.34,29.69,29.38,8427391.0,248689435.25,0.4118,1,1.0551,0
2026-03-09,sh.600009,29.37,29.38,29.02,29.13,29.69,12395788.0,361357417.72,0.6058,1,-1.8862,0
2026-03-10,sh.600009,29.31,29.44,29.3,29.4,29.13,7702810.0,226303772.38,0.3764,1,0.9269,0
2026-03-11,sh.600009,29.4,29.47,29.27,29.33,29.4,7778012.0,228128637.72,0.3801,1,-0.2381,0
2026-03-12,sh.600009,29.33,29.41,29.21,29.37,29.33,6165209.0,180644780.77,0.3013,1,0.1364,0
2026-03-13,sh.600009,29.26,29.44,29.17,29.27,29.37,7760347.0,227497978.22,0.3792,1,-0.3405,0
2026-03-16,sh.600009,29.27,29.42,29.17,29.39,29.27,7488786.0,219441466.75,0.366,1,0.41,0
2026-03-17,sh.600009,29.44,29.79,29.43,29.49,29.39,9228417.0,273322857.68,0.451,1,0.3403,0
2026-03-18,sh.600009,29.47,29.48,29.22,29.33,29.49,6808098.0,199481923.94,0.3327,1,-0.5426,0
2026-03-19,sh.600009,29.11,29.2,29.04,29.08,29.33,7943886.0,231193289.24,0.3882,1,-0.8524,0
2026-03-20,sh.600009,29.09,29.15,28.5,28.64,29.08,12524880.0,361285470.87,0.6121,1,-1.5131,0
2026-03-23,sh.600009,28.32,28.32,27.2,27.37,28.64,19524522.0,539918405.44,0.9541,1,-4.4344,0
2026-03-24,sh.600009,27.56,27.65,27.28,27.6,27.37,8426874.0,231563799.74,0.4118,1,0.8403,0
2026-03-25,sh.600009,27.68,27.99,27.62,27.98,27.6,7641832.0,212838570.18,0.3735,1,1.3768,0
2026-03-26,sh.600009,27.98,28.18,27.57,27.59,27.98,6838769.0,190471850.6,0.3342,1,-1.3939,0
2026-03-27,sh.600009,27.41,27.76,27.38,27.7,27.59,6727494.0,185826096.84,0.3288,1,0.3987,0
2026-03-30,sh.600009,27.42,27.77,27.29,27.73,27.7,6656192.0,183314587.88,0.3253,1,0.1083,0
2026-03-31,sh.600009,27.7,28.04,27.6,27.62,27.73,7265885.0,202194403.46,0.3551,1,-0.3967,0
2026-04-01,sh.600009,27.9,28.12,27.76,28.12,27.62,7036638.0,196950135.96,0.3439,1,1.8103,0
2026-04-02,sh.600009,28.01,28.12,27.75,27.88,28.12,6095848.0,170262287.8,0.2979,1,-0.8535,0
2026-04-03,sh.600009,27.88,27.88,27.61,27.69,27.88,3808300.0,105496117.3,0.1861,1,-0.6815,0
2026-04-07,sh.600009,27.69,27.77,27.47,27.5,27.69,4160197.0,114801600.53,0.2033,1,-0.6862,0
2026-04-08,sh.600009,28.0,28.28,27.94,28.09,27.5,10568652.0,296774545.83,0.5165,1,2.1455,0
2026-04-09,sh.600009,27.9,27.91,27.62,27.76,28.09,6944673.0,192457913.91,0.3394,1,-1.1748,0
2026-04-10,sh.600009,27.81,27.88,27.59,27.62,27.76,9975100.0,276551425.98,0.4875,1,-0.5043,0
2026-04-13,sh.600009,27.4,27.44,27.22,27.3,27.62,9973286.0,272398665.68,0.4874,1,-1.1586,0
2026-04-14,sh.600009,27.38,27.49,27.18,27.49,27.3,9084299.0,247867065.32,0.4439,1,0.696,0
2026-04-15,sh.600009,27.59,27.73,27.37,27.4,27.49,8188023.0,225283975.52,0.4001,1,-0.3274,0
2026-04-16,sh.600009,27.39,27.48,27.32,27.43,27.4,5125501.0,140465413.45,0.2505,1,0.1095,0
2026-04-17,sh.600009,27.4,27.41,27.19,27.25,27.43,6693700.0,182352961.91,0.3271,1,-0.6562,0
2026-04-20,sh.600009,27.27,27.58,27.18,27.49,27.25,6887521.0,188623869.9,0.3366,1,0.8807,0
2026-04-21,sh.600009,27.49,27.65,27.35,27.41,27.49,5558100.0,152564130.35,0.2716,1,-0.291,0
2026-04-22,sh.600009,27.36,27.49,27.32,27.38,27.41,4441573.0,121567704.83,0.2171,1,-0.1094,0
2026-04-23,sh.600009,27.39,27.45,27.21,27.22,27.38,7572680.0,206728135.62,0.3701,1,-0.5844,0
2026-04-24,sh.600009,27.22,27.22,27.01,27.04,27.22,8249073.0,223263619.73,0.4031,1,-0.6613,0
2026-04-27,sh.600009,27.04,27.25,26.92,27.14,27.04,7344268.0,198698757.2,0.3589,1,0.3698,0
2026-04-28,sh.600009,27.11,27.28,27.06,27.15,27.14,7139176.0,193966740.84,0.3489,1,0.0368,0
2026-04-29,sh.600009,27.15,27.4,27.06,27.39,27.15,7705856.0,210213779.62,0.3766,1,0.884,0
2026-04-30,sh.600009,27.4,27.44,27.16,27.24,27.39,8764668.0,239007628.73,0.4283,1,-0.5476,0
2026-05-06,sh.600009,27.21,27.4,27.0,27.38,27.24,13200983.0,358553673.77,0.6451,1,0.514,0
2026-05-07,sh.600009,27.44,27.78,27.26,27.26,27.38,14443001.0,396051604.46,0.7058,1,-0.4383,0
2026-05-08,sh.600009,27.22,27.25,27.13,27.19,27.26,9704170.0,263765800.3,0.4742,1,-0.2568,0
2026-05-11,sh.600009,27.18,27.28,27.01,27.23,27.19,11061354.0,299974253.28,0.5406,1,0.1471,0
2026-05-12,sh.600009,27.23,27.25,27.01,27.01,27.23,10045519.0,271776701.55,0.4909,1,-0.8079,0
2026-05-13,sh.600009,27.02,27.06,26.8,26.83,27.01,11994993.0,322345193.26,0.5862,1,-0.6664,0
2026-05-14,sh.600009,26.82,27.0,26.42,26.52,26.83,11456120.0,305136128.94,0.5599,1,-1.1554,0
2026-05-15,sh.600009,26.52,26.65,26.06,26.07,26.52,13437757.0,352807185.66,0.6567,1,-1.6968,0
2026-05-18,sh.600009,26.03,26.03,25.45,25.57,26.07,12355174.0,316660992.81,0.6038,1,-1.9179,0
2026-05-19,sh.600009,25.55,25.75,25.54,25.71,25.57,6877260.0,176369976.08,0.3361,1,0.5475,0
2026-05-20,sh.600009,25.63,25.9,25.19,25.75,25.71,11764590.0,300389779.61,0.5749,1,0.1556,0
2026-05-21,sh.600009,25.81,26.18,25.58,25.6,25.75,12012696.0,311060140.65,0.5871,1,-0.5825,0
2026-05-22,sh.600009,25.58,25.65,25.14,25.2,25.6,10688457.0,270299313.28,0.5223,1,-1.5625,0
2026-05-25,sh.600009,25.48,25.84,25.31,25.55,25.2,10565794.0,270447886.25,0.5163,1,1.3889,0
2026-05-26,sh.600009,25.4,25.86,25.33,25.61,25.55,10161872.0,259641662.32,0.4966,1,0.2348,0
2026-05-27,sh.600009,25.48,25.48,24.92,25.4,25.61,15867875.0,400127065.62,0.7755,1,-0.82,0
2026-05-28,sh.600009,25.3,25.43,24.87,24.88,25.4,12325422.0,309198234.79,0.6023,1,-2.0472,0
2026-05-29,sh.600009,24.85,25.59,24.82,25.07,24.88,22532755.0,567613175.61,1.1012,1,0.7637,0
2026-06-01,sh.600009,25.06,25.18,24.72,24.84,25.07,17459692.0,434404958.44,0.8532,1,-0.9174,0
2026-06-02,sh.600009,24.77,24.77,24.28,24.35,24.84,16461465.0,402428898.81,0.8045,1,-1.9726,0
2026-06-03,sh.600009,24.28,24.28,23.68,23.79,24.35,19596084.0,467628899.09,0.9576,1,-2.2998,0
2026-06-04,sh.600009,23.6,23.78,23.14,23.39,23.79,19692136.0,460386175.09,0.9623,1,-1.6814,0
2026-06-05,sh.600009,23.46,23.94,23.46,23.64,23.39,14596236.0,346070251.87,0.7133,1,1.0688,0
2026-06-08,sh.600009,23.42,23.63,22.92,23.01,23.64,14391707.0,333476322.31,0.7033,1,-2.665,0
2026-06-09,sh.600009,23.03,23.8,23.01,23.72,23.01,15942779.0,373808226.55,0.7791,1,3.0856,0
2026-06-10,sh.600009,23.53,23.95,23.53,23.82,23.72,11330123.0,269092892.01,0.5537,1,0.4216,0
2026-06-11,sh.600009,23.67,23.8,23.35,23.46,23.82,8390974.0,197084015.16,0.4101,1,-1.5113,0
2026-06-12,sh.600009,23.67,24.65,23.61,24.28,23.46,19803491.0,478788818.2,0.9678,1,3.4953,0
2026-06-15,sh.600009,24.48,24.69,24.07,24.2,24.28,13183801.0,320747138.28,0.6443,1,-0.3295,0
2026-06-16,sh.600009,24.2,24.22,23.71,23.79,24.2,8378378.0,199834987.55,0.4094,1,-1.6942,0
2026-06-17,sh.600009,23.79,23.95,23.51,23.6,23.79,7036983.0,166291110.31,0.3439,1,-0.7987,0
2026-06-18,sh.600009,23.52,23.6,23.1,23.16,23.6,8362342.0,194289184.92,0.4087,1,-1.8644,0
2026-06-22,sh.600009,23.11,23.45,22.5,23.34,23.16,15258868.0,350283206.3,0.7457,1,0.7772,0
2026-06-23,sh.600009,23.33,23.66,22.86,22.96,23.34,13525415.0,314104525.48,0.661,1,-1.6281,0
2026-06-24,sh.600009,22.96,23.17,22.46,22.54,22.96,11478439.0,260266861.77,0.5609,1,-1.8293,0
2026-06-25,sh.600009,22.54,23.46,22.5,23.3,22.54,17762363.0,409827094.53,0.868,1,3.3718,0
