date,code,open,high,low,close,preclose,volume,amount,turn,tradestatus,pctChg,isST
2022-01-04,sh.600000,7.24777844,7.28172588,7.23080472,7.27323902,7.23929158,37707647,322145532.4,0.1285,1,0.4689,0
2022-01-05,sh.600000,7.27323902,7.36659448,7.26475216,7.33264704,7.27323902,55459135,478834469.92,0.1889,1,0.8168,0
2022-01-06,sh.600000,7.34962076,7.34962076,7.26475216,7.27323902,7.33264704,41031062,352720657.09,0.1398,1,-0.8102,0
2022-01-07,sh.600000,7.27323902,7.40902878,7.27323902,7.39205506,7.27323902,63018297,546456194.37,0.2147,1,1.6336,0
2022-01-10,sh.600000,7.40054192,7.45146308,7.34962076,7.40054192,7.39205506,34055312,296601230.41,0.116,1,0.1148,0
2022-01-11,sh.600000,7.41751564,7.45146308,7.37508134,7.40902878,7.40054192,42646106,373093383.74,0.1453,1,0.1147,0
2022-01-12,sh.600000,7.4260025,7.4260025,7.32416018,7.37508134,7.40902878,41240670,358535694.14,0.1405,1,-0.4582,0
2022-01-13,sh.600000,7.40902878,7.5108711,7.37508134,7.40054192,7.37508134,48923692,429003208.44,0.1667,1,0.3452,0
2022-01-14,sh.600000,7.40054192,7.40054192,7.27323902,7.29021274,7.40054192,51060652,440215953.72,0.174,1,-1.4908,0
2022-01-17,sh.600000,7.27323902,7.32416018,7.27323902,7.27323902,7.29021274,22177975,190459847.06,0.0756,1,-0.2328,0
2022-01-18,sh.600000,7.28172588,7.34962076,7.2562653,7.32416018,7.27323902,39995195,344181260.49,0.1363,1,0.7001,0
2022-01-19,sh.600000,7.32416018,7.34962076,7.30718646,7.33264704,7.32416018,26257662,226931296.83,0.0895,1,0.1159,0
2022-01-20,sh.600000,7.34962076,7.48541052,7.33264704,7.4684368,7.33264704,82842044,724160482.59,0.2822,1,1.8519,0
2022-01-21,sh.600000,7.45146308,7.4684368,7.40054192,7.43448936,7.4684368,47572539,416684184.3,0.1621,1,-0.4545,0
2022-01-24,sh.600000,7.45994994,7.45994994,7.34962076,7.37508134,7.43448936,32489722,282465419.05,0.1107,1,-0.7991,0
2022-01-25,sh.600000,7.36659448,7.36659448,7.26475216,7.26475216,7.37508134,43312412,372488758.88,0.1476,1,-1.496,0
2022-01-26,sh.600000,7.27323902,7.29021274,7.24777844,7.27323902,7.26475216,23481959,201130974.27,0.08,1,0.1168,0
2022-01-27,sh.600000,7.2562653,7.26475216,7.1713967,7.1713967,7.27323902,56281031,477716811.34,0.1917,1,-1.4002,0
2022-01-28,sh.600000,7.19685728,7.22231786,7.13744926,7.13744926,7.1713967,43993766,372256637.07,0.1499,1,-0.4734,0
2022-02-07,sh.600000,7.19685728,7.2562653,7.16290984,7.23080472,7.13744926,39988312,340086709.11,0.1362,1,1.308,0
2022-02-08,sh.600000,7.23929158,7.35810762,7.22231786,7.3411339,7.23080472,47572520,409206610.69,0.1621,1,1.5258,0
2022-02-09,sh.600000,7.33264704,7.39205506,7.31567332,7.33264704,7.3411339,36223235,313861238.67,0.1234,1,-0.1156,0
2022-02-10,sh.600000,7.34962076,7.39205506,7.31567332,7.37508134,7.33264704,28716174,249045193.55,0.0978,1,0.5787,0
2022-02-11,sh.600000,7.3835682,7.43448936,7.35810762,7.41751564,7.37508134,37682874,328719166.09,0.1284,1,0.5754,0
2022-02-14,sh.600000,7.37508134,7.39205506,7.28172588,7.2986996,7.41751564,34727078,299136397.92,0.1183,1,-1.6018,0
2022-02-15,sh.600000,7.29021274,7.32416018,7.23080472,7.2562653,7.2986996,31680750,271300746.95,0.1079,1,-0.5814,0
2022-02-16,sh.600000,7.28172588,7.33264704,7.26475216,7.29021274,7.2562653,28609574,246064337.02,0.0975,1,0.4678,0
2022-02-17,sh.600000,7.2986996,7.32416018,7.26475216,7.26475216,7.29021274,24533221,210822959.41,0.0836,1,-0.3492,0
2022-02-18,sh.600000,7.2562653,7.35810762,7.23929158,7.35810762,7.26475216,34384620,296119868.38,0.1171,1,1.285,0
2022-02-21,sh.600000,7.33264704,7.33264704,7.2562653,7.2986996,7.35810762,24334270,208998929.56,0.0829,1,-0.8074,0
2022-02-22,sh.600000,7.27323902,7.29021274,7.23929158,7.28172588,7.2986996,32497174,278140362.19,0.1107,1,-0.2326,0
2022-02-23,sh.600000,7.29021274,7.29021274,7.23929158,7.24777844,7.28172588,29476392,251902283.19,0.1004,1,-0.4662,0
2022-02-24,sh.600000,7.24777844,7.2562653,7.1289624,7.16290984,7.24777844,47703559,404232342.33,0.1625,1,-1.171,0
2022-02-25,sh.600000,7.16290984,7.19685728,7.13744926,7.15442298,7.16290984,32239910,272095573.85,0.1098,1,-0.1185,0
2022-02-28,sh.600000,7.16290984,7.1713967,7.09501496,7.12047554,7.15442298,23393262,196216444.0,0.0797,1,-0.4745,0
2022-03-01,sh.600000,7.12047554,7.17988356,7.12047554,7.16290984,7.12047554,23540305,198243687.0,0.0802,1,0.5959,0
2022-03-02,sh.600000,7.13744926,7.17988356,7.1289624,7.14593612,7.16290984,16708051,140817898.0,0.0569,1,-0.237,0
2022-03-03,sh.600000,7.16290984,7.213831,7.15442298,7.17988356,7.14593612,19864647,167938715.0,0.0677,1,0.4751,0
2022-03-04,sh.600000,7.16290984,7.16290984,7.09501496,7.1289624,7.17988356,26395729,221531967.0,0.0899,1,-0.7092,0
2022-03-07,sh.600000,7.11198868,7.1289624,7.02712008,7.03560694,7.1289624,37177243,309677984.0,0.1267,1,-1.3095,0
2022-03-08,sh.600000,7.03560694,7.0440938,6.8319223,6.85738288,7.03560694,46688059,381542336.0,0.1591,1,-2.5332,0
2022-03-09,sh.600000,6.88284346,6.89981718,6.58580336,6.7046194,6.85738288,46035702,367319440.0,0.1568,1,-2.2277,0
2022-03-10,sh.600000,6.79797486,6.8319223,6.72159312,6.72159312,6.7046194,25181489,200622345.0,0.0858,1,0.2532,0
2022-03-11,sh.600000,6.69613254,6.80646172,6.59429022,6.79797486,6.72159312,33286005,262318143.0,0.1134,1,1.1364,0
2022-03-14,sh.600000,6.7470537,6.789488,6.7046194,6.71310626,6.79797486,22770866,180826437.0,0.0776,1,-1.2484,0
2022-03-15,sh.600000,6.72159312,6.73007998,6.45850046,6.47547418,6.71310626,48962295,379252432.0,0.1668,1,-3.5398,0
2022-03-16,sh.600000,6.52639534,6.6197508,6.38211872,6.59429022,6.47547418,41520083,318505392.0,0.1415,1,1.8349,0
2022-03-17,sh.600000,6.6621851,6.6621851,6.54336906,6.56882964,6.59429022,41495556,322981456.0,0.1414,1,-0.3861,0
2022-03-18,sh.600000,6.56034278,6.71310626,6.54336906,6.7046194,6.56882964,53179530,417702651.88,0.1812,1,2.0672,0
2022-03-21,sh.600000,6.65369824,6.65369824,6.56034278,6.58580336,6.7046194,38823962,302127785.85,0.1323,1,-1.7722,0
2022-03-22,sh.600000,6.59429022,6.68764568,6.5773165,6.64521138,6.58580336,28224469,220766831.56,0.0962,1,0.9021,0
2022-03-23,sh.600000,6.64521138,6.65369824,6.59429022,6.6197508,6.64521138,25553686,199580747.34,0.0871,1,-0.3831,0
2022-03-24,sh.600000,6.60277708,6.64521138,6.58580336,6.6197508,6.6197508,16687677,130087627.43,0.0569,1,0.0,0
2022-03-25,sh.600000,6.6197508,6.67067196,6.60277708,6.6197508,6.6197508,16474442,128855055.09,0.0561,1,0.0,0
2022-03-28,sh.600000,6.6197508,6.67915882,6.54336906,6.67067196,6.6197508,28783984,224838880.0,0.0981,1,0.7692,0
2022-03-29,sh.600000,6.64521138,6.67067196,6.6197508,6.63672452,6.67067196,22516978,176131297.07,0.0767,1,-0.5089,0
2022-03-30,sh.600000,6.65369824,6.72159312,6.63672452,6.72159312,6.63672452,29854369,235127475.03,0.1017,1,1.2788,0
2022-03-31,sh.600000,6.69613254,6.80646172,6.67067196,6.789488,6.72159312,25969772,206902403.85,0.0885,1,1.0101,0
2022-04-01,sh.600000,6.7470537,6.84889602,6.73856684,6.84889602,6.789488,31881345,255823775.39,0.1086,1,0.875,0
2022-04-06,sh.600000,6.789488,6.94225148,6.789488,6.93376462,6.84889602,42546117,345601824.94,0.145,1,1.2392,0
2022-04-07,sh.600000,6.92527776,6.94225148,6.84040916,6.84889602,6.93376462,31712143,257349868.47,0.108,1,-1.224,0
2022-04-08,sh.600000,6.84889602,6.89133032,6.80646172,6.88284346,6.84889602,24089173,194553784.73,0.0821,1,0.4957,0
2022-04-11,sh.600000,6.88284346,6.88284346,6.76402742,6.79797486,6.88284346,30015679,240997447.8,0.1023,1,-1.233,0
2022-04-12,sh.600000,6.80646172,6.9167909,6.77251428,6.88284346,6.79797486,31331939,252435317.7,0.1067,1,1.2484,0
2022-04-13,sh.600000,6.86586974,6.90830404,6.8319223,6.8743566,6.88284346,18501150,149849341.71,0.063,1,-0.1233,0
2022-04-14,sh.600000,6.88284346,6.9167909,6.8743566,6.88284346,6.8743566,18973150,154167548.18,0.0646,1,0.1235,0
2022-04-15,sh.600000,6.88284346,6.94225148,6.86586974,6.9167909,6.88284346,21811956,177849450.09,0.0743,1,0.4932,0
2022-04-18,sh.600000,6.89133032,6.90830404,6.79797486,6.81494858,6.9167909,21022369,169238878.94,0.0716,1,-1.4724,0
2022-04-19,sh.600000,6.82343544,6.90830404,6.81494858,6.90830404,6.81494858,24564490,198485790.32,0.0837,1,1.3699,0
2022-04-20,sh.600000,6.89981718,6.9167909,6.85738288,6.88284346,6.90830404,19143935,155238284.02,0.0652,1,-0.3686,0
2022-04-21,sh.600000,6.85738288,6.92527776,6.78100114,6.84889602,6.88284346,29228035,236728146.0,0.0996,1,-0.4932,0
2022-04-22,sh.600000,6.79797486,6.89133032,6.79797486,6.86586974,6.84889602,27612017,222997628.41,0.0941,1,0.2478,0
2022-04-25,sh.600000,6.80646172,6.8743566,6.62823766,6.63672452,6.86586974,53311550,426094147.76,0.1816,1,-3.3375,0
2022-04-26,sh.600000,6.65369824,6.78100114,6.61126394,6.67915882,6.63672452,38204259,301693697.62,0.1302,1,0.6394,0
2022-04-27,sh.600000,6.71310626,6.7470537,6.62823766,6.64521138,6.67915882,38688614,304687721.45,0.1318,1,-0.5083,0
2022-04-28,sh.600000,6.67067196,6.78100114,6.67067196,6.78100114,6.64521138,45175169,358888163.35,0.1539,1,2.0434,0
2022-04-29,sh.600000,6.77251428,6.84040916,6.67067196,6.81494858,6.78100114,44512846,354246099.7,0.1517,1,0.5006,0
2022-05-05,sh.600000,6.81494858,6.85738288,6.75554056,6.78100114,6.81494858,29133140,233186177.36,0.0993,1,-0.4981,0
2022-05-06,sh.600000,6.73856684,6.77251428,6.63672452,6.6621851,6.78100114,31795578,250345902.65,0.1083,1,-1.7522,0
2022-05-09,sh.600000,6.6621851,6.67067196,6.6197508,6.63672452,6.6621851,16035420,125476461.2,0.0546,1,-0.3822,0
2022-05-10,sh.600000,6.6197508,6.69613254,6.54336906,6.6621851,6.63672452,32991018,257366421.58,0.1124,1,0.3836,0
2022-05-11,sh.600000,6.65369824,6.7046194,6.62823766,6.67067196,6.6621851,25116815,197407269.46,0.0856,1,0.1274,0
2022-05-12,sh.600000,6.64521138,6.71310626,6.64521138,6.67915882,6.67067196,22352229,176091168.09,0.0762,1,0.1272,0
2022-05-13,sh.600000,6.71310626,6.8319223,6.7046194,6.8319223,6.67915882,37343358,298941532.93,0.1272,1,2.2872,0
2022-05-16,sh.600000,6.8319223,6.84889602,6.73007998,6.76402742,6.8319223,20990826,167326391.84,0.0715,1,-0.9938,0
2022-05-17,sh.600000,6.79797486,6.82343544,6.7470537,6.80646172,6.76402742,18714191,149733542.99,0.0638,1,0.6274,0
2022-05-18,sh.600000,6.77251428,6.79797486,6.72159312,6.7470537,6.80646172,19463913,154781980.2,0.0663,1,-0.8728,0
2022-05-19,sh.600000,6.72159312,6.77251428,6.69613254,6.71310626,6.7470537,19904191,157705908.85,0.0678,1,-0.5031,0
2022-05-20,sh.600000,6.73856684,6.8319223,6.72159312,6.82343544,6.71310626,32699572,262095154.1,0.1114,1,1.6435,0
2022-05-23,sh.600000,6.84040916,6.84040916,6.7470537,6.7470537,6.82343544,25527572,203770115.6,0.087,1,-1.1194,0
2022-05-24,sh.600000,6.75554056,6.76402742,6.67915882,6.68764568,6.7470537,26028514,205916168.03,0.0887,1,-0.8805,0
2022-05-25,sh.600000,6.72159312,6.73007998,6.6621851,6.68764568,6.68764568,21003364,165613956.59,0.0716,1,0.0,0
2022-05-26,sh.600000,6.69613254,6.72159312,6.65369824,6.7046194,6.68764568,23401589,184331253.01,0.0797,1,0.2538,0
2022-05-27,sh.600000,6.72159312,6.79797486,6.68764568,6.789488,6.7046194,31755338,252802576.64,0.1082,1,1.2658,0
2022-05-30,sh.600000,6.79797486,6.80646172,6.67915882,6.68764568,6.789488,35696257,282538705.14,0.1216,1,-1.5,0
2022-05-31,sh.600000,6.7046194,6.77251428,6.68764568,6.73856684,6.68764568,31750884,251916051.21,0.1082,1,0.7614,0
2022-06-01,sh.600000,6.73856684,6.73856684,6.69613254,6.71310626,6.73856684,18401941,145647638.39,0.0627,1,-0.3778,0
2022-06-02,sh.600000,6.69613254,6.71310626,6.67915882,6.69613254,6.71310626,18931116,149199713.01,0.0645,1,-0.2528,0
2022-06-06,sh.600000,6.67915882,6.7046194,6.63672452,6.67067196,6.69613254,33010527,259403166.92,0.1125,1,-0.3802,0
2022-06-07,sh.600000,6.65369824,6.69613254,6.64521138,6.68764568,6.67067196,30623076,240941764.48,0.1043,1,0.2545,0
2022-06-08,sh.600000,6.67915882,6.68764568,6.64521138,6.67067196,6.68764568,39555666,310775180.47,0.1348,1,-0.2538,0
2022-06-09,sh.600000,6.67067196,6.75554056,6.65369824,6.7470537,6.67067196,60606956,480180511.56,0.2065,1,1.145,0
2022-06-10,sh.600000,6.73007998,6.8319223,6.69613254,6.73007998,6.7470537,123446198,984436172.52,0.4206,1,-0.2516,0
2022-06-13,sh.600000,6.71310626,6.73007998,6.56882964,6.59429022,6.73007998,104597235,816472114.77,0.3564,1,-2.0177,0
2022-06-14,sh.600000,6.56882964,6.69613254,6.56034278,6.67915882,6.59429022,55047795,428964423.99,0.1875,1,1.287,0
2022-06-15,sh.600000,6.67067196,6.89981718,6.6621851,6.81494858,6.67915882,112759058,906495919.18,0.3842,1,2.033,0
2022-06-16,sh.600000,6.8319223,6.85738288,6.72159312,6.72159312,6.81494858,56889689,453897643.13,0.1938,1,-1.3699,0
2022-06-17,sh.600000,6.71310626,6.789488,6.69613254,6.76402742,6.72159312,35612494,283173437.15,0.1213,1,0.6313,0
2022-06-20,sh.600000,6.7470537,6.77251428,6.71310626,6.71310626,6.76402742,30065154,238320268.45,0.1024,1,-0.7528,0
2022-06-21,sh.600000,6.72159312,6.77251428,6.72159312,6.76402742,6.71310626,23245677,185071903.23,0.0792,1,0.7585,0
2022-06-22,sh.600000,6.75554056,6.76402742,6.71310626,6.72159312,6.76402742,20635582,163685600.62,0.0703,1,-0.6274,0
2022-06-23,sh.600000,6.73856684,6.76402742,6.71310626,6.76402742,6.72159312,23255144,184864875.41,0.0792,1,0.6313,0
2022-06-24,sh.600000,6.76402742,6.77251428,6.73007998,6.7470537,6.76402742,23665322,188294112.85,0.0806,1,-0.2509,0
2022-06-27,sh.600000,6.7470537,6.79797486,6.73856684,6.76402742,6.7470537,24067719,192131005.85,0.082,1,0.2516,0
2022-06-28,sh.600000,6.76402742,6.82343544,6.75554056,6.82343544,6.76402742,25729078,205871661.67,0.0877,1,0.8783,0
2022-06-29,sh.600000,6.79797486,6.84040916,6.789488,6.8319223,6.82343544,30299747,243477295.24,0.1032,1,0.1244,0
2022-06-30,sh.600000,6.8319223,6.84040916,6.789488,6.79797486,6.8319223,23369617,187691079.94,0.0796,1,-0.4969,0
2022-07-01,sh.600000,6.79797486,6.82343544,6.77251428,6.78100114,6.79797486,17846787,142651655.17,0.0608,1,-0.2497,0
2022-07-04,sh.600000,6.78100114,6.789488,6.73856684,6.75554056,6.78100114,18222009,145047089.17,0.0621,1,-0.3755,0
2022-07-05,sh.600000,6.75554056,6.789488,6.73856684,6.77251428,6.75554056,21322243,169924262.91,0.0726,1,0.2513,0
2022-07-06,sh.600000,6.76402742,6.77251428,6.67915882,6.7046194,6.77251428,28829658,227963132.47,0.0982,1,-1.0025,0
2022-07-07,sh.600000,6.68764568,6.72159312,6.67067196,6.67915882,6.7046194,18636395,147034169.93,0.0635,1,-0.3797,0
2022-07-08,sh.600000,6.7046194,6.7046194,6.67915882,6.68764568,6.67915882,12379190,97665056.88,0.0422,1,0.1271,0
2022-07-11,sh.600000,6.67915882,6.7046194,6.67067196,6.67915882,6.68764568,16195472,127636556.97,0.0552,1,-0.1269,0
2022-07-12,sh.600000,6.67067196,6.73856684,6.67067196,6.71310626,6.67915882,19889798,157433751.92,0.0678,1,0.5083,0
2022-07-13,sh.600000,6.73007998,6.73856684,6.6621851,6.6621851,6.71310626,30506523,240374854.35,0.1039,1,-0.7585,0
2022-07-14,sh.600000,6.65369824,6.67067196,6.5773165,6.61126394,6.6621851,40565878,315441408.76,0.1382,1,-0.7643,0
2022-07-15,sh.600000,6.58580336,6.6197508,6.4924479,6.50942162,6.61126394,47127632,364457390.78,0.1606,1,-1.5404,0
2022-07-18,sh.600000,6.51790848,6.61126394,6.51790848,6.61126394,6.50942162,25164232,195287190.73,0.0857,1,1.5645,0
2022-07-19,sh.600000,6.61126394,6.63672452,6.59429022,6.62823766,6.61126394,28872304,224891813.35,0.0984,1,0.2567,0
2022-07-20,sh.600000,6.6621851,6.6621851,6.59429022,6.61126394,6.62823766,39713402,309465405.69,0.1353,1,-0.2561,0
2022-07-21,sh.600000,6.629179,6.63813735,6.56647055,6.56647055,6.6112623,41541585,305408212.22,0.1415,1,-0.6775,0
2022-07-22,sh.600000,6.5754289,6.6112623,6.5754289,6.58438725,6.56647055,19660796,144713989.75,0.067,1,0.2729,0
2022-07-25,sh.600000,6.56647055,6.6112623,6.56647055,6.58438725,6.58438725,17093960,125744844.46,0.0582,1,0.0,0
2022-07-26,sh.600000,6.5933456,6.62022065,6.5754289,6.6112623,6.58438725,18730569,138030623.4,0.0638,1,0.4082,0
2022-07-27,sh.600000,6.5933456,6.60230395,6.56647055,6.5754289,6.6112623,17036417,125085329.43,0.058,1,-0.542,0
2022-07-28,sh.600000,6.58438725,6.60230395,6.5575122,6.56647055,6.5754289,21524372,158047423.27,0.0733,1,-0.1362,0
2022-07-29,sh.600000,6.58438725,6.58438725,6.47688705,6.5037621,6.56647055,43873316,319838541.19,0.1495,1,-0.955,0
2022-08-01,sh.600000,6.5037621,6.5216788,6.45897035,6.47688705,6.5037621,24438011,176997248.68,0.0833,1,-0.4132,0
2022-08-02,sh.600000,6.4679287,6.4679287,6.33355345,6.3962619,6.47688705,40986083,291570126.84,0.1396,1,-1.2448,0
2022-08-03,sh.600000,6.38730355,6.42313695,6.33355345,6.33355345,6.3962619,28144846,199887999.49,0.0959,1,-0.9804,0
2022-08-04,sh.600000,6.35147015,6.3604285,6.3245951,6.35147015,6.33355345,21294463,150760431.0,0.0725,1,0.2829,0
2022-08-05,sh.600000,6.35147015,6.4320953,6.3425118,6.40522025,6.35147015,22554203,160555049.0,0.0768,1,0.8463,0
2022-08-08,sh.600000,6.42313695,6.4320953,6.3783452,6.3783452,6.40522025,12981219,92667054.0,0.0442,1,-0.4196,0
2022-08-09,sh.600000,6.38730355,6.40522025,6.3604285,6.3783452,6.3783452,13023820,92757272.0,0.0444,1,0.0,0
2022-08-10,sh.600000,6.3783452,6.38730355,6.3425118,6.35147015,6.3783452,11674742,82872444.0,0.0398,1,-0.4213,0
2022-08-11,sh.600000,6.3783452,6.44105365,6.3604285,6.4320953,6.35147015,21910821,156858352.0,0.0746,1,1.2694,0
2022-08-12,sh.600000,6.44105365,6.5037621,6.42313695,6.4858454,6.4320953,22253354,160666706.0,0.0758,1,0.8357,0
2022-08-15,sh.600000,6.4858454,6.53063715,6.450012,6.45897035,6.4858454,20451392,148015692.83,0.0697,1,-0.4144,0
2022-08-16,sh.600000,6.45897035,6.5037621,6.4320953,6.44105365,6.45897035,17910142,129120992.61,0.061,1,-0.2774,0
2022-08-17,sh.600000,6.45897035,6.5395955,6.4320953,6.5216788,6.44105365,20980840,152061978.54,0.0715,1,1.2517,0
2022-08-18,sh.600000,6.51272045,6.51272045,6.44105365,6.45897035,6.5216788,12991819,93820911.18,0.0443,1,-0.9615,0
2022-08-19,sh.600000,6.4320953,6.5216788,6.4320953,6.450012,6.45897035,17544569,126989201.86,0.0598,1,-0.1387,0
2022-08-22,sh.600000,6.4320953,6.4858454,6.4141786,6.47688705,6.450012,13776616,99353492.44,0.0469,1,0.4167,0
2022-08-23,sh.600000,6.45897035,6.4679287,6.42313695,6.42313695,6.47688705,15047471,108111339.93,0.0513,1,-0.8299,0
2022-08-24,sh.600000,6.42313695,6.4679287,6.3962619,6.40522025,6.42313695,16855765,120996052.8,0.0574,1,-0.2789,0
2022-08-25,sh.600000,6.4141786,6.4679287,6.40522025,6.450012,6.40522025,15772556,113287116.52,0.0537,1,0.6993,0
2022-08-26,sh.600000,6.47688705,6.5037621,6.4320953,6.4679287,6.450012,17576235,126876440.71,0.0599,1,0.2778,0
2022-08-29,sh.600000,6.4141786,6.45897035,6.3783452,6.40522025,6.4679287,27600324,197253687.46,0.094,1,-0.9695,0
2022-08-30,sh.600000,6.3962619,6.450012,6.38730355,6.44105365,6.40522025,22541928,161534932.8,0.0768,1,0.5594,0
2022-08-31,sh.600000,6.42313695,6.5216788,6.40522025,6.51272045,6.44105365,39566130,286509308.75,0.1348,1,1.1127,0
2022-09-01,sh.600000,6.47688705,6.53063715,6.450012,6.47688705,6.51272045,23298388,169134999.27,0.0794,1,-0.5502,0
2022-09-02,sh.600000,6.4858454,6.51272045,6.450012,6.45897035,6.47688705,19975499,144236248.53,0.0681,1,-0.2766,0
2022-09-05,sh.600000,6.4320953,6.51272045,6.3962619,6.5037621,6.45897035,26646247,192171036.58,0.0908,1,0.6935,0
2022-09-06,sh.600000,6.49480375,6.5395955,6.4858454,6.5037621,6.5037621,21866681,159009208.09,0.0745,1,0.0,0
2022-09-07,sh.600000,6.47688705,6.5037621,6.4679287,6.4679287,6.5037621,16568470,119766057.06,0.0564,1,-0.551,0
2022-09-08,sh.600000,6.4858454,6.51272045,6.4679287,6.4858454,6.4679287,14478347,104930852.85,0.0493,1,0.277,0
2022-09-09,sh.600000,6.51272045,6.5754289,6.4858454,6.54855385,6.4858454,32423037,236986664.93,0.1105,1,0.9669,0
2022-09-13,sh.600000,6.5216788,6.5933456,6.51272045,6.58438725,6.54855385,23795140,174338448.0,0.0811,1,0.5472,0
2022-09-14,sh.600000,6.53063715,6.5754289,6.51272045,6.5216788,6.58438725,18649011,136014993.74,0.0635,1,-0.9524,0
2022-09-15,sh.600000,6.53063715,6.60230395,6.5216788,6.5575122,6.5216788,31940343,233945046.64,0.1088,1,0.5495,0
2022-09-16,sh.600000,6.5395955,6.5575122,6.3962619,6.3962619,6.5575122,33979138,245252583.87,0.1158,1,-2.459,0
2022-09-19,sh.600000,6.4141786,6.450012,6.3604285,6.4141786,6.3962619,22388073,160021576.57,0.0763,1,0.2801,0
2022-09-20,sh.600000,6.4141786,6.4320953,6.3604285,6.36938685,6.4141786,22247046,158496620.24,0.0758,1,-0.6983,0
2022-09-21,sh.600000,6.3604285,6.4141786,6.3425118,6.38730355,6.36938685,20026161,142605615.88,0.0682,1,0.2813,0
2022-09-22,sh.600000,6.36938685,6.3962619,6.3425118,6.3783452,6.38730355,19540404,138786681.54,0.0666,1,-0.1403,0
2022-09-23,sh.600000,6.3783452,6.4320953,6.35147015,6.4141786,6.3783452,21806262,155805817.23,0.0743,1,0.5618,0
2022-09-26,sh.600000,6.3783452,6.42313695,6.31563675,6.3245951,6.4141786,29503476,209607846.66,0.1005,1,-1.3966,0
2022-09-27,sh.600000,6.3066784,6.35147015,6.2887617,6.33355345,6.3245951,20128163,142035077.23,0.0686,1,0.1416,0
2022-09-28,sh.600000,6.31563675,6.3783452,6.2887617,6.3425118,6.33355345,25197590,178257967.49,0.0858,1,0.1414,0
2022-09-29,sh.600000,6.36938685,6.38730355,6.22605325,6.26188665,6.3425118,37072647,260386962.1,0.1263,1,-1.2712,0
2022-09-30,sh.600000,6.2887617,6.33355345,6.26188665,6.3066784,6.26188665,21572691,151907573.39,0.0735,1,0.7153,0
2022-10-10,sh.600000,6.3066784,6.35147015,6.27980335,6.29772005,6.3066784,20028296,141308416.0,0.0682,1,-0.142,0
2022-10-11,sh.600000,6.33355345,6.3425118,6.270845,6.27980335,6.29772005,18613647,130804312.03,0.0634,1,-0.2845,0
2022-10-12,sh.600000,6.27980335,6.31563675,6.2350116,6.31563675,6.27980335,20354488,142570655.09,0.0693,1,0.5706,0
2022-10-13,sh.600000,6.29772005,6.3066784,6.24396995,6.270845,6.31563675,24107256,168676264.32,0.0821,1,-0.7092,0
2022-10-14,sh.600000,6.29772005,6.33355345,6.27980335,6.29772005,6.270845,27342763,192757732.67,0.0932,1,0.4286,0
2022-10-17,sh.600000,6.31563675,6.31563675,6.270845,6.2887617,6.29772005,20616536,144892075.77,0.0702,1,-0.1422,0
2022-10-18,sh.600000,6.3066784,6.3245951,6.27980335,6.2887617,6.2887617,21908675,154099279.62,0.0746,1,0.0,0
2022-10-19,sh.600000,6.2887617,6.3066784,6.24396995,6.24396995,6.2887617,17988215,125873057.67,0.0613,1,-0.7123,0
2022-10-20,sh.600000,6.24396995,6.270845,6.2350116,6.24396995,6.24396995,19765093,137810612.94,0.0673,1,0.0,0
2022-10-21,sh.600000,6.26188665,6.2887617,6.19021985,6.1991782,6.24396995,24567888,170868902.53,0.0837,1,-0.7174,0
2022-10-24,sh.600000,6.20813655,6.2170949,6.091678,6.10063635,6.1991782,38610105,265091387.62,0.1315,1,-1.5896,0
2022-10-25,sh.600000,6.1633448,6.1633448,6.091678,6.1275114,6.10063635,26539881,181269047.48,0.0904,1,0.4405,0
2022-10-26,sh.600000,6.11855305,6.1454281,6.091678,6.1095947,6.1275114,20377311,139135071.24,0.0694,1,-0.2924,0
2022-10-27,sh.600000,6.11855305,6.15438645,6.10063635,6.1095947,6.1095947,21293652,145765770.23,0.0725,1,0.0,0
2022-10-28,sh.600000,6.1275114,6.15438645,6.04688625,6.091678,6.1095947,28234295,192577659.87,0.0962,1,-0.2933,0
2022-10-31,sh.600000,6.02896955,6.04688625,5.93938605,5.9483444,6.091678,32237373,215102267.57,0.1098,1,-2.3529,0
2022-11-01,sh.600000,5.9841778,6.0379279,5.95730275,6.0379279,5.9483444,27035074,181314549.45,0.0921,1,1.506,0
2022-11-02,sh.600000,6.0020945,6.0379279,5.9662611,6.01105285,6.0379279,24034116,160891463.49,0.0819,1,-0.4451,0
2022-11-03,sh.600000,6.01105285,6.01105285,5.9483444,5.9662611,6.01105285,21251911,141624735.14,0.0724,1,-0.7452,0
2022-11-04,sh.600000,5.95730275,6.091678,5.9483444,6.08271965,5.9662611,32665677,220460181.12,0.1113,1,1.952,0
2022-11-07,sh.600000,6.04688625,6.11855305,6.0379279,6.10063635,6.08271965,16269623,110507706.43,0.0554,1,0.2946,0
2022-11-08,sh.600000,6.11855305,6.11855305,6.06480295,6.08271965,6.10063635,15282862,103708976.91,0.0521,1,-0.2937,0
2022-11-09,sh.600000,6.06480295,6.1095947,6.06480295,6.08271965,6.08271965,13127494,89138502.17,0.0447,1,0.0,0
2022-11-10,sh.600000,6.04688625,6.091678,6.0379279,6.0737613,6.08271965,12601008,85330918.66,0.0429,1,-0.1473,0
2022-11-11,sh.600000,6.11855305,6.2529283,6.11855305,6.2170949,6.0737613,40237053,277525770.26,0.1371,1,2.3599,0
2022-11-14,sh.600000,6.2529283,6.35147015,6.2350116,6.29772005,6.2170949,43777420,308265880.99,0.1491,1,1.2968,0
2022-11-15,sh.600000,6.27980335,6.35147015,6.270845,6.3245951,6.29772005,25212063,177876453.12,0.0859,1,0.4267,0
2022-11-16,sh.600000,6.29772005,6.3245951,6.27980335,6.29772005,6.3245951,17398102,122332873.47,0.0593,1,-0.4249,0
2022-11-17,sh.600000,6.2887617,6.2887617,6.22605325,6.2529283,6.29772005,22026825,153691239.72,0.075,1,-0.7112,0
2022-11-18,sh.600000,6.26188665,6.270845,6.19021985,6.19021985,6.2529283,22662930,157460686.03,0.0772,1,-1.0029,0
2022-11-21,sh.600000,6.1812615,6.19021985,6.11855305,6.1633448,6.19021985,22374965,153475265.83,0.0762,1,-0.4342,0
2022-11-22,sh.600000,6.17230315,6.3066784,6.17230315,6.2887617,6.1633448,33424530,233200479.26,0.1139,1,2.0349,0
2022-11-23,sh.600000,6.27980335,6.3783452,6.26188665,6.31563675,6.2887617,36694389,259475308.38,0.125,1,0.4274,0
2022-11-24,sh.600000,6.3245951,6.3962619,6.29772005,6.29772005,6.31563675,21534531,152263201.73,0.0734,1,-0.2837,0
2022-11-25,sh.600000,6.3066784,6.4320953,6.3066784,6.42313695,6.29772005,43033799,307087081.81,0.1466,1,1.9915,0
2022-11-28,sh.600000,6.3604285,6.3604285,6.2529283,6.33355345,6.42313695,37873189,266592726.11,0.129,1,-1.3947,0
2022-11-29,sh.600000,6.3604285,6.5395955,6.3425118,6.51272045,6.33355345,68171227,492975278.3,0.2323,1,2.8289,0
2022-11-30,sh.600000,6.4858454,6.5395955,6.4679287,6.4679287,6.51272045,32346981,234334306.24,0.1102,1,-0.6878,0
2022-12-01,sh.600000,6.5216788,6.5754289,6.45897035,6.4679287,6.4679287,30040435,217886966.63,0.1023,1,0.0,0
2022-12-02,sh.600000,6.49480375,6.49480375,6.42313695,6.47688705,6.4679287,25722026,185354138.27,0.0876,1,0.1385,0
2022-12-05,sh.600000,6.5216788,6.60230395,6.4858454,6.5933456,6.47688705,47367357,346640963.01,0.1614,1,1.7981,0
2022-12-06,sh.600000,6.5575122,6.62022065,6.5395955,6.5933456,6.5933456,30550306,224448680.38,0.1041,1,0.0,0
2022-12-07,sh.600000,6.58438725,6.629179,6.5395955,6.5754289,6.5933456,31176550,229009592.53,0.1062,1,-0.2717,0
2022-12-08,sh.600000,6.5575122,6.62022065,6.54855385,6.6112623,6.5754289,25551776,187977673.67,0.0871,1,0.545,0
2022-12-09,sh.600000,6.60230395,6.62022065,6.5395955,6.5575122,6.6112623,38192346,280350287.48,0.1301,1,-0.813,0
2022-12-12,sh.600000,6.54855385,6.5933456,6.47688705,6.5037621,6.5575122,26708550,194644289.62,0.091,1,-0.8197,0
2022-12-13,sh.600000,6.51272045,6.58438725,6.49480375,6.5575122,6.5037621,18253626,133464501.58,0.0622,1,0.8264,0
2022-12-14,sh.600000,6.60230395,6.60230395,6.5037621,6.5575122,6.5575122,16180635,118352408.66,0.0551,1,0.0,0
2022-12-15,sh.600000,6.5216788,6.5575122,6.47688705,6.4858454,6.5575122,17471770,126757095.65,0.0595,1,-1.0929,0
2022-12-16,sh.600000,6.49480375,6.58438725,6.47688705,6.58438725,6.4858454,31704629,232171543.69,0.108,1,1.5193,0
2022-12-19,sh.600000,6.60230395,6.60230395,6.45897035,6.4858454,6.58438725,20432546,148576218.2,0.0696,1,-1.4966,0
2022-12-20,sh.600000,6.47688705,6.5216788,6.38730355,6.3962619,6.4858454,24800259,178369739.99,0.0845,1,-1.3812,0
2022-12-21,sh.600000,6.4679287,6.4858454,6.38730355,6.44105365,6.3962619,17252934,124209180.57,0.0588,1,0.7003,0
2022-12-22,sh.600000,6.5216788,6.54855385,6.450012,6.4858454,6.44105365,18662641,135509039.29,0.0636,1,0.6954,0
2022-12-23,sh.600000,6.44105365,6.51272045,6.42313695,6.44105365,6.4858454,12958464,93463047.04,0.0441,1,-0.6906,0
2022-12-26,sh.600000,6.44105365,6.45897035,6.3425118,6.3604285,6.44105365,20138533,143606823.71,0.0686,1,-1.2517,0
2022-12-27,sh.600000,6.38730355,6.53063715,6.3783452,6.4679287,6.3604285,24065192,173516852.37,0.082,1,1.6901,0
2022-12-28,sh.600000,6.4679287,6.5395955,6.450012,6.5395955,6.4679287,20901364,152167733.81,0.0712,1,1.108,0
2022-12-29,sh.600000,6.51272045,6.53063715,6.4320953,6.4858454,6.5395955,18367088,132652083.0,0.0626,1,-0.8219,0
2022-12-30,sh.600000,6.47688705,6.5395955,6.4679287,6.5216788,6.4858454,20352397,147932730.71,0.0693,1,0.5525,0
2023-01-03,sh.600000,6.51272045,6.5216788,6.42313695,6.47688705,6.5216788,25892521,187094064.41,0.0882,1,-0.6868,0
2023-01-04,sh.600000,6.51272045,6.58438725,6.47688705,6.54855385,6.47688705,30947081,226321372.05,0.1054,1,1.1065,0
2023-01-05,sh.600000,6.60230395,6.6112623,6.5395955,6.58438725,6.54855385,30162154,221617354.62,0.1028,1,0.5472,0
2023-01-06,sh.600000,6.58438725,6.6112623,6.54855385,6.5754289,6.58438725,20312881,149170537.85,0.0692,1,-0.1361,0
2023-01-09,sh.600000,6.6112623,6.6112623,6.5395955,6.5754289,6.5754289,19612260,143998210.6,0.0668,1,0.0,0
2023-01-10,sh.600000,6.58438725,6.58438725,6.5216788,6.5216788,6.5754289,16194647,118223821.86,0.0552,1,-0.8174,0
2023-01-11,sh.600000,6.54855385,6.5754289,6.51272045,6.5395955,6.5216788,19215541,140393995.92,0.0655,1,0.2747,0
2023-01-12,sh.600000,6.56647055,6.5754289,6.4858454,6.51272045,6.5395955,16849908,122554362.23,0.0574,1,-0.411,0
2023-01-13,sh.600000,6.53063715,6.58438725,6.51272045,6.5754289,6.51272045,21770211,159178131.61,0.0742,1,0.9629,0
2023-01-16,sh.600000,6.58438725,6.6112623,6.5216788,6.56647055,6.5754289,36816941,270170018.1,0.1254,1,-0.1362,0
2023-01-17,sh.600000,6.5754289,6.58438725,6.51272045,6.5395955,6.56647055,24222613,176749046.15,0.0825,1,-0.4093,0
2023-01-18,sh.600000,6.54855385,6.56647055,6.51272045,6.54855385,6.5395955,24494551,178868884.95,0.0835,1,0.137,0
2023-01-19,sh.600000,6.54855385,6.56647055,6.5037621,6.56647055,6.54855385,16713352,121983725.87,0.0569,1,0.2736,0
2023-01-20,sh.600000,6.5754289,6.5933456,6.5575122,6.5933456,6.56647055,20986958,154239831.26,0.0715,1,0.4093,0
2023-01-30,sh.600000,6.65605405,6.65605405,6.60230395,6.629179,6.5933456,31810739,235352030.45,0.1084,1,0.5435,0
2023-01-31,sh.600000,6.6470957,6.67397075,6.60230395,6.60230395,6.629179,28438220,210715444.24,0.0969,1,-0.4054,0
2023-02-01,sh.600000,6.629179,6.629179,6.56647055,6.5933456,6.60230395,18659542,137294549.42,0.0636,1,-0.1357,0
2023-02-02,sh.600000,6.62022065,6.62022065,6.5575122,6.5933456,6.5933456,21900191,160961795.16,0.0746,1,0.0,0
2023-02-03,sh.600000,6.56647055,6.58438725,6.51272045,6.51272045,6.5933456,29885527,217904607.79,0.1018,1,-1.2228,0
2023-02-06,sh.600000,6.49480375,6.49480375,6.45897035,6.49480375,6.51272045,22786780,164745210.23,0.0776,1,-0.2751,0
2023-02-07,sh.600000,6.51272045,6.51272045,6.4679287,6.4858454,6.49480375,15481821,112169271.32,0.0527,1,-0.1379,0
2023-02-08,sh.600000,6.4858454,6.51272045,6.4679287,6.47688705,6.4858454,13095025,94770356.76,0.0446,1,-0.1381,0
2023-02-09,sh.600000,6.47688705,6.5216788,6.4679287,6.5037621,6.47688705,10895965,79099151.19,0.0371,1,0.4149,0
2023-02-10,sh.600000,6.49480375,6.51272045,6.4679287,6.4858454,6.5037621,11944106,86527412.08,0.0407,1,-0.2755,0
2023-02-13,sh.600000,6.4679287,6.5037621,6.4320953,6.47688705,6.4858454,20449779,147742689.02,0.0697,1,-0.1381,0
2023-02-14,sh.600000,6.4858454,6.5037621,6.47688705,6.4858454,6.47688705,11929853,86373390.47,0.0406,1,0.1383,0
2023-02-15,sh.600000,6.4858454,6.49480375,6.44105365,6.450012,6.4858454,15467693,111509087.56,0.0527,1,-0.5525,0
2023-02-16,sh.600000,6.45897035,6.5037621,6.4320953,6.44105365,6.450012,18798353,135881168.82,0.064,1,-0.1389,0
2023-02-17,sh.600000,6.44105365,6.4679287,6.38730355,6.38730355,6.44105365,21148914,151882567.49,0.0721,1,-0.8345,0
2023-02-20,sh.600000,6.4141786,6.51272045,6.40522025,6.5037621,6.38730355,25613504,184902604.49,0.0873,1,1.8233,0
2023-02-21,sh.600000,6.5037621,6.5395955,6.47688705,6.53063715,6.5037621,16234446,118094160.8,0.0553,1,0.4132,0
2023-02-22,sh.600000,6.5216788,6.53063715,6.4858454,6.4858454,6.53063715,12971392,94204601.17,0.0442,1,-0.6859,0
2023-02-23,sh.600000,6.49480375,6.5216788,6.47688705,6.47688705,6.4858454,11436536,82898811.56,0.039,1,-0.1381,0
2023-02-24,sh.600000,6.4679287,6.5037621,6.4320953,6.4320953,6.47688705,16681114,120124647.88,0.0568,1,-0.6916,0
2023-02-27,sh.600000,6.4141786,6.450012,6.4141786,6.4141786,6.4320953,15800639,113363321.67,0.0538,1,-0.2786,0
2023-02-28,sh.600000,6.4320953,6.450012,6.3962619,6.4320953,6.4141786,17448100,125100407.89,0.0594,1,0.2793,0
2023-03-01,sh.600000,6.42313695,6.51272045,6.42313695,6.5037621,6.4320953,25661325,185861461.97,0.0874,1,1.1142,0
2023-03-02,sh.600000,6.47688705,6.53063715,6.47688705,6.51272045,6.5037621,17070002,124094304.53,0.0582,1,0.1377,0
2023-03-03,sh.600000,6.53063715,6.5933456,6.5037621,6.58438725,6.51272045,31094168,227583047.89,0.1059,1,1.1004,0
2023-03-06,sh.600000,6.58438725,6.60230395,6.54855385,6.56647055,6.58438725,24939950,182971731.43,0.085,1,-0.2721,0
2023-03-07,sh.600000,6.5575122,6.6829291,6.5395955,6.54855385,6.56647055,56642781,417960791.26,0.193,1,-0.2729,0
2023-03-08,sh.600000,6.5395955,6.5575122,6.49480375,6.54855385,6.54855385,19059038,138757482.3,0.0649,1,0.0,0
2023-03-09,sh.600000,6.54855385,6.5754289,6.49480375,6.51272045,6.54855385,18993344,138470614.89,0.0647,1,-0.5472,0
2023-03-10,sh.600000,6.4858454,6.5037621,6.40522025,6.40522025,6.51272045,27843826,200486041.89,0.0949,1,-1.6506,0
2023-03-13,sh.600000,6.31563675,6.35147015,6.29772005,6.3245951,6.40522025,51314997,362230489.57,0.1748,1,-1.2587,0
2023-03-14,sh.600000,6.3245951,6.33355345,6.270845,6.2887617,6.3245951,32453388,228164817.76,0.1106,1,-0.5666,0
2023-03-15,sh.600000,6.33355345,6.3604285,6.3245951,6.3425118,6.2887617,25072976,177677434.51,0.0854,1,0.8547,0
2023-03-16,sh.600000,6.3425118,6.42313695,6.31563675,6.3783452,6.3425118,28501314,203051783.76,0.0971,1,0.565,0
2023-03-17,sh.600000,6.3962619,6.4679287,6.3604285,6.36938685,6.3783452,36328142,260022747.71,0.1238,1,-0.1404,0
2023-03-20,sh.600000,6.3604285,6.4679287,6.3604285,6.38730355,6.36938685,26292154,188546315.84,0.0896,1,0.2813,0
2023-03-21,sh.600000,6.4141786,6.450012,6.38730355,6.38730355,6.38730355,18977675,135798122.46,0.0647,1,0.0,0
2023-03-22,sh.600000,6.40522025,6.44105365,6.3962619,6.4320953,6.38730355,16988375,121799288.59,0.0579,1,0.7013,0
2023-03-23,sh.600000,6.40522025,6.4679287,6.3962619,6.45897035,6.4320953,21506296,154656983.17,0.0733,1,0.4178,0
2023-03-24,sh.600000,6.44105365,6.49480375,6.4320953,6.45897035,6.45897035,25687826,185477855.99,0.0875,1,0.0,0
2023-03-27,sh.600000,6.47688705,6.47688705,6.40522025,6.40522025,6.45897035,19141397,137294385.82,0.0652,1,-0.8322,0
2023-03-28,sh.600000,6.4141786,6.44105365,6.3962619,6.4320953,6.40522025,16641290,119293208.81,0.0567,1,0.4196,0
2023-03-29,sh.600000,6.47688705,6.47688705,6.4141786,6.4141786,6.4320953,12685806,91087594.09,0.0432,1,-0.2786,0
2023-03-30,sh.600000,6.4320953,6.45897035,6.3783452,6.44105365,6.4141786,22504756,161359032.25,0.0767,1,0.419,0
2023-03-31,sh.600000,6.44105365,6.4858454,6.42313695,6.44105365,6.44105365,20048925,144423997.55,0.0683,1,0.0,0
2023-04-03,sh.600000,6.44105365,6.45897035,6.4141786,6.44105365,6.44105365,20246596,145394355.67,0.069,1,0.0,0
2023-04-04,sh.600000,6.44105365,6.4679287,6.4141786,6.45897035,6.44105365,25718197,184997550.02,0.0876,1,0.2782,0
2023-04-06,sh.600000,6.45897035,6.4679287,6.4320953,6.4320953,6.45897035,14740291,106072546.2,0.0502,1,-0.4161,0
2023-04-07,sh.600000,6.44105365,6.4858454,6.4141786,6.47688705,6.4320953,17465820,125889350.13,0.0595,1,0.6964,0
2023-04-10,sh.600000,6.45897035,6.4858454,6.44105365,6.45897035,6.47688705,17548307,126535778.97,0.0598,1,-0.2766,0
2023-04-11,sh.600000,6.47688705,6.47688705,6.4320953,6.4320953,6.45897035,20191251,145358006.59,0.0688,1,-0.4161,0
2023-04-12,sh.600000,6.450012,6.47688705,6.42313695,6.45897035,6.4320953,19475694,140373569.71,0.0664,1,0.4178,0
2023-04-13,sh.600000,6.4679287,6.53063715,6.450012,6.49480375,6.45897035,25779019,186717623.66,0.0878,1,0.5548,0
2023-04-14,sh.600000,6.5216788,6.54855385,6.49480375,6.51272045,6.49480375,25074604,182629852.35,0.0854,1,0.2759,0
2023-04-17,sh.600000,6.5037621,6.629179,6.5037621,6.62022065,6.51272045,36027756,264817274.97,0.1227,1,1.6506,0
2023-04-18,sh.600000,6.6112623,6.79938765,6.60230395,6.7545959,6.62022065,77412335,582499847.87,0.2637,1,2.0298,0
2023-04-19,sh.600000,6.70980415,6.7904293,6.65605405,6.74563755,6.7545959,52269783,393443029.29,0.1781,1,-0.1326,0
2023-04-20,sh.600000,6.7187625,6.88897115,6.7187625,6.8800128,6.74563755,72340661,550359765.73,0.2465,1,1.992,0
2023-04-21,sh.600000,6.87105445,6.92480455,6.78147095,6.79938765,6.8800128,50258973,383793225.29,0.1712,1,-1.1719,0
2023-04-24,sh.600000,6.79938765,6.8441794,6.69188745,6.70980415,6.79938765,43348471,326606926.22,0.1477,1,-1.3175,0
2023-04-25,sh.600000,6.74563755,6.8262627,6.7366792,6.7725126,6.70980415,42805282,323698544.59,0.1458,1,0.9346,0
2023-04-26,sh.600000,6.7725126,6.7725126,6.6470957,6.6829291,6.7725126,50919367,380460212.9,0.1735,1,-1.3228,0
2023-04-27,sh.600000,6.7008458,6.72772085,6.6470957,6.7008458,6.6829291,49269460,367760166.5,0.1679,1,0.2681,0
2023-04-28,sh.600000,6.69188745,6.85313775,6.69188745,6.808346,6.7008458,38841289,294352873.0,0.1323,1,1.6043,0
2023-05-04,sh.600000,6.7008458,6.94272125,6.58438725,6.8800128,6.808346,75866605,575141257.42,0.2585,1,1.0526,0
2023-05-05,sh.600000,6.8800128,7.0770965,6.8620961,6.9516796,6.8800128,67991125,529531596.76,0.2316,1,1.0417,0
2023-05-08,sh.600000,6.96063795,7.31897195,6.9516796,7.22938845,6.9516796,143117862,1148389705.0,0.4876,1,3.9948,0
2023-05-09,sh.600000,7.2920969,7.3637637,7.1129299,7.1308466,7.22938845,122058988,987860019.45,0.4158,1,-1.3631,0
2023-05-10,sh.600000,7.10397155,7.12188825,6.85313775,6.8979295,7.1308466,87338919,677598926.92,0.2976,1,-3.2663,0
2023-05-11,sh.600000,6.9158462,6.987513,6.85313775,6.87105445,6.8979295,43135406,332304491.0,0.147,1,-0.3896,0
2023-05-12,sh.600000,6.8979295,6.90688785,6.7904293,6.8262627,6.87105445,55003725,420040623.09,0.1874,1,-0.6519,0
2023-05-15,sh.600000,6.8262627,6.90688785,6.72772085,6.88897115,6.8262627,49175572,373081744.35,0.1675,1,0.9186,0
2023-05-16,sh.600000,6.8979295,6.9695963,6.8441794,6.87105445,6.88897115,41397733,318997696.88,0.141,1,-0.2601,0
2023-05-17,sh.600000,6.87105445,6.88897115,6.7904293,6.81730435,6.87105445,29442573,224614977.42,0.1003,1,-0.7823,0
2023-05-18,sh.600000,6.8441794,6.94272125,6.81730435,6.8800128,6.81730435,38714402,297590091.73,0.1319,1,0.9198,0
2023-05-19,sh.600000,6.87105445,6.87105445,6.7366792,6.7545959,6.8800128,35072548,265388165.98,0.1195,1,-1.8229,0
2023-05-22,sh.600000,6.7904293,6.808346,6.7366792,6.7545959,6.7545959,21174297,159997715.13,0.0721,1,0.0,0
2023-05-23,sh.600000,6.7545959,6.79938765,6.67397075,6.67397075,6.7545959,29213715,219372233.14,0.0995,1,-1.1936,0
2023-05-24,sh.600000,6.65605405,6.6650124,6.53063715,6.53063715,6.67397075,45145900,331690566.36,0.1538,1,-2.1477,0
2023-05-25,sh.600000,6.5037621,6.56647055,6.4858454,6.54855385,6.53063715,34408974,250361065.98,0.1172,1,0.2743,0
2023-05-26,sh.600000,6.54855385,6.5933456,6.49480375,6.5575122,6.54855385,18912850,138237160.62,0.0644,1,0.1368,0
2023-05-29,sh.600000,6.5575122,6.6829291,6.54855385,6.63813735,6.5575122,29624085,218780886.04,0.1009,1,1.2295,0
2023-05-30,sh.600000,6.6470957,6.6650124,6.5395955,6.60230395,6.63813735,26942819,198416676.49,0.0918,1,-0.5398,0
2023-05-31,sh.600000,6.60230395,6.60230395,6.53063715,6.58438725,6.60230395,26569353,194680268.75,0.0905,1,-0.2714,0
2023-06-01,sh.600000,6.56647055,6.58438725,6.5037621,6.5216788,6.58438725,30606250,223217358.23,0.1043,1,-0.9524,0
2023-06-02,sh.600000,6.53063715,6.5933456,6.53063715,6.58438725,6.5216788,20697156,151681592.4,0.0705,1,0.9615,0
2023-06-05,sh.600000,6.58438725,6.65605405,6.54855385,6.63813735,6.58438725,21286683,157069298.74,0.0725,1,0.8163,0
2023-06-06,sh.600000,6.63813735,6.74563755,6.5933456,6.6112623,6.63813735,33736363,251262503.62,0.1149,1,-0.4049,0
2023-06-07,sh.600000,6.629179,6.7187625,6.629179,6.6829291,6.6112623,21593403,161137015.02,0.0736,1,1.084,0
2023-06-08,sh.600000,6.70980415,6.79938765,6.65605405,6.78147095,6.6829291,27634633,207840752.31,0.0941,1,1.4745,0
2023-06-09,sh.600000,6.78147095,6.808346,6.74563755,6.7725126,6.78147095,22288077,168547960.99,0.0759,1,-0.1321,0
2023-06-12,sh.600000,6.7545959,6.7545959,6.65605405,6.65605405,6.7725126,20300133,151516728.31,0.0692,1,-1.7196,0
2023-06-13,sh.600000,6.65605405,6.7008458,6.629179,6.6829291,6.65605405,15724325,117086539.25,0.0536,1,0.4038,0
2023-06-14,sh.600000,6.7008458,6.72772085,6.629179,6.629179,6.6829291,17986091,134018713.59,0.0613,1,-0.8043,0
2023-06-15,sh.600000,6.65605405,6.70980415,6.62022065,6.67397075,6.629179,20936996,155705974.83,0.0713,1,0.6757,0
2023-06-16,sh.600000,6.67397075,6.69188745,6.62022065,6.65605405,6.67397075,26908579,199680699.18,0.0917,1,-0.2685,0
2023-06-19,sh.600000,6.63813735,6.6470957,6.5754289,6.5754289,6.65605405,17368652,128045971.2,0.0592,1,-1.2113,0
2023-06-20,sh.600000,6.5933456,6.60230395,6.53063715,6.53063715,6.5754289,20417397,149411204.48,0.0696,1,-0.6812,0
2023-06-21,sh.600000,6.53063715,6.60230395,6.51272045,6.51272045,6.53063715,20122147,147098242.39,0.0686,1,-0.2743,0
2023-06-26,sh.600000,6.51272045,6.5216788,6.3962619,6.4141786,6.51272045,34007942,244185921.46,0.1159,1,-1.5131,0
2023-06-27,sh.600000,6.40522025,6.47688705,6.3962619,6.44105365,6.4141786,18412655,132407800.99,0.0627,1,0.419,0
2023-06-28,sh.600000,6.450012,6.4679287,6.40522025,6.45897035,6.44105365,15806614,113547070.81,0.0539,1,0.2782,0
2023-06-29,sh.600000,6.45897035,6.49480375,6.4320953,6.4320953,6.45897035,21627405,155944843.4,0.0737,1,-0.4161,0
2023-06-30,sh.600000,6.42313695,6.51272045,6.42313695,6.4858454,6.4320953,19425283,140653932.21,0.0662,1,0.8357,0
2023-07-03,sh.600000,6.49480375,6.56647055,6.49480375,6.5575122,6.4858454,20873751,152174188.99,0.0711,1,1.105,0
2023-07-04,sh.600000,6.5395955,6.56647055,6.47688705,6.5216788,6.5575122,17447358,126841704.18,0.0594,1,-0.5464,0
2023-07-05,sh.600000,6.5037621,6.5216788,6.45897035,6.49480375,6.5216788,11396554,82596377.78,0.0388,1,-0.4121,0
2023-07-06,sh.600000,6.49480375,6.51272045,6.44105365,6.45897035,6.49480375,14827400,107119877.5,0.0505,1,-0.5517,0
2023-07-07,sh.600000,6.45897035,6.49480375,6.4320953,6.4679287,6.45897035,14748837,106398636.47,0.0502,1,0.1387,0
2023-07-10,sh.600000,6.4679287,6.49480375,6.450012,6.4679287,6.4679287,11410653,82406253.72,0.0389,1,0.0,0
2023-07-11,sh.600000,6.5037621,6.53063715,6.47688705,6.5216788,6.4679287,14074191,102272415.88,0.0479,1,0.831,0
2023-07-12,sh.600000,6.5216788,6.5575122,6.49480375,6.49480375,6.5216788,14414543,105021891.15,0.0491,1,-0.4121,0
2023-07-13,sh.600000,6.5395955,6.629179,6.51272045,6.629179,6.49480375,26925447,198390792.46,0.0917,1,2.069,0
2023-07-14,sh.600000,6.6470957,6.67397075,6.6112623,6.6650124,6.629179,19569658,145348729.76,0.0667,1,0.5405,0
2023-07-17,sh.600000,6.6650124,6.67397075,6.58438725,6.6470957,6.6650124,13992076,103339600.83,0.0477,1,-0.2688,0
2023-07-18,sh.600000,6.6470957,6.6470957,6.60230395,6.62022065,6.6470957,12026567,88895175.31,0.041,1,-0.4043,0
2023-07-19,sh.600000,6.5933456,6.65605405,6.5933456,6.63813735,6.62022065,18189577,134677036.16,0.062,1,0.2706,0
2023-07-20,sh.600000,6.65605405,6.7008458,6.629179,6.6470957,6.63813735,26686817,198503271.4,0.0909,1,0.135,0
2023-07-21,sh.600000,6.6470981,6.69390865,6.61901177,6.66582232,6.6470981,27661416,196813979.24,0.0942,1,0.2817,0
2023-07-24,sh.600000,6.62837388,6.70327076,6.61901177,6.67518443,6.66582232,25840210,184072421.96,0.088,1,0.1404,0
2023-07-25,sh.600000,6.72199498,6.82497819,6.71263287,6.80625397,6.67518443,31444763,227784692.42,0.1071,1,1.9635,0
2023-07-26,sh.600000,6.81561608,6.87178874,6.79689186,6.82497819,6.80625397,22818033,166416269.27,0.0777,1,0.2751,0
2023-07-27,sh.600000,6.86242663,6.9279614,6.82497819,6.89987507,6.82497819,26198753,193006451.05,0.0893,1,1.0974,0
2023-07-28,sh.600000,6.86242663,7.04030672,6.86242663,7.0215825,6.89987507,46528827,347454786.77,0.1585,1,1.7639,0
2023-07-31,sh.600000,7.06839305,7.15265204,7.04030672,7.1152036,7.0215825,52804227,400087142.64,0.1799,1,1.3333,0
2023-08-01,sh.600000,7.09647938,7.14328993,7.05903094,7.1152036,7.1152036,30934266,234625800.22,0.1054,1,0.0,0
2023-08-02,sh.600000,7.07775516,7.10584149,6.95604773,7.00285828,7.1152036,42654533,319717234.73,0.1453,1,-1.5789,0
2023-08-03,sh.600000,7.04030672,7.09647938,6.96540984,7.07775516,7.00285828,29329503,220449825.24,0.0999,1,1.0695,0
2023-08-04,sh.600000,7.10584149,7.16201415,7.05903094,7.09647938,7.07775516,34256817,260297665.13,0.1167,1,0.2646,0
2023-08-07,sh.600000,7.08711727,7.08711727,7.01222039,7.04030672,7.09647938,26012874,195449522.26,0.0886,1,-0.7916,0
2023-08-08,sh.600000,6.99349617,7.06839305,6.95604773,7.04030672,7.04030672,27001247,202344903.27,0.092,1,0.0,0
2023-08-09,sh.600000,7.0215825,7.06839305,6.99349617,7.06839305,7.04030672,17792571,133937331.63,0.0606,1,0.3989,0
2023-08-10,sh.600000,6.97477195,6.98413406,6.88115085,6.94668562,7.06839305,52865300,391107893.93,0.1801,1,-1.7219,0
2023-08-11,sh.600000,6.96540984,6.96540984,6.76880553,6.76880553,6.94668562,37051127,270665760.63,0.1262,1,-2.5606,0
2023-08-14,sh.600000,6.72199498,6.7407192,6.60028755,6.6470981,6.76880553,44245535,315007728.13,0.1507,1,-1.7981,0
2023-08-15,sh.600000,6.66582232,6.73135709,6.63773599,6.71263287,6.6470981,31218657,222582865.62,0.1064,1,0.9859,0
2023-08-16,sh.600000,6.69390865,6.73135709,6.66582232,6.68454654,6.71263287,22953985,163923268.64,0.0782,1,-0.4184,0
2023-08-17,sh.600000,6.67518443,6.68454654,6.60028755,6.6470981,6.68454654,37202484,263598981.08,0.1267,1,-0.5602,0
2023-08-18,sh.600000,6.6470981,6.71263287,6.61901177,6.61901177,6.6470981,28150555,200372018.68,0.0959,1,-0.4225,0
2023-08-21,sh.600000,6.60964966,6.65646021,6.51602856,6.51602856,6.61901177,42517681,298419531.44,0.1449,1,-1.5559,0
2023-08-22,sh.600000,6.53475278,6.59092544,6.52539067,6.56283911,6.51602856,32939985,230491370.31,0.1122,1,0.7184,0
2023-08-23,sh.600000,6.56283911,6.63773599,6.53475278,6.57220122,6.56283911,30151367,212210300.34,0.1027,1,0.1427,0
2023-08-24,sh.600000,6.58156333,6.60964966,6.53475278,6.54411489,6.57220122,24604979,172413193.49,0.0838,1,-0.4274,0
2023-08-25,sh.600000,6.54411489,6.63773599,6.52539067,6.60028755,6.54411489,24703830,174021380.63,0.0842,1,0.8584,0
2023-08-28,sh.600000,6.8343403,6.85306452,6.66582232,6.69390865,6.60028755,66648091,480922455.87,0.2271,1,1.4184,0
2023-08-29,sh.600000,6.7407192,6.7407192,6.58156333,6.61901177,6.69390865,50437460,357554835.41,0.1718,1,-1.1189,0
2023-08-30,sh.600000,6.6470981,6.6470981,6.56283911,6.58156333,6.61901177,28718303,202072785.18,0.0978,1,-0.5658,0
2023-08-31,sh.600000,6.58156333,6.63773599,6.53475278,6.53475278,6.58156333,32933152,231268204.86,0.1122,1,-0.7112,0
2023-09-01,sh.600000,6.54411489,6.59092544,6.54411489,6.56283911,6.53475278,21792955,152752421.82,0.0742,1,0.4298,0
2023-09-04,sh.600000,6.60964966,6.68454654,6.58156333,6.65646021,6.56283911,36814307,261369413.48,0.1254,1,1.4265,0
2023-09-05,sh.600000,6.6470981,6.66582232,6.58156333,6.59092544,6.65646021,22326770,157581031.86,0.0761,1,-0.9845,0
2023-09-06,sh.600000,6.57220122,6.63773599,6.57220122,6.63773599,6.59092544,16736457,118026826.23,0.057,1,0.7102,0
2023-09-07,sh.600000,6.63773599,6.6470981,6.57220122,6.59092544,6.63773599,20271873,143062805.76,0.0691,1,-0.7052,0
2023-09-08,sh.600000,6.58156333,6.60028755,6.553477,6.553477,6.59092544,18416554,129109493.57,0.0627,1,-0.5682,0
2023-09-11,sh.600000,6.57220122,6.63773599,6.553477,6.59092544,6.553477,24884950,175285112.31,0.0848,1,0.5714,0
2023-09-12,sh.600000,6.58156333,6.61901177,6.58156333,6.60964966,6.59092544,20976211,147913331.92,0.0715,1,0.2841,0
2023-09-13,sh.600000,6.63773599,6.6470981,6.59092544,6.60028755,6.60964966,20049817,141654379.56,0.0683,1,-0.1416,0
2023-09-14,sh.600000,6.62837388,6.66582232,6.60964966,6.65646021,6.60028755,35579855,252575927.9,0.1212,1,0.8511,0
2023-09-15,sh.600000,6.66582232,6.70327076,6.61901177,6.66582232,6.65646021,34081942,242512745.14,0.1161,1,0.1406,0
2023-09-18,sh.600000,6.63773599,6.6470981,6.58156333,6.61901177,6.66582232,22282093,157407866.81,0.0759,1,-0.7022,0
2023-09-19,sh.600000,6.62837388,6.67518443,6.60028755,6.67518443,6.61901177,28234575,200455770.63,0.0962,1,0.8487,0
2023-09-20,sh.600000,6.66582232,6.69390865,6.62837388,6.67518443,6.67518443,16303047,116256770.93,0.0555,1,0.0,0
2023-09-21,sh.600000,6.67518443,6.71263287,6.63773599,6.6470981,6.67518443,27306965,194557948.33,0.093,1,-0.4208,0
2023-09-22,sh.600000,6.6470981,6.72199498,6.61901177,6.72199498,6.6470981,32181271,229743638.46,0.1096,1,1.1268,0
2023-09-25,sh.600000,6.72199498,6.7407192,6.67518443,6.70327076,6.72199498,30717443,220116848.48,0.1047,1,-0.2786,0
2023-09-26,sh.600000,6.71263287,6.73135709,6.66582232,6.69390865,6.70327076,21886050,156520401.91,0.0746,1,-0.1397,0
2023-09-27,sh.600000,6.73135709,6.73135709,6.65646021,6.67518443,6.69390865,32067290,229044782.91,0.1093,1,-0.2797,0
2023-09-28,sh.600000,6.69390865,6.71263287,6.6470981,6.6470981,6.67518443,22435320,159899371.92,0.0764,1,-0.4208,0
2023-10-09,sh.600000,6.62837388,6.62837388,6.553477,6.58156333,6.6470981,27763130,195214392.39,0.0946,1,-0.9859,0
2023-10-10,sh.600000,6.67518443,6.68454654,6.56283911,6.56283911,6.58156333,24095561,169856240.67,0.0821,1,-0.2845,0
2023-10-11,sh.600000,6.60964966,6.62837388,6.56283911,6.57220122,6.56283911,24057412,169371363.46,0.082,1,0.1427,0
2023-10-12,sh.600000,6.63773599,6.71263287,6.60964966,6.68454654,6.57220122,36346964,259223143.18,0.1238,1,1.7094,0
2023-10-13,sh.600000,6.65646021,6.69390865,6.62837388,6.6470981,6.68454654,19650410,139771981.93,0.0669,1,-0.5602,0
2023-10-16,sh.600000,6.66582232,6.67518443,6.59092544,6.61901177,6.6470981,24907733,176097574.11,0.0849,1,-0.4225,0
2023-10-17,sh.600000,6.63773599,6.6470981,6.60028755,6.63773599,6.61901177,19029143,134630097.48,0.0648,1,0.2829,0
2023-10-18,sh.600000,6.61901177,6.65646021,6.60028755,6.60028755,6.63773599,21485721,152063023.64,0.0732,1,-0.5642,0
2023-10-19,sh.600000,6.59092544,6.60028755,6.39432113,6.40368324,6.60028755,61679771,425956887.36,0.2101,1,-2.9787,0
2023-10-20,sh.600000,6.37559691,6.48794223,6.3662348,6.43176957,6.40368324,31067950,213203780.58,0.1058,1,0.4386,0
2023-10-23,sh.600000,6.43176957,6.45049379,6.3662348,6.39432113,6.43176957,23824321,163199041.16,0.0812,1,-0.5822,0
2023-10-24,sh.600000,6.41304535,6.42240746,6.37559691,6.38495902,6.39432113,28129297,192108544.11,0.0958,1,-0.1464,0
2023-10-25,sh.600000,6.42240746,6.48794223,6.39432113,6.48794223,6.38495902,26841192,184734449.61,0.0914,1,1.6129,0
2023-10-26,sh.600000,6.48794223,6.57220122,6.45049379,6.51602856,6.48794223,24739484,172369037.77,0.0843,1,0.4329,0
2023-10-27,sh.600000,6.51602856,6.57220122,6.49730434,6.54411489,6.51602856,19465758,136008279.63,0.0663,1,0.431,0
2023-10-30,sh.600000,6.42240746,6.45049379,6.33814847,6.3662348,6.54411489,52388866,357184227.0,0.1785,1,-2.7182,0
2023-10-31,sh.600000,6.35687269,6.40368324,6.34751058,6.38495902,6.3662348,26173217,178254033.89,0.0892,1,0.2941,0
2023-11-01,sh.600000,6.39432113,6.44113168,6.3662348,6.42240746,6.38495902,28272210,193451603.11,0.0963,1,0.5865,0
2023-11-02,sh.600000,6.4598559,6.50666645,6.42240746,6.49730434,6.42240746,24611088,170407885.62,0.0838,1,1.1662,0
2023-11-03,sh.600000,6.49730434,6.50666645,6.45049379,6.45049379,6.49730434,22202536,153480943.05,0.0756,1,-0.7205,0
2023-11-06,sh.600000,6.45049379,6.51602856,6.45049379,6.49730434,6.45049379,19432835,134702056.9,0.0662,1,0.7257,0
2023-11-07,sh.600000,6.47858012,6.49730434,6.45049379,6.46921801,6.49730434,15913010,110004329.39,0.0542,1,-0.4323,0
2023-11-08,sh.600000,6.4598559,6.47858012,6.43176957,6.4598559,6.46921801,17761233,122454641.59,0.0605,1,-0.1447,0
2023-11-09,sh.600000,6.4598559,6.51602856,6.44113168,6.48794223,6.4598559,21910350,151983647.33,0.0746,1,0.4348,0
2023-11-10,sh.600000,6.46921801,6.51602856,6.42240746,6.44113168,6.48794223,20458993,141085870.4,0.0697,1,-0.7215,0
2023-11-13,sh.600000,6.44113168,6.4598559,6.38495902,6.44113168,6.44113168,14168068,97098284.78,0.0483,1,0.0,0
2023-11-14,sh.600000,6.43176957,6.46921801,6.43176957,6.44113168,6.44113168,13777480,94936059.64,0.0469,1,0.0,0
2023-11-15,sh.600000,6.48794223,6.54411489,6.46921801,6.51602856,6.44113168,24340030,169286980.73,0.0829,1,1.1628,0
2023-11-16,sh.600000,6.52539067,6.53475278,6.47858012,6.48794223,6.51602856,14412881,100069369.46,0.0491,1,-0.431,0
2023-11-17,sh.600000,6.49730434,6.49730434,6.41304535,6.42240746,6.48794223,20775396,142782027.68,0.0708,1,-1.0101,0
2023-11-20,sh.600000,6.44113168,6.47858012,6.39432113,6.46921801,6.42240746,18326582,126204997.11,0.0624,1,0.7289,0
2023-11-21,sh.600000,6.49730434,6.553477,6.47858012,6.51602856,6.46921801,29684278,206909185.04,0.1011,1,0.7236,0
2023-11-22,sh.600000,6.52539067,6.54411489,6.49730434,6.49730434,6.51602856,17540802,122178498.11,0.0598,1,-0.2874,0
2023-11-23,sh.600000,6.48794223,6.51602856,6.45049379,6.48794223,6.49730434,15742059,108872443.58,0.0536,1,-0.1441,0
2023-11-24,sh.600000,6.48794223,6.53475278,6.47858012,6.50666645,6.48794223,20165282,140204488.66,0.0687,1,0.2886,0
2023-11-27,sh.600000,6.51602856,6.52539067,6.42240746,6.4598559,6.50666645,23107698,159319644.96,0.0787,1,-0.7194,0
2023-11-28,sh.600000,6.47858012,6.47858012,6.42240746,6.43176957,6.4598559,18249280,125495682.6,0.0622,1,-0.4348,0
2023-11-29,sh.600000,6.44113168,6.44113168,6.3662348,6.38495902,6.43176957,28416567,193955098.34,0.0968,1,-0.7278,0
2023-11-30,sh.600000,6.38495902,6.45049379,6.38495902,6.41304535,6.38495902,31711200,217508581.9,0.108,1,0.4399,0
2023-12-01,sh.600000,6.41304535,6.4598559,6.38495902,6.41304535,6.41304535,28946191,198723791.1,0.0986,1,0.0,0
2023-12-04,sh.600000,6.42240746,6.43176957,6.37559691,6.37559691,6.41304535,18858701,128887073.76,0.0642,1,-0.5839,0
2023-12-05,sh.600000,6.38495902,6.38495902,6.26325159,6.28197581,6.37559691,34604936,233696141.36,0.1179,1,-1.4684,0
2023-12-06,sh.600000,6.2726137,6.28197581,6.18835471,6.18835471,6.28197581,39833177,264013330.62,0.1357,1,-1.4903,0
2023-12-07,sh.600000,6.18835471,6.21644104,6.11345783,6.18835471,6.18835471,30541661,201249908.84,0.1041,1,0.0,0
2023-12-08,sh.600000,6.1789926,6.25388948,6.16026838,6.24452737,6.18835471,29519687,196385671.98,0.1006,1,0.9077,0
2023-12-11,sh.600000,6.21644104,6.29133792,6.11345783,6.29133792,6.24452737,33616409,222209869.25,0.1145,1,0.7496,0
2023-12-12,sh.600000,6.25388948,6.30070003,6.21644104,6.28197581,6.29133792,17003582,113954197.73,0.0579,1,-0.1488,0
2023-12-13,sh.600000,6.2726137,6.31942425,6.24452737,6.28197581,6.28197581,28683394,192579846.33,0.0977,1,0.0,0
2023-12-14,sh.600000,6.2726137,6.29133792,6.20707893,6.21644104,6.28197581,19863107,132441280.68,0.0677,1,-1.0432,0
2023-12-15,sh.600000,6.23516526,6.2726137,6.15090627,6.15090627,6.21644104,33702985,223425091.65,0.1148,1,-1.0542,0
2023-12-18,sh.600000,6.15090627,6.18835471,6.09473361,6.16026838,6.15090627,27523762,180979296.54,0.0938,1,0.1522,0
2023-12-19,sh.600000,6.16026838,6.16963049,6.11345783,6.14154416,6.16026838,18988512,124564888.18,0.0647,1,-0.304,0
2023-12-20,sh.600000,6.16026838,6.19771682,6.11345783,6.11345783,6.14154416,19369874,127359291.18,0.066,1,-0.4573,0
2023-12-21,sh.600000,6.10409572,6.16963049,6.07600939,6.15090627,6.11345783,28140927,184156559.89,0.0959,1,0.6126,0
2023-12-22,sh.600000,6.15090627,6.18835471,6.11345783,6.16026838,6.15090627,23589282,155129803.22,0.0804,1,0.1522,0
2023-12-25,sh.600000,6.14154416,6.18835471,6.13218205,6.16026838,6.16026838,12904349,84908527.84,0.044,1,0.0,0
2023-12-26,sh.600000,6.15090627,6.1789926,6.12281994,6.14154416,6.16026838,11934542,78321375.74,0.0407,1,-0.304,0
2023-12-27,sh.600000,6.14154416,6.18835471,6.09473361,6.1789926,6.14154416,18422704,120867594.46,0.0628,1,0.6098,0
2023-12-28,sh.600000,6.1789926,6.26325159,6.16963049,6.25388948,6.1789926,34802733,231691607.7,0.1186,1,1.2121,0
2023-12-29,sh.600000,6.23516526,6.2726137,6.18835471,6.19771682,6.25388948,33801429,224306296.9,0.1152,1,-0.8982,0
2024-01-02,sh.600000,6.20707893,6.22580315,6.1789926,6.1789926,6.19771682,22066700,146066303.72,0.0752,1,-0.3021,0
2024-01-03,sh.600000,6.16963049,6.22580315,6.16963049,6.21644104,6.1789926,18203654,120639706.01,0.062,1,0.6061,0
2024-01-04,sh.600000,6.21644104,6.24452737,6.13218205,6.19771682,6.21644104,28885978,190580609.99,0.0984,1,-0.3012,0
2024-01-05,sh.600000,6.1789926,6.32878636,6.16963049,6.25388948,6.19771682,44421387,296976885.79,0.1513,1,0.9063,0
2024-01-08,sh.600000,6.25388948,6.28197581,6.14154416,6.16963049,6.25388948,37520337,247977824.98,0.1278,1,-1.3473,0
2024-01-09,sh.600000,6.1789926,6.21644104,6.12281994,6.18835471,6.16963049,30741897,202647645.73,0.1047,1,0.3035,0
2024-01-10,sh.600000,6.18835471,6.20707893,6.15090627,6.15090627,6.18835471,22240946,146695926.3,0.0758,1,-0.6051,0
2024-01-11,sh.600000,6.14154416,6.16963049,6.10409572,6.11345783,6.15090627,35914708,235312057.56,0.1224,1,-0.6088,0
2024-01-12,sh.600000,6.10409572,6.14154416,6.0853715,6.0853715,6.11345783,34624053,225743841.46,0.118,1,-0.4594,0
2024-01-15,sh.600000,6.0853715,6.12281994,6.05728517,6.09473361,6.0853715,28694155,186476697.92,0.0978,1,0.1538,0
2024-01-16,sh.600000,6.07600939,6.1789926,6.07600939,6.16963049,6.09473361,53186496,348808283.05,0.1812,1,1.2289,0
2024-01-17,sh.600000,6.16026838,6.19771682,6.10409572,6.11345783,6.16963049,48249869,316982892.41,0.1644,1,-0.9105,0
2024-01-18,sh.600000,6.11345783,6.16026838,5.95430196,6.14154416,6.11345783,73994422,477803910.09,0.2521,1,0.4594,0
2024-01-19,sh.600000,6.10409572,6.19771682,6.05728517,6.16963049,6.14154416,57640079,378165074.88,0.1964,1,0.4573,0
2024-01-22,sh.600000,6.16026838,6.24452737,6.11345783,6.16963049,6.16963049,67173480,445086464.92,0.2289,1,0.0,0
2024-01-23,sh.600000,6.16026838,6.22580315,6.0853715,6.19771682,6.16963049,33298531,218923249.13,0.1134,1,0.4552,0
2024-01-24,sh.600000,6.21644104,6.30070003,6.1789926,6.28197581,6.19771682,53746498,358343156.55,0.1831,1,1.3595,0
2024-01-25,sh.600000,6.30070003,6.3662348,6.2726137,6.33814847,6.28197581,50256871,339203853.25,0.1712,1,0.8942,0
2024-01-26,sh.600000,6.34751058,6.46921801,6.31942425,6.43176957,6.33814847,70997933,485347720.86,0.2419,1,1.4771,0
2024-01-29,sh.600000,6.42240746,6.52539067,6.41304535,6.4598559,6.43176957,55269921,381908899.02,0.1883,1,0.4367,0
2024-01-30,sh.600000,6.4598559,6.50666645,6.38495902,6.39432113,6.4598559,40737046,280193765.6,0.1388,1,-1.0145,0
2024-01-31,sh.600000,6.37559691,6.44113168,6.31006214,6.39432113,6.39432113,45661999,311141441.37,0.1556,1,0.0,0
2024-02-01,sh.600000,6.39432113,6.44113168,6.34751058,6.3662348,6.39432113,44252421,302115559.82,0.1508,1,-0.4392,0
2024-02-02,sh.600000,6.38495902,6.47858012,6.29133792,6.40368324,6.3662348,59482913,407459709.56,0.2027,1,0.5882,0
2024-02-05,sh.600000,6.40368324,6.47858012,6.32878636,6.45049379,6.40368324,82713695,566786780.1,0.2818,1,0.731,0
2024-02-06,sh.600000,6.45049379,6.553477,6.42240746,6.553477,6.45049379,71683218,498307470.73,0.2442,1,1.5965,0
2024-02-07,sh.600000,6.57220122,6.58156333,6.41304535,6.49730434,6.553477,83731296,580014440.67,0.2853,1,-0.8571,0
2024-02-08,sh.600000,6.50666645,6.52539067,6.38495902,6.51602856,6.49730434,67164744,463209887.72,0.2288,1,0.2882,0
2024-02-19,sh.600000,6.53475278,6.67518443,6.50666645,6.66582232,6.51602856,57869788,407648425.03,0.1972,1,2.2989,0
2024-02-20,sh.600000,6.67518443,6.69390865,6.60964966,6.6470981,6.66582232,32408954,230505757.0,0.1104,1,-0.2809,0
2024-02-21,sh.600000,6.65646021,6.85306452,6.63773599,6.77816764,6.6470981,58809554,426038720.01,0.2004,1,1.9718,0
2024-02-22,sh.600000,6.77816764,6.80625397,6.72199498,6.75008131,6.77816764,33665209,242967428.02,0.1147,1,-0.4144,0
2024-02-23,sh.600000,6.75008131,6.86242663,6.7407192,6.81561608,6.75008131,37939600,276331223.8,0.1293,1,0.9709,0
2024-02-26,sh.600000,6.79689186,6.81561608,6.63773599,6.6470981,6.81561608,42483070,304097863.96,0.1447,1,-2.4725,0
2024-02-27,sh.600000,6.61901177,6.69390865,6.60964966,6.68454654,6.6470981,24862246,176742731.7,0.0847,1,0.5634,0
2024-02-28,sh.600000,6.66582232,6.70327076,6.62837388,6.6470981,6.68454654,35826714,255229185.7,0.1221,1,-0.5602,0
2024-02-29,sh.600000,6.65646021,6.71263287,6.63773599,6.69390865,6.6470981,34288217,244498953.23,0.1168,1,0.7042,0
2024-03-01,sh.600000,6.67518443,6.70327076,6.6470981,6.65646021,6.69390865,29431801,209474047.73,0.1003,1,-0.5594,0
2024-03-04,sh.600000,6.66582232,6.66582232,6.60028755,6.61901177,6.65646021,27855963,197157049.95,0.0949,1,-0.5626,0
2024-03-05,sh.600000,6.60028755,6.72199498,6.59092544,6.70327076,6.61901177,41756232,297676104.18,0.1423,1,1.273,0
2024-03-06,sh.600000,6.71263287,6.75944342,6.66582232,6.66582232,6.70327076,25918749,185847810.33,0.0883,1,-0.5587,0
2024-03-07,sh.600000,6.66582232,6.7407192,6.65646021,6.68454654,6.66582232,24690348,176664368.68,0.0841,1,0.2809,0
2024-03-08,sh.600000,6.66582232,6.71263287,6.65646021,6.66582232,6.68454654,19861794,141724066.3,0.0677,1,-0.2801,0
2024-03-11,sh.600000,6.67518443,6.71263287,6.60964966,6.65646021,6.66582232,26195498,185957986.47,0.0892,1,-0.1404,0
2024-03-12,sh.600000,6.65646021,6.69390865,6.62837388,6.6470981,6.65646021,29030476,206425806.43,0.0989,1,-0.1406,0
2024-03-13,sh.600000,6.66582232,6.66582232,6.58156333,6.59092544,6.6470981,25948461,183084895.29,0.0884,1,-0.8451,0
2024-03-14,sh.600000,6.59092544,6.63773599,6.58156333,6.59092544,6.59092544,18703556,131973016.08,0.0637,1,0.0,0
2024-03-15,sh.600000,6.59092544,6.63773599,6.58156333,6.63773599,6.59092544,29599544,208970012.26,0.1008,1,0.7102,0
2024-03-18,sh.600000,6.60964966,6.67518443,6.60964966,6.63773599,6.63773599,26558472,188382260.48,0.0905,1,0.0,0
2024-03-19,sh.600000,6.62837388,6.62837388,6.56283911,6.56283911,6.63773599,22848715,160809197.78,0.0778,1,-1.1283,0
2024-03-20,sh.600000,6.56283911,6.60964966,6.53475278,6.58156333,6.56283911,19542993,137292231.62,0.0666,1,0.2853,0
2024-03-21,sh.600000,6.60964966,6.67518443,6.58156333,6.6470981,6.58156333,41924870,297257990.39,0.1428,1,0.9957,0
2024-03-22,sh.600000,6.62837388,6.66582232,6.51602856,6.59092544,6.6470981,35960453,252638801.75,0.1225,1,-0.8451,0
2024-03-25,sh.600000,6.60964966,6.63773599,6.56283911,6.60964966,6.59092544,24439536,172644826.72,0.0833,1,0.2841,0
2024-03-26,sh.600000,6.63773599,6.69390865,6.61901177,6.69390865,6.60964966,35111522,250044910.26,0.1196,1,1.2748,0
2024-03-27,sh.600000,6.68454654,6.76880553,6.65646021,6.71263287,6.69390865,41943066,301380699.61,0.1429,1,0.2797,0
2024-03-28,sh.600000,6.73135709,6.7407192,6.65646021,6.71263287,6.71263287,34535966,246970623.06,0.1177,1,0.0,0
2024-03-29,sh.600000,6.67518443,6.73135709,6.65646021,6.67518443,6.71263287,18138885,129562450.79,0.0618,1,-0.5579,0
2024-04-01,sh.600000,6.69390865,6.77816764,6.68454654,6.76880553,6.67518443,36028832,259657243.84,0.1227,1,1.4025,0
2024-04-02,sh.600000,6.77816764,6.84370241,6.75944342,6.80625397,6.76880553,35095170,255236209.73,0.1196,1,0.5533,0
2024-04-03,sh.600000,6.76880553,6.81561608,6.73135709,6.76880553,6.80625397,25254107,182860243.77,0.086,1,-0.5502,0
2024-04-08,sh.600000,6.76880553,6.85306452,6.73135709,6.81561608,6.76880553,32764493,238582732.19,0.1116,1,0.6916,0
2024-04-09,sh.600000,6.82497819,6.85306452,6.78752975,6.79689186,6.81561608,20335543,147972234.27,0.0693,1,-0.2747,0
2024-04-10,sh.600000,6.79689186,6.86242663,6.76880553,6.80625397,6.79689186,22436726,163551937.26,0.0764,1,0.1377,0
2024-04-11,sh.600000,6.76880553,6.81561608,6.73135709,6.77816764,6.80625397,25364241,183441391.9,0.0864,1,-0.4127,0
2024-04-12,sh.600000,6.7407192,6.79689186,6.66582232,6.67518443,6.77816764,32809731,235493709.56,0.1118,1,-1.5193,0
2024-04-15,sh.600000,6.66582232,6.8343403,6.66582232,6.8343403,6.67518443,48310304,350007625.51,0.1646,1,2.3843,0
2024-04-16,sh.600000,6.78752975,6.85306452,6.75008131,6.79689186,6.8343403,40203325,292494125.51,0.137,1,-0.5479,0
2024-04-17,sh.600000,6.79689186,6.88115085,6.72199498,6.87178874,6.79689186,43151857,314102077.41,0.147,1,1.1019,0
2024-04-18,sh.600000,6.87178874,6.98413406,6.84370241,6.86242663,6.87178874,46822476,345482145.75,0.1595,1,-0.1362,0
2024-04-19,sh.600000,6.85306452,6.9279614,6.79689186,6.87178874,6.86242663,38004160,278975860.17,0.1295,1,0.1364,0
2024-04-22,sh.600000,6.89051296,6.95604773,6.81561608,6.82497819,6.87178874,32694690,240124243.63,0.1114,1,-0.6812,0
2024-04-23,sh.600000,6.85306452,6.9279614,6.78752975,6.87178874,6.82497819,44055644,323208600.36,0.1501,1,0.6859,0
2024-04-24,sh.600000,6.90923718,6.9279614,6.8343403,6.89051296,6.87178874,24758859,181997245.48,0.0844,1,0.2725,0
2024-04-25,sh.600000,6.86242663,6.94668562,6.84370241,6.93732351,6.89051296,24676934,182019255.18,0.0841,1,0.6793,0
2024-04-26,sh.600000,6.93732351,7.00285828,6.88115085,6.94668562,6.93732351,45846571,339924206.16,0.1562,1,0.135,0
2024-04-29,sh.600000,6.91859929,7.04030672,6.8343403,6.94668562,6.94668562,39317757,292685761.37,0.134,1,0.0,0
2024-04-30,sh.600000,7.09647938,7.33989424,7.07775516,7.2088247,6.94668562,105472788,813284484.01,0.3593,1,3.7736,0
2024-05-06,sh.600000,7.32117002,7.38670479,7.25563525,7.34925635,7.2088247,85937325,673787209.32,0.2928,1,1.9481,0
2024-05-07,sh.600000,7.34925635,7.35861846,7.22754892,7.32117002,7.34925635,46269505,360376177.51,0.1576,1,-0.3822,0
2024-05-08,sh.600000,7.31180791,7.34925635,7.28372158,7.3024458,7.32117002,30377893,237540800.0,0.1035,1,-0.2558,0
2024-05-09,sh.600000,7.3024458,7.34925635,7.26499736,7.3024458,7.3024458,33942090,264867395.7,0.1156,1,0.0,0
2024-05-10,sh.600000,7.31180791,7.44287745,7.3024458,7.43351534,7.3024458,52211612,412342284.52,0.1779,1,1.7949,0
2024-05-13,sh.600000,7.42415323,7.47096378,7.36798057,7.45223956,7.43351534,40422120,320678360.75,0.1377,1,0.2519,0
2024-05-14,sh.600000,7.46160167,7.47096378,7.35861846,7.37734268,7.45223956,39843641,314999430.46,0.1357,1,-1.005,0
2024-05-15,sh.600000,7.3960669,7.42415323,7.33989424,7.38670479,7.37734268,31039103,244683418.47,0.1057,1,0.1269,0
2024-05-16,sh.600000,7.41479112,7.53649855,7.37734268,7.50841222,7.38670479,60658707,485813395.39,0.2067,1,1.6477,0
2024-05-17,sh.600000,7.52713644,7.63948176,7.489688,7.63948176,7.50841222,69438051,561342801.87,0.2366,1,1.7456,0
2024-05-20,sh.600000,7.6769302,7.81736185,7.63011965,7.78927552,7.63948176,88144991,731104374.2,0.3003,1,1.9608,0
2024-05-21,sh.600000,7.77991341,7.88289662,7.73310286,7.88289662,7.78927552,53146295,445171662.61,0.1811,1,1.2019,0
2024-05-22,sh.600000,7.87353451,8.07013882,7.84544818,7.98587983,7.88289662,71173213,605588075.6,0.2425,1,1.3064,0
2024-05-23,sh.600000,7.97651772,8.0514146,7.93906928,7.97651772,7.98587983,61212293,522802575.25,0.2085,1,-0.1172,0
2024-05-24,sh.600000,7.96715561,8.04205249,7.87353451,7.90162084,7.97651772,60740601,516406884.19,0.2069,1,-0.939,0
2024-05-27,sh.600000,7.91098295,8.01396616,7.89225873,7.99524194,7.90162084,52858689,449932564.3,0.1801,1,1.1848,0
2024-05-28,sh.600000,8.03269038,8.08886304,7.96715561,7.99524194,7.99524194,40047322,342904480.04,0.1364,1,0.0,0
2024-05-29,sh.600000,7.98587983,8.04205249,7.91098295,7.94843139,7.99524194,40802385,347290250.24,0.139,1,-0.5855,0
2024-05-30,sh.600000,7.92970717,8.00460405,7.82672396,7.8641724,7.94843139,56701595,479146210.62,0.1932,1,-1.0601,0
2024-05-31,sh.600000,7.91098295,7.91098295,7.77991341,7.80799974,7.8641724,53797304,449689001.84,0.1833,1,-0.7143,0
2024-06-03,sh.600000,7.7705513,7.79863763,7.66756809,7.75182708,7.80799974,60213694,496075055.52,0.2051,1,-0.7194,0
2024-06-04,sh.600000,7.75182708,7.80799974,7.70501653,7.78927552,7.75182708,39800453,330354916.28,0.1356,1,0.4831,0
2024-06-05,sh.600000,7.79863763,7.80799974,7.73310286,7.76118919,7.78927552,31295787,259659810.69,0.1066,1,-0.3606,0
2024-06-06,sh.600000,7.77991341,7.81736185,7.71437864,7.72374075,7.76118919,34149589,283171544.4,0.1163,1,-0.4825,0
2024-06-07,sh.600000,7.78927552,7.84544818,7.6769302,7.77991341,7.72374075,41451677,344132158.53,0.1412,1,0.7273,0
2024-06-11,sh.600000,7.80799974,7.82672396,7.59267121,7.63011965,7.77991341,41132394,337102414.53,0.1401,1,-1.9254,0
2024-06-12,sh.600000,7.63011965,7.64884387,7.52713644,7.59267121,7.63011965,38617741,312851350.98,0.1316,1,-0.4908,0
2024-06-13,sh.600000,7.5833091,7.6769302,7.57394699,7.61139543,7.59267121,40433704,329399974.32,0.1378,1,0.2466,0
2024-06-14,sh.600000,7.5833091,7.65820598,7.48032589,7.62075754,7.61139543,44463016,359834401.63,0.1515,1,0.123,0
2024-06-17,sh.600000,7.63011965,7.63948176,7.51777433,7.5833091,7.62075754,36278423,293415747.96,0.1236,1,-0.4914,0
2024-06-18,sh.600000,7.5833091,7.63011965,7.50841222,7.57394699,7.5833091,32876191,265920570.93,0.112,1,-0.1235,0
2024-06-19,sh.600000,7.5833091,7.73310286,7.57394699,7.69565442,7.57394699,40605109,332732412.3,0.1383,1,1.6069,0
2024-06-20,sh.600000,7.65820598,7.73310286,7.63011965,7.6769302,7.69565442,25662317,210632866.08,0.0874,1,-0.2433,0
2024-06-21,sh.600000,7.6769302,7.70501653,7.60203332,7.64884387,7.6769302,40011366,327124974.44,0.1363,1,-0.3659,0
2024-06-24,sh.600000,7.66756809,7.6769302,7.51777433,7.63011965,7.64884387,37046666,301011768.27,0.1262,1,-0.2448,0
2024-06-25,sh.600000,7.65820598,7.72374075,7.57394699,7.6769302,7.63011965,39818093,326580575.73,0.1357,1,0.6135,0
2024-06-26,sh.600000,7.6769302,7.70501653,7.61139543,7.68629231,7.6769302,33563736,274593634.75,0.1143,1,0.122,0
2024-06-27,sh.600000,7.68629231,7.7705513,7.61139543,7.69565442,7.68629231,44561528,366021815.96,0.1518,1,0.1218,0
2024-06-28,sh.600000,7.69565442,7.76118919,7.64884387,7.70501653,7.69565442,37799680,311360173.97,0.1288,1,0.1217,0
2024-07-01,sh.600000,7.69565442,7.7705513,7.6769302,7.75182708,7.70501653,28732962,237294502.06,0.0979,1,0.6075,0
2024-07-02,sh.600000,7.74246497,7.99524194,7.74246497,7.98587983,7.75182708,57345810,485897423.66,0.1954,1,3.0193,0
2024-07-03,sh.600000,7.98587983,8.0514146,7.93906928,7.98587983,7.98587983,46409668,396512668.35,0.1581,1,0.0,0
2024-07-04,sh.600000,8.04205249,8.07950093,7.93906928,7.9577935,7.98587983,44412066,379773335.1,0.1513,1,-0.3517,0
2024-07-05,sh.600000,7.99524194,8.00460405,7.76118919,7.80799974,7.9577935,51997018,436429580.84,0.1771,1,-1.8824,0
2024-07-08,sh.600000,7.80799974,7.94843139,7.73310286,7.89225873,7.80799974,45320796,381472461.18,0.1544,1,1.0791,0
2024-07-09,sh.600000,7.92970717,8.10758726,7.87353451,8.08886304,7.89225873,54534187,466546716.69,0.1858,1,2.4911,0
2024-07-10,sh.600000,8.08886304,8.16375992,8.0514146,8.13567359,8.08886304,40604560,352263035.89,0.1383,1,0.5787,0
2024-07-11,sh.600000,8.15439781,8.17312203,8.01396616,8.0514146,8.13567359,34946181,301339420.56,0.1191,1,-1.0357,0
2024-07-12,sh.600000,8.07950093,8.28546735,8.06077671,8.27610524,8.0514146,57267692,503070724.41,0.1951,1,2.7907,0
2024-07-15,sh.600000,8.26674313,8.34164001,8.2386568,8.31355368,8.27610524,46191487,409364219.89,0.1574,1,0.4525,0
2024-07-16,sh.600000,8.30419157,8.37908845,8.25738102,8.29482946,8.31355368,44680322,397093120.07,0.1522,1,-0.2252,0
2024-07-17,sh.600000,8.3322779,8.49143377,8.29482946,8.46334744,8.29482946,88119289,794489955.78,0.3002,1,2.0316,0
2024-07-18,sh.600000,8.49246125,8.52157826,8.35658187,8.51187259,8.46334424,66209504,575924982.46,0.2256,1,0.5734,0
2024-07-19,sh.600000,8.53128393,8.53128393,8.36628754,8.47304991,8.51187259,61941334,539610902.61,0.211,1,-0.4561,0
2024-07-22,sh.600000,8.45363857,8.47304991,8.26923084,8.32746486,8.47304991,63228917,543154122.47,0.2154,1,-1.7182,0
2024-07-23,sh.600000,8.36628754,8.43422723,8.33717053,8.33717053,8.32746486,41181512,356167715.47,0.1403,1,0.1166,0
2024-07-24,sh.600000,8.35658187,8.42452156,8.28864218,8.29834785,8.33717053,37551729,322441687.49,0.1279,1,-0.4657,0
2024-07-25,sh.600000,8.32746486,8.32746486,8.07511744,8.26923084,8.29834785,60156087,508007084.46,0.2049,1,-0.3509,0
2024-07-26,sh.600000,8.23040816,8.26923084,7.99747208,8.08482311,8.26923084,49358978,411165379.61,0.1682,1,-2.23,0
2024-07-29,sh.600000,8.08482311,8.31775919,8.0557061,8.27893651,8.08482311,46463848,395067012.53,0.1583,1,2.401,0
2024-07-30,sh.600000,8.28864218,8.28864218,8.11394012,8.14305713,8.27893651,40584273,341513549.63,0.1383,1,-1.6413,0
2024-07-31,sh.600000,8.20129115,8.21099682,8.10423445,8.1527628,8.14305713,43429641,365181480.29,0.148,1,0.1192,0
2024-08-01,sh.600000,8.1527628,8.35658187,8.09452878,8.31775919,8.1527628,54560150,464982609.9,0.1859,1,2.0238,0
2024-08-02,sh.600000,8.30805352,8.3468762,8.1527628,8.22070249,8.31775919,31361531,266363128.8,0.1068,1,-1.1669,0
2024-08-05,sh.600000,8.22070249,8.26923084,8.10423445,8.13335146,8.22070249,41178838,346404332.28,0.1403,1,-1.0626,0
2024-08-06,sh.600000,8.18187981,8.20129115,7.94894373,7.99747208,8.13335146,41604073,344150544.58,0.1417,1,-1.6706,0
2024-08-07,sh.600000,7.98776641,8.12364579,7.97806074,8.06541177,7.99747208,26542223,220186458.77,0.0904,1,0.8495,0
2024-08-08,sh.600000,8.11394012,8.20129115,8.04600043,8.13335146,8.06541177,27669055,231992004.28,0.0943,1,0.8424,0
2024-08-09,sh.600000,8.16246847,8.3468762,8.16246847,8.27893651,8.13335146,39120101,334119265.43,0.1333,1,1.79,0
2024-08-12,sh.600000,8.25952517,8.37599321,8.24011383,8.32746486,8.27893651,29249959,250903225.1,0.0997,1,0.5862,0
2024-08-13,sh.600000,8.30805352,8.41481589,8.28864218,8.33717053,8.32746486,27211550,234443968.65,0.0927,1,0.1166,0
2024-08-14,sh.600000,8.37599321,8.39540455,8.28864218,8.31775919,8.33717053,21145686,181445554.7,0.072,1,-0.2328,0
2024-08-15,sh.600000,8.25952517,8.49246125,8.25952517,8.48275558,8.31775919,45066216,392033450.45,0.1535,1,1.9837,0
2024-08-16,sh.600000,8.48275558,8.59922362,8.4439329,8.58951795,8.48275558,37566933,331065667.31,0.128,1,1.2586,0
2024-08-19,sh.600000,8.59922362,8.76422001,8.57981228,8.75451434,8.58951795,58937989,528390433.9,0.2008,1,1.9209,0
2024-08-20,sh.600000,8.74480867,8.80304269,8.61863496,8.64775197,8.75451434,50188819,449704844.32,0.171,1,-1.2195,0
2024-08-21,sh.600000,8.64775197,8.77392568,8.56040094,8.69628032,8.64775197,43628079,390145316.83,0.1486,1,0.5612,0
2024-08-22,sh.600000,8.69628032,8.80304269,8.66716331,8.74480867,8.69628032,36264260,327034942.74,0.1235,1,0.558,0
2024-08-23,sh.600000,8.74480867,8.77392568,8.6380463,8.735103,8.74480867,31698749,284739204.52,0.108,1,-0.111,0
2024-08-26,sh.600000,8.735103,8.735103,8.57010661,8.61863496,8.735103,51444628,457039668.65,0.1753,1,-1.3333,0
2024-08-27,sh.600000,8.60892929,8.67686898,8.56040094,8.61863496,8.61863496,30683375,272898055.66,0.1045,1,0.0,0
2024-08-28,sh.600000,8.65745764,8.66716331,8.50216692,8.56040094,8.61863496,32528523,287017717.61,0.1108,1,-0.6757,0
2024-08-29,sh.600000,8.56040094,8.57010661,8.27893651,8.29834785,8.56040094,50949648,438959413.74,0.1736,1,-3.0612,0
2024-08-30,sh.600000,8.28864218,8.36628754,8.13335146,8.18187981,8.29834785,68354443,579069797.09,0.2329,1,-1.4035,0
2024-09-02,sh.600000,8.12364579,8.2498195,8.10423445,8.14305713,8.18187981,42178596,355164736.19,0.1437,1,-0.4745,0
2024-09-03,sh.600000,8.13335146,8.18187981,7.9586494,8.00717775,8.14305713,41257157,340798501.87,0.1406,1,-1.6687,0
2024-09-04,sh.600000,8.04600043,8.12364579,7.98776641,8.07511744,8.00717775,34187190,284531822.39,0.1165,1,0.8485,0
2024-09-05,sh.600000,8.13335146,8.16246847,7.98776641,8.07511744,8.07511744,36176713,300240961.23,0.1233,1,0.0,0
2024-09-06,sh.600000,8.08482311,8.25952517,8.07511744,8.18187981,8.07511744,32293701,273118541.75,0.11,1,1.3221,0
2024-09-09,sh.600000,8.19158548,8.22070249,8.07511744,8.13335146,8.18187981,34290373,287989234.19,0.1168,1,-0.5931,0
2024-09-10,sh.600000,8.13335146,8.27893651,8.04600043,8.2498195,8.13335146,39694136,333986131.9,0.1352,1,1.432,0
2024-09-11,sh.600000,8.23040816,8.24011383,7.96835507,8.00717775,8.2498195,29395961,244556166.27,0.1001,1,-2.9412,0
2024-09-12,sh.600000,7.96835507,8.24011383,7.94894373,8.22070249,8.00717775,43128108,362723423.36,0.1469,1,2.6667,0
2024-09-13,sh.600000,8.2498195,8.25952517,8.07511744,8.10423445,8.22070249,28411141,238422068.62,0.0968,1,-1.4168,0
2024-09-18,sh.600000,8.10423445,8.20129115,8.01688342,8.07511744,8.10423445,20139428,167778133.39,0.0686,1,-0.3593,0
2024-09-19,sh.600000,8.12364579,8.27893651,8.0557061,8.26923084,8.07511744,39163824,330778713.85,0.1334,1,2.4038,0
2024-09-20,sh.600000,8.24011383,8.31775919,8.18187981,8.25952517,8.26923084,42872330,364859461.89,0.1461,1,-0.1174,0
2024-09-23,sh.600000,8.27893651,8.39540455,8.21099682,8.37599321,8.25952517,30023895,257517875.22,0.1023,1,1.4101,0
2024-09-24,sh.600000,8.49246125,8.82245403,8.40511022,8.82245403,8.37599321,89208035,795774265.47,0.3039,1,5.3302,0
2024-09-25,sh.600000,8.99715609,9.26891485,8.97774475,9.21068083,8.82245403,119063522,1125665675.41,0.4056,1,4.4004,0
2024-09-26,sh.600000,9.2203865,9.55037928,9.15244681,9.55037928,9.21068083,89839005,867160021.18,0.3061,1,3.6881,0
2024-09-27,sh.600000,9.69596433,9.78331536,9.3174432,9.57949629,9.55037928,57039467,560481160.69,0.1943,1,0.3049,0
2024-09-30,sh.600000,9.76390402,9.98713443,9.53096794,9.83184371,9.57949629,188375605,1892937391.66,0.6418,1,2.6342,0
2024-10-08,sh.600000,10.55976896,10.69564834,9.8997834,10.1909535,9.83184371,192133102,2037070000.57,0.6546,1,3.6525,0
2024-10-09,sh.600000,10.1909535,10.1909535,9.61831897,9.61831897,10.1909535,116072715,1183819439.61,0.3954,1,-5.619,0
2024-10-10,sh.600000,9.76390402,10.18124783,9.75419835,10.00654577,9.61831897,101639927,1044726818.6,0.3463,1,4.0363,0
2024-10-11,sh.600000,10.06477979,10.21036484,9.72508134,9.86096072,10.00654577,58937652,606557617.76,0.2008,1,-1.4549,0
2024-10-14,sh.600000,10.00654577,10.22977618,9.94831175,10.0938968,9.86096072,88307795,918408286.46,0.3009,1,2.3622,0
2024-10-15,sh.600000,10.14242515,10.22007051,9.94831175,9.94831175,10.0938968,62939733,654527534.49,0.2144,1,-1.4423,0
2024-10-16,sh.600000,9.85125505,10.15213082,9.85125505,10.03566278,9.94831175,52614974,545095953.24,0.1793,1,0.878,0
2024-10-17,sh.600000,10.03566278,10.17154216,9.91919474,9.91919474,10.03566278,45576672,471133860.4,0.1553,1,-1.1605,0
2024-10-18,sh.600000,9.88037206,10.02595711,9.72508134,9.85125505,9.91919474,62206282,633125532.25,0.2119,1,-0.6849,0
2024-10-21,sh.600000,9.88037206,9.91919474,9.65714165,9.86096072,9.85125505,64523034,651623310.11,0.2198,1,0.0985,0
2024-10-22,sh.600000,9.86096072,9.96772309,9.71537567,9.83184371,9.86096072,42803387,432235690.56,0.1458,1,-0.2953,0
2024-10-23,sh.600000,9.82213804,9.94831175,9.8027267,9.88037206,9.83184371,33566174,341483787.08,0.1144,1,0.4936,0
2024-10-24,sh.600000,9.82213804,9.94831175,9.82213804,9.84154938,9.88037206,24017341,244345561.68,0.0818,1,-0.3929,0
2024-10-25,sh.600000,9.84154938,9.8997834,9.77360969,9.78331536,9.84154938,28419908,287640630.89,0.0968,1,-0.5917,0
2024-10-28,sh.600000,9.8027267,9.8027267,9.65714165,9.76390402,9.78331536,31702745,317673595.06,0.108,1,-0.1984,0
2024-10-29,sh.600000,9.71537567,9.85125505,9.67655299,9.69596433,9.76390402,34069864,341853848.18,0.1161,1,-0.6958,0
2024-10-30,sh.600000,9.69596433,9.82213804,9.61831897,9.64743598,9.69596433,42037416,419434796.57,0.1432,1,-0.5005,0
2024-10-31,sh.600000,9.71537567,9.75419835,9.42420557,9.55037928,9.64743598,60021367,589919637.85,0.2045,1,-1.006,0
2024-11-01,sh.600000,9.56979062,9.70567,9.48243959,9.64743598,9.55037928,43939258,435757873.34,0.1497,1,1.0163,0
2024-11-04,sh.600000,9.67655299,9.70567,9.55037928,9.69596433,9.64743598,33773247,335231218.57,0.1151,1,0.503,0
2024-11-05,sh.600000,9.67655299,9.76390402,9.61831897,9.76390402,9.69596433,41474815,414411280.18,0.1413,1,0.7007,0
2024-11-06,sh.600000,9.74449268,9.84154938,9.6086133,9.65714165,9.76390402,74208723,740524750.76,0.2528,1,-1.0934,0
2024-11-07,sh.600000,9.64743598,9.97742876,9.62802464,9.97742876,9.65714165,64397191,650432795.74,0.2194,1,3.3166,0
2024-11-08,sh.600000,10.02595711,10.05507412,9.73478701,9.76390402,9.97742876,53764728,545876292.68,0.1832,1,-2.1401,0
2024-11-11,sh.600000,9.6086133,9.82213804,9.37567722,9.43391124,9.76390402,80000294,779227779.97,0.2726,1,-3.3797,0
2024-11-12,sh.600000,9.44361691,9.53096794,9.37567722,9.37567722,9.43391124,49682703,483318065.23,0.1693,1,-0.6173,0
2024-11-13,sh.600000,9.34656021,9.45332258,9.3174432,9.34656021,9.37567722,43872201,423812435.16,0.1495,1,-0.3106,0
2024-11-14,sh.600000,9.32714887,9.42420557,9.28832619,9.36597155,9.34656021,45451896,438914971.64,0.1549,1,0.2077,0
2024-11-15,sh.600000,9.32714887,9.4144999,9.2203865,9.25920918,9.36597155,48821231,469147894.39,0.1663,1,-1.1399,0
2024-11-18,sh.600000,9.36597155,9.8027267,9.35626588,9.54067361,9.25920918,100696552,999828599.13,0.3431,1,3.0398,0
2024-11-19,sh.600000,9.56008495,9.75419835,9.38538289,9.50185093,9.54067361,73998208,728900945.54,0.2521,1,-0.4069,0
2024-11-20,sh.600000,9.48243959,9.56008495,9.40479423,9.42420557,9.50185093,45465799,442364519.96,0.1549,1,-0.8172,0
2024-11-21,sh.600000,9.42420557,9.48243959,9.39508856,9.43391124,9.42420557,29612755,287464178.32,0.1009,1,0.103,0
2024-11-22,sh.600000,9.43391124,9.46302825,9.19126949,9.20097516,9.43391124,44359024,425677484.65,0.1511,1,-2.4691,0
2024-11-25,sh.600000,9.32714887,9.32714887,9.03597877,9.05539011,9.20097516,60921995,573140419.77,0.2076,1,-1.5823,0
2024-11-26,sh.600000,9.04568444,9.05539011,8.94862774,9.03597877,9.05539011,48983389,454616327.47,0.1669,1,-0.2144,0
2024-11-27,sh.600000,9.03597877,9.19126949,8.90980506,9.15244681,9.03597877,43007443,401498754.5,0.1465,1,1.2889,0
2024-11-28,sh.600000,9.21068083,9.25920918,9.05539011,9.16215248,9.15244681,39154733,370385580.07,0.1334,1,0.106,0
2024-11-29,sh.600000,9.23979784,9.32714887,9.15244681,9.18156382,9.16215248,46540742,443290384.71,0.1586,1,0.2119,0
2024-12-02,sh.600000,9.17185815,9.2203865,9.09421279,9.21068083,9.18156382,46604260,440070881.26,0.1588,1,0.3171,0
2024-12-03,sh.600000,9.18156382,9.36597155,9.13303547,9.36597155,9.21068083,41926355,400570470.59,0.1428,1,1.686,0
2024-12-04,sh.600000,9.36597155,9.49214526,9.26891485,9.46302825,9.36597155,51193385,496410994.99,0.1744,1,1.0363,0
2024-12-05,sh.600000,9.39508856,9.49214526,9.34656021,9.35626588,9.46302825,29173571,282719716.67,0.0994,1,-1.1282,0
2024-12-06,sh.600000,9.33685454,9.50185093,9.33685454,9.4144999,9.35626588,40629685,394516284.96,0.1384,1,0.6224,0
2024-12-09,sh.600000,9.36597155,9.46302825,9.34656021,9.37567722,9.4144999,32582928,315468553.61,0.111,1,-0.4124,0
2024-12-10,sh.600000,9.53096794,9.62802464,9.42420557,9.5115566,9.37567722,58338643,572248613.95,0.1988,1,1.4493,0
2024-12-11,sh.600000,9.5115566,9.55037928,9.33685454,9.34656021,9.5115566,48762796,472263000.42,0.1661,1,-1.7347,0
2024-12-12,sh.600000,9.36597155,9.53096794,9.30773753,9.53096794,9.34656021,49651526,482603362.16,0.1692,1,1.973,0
2024-12-13,sh.600000,9.47273392,9.5115566,9.3174432,9.37567722,9.53096794,67266875,652085646.98,0.2292,1,-1.6293,0
2024-12-16,sh.600000,9.33685454,9.46302825,9.33685454,9.35626588,9.37567722,34183618,331030756.31,0.1165,1,-0.207,0
2024-12-17,sh.600000,9.36597155,9.4144999,9.2203865,9.24950351,9.35626588,41185694,394758764.12,0.1403,1,-1.1411,0
2024-12-18,sh.600000,9.27862052,9.39508856,9.23009217,9.25920918,9.24950351,39798741,381602845.05,0.1356,1,0.1049,0
2024-12-19,sh.600000,9.23009217,9.27862052,9.14274114,9.24950351,9.25920918,42987772,408829151.42,0.1465,1,-0.1048,0
2024-12-20,sh.600000,9.28832619,9.43391124,9.26891485,9.29803186,9.24950351,49298094,473948599.41,0.168,1,0.5247,0
2024-12-23,sh.600000,9.34656021,9.78331536,9.3174432,9.63773031,9.29803186,116444693,1156091291.03,0.3967,1,3.6534,0
2024-12-24,sh.600000,9.59890763,9.87066639,9.59890763,9.83184371,9.63773031,84438152,851921287.14,0.2877,1,2.0141,0
2024-12-25,sh.600000,9.83184371,10.08419113,9.83184371,10.04536845,9.83184371,72739600,749135068.94,0.2478,1,2.1718,0
2024-12-26,sh.600000,10.04536845,10.08419113,9.86096072,10.03566278,10.04536845,61152236,628394286.58,0.2083,1,-0.0966,0
2024-12-27,sh.600000,10.02595711,10.08419113,9.82213804,10.05507412,10.03566278,69506374,714702133.57,0.2368,1,0.1934,0
2024-12-30,sh.600000,10.03566278,10.18124783,10.00654577,10.16183649,10.05507412,78477805,818657791.71,0.2674,1,1.0618,0
2024-12-31,sh.600000,10.12301381,10.24918752,9.97742876,9.98713443,10.16183649,57783443,602393523.12,0.1969,1,-1.7192,0
2025-01-02,sh.600000,9.9968401,10.11330814,9.75419835,9.83184371,9.98713443,78907129,803904040.23,0.2688,1,-1.5549,0
2025-01-03,sh.600000,9.82213804,9.91919474,9.72508134,9.76390402,9.83184371,50693944,511576493.6,0.1727,1,-0.691,0
2025-01-06,sh.600000,9.83184371,9.8997834,9.52126227,9.85125505,9.76390402,79801276,804593503.56,0.2719,1,0.8946,0
2025-01-07,sh.600000,9.81243237,9.9968401,9.81243237,9.96772309,9.85125505,40265146,411488491.51,0.1372,1,1.1823,0
2025-01-08,sh.600000,9.95801742,10.06477979,9.8997834,9.9968401,9.96772309,48237450,496301044.81,0.1643,1,0.2921,0
2025-01-09,sh.600000,10.02595711,10.02595711,9.83184371,9.89007773,9.9968401,39221854,401208214.93,0.1336,1,-1.068,0
2025-01-10,sh.600000,9.92890041,9.97742876,9.73478701,9.83184371,9.89007773,31933534,324388873.26,0.1088,1,-0.5888,0
2025-01-13,sh.600000,9.76390402,9.83184371,9.56008495,9.70567,9.83184371,38217749,381632220.09,0.1302,1,-1.2833,0
2025-01-14,sh.600000,9.73478701,9.90948907,9.64743598,9.86096072,9.70567,38658714,390328865.83,0.1317,1,1.6,0
2025-01-15,sh.600000,9.86096072,10.08419113,9.83184371,9.90948907,9.86096072,38460814,394080519.97,0.131,1,0.4921,0
2025-01-16,sh.600000,9.98713443,10.00654577,9.83184371,9.90948907,9.90948907,33768888,344708149.69,0.115,1,0.0,0
2025-01-17,sh.600000,9.94831175,9.9968401,9.78331536,9.96772309,9.90948907,41663218,426549432.18,0.1419,1,0.5877,0
2025-01-20,sh.600000,10.01625144,10.14242515,9.92890041,10.06477979,9.96772309,37442622,388948241.47,0.1276,1,0.9737,0
2025-01-21,sh.600000,10.05507412,10.17154216,9.96772309,10.06477979,10.06477979,30852134,320946733.2,0.1051,1,0.0,0
2025-01-22,sh.600000,10.02595711,10.07448546,9.71537567,9.73478701,10.06477979,58374206,589944613.7,0.1989,1,-3.2787,0
2025-01-23,sh.600000,9.81243237,10.06477979,9.76390402,10.00654577,9.73478701,65580692,670951809.42,0.2234,1,2.7916,0
2025-01-24,sh.600000,9.95801742,10.18124783,9.87066639,10.08419113,10.00654577,72463834,752560118.11,0.2469,1,0.7759,0
2025-01-27,sh.600000,10.11330814,10.3850669,10.0938968,10.33653855,10.08419113,59488208,632694603.27,0.2027,1,2.5024,0
2025-02-05,sh.600000,10.34624422,10.37536123,10.0938968,10.10360247,10.33653855,51723455,542382244.53,0.1762,1,-2.2535,0
2025-02-06,sh.600000,10.07448546,10.1909535,9.9968401,10.12301381,10.10360247,38598431,400818916.71,0.1315,1,0.1921,0
2025-02-07,sh.600000,10.12301381,10.14242515,9.9968401,10.03566278,10.12301381,45600119,472723880.77,0.1554,1,-0.8629,0
2025-02-10,sh.600000,10.01625144,10.13271948,9.92890041,9.96772309,10.03566278,41234671,426297964.4,0.1405,1,-0.677,0
2025-02-11,sh.600000,9.98713443,10.07448546,9.92890041,9.9968401,9.96772309,34651727,356843469.52,0.1181,1,0.2921,0
2025-02-12,sh.600000,10.01625144,10.11330814,9.93860608,10.10360247,9.9968401,33100308,342797073.52,0.1128,1,1.068,0
2025-02-13,sh.600000,10.08419113,10.13271948,9.9968401,10.00654577,10.10360247,48454342,501218511.06,0.1651,1,-0.9606,0
2025-02-14,sh.600000,10.04536845,10.12301381,9.94831175,10.10360247,10.00654577,56300581,581842513.44,0.1918,1,0.9699,0
2025-02-17,sh.600000,10.13271948,10.15213082,9.8997834,9.96772309,10.10360247,52311132,538356330.52,0.1782,1,-1.3449,0
2025-02-18,sh.600000,9.95801742,10.22977618,9.90948907,10.1909535,9.96772309,62783988,654395130.64,0.2139,1,2.2395,0
2025-02-19,sh.600000,10.14242515,10.27830453,10.11330814,10.13271948,10.1909535,42364339,444710362.32,0.1443,1,-0.5714,0
2025-02-20,sh.600000,10.11330814,10.18124783,10.03566278,10.08419113,10.13271948,27223599,283297509.85,0.0927,1,-0.4789,0
2025-02-21,sh.600000,10.08419113,10.12301381,9.92890041,9.98713443,10.08419113,50391537,519161892.61,0.1717,1,-0.9625,0
2025-02-24,sh.600000,9.96772309,10.00654577,9.89007773,9.90948907,9.98713443,43741415,447600690.0,0.149,1,-0.7775,0
2025-02-25,sh.600000,9.8997834,9.94831175,9.77360969,9.8027267,9.90948907,37159866,377213136.95,0.1266,1,-1.0774,0
2025-02-26,sh.600000,9.85125505,10.01625144,9.82213804,9.88037206,9.8027267,55536705,567601087.62,0.1892,1,0.7921,0
2025-02-27,sh.600000,9.91919474,9.95801742,9.81243237,9.93860608,9.88037206,37999169,387232885.4,0.1295,1,0.5894,0
2025-02-28,sh.600000,9.92890041,9.9968401,9.87066639,9.87066639,9.93860608,44651100,457102787.82,0.1521,1,-0.6836,0
2025-03-03,sh.600000,9.89007773,9.91919474,9.78331536,9.85125505,9.87066639,43010899,436849849.85,0.1465,1,-0.1967,0
2025-03-04,sh.600000,9.8027267,9.89007773,9.8027267,9.8027267,9.85125505,29769782,301634439.35,0.1014,1,-0.4926,0
2025-03-05,sh.600000,9.84154938,9.95801742,9.75419835,9.94831175,9.8027267,41686357,424730035.98,0.142,1,1.4851,0
2025-03-06,sh.600000,9.94831175,9.95801742,9.78331536,9.83184371,9.94831175,43499424,441681583.76,0.1482,1,-1.1707,0
2025-03-07,sh.600000,9.85125505,9.89007773,9.76390402,9.84154938,9.83184371,37005882,374991809.23,0.1261,1,0.0987,0
2025-03-10,sh.600000,9.8027267,9.84154938,9.71537567,9.8027267,9.84154938,43594496,438534235.89,0.1485,1,-0.3945,0
2025-03-11,sh.600000,9.74449268,9.82213804,9.73478701,9.82213804,9.8027267,35208198,354675246.88,0.12,1,0.198,0
2025-03-12,sh.600000,9.82213804,9.88037206,9.71537567,9.82213804,9.82213804,42868920,433414444.54,0.1461,1,0.0,0
2025-03-13,sh.600000,9.86096072,9.94831175,9.82213804,9.91919474,9.82213804,46714351,476613668.59,0.1592,1,0.9881,0
2025-03-14,sh.600000,9.97742876,10.18124783,9.93860608,10.11330814,9.91919474,78422138,815108919.0,0.2672,1,1.9569,0
2025-03-17,sh.600000,10.23948185,10.34624422,10.08419113,10.2880102,10.11330814,59251416,626647199.49,0.2019,1,1.7274,0
2025-03-18,sh.600000,10.31712721,10.40447824,10.21036484,10.32683288,10.2880102,40970582,436226250.27,0.1396,1,0.3774,0
2025-03-19,sh.600000,10.27830453,10.36565556,10.24918752,10.33653855,10.32683288,34604830,367827208.74,0.1179,1,0.094,0
2025-03-20,sh.600000,10.32683288,10.37536123,10.2880102,10.34624422,10.33653855,29548507,314685882.22,0.1007,1,0.0939,0
2025-03-21,sh.600000,10.31712721,10.40447824,10.10360247,10.16183649,10.34624422,56344163,594649833.79,0.192,1,-1.7824,0
2025-03-24,sh.600000,10.11330814,10.31712721,10.11330814,10.29771587,10.16183649,46449659,489527179.23,0.1582,1,1.3372,0
2025-03-25,sh.600000,10.33653855,10.37536123,10.1909535,10.29771587,10.29771587,37875416,401332739.29,0.129,1,0.0,0
2025-03-26,sh.600000,10.2880102,10.29771587,10.14242515,10.16183649,10.29771587,36660981,385049553.58,0.1249,1,-1.3195,0
2025-03-27,sh.600000,10.1909535,10.34624422,10.16183649,10.23948185,10.16183649,42508671,449288518.57,0.1448,1,0.7641,0
2025-03-28,sh.600000,10.22007051,10.25889319,10.10360247,10.13271948,10.23948185,36572944,382165241.29,0.1246,1,-1.0427,0
2025-03-31,sh.600000,10.16183649,10.31712721,10.04536845,10.12301381,10.13271948,49360687,518371937.13,0.1682,1,-0.0958,0
2025-04-01,sh.600000,10.12301381,10.15213082,9.91919474,10.04536845,10.12301381,63920348,659250549.52,0.2178,1,-0.767,0
2025-04-02,sh.600000,9.98713443,10.24918752,9.98713443,10.15213082,10.04536845,45625673,477144592.57,0.1554,1,1.0628,0
2025-04-03,sh.600000,9.98713443,10.1909535,9.98713443,10.17154216,10.15213082,36919313,384886879.92,0.1258,1,0.1912,0
2025-04-07,sh.600000,9.96772309,9.97742876,9.18156382,9.36597155,10.17154216,142399646,1395103301.62,0.4851,1,-7.9198,0
2025-04-08,sh.600000,9.48243959,9.98713443,9.46302825,9.8997834,9.36597155,149422915,1501459277.52,0.5091,1,5.6995,0
2025-04-09,sh.600000,9.89007773,9.89007773,9.56979062,9.71537567,9.8997834,99714563,997750442.74,0.3397,1,-1.8627,0
2025-04-10,sh.600000,9.88037206,9.88037206,9.61831897,9.70567,9.71537567,78108087,781663685.88,0.2661,1,-0.0999,0
2025-04-11,sh.600000,9.76390402,9.82213804,9.62802464,9.77360969,9.70567,56246196,564930748.36,0.1916,1,0.7,0
2025-04-14,sh.600000,9.74449268,9.91919474,9.70567,9.88037206,9.77360969,62154163,629562547.75,0.2118,1,1.0924,0
2025-04-15,sh.600000,9.88037206,10.17154216,9.87066639,10.16183649,9.88037206,68556308,712990091.2,0.2336,1,2.8487,0
2025-04-16,sh.600000,10.14242515,10.2880102,10.04536845,10.2880102,10.16183649,74094520,777378645.19,0.2524,1,1.2416,0
2025-04-17,sh.600000,10.2880102,10.43359525,10.12301381,10.43359525,10.2880102,70420291,748750237.38,0.2399,1,1.4151,0
2025-04-18,sh.600000,10.3850669,10.55006329,10.34624422,10.49182927,10.43359525,48024169,518493333.64,0.1636,1,0.5581,0
2025-04-21,sh.600000,10.46271226,10.55976896,10.24918752,10.25889319,10.49182927,50053475,533248958.46,0.1705,1,-2.2202,0
2025-04-22,sh.600000,10.24918752,10.42388958,10.23948185,10.39477257,10.25889319,46047223,491852201.16,0.1569,1,1.3245,0
2025-04-23,sh.600000,10.39477257,10.43359525,10.26859886,10.35594989,10.39477257,33992733,362271178.0,0.1158,1,-0.3735,0
2025-04-24,sh.600000,10.37536123,10.53065195,10.35594989,10.42388958,10.35594989,39754164,428435900.07,0.1354,1,0.656,0
2025-04-25,sh.600000,10.43359525,10.4821236,10.25889319,10.27830453,10.42388958,45447179,483223746.16,0.1548,1,-1.3966,0
2025-04-28,sh.600000,10.2880102,10.42388958,10.27830453,10.42388958,10.27830453,48382197,517574619.91,0.1648,1,1.4164,0
2025-04-29,sh.600000,10.34624422,10.55006329,10.33653855,10.51124061,10.42388958,52112683,562869895.53,0.1775,1,0.838,0
2025-04-30,sh.600000,10.50153494,10.70535401,10.2880102,10.63741432,10.51124061,92838022,1011035958.82,0.3163,1,1.2004,0
2025-05-06,sh.600000,10.676237,10.86064473,10.4821236,10.84123339,10.63741432,97264620,1076041107.18,0.3314,1,1.9161,0
2025-05-07,sh.600000,11.02564112,11.04505246,10.75388236,11.03534679,10.84123339,71916086,811933127.16,0.245,1,1.7905,0
2025-05-08,sh.600000,11.01593545,11.34592823,10.99652411,11.28769421,11.03534679,77598543,899909970.1,0.2644,1,2.2867,0
2025-05-09,sh.600000,11.30710555,11.53033596,11.27798854,11.4526906,11.28769421,82148077,967087777.84,0.2799,1,1.4617,0
2025-05-12,sh.600000,11.48180761,11.62739266,11.30710555,11.36533957,11.4526906,106436592,1258603165.84,0.3626,1,-0.7627,0
2025-05-13,sh.600000,11.38475091,11.79238905,11.32651689,11.72444936,11.36533957,85038009,1017847179.35,0.2897,1,3.1597,0
2025-05-14,sh.600000,11.63709833,11.83121173,11.60798132,11.79238905,11.72444936,72183353,873575368.48,0.2459,1,0.5795,0
2025-05-15,sh.600000,11.81180039,11.98650245,11.73415503,11.92826843,11.79238905,64989861,796202036.15,0.2214,1,1.1523,0
2025-05-16,sh.600000,11.94767977,12.01561946,11.69533235,11.7438607,11.92826843,61049671,742473908.28,0.208,1,-1.546,0
2025-05-19,sh.600000,11.8409174,11.88944575,11.61768699,11.646804,11.7438607,63137397,762689367.46,0.2151,1,-0.8264,0
2025-05-20,sh.600000,11.66621534,11.97679678,11.65650967,11.90885709,11.646804,80013453,976894438.97,0.2726,1,2.25,0
2025-05-21,sh.600000,11.90885709,12.05444214,11.8409174,11.90885709,11.90885709,41672064,513339136.15,0.142,1,0.0,0
2025-05-22,sh.600000,11.86032874,12.16120451,11.83121173,12.06414781,11.90885709,63895089,792331666.69,0.2177,1,1.304,0
2025-05-23,sh.600000,12.02532513,12.11267616,11.86032874,11.87003441,12.06414781,57961597,712934903.4,0.1975,1,-1.609,0
2025-05-26,sh.600000,11.83121173,11.88944575,11.63709833,11.69533235,11.87003441,86375810,1043951444.26,0.2943,1,-1.4718,0
2025-05-27,sh.600000,11.75356637,11.88944575,11.69533235,11.83121173,11.69533235,51170123,622457334.23,0.1743,1,1.1618,0
2025-05-28,sh.600000,11.8409174,11.96709111,11.77297771,11.86032874,11.83121173,45763183,559946076.02,0.1559,1,0.2461,0
2025-05-29,sh.600000,11.85062307,11.90885709,11.81180039,11.81180039,11.86032874,39604139,483788795.64,0.1349,1,-0.4092,0
2025-05-30,sh.600000,11.8409174,12.04473647,11.81180039,11.96709111,11.81180039,74173919,912668309.69,0.2527,1,1.3147,0
2025-06-03,sh.600000,11.94767977,12.20002719,11.87003441,12.17091018,11.96709111,83435308,1038149397.08,0.2843,1,1.7032,0
2025-06-04,sh.600000,12.11267616,12.16120451,11.96709111,12.01561946,12.17091018,54685133,677861305.3,0.1863,1,-1.2759,0
2025-06-05,sh.600000,12.05444214,12.08355915,11.91856276,11.95738544,12.01561946,37014523,456671679.61,0.1261,1,-0.4847,0
2025-06-06,sh.600000,11.96709111,12.02532513,11.85062307,11.95738544,11.95738544,43240203,531488384.37,0.1473,1,0.0,0
2025-06-09,sh.600000,11.94767977,11.97679678,11.7438607,11.94767977,11.95738544,56578144,691788948.99,0.1928,1,-0.0812,0
2025-06-10,sh.600000,11.91856276,12.08355915,11.89915142,11.99620812,11.94767977,49879732,616254415.76,0.1699,1,0.4062,0
2025-06-11,sh.600000,11.99620812,12.05444214,11.87974008,11.98650245,11.99620812,44114064,544126474.73,0.1503,1,-0.0809,0
2025-06-12,sh.600000,11.98650245,12.1320875,11.87003441,12.09326482,11.98650245,47676653,592474539.19,0.1624,1,0.8907,0
2025-06-13,sh.600000,12.1320875,12.18061585,11.91856276,11.97679678,12.09326482,61844935,764861363.21,0.2107,1,-0.9631,0
2025-06-16,sh.600000,11.97679678,12.2291442,11.85062307,12.20973286,11.97679678,51085389,635504882.17,0.174,1,1.9449,0
2025-06-17,sh.600000,12.20973286,12.27767255,12.08355915,12.17091018,12.20973286,37369806,468354085.73,0.1273,1,-0.318,0
2025-06-18,sh.600000,12.19032152,12.45237461,12.14179317,12.40384626,12.17091018,69853954,890776691.53,0.238,1,1.9139,0
2025-06-19,sh.600000,12.40384626,12.46208028,12.26796688,12.36502358,12.40384626,43768050,557599592.67,0.1491,1,-0.313,0
2025-06-20,sh.600000,12.40384626,12.63678234,12.35531791,12.63678234,12.36502358,69793426,903428590.6,0.2378,1,2.1978,0
2025-06-23,sh.600000,12.59795966,12.96677512,12.50090296,12.91824677,12.63678234,81059193,1067412053.36,0.2762,1,2.2273,0
2025-06-24,sh.600000,12.91824677,13.14147718,12.77266172,12.91824677,12.91824677,84287565,1123477728.39,0.2872,1,0.0,0
2025-06-25,sh.600000,12.91824677,13.12206584,12.8114844,13.06383182,12.91824677,56329911,752682258.56,0.1919,1,1.127,0
2025-06-26,sh.600000,13.0055978,13.24823955,12.9085411,13.21912254,13.06383182,66332882,895310745.47,0.226,1,1.1887,0
2025-06-27,sh.600000,13.22882821,13.57823233,13.04442048,13.15118285,13.21912254,145112686,1990098971.05,0.4944,1,-0.514,0
2025-06-30,sh.600000,13.0055978,13.56852666,12.86001275,13.47146996,13.15118285,95051500,1297775515.09,0.3238,1,2.4354,0
2025-07-01,sh.600000,13.47146996,13.90822511,13.46176429,13.76264006,13.47146996,87707054,1242184692.56,0.2898,1,2.1614,0
2025-07-02,sh.600000,13.7820514,13.9761648,13.6849947,13.7820514,13.76264006,68484199,977656404.7,0.2263,1,0.141,0
2025-07-03,sh.600000,13.79175707,13.85969676,13.67528903,13.76264006,13.7820514,50965551,722233396.14,0.1684,1,-0.1408,0
2025-07-04,sh.600000,13.73352305,14.31586325,13.72381738,14.15086686,13.76264006,93567870,1359237790.06,0.3092,1,2.8209,0
2025-07-07,sh.600000,14.22851222,14.3643916,14.08292717,14.1702782,14.15086686,64970474,951840346.32,0.2147,1,0.1372,0
2025-07-08,sh.600000,14.15086686,14.18968954,13.73352305,13.81116841,14.1702782,113914556,1624827333.45,0.3764,1,-2.5342,0
2025-07-09,sh.600000,13.7820514,13.8791081,13.70440604,13.75293439,13.81116841,81762955,1162380709.41,0.2702,1,-0.4216,0
2025-07-10,sh.600000,13.75293439,13.91793078,13.71411171,13.7820514,13.75293439,115968328,1652800753.34,0.3831,1,0.2117,0
2025-07-11,sh.600000,13.75293439,13.82087408,13.3938246,13.3938246,13.7820514,161683677,2258575043.94,0.5342,1,-2.8169,0
2025-07-14,sh.600000,13.34529625,13.73352305,13.34529625,13.69470037,13.3938246,114977276,1614456120.94,0.3799,1,2.2464,0
2025-07-15,sh.600000,13.73352305,13.7820514,13.42294161,13.51999831,13.69470037,76673245,1073790980.78,0.2533,1,-1.2757,0
2025-07-16,sh.600000,13.54,13.6,13.26,13.48,13.52,81426935,1092141761.03,0.269,1,-0.2959,0
2025-07-17,sh.600000,13.48,13.58,13.4,13.44,13.48,47080750,633619314.88,0.1555,1,-0.2967,0
2025-07-18,sh.600000,13.47,13.65,13.39,13.46,13.44,56174733,758987555.46,0.1856,1,0.1488,0
2025-07-21,sh.600000,13.46,13.54,13.36,13.48,13.46,55881659,751457579.17,0.1846,1,0.1486,0
2025-07-22,sh.600000,13.46,13.51,13.2,13.23,13.48,91190502,1212020033.79,0.3013,1,-1.8546,0
2025-07-23,sh.600000,13.2,13.49,13.2,13.33,13.23,67673356,904049598.96,0.2236,1,0.7559,0
2025-07-24,sh.600000,13.37,13.37,13.05,13.06,13.33,97343311,1280091394.11,0.3216,1,-2.0255,0
2025-07-25,sh.600000,13.03,13.23,13.03,13.07,13.06,65621788,860317426.27,0.2168,1,0.0766,0
2025-07-28,sh.600000,13.12,13.2,13.03,13.08,13.07,76297474,1002195904.36,0.2521,1,0.0765,0
2025-07-29,sh.600000,13.07,13.12,12.78,12.79,13.08,78919964,1017205989.27,0.2607,1,-2.2171,0
2025-07-30,sh.600000,12.84,12.93,12.73,12.88,12.79,72158148,928059541.76,0.2384,1,0.7037,0
2025-07-31,sh.600000,12.87,12.9,12.71,12.81,12.88,68538701,875810524.01,0.2264,1,-0.5435,0
2025-08-01,sh.600000,12.82,12.98,12.58,12.92,12.81,79386102,1018578952.15,0.2623,1,0.8587,0
2025-08-04,sh.600000,12.9,13.45,12.9,13.13,12.92,99782728,1321632122.73,0.3297,1,1.6254,0
2025-08-05,sh.600000,13.15,13.78,13.14,13.75,13.13,133646594,1812399937.53,0.4415,1,4.722,0
2025-08-06,sh.600000,13.75,13.85,13.63,13.79,13.75,84891798,1170588593.94,0.2805,1,0.2909,0
2025-08-07,sh.600000,14.08,14.08,13.66,13.93,13.79,96558141,1337645650.28,0.319,1,1.0152,0
2025-08-08,sh.600000,13.96,14.29,13.91,14.17,13.93,96742884,1367882502.45,0.3196,1,1.7229,0
2025-08-11,sh.600000,14.1,14.2,13.85,13.98,14.17,89510437,1249751391.12,0.2957,1,-1.3409,0
2025-08-12,sh.600000,13.97,14.12,13.87,13.89,13.98,76628234,1072660845.09,0.2532,1,-0.6438,0
2025-08-13,sh.600000,13.98,14.03,13.8,13.83,13.89,79039619,1097891524.73,0.2611,1,-0.432,0
2025-08-14,sh.600000,13.83,13.98,13.79,13.87,13.83,71279949,990881028.74,0.2355,1,0.2892,0
2025-08-15,sh.600000,13.85,13.95,13.55,13.59,13.87,93067809,1271714019.15,0.3075,1,-2.0187,0
2025-08-18,sh.600000,13.53,13.72,13.47,13.64,13.59,83579911,1134949185.4,0.2761,1,0.3679,0
2025-08-19,sh.600000,13.64,13.76,13.58,13.69,13.64,49497253,678047554.46,0.1635,1,0.3666,0
2025-08-20,sh.600000,13.69,13.87,13.6,13.72,13.69,60322243,829302743.85,0.1993,1,0.2191,0
2025-08-21,sh.600000,13.7,13.86,13.59,13.78,13.72,57468516,791948363.69,0.1899,1,0.4373,0
2025-08-22,sh.600000,13.81,13.95,13.77,13.94,13.78,64098054,888813234.07,0.2118,1,1.1611,0
2025-08-25,sh.600000,13.9,14.05,13.76,14.03,13.94,63137208,877162424.51,0.2086,1,0.6456,0
2025-08-26,sh.600000,14.0,14.15,13.82,14.03,14.03,59365845,831883207.37,0.1961,1,0.0,0
2025-08-27,sh.600000,13.95,14.0,13.7,13.75,14.03,76975407,1065617631.05,0.2543,1,-1.9957,0
2025-08-28,sh.600000,13.65,13.94,13.44,13.86,13.75,95618144,1314340523.88,0.3135,1,0.8,0
2025-08-29,sh.600000,13.81,13.99,13.63,13.63,13.86,128276384,1769227973.02,0.4206,1,-1.6595,0
2025-09-01,sh.600000,13.68,13.9,13.45,13.49,13.63,116131640,1584600426.03,0.3808,1,-1.0271,0
2025-09-02,sh.600000,13.43,13.75,13.39,13.73,13.49,79527127,1078332698.35,0.2608,1,1.7791,0
2025-09-03,sh.600000,13.73,13.87,13.61,13.78,13.73,75418875,1039563267.56,0.2473,1,0.3642,0
2025-09-04,sh.600000,13.7,13.85,13.5,13.77,13.78,101214019,1382067032.72,0.3319,1,-0.0726,0
2025-09-05,sh.600000,13.74,13.78,13.47,13.69,13.77,79038636,1081534596.01,0.2592,1,-0.581,0
2025-09-08,sh.600000,13.69,13.98,13.53,13.58,13.69,123553472,1702186554.07,0.4051,1,-0.8035,0
2025-09-09,sh.600000,13.69,14.02,13.62,14.02,13.58,117067240,1622965820.57,0.3839,1,3.2401,0
2025-09-10,sh.600000,14.06,14.07,13.83,13.97,14.02,83617788,1169472183.67,0.2742,1,-0.3566,0
2025-09-11,sh.600000,13.93,14.17,13.88,14.12,13.97,83259271,1168876344.11,0.273,1,1.0737,0
2025-09-12,sh.600000,14.14,14.25,13.45,13.6,14.12,137797397,1890112473.41,0.4518,1,-3.6827,0
2025-09-15,sh.600000,13.51,13.69,13.37,13.43,13.6,84060835,1136419803.5,0.2756,1,-1.25,0
2025-09-16,sh.600000,13.41,13.44,13.13,13.16,13.43,88505780,1171744735.83,0.2902,1,-2.0104,0
2025-09-17,sh.600000,13.15,13.25,12.95,12.96,13.16,66621805,869297895.15,0.2185,1,-1.5198,0
2025-09-18,sh.600000,12.96,13.01,12.68,12.75,12.96,106507276,1365758685.46,0.3492,1,-1.6204,0
2025-09-19,sh.600000,12.69,12.9,12.56,12.81,12.75,79638295,1015780801.33,0.2611,1,0.4706,0
2025-09-22,sh.600000,12.78,12.8,12.5,12.54,12.81,49180587,620006457.97,0.1613,1,-2.1077,0
2025-09-23,sh.600000,12.51,12.65,12.36,12.45,12.54,77159109,962632051.84,0.253,1,-0.7177,0
2025-09-24,sh.600000,12.45,12.54,12.06,12.22,12.45,102755861,1255684175.96,0.3369,1,-1.8474,0
2025-09-25,sh.600000,12.23,12.55,12.13,12.43,12.22,128885102,1599981440.26,0.4226,1,1.7185,0
2025-09-26,sh.600000,12.37,12.48,11.9,12.25,12.43,84171099,1024777755.59,0.276,1,-1.4481,0
2025-09-29,sh.600000,12.25,12.26,11.95,12.06,12.25,86111735,1041131901.08,0.2824,1,-1.551,0
2025-09-30,sh.600000,12.07,12.11,11.81,11.9,12.06,90383609,1077479637.7,0.2964,1,-1.3267,0
2025-10-09,sh.600000,11.75,11.87,11.63,11.8,11.9,81279059,957141423.08,0.2665,1,-0.8403,0
2025-10-10,sh.600000,11.79,12.03,11.68,11.84,11.8,93757429,1113065249.99,0.299,1,0.339,0
2025-10-13,sh.600000,11.97,12.6,11.78,12.51,11.84,209588223,2580353841.57,0.6684,1,5.6588,0
2025-10-14,sh.600000,12.45,12.87,12.31,12.77,12.51,146399373,1860041653.75,0.46,1,2.0783,0
2025-10-15,sh.600000,12.75,13.24,12.63,13.17,12.77,122625265,1591811158.53,0.3853,1,3.1323,0
2025-10-16,sh.600000,13.16,13.53,13.11,13.32,13.17,99838590,1328610596.65,0.3137,1,1.139,0
2025-10-17,sh.600000,13.29,13.44,13.11,13.32,13.32,81693218,1084436740.15,0.2523,1,0.0,0
2025-10-20,sh.600000,13.27,13.27,12.93,12.99,13.32,80678774,1053892619.89,0.2468,1,-2.4775,0
2025-10-21,sh.600000,12.99,13.3,12.92,12.99,12.99,154403206,2026895575.95,0.4723,1,0.0,0
2025-10-22,sh.600000,12.97,13.15,12.81,13.03,12.99,119621745,1553039597.04,0.3659,1,0.3079,0
2025-10-23,sh.600000,13.03,13.1,12.84,12.97,13.03,80652260,1045171787.59,0.2467,1,-0.4605,0
2025-10-24,sh.600000,12.99,13.1,12.83,12.98,12.97,183342863,2383331324.71,0.5608,1,0.0771,0
2025-10-27,sh.600000,12.92,13.06,12.83,12.97,12.98,151665963,1964302302.02,0.4554,1,-0.077,0
2025-10-28,sh.600000,13.01,13.07,12.23,12.39,12.97,159866315,1992336125.97,0.48,1,-4.4719,0
2025-10-29,sh.600000,12.31,12.36,11.75,11.81,12.39,165619780,1970345899.77,0.4973,1,-4.6812,0
2025-10-30,sh.600000,11.79,11.83,11.62,11.64,11.81,122375784,1430066830.95,0.3674,1,-1.4395,0
2025-10-31,sh.600000,11.72,11.74,11.49,11.49,11.64,143534203,1657883721.08,0.431,1,-1.2887,0
2025-11-03,sh.600000,11.49,11.64,11.37,11.41,11.49,123384169,1414090218.43,0.3705,1,-0.6963,0
2025-11-04,sh.600000,11.4,11.63,11.36,11.62,11.41,134964340,1553428253.46,0.4052,1,1.8405,0
2025-11-05,sh.600000,11.64,11.96,11.58,11.86,11.62,162186560,1915573359.08,0.487,1,2.0654,0
2025-11-06,sh.600000,11.8,11.8,11.59,11.66,11.86,127867343,1491236057.4,0.3839,1,-1.6863,0
2025-11-07,sh.600000,11.64,11.75,11.59,11.7,11.66,93125152,1088148705.19,0.2796,1,0.3431,0
2025-11-10,sh.600000,11.65,11.8,11.61,11.69,11.7,90615790,1060061828.17,0.2721,1,-0.0855,0
2025-11-11,sh.600000,11.67,11.73,11.6,11.67,11.69,78910662,920057996.77,0.2369,1,-0.1711,0
2025-11-12,sh.600000,11.69,11.92,11.66,11.68,11.67,150937630,1773400017.86,0.4532,1,0.0857,0
2025-11-13,sh.600000,11.66,11.72,11.51,11.66,11.68,121769523,1414343346.53,0.3656,1,-0.1712,0
2025-11-14,sh.600000,11.61,11.77,11.61,11.62,11.66,113543245,1326048680.5,0.3409,1,-0.3431,0
2025-11-17,sh.600000,11.6,11.65,11.35,11.37,11.62,98485526,1127109373.29,0.2957,1,-2.1515,0
2025-11-18,sh.600000,11.35,11.45,11.25,11.45,11.37,56503139,642965676.86,0.1696,1,0.7036,0
2025-11-19,sh.600000,11.43,11.62,11.4,11.56,11.45,93264386,1078378238.53,0.28,1,0.9607,0
2025-11-20,sh.600000,11.54,11.81,11.49,11.7,11.56,116125007,1361974217.21,0.3487,1,1.2111,0
2025-11-21,sh.600000,11.7,11.74,11.5,11.52,11.7,100248709,1161931513.34,0.301,1,-1.5385,0
2025-11-24,sh.600000,11.54,11.65,11.49,11.53,11.52,94815363,1097744266.59,0.2847,1,0.0868,0
2025-11-25,sh.600000,11.53,11.64,11.45,11.61,11.53,55709457,643212946.22,0.1673,1,0.6938,0
2025-11-26,sh.600000,11.63,11.67,11.45,11.48,11.61,60876972,702261810.13,0.1828,1,-1.1197,0
2025-11-27,sh.600000,11.42,11.78,11.31,11.62,11.48,93698611,1086584193.16,0.2813,1,1.2195,0
2025-11-28,sh.600000,11.6,11.7,11.46,11.48,11.62,79682706,921539831.53,0.2392,1,-1.2048,0
2025-12-01,sh.600000,11.41,11.55,11.37,11.54,11.48,68000214,779356764.1,0.2042,1,0.5226,0
2025-12-02,sh.600000,11.51,11.58,11.43,11.45,11.54,50331401,577904085.28,0.1511,1,-0.7799,0
2025-12-03,sh.600000,11.42,11.5,11.3,11.3,11.45,65916685,751358254.91,0.1979,1,-1.31,0
2025-12-04,sh.600000,11.33,11.33,11.15,11.25,11.3,45066850,506206455.84,0.1353,1,-0.4425,0
2025-12-05,sh.600000,11.23,11.32,11.14,11.26,11.25,56770710,637399477.84,0.1705,1,0.0889,0
2025-12-08,sh.600000,11.26,11.43,11.23,11.39,11.26,89418386,1017232427.15,0.2685,1,1.1545,0
2025-12-09,sh.600000,11.41,11.43,11.31,11.32,11.39,58585930,664542013.98,0.1759,1,-0.6146,0
2025-12-10,sh.600000,11.32,11.33,11.14,11.28,11.32,70831411,794675027.71,0.2127,1,-0.3534,0
2025-12-11,sh.600000,11.3,11.45,11.22,11.44,11.28,107586743,1222579775.27,0.323,1,1.4184,0
2025-12-12,sh.600000,11.41,11.61,11.35,11.61,11.44,145372658,1672795399.42,0.4365,1,1.486,0
2025-12-15,sh.600000,11.59,11.75,11.5,11.66,11.61,111508150,1302167030.14,0.3348,1,0.4307,0
2025-12-16,sh.600000,11.67,11.72,11.42,11.55,11.66,86733417,1000970373.55,0.2604,1,-0.9434,0
2025-12-17,sh.600000,11.54,11.67,11.45,11.54,11.55,60894791,704546773.96,0.1828,1,-0.0866,0
2025-12-18,sh.600000,11.59,11.79,11.48,11.78,11.54,69201006,809469482.7,0.2078,1,2.0797,0
2025-12-19,sh.600000,11.72,11.8,11.65,11.69,11.78,67815119,794336354.39,0.2036,1,-0.764,0
2025-12-22,sh.600000,11.65,11.69,11.54,11.64,11.69,49907269,580340537.94,0.1498,1,-0.4277,0
2025-12-23,sh.600000,11.67,11.88,11.62,11.83,11.64,61488273,724111795.75,0.1846,1,1.6323,0
2025-12-24,sh.600000,11.83,11.9,11.75,11.81,11.83,46510627,550611164.25,0.1396,1,-0.1691,0
2025-12-25,sh.600000,11.8,11.86,11.74,11.77,11.81,30326271,357369168.16,0.0911,1,-0.3387,0
2025-12-26,sh.600000,11.77,11.82,11.71,11.72,11.77,29816927,350344914.47,0.0895,1,-0.4248,0
2025-12-29,sh.600000,11.74,12.22,11.68,12.17,11.72,87875772,1055110814.05,0.2638,1,3.8396,0
2025-12-30,sh.600000,12.17,12.41,12.1,12.39,12.17,74051075,910372295.0,0.2223,1,1.8077,0
2025-12-31,sh.600000,12.35,12.45,12.14,12.44,12.39,82445909,1016605870.18,0.2475,1,0.4036,0
2026-01-05,sh.600000,12.47,12.48,11.8,11.82,12.44,122284342,1459886350.34,0.3672,1,-4.9839,0
2026-01-06,sh.600000,11.78,12.03,11.71,12.0,11.82,121375398,1439780652.17,0.3644,1,1.5228,0
2026-01-07,sh.600000,11.91,11.98,11.76,11.79,12.0,70474220,833114858.77,0.2116,1,-1.75,0
2026-01-08,sh.600000,11.78,11.78,11.48,11.54,11.79,80017314,924663650.87,0.2403,1,-2.1204,0
2026-01-09,sh.600000,11.56,11.57,11.46,11.54,11.54,42361629,487401034.03,0.1272,1,0.0,0
2026-01-12,sh.600000,11.55,11.68,11.51,11.66,11.54,60110177,697500168.23,0.1805,1,1.0399,0
2026-01-13,sh.600000,11.72,11.75,11.54,11.57,11.66,49620112,577967675.71,0.149,1,-0.7719,0
2026-01-14,sh.600000,11.61,11.64,11.22,11.24,11.57,136564445,1562032442.77,0.41,1,-2.8522,0
2026-01-15,sh.600000,11.22,11.26,11.16,11.16,11.24,69278313,776363088.36,0.208,1,-0.7117,0
2026-01-16,sh.600000,11.19,11.27,10.88,11.04,11.16,126811321,1399112204.43,0.3807,1,-1.0753,0
2026-01-19,sh.600000,10.99,11.21,10.93,11.12,11.04,73155055,811475590.38,0.2196,1,0.7246,0
2026-01-20,sh.600000,11.1,11.11,10.94,11.03,11.12,73525878,809278404.31,0.2208,1,-0.8094,0
2026-01-21,sh.600000,11.03,11.06,10.71,10.74,11.03,96262217,1044627492.42,0.289,1,-2.6292,0
2026-01-22,sh.600000,10.74,10.9,10.6,10.63,10.74,152975450,1633552621.26,0.4593,1,-1.0242,0
2026-01-23,sh.600000,10.63,10.66,10.47,10.51,10.63,132324449,1394174258.59,0.3973,1,-1.1289,0
2026-01-26,sh.600000,10.49,10.53,10.34,10.35,10.51,149077101,1552120341.36,0.4476,1,-1.5224,0
2026-01-27,sh.600000,10.34,10.4,10.18,10.2,10.35,95430026,983073877.52,0.2865,1,-1.4493,0
2026-01-28,sh.600000,10.2,10.26,10.01,10.05,10.2,140090242,1416381406.66,0.4206,1,-1.4706,0
2026-01-29,sh.600000,10.03,10.19,9.88,10.15,10.05,182164726,1823281314.55,0.5469,1,0.995,0
2026-01-30,sh.600000,10.14,10.28,10.01,10.04,10.15,110436836,1119322395.04,0.3316,1,-1.0837,0
2026-02-02,sh.600000,10.07,10.25,10.03,10.06,10.04,105771232,1072786034.74,0.3176,1,0.1992,0
2026-02-03,sh.600000,10.06,10.07,9.91,10.02,10.06,77669459,775509783.42,0.2332,1,-0.3976,0
2026-02-04,sh.600000,10.0,10.15,9.98,10.13,10.02,67248961,678972138.29,0.2019,1,1.0978,0
2026-02-05,sh.600000,10.15,10.28,10.13,10.23,10.13,97223688,992778930.64,0.2919,1,0.9872,0
2026-02-06,sh.600000,10.24,10.27,10.06,10.12,10.23,75925550,769321538.3,0.228,1,-1.0753,0
2026-02-09,sh.600000,10.11,10.24,10.08,10.18,10.12,61171546,621933880.43,0.1837,1,0.5929,0
2026-02-10,sh.600000,10.19,10.24,10.15,10.18,10.18,46429780,472864734.13,0.1394,1,0.0,0
2026-02-11,sh.600000,10.18,10.19,10.11,10.17,10.18,39338830,399584929.69,0.1181,1,-0.0982,0
2026-02-12,sh.600000,10.17,10.18,9.96,9.98,10.17,98376257,985620843.73,0.2954,1,-1.8682,0
2026-02-13,sh.600000,9.98,10.03,9.88,9.89,9.98,70040725,696614490.07,0.2103,1,-0.9018,0
2026-02-24,sh.600000,9.98,10.02,9.9,9.9,9.89,54739335,544210582.96,0.1644,1,0.1011,0
2026-02-25,sh.600000,9.9,9.94,9.79,9.79,9.9,87423426,862104910.85,0.2625,1,-1.1111,0
2026-02-26,sh.600000,9.8,9.83,9.69,9.73,9.79,76025001,740273716.09,0.2283,1,-0.6129,0
2026-02-27,sh.600000,9.73,9.84,9.7,9.72,9.73,80281023,781977680.78,0.241,1,-0.1028,0
2026-03-02,sh.600000,9.69,9.77,9.58,9.68,9.72,73404604,710795803.74,0.2204,1,-0.4115,0
2026-03-03,sh.600000,9.66,9.82,9.61,9.73,9.68,112936428,1098196732.02,0.3391,1,0.5165,0
2026-03-04,sh.600000,9.69,9.7,9.43,9.6,9.73,161755557,1544304016.81,0.4857,1,-1.3361,0
2026-03-05,sh.600000,9.56,9.81,9.56,9.78,9.6,119745268,1163684549.19,0.3595,1,1.875,0
2026-03-06,sh.600000,9.74,9.9,9.71,9.89,9.78,72726022,714778139.88,0.2184,1,1.1247,0
2026-03-09,sh.600000,9.83,10.02,9.77,9.85,9.89,116840499,1156617401.43,0.3508,1,-0.4044,0
2026-03-10,sh.600000,9.83,9.99,9.8,9.96,9.85,64916390,643507105.89,0.1949,1,1.1168,0
2026-03-11,sh.600000,9.97,10.1,9.85,10.07,9.96,100884566,1010756030.13,0.3029,1,1.1044,0
2026-03-12,sh.600000,10.04,10.2,10.01,10.18,10.07,89418328,905889175.77,0.2685,1,1.0924,0
2026-03-13,sh.600000,10.16,10.41,10.13,10.26,10.18,99676711,1024835924.3,0.2993,1,0.7859,0
2026-03-16,sh.600000,10.22,10.32,10.22,10.29,10.26,66490467,683009095.42,0.1996,1,0.2924,0
2026-03-17,sh.600000,10.27,10.42,10.27,10.38,10.29,76260073,791761952.96,0.229,1,0.8746,0
2026-03-18,sh.600000,10.38,10.42,10.3,10.37,10.38,65221883,676223804.15,0.1958,1,-0.0963,0
2026-03-19,sh.600000,10.32,10.4,10.25,10.32,10.37,75867153,784461844.83,0.2278,1,-0.4822,0
2026-03-20,sh.600000,10.33,10.46,10.28,10.28,10.32,74883607,776364417.08,0.2248,1,-0.3876,0
2026-03-23,sh.600000,10.23,10.23,9.85,9.86,10.28,93394504,933688844.14,0.2804,1,-4.0856,0
2026-03-24,sh.600000,9.95,10.12,9.89,10.04,9.86,60985887,611456194.26,0.1831,1,1.8256,0
2026-03-25,sh.600000,10.06,10.12,9.94,10.1,10.04,45678402,458609986.46,0.1371,1,0.5976,0
2026-03-26,sh.600000,10.07,10.18,10.03,10.06,10.1,36081386,364208119.65,0.1083,1,-0.396,0
2026-03-27,sh.600000,10.01,10.12,9.98,10.02,10.06,39243944,393449092.83,0.1178,1,-0.3976,0
2026-03-30,sh.600000,9.97,10.02,9.91,10.01,10.02,38507357,384072532.27,0.1156,1,-0.0998,0
2026-03-31,sh.600000,10.01,10.28,9.95,10.18,10.01,96580613,979340995.63,0.29,1,1.6983,0
2026-04-01,sh.600000,10.2,10.37,10.18,10.24,10.18,57416463,590411589.63,0.1724,1,0.5894,0
2026-04-02,sh.600000,10.25,10.37,10.21,10.25,10.24,41638322,427990040.09,0.125,1,0.0977,0
2026-04-03,sh.600000,10.25,10.25,10.08,10.12,10.25,41151821,417211984.12,0.1236,1,-1.2683,0
2026-04-07,sh.600000,10.12,10.17,9.95,9.98,10.12,37882609,380103391.54,0.1137,1,-1.3834,0
2026-04-08,sh.600000,10.0,10.11,9.95,10.09,9.98,48272446,484910420.51,0.1449,1,1.1022,0
2026-04-09,sh.600000,10.07,10.12,9.93,9.93,10.09,46094152,460220739.32,0.1384,1,-1.5857,0
2026-04-10,sh.600000,9.93,9.95,9.86,9.89,9.93,42658461,422430515.97,0.1281,1,-0.4028,0
2026-04-13,sh.600000,9.87,9.88,9.78,9.86,9.89,42812229,420527985.29,0.1285,1,-0.3033,0
2026-04-14,sh.600000,9.86,10.05,9.85,10.05,9.86,52251153,521789801.29,0.1569,1,1.927,0
2026-04-15,sh.600000,10.05,10.13,10.03,10.11,10.05,43000230,433931950.87,0.1291,1,0.597,0
2026-04-16,sh.600000,10.12,10.17,9.98,10.0,10.11,43702319,438981473.65,0.1312,1,-1.088,0
2026-04-17,sh.600000,9.97,10.0,9.85,9.86,10.0,57933037,573972298.66,0.1739,1,-1.4,0
2026-04-20,sh.600000,9.85,9.91,9.78,9.78,9.86,68116917,669899365.69,0.2045,1,-0.8114,0
2026-04-21,sh.600000,9.78,9.87,9.7,9.72,9.78,72849013,711082179.67,0.2187,1,-0.6135,0
2026-04-22,sh.600000,9.71,9.73,9.59,9.61,9.72,68590467,659873551.29,0.2059,1,-1.1317,0
2026-04-23,sh.600000,9.6,9.65,9.51,9.54,9.61,80624665,770932635.6,0.2421,1,-0.7284,0
2026-04-24,sh.600000,9.53,9.62,9.43,9.45,9.54,84859017,806720095.56,0.2548,1,-0.9434,0
2026-04-27,sh.600000,9.44,9.5,9.34,9.36,9.45,87281494,821384138.72,0.2621,1,-0.9524,0
2026-04-28,sh.600000,9.34,9.38,9.25,9.37,9.36,59454959,554217503.44,0.1785,1,0.1068,0
2026-04-29,sh.600000,9.36,9.39,9.32,9.38,9.37,61495033,575654686.79,0.1846,1,0.1067,0
2026-04-30,sh.600000,9.36,9.37,9.25,9.27,9.38,78438804,728939936.37,0.2355,1,-1.1727,0
2026-05-06,sh.600000,9.27,9.29,9.16,9.18,9.27,87935791,808632515.19,0.264,1,-0.9709,0
2026-05-07,sh.600000,9.18,9.2,9.09,9.09,9.18,71972489,657929069.27,0.2161,1,-0.9804,0
2026-05-08,sh.600000,9.08,9.13,9.05,9.07,9.09,89269033,811024242.36,0.268,1,-0.22,0
2026-05-11,sh.600000,9.07,9.09,9.03,9.09,9.07,130287213,1181564052.2,0.3912,1,0.2205,0
2026-05-12,sh.600000,9.08,9.11,9.02,9.03,9.09,77713958,703348398.81,0.2333,1,-0.6601,0
2026-05-13,sh.600000,9.04,9.07,9.01,9.03,9.03,84264336,760849229.6,0.253,1,0.0,0
2026-05-14,sh.600000,9.02,9.13,8.92,9.02,9.03,121425471,1094540193.02,0.3646,1,-0.1107,0
2026-05-15,sh.600000,9.0,9.22,8.93,9.07,9.02,171982587,1559276665.8,0.5164,1,0.5543,0
2026-05-18,sh.600000,9.04,9.13,9.01,9.08,9.07,122357134,1109690085.11,0.3674,1,0.1103,0
2026-05-19,sh.600000,9.08,9.17,8.94,8.95,9.08,127456859,1151104562.15,0.3827,1,-1.4317,0
2026-05-20,sh.600000,8.93,8.97,8.85,8.94,8.95,94375264,843138802.99,0.2834,1,-0.1117,0
2026-05-21,sh.600000,8.94,8.96,8.85,8.86,8.94,82548797,736026564.87,0.2479,1,-0.8949,0
2026-05-22,sh.600000,8.88,9.03,8.75,8.96,8.86,99003358,883300246.96,0.2973,1,1.1287,0
2026-05-25,sh.600000,8.94,9.12,8.91,9.08,8.96,92598961,839416293.24,0.278,1,1.3393,0
2026-05-26,sh.600000,9.1,9.32,9.09,9.27,9.08,146437454,1356643849.95,0.4397,1,2.0925,0
2026-05-27,sh.600000,9.29,9.54,9.26,9.43,9.27,134548971,1269924759.01,0.404,1,1.726,0
2026-05-28,sh.600000,9.42,9.46,9.14,9.21,9.43,83665520,776320232.8,0.2512,1,-2.333,0
2026-05-29,sh.600000,9.18,9.38,9.13,9.37,9.21,93330300,869221255.93,0.2802,1,1.7372,0
2026-06-01,sh.600000,9.32,9.35,9.2,9.32,9.37,75072117,697403297.5,0.2254,1,-0.5336,0
2026-06-02,sh.600000,9.3,9.43,9.26,9.31,9.32,72778238,679643068.61,0.2185,1,-0.1073,0
2026-06-03,sh.600000,9.28,9.31,9.17,9.25,9.31,71007326,656412513.79,0.2132,1,-0.6445,0
2026-06-04,sh.600000,9.27,9.3,9.19,9.19,9.25,56092641,518543818.18,0.1684,1,-0.6486,0
2026-06-05,sh.600000,9.18,9.35,9.18,9.34,9.19,74572522,692089680.77,0.2239,1,1.6322,0
2026-06-08,sh.600000,9.3,9.43,9.23,9.37,9.34,80886957,756784892.63,0.2429,1,0.3212,0
2026-06-09,sh.600000,9.33,9.44,9.29,9.37,9.37,70801807,664069154.21,0.2126,1,0.0,0
2026-06-10,sh.600000,9.37,9.59,9.34,9.59,9.37,109903540,1046292200.55,0.33,1,2.3479,0
2026-06-11,sh.600000,9.59,9.61,9.48,9.55,9.59,72499667,693673066.33,0.2177,1,-0.4171,0
2026-06-12,sh.600000,9.5,9.71,9.4,9.67,9.55,94049852,902245952.44,0.2824,1,1.2565,0
2026-06-15,sh.600000,9.68,9.72,9.47,9.53,9.67,87932132,842270433.52,0.264,1,-1.4478,0
2026-06-16,sh.600000,9.5,9.56,9.42,9.46,9.53,54422958,515638256.34,0.1634,1,-0.7345,0
2026-06-17,sh.600000,9.48,9.55,9.22,9.24,9.46,77190400,719849152.84,0.2318,1,-2.3256,0
2026-06-18,sh.600000,9.2,9.25,9.07,9.09,9.24,83656385,763280626.86,0.2512,1,-1.6234,0
2026-06-22,sh.600000,9.03,9.22,8.98,9.16,9.09,74510266,678435314.78,0.2237,1,0.7701,0
2026-06-23,sh.600000,9.14,9.35,9.13,9.28,9.16,83391753,771415370.34,0.2504,1,1.31,0
2026-06-24,sh.600000,9.26,9.27,8.9,8.9,9.28,107526621,969684287.72,0.3228,1,-4.0948,0
2026-06-25,sh.600000,8.85,8.93,8.82,8.85,8.9,65829690,583249750.28,0.1977,1,-0.5618,0
