date,code,open,high,low,close,preclose,volume,amount,turn,tradestatus,pctChg,isST
2022-01-04,sh.600011,9.35551232,9.54413152,8.41241632,8.487864,9.13860024,147920679,1402066409.91,1.345,1,-7.1207,0
2022-01-05,sh.600011,8.28981384,8.33696864,7.8276968,8.0634708,8.487864,153947985,1313480555.56,1.3998,1,-5.0,0
2022-01-06,sh.600011,7.95973024,8.04460888,7.74281816,7.86542064,8.0634708,135480179,1134339649.91,1.2319,1,-2.4561,0
2022-01-07,sh.600011,7.85598968,7.91257544,7.47875128,7.53533704,7.86542064,116730930,946290293.45,1.0614,1,-4.1966,0
2022-01-10,sh.600011,7.34671784,7.4504584,7.2146844,7.2618392,7.53533704,93949342,729283826.49,0.8543,1,-3.6295,0
2022-01-11,sh.600011,7.25240824,7.5919228,7.2146844,7.29956304,7.2618392,149248414,1169588263.8,1.3571,1,0.5195,0
2022-01-12,sh.600011,7.36557976,7.47875128,7.17696056,7.34671784,7.29956304,89707292,694844606.95,0.8157,1,0.646,0
2022-01-13,sh.600011,7.29956304,7.29956304,6.90346272,7.14866768,7.34671784,141560754,1065390079.56,1.2872,1,-2.6958,0
2022-01-14,sh.600011,7.01663424,7.2618392,6.91289368,6.99777232,7.14866768,125463300,943649475.82,1.1408,1,-2.1108,0
2022-01-17,sh.600011,7.08265096,7.38444168,7.0260652,7.13923672,6.99777232,124004857,950852166.83,1.1276,1,2.0216,0
2022-01-18,sh.600011,7.10151288,7.85598968,7.06378904,7.74281816,7.13923672,267914609,2167094909.56,2.4361,1,8.4544,0
2022-01-19,sh.600011,7.56362992,8.07290176,7.45988936,7.8276968,7.74281816,214817735,1766685563.53,1.9533,1,1.0962,0
2022-01-20,sh.600011,7.78997296,8.1577804,7.52590608,7.95029928,7.8276968,172231397,1431187219.65,1.5661,1,1.5663,0
2022-01-21,sh.600011,7.85598968,8.4407092,7.52590608,7.7333872,7.95029928,247966168,2103333247.9,2.2547,1,-2.7284,0
2022-01-24,sh.600011,7.86542064,8.24265904,7.61078472,8.02574696,7.7333872,130070070,1097140275.16,1.1827,1,3.7805,0
2022-01-25,sh.600011,7.89371352,7.97859216,7.36557976,7.4033036,8.02574696,110452307,892864343.74,1.0043,1,-7.7556,0
2022-01-26,sh.600011,7.53533704,7.75224912,7.37501072,7.62021568,7.4033036,121714868,980905806.59,1.1067,1,2.9299,0
2022-01-27,sh.600011,7.60135376,7.6862324,7.27127016,7.308994,7.62021568,98095231,777093004.73,0.892,1,-4.0842,0
2022-01-28,sh.600011,7.4033036,7.44102744,6.94118656,6.9789104,7.308994,120628685,912373148.09,1.0969,1,-4.5161,0
2022-02-07,sh.600011,7.18639152,7.58249184,7.18639152,7.544768,6.9789104,133915028,1055815684.27,1.2177,1,8.1081,0
2022-02-08,sh.600011,7.55419896,7.81826584,7.07322,7.77111104,7.544768,138033277,1091181300.15,1.2551,1,3.0,0
2022-02-09,sh.600011,7.72395624,8.43127824,7.62021568,8.25209,7.77111104,167034335,1439954922.52,1.5188,1,6.1893,0
2022-02-10,sh.600011,8.19550424,8.46900208,7.98802312,8.21436616,8.25209,137739089,1200313320.75,1.2524,1,-0.4571,0
2022-02-11,sh.600011,8.2049352,8.63875936,8.04460888,8.17664232,8.21436616,109996413,967450735.37,1.0002,1,-0.4592,0
2022-02-14,sh.600011,8.09176368,8.32753768,7.58249184,7.6862324,8.17664232,134666036,1123726394.78,1.2245,1,-5.9977,0
2022-02-15,sh.600011,7.6862324,7.780542,7.44102744,7.74281816,7.6862324,93853634,758375340.12,0.8534,1,0.7362,0
2022-02-16,sh.600011,7.8276968,8.1106256,7.4976132,7.56362992,7.74281816,147999000,1224793972.68,1.3457,1,-2.3143,0
2022-02-17,sh.600011,7.36557976,7.8748516,7.3561488,7.8276968,7.56362992,136859308,1113997635.82,1.2444,1,3.4913,0
2022-02-18,sh.600011,7.6862324,8.0634708,7.5919228,7.780542,7.8276968,96235905,797275862.1,0.8751,1,-0.6024,0
2022-02-21,sh.600011,7.72395624,7.780542,7.27127016,7.38444168,7.780542,162584338,1281824679.81,1.4783,1,-5.0909,0
2022-02-22,sh.600011,7.24297728,7.2618392,6.9789104,7.05435808,7.38444168,111760655,839452975.67,1.0162,1,-4.47,0
2022-02-23,sh.600011,7.08265096,7.3561488,7.01663424,7.22411536,7.05435808,113951664,866028972.28,1.0361,1,2.4064,0
2022-02-24,sh.600011,7.1675296,7.544768,7.10151288,7.25240824,7.22411536,157634302,1227982635.71,1.4333,1,0.3916,0
2022-02-25,sh.600011,7.56362992,7.97859216,7.4504584,7.97859216,7.25240824,191082134,1556271432.55,1.7375,1,10.013,0
2022-02-28,sh.600011,7.98802312,8.3935544,7.85598968,8.27095192,7.97859216,201387186,1734447040.0,1.8312,1,3.6643,0
2022-03-01,sh.600011,8.2049352,8.5821736,8.1577804,8.2049352,8.27095192,114203595,1006104464.0,1.0384,1,-0.7982,0
2022-03-02,sh.600011,8.17664232,8.25209,7.88428256,8.09176368,8.2049352,115502335,985344592.0,1.0502,1,-1.3793,0
2022-03-03,sh.600011,8.19550424,8.26152096,7.99745408,8.08233272,8.09176368,100710652,867559856.0,0.9157,1,-0.1166,0
2022-03-04,sh.600011,8.00688504,8.61046648,7.86542064,8.2992448,8.08233272,131453608,1148830352.0,1.1953,1,2.6838,0
2022-03-07,sh.600011,8.16721136,8.80851664,8.1577804,8.45957112,8.2992448,153205870,1379084768.0,1.3931,1,1.9318,0
2022-03-08,sh.600011,8.37469248,8.70477608,8.18607328,8.26152096,8.45957112,155903127,1404269392.0,1.4176,1,-2.3411,0
2022-03-09,sh.600011,8.49729496,8.6293284,7.94086832,8.5350188,8.26152096,171740455,1530035296.0,1.5616,1,3.3105,0
2022-03-10,sh.600011,8.6293284,8.82737856,8.2992448,8.45957112,8.5350188,196108020,1776907024.0,1.7832,1,-0.884,0
2022-03-11,sh.600011,8.2049352,8.35583056,7.61078472,7.93143736,8.45957112,183884331,1546352960.0,1.672,1,-6.243,0
2022-03-14,sh.600011,7.69566336,7.84655872,7.4033036,7.41273456,7.93143736,124024904,1000438400.0,1.1277,1,-6.5398,0
2022-03-15,sh.600011,7.1675296,7.36557976,6.91289368,6.95061752,7.41273456,132171372,1003264720.0,1.2018,1,-6.2341,0
2022-03-16,sh.600011,7.15809864,7.58249184,7.03549616,7.56362992,6.95061752,148710807,1149719120.0,1.3522,1,8.8195,0
2022-03-17,sh.600011,7.6390776,7.71452528,7.36557976,7.46932032,7.56362992,129531769,1030047472.0,1.1778,1,-1.2469,0
2022-03-18,sh.600011,7.31842496,7.64850856,7.2618392,7.45988936,7.46932032,89618300,712612543.28,0.8149,1,-0.1263,0
2022-03-21,sh.600011,7.44102744,7.60135376,7.3561488,7.51647512,7.45988936,85257532,672964830.63,0.7752,1,0.7585,0
2022-03-22,sh.600011,7.4504584,7.79940392,7.38444168,7.77111104,7.51647512,106062834,858523842.73,0.9644,1,3.3877,0
2022-03-23,sh.600011,7.76168008,7.8276968,7.37501072,7.42216552,7.77111104,112785308,906076453.79,1.0255,1,-4.4903,0
2022-03-24,sh.600011,7.41273456,7.41273456,7.08265096,7.1675296,7.42216552,99275098,755620865.16,0.9027,1,-3.4307,0
2022-03-25,sh.600011,7.11094384,7.14866768,6.58281008,6.65825776,7.1675296,143025389,1039533791.36,1.3005,1,-7.1053,0
2022-03-28,sh.600011,6.59224104,6.8846008,6.3187432,6.86573888,6.65825776,114549481,807473537.76,1.0416,1,3.1161,0
2022-03-29,sh.600011,6.82801504,6.96004848,6.61110296,6.70541256,6.86573888,76245153,547741299.41,0.6933,1,-2.3352,0
2022-03-30,sh.600011,6.70541256,6.91289368,6.70541256,6.86573888,6.70541256,82361263,596353675.55,0.7489,1,2.391,0
2022-03-31,sh.600011,6.85630792,6.85630792,6.39419088,6.51679336,6.86573888,126663158,880013765.51,1.1517,1,-5.0824,0
2022-04-01,sh.600011,6.45077664,6.72427448,6.33760512,6.62996488,6.51679336,88258378,618025844.23,0.8025,1,1.7366,0
2022-04-06,sh.600011,6.601672,6.601672,6.34703608,6.4130528,6.62996488,101885339,694141828.89,0.9264,1,-3.2717,0
2022-04-07,sh.600011,6.365898,6.4130528,6.15841688,6.19614072,6.4130528,106243158,703678771.11,0.966,1,-3.3824,0
2022-04-08,sh.600011,6.2244336,6.365898,6.11126208,6.29045032,6.19614072,63667699,422334158.84,0.5789,1,1.5221,0
2022-04-11,sh.600011,6.30931224,6.37532896,6.01695248,6.04524536,6.29045032,72098734,469431632.05,0.6556,1,-3.8981,0
2022-04-12,sh.600011,5.96979768,6.12069304,5.88491904,6.0358144,6.04524536,75122106,477668958.5,0.6831,1,-0.156,0
2022-04-13,sh.600011,5.99809056,6.01695248,5.8000404,5.88491904,6.0358144,74859642,467328816.02,0.6807,1,-2.5,0
2022-04-14,sh.600011,5.97922864,5.99809056,5.57369736,5.658576,5.88491904,127612082,777715074.39,1.1604,1,-3.8462,0
2022-04-15,sh.600011,5.64914504,6.0829692,5.50768064,6.02638344,5.658576,180970646,1118095773.27,1.6455,1,6.5,0
2022-04-18,sh.600011,5.9415048,6.43191472,5.92264288,6.34703608,6.02638344,134244807,884163461.48,1.2207,1,5.3208,0
2022-04-19,sh.600011,6.2715884,6.38475992,6.19614072,6.29988128,6.34703608,103152114,687816678.96,0.9379,1,-0.7429,0
2022-04-20,sh.600011,6.29988128,6.54508624,6.24329552,6.28101936,6.29988128,108922795,736914271.11,0.9904,1,-0.2994,0
2022-04-21,sh.600011,6.30931224,6.42248376,6.0358144,6.130124,6.28101936,84094235,553006793.66,0.7647,1,-2.4024,0
2022-04-22,sh.600011,6.01695248,6.67711968,5.9415048,6.57337912,6.130124,141631306,960672259.18,1.2878,1,7.2308,0
2022-04-25,sh.600011,6.3187432,6.75256736,6.28101936,6.52622432,6.57337912,218636111,1541317826.94,1.988,1,-0.7174,0
2022-04-26,sh.600011,6.601672,6.71484352,6.3187432,6.37532896,6.52622432,128523000,892261518.83,1.1686,1,-2.3121,0
2022-04-27,sh.600011,6.34703608,6.8846008,6.29988128,6.80915312,6.37532896,149104106,1054939475.92,1.3558,1,6.8047,0
2022-04-28,sh.600011,6.79972216,6.9789104,6.63939584,6.90346272,6.80915312,124798000,905540974.62,1.1348,1,1.385,0
2022-04-29,sh.600011,6.96947944,6.99777232,6.70541256,6.8846008,6.90346272,129158713,937763215.83,1.1744,1,-0.2732,0
2022-05-05,sh.600011,6.837446,6.96947944,6.68655064,6.71484352,6.8846008,113048691,816664830.23,1.0279,1,-2.4658,0
2022-05-06,sh.600011,6.5073624,6.62996488,6.28101936,6.4130528,6.71484352,92529643,632201475.02,0.8414,1,-4.4944,0
2022-05-09,sh.600011,6.40362184,6.76199832,6.35646704,6.59224104,6.4130528,90872961,638040144.42,0.8263,1,2.7941,0
2022-05-10,sh.600011,6.42248376,6.96004848,6.4130528,6.8846008,6.59224104,93347023,670270110.33,0.8488,1,4.4349,0
2022-05-11,sh.600011,6.837446,7.0260652,6.80915312,6.90346272,6.8846008,117725397,861605534.37,1.0705,1,0.274,0
2022-05-12,sh.600011,7.04492712,7.13923672,6.601672,6.7431364,6.90346272,103324433,752130477.01,0.9395,1,-2.3224,0
2022-05-13,sh.600011,6.7431364,6.837446,6.6488268,6.71484352,6.7431364,55034293,392572752.44,0.5004,1,-0.4196,0
2022-05-16,sh.600011,6.71484352,6.71484352,6.48850048,6.56394816,6.71484352,65460247,456305639.18,0.5952,1,-2.2472,0
2022-05-17,sh.600011,6.52622432,6.56394816,6.21500264,6.365898,6.56394816,91455462,613498890.09,0.8316,1,-3.0172,0
2022-05-18,sh.600011,6.32817416,6.6959816,6.28101936,6.6488268,6.365898,103003889,717977721.0,0.9366,1,4.4444,0
2022-05-19,sh.600011,6.56394816,6.89403176,6.4602076,6.85630792,6.6488268,88749283,633700211.1,0.807,1,3.1206,0
2022-05-20,sh.600011,6.85630792,7.33728688,6.85630792,6.96947944,6.85630792,114894286,861224626.68,1.0447,1,1.6506,0
2022-05-23,sh.600011,6.96004848,7.13923672,6.67711968,6.75256736,6.96947944,103496349,746998721.96,0.9411,1,-3.1123,0
2022-05-24,sh.600011,6.73370544,6.92232464,6.52622432,6.53565528,6.75256736,68736149,489913544.2,0.625,1,-3.2123,0
2022-05-25,sh.600011,6.5073624,6.90346272,6.42248376,6.89403176,6.53565528,99905644,711751931.61,0.9084,1,5.4834,0
2022-05-26,sh.600011,6.84687696,7.09208192,6.6959816,6.77142928,6.89403176,80857614,585687934.47,0.7352,1,-1.7784,0
2022-05-27,sh.600011,6.78086024,6.81858408,6.6488268,6.71484352,6.77142928,67086054,476624478.89,0.61,1,-0.8357,0
2022-05-30,sh.600011,6.71484352,6.75256736,6.62053392,6.67711968,6.71484352,53584425,378844477.24,0.4872,1,-0.5618,0
2022-05-31,sh.600011,6.6959816,6.96947944,6.601672,6.96947944,6.67711968,130603106,943879704.86,1.1875,1,4.3785,0
2022-06-01,sh.600011,6.86573888,7.00720328,6.68655064,6.77142928,6.96947944,100488431,727496765.13,0.9137,1,-2.8417,0
2022-06-02,sh.600011,6.70541256,6.85630792,6.66768872,6.75256736,6.77142928,65584034,468415118.88,0.5963,1,-0.2786,0
2022-06-06,sh.600011,6.68655064,6.7902912,6.5545172,6.71484352,6.75256736,108699527,767962974.41,0.9884,1,-0.5587,0
2022-06-07,sh.600011,6.73370544,6.96004848,6.66768872,6.7902912,6.71484352,152235915,1099785482.05,1.3843,1,1.1236,0
2022-06-08,sh.600011,6.837446,6.9317556,6.6488268,6.837446,6.7902912,127388498,918249179.37,1.1583,1,0.6944,0
2022-06-09,sh.600011,6.73370544,6.86573888,6.15841688,6.15841688,6.837446,222001626,1527111461.59,2.0186,1,-9.931,0
2022-06-10,sh.600011,6.0358144,6.38475992,5.95093576,6.12069304,6.15841688,245127880,1608106270.12,2.2289,1,-0.6126,0
2022-06-13,sh.600011,6.04524536,6.0829692,5.58312832,5.7528856,6.12069304,247264887,1504329053.53,2.2483,1,-6.0092,0
2022-06-14,sh.600011,5.66800696,5.8000404,5.54540448,5.8000404,5.7528856,139306292,836921273.34,1.2667,1,0.8197,0
2022-06-15,sh.600011,5.79060944,5.8471952,5.67743792,5.76231656,5.8000404,118541932,724511067.08,1.0779,1,-0.6504,0
2022-06-16,sh.600011,5.79060944,6.11126208,5.72459272,6.02638344,5.76231656,183684317,1161881993.66,1.6702,1,4.5827,0
2022-06-17,sh.600011,5.95093576,6.06410728,5.92264288,5.9886596,6.02638344,102847009,653410218.42,0.9352,1,-0.626,0
2022-06-20,sh.600011,5.97922864,6.59224104,5.91321192,6.59224104,5.9886596,209823682,1433267213.6,1.9079,1,10.0787,0
2022-06-21,sh.600011,6.71484352,6.92232464,6.70541256,6.80915312,6.59224104,250839989,1808664377.96,2.2808,1,3.2904,0
2022-06-22,sh.600011,6.75256736,6.98834136,6.67711968,6.80915312,6.80915312,137052883,990715680.73,1.2462,1,0.0,0
2022-06-23,sh.600011,6.80915312,6.85630792,6.67711968,6.84687696,6.80915312,96282165,690962487.98,0.8755,1,0.554,0
2022-06-24,sh.600011,6.81858408,7.06378904,6.75256736,6.96947944,6.84687696,124523960,912475685.03,1.1323,1,1.7906,0
2022-06-27,sh.600011,7.00720328,7.04492712,6.70541256,6.75256736,6.96947944,122973774,886348633.37,1.1182,1,-3.1123,0
2022-06-28,sh.600011,6.75256736,6.8846008,6.6959816,6.73370544,6.75256736,91738613,657028776.17,0.8342,1,-0.2793,0
2022-06-29,sh.600011,6.70541256,6.80915312,6.62996488,6.73370544,6.73370544,85611846,609369738.86,0.7785,1,0.0,0
2022-06-30,sh.600011,6.73370544,6.7902912,6.62053392,6.63939584,6.73370544,96107757,681887124.43,0.8739,1,-1.4006,0
2022-07-01,sh.600011,6.70541256,6.9317556,6.6959816,6.7431364,6.63939584,132031726,956382001.61,1.2005,1,1.5625,0
2022-07-04,sh.600011,6.6959816,7.25240824,6.67711968,7.09208192,6.7431364,171018001,1278098249.13,1.555,1,5.1748,0
2022-07-05,sh.600011,7.06378904,7.544768,6.98834136,7.39387264,7.09208192,183810042,1433722214.11,1.6713,1,4.2553,0
2022-07-06,sh.600011,7.38444168,7.70509432,7.29013208,7.4504584,7.39387264,116273867,917494170.33,1.0573,1,0.7653,0
2022-07-07,sh.600011,7.43159648,7.66737048,7.39387264,7.64850856,7.4504584,108877760,874442784.72,0.99,1,2.6582,0
2022-07-08,sh.600011,7.57306088,7.67680144,7.44102744,7.62021568,7.64850856,61511538,492825105.14,0.5593,1,-0.3699,0
2022-07-11,sh.600011,7.64850856,7.88428256,7.50704416,7.58249184,7.62021568,106234376,868929507.79,0.966,1,-0.495,0
2022-07-12,sh.600011,7.62021568,7.81826584,7.46932032,7.7333872,7.58249184,85679802,697884507.77,0.7791,1,1.99,0
2022-07-13,sh.600011,7.6862324,7.91257544,7.61078472,7.66737048,7.7333872,80660767,660931323.27,0.7334,1,-0.8537,0
2022-07-14,sh.600011,7.62964664,7.62964664,6.90346272,6.9317556,7.66737048,245935713,1862520101.12,2.2362,1,-9.5941,0
2022-07-15,sh.600011,6.96947944,7.0260652,6.7431364,6.82801504,6.9317556,117629454,859406681.21,1.0696,1,-1.4966,0
2022-07-18,sh.600011,6.70541256,7.1675296,6.70541256,7.13923672,6.82801504,146969796,1093956998.93,1.3364,1,4.558,0
2022-07-19,sh.600011,7.1203748,7.19582248,6.8846008,6.96004848,7.13923672,91184707,678961789.7,0.8291,1,-2.5099,0
2022-07-20,sh.600011,6.96004848,6.99777232,6.77142928,6.84687696,6.96004848,70546308,511456742.04,0.6415,1,-1.626,0
2022-07-21,sh.600011,6.837446,6.84687696,6.61110296,6.62996488,6.84687696,72009752,510960203.6,0.6548,1,-3.168,0
2022-07-22,sh.600011,6.6488268,6.70541256,6.47906952,6.5545172,6.62996488,68017502,474586577.61,0.6185,1,-1.138,0
2022-07-25,sh.600011,6.56394816,6.57337912,6.2244336,6.29988128,6.5545172,98889003,661690468.35,0.8992,1,-3.8849,0
2022-07-26,sh.600011,6.30931224,6.33760512,6.130124,6.29045032,6.29988128,56159237,373237022.18,0.5106,1,-0.1497,0
2022-07-27,sh.600011,6.28101936,6.49793144,6.1772788,6.39419088,6.29045032,124935633,839076079.82,1.136,1,1.6492,0
2022-07-28,sh.600011,6.44134568,6.7431364,6.40362184,6.5545172,6.39419088,146431554,1025455637.94,1.3315,1,2.5074,0
2022-07-29,sh.600011,6.52622432,6.85630792,6.4602076,6.62053392,6.5545172,111726633,790909933.41,1.0159,1,1.0072,0
2022-08-01,sh.600011,6.601672,6.62053392,6.29045032,6.38475992,6.62053392,102712798,696619515.37,0.9339,1,-3.5613,0
2022-08-02,sh.600011,6.29045032,6.37532896,6.01695248,6.11126208,6.38475992,100434387,653693859.08,0.9132,1,-4.2836,0
2022-08-03,sh.600011,6.10183112,6.25272648,5.90378096,5.95093576,6.11126208,80284251,514120673.6,0.73,1,-2.6235,0
2022-08-04,sh.600011,6.0358144,6.24329552,5.99809056,6.14898592,5.95093576,73985320,480597608.0,0.6727,1,3.3281,0
2022-08-05,sh.600011,6.14898592,6.1772788,5.9886596,6.11126208,6.14898592,55864315,358993466.0,0.508,1,-0.6135,0
2022-08-08,sh.600011,6.10183112,6.40362184,6.01695248,6.24329552,6.11126208,83060712,549467827.0,0.7553,1,2.1605,0
2022-08-09,sh.600011,6.21500264,6.33760512,6.12069304,6.18670976,6.24329552,56494849,371795582.0,0.5137,1,-0.9063,0
2022-08-10,sh.600011,6.20557168,6.2244336,6.02638344,6.0829692,6.18670976,51527180,332009204.0,0.4685,1,-1.6768,0
2022-08-11,sh.600011,6.11126208,6.33760512,6.06410728,6.23386456,6.0829692,73583512,484304147.0,0.6691,1,2.4806,0
2022-08-12,sh.600011,6.23386456,6.601672,6.20557168,6.47906952,6.23386456,150087288,1031573680.0,1.3647,1,3.9334,0
2022-08-15,sh.600011,6.58281008,6.7902912,6.47906952,6.66768872,6.47906952,124792732,879191382.84,1.1347,1,2.9112,0
2022-08-16,sh.600011,6.7431364,6.91289368,6.6959816,6.79972216,6.66768872,107125321,772779937.28,0.9741,1,1.9802,0
2022-08-17,sh.600011,6.94118656,7.1675296,6.8846008,7.00720328,6.79972216,121564855,905083669.0,1.1054,1,3.0513,0
2022-08-18,sh.600011,7.04492712,7.05435808,6.7431364,6.7902912,7.00720328,101341065,740179401.99,0.9215,1,-3.0956,0
2022-08-19,sh.600011,6.77142928,7.46932032,6.66768872,7.46932032,6.7902912,148760673,1125352101.42,1.3527,1,10.0,0
2022-08-22,sh.600011,7.544768,8.016316,7.44102744,7.48818224,7.46932032,265403299,2165203281.51,2.4133,1,0.2525,0
2022-08-23,sh.600011,7.50704416,7.8276968,7.37501072,7.780542,7.48818224,142749781,1159989261.62,1.298,1,3.9043,0
2022-08-24,sh.600011,7.7333872,7.95029928,7.55419896,7.6862324,7.780542,118748755,975720242.09,1.0798,1,-1.2121,0
2022-08-25,sh.600011,7.75224912,8.19550424,7.7333872,8.10119464,7.6862324,149711912,1277096033.93,1.3613,1,5.3988,0
2022-08-26,sh.600011,8.05403984,8.55388072,7.8276968,7.93143736,8.10119464,173356736,1499367517.74,1.5763,1,-2.0955,0
2022-08-29,sh.600011,7.78997296,7.99745408,7.55419896,7.81826584,7.93143736,94737389,784301086.67,0.8614,1,-1.4269,0
2022-08-30,sh.600011,7.81826584,7.85598968,7.55419896,7.66737048,7.81826584,86963572,706984404.23,0.7907,1,-1.93,0
2022-08-31,sh.600011,7.66737048,7.88428256,7.37501072,7.71452528,7.66737048,106082252,855999470.65,0.9646,1,0.615,0
2022-09-01,sh.600011,7.62021568,7.72395624,7.37501072,7.42216552,7.71452528,55158608,440061922.08,0.5015,1,-3.7897,0
2022-09-02,sh.600011,7.544768,8.16721136,7.544768,7.7333872,7.42216552,135315349,1128193278.77,1.2304,1,4.1931,0
2022-09-05,sh.600011,7.85598968,8.12005656,7.544768,8.016316,7.7333872,107853149,909342429.13,0.9807,1,3.6585,0
2022-09-06,sh.600011,8.00688504,8.5821736,7.78997296,8.38412344,8.016316,129566040,1139900213.66,1.1781,1,4.5882,0
2022-09-07,sh.600011,8.38412344,8.85567144,8.21436616,8.73306896,8.38412344,127500938,1154612693.67,1.1593,1,4.162,0
2022-09-08,sh.600011,8.68591416,8.9122572,8.487864,8.59160456,8.73306896,103159515,947037480.28,0.938,1,-1.6199,0
2022-09-09,sh.600011,8.50672592,8.8179476,8.30867576,8.60103552,8.59160456,66211196,604213584.41,0.602,1,0.1098,0
2022-09-13,sh.600011,8.60103552,8.8179476,8.3935544,8.487864,8.60103552,91568914,834560068.36,0.8326,1,-1.3158,0
2022-09-14,sh.600011,8.37469248,8.5821736,8.31810672,8.49729496,8.487864,54937860,492793960.36,0.4995,1,0.1111,0
2022-09-15,sh.600011,8.50672592,8.54444976,8.04460888,8.2049352,8.49729496,94461292,823068615.31,0.8589,1,-3.4406,0
2022-09-16,sh.600011,8.1106256,8.35583056,7.75224912,7.89371352,8.2049352,77914463,663143923.16,0.7085,1,-3.7931,0
2022-09-19,sh.600011,7.52590608,7.78997296,7.12980576,7.70509432,7.89371352,126746119,1017395665.6,1.1525,1,-2.3895,0
2022-09-20,sh.600011,7.8276968,7.85598968,7.39387264,7.6862324,7.70509432,67739882,547623112.1,0.6159,1,-0.2448,0
2022-09-21,sh.600011,7.67680144,8.0634708,7.544768,7.84655872,7.6862324,71294305,593020019.22,0.6483,1,2.0859,0
2022-09-22,sh.600011,7.75224912,7.84655872,7.6390776,7.70509432,7.84655872,44483750,364730582.55,0.4045,1,-1.8029,0
2022-09-23,sh.600011,7.90314448,8.07290176,7.51647512,7.58249184,7.70509432,46997701,387175390.94,0.4273,1,-1.5912,0
2022-09-26,sh.600011,7.53533704,7.71452528,7.4504584,7.48818224,7.58249184,53166959,427491429.38,0.4834,1,-1.2438,0
2022-09-27,sh.600011,7.50704416,7.64850856,7.38444168,7.46932032,7.48818224,36547772,289860842.92,0.3323,1,-0.2519,0
2022-09-28,sh.600011,7.4504584,7.62964664,7.29956304,7.43159648,7.46932032,56031966,442275550.37,0.5095,1,-0.5051,0
2022-09-29,sh.600011,7.42216552,7.4976132,7.14866768,7.18639152,7.43159648,56828140,437355266.7,0.5167,1,-3.2995,0
2022-09-30,sh.600011,7.20525344,7.33728688,7.1203748,7.15809864,7.18639152,54376369,417756811.68,0.4944,1,-0.3937,0
2022-10-10,sh.600011,7.12980576,7.38444168,7.0260652,7.14866768,7.15809864,55532558,422982723.46,0.5049,1,-0.1318,0
2022-10-11,sh.600011,7.14866768,7.6862324,7.12980576,7.60135376,7.14866768,66539710,527645606.77,0.605,1,6.3325,0
2022-10-12,sh.600011,7.544768,7.6390776,7.2618392,7.62964664,7.60135376,66016625,520221024.66,0.6003,1,0.3722,0
2022-10-13,sh.600011,7.4976132,8.12005656,7.45988936,8.0634708,7.62964664,96874816,807376497.76,0.8809,1,5.686,0
2022-10-14,sh.600011,7.99745408,8.25209,7.83712776,8.05403984,8.0634708,80804911,692743380.14,0.7347,1,-0.117,0
2022-10-17,sh.600011,7.94086832,7.99745408,7.65793952,7.86542064,8.05403984,62055949,517123348.32,0.5643,1,-2.3419,0
2022-10-18,sh.600011,7.85598968,8.17664232,7.780542,8.016316,7.86542064,65209396,557117726.75,0.5929,1,1.9185,0
2022-10-19,sh.600011,7.9220064,8.22379712,7.74281816,7.79940392,8.016316,64118102,540084119.51,0.583,1,-2.7059,0
2022-10-20,sh.600011,7.7333872,7.84655872,7.56362992,7.64850856,7.79940392,57591126,469500524.7,0.5237,1,-1.9347,0
2022-10-21,sh.600011,7.66737048,7.98802312,7.62964664,7.69566336,7.64850856,69605357,577083886.85,0.6329,1,0.6165,0
2022-10-24,sh.600011,7.69566336,7.70509432,7.43159648,7.55419896,7.69566336,58195374,466032431.36,0.5292,1,-1.8382,0
2022-10-25,sh.600011,7.51647512,7.79940392,7.47875128,7.70509432,7.55419896,58392202,471802944.74,0.5309,1,1.9975,0
2022-10-26,sh.600011,7.43159648,7.8748516,7.34671784,7.544768,7.70509432,110336802,888774280.08,1.0033,1,-2.0808,0
2022-10-27,sh.600011,7.44102744,7.60135376,6.7902912,6.81858408,7.544768,152579032,1139867687.35,1.3874,1,-9.625,0
2022-10-28,sh.600011,6.7902912,6.84687696,6.365898,6.46963856,6.81858408,122026746,849749395.99,1.1096,1,-5.1176,0
2022-10-31,sh.600011,6.52622432,6.67711968,6.29045032,6.3187432,6.46963856,88376069,602794118.87,0.8036,1,-2.3324,0
2022-11-01,sh.600011,6.3187432,6.4602076,6.1772788,6.39419088,6.3187432,87278394,580967289.13,0.7936,1,1.194,0
2022-11-02,sh.600011,6.35646704,6.40362184,6.10183112,6.34703608,6.39419088,87284450,578389335.31,0.7937,1,-0.7375,0
2022-11-03,sh.600011,6.25272648,6.47906952,6.2244336,6.33760512,6.34703608,85504496,575180429.61,0.7775,1,-0.1486,0
2022-11-04,sh.600011,6.5073624,6.66768872,6.4602076,6.5545172,6.33760512,122534178,851013424.84,1.1142,1,3.4226,0
2022-11-07,sh.600011,6.601672,6.65825776,6.44134568,6.56394816,6.5545172,83676369,580756809.23,0.7609,1,0.1439,0
2022-11-08,sh.600011,6.53565528,6.79972216,6.46963856,6.7431364,6.56394816,89088622,631116748.61,0.8101,1,2.7299,0
2022-11-09,sh.600011,6.76199832,6.77142928,6.58281008,6.62053392,6.7431364,54616520,386205302.35,0.4966,1,-1.8182,0
2022-11-10,sh.600011,6.70541256,6.94118656,6.59224104,6.65825776,6.62053392,102481906,734282447.7,0.9318,1,0.5698,0
2022-11-11,sh.600011,6.70541256,6.90346272,6.62053392,6.79972216,6.65825776,84029804,600401071.42,0.7641,1,2.1246,0
2022-11-14,sh.600011,6.80915312,6.837446,6.62996488,6.77142928,6.79972216,61896492,441855780.77,0.5628,1,-0.4161,0
2022-11-15,sh.600011,6.75256736,6.7902912,6.6488268,6.78086024,6.77142928,57446883,410041293.07,0.5224,1,0.1393,0
2022-11-16,sh.600011,6.87516984,7.15809864,6.79972216,6.86573888,6.78086024,100971672,745806436.29,0.9181,1,1.2517,0
2022-11-17,sh.600011,6.7902912,6.84687696,6.6488268,6.80915312,6.86573888,53871102,384976169.4,0.4898,1,-0.8242,0
2022-11-18,sh.600011,6.7902912,7.11094384,6.75256736,7.0260652,6.80915312,94665304,699402274.9,0.8608,1,3.1856,0
2022-11-21,sh.600011,6.9789104,7.31842496,6.96947944,7.24297728,7.0260652,72129741,551212151.62,0.6559,1,3.0872,0
2022-11-22,sh.600011,7.24297728,7.31842496,7.11094384,7.18639152,7.24297728,40667377,310759688.61,0.3698,1,-0.7813,0
2022-11-23,sh.600011,7.14866768,7.53533704,7.13923672,7.38444168,7.18639152,78144902,612275895.27,0.7106,1,2.7559,0
2022-11-24,sh.600011,7.44102744,7.69566336,7.43159648,7.53533704,7.38444168,63451790,510948529.16,0.577,1,2.0434,0
2022-11-25,sh.600011,7.544768,7.69566336,7.4504584,7.62964664,7.53533704,53001516,427332009.95,0.4819,1,1.2516,0
2022-11-28,sh.600011,7.56362992,7.88428256,7.37501072,7.8276968,7.62964664,101013399,828866523.42,0.9185,1,2.5958,0
2022-11-29,sh.600011,7.76168008,7.79940392,7.2146844,7.32785592,7.8276968,131565868,1030152542.25,1.1963,1,-6.3855,0
2022-11-30,sh.600011,7.2618392,7.3561488,7.08265096,7.308994,7.32785592,67607136,519681743.26,0.6147,1,-0.2574,0
2022-12-01,sh.600011,7.2618392,7.31842496,7.11094384,7.19582248,7.308994,80446775,613166782.07,0.7315,1,-1.5484,0
2022-12-02,sh.600011,7.17696056,7.2146844,7.05435808,7.13923672,7.19582248,51508199,389542754.42,0.4684,1,-0.7864,0
2022-12-05,sh.600011,7.15809864,7.39387264,7.10151288,7.38444168,7.13923672,79494882,612432845.13,0.7228,1,3.4346,0
2022-12-06,sh.600011,7.3561488,7.38444168,6.98834136,7.13923672,7.38444168,74558510,564443527.53,0.6779,1,-3.3206,0
2022-12-07,sh.600011,7.11094384,7.13923672,6.84687696,6.8846008,7.13923672,77659637,573537424.73,0.7061,1,-3.5667,0
2022-12-08,sh.600011,6.8846008,6.92232464,6.72427448,6.7902912,6.8846008,67272982,485965239.21,0.6117,1,-1.3699,0
2022-12-09,sh.600011,6.7431364,6.84687696,6.56394816,6.61110296,6.7902912,89898248,634196433.17,0.8174,1,-2.6389,0
2022-12-12,sh.600011,6.61110296,6.63939584,6.4130528,6.43191472,6.61110296,74345829,510614601.67,0.676,1,-2.7104,0
2022-12-13,sh.600011,6.45077664,6.54508624,6.4130528,6.46963856,6.43191472,56701362,389190451.2,0.5156,1,0.5865,0
2022-12-14,sh.600011,6.4602076,6.58281008,6.38475992,6.43191472,6.46963856,60278594,413666937.61,0.5481,1,-0.5831,0
2022-12-15,sh.600011,6.44134568,6.5545172,6.29988128,6.53565528,6.43191472,66281137,453513155.82,0.6027,1,1.6129,0
2022-12-16,sh.600011,6.51679336,6.7431364,6.46963856,6.71484352,6.53565528,113451863,801946928.49,1.0316,1,2.7417,0
2022-12-19,sh.600011,6.71484352,6.7902912,6.44134568,6.57337912,6.71484352,71912270,503118879.08,0.6539,1,-2.1067,0
2022-12-20,sh.600011,6.5545172,6.56394816,6.4130528,6.4602076,6.57337912,45767080,313359524.99,0.4162,1,-1.7217,0
2022-12-21,sh.600011,6.4602076,6.48850048,6.33760512,6.40362184,6.4602076,39150966,266168197.61,0.356,1,-0.8759,0
2022-12-22,sh.600011,6.40362184,6.45077664,6.18670976,6.2244336,6.40362184,49790213,332325387.87,0.4527,1,-2.7982,0
2022-12-23,sh.600011,6.2244336,6.33760512,6.19614072,6.3187432,6.2244336,40280348,268592368.61,0.3663,1,1.5152,0
2022-12-26,sh.600011,6.29988128,6.5545172,6.29045032,6.5545172,6.3187432,57637565,394318331.64,0.5241,1,3.7313,0
2022-12-27,sh.600011,6.58281008,6.62996488,6.46963856,6.54508624,6.5545172,46359025,321518367.47,0.4215,1,-0.1439,0
2022-12-28,sh.600011,6.56394816,7.12980576,6.53565528,7.0260652,6.54508624,169341396,1242841247.84,1.5398,1,7.3487,0
2022-12-29,sh.600011,7.06378904,7.07322,6.8846008,7.03549616,7.0260652,67902373,503575380.76,0.6174,1,0.1342,0
2022-12-30,sh.600011,7.05435808,7.24297728,7.00720328,7.17696056,7.03549616,81143930,614833163.37,0.7378,1,2.0107,0
2023-01-03,sh.600011,7.2618392,7.52590608,7.10151288,7.45988936,7.17696056,104212239,819486385.69,0.9476,1,3.9422,0
2023-01-04,sh.600011,7.50704416,7.51647512,7.22411536,7.32785592,7.45988936,83422113,649419105.49,0.7585,1,-1.7699,0
2023-01-05,sh.600011,7.38444168,7.544768,7.29956304,7.41273456,7.32785592,88400824,694959589.94,0.8038,1,1.1583,0
2023-01-06,sh.600011,7.3561488,7.60135376,7.34671784,7.38444168,7.41273456,66712353,528541329.74,0.6066,1,-0.3817,0
2023-01-09,sh.600011,7.36557976,7.37501072,6.9317556,7.06378904,7.38444168,115286660,867379473.37,1.0483,1,-4.3423,0
2023-01-10,sh.600011,6.98834136,7.10151288,6.9317556,6.96004848,7.06378904,75380750,559303339.12,0.6854,1,-1.4686,0
2023-01-11,sh.600011,6.99777232,7.03549616,6.84687696,6.89403176,6.96004848,51786537,379710587.24,0.4709,1,-0.9485,0
2023-01-12,sh.600011,6.89403176,6.92232464,6.7902912,6.82801504,6.89403176,41334224,300154949.68,0.3758,1,-0.9576,0
2023-01-13,sh.600011,6.81858408,6.837446,6.65825776,6.7431364,6.82801504,62919925,448654262.28,0.5721,1,-1.2431,0
2023-01-16,sh.600011,6.72427448,6.76199832,6.62053392,6.65825776,6.7431364,80716626,572406011.96,0.7339,1,-1.2587,0
2023-01-17,sh.600011,6.66768872,6.66768872,6.48850048,6.58281008,6.65825776,70570371,490729248.73,0.6417,1,-1.1331,0
2023-01-18,sh.600011,6.601672,6.71484352,6.5073624,6.6488268,6.58281008,98744672,695738086.53,0.8979,1,1.0029,0
2023-01-19,sh.600011,6.62053392,6.67711968,6.52622432,6.67711968,6.6488268,81242031,568967756.95,0.7387,1,0.4255,0
2023-01-20,sh.600011,6.66768872,6.96004848,6.62996488,6.89403176,6.67711968,103794664,752332472.77,0.9438,1,3.2486,0
2023-01-30,sh.600011,6.89403176,6.90346272,6.6959816,6.75256736,6.89403176,111361819,799135799.92,1.0126,1,-2.052,0
2023-01-31,sh.600011,6.6959816,7.07322,6.6959816,7.05435808,6.75256736,151172822,1112934902.49,1.3746,1,4.4693,0
2023-02-01,sh.600011,6.99777232,7.2146844,6.8846008,7.15809864,7.05435808,98062224,735068463.82,0.8917,1,1.4706,0
2023-02-02,sh.600011,7.13923672,7.37501072,7.11094384,7.27127016,7.15809864,83870976,647176641.48,0.7626,1,1.581,0
2023-02-03,sh.600011,7.27127016,7.4033036,7.07322,7.3561488,7.27127016,107946480,834437428.38,0.9815,1,1.1673,0
2023-02-06,sh.600011,7.33728688,7.52590608,7.22411536,7.2618392,7.3561488,82872986,646233498.61,0.7535,1,-1.2821,0
2023-02-07,sh.600011,7.28070112,7.60135376,7.18639152,7.544768,7.2618392,83807269,665803329.5,0.762,1,3.8961,0
2023-02-08,sh.600011,7.50704416,7.60135376,7.42216552,7.52590608,7.544768,65137275,518911661.45,0.5923,1,-0.25,0
2023-02-09,sh.600011,7.544768,7.76168008,7.3561488,7.47875128,7.52590608,62075869,492944364.11,0.5644,1,-0.6266,0
2023-02-10,sh.600011,7.48818224,7.76168008,7.4504584,7.66737048,7.47875128,76108506,613521225.6,0.692,1,2.5221,0
2023-02-13,sh.600011,7.780542,8.04460888,7.308994,7.36557976,7.66737048,134270509,1073405434.44,1.2209,1,-3.936,0
2023-02-14,sh.600011,7.36557976,7.69566336,7.36557976,7.62021568,7.36557976,73592052,590706411.04,0.6692,1,3.4571,0
2023-02-15,sh.600011,7.6390776,7.76168008,7.52590608,7.69566336,7.62021568,57716944,467151822.84,0.5248,1,0.9901,0
2023-02-16,sh.600011,7.66737048,7.79940392,7.51647512,7.62021568,7.69566336,60012135,485906766.28,0.5457,1,-0.9804,0
2023-02-17,sh.600011,7.58249184,7.6390776,7.43159648,7.44102744,7.62021568,51402493,410617616.11,0.4674,1,-2.3515,0
2023-02-20,sh.600011,7.43159648,7.57306088,7.4033036,7.47875128,7.44102744,43259989,342227182.82,0.3934,1,0.507,0
2023-02-21,sh.600011,7.37501072,7.53533704,7.2618392,7.4504584,7.47875128,49024567,385461321.95,0.4458,1,-0.3783,0
2023-02-22,sh.600011,7.4033036,7.544768,7.3561488,7.41273456,7.4504584,31235468,246022105.22,0.284,1,-0.5063,0
2023-02-23,sh.600011,7.32785592,7.4504584,7.1675296,7.41273456,7.41273456,69563097,537593669.59,0.6325,1,0.0,0
2023-02-24,sh.600011,7.39387264,7.4976132,7.29956304,7.45988936,7.41273456,43031895,338462335.96,0.3913,1,0.6361,0
2023-02-27,sh.600011,7.45988936,7.46932032,7.29013208,7.36557976,7.45988936,48472196,377633475.08,0.4407,1,-1.2642,0
2023-02-28,sh.600011,7.34671784,7.74281816,7.34671784,7.70509432,7.36557976,53244342,428967828.69,0.4841,1,4.6095,0
2023-03-01,sh.600011,7.7333872,7.94086832,7.6390776,7.88428256,7.70509432,66419898,549073381.1,0.6039,1,2.3256,0
2023-03-02,sh.600011,7.84655872,7.89371352,7.76168008,7.80883488,7.88428256,29598816,245094564.15,0.2691,1,-0.9569,0
2023-03-03,sh.600011,7.80883488,8.00688504,7.66737048,7.89371352,7.80883488,34882592,291613702.21,0.3172,1,1.087,0
2023-03-06,sh.600011,7.89371352,8.4407092,7.8748516,8.2049352,7.89371352,71791290,622417139.54,0.6528,1,3.9427,0
2023-03-07,sh.600011,8.17664232,8.42184728,8.04460888,8.12005656,8.2049352,71299053,620742698.44,0.6483,1,-1.0345,0
2023-03-08,sh.600011,8.10119464,8.12005656,7.89371352,7.98802312,8.12005656,43185355,364651165.43,0.3927,1,-1.626,0
2023-03-09,sh.600011,7.98802312,8.2049352,7.90314448,8.04460888,7.98802312,46131447,392182302.82,0.4195,1,0.7084,0
2023-03-10,sh.600011,7.98802312,8.05403984,7.81826584,7.91257544,8.04460888,39050716,327470311.26,0.3551,1,-1.6413,0
2023-03-13,sh.600011,7.91257544,8.02574696,7.81826584,7.94086832,7.91257544,27442619,230405773.39,0.2495,1,0.3576,0
2023-03-14,sh.600011,7.89371352,8.28038288,7.84655872,8.10119464,7.94086832,54288431,465404184.16,0.4936,1,2.019,0
2023-03-15,sh.600011,8.1106256,8.50672592,7.8748516,8.41241632,8.10119464,68647283,600065024.18,0.6242,1,3.8417,0
2023-03-16,sh.600011,8.38412344,8.5821736,8.18607328,8.487864,8.41241632,68758447,617348409.65,0.6252,1,0.8969,0
2023-03-17,sh.600011,8.4407092,8.8179476,8.3463996,8.3935544,8.487864,95237165,872072328.49,0.866,1,-1.1111,0
2023-03-20,sh.600011,8.45014016,8.50672592,8.12005656,8.16721136,8.3935544,67816159,592982977.16,0.6166,1,-2.6966,0
2023-03-21,sh.600011,8.16721136,8.3935544,8.1106256,8.19550424,8.16721136,34347054,300026904.24,0.3123,1,0.3464,0
2023-03-22,sh.600011,8.23322808,8.24265904,7.90314448,8.04460888,8.19550424,54958433,467255627.22,0.4997,1,-1.8412,0
2023-03-23,sh.600011,8.03517792,8.2992448,7.9220064,8.21436616,8.04460888,49880817,429603412.57,0.4536,1,2.1102,0
2023-03-24,sh.600011,8.19550424,8.27095192,8.08233272,8.19550424,8.21436616,24687428,214112251.33,0.2245,1,-0.2296,0
2023-03-27,sh.600011,8.19550424,8.2049352,7.8748516,8.07290176,8.19550424,63736548,538746091.5,0.5795,1,-1.496,0
2023-03-28,sh.600011,7.98802312,8.07290176,7.91257544,7.98802312,8.07290176,44661829,377533232.66,0.4061,1,-1.0514,0
2023-03-29,sh.600011,8.016316,8.21436616,7.93143736,8.00688504,7.98802312,38865804,330285796.63,0.3534,1,0.2361,0
2023-03-30,sh.600011,7.93143736,8.16721136,7.8748516,8.04460888,8.00688504,34761865,295209796.36,0.3161,1,0.4711,0
2023-03-31,sh.600011,8.02574696,8.1577804,8.00688504,8.08233272,8.04460888,32631322,279492575.36,0.2967,1,0.4689,0
2023-04-03,sh.600011,8.07290176,8.07290176,7.71452528,7.91257544,8.08233272,85684242,714943930.92,0.7791,1,-2.1004,0
2023-04-04,sh.600011,7.89371352,7.90314448,7.62021568,7.83712776,7.91257544,136417913,1124719902.92,1.2404,1,-0.9535,0
2023-04-06,sh.600011,7.79940392,7.90314448,7.69566336,7.80883488,7.83712776,45726696,378858095.66,0.4158,1,-0.361,0
2023-04-07,sh.600011,7.79940392,8.0634708,7.75224912,8.03517792,7.80883488,34666298,290866091.08,0.3152,1,2.8986,0
2023-04-10,sh.600011,7.97859216,8.487864,7.9691612,8.3463996,8.03517792,61672551,545234776.48,0.5608,1,3.8732,0
2023-04-11,sh.600011,8.3463996,8.42184728,8.24265904,8.37469248,8.3463996,32521748,287331068.68,0.2957,1,0.339,0
2023-04-12,sh.600011,8.37469248,8.38412344,8.12005656,8.23322808,8.37469248,31699031,276029628.53,0.2882,1,-1.6892,0
2023-04-13,sh.600011,8.23322808,8.35583056,8.09176368,8.26152096,8.23322808,50507480,439970427.02,0.4593,1,0.3436,0
2023-04-14,sh.600011,8.28038288,8.76136184,8.25209,8.56331168,8.26152096,79051433,717547777.64,0.7188,1,3.653,0
2023-04-17,sh.600011,8.60103552,8.70477608,8.46900208,8.65762128,8.56331168,45269104,413024690.82,0.4116,1,1.1013,0
2023-04-18,sh.600011,8.68591416,8.74249992,8.24265904,8.3463996,8.65762128,48077699,427269766.2,0.4372,1,-3.5948,0
2023-04-19,sh.600011,8.33696864,8.5821736,8.28038288,8.51615688,8.3463996,35349143,317401366.33,0.3214,1,2.0339,0
2023-04-20,sh.600011,8.60103552,8.60103552,8.32753768,8.37469248,8.51615688,26899600,238991082.77,0.2446,1,-1.6611,0
2023-04-21,sh.600011,8.37469248,8.45014016,8.19550424,8.23322808,8.37469248,32928947,289587702.6,0.2994,1,-1.6892,0
2023-04-24,sh.600011,8.28038288,8.57274264,8.18607328,8.41241632,8.23322808,47717229,426565407.18,0.4339,1,2.1764,0
2023-04-25,sh.600011,8.487864,8.64819032,8.37469248,8.55388072,8.41241632,57048613,516589555.07,0.5187,1,1.6816,0
2023-04-26,sh.600011,9.0537216,9.2894956,8.7707928,9.01599776,8.55388072,145239105,1395880883.01,1.3206,1,5.4024,0
2023-04-27,sh.600011,8.82737856,9.2423408,8.79908568,9.1008764,9.01599776,98796907,944687738.18,0.8983,1,0.9414,0
2023-04-28,sh.600011,9.06315256,9.22347888,8.96884296,9.1480312,9.1008764,74033781,715290439.42,0.6732,1,0.5181,0
2023-05-04,sh.600011,9.11030736,9.53470056,9.0537216,9.41209808,9.1480312,71714507,710424124.44,0.6521,1,2.8866,0
2023-05-05,sh.600011,9.42152904,9.68559592,9.3366504,9.49697672,9.41209808,81206015,816681017.5,0.7384,1,0.9018,0
2023-05-08,sh.600011,9.49697672,9.91193896,9.36494328,9.41209808,9.49697672,81083672,823371205.0,0.7373,1,-0.8937,0
2023-05-09,sh.600011,9.3838052,9.44982192,9.16689312,9.20461696,9.41209808,64746093,638150145.63,0.5887,1,-2.2044,0
2023-05-10,sh.600011,9.20461696,9.30835752,9.0065668,9.09144544,9.20461696,31909118,309520535.26,0.2901,1,-1.2295,0
2023-05-11,sh.600011,9.09144544,9.29892656,8.96884296,9.13860024,9.09144544,44111258,426390985.52,0.4011,1,0.5187,0
2023-05-12,sh.600011,9.12916928,9.62901016,9.1008764,9.29892656,9.13860024,76844977,767809008.74,0.6987,1,1.7544,0
2023-05-15,sh.600011,9.40266712,9.61014824,8.69534512,8.78022376,9.29892656,178173741,1693657513.79,1.6201,1,-5.5781,0
2023-05-16,sh.600011,8.79908568,9.07258352,8.64819032,8.83680952,8.78022376,96883380,911004085.41,0.8809,1,0.6445,0
2023-05-17,sh.600011,8.8179476,9.03485968,8.73306896,8.93111912,8.83680952,59521158,562902399.81,0.5412,1,1.0672,0
2023-05-18,sh.600011,8.959412,9.21404792,8.87453336,8.93111912,8.93111912,59459951,568869223.4,0.5407,1,0.0,0
2023-05-19,sh.600011,8.97827392,9.0537216,8.75193088,8.76136184,8.93111912,43235283,407667320.91,0.3931,1,-1.9007,0
2023-05-22,sh.600011,8.74249992,9.2423408,8.723638,9.0537216,8.76136184,84885875,814267012.55,0.7719,1,3.3369,0
2023-05-23,sh.600011,9.1008764,9.1480312,8.74249992,8.78022376,9.0537216,50785461,478876774.85,0.4618,1,-3.0208,0
2023-05-24,sh.600011,8.78022376,8.80851664,8.55388072,8.63875936,8.78022376,46475327,426552310.97,0.4226,1,-1.6112,0
2023-05-25,sh.600011,8.61989744,8.97827392,8.5821736,8.87453336,8.63875936,49533012,464492914.49,0.4504,1,2.7293,0
2023-05-26,sh.600011,8.92168816,9.30835752,8.92168816,9.15746216,8.87453336,90671500,880559130.38,0.8245,1,3.1881,0
2023-05-29,sh.600011,9.12916928,9.8553532,9.12916928,9.70445784,9.15746216,123547523,1256200491.41,1.1234,1,5.9732,0
2023-05-30,sh.600011,9.68559592,9.74218168,9.43096,9.65730304,9.70445784,71962075,729731533.9,0.6543,1,-0.4859,0
2023-05-31,sh.600011,9.63844112,9.9496628,9.49697672,9.60071728,9.65730304,63896384,654856947.34,0.581,1,-0.5859,0
2023-06-01,sh.600011,9.61014824,9.74218168,9.35551232,9.51583864,9.60071728,70145261,709735877.2,0.6378,1,-0.8841,0
2023-06-02,sh.600011,9.53470056,9.62901016,9.18575504,9.30835752,9.51583864,84307540,835369581.91,0.7666,1,-2.1804,0
2023-06-05,sh.600011,9.2894956,9.5252696,9.13860024,9.31778848,9.30835752,60600257,600630226.75,0.551,1,0.1013,0
2023-06-06,sh.600011,9.2423408,9.28006464,8.89339528,8.92168816,9.31778848,66561754,636009267.86,0.6052,1,-4.251,0
2023-06-07,sh.600011,8.94998104,8.99713584,8.723638,8.80851664,8.92168816,80273066,748438033.26,0.7299,1,-1.2685,0
2023-06-08,sh.600011,8.80851664,8.959412,8.65762128,8.9122572,8.80851664,48067656,449686050.3,0.4371,1,1.1777,0
2023-06-09,sh.600011,8.9122572,9.12916928,8.82737856,9.02542872,8.9122572,58252063,556974384.96,0.5297,1,1.2698,0
2023-06-12,sh.600011,9.08201448,9.11973832,8.41241632,8.4407092,9.02542872,123419814,1127316659.67,1.1222,1,-6.4786,0
2023-06-13,sh.600011,8.43127824,8.54444976,8.27095192,8.2992448,8.4407092,75592911,670391840.2,0.6874,1,-1.676,0
2023-06-14,sh.600011,8.3935544,8.41241632,8.17664232,8.22379712,8.2992448,70814984,620698161.27,0.6439,1,-0.9091,0
2023-06-15,sh.600011,8.24265904,8.28038288,8.05403984,8.19550424,8.22379712,82399878,711616381.12,0.7492,1,-0.344,0
2023-06-16,sh.600011,8.23322808,8.24265904,7.99745408,8.016316,8.19550424,121699898,1040270208.05,1.1066,1,-2.1864,0
2023-06-19,sh.600011,8.05403984,8.37469248,7.97859216,8.33696864,8.016316,116125394,1010173208.81,1.0559,1,4.0,0
2023-06-20,sh.600011,8.30867576,8.41241632,8.1577804,8.2992448,8.33696864,89074399,782704696.84,0.8099,1,-0.4525,0
2023-06-21,sh.600011,8.30867576,8.5821736,8.28981384,8.33696864,8.2992448,102562541,916941863.76,0.9326,1,0.4545,0
2023-06-26,sh.600011,8.42184728,8.8179476,8.38412344,8.6293284,8.33696864,138187205,1264296453.27,1.2565,1,3.5068,0
2023-06-27,sh.600011,8.63875936,8.6764832,8.33696864,8.6293284,8.6293284,81223262,736712269.16,0.7385,1,0.0,0
2023-06-28,sh.600011,8.5821736,8.8651024,8.56331168,8.79908568,8.6293284,73340598,681045783.09,0.6669,1,1.9672,0
2023-06-29,sh.600011,8.78965472,8.8179476,8.59160456,8.723638,8.79908568,45545153,419948504.1,0.4141,1,-0.8574,0
2023-06-30,sh.600011,8.73306896,8.83680952,8.56331168,8.73306896,8.723638,55905938,515905132.41,0.5083,1,0.1081,0
2023-07-03,sh.600011,8.75193088,8.97827392,8.68591416,8.7707928,8.73306896,64813916,607527484.67,0.5893,1,0.432,0
2023-07-04,sh.600011,8.7707928,8.94055008,8.70477608,8.84624048,8.7707928,56723819,531362786.42,0.5158,1,0.8602,0
2023-07-05,sh.600011,8.75193088,8.94998104,8.75193088,8.9122572,8.84624048,41727998,393019769.04,0.3794,1,0.7463,0
2023-07-06,sh.600011,8.92168816,8.97827392,8.80851664,8.85567144,8.9122572,28778168,271201621.64,0.2617,1,-0.6349,0
2023-07-07,sh.600011,8.84624048,9.06315256,8.82737856,8.89339528,8.85567144,40768974,386798648.71,0.3707,1,0.426,0
2023-07-10,sh.600011,8.99713584,9.26120272,8.94998104,9.03485968,8.89339528,63525368,611129102.59,0.5776,1,1.5907,0
2023-07-11,sh.600011,9.03485968,9.06315256,8.87453336,8.98770488,9.03485968,29470585,280116801.28,0.268,1,-0.5219,0
2023-07-12,sh.600011,9.06315256,9.07258352,8.92168816,8.959412,8.98770488,35930377,342127193.65,0.3267,1,-0.3148,0
2023-07-13,sh.600011,8.90282624,8.97827392,8.79908568,8.93111912,8.959412,34270184,323325542.62,0.3116,1,-0.3158,0
2023-07-14,sh.600011,8.88396432,8.9122572,8.59160456,8.63875936,8.93111912,84031951,773017315.18,0.7641,1,-3.2735,0
2023-07-17,sh.600011,8.83680952,8.87453336,8.6764832,8.8179476,8.63875936,56176715,523845720.95,0.5108,1,2.0742,0
2023-07-18,sh.600011,8.83680952,8.8651024,8.61046648,8.7707928,8.8179476,37576146,349058135.84,0.3417,1,-0.5348,0
2023-07-19,sh.600011,8.7707928,8.79908568,8.65762128,8.73306896,8.7707928,23443853,216780212.5,0.2132,1,-0.4301,0
2023-07-20,sh.600011,8.74249992,8.74249992,8.54444976,8.55388072,8.73306896,27917162,255151936.22,0.2538,1,-2.0518,0
2023-07-21,sh.600011,8.55388072,8.65762128,8.47843304,8.60103552,8.55388072,37401076,339872418.34,0.3401,1,0.5513,0
2023-07-24,sh.600011,8.5350188,8.7707928,8.42184728,8.73306896,8.60103552,45816277,420143974.55,0.4166,1,1.5351,0
2023-07-25,sh.600011,8.6764832,8.723638,7.98802312,8.13891848,8.73306896,177847348,1543113247.95,1.6171,1,-6.8035,0
2023-07-26,sh.600011,8.0634708,8.24265904,7.9220064,8.19550424,8.13891848,108118596,928786478.33,0.9831,1,0.6952,0
2023-07-27,sh.600011,8.1106256,8.19550424,7.97859216,8.02574696,8.19550424,79522927,679687697.27,0.7231,1,-2.0713,0
2023-07-28,sh.600011,7.9691612,8.16721136,7.93143736,8.08233272,8.02574696,61280772,522811158.19,0.5572,1,0.7051,0
2023-07-31,sh.600011,8.05403984,8.12005656,7.95973024,8.1106256,8.08233272,81103601,691842258.32,0.7375,1,0.3501,0
2023-08-01,sh.600011,8.1106256,8.46900208,8.02574696,8.4407092,8.1106256,108919674,961588459.44,0.9904,1,4.0698,0
2023-08-02,sh.600011,8.3935544,8.45957112,8.25209,8.40298536,8.4407092,60106784,533605933.92,0.5465,1,-0.4469,0
2023-08-03,sh.600011,8.3935544,8.56331168,8.32753768,8.50672592,8.40298536,43397044,390323114.4,0.3946,1,1.2346,0
2023-08-04,sh.600011,8.487864,8.5821736,8.30867576,8.4407092,8.50672592,55487803,497117626.54,0.5045,1,-0.7761,0
2023-08-07,sh.600011,8.46900208,8.64819032,8.36526152,8.61046648,8.4407092,50001377,452916981.16,0.4547,1,2.0112,0
2023-08-08,sh.600011,8.60103552,8.8179476,8.487864,8.5350188,8.61046648,39909163,364462533.18,0.3629,1,-0.8762,0
2023-08-09,sh.600011,8.5350188,8.5350188,8.2992448,8.3935544,8.5350188,47110028,417972713.0,0.4284,1,-1.6575,0
2023-08-10,sh.600011,8.41241632,8.5350188,8.32753768,8.33696864,8.3935544,30828523,274661415.65,0.2803,1,-0.6742,0
2023-08-11,sh.600011,8.33696864,8.38412344,8.23322808,8.2992448,8.33696864,37194013,327827269.67,0.3382,1,-0.4525,0
2023-08-14,sh.600011,8.28981384,8.6293284,8.19550424,8.57274264,8.2992448,57862224,521813629.84,0.5261,1,3.2955,0
2023-08-15,sh.600011,8.5821736,8.94998104,8.52558784,8.75193088,8.57274264,70436837,656855483.26,0.6405,1,2.0902,0
2023-08-16,sh.600011,8.68591416,8.75193088,8.60103552,8.66705224,8.75193088,38849829,357374080.57,0.3533,1,-0.9698,0
2023-08-17,sh.600011,8.6764832,8.68591416,8.43127824,8.54444976,8.66705224,34912011,315021888.0,0.3174,1,-1.4146,0
2023-08-18,sh.600011,8.51615688,8.61989744,8.45014016,8.45014016,8.54444976,16626067,150206575.86,0.1512,1,-1.1038,0
2023-08-21,sh.600011,8.41241632,8.4407092,8.2992448,8.2992448,8.45014016,22011092,195259192.7,0.2001,1,-1.7857,0
2023-08-22,sh.600011,8.30867576,8.42184728,8.19550424,8.36526152,8.2992448,29135222,256506665.06,0.2649,1,0.7955,0
2023-08-23,sh.600011,8.35583056,8.42184728,8.08233272,8.09176368,8.36526152,33336597,290333119.53,0.3031,1,-3.2694,0
2023-08-24,sh.600011,8.10119464,8.17664232,7.94086832,8.04460888,8.09176368,27788900,236880466.56,0.2527,1,-0.5828,0
2023-08-25,sh.600011,8.03517792,8.14834944,7.93143736,8.0634708,8.04460888,23583260,201580582.1,0.2144,1,0.2345,0
2023-08-28,sh.600011,8.43127824,8.4407092,7.70509432,7.75224912,8.0634708,87688836,735583589.33,0.7973,1,-3.8596,0
2023-08-29,sh.600011,7.74281816,7.79940392,7.6390776,7.7333872,7.75224912,57171437,468249583.2,0.5198,1,-0.2433,0
2023-08-30,sh.600011,7.76168008,7.88428256,7.6390776,7.67680144,7.7333872,50082676,410196094.76,0.4554,1,-0.7317,0
2023-08-31,sh.600011,7.65793952,7.72395624,7.52590608,7.6862324,7.67680144,55525884,449039437.89,0.5049,1,0.1229,0
2023-09-01,sh.600011,7.62964664,7.64850856,7.4976132,7.55419896,7.6862324,39515252,316690212.92,0.3593,1,-1.7178,0
2023-09-04,sh.600011,7.544768,7.55419896,7.25240824,7.3561488,7.55419896,131185472,1022468830.2,1.1928,1,-2.6217,0
2023-09-05,sh.600011,7.36557976,7.62964664,7.33728688,7.56362992,7.3561488,127992680,1019050858.12,1.1638,1,2.8205,0
2023-09-06,sh.600011,7.57306088,7.61078472,7.45988936,7.55419896,7.56362992,64750112,518347188.76,0.5888,1,-0.1247,0
2023-09-07,sh.600011,7.56362992,7.56362992,7.44102744,7.45988936,7.55419896,34929089,277217284.97,0.3176,1,-1.2484,0
2023-09-08,sh.600011,7.44102744,8.02574696,7.41273456,7.88428256,7.45988936,123022856,1014993012.96,1.1186,1,5.689,0
2023-09-11,sh.600011,7.8748516,7.95973024,7.76168008,7.79940392,7.88428256,88995381,741697099.0,0.8092,1,-1.0766,0
2023-09-12,sh.600011,7.79940392,8.08233272,7.780542,7.94086832,7.79940392,68835040,582689350.44,0.6259,1,1.8138,0
2023-09-13,sh.600011,7.95029928,8.016316,7.84655872,7.94086832,7.94086832,28768313,241483669.68,0.2616,1,0.0,0
2023-09-14,sh.600011,7.9220064,8.17664232,7.9220064,8.10119464,7.94086832,72274551,620015470.68,0.6572,1,2.019,0
2023-09-15,sh.600011,8.07290176,8.12948752,7.81826584,7.85598968,8.10119464,50136668,421210801.6,0.4559,1,-3.0268,0
2023-09-18,sh.600011,7.85598968,7.93143736,7.70509432,7.7333872,7.85598968,48899511,402421067.22,0.4446,1,-1.5606,0
2023-09-19,sh.600011,7.74281816,7.79940392,7.66737048,7.76168008,7.7333872,34669775,284798625.25,0.3152,1,0.3659,0
2023-09-20,sh.600011,7.76168008,7.77111104,7.61078472,7.6390776,7.76168008,27419985,222389749.02,0.2493,1,-1.5796,0
2023-09-21,sh.600011,7.62021568,7.780542,7.58249184,7.62964664,7.6390776,35342252,287477727.05,0.3214,1,-0.1235,0
2023-09-22,sh.600011,7.64850856,7.7333872,7.53533704,7.58249184,7.62964664,38716027,311932760.28,0.352,1,-0.618,0
2023-09-25,sh.600011,7.58249184,7.6390776,7.53533704,7.55419896,7.58249184,30646150,245749385.62,0.2787,1,-0.3731,0
2023-09-26,sh.600011,7.56362992,7.5919228,7.4504584,7.52590608,7.55419896,37771348,300732258.18,0.3434,1,-0.3745,0
2023-09-27,sh.600011,7.544768,7.6390776,7.45988936,7.45988936,7.52590608,32379399,258304249.09,0.2944,1,-0.8772,0
2023-09-28,sh.600011,7.4504584,7.4976132,7.39387264,7.42216552,7.45988936,34745655,273509449.04,0.3159,1,-0.5057,0
2023-10-09,sh.600011,7.42216552,7.45988936,7.3561488,7.42216552,7.42216552,26830342,211126773.74,0.244,1,0.0,0
2023-10-10,sh.600011,7.4976132,7.4976132,7.25240824,7.27127016,7.42216552,47959833,371807441.61,0.4361,1,-2.033,0
2023-10-11,sh.600011,7.27127016,7.37501072,7.17696056,7.2146844,7.27127016,43379467,333761793.65,0.3944,1,-0.7782,0
2023-10-12,sh.600011,7.2146844,7.38444168,7.19582248,7.36557976,7.2146844,46756421,362646034.94,0.4251,1,2.0915,0
2023-10-13,sh.600011,7.44102744,7.47875128,7.17696056,7.2146844,7.36557976,43659911,336081127.68,0.397,1,-2.0487,0
2023-10-16,sh.600011,7.1675296,7.23354632,7.08265096,7.15809864,7.2146844,35104019,265675194.83,0.3192,1,-0.7843,0
2023-10-17,sh.600011,7.12980576,7.28070112,7.08265096,7.19582248,7.15809864,45585100,347684571.0,0.4145,1,0.527,0
2023-10-18,sh.600011,7.1675296,7.1675296,6.98834136,7.03549616,7.19582248,32079482,239736362.71,0.2917,1,-2.228,0
2023-10-19,sh.600011,7.00720328,7.03549616,6.90346272,6.95061752,7.03549616,36183753,267117179.97,0.329,1,-1.2064,0
2023-10-20,sh.600011,6.9317556,6.98834136,6.82801504,6.96004848,6.95061752,26434793,194842069.34,0.2404,1,0.1357,0
2023-10-23,sh.600011,6.94118656,7.03549616,6.76199832,6.87516984,6.96004848,38488342,281655754.2,0.35,1,-1.2195,0
2023-10-24,sh.600011,6.85630792,6.87516984,6.72427448,6.7902912,6.87516984,39852491,286821379.94,0.3624,1,-1.2346,0
2023-10-25,sh.600011,6.9317556,6.96004848,6.5073624,6.6959816,6.7902912,100099457,706578284.6,0.9102,1,-1.3889,0
2023-10-26,sh.600011,6.61110296,7.03549616,6.58281008,6.98834136,6.6959816,88457735,644102762.85,0.8043,1,4.3662,0
2023-10-27,sh.600011,7.00720328,7.4033036,6.98834136,7.28070112,6.98834136,91128724,696455705.2,0.8286,1,4.1835,0
2023-10-30,sh.600011,7.28070112,7.29956304,7.11094384,7.20525344,7.28070112,56902927,433355941.55,0.5174,1,-1.0363,0
2023-10-31,sh.600011,7.24297728,7.28070112,7.11094384,7.17696056,7.20525344,39812766,303040970.26,0.362,1,-0.3927,0
2023-11-01,sh.600011,7.19582248,7.24297728,7.12980576,7.17696056,7.17696056,24646136,187838637.62,0.2241,1,0.0,0
2023-11-02,sh.600011,7.19582248,7.29013208,7.17696056,7.18639152,7.17696056,29863546,229063273.89,0.2715,1,0.1314,0
2023-11-03,sh.600011,7.18639152,7.39387264,7.15809864,7.23354632,7.18639152,41719363,322713489.06,0.3793,1,0.6562,0
2023-11-06,sh.600011,7.2618392,7.28070112,7.11094384,7.18639152,7.23354632,49117458,374747129.27,0.4466,1,-0.6519,0
2023-11-07,sh.600011,7.15809864,7.1675296,7.05435808,7.10151288,7.18639152,40110234,301760380.86,0.3647,1,-1.1811,0
2023-11-08,sh.600011,7.08265096,7.1675296,7.01663424,7.10151288,7.10151288,32256960,242994449.51,0.2933,1,0.0,0
2023-11-09,sh.600011,7.08265096,7.25240824,7.04492712,7.11094384,7.10151288,38888632,294426563.88,0.3536,1,0.1328,0
2023-11-10,sh.600011,7.09208192,7.24297728,6.91289368,7.17696056,7.11094384,65878733,495504537.95,0.599,1,0.9284,0
2023-11-13,sh.600011,7.27127016,7.44102744,7.00720328,7.15809864,7.17696056,110750567,845067397.68,1.007,1,-0.2628,0
2023-11-14,sh.600011,7.1203748,7.3561488,7.08265096,7.15809864,7.15809864,73108426,560076508.05,0.6648,1,0.0,0
2023-11-15,sh.600011,7.19582248,7.22411536,7.10151288,7.14866768,7.15809864,39140001,296285835.94,0.3559,1,-0.1318,0
2023-11-16,sh.600011,7.14866768,7.23354632,7.10151288,7.1675296,7.14866768,49364132,375288821.37,0.4489,1,0.2639,0
2023-11-17,sh.600011,7.18639152,7.34671784,7.1203748,7.27127016,7.1675296,63459559,487388183.04,0.577,1,1.4474,0
2023-11-20,sh.600011,7.2618392,7.37501072,7.20525344,7.2146844,7.27127016,61869269,477269462.25,0.5626,1,-0.7782,0
2023-11-21,sh.600011,7.2146844,7.25240824,7.10151288,7.1203748,7.2146844,46976850,356658889.18,0.4272,1,-1.3072,0
2023-11-22,sh.600011,7.13923672,7.20525344,7.10151288,7.13923672,7.1203748,41957670,318627342.83,0.3815,1,0.2649,0
2023-11-23,sh.600011,7.11094384,7.19582248,7.03549616,7.09208192,7.13923672,40378023,303801124.16,0.3671,1,-0.6605,0
2023-11-24,sh.600011,7.09208192,7.1203748,6.96947944,6.9789104,7.09208192,37148763,277080049.83,0.3378,1,-1.5957,0
2023-11-27,sh.600011,6.95061752,7.13923672,6.89403176,7.08265096,6.9789104,49376700,367629991.36,0.449,1,1.4865,0
2023-11-28,sh.600011,7.08265096,7.08265096,6.89403176,7.05435808,7.08265096,43354402,320759267.97,0.3942,1,-0.3995,0
2023-11-29,sh.600011,7.03549616,7.10151288,6.92232464,6.95061752,7.05435808,34110832,252905554.63,0.3102,1,-1.4706,0
2023-11-30,sh.600011,6.9789104,7.28070112,6.96004848,7.27127016,6.95061752,106614957,812410118.96,0.9694,1,4.6133,0
2023-12-01,sh.600011,7.28070112,7.28070112,7.14866768,7.22411536,7.27127016,39044631,298643662.5,0.355,1,-0.6485,0
2023-12-04,sh.600011,7.22411536,7.29013208,7.17696056,7.2618392,7.22411536,31116001,239021581.68,0.2829,1,0.5222,0
2023-12-05,sh.600011,7.23354632,7.4033036,7.2146844,7.22411536,7.2618392,43627108,337956376.19,0.3967,1,-0.5195,0
2023-12-06,sh.600011,7.19582248,7.2146844,7.04492712,7.15809864,7.22411536,36776529,278277132.82,0.3344,1,-0.9138,0
2023-12-07,sh.600011,7.2146844,7.43159648,7.17696056,7.308994,7.15809864,49828191,385924173.2,0.4531,1,2.108,0
2023-12-08,sh.600011,7.308994,7.45988936,7.25240824,7.33728688,7.308994,50183969,391665258.87,0.4563,1,0.3871,0
2023-12-11,sh.600011,7.33728688,7.45988936,7.13923672,7.45988936,7.33728688,59811503,465735925.44,0.5439,1,1.671,0
2023-12-12,sh.600011,7.44102744,7.51647512,7.39387264,7.42216552,7.45988936,33275744,262650300.63,0.3026,1,-0.5057,0
2023-12-13,sh.600011,7.42216552,7.50704416,7.38444168,7.4033036,7.42216552,30416500,239274197.31,0.2766,1,-0.2541,0
2023-12-14,sh.600011,7.38444168,7.4504584,7.308994,7.32785592,7.4033036,38597620,301111153.4,0.351,1,-1.0191,0
2023-12-15,sh.600011,7.32785592,7.37501072,7.11094384,7.14866768,7.32785592,45823983,350554577.17,0.4167,1,-2.4453,0
2023-12-18,sh.600011,7.12980576,7.25240824,7.08265096,7.13923672,7.14866768,33434878,253880441.67,0.304,1,-0.1319,0
2023-12-19,sh.600011,7.13923672,7.1675296,7.0260652,7.09208192,7.13923672,25798183,193631580.63,0.2346,1,-0.6605,0
2023-12-20,sh.600011,7.1675296,7.48818224,7.1675296,7.34671784,7.09208192,88220816,691087503.0,0.8022,1,3.5904,0
2023-12-21,sh.600011,7.33728688,7.33728688,7.2146844,7.29956304,7.34671784,42671360,329081831.8,0.388,1,-0.6418,0
2023-12-22,sh.600011,7.28070112,7.31842496,7.18639152,7.2618392,7.29956304,42802000,329181284.0,0.3892,1,-0.5168,0
2023-12-25,sh.600011,7.25240824,7.42216552,7.17696056,7.39387264,7.2618392,30130894,233562384.5,0.274,1,1.8182,0
2023-12-26,sh.600011,7.34671784,7.48818224,7.308994,7.42216552,7.39387264,35039600,274800790.0,0.3186,1,0.3827,0
2023-12-27,sh.600011,7.36557976,7.52590608,7.34671784,7.51647512,7.42216552,50579748,399220505.07,0.4599,1,1.2706,0
2023-12-28,sh.600011,7.50704416,7.5919228,7.29956304,7.37501072,7.51647512,71736980,561520455.57,0.6523,1,-1.8821,0
2023-12-29,sh.600011,7.3561488,7.39387264,7.24297728,7.2618392,7.37501072,46224024,358085489.53,0.4203,1,-1.5345,0
2024-01-02,sh.600011,7.22411536,7.58249184,7.22411536,7.544768,7.2618392,70604045,557412564.57,0.642,1,3.8961,0
2024-01-03,sh.600011,7.51647512,7.89371352,7.45988936,7.85598968,7.544768,89246665,731106627.42,0.8115,1,4.125,0
2024-01-04,sh.600011,7.84655872,7.95973024,7.69566336,7.94086832,7.85598968,66736672,554867871.03,0.6068,1,1.0804,0
2024-01-05,sh.600011,7.8748516,8.0634708,7.80883488,7.8748516,7.94086832,66348133,558303405.48,0.6033,1,-0.8314,0
2024-01-08,sh.600011,7.8276968,8.04460888,7.74281816,7.9691612,7.8748516,61389936,516924478.78,0.5582,1,1.1976,0
2024-01-09,sh.600011,7.95973024,8.09176368,7.81826584,8.0634708,7.9691612,52345629,443583097.64,0.476,1,1.1834,0
2024-01-10,sh.600011,8.02574696,8.17664232,7.98802312,8.09176368,8.0634708,37658762,322723333.62,0.3424,1,0.3509,0
2024-01-11,sh.600011,8.08233272,8.09176368,7.85598968,7.89371352,8.09176368,59359391,499778004.16,0.5397,1,-2.4476,0
2024-01-12,sh.600011,7.89371352,8.03517792,7.85598968,7.9691612,7.89371352,37927285,320239175.75,0.3449,1,0.9558,0
2024-01-15,sh.600011,7.95973024,8.1577804,7.9220064,8.12005656,7.9691612,51319376,440445988.91,0.4666,1,1.8935,0
2024-01-16,sh.600011,8.04460888,8.22379712,7.9691612,8.1577804,8.12005656,46614596,400422924.21,0.4239,1,0.4646,0
2024-01-17,sh.600011,8.14834944,8.21436616,8.0634708,8.0634708,8.1577804,30318204,261690450.06,0.2757,1,-1.1561,0
2024-01-18,sh.600011,8.04460888,8.10119464,7.71452528,7.95973024,8.0634708,76745742,641446365.76,0.6978,1,-1.2865,0
2024-01-19,sh.600011,7.93143736,7.94086832,7.6390776,7.71452528,7.95973024,83220645,683751939.96,0.7567,1,-3.0806,0
2024-01-22,sh.600011,7.6862324,7.80883488,7.544768,7.60135376,7.71452528,52927461,431698690.86,0.4813,1,-1.467,0
2024-01-23,sh.600011,7.58249184,7.85598968,7.4504584,7.780542,7.60135376,53446713,434096421.46,0.486,1,2.3573,0
2024-01-24,sh.600011,7.81826584,7.98802312,7.74281816,7.9691612,7.780542,42729342,356688865.18,0.3885,1,2.4242,0
2024-01-25,sh.600011,7.98802312,8.19550424,7.9220064,8.19550424,7.9691612,45176340,388152803.08,0.4108,1,2.8402,0
2024-01-26,sh.600011,8.14834944,8.38412344,8.12005656,8.37469248,8.19550424,50491398,442877809.33,0.4591,1,2.1864,0
2024-01-29,sh.600011,8.3935544,8.61046648,8.30867576,8.41241632,8.37469248,61524414,552003098.72,0.5594,1,0.4505,0
2024-01-30,sh.600011,8.35583056,8.41241632,8.2049352,8.25209,8.41241632,43909984,386911838.73,0.3993,1,-1.9058,0
2024-01-31,sh.600011,7.8748516,8.43127824,7.78997296,8.26152096,8.25209,104902021,910634326.83,0.9539,1,0.1143,0
2024-02-01,sh.600011,8.18607328,8.2049352,7.94086832,8.00688504,8.26152096,61618549,526069145.8,0.5603,1,-3.0822,0
2024-02-02,sh.600011,8.00688504,8.28981384,7.94086832,8.16721136,8.00688504,53919894,465908674.46,0.4903,1,2.0024,0
2024-02-05,sh.600011,8.1577804,8.3935544,7.97859216,8.0634708,8.16721136,73583595,636195406.09,0.6691,1,-1.2702,0
2024-02-06,sh.600011,8.05403984,8.2049352,7.83712776,8.0634708,8.0634708,64468774,546525860.14,0.5862,1,0.0,0
2024-02-07,sh.600011,8.05403984,8.0634708,7.75224912,8.03517792,8.0634708,73882874,616195432.72,0.6718,1,-0.3509,0
2024-02-08,sh.600011,7.8748516,8.24265904,7.79940392,8.24265904,8.03517792,51787996,439591180.56,0.4709,1,2.5822,0
2024-02-19,sh.600011,8.26152096,8.47843304,8.18607328,8.47843304,8.24265904,49008813,433710062.58,0.4456,1,2.8604,0
2024-02-20,sh.600011,8.41241632,8.65762128,8.31810672,8.4407092,8.47843304,42238798,380633117.27,0.3841,1,-0.4449,0
2024-02-21,sh.600011,8.42184728,8.52558784,8.27095192,8.30867576,8.4407092,58673591,519082258.63,0.5335,1,-1.5642,0
2024-02-22,sh.600011,8.28038288,8.46900208,8.25209,8.46900208,8.30867576,49504973,440239834.6,0.4501,1,1.9296,0
2024-02-23,sh.600011,8.45957112,8.5821736,8.40298536,8.46900208,8.46900208,48945486,440616006.47,0.4451,1,0.0,0
2024-02-26,sh.600011,8.4407092,8.45957112,8.1577804,8.23322808,8.46900208,54500938,479853301.08,0.4956,1,-2.784,0
2024-02-27,sh.600011,8.18607328,8.28981384,8.0634708,8.13891848,8.23322808,54395720,469062823.9,0.4946,1,-1.1455,0
2024-02-28,sh.600011,8.10119464,8.487864,8.07290176,8.38412344,8.13891848,79414668,699789718.16,0.7221,1,3.0127,0
2024-02-29,sh.600011,8.28981384,8.32753768,8.17664232,8.31810672,8.38412344,51752127,452951549.98,0.4706,1,-0.7874,0
2024-03-01,sh.600011,8.30867576,8.40298536,8.12948752,8.13891848,8.31810672,53773468,467527736.99,0.489,1,-2.1542,0
2024-03-04,sh.600011,8.1106256,8.45014016,8.09176368,8.4407092,8.13891848,64571796,566496093.34,0.5871,1,3.708,0
2024-03-05,sh.600011,8.43127824,8.71420704,8.37469248,8.61046648,8.4407092,71403897,650961272.28,0.6493,1,2.0112,0
2024-03-06,sh.600011,8.61046648,8.8651024,8.487864,8.5821736,8.61046648,59103471,542209019.12,0.5374,1,-0.3286,0
2024-03-07,sh.600011,8.54444976,8.83680952,8.487864,8.75193088,8.5821736,52826620,488429592.43,0.4803,1,1.978,0
2024-03-08,sh.600011,8.70477608,8.94998104,8.63875936,8.9122572,8.75193088,50782986,476160586.1,0.4618,1,1.8319,0
2024-03-11,sh.600011,8.94998104,9.04429064,8.65762128,8.83680952,8.9122572,50176508,468124943.68,0.4562,1,-0.8466,0
2024-03-12,sh.600011,8.78965472,8.8179476,8.42184728,8.49729496,8.83680952,63290681,574616631.39,0.5755,1,-3.842,0
2024-03-13,sh.600011,8.4407092,8.55388072,8.31810672,8.5350188,8.49729496,51470117,461545042.37,0.468,1,0.444,0
2024-03-14,sh.600011,8.5350188,8.66705224,8.46900208,8.61989744,8.5350188,40856067,371375725.48,0.3715,1,0.9945,0
2024-03-15,sh.600011,8.61046648,8.83680952,8.55388072,8.75193088,8.61989744,49950867,461841833.38,0.4542,1,1.5317,0
2024-03-18,sh.600011,8.7707928,9.09144544,8.59160456,8.75193088,8.75193088,60435510,566132568.17,0.5495,1,0.0,0
2024-03-19,sh.600011,8.723638,8.78965472,8.57274264,8.65762128,8.75193088,36935549,339049316.18,0.3358,1,-1.0776,0
2024-03-20,sh.600011,8.56331168,8.66705224,8.3935544,8.59160456,8.65762128,48141746,436171150.17,0.4377,1,-0.7625,0
2024-03-21,sh.600011,8.57274264,8.6293284,8.45014016,8.47843304,8.59160456,43408769,391594070.91,0.3947,1,-1.3172,0
2024-03-22,sh.600011,8.46900208,8.52558784,8.31810672,8.487864,8.47843304,40511161,362007625.65,0.3684,1,0.1112,0
2024-03-25,sh.600011,8.45014016,8.6293284,8.3935544,8.55388072,8.487864,38145264,346726534.86,0.3468,1,0.7778,0
2024-03-26,sh.600011,8.49729496,8.76136184,8.42184728,8.74249992,8.55388072,44409009,405776432.01,0.4038,1,2.2051,0
2024-03-27,sh.600011,8.73306896,8.79908568,8.6293284,8.64819032,8.74249992,44120922,407843779.49,0.4012,1,-1.0787,0
2024-03-28,sh.600011,8.65762128,8.723638,8.46900208,8.6293284,8.64819032,38806226,353270048.35,0.3529,1,-0.2181,0
2024-03-29,sh.600011,8.61989744,8.84624048,8.59160456,8.84624048,8.6293284,38821549,360672021.65,0.353,1,2.5137,0
2024-04-01,sh.600011,8.83680952,8.87453336,8.5821736,8.6764832,8.84624048,52540660,483904798.9,0.4777,1,-1.919,0
2024-04-02,sh.600011,8.64819032,8.94998104,8.63875936,8.9122572,8.6764832,47925716,450341853.76,0.4358,1,2.7174,0
2024-04-03,sh.600011,8.88396432,8.97827392,8.74249992,8.90282624,8.9122572,32736111,307574096.05,0.2977,1,-0.1058,0
2024-04-08,sh.600011,8.85567144,9.45925288,8.84624048,9.27063368,8.90282624,74528419,727962164.61,0.6777,1,4.1314,0
2024-04-09,sh.600011,9.2423408,9.29892656,9.08201448,9.22347888,9.27063368,35654118,347649006.05,0.3242,1,-0.5086,0
2024-04-10,sh.600011,9.195186,9.43096,9.16689312,9.23290984,9.22347888,41360750,407870172.27,0.3761,1,0.1022,0
2024-04-11,sh.600011,9.16689312,9.45925288,9.12916928,9.39323616,9.23290984,45212043,447464135.05,0.4111,1,1.7365,0
2024-04-12,sh.600011,9.42152904,9.6195792,9.39323616,9.5252696,9.39323616,40866878,412801335.97,0.3716,1,1.4056,0
2024-04-15,sh.600011,9.51583864,9.6195792,9.32721944,9.56299344,9.5252696,47115663,474100813.5,0.4284,1,0.396,0
2024-04-16,sh.600011,9.51583864,9.63844112,9.28006464,9.35551232,9.56299344,55996256,560040018.61,0.5092,1,-2.1696,0
2024-04-17,sh.600011,9.41209808,9.49697672,9.26120272,9.4781148,9.35551232,32913719,327772085.56,0.2993,1,1.3105,0
2024-04-18,sh.600011,9.44982192,9.5252696,8.97827392,9.07258352,9.4781148,93756466,909688505.11,0.8525,1,-4.2786,0
2024-04-19,sh.600011,9.03485968,9.16689312,8.94055008,9.02542872,9.07258352,52829475,506325274.7,0.4804,1,-0.5198,0
2024-04-22,sh.600011,9.06315256,9.23290984,8.79908568,8.959412,9.02542872,68311536,651011583.51,0.6211,1,-0.7315,0
2024-04-23,sh.600011,8.99713584,8.99713584,8.76136184,8.78022376,8.959412,42176240,394401456.39,0.3835,1,-2.0,0
2024-04-24,sh.600011,9.13860024,9.50640768,9.07258352,9.16689312,8.78022376,132309175,1296257182.85,1.2031,1,4.4039,0
2024-04-25,sh.600011,9.16689312,9.195186,8.8651024,8.93111912,9.16689312,61703748,587737785.62,0.5611,1,-2.572,0
2024-04-26,sh.600011,8.93111912,8.96884296,8.78022376,8.88396432,8.93111912,64380231,605413622.5,0.5854,1,-0.528,0
2024-04-29,sh.600011,8.82737856,8.84624048,8.54444976,8.69534512,8.88396432,104336636,957218953.52,0.9487,1,-2.1231,0
2024-04-30,sh.600011,8.68591416,8.8651024,8.61046648,8.82737856,8.69534512,83887318,777699970.82,0.7628,1,1.5184,0
2024-05-06,sh.600011,8.79908568,8.9122572,8.6293284,8.90282624,8.82737856,80063378,747719385.56,0.728,1,0.8547,0
2024-05-07,sh.600011,8.82737856,8.94055008,8.68591416,8.70477608,8.90282624,69277355,643988445.81,0.6299,1,-2.2246,0
2024-05-08,sh.600011,8.6764832,8.75193088,8.61046648,8.6293284,8.70477608,64325518,591282973.28,0.5849,1,-0.8667,0
2024-05-09,sh.600011,8.6764832,8.6764832,8.49729496,8.64819032,8.6293284,70540927,642329856.99,0.6414,1,0.2186,0
2024-05-10,sh.600011,8.61989744,8.74249992,8.61989744,8.73306896,8.64819032,81362246,749705816.94,0.7398,1,0.9815,0
2024-05-13,sh.600011,8.723638,8.99713584,8.64819032,8.92168816,8.73306896,115065351,1080041071.84,1.0463,1,2.1598,0
2024-05-14,sh.600011,8.9122572,9.0065668,8.7707928,8.94998104,8.92168816,72243022,683612700.44,0.6569,1,0.3171,0
2024-05-15,sh.600011,8.9122572,9.02542872,8.54444976,8.60103552,8.94998104,79660763,738217897.79,0.7243,1,-3.8988,0
2024-05-16,sh.600011,8.63875936,8.65762128,8.38412344,8.42184728,8.60103552,81661493,733179275.36,0.7425,1,-2.0833,0
2024-05-17,sh.600011,8.38412344,8.45014016,8.25209,8.30867576,8.42184728,77801709,687213072.45,0.7074,1,-1.3438,0
2024-05-20,sh.600011,8.2992448,8.50672592,8.25209,8.45014016,8.30867576,83621947,744388861.92,0.7604,1,1.7026,0
2024-05-21,sh.600011,8.42184728,8.45014016,8.3463996,8.38412344,8.45014016,37022733,329214825.55,0.3366,1,-0.7813,0
2024-05-22,sh.600011,8.36526152,8.49729496,8.32753768,8.40298536,8.38412344,52476822,468088163.46,0.4772,1,0.225,0
2024-05-23,sh.600011,8.37469248,8.37469248,8.19550424,8.23322808,8.40298536,45720440,400754678.8,0.4157,1,-2.0202,0
2024-05-24,sh.600011,8.23322808,8.51615688,8.22379712,8.42184728,8.23322808,100278219,898225153.58,0.9118,1,2.291,0
2024-05-27,sh.600011,8.45957112,8.723638,8.37469248,8.60103552,8.42184728,102250986,931328820.13,0.9297,1,2.1277,0
2024-05-28,sh.600011,8.59160456,8.6764832,8.54444976,8.59160456,8.60103552,57214190,522383861.88,0.5202,1,-0.1096,0
2024-05-29,sh.600011,8.61046648,8.66705224,8.4407092,8.64819032,8.59160456,53194988,483317459.94,0.4837,1,0.6586,0
2024-05-30,sh.600011,8.60103552,8.69534512,8.36526152,8.40298536,8.64819032,62998974,567347638.07,0.5728,1,-2.8353,0
2024-05-31,sh.600011,8.3935544,8.56331168,8.30867576,8.45014016,8.40298536,59600595,534720138.13,0.5419,1,0.5612,0
2024-06-03,sh.600011,8.47843304,8.52558784,8.36526152,8.487864,8.45014016,46848201,419860811.04,0.426,1,0.4464,0
2024-06-04,sh.600011,8.46900208,8.70477608,8.33696864,8.6764832,8.487864,71705991,649923854.12,0.652,1,2.2222,0
2024-06-05,sh.600011,8.66705224,8.73306896,8.54444976,8.5821736,8.6764832,44798565,410728718.12,0.4073,1,-1.087,0
2024-06-06,sh.600011,8.5821736,8.8179476,8.51615688,8.74249992,8.5821736,79194601,731638899.99,0.7201,1,1.8681,0
2024-06-07,sh.600011,8.68591416,8.92168816,8.6764832,8.8651024,8.74249992,64069468,598249382.02,0.5826,1,1.4024,0
2024-06-11,sh.600011,8.90282624,8.93111912,8.60103552,8.69534512,8.8651024,67638907,627380335.55,0.615,1,-1.9149,0
2024-06-12,sh.600011,8.68591416,8.84624048,8.60103552,8.80851664,8.69534512,55485878,512277451.4,0.5045,1,1.3015,0
2024-06-13,sh.600011,8.79908568,8.93111912,8.74249992,8.8651024,8.80851664,50457608,473022962.36,0.4588,1,0.6424,0
2024-06-14,sh.600011,8.84624048,9.0065668,8.69534512,8.723638,8.8651024,78974785,743332180.55,0.7181,1,-1.5957,0
2024-06-17,sh.600011,8.70477608,8.84624048,8.50672592,8.55388072,8.723638,62978290,576202341.79,0.5726,1,-1.9459,0
2024-06-18,sh.600011,8.56331168,8.6764832,8.47843304,8.61989744,8.55388072,43899413,400261131.69,0.3992,1,0.7718,0
2024-06-19,sh.600011,8.6293284,8.68591416,8.52558784,8.52558784,8.61989744,36003200,327925913.69,0.3274,1,-1.0941,0
2024-06-20,sh.600011,8.49729496,8.6293284,8.47843304,8.60103552,8.52558784,34558019,314167172.53,0.3142,1,0.885,0
2024-06-21,sh.600011,8.57274264,8.6764832,8.46900208,8.55388072,8.60103552,40659513,368905401.61,0.3697,1,-0.5482,0
2024-06-24,sh.600011,8.5350188,8.79908568,8.52558784,8.723638,8.55388072,57643688,530982703.99,0.5241,1,1.9846,0
2024-06-25,sh.600011,8.74249992,8.7707928,8.5350188,8.723638,8.723638,50371105,463006438.58,0.458,1,0.0,0
2024-06-26,sh.600011,8.70477608,8.7707928,8.51615688,8.68591416,8.723638,41243902,377038516.26,0.375,1,-0.4324,0
2024-06-27,sh.600011,8.61989744,8.7707928,8.60103552,8.6764832,8.68591416,32495178,299336686.02,0.2955,1,-0.1086,0
2024-06-28,sh.600011,8.70477608,9.18575504,8.6293284,9.07258352,8.6764832,68327908,648431178.27,0.6213,1,4.5652,0
2024-07-01,sh.600011,9.08201448,9.29892656,9.06315256,9.22347888,9.07258352,53281778,518786373.22,0.4845,1,1.6632,0
2024-07-02,sh.600011,9.20461696,9.2894956,9.09144544,9.25177176,9.22347888,39118145,382180615.06,0.3557,1,0.3067,0
2024-07-03,sh.600011,9.23290984,9.29892656,9.1008764,9.21404792,9.25177176,31807843,310264376.31,0.2892,1,-0.4077,0
2024-07-04,sh.600011,9.195186,9.3366504,9.15746216,9.17632408,9.21404792,36999291,362905556.17,0.3364,1,-0.4094,0
2024-07-05,sh.600011,9.2423408,9.27063368,8.92168816,9.08201448,9.17632408,43169256,414281019.32,0.3925,1,-1.0277,0
2024-07-08,sh.600011,9.13860024,9.2423408,9.0065668,9.16689312,9.08201448,42014475,407383523.04,0.382,1,0.9346,0
2024-07-09,sh.600011,9.1480312,9.23290984,9.0065668,9.195186,9.16689312,35189771,340360041.76,0.32,1,0.3086,0
2024-07-10,sh.600011,9.12916928,9.18575504,8.74249992,8.8179476,9.195186,66766410,627400367.17,0.6071,1,-4.1026,0
2024-07-11,sh.600011,8.8468578,8.866132,8.4420996,8.6444787,8.8179465,90184876,803481507.07,0.82,1,-1.9672,0
2024-07-12,sh.600011,8.5866561,8.6348416,8.3360915,8.384277,8.6444787,66418942,583617772.54,0.6039,1,-3.01,0
2024-07-15,sh.600011,8.2975431,8.5288335,8.1722608,8.4999222,8.384277,63686570,553764400.82,0.5791,1,1.3793,0
2024-07-16,sh.600011,8.4517367,8.5673819,8.3939141,8.480648,8.4999222,46470075,409157695.36,0.4225,1,-0.2268,0
2024-07-17,sh.600011,8.4517367,8.4517367,8.2397205,8.2782689,8.480648,48657406,419831307.56,0.4424,1,-2.3864,0
2024-07-18,sh.600011,8.2589947,8.4517367,8.1337124,8.4420996,8.2782689,53840623,464132538.33,0.4896,1,1.979,0
2024-07-19,sh.600011,8.4420996,8.4902851,8.2975431,8.4324625,8.4420996,47621691,414767715.74,0.433,1,-0.1142,0
2024-07-22,sh.600011,8.4131883,8.4131883,8.095164,8.1529866,8.4324625,77766174,659166264.34,0.7071,1,-3.3143,0
2024-07-23,sh.600011,8.1144382,8.1433495,7.9120591,7.9313333,8.1529866,47904370,396951433.85,0.4356,1,-2.7187,0
2024-07-24,sh.600011,7.9698817,8.1240753,7.9216962,8.0084301,7.9313333,48189919,401649386.19,0.4382,1,0.9721,0
2024-07-25,sh.600011,8.0084301,8.0469785,7.8445994,7.9891559,8.0084301,34663018,285659028.2,0.3152,1,-0.2407,0
2024-07-26,sh.600011,7.9698817,8.0373414,7.902422,7.9698817,7.9891559,32981151,272824499.56,0.2999,1,-0.2413,0
2024-07-29,sh.600011,7.9216962,8.0662527,7.9216962,8.0469785,7.9698817,36286703,302024313.16,0.3299,1,0.9674,0
2024-07-30,sh.600011,8.0373414,8.0373414,7.8156881,7.9120591,8.0469785,46680654,382818148.0,0.4245,1,-1.6766,0
2024-07-31,sh.600011,7.806051,7.806051,7.3916557,7.6614945,7.9120591,181567235,1424924066.68,1.651,1,-3.1669,0
2024-08-01,sh.600011,7.5651235,7.6518574,7.4494783,7.4591154,7.6614945,116641732,909734060.44,1.0606,1,-2.6415,0
2024-08-02,sh.600011,7.4012928,7.4591154,7.2181879,7.2663734,7.4591154,133055274,1005734459.73,1.2098,1,-2.584,0
2024-08-05,sh.600011,7.2470992,7.2567363,7.0929056,7.1025427,7.2663734,75222822,559646167.81,0.684,1,-2.2546,0
2024-08-06,sh.600011,7.1507282,7.2470992,7.0832685,7.2470992,7.1025427,76705575,571243453.21,0.6975,1,2.0353,0
2024-08-07,sh.600011,7.2085508,7.3145589,7.1892766,7.2663734,7.2470992,53647247,404882973.71,0.4878,1,0.266,0
2024-08-08,sh.600011,7.2567363,7.2760105,7.1410911,7.1603653,7.2663734,42480610,316672810.6,0.3863,1,-1.4589,0
2024-08-09,sh.600011,7.1796395,7.2181879,7.1218169,7.1218169,7.1603653,44366289,329906065.61,0.4034,1,-0.5384,0
2024-08-12,sh.600011,7.1507282,7.1796395,7.0639943,7.0929056,7.1218169,35768626,263733235.84,0.3252,1,-0.406,0
2024-08-13,sh.600011,7.0736314,7.1025427,7.0254459,7.0929056,7.0929056,32508000,238343397.0,0.2956,1,0.0,0
2024-08-14,sh.600011,7.0929056,7.1603653,7.0254459,7.1218169,7.0929056,39056407,287985592.35,0.3551,1,0.4076,0
2024-08-15,sh.600011,7.1025427,7.227825,7.0736314,7.2181879,7.1218169,56448789,421008088.1,0.5133,1,1.3532,0
2024-08-16,sh.600011,7.227825,7.2760105,7.1025427,7.1218169,7.2181879,51448435,382418407.3,0.4678,1,-1.3351,0
2024-08-19,sh.600011,7.1218169,7.1603653,7.0639943,7.0832685,7.1218169,36171852,266586635.24,0.3289,1,-0.5413,0
2024-08-20,sh.600011,7.1218169,7.1603653,6.9194378,6.9772604,7.0832685,49356978,358565884.93,0.4488,1,-1.4966,0
2024-08-21,sh.600011,6.9483491,6.9579862,6.8037926,6.9194378,6.9772604,56993403,406843619.39,0.5182,1,-0.8287,0
2024-08-22,sh.600011,6.9098007,6.9676233,6.8616152,6.9483491,6.9194378,42550363,305399038.61,0.3869,1,0.4178,0
2024-08-23,sh.600011,6.9194378,6.9579862,6.8327039,6.8616152,6.9483491,28584295,204130211.31,0.2599,1,-1.2483,0
2024-08-26,sh.600011,6.8712523,6.8905265,6.6977845,6.74597,6.8616152,57934791,406865737.99,0.5268,1,-1.6854,0
2024-08-27,sh.600011,6.7266958,6.7363329,6.6110506,6.7074216,6.74597,52065340,360392841.3,0.4734,1,-0.5714,0
2024-08-28,sh.600011,6.6881474,6.8519781,6.6785103,6.7845184,6.7074216,57348709,403513128.64,0.5215,1,1.1494,0
2024-08-29,sh.600011,6.7845184,6.7941555,6.6785103,6.6881474,6.7845184,55542486,387678671.56,0.505,1,-1.4205,0
2024-08-30,sh.600011,6.6977845,6.7363329,6.6303248,6.6881474,6.6881474,79573245,552588757.65,0.7235,1,0.0,0
2024-09-02,sh.600011,6.6785103,6.7845184,6.6303248,6.6881474,6.6881474,63764801,444755407.52,0.5798,1,0.0,0
2024-09-03,sh.600011,6.6881474,6.7266958,6.5435909,6.5917764,6.6881474,60873746,417360994.29,0.5535,1,-1.4409,0
2024-09-04,sh.600011,6.5725022,6.6014135,6.4857683,6.5146796,6.5917764,38539927,261600168.07,0.3504,1,-1.1696,0
2024-09-05,sh.600011,6.5243167,6.553228,6.4183086,6.5146796,6.5146796,52397917,352569052.65,0.4764,1,0.0,0
2024-09-06,sh.600011,6.5050425,6.6110506,6.4183086,6.4279457,6.5146796,54473838,368958672.03,0.4953,1,-1.3314,0
2024-09-09,sh.600011,6.3893973,6.3990344,6.2737521,6.360486,6.4279457,58896381,386813291.51,0.5355,1,-1.0495,0
2024-09-10,sh.600011,6.3797602,6.3990344,6.1581069,6.3508489,6.360486,62868438,408413376.57,0.5717,1,-0.1515,0
2024-09-11,sh.600011,6.3123005,6.3123005,6.1195585,6.1484698,6.3508489,54622935,350879638.63,0.4967,1,-3.1866,0
2024-09-12,sh.600011,6.167744,6.2737521,6.1388327,6.167744,6.1484698,48196380,310643666.6,0.4382,1,0.3135,0
2024-09-13,sh.600011,6.167744,6.264115,6.1195585,6.1870182,6.167744,42981369,277125921.42,0.3908,1,0.3125,0
2024-09-18,sh.600011,6.2159295,6.2159295,6.1291956,6.2062924,6.1870182,29670303,190204084.21,0.2698,1,0.3115,0
2024-09-19,sh.600011,6.2062924,6.3219376,6.1581069,6.3026634,6.2062924,45655937,296324816.4,0.4151,1,1.5528,0
2024-09-20,sh.600011,6.3026634,6.3026634,6.1484698,6.2255666,6.3026634,51387433,331183798.1,0.4673,1,-1.2232,0
2024-09-23,sh.600011,6.2062924,6.4761312,6.1870182,6.4086715,6.2255666,75130808,497377236.34,0.6831,1,2.9412,0
2024-09-24,sh.600011,6.4954054,6.649599,6.3797602,6.6206877,6.4086715,68195620,462210175.05,0.6201,1,3.3083,0
2024-09-25,sh.600011,6.6977845,6.8037926,6.6206877,6.6303248,6.6206877,95809808,665407744.03,0.8712,1,0.1456,0
2024-09-26,sh.600011,6.6014135,6.7748813,6.5435909,6.7748813,6.6303248,77719868,537118737.76,0.7067,1,2.1802,0
2024-09-27,sh.600011,6.8616152,6.9772604,6.7748813,6.9772604,6.7748813,68696478,490566112.21,0.6246,1,2.9872,0
2024-09-30,sh.600011,7.2085508,7.4976638,7.0639943,7.4302041,6.9772604,192154669,1454878423.22,1.7472,1,6.4917,0
2024-10-08,sh.600011,8.1433495,8.1433495,7.2374621,7.6518574,7.4302041,231917831,1846736199.86,2.1088,1,2.9831,0
2024-10-09,sh.600011,7.516938,7.516938,7.0639943,7.1796395,7.6518574,131034329,988141436.37,1.1915,1,-6.1713,0
2024-10-10,sh.600011,7.131454,7.4976638,7.1218169,7.2952847,7.1796395,101543930,772217614.76,0.9233,1,1.6107,0
2024-10-11,sh.600011,7.2952847,7.3145589,6.9868975,7.0447201,7.2952847,75664930,559896570.43,0.688,1,-3.4346,0
2024-10-14,sh.600011,7.0447201,7.1121798,6.9194378,6.9965346,7.0447201,137779669,1001297958.52,1.2528,1,-0.684,0
2024-10-15,sh.600011,6.9676233,7.035083,6.8134297,6.8230668,6.9965346,96605984,691826709.19,0.8784,1,-2.4793,0
2024-10-16,sh.600011,6.7748813,6.8905265,6.74597,6.8134297,6.8230668,55057014,390073272.74,0.5006,1,-0.1412,0
2024-10-17,sh.600011,6.8230668,6.8808894,6.6592361,6.6688732,6.8134297,64527758,451600838.42,0.5867,1,-2.1216,0
2024-10-18,sh.600011,6.6592361,6.8519781,6.5725022,6.7941555,6.6688732,94071715,653786822.58,0.8554,1,1.8786,0
2024-10-21,sh.600011,6.7941555,6.8134297,6.7170587,6.7556071,6.7941555,62578841,438595300.66,0.569,1,-0.5674,0
2024-10-22,sh.600011,6.7748813,7.0929056,6.74597,7.0543572,6.7556071,120256985,867553326.83,1.0935,1,4.4223,0
2024-10-23,sh.600011,7.0929056,7.1989137,6.9868975,7.0447201,7.0543572,79693084,584054935.56,0.7246,1,-0.1366,0
2024-10-24,sh.600011,6.9868975,7.131454,6.9579862,7.0929056,7.0447201,72175611,528436723.18,0.6563,1,0.684,0
2024-10-25,sh.600011,7.0736314,7.0929056,6.938712,7.0158088,7.0929056,79905203,581179348.12,0.7266,1,-1.087,0
2024-10-28,sh.600011,7.0061717,7.2181879,6.9194378,7.2085508,7.0158088,90898206,667911745.92,0.8265,1,2.7473,0
2024-10-29,sh.600011,7.1892766,7.2085508,6.9965346,7.0061717,7.2085508,65760682,482320663.92,0.5979,1,-2.8075,0
2024-10-30,sh.600011,6.9098007,6.9579862,6.7748813,6.8519781,7.0061717,76063448,540934580.79,0.6916,1,-2.2008,0
2024-10-31,sh.600011,6.8519781,7.1025427,6.8230668,6.9965346,6.8519781,84195956,607574713.6,0.7656,1,2.1097,0
2024-11-01,sh.600011,6.9965346,7.0254459,6.9001636,6.938712,6.9965346,45167288,326425419.03,0.4107,1,-0.8264,0
2024-11-04,sh.600011,6.9483491,6.9772604,6.8905265,6.9483491,6.938712,36416849,261693188.93,0.3311,1,0.1389,0
2024-11-05,sh.600011,6.938712,7.0061717,6.9001636,7.0061717,6.9483491,53759596,388730611.03,0.4888,1,0.8322,0
2024-11-06,sh.600011,7.0061717,7.0447201,6.9483491,6.9772604,7.0061717,51344647,372249297.71,0.4669,1,-0.4127,0
2024-11-07,sh.600011,6.9483491,7.0832685,6.9098007,7.0832685,6.9772604,65381396,477354994.22,0.5945,1,1.5193,0
2024-11-08,sh.600011,7.131454,7.1796395,7.0158088,7.0543572,7.0832685,59727390,438548147.78,0.5431,1,-0.4082,0
2024-11-11,sh.600011,7.035083,7.0832685,6.9676233,7.0832685,7.0543572,51187552,373406091.16,0.4654,1,0.4098,0
2024-11-12,sh.600011,7.0832685,7.1603653,6.9868975,7.0158088,7.0832685,74451701,545950244.0,0.677,1,-0.9524,0
2024-11-13,sh.600011,6.9868975,7.0736314,6.9868975,7.0447201,7.0158088,54098982,395091033.87,0.4919,1,0.4121,0
2024-11-14,sh.600011,7.0158088,7.131454,6.938712,6.9483491,7.0447201,71758098,524309536.64,0.6525,1,-1.368,0
2024-11-15,sh.600011,6.938712,7.0254459,6.8519781,6.8616152,6.9483491,58154096,419137423.88,0.5288,1,-1.2483,0
2024-11-18,sh.600011,6.8808894,7.0639943,6.8712523,6.9579862,6.8616152,63845563,462688754.28,0.5805,1,1.4045,0
2024-11-19,sh.600011,6.9676233,6.9676233,6.7556071,6.8519781,6.9579862,62479516,444242256.75,0.5681,1,-1.5235,0
2024-11-20,sh.600011,6.842341,6.938712,6.8037926,6.9098007,6.8519781,48527977,346856192.1,0.4413,1,0.8439,0
2024-11-21,sh.600011,6.8808894,6.9483491,6.8808894,6.938712,6.9098007,29964136,215231160.84,0.2725,1,0.4184,0
2024-11-22,sh.600011,6.9579862,6.9965346,6.7170587,6.7363329,6.938712,62404001,442451167.09,0.5674,1,-2.9167,0
2024-11-25,sh.600011,6.74597,6.8037926,6.6206877,6.6688732,6.7363329,40974003,285017284.73,0.3726,1,-1.0014,0
2024-11-26,sh.600011,6.6688732,6.7074216,6.6014135,6.6303248,6.6688732,26016586,179396468.48,0.2366,1,-0.578,0
2024-11-27,sh.600011,6.6303248,6.7074216,6.553228,6.7074216,6.6303248,31421270,216364965.1,0.2857,1,1.1628,0
2024-11-28,sh.600011,6.6881474,6.7170587,6.6303248,6.649599,6.7074216,27969799,193581158.25,0.2543,1,-0.8621,0
2024-11-29,sh.600011,6.6592361,6.7266958,6.6303248,6.7170587,6.649599,39953825,277265329.75,0.3633,1,1.0145,0
2024-12-02,sh.600011,6.6881474,6.8134297,6.6785103,6.8037926,6.7170587,38796765,271796391.4,0.3528,1,1.2912,0
2024-12-03,sh.600011,6.7845184,6.8616152,6.74597,6.842341,6.8037926,32540996,229946158.23,0.2959,1,0.5666,0
2024-12-04,sh.600011,6.842341,6.8519781,6.7941555,6.8327039,6.842341,28168425,199427779.23,0.2561,1,-0.1408,0
2024-12-05,sh.600011,6.8230668,6.842341,6.7845184,6.8037926,6.8327039,22734195,160805772.2,0.2067,1,-0.4231,0
2024-12-06,sh.600011,6.8037926,6.8905265,6.7941555,6.8712523,6.8037926,35937720,255746474.63,0.3268,1,0.9915,0
2024-12-09,sh.600011,7.0158088,7.0158088,6.8519781,6.9290749,6.8712523,60066601,432040257.2,0.5462,1,0.8415,0
2024-12-10,sh.600011,6.9868975,7.0254459,6.842341,6.8519781,6.9290749,60433036,433948790.6,0.5495,1,-1.1127,0
2024-12-11,sh.600011,6.8616152,6.9098007,6.8327039,6.8712523,6.8519781,34427948,245487863.3,0.313,1,0.2813,0
2024-12-12,sh.600011,6.8808894,6.8905265,6.8230668,6.8905265,6.8712523,47163511,335718124.71,0.4288,1,0.2805,0
2024-12-13,sh.600011,6.8616152,6.8712523,6.7363329,6.74597,6.8905265,51884670,365656412.39,0.4718,1,-2.0979,0
2024-12-16,sh.600011,6.7363329,6.8905265,6.7363329,6.8808894,6.74597,58649320,416054416.18,0.5333,1,2.0,0
2024-12-17,sh.600011,6.8905265,6.9290749,6.7845184,6.7941555,6.8808894,41346093,293319697.09,0.376,1,-1.2605,0
2024-12-18,sh.600011,6.8327039,6.9868975,6.7941555,6.8905265,6.7941555,68212563,490144739.07,0.6202,1,1.4184,0
2024-12-19,sh.600011,6.8616152,6.8905265,6.7170587,6.7748813,6.8905265,61027900,429802861.74,0.5549,1,-1.6783,0
2024-12-20,sh.600011,6.7748813,6.8037926,6.6206877,6.6399619,6.7748813,63377292,439573958.08,0.5763,1,-1.9915,0
2024-12-23,sh.600011,6.6399619,6.7556071,6.6110506,6.7170587,6.6399619,55480385,385944001.97,0.5045,1,1.1611,0
2024-12-24,sh.600011,6.6977845,6.7652442,6.649599,6.7556071,6.7170587,46166686,321594844.1,0.4198,1,0.5739,0
2024-12-25,sh.600011,6.7652442,6.7941555,6.649599,6.7074216,6.7556071,48851769,339995617.91,0.4442,1,-0.7133,0
2024-12-26,sh.600011,6.6977845,6.7170587,6.5050425,6.5435909,6.7074216,88144163,601123325.0,0.8015,1,-2.4425,0
2024-12-27,sh.600011,6.5339538,6.6303248,6.5050425,6.6206877,6.5435909,51519245,351531515.01,0.4685,1,1.1782,0
2024-12-30,sh.600011,6.6014135,6.6399619,6.5725022,6.5917764,6.6206877,38543118,264129234.01,0.3505,1,-0.4367,0
2024-12-31,sh.600011,6.6014135,6.6206877,6.5243167,6.5243167,6.5917764,40338631,274888510.89,0.3668,1,-1.0234,0
2025-01-02,sh.600011,6.5243167,6.5435909,6.2833892,6.3219376,6.5243167,59291369,393506015.46,0.5391,1,-3.1019,0
2025-01-03,sh.600011,6.3315747,6.4183086,6.3123005,6.3412118,6.3219376,41500394,274012362.27,0.3774,1,0.3049,0
2025-01-06,sh.600011,6.3412118,6.360486,6.264115,6.3219376,6.3412118,33778800,220763525.0,0.3071,1,-0.304,0
2025-01-07,sh.600011,6.3123005,6.3219376,6.2255666,6.2930263,6.3219376,33648803,218599937.47,0.306,1,-0.4573,0
2025-01-08,sh.600011,6.2833892,6.3412118,6.2352037,6.2930263,6.2930263,36139163,235630804.76,0.3286,1,0.0,0
2025-01-09,sh.600011,6.264115,6.264115,6.167744,6.1773811,6.2930263,36496288,234987757.96,0.3319,1,-1.8377,0
2025-01-10,sh.600011,6.167744,6.1773811,6.0039133,6.0039133,6.1773811,45689836,288127109.99,0.4154,1,-2.8081,0
2025-01-13,sh.600011,5.9846391,6.071373,5.9268165,6.0424617,6.0039133,39948147,248944085.22,0.3632,1,0.6421,0
2025-01-14,sh.600011,6.0520988,6.1773811,6.0424617,6.1773811,6.0424617,34819643,221820001.22,0.3166,1,2.2329,0
2025-01-15,sh.600011,6.1773811,6.2255666,6.1484698,6.2062924,6.1773811,25412391,163224822.51,0.2311,1,0.468,0
2025-01-16,sh.600011,6.2062924,6.2448408,6.1581069,6.1773811,6.2062924,25357352,163060873.8,0.2306,1,-0.4658,0
2025-01-17,sh.600011,6.1581069,6.2062924,6.1195585,6.1773811,6.1773811,20852800,133539738.0,0.1896,1,0.0,0
2025-01-20,sh.600011,6.1870182,6.2159295,6.1099214,6.1099214,6.1773811,28247200,180214307.0,0.2568,1,-1.092,0
2025-01-21,sh.600011,6.1291956,6.1388327,6.0617359,6.1099214,6.1099214,22540468,142568265.51,0.205,1,0.0,0
2025-01-22,sh.600011,6.1099214,6.1388327,6.0424617,6.071373,6.1099214,30528093,192347432.62,0.2776,1,-0.6309,0
2025-01-23,sh.600011,6.0810101,6.1581069,6.0328246,6.0328246,6.071373,34390200,217576094.5,0.3127,1,-0.6349,0
2025-01-24,sh.600011,6.0328246,6.0617359,5.9557278,6.0520988,6.0328246,32496510,202565093.7,0.2955,1,0.3195,0
2025-01-27,sh.600011,6.0520988,6.2159295,6.0424617,6.2062924,6.0520988,52840145,338632395.9,0.4805,1,2.5478,0
2025-02-05,sh.600011,6.2255666,6.3026634,6.1291956,6.3026634,6.2062924,45347777,292822233.51,0.4123,1,1.5528,0
2025-02-06,sh.600011,6.2833892,6.2833892,6.1966553,6.2448408,6.3026634,35088947,227133255.56,0.3191,1,-0.9174,0
2025-02-07,sh.600011,6.2448408,6.2737521,6.2159295,6.2544779,6.2448408,41507100,268845892.0,0.3774,1,0.1543,0
2025-02-10,sh.600011,6.264115,6.2930263,6.1773811,6.2062924,6.2544779,51939251,335418724.48,0.4723,1,-0.7704,0
2025-02-11,sh.600011,6.2062924,6.2159295,6.1484698,6.1581069,6.2062924,30193400,193297533.49,0.2745,1,-0.7764,0
2025-02-12,sh.600011,6.167744,6.167744,6.1099214,6.1581069,6.1581069,29193501,185871313.36,0.2655,1,0.0,0
2025-02-13,sh.600011,6.1581069,6.2062924,6.1291956,6.1966553,6.1581069,31911700,204598590.0,0.2902,1,0.626,0
2025-02-14,sh.600011,6.1966553,6.2159295,6.1388327,6.167744,6.1966553,26968701,172634244.38,0.2452,1,-0.4666,0
2025-02-17,sh.600011,6.1870182,6.3026634,6.1099214,6.3026634,6.167744,77843661,502825736.7,0.7078,1,2.1875,0
2025-02-18,sh.600011,6.3026634,6.3990344,6.264115,6.360486,6.3026634,69663532,459307647.1,0.6334,1,0.9174,0
2025-02-19,sh.600011,6.3315747,6.3701231,6.2737521,6.2930263,6.360486,42445188,277523490.76,0.3859,1,-1.0606,0
2025-02-20,sh.600011,6.2930263,6.456857,6.2448408,6.3990344,6.2930263,56268734,372347759.12,0.5116,1,1.6845,0
2025-02-21,sh.600011,6.3893973,6.4183086,6.3412118,6.3701231,6.3990344,46823655,309395656.09,0.4258,1,-0.4518,0
2025-02-24,sh.600011,6.3797602,6.4664941,6.3219376,6.360486,6.3701231,39701201,262531093.57,0.361,1,-0.1513,0
2025-02-25,sh.600011,6.3508489,6.3893973,6.3026634,6.3219376,6.360486,36764681,241671406.36,0.3343,1,-0.6061,0
2025-02-26,sh.600011,6.3123005,6.4375828,6.3123005,6.4183086,6.3219376,50959556,338216628.82,0.4634,1,1.5244,0
2025-02-27,sh.600011,6.4375828,6.4664941,6.3893973,6.4375828,6.4183086,36154416,241232833.01,0.3287,1,0.3003,0
2025-02-28,sh.600011,6.4375828,6.5435909,6.4086715,6.4761312,6.4375828,64406761,434327358.91,0.5856,1,0.5988,0
2025-03-03,sh.600011,6.5050425,6.553228,6.4375828,6.5050425,6.4761312,51639517,348160628.56,0.4695,1,0.4464,0
2025-03-04,sh.600011,6.5050425,6.5146796,6.4183086,6.4761312,6.5050425,32886811,220289297.32,0.299,1,-0.4444,0
2025-03-05,sh.600011,6.4664941,6.553228,6.4279457,6.5243167,6.4761312,37356659,252247666.24,0.3397,1,0.744,0
2025-03-06,sh.600011,6.5243167,6.5435909,6.3893973,6.3990344,6.5243167,67537948,451247664.18,0.6141,1,-1.9202,0
2025-03-07,sh.600011,6.3797602,6.4664941,6.360486,6.4183086,6.3990344,45659872,304313786.59,0.4152,1,0.3012,0
2025-03-10,sh.600011,6.3990344,6.4279457,6.360486,6.3797602,6.4183086,29946715,198481250.5,0.2723,1,-0.6006,0
2025-03-11,sh.600011,6.360486,6.4472199,6.3412118,6.4279457,6.3797602,28573750,189854642.5,0.2598,1,0.7553,0
2025-03-12,sh.600011,6.4279457,6.5050425,6.3990344,6.4761312,6.4279457,42038101,281704497.52,0.3822,1,0.7496,0
2025-03-13,sh.600011,6.4664941,6.5917764,6.4664941,6.5725022,6.4761312,66750323,453908270.58,0.6069,1,1.4881,0
2025-03-14,sh.600011,6.5821393,6.6014135,6.5146796,6.5339538,6.5725022,51165863,346930535.88,0.4652,1,-0.5865,0
2025-03-17,sh.600011,6.5435909,6.6206877,6.5243167,6.5628651,6.5339538,40290020,275240919.8,0.3663,1,0.4425,0
2025-03-18,sh.600011,6.5725022,6.5725022,6.4857683,6.4954054,6.5628651,34884298,235561051.48,0.3172,1,-1.0279,0
2025-03-19,sh.600011,6.4954054,6.5917764,6.4857683,6.5821393,6.4954054,42965073,292287174.86,0.3907,1,1.3353,0
2025-03-20,sh.600011,6.5821393,6.6881474,6.5725022,6.6785103,6.5821393,52996521,365584162.75,0.4819,1,1.4641,0
2025-03-21,sh.600011,6.6785103,6.7748813,6.6303248,6.6785103,6.6785103,60014056,417966178.55,0.5457,1,0.0,0
2025-03-24,sh.600011,6.6688732,6.7556071,6.6303248,6.6688732,6.6785103,53821528,373848748.14,0.4894,1,-0.1443,0
2025-03-25,sh.600011,6.6688732,6.8037926,6.6110506,6.7845184,6.6688732,59038536,413782334.55,0.5368,1,1.7341,0
2025-03-26,sh.600011,6.8134297,6.842341,6.649599,6.6881474,6.7845184,72077975,501178687.86,0.6554,1,-1.4205,0
2025-03-27,sh.600011,6.7074216,6.7266958,6.5628651,6.6014135,6.6881474,59177747,406098196.19,0.5381,1,-1.2968,0
2025-03-28,sh.600011,6.5917764,6.6881474,6.5146796,6.5435909,6.6014135,54351200,372334879.0,0.4942,1,-0.8759,0
2025-03-31,sh.600011,6.553228,6.7266958,6.553228,6.6688732,6.5435909,85277339,590266506.92,0.7754,1,1.9146,0
2025-04-01,sh.600011,6.6688732,6.7941555,6.6303248,6.7845184,6.6688732,72877672,509462314.45,0.6627,1,1.7341,0
2025-04-02,sh.600011,6.7748813,6.8037926,6.6977845,6.7652442,6.7845184,45838292,320718988.61,0.4168,1,-0.2841,0
2025-04-03,sh.600011,6.7266958,6.8519781,6.7170587,6.842341,6.7652442,57476422,406598507.25,0.5226,1,1.1396,0
2025-04-07,sh.600011,6.6688732,6.7266958,6.3123005,6.5435909,6.842341,126038128,857364746.64,1.146,1,-4.3662,0
2025-04-08,sh.600011,6.5435909,6.74597,6.5339538,6.74597,6.5435909,87951480,608293927.69,0.7997,1,3.0928,0
2025-04-09,sh.600011,6.7170587,6.8616152,6.553228,6.8230668,6.74597,121827257,850759418.34,1.1078,1,1.1429,0
2025-04-10,sh.600011,6.7845184,6.8134297,6.6977845,6.74597,6.8230668,64781435,453897690.4,0.589,1,-1.1299,0
2025-04-11,sh.600011,6.74597,6.7556071,6.5917764,6.649599,6.74597,58844634,406126494.02,0.5351,1,-1.4286,0
2025-04-14,sh.600011,6.649599,6.7074216,6.6206877,6.6881474,6.649599,46935375,324987712.9,0.4268,1,0.5797,0
2025-04-15,sh.600011,6.7074216,6.7652442,6.6688732,6.7652442,6.6881474,60916371,424593502.52,0.5539,1,1.1527,0
2025-04-16,sh.600011,6.7748813,6.8519781,6.7170587,6.8519781,6.7652442,78110481,550439393.42,0.7102,1,1.2821,0
2025-04-17,sh.600011,6.842341,6.9290749,6.8134297,6.9290749,6.8519781,65399304,467591742.25,0.5947,1,1.1252,0
2025-04-18,sh.600011,6.9194378,6.9194378,6.8327039,6.8519781,6.9290749,36688200,261222385.59,0.3336,1,-1.1127,0
2025-04-21,sh.600011,6.8616152,6.9290749,6.842341,6.9098007,6.8519781,32635591,233320804.78,0.2967,1,0.8439,0
2025-04-22,sh.600011,6.9098007,6.9868975,6.7941555,6.8037926,6.9098007,65557676,468339229.84,0.5961,1,-1.5342,0
2025-04-23,sh.600011,6.8037926,6.8616152,6.7845184,6.8230668,6.8037926,39128600,277165413.72,0.3558,1,0.2833,0
2025-04-24,sh.600011,6.8037926,6.9676233,6.8037926,6.9194378,6.8230668,64069747,459250439.61,0.5826,1,1.4124,0
2025-04-25,sh.600011,6.9194378,6.9676233,6.8712523,6.9194378,6.9194378,46545858,334008921.76,0.4232,1,0.0,0
2025-04-28,sh.600011,6.9579862,7.035083,6.8712523,6.9965346,6.9194378,79793045,578342149.86,0.7255,1,1.1142,0
2025-04-29,sh.600011,7.0061717,7.0158088,6.8905265,6.938712,6.9965346,63854343,460192641.45,0.5806,1,-0.8264,0
2025-04-30,sh.600011,6.9194378,6.9868975,6.8905265,6.9001636,6.938712,47300200,339713864.0,0.4301,1,-0.5556,0
2025-05-06,sh.600011,6.9194378,7.1121798,6.8712523,7.0929056,6.9001636,76636235,558318026.76,0.6968,1,2.7933,0
2025-05-07,sh.600011,7.1603653,7.1796395,6.9965346,7.0447201,7.0929056,52071177,380277427.85,0.4735,1,-0.6793,0
2025-05-08,sh.600011,7.0254459,7.0832685,7.0158088,7.0543572,7.0447201,38016643,278323977.41,0.3457,1,0.1368,0
2025-05-09,sh.600011,7.0543572,7.2760105,7.0543572,7.1796395,7.0543572,86181307,642315858.32,0.7836,1,1.776,0
2025-05-12,sh.600011,7.1603653,7.1796395,7.0929056,7.1603653,7.1796395,60952404,451234817.52,0.5542,1,-0.2685,0
2025-05-13,sh.600011,7.1700024,7.1796395,7.1025427,7.1700024,7.1603653,39309227,291148251.46,0.3574,1,0.1346,0
2025-05-14,sh.600011,7.1507282,7.1603653,7.0736314,7.1410911,7.1700024,41850888,308975134.2,0.3805,1,-0.4032,0
2025-05-15,sh.600011,7.131454,7.2760105,7.1218169,7.227825,7.1410911,62472025,468710588.5,0.568,1,1.2146,0
2025-05-16,sh.600011,7.2085508,7.2663734,7.1603653,7.2085508,7.227825,38021932,284458860.37,0.3457,1,-0.2667,0
2025-05-19,sh.600011,7.2085508,7.2663734,7.1892766,7.1989137,7.2085508,37007050,277509880.95,0.3365,1,-0.1337,0
2025-05-20,sh.600011,7.2181879,7.2567363,7.1796395,7.2470992,7.1989137,51412201,385261021.5,0.4675,1,0.6693,0
2025-05-21,sh.600011,7.2374621,7.3049218,7.2085508,7.2181879,7.2470992,56888494,428775938.9,0.5173,1,-0.3989,0
2025-05-22,sh.600011,7.2085508,7.2181879,7.1121798,7.131454,7.2181879,59863424,443662614.36,0.5443,1,-1.2016,0
2025-05-23,sh.600011,7.1218169,7.2085508,7.0929056,7.1218169,7.131454,42716492,316841058.4,0.3884,1,-0.1351,0
2025-05-26,sh.600011,7.1025427,7.1989137,7.0929056,7.1796395,7.1218169,37796538,280811859.1,0.3437,1,0.8119,0
2025-05-27,sh.600011,7.1796395,7.2085508,7.1218169,7.1603653,7.1796395,29484995,219281182.21,0.2681,1,-0.2685,0
2025-05-28,sh.600011,7.1410911,7.1603653,6.9098007,6.9676233,7.1603653,72588200,526581101.0,0.66,1,-2.6918,0
2025-05-29,sh.600011,6.9676233,6.9965346,6.9194378,6.9579862,6.9676233,43153615,311102080.27,0.3924,1,-0.1383,0
2025-05-30,sh.600011,6.9676233,7.0061717,6.9194378,6.9676233,6.9579862,45296024,327473381.32,0.4119,1,0.1385,0
2025-06-03,sh.600011,6.9483491,7.0061717,6.8905265,7.0061717,6.9676233,46416122,334734823.62,0.4221,1,0.5533,0
2025-06-04,sh.600011,6.9868975,7.0158088,6.9194378,6.938712,7.0061717,36332500,261987083.0,0.3304,1,-0.9629,0
2025-06-05,sh.600011,6.9676233,6.9772604,6.9098007,6.938712,6.938712,27242618,195934286.24,0.2477,1,0.0,0
2025-06-06,sh.600011,6.9290749,7.035083,6.9098007,7.0158088,6.938712,44362700,321845962.0,0.4034,1,1.1111,0
2025-06-09,sh.600011,7.0061717,7.0254459,6.9579862,6.9965346,7.0158088,30770300,223009281.68,0.2798,1,-0.2747,0
2025-06-10,sh.600011,7.0061717,7.1218169,6.9676233,7.035083,6.9965346,54997507,402308092.75,0.5001,1,0.551,0
2025-06-11,sh.600011,7.035083,7.0736314,6.9965346,7.0061717,7.035083,54581356,398186000.14,0.4963,1,-0.411,0
2025-06-12,sh.600011,7.0158088,7.0447201,6.938712,6.9579862,7.0061717,41261818,298848619.99,0.3752,1,-0.6878,0
2025-06-13,sh.600011,6.9483491,7.0543572,6.9483491,7.035083,6.9579862,74940900,546142309.23,0.6814,1,1.108,0
2025-06-16,sh.600011,7.0158088,7.0736314,6.9965346,7.0543572,7.035083,32349280,236149118.57,0.2941,1,0.274,0
2025-06-17,sh.600011,7.035083,7.1892766,7.0061717,7.1796395,7.0543572,54658831,404116062.37,0.497,1,1.776,0
2025-06-18,sh.600011,7.1796395,7.2181879,7.1603653,7.1796395,7.1796395,32717558,244094818.17,0.2975,1,0.0,0
2025-06-19,sh.600011,7.1892766,7.1892766,7.0736314,7.1218169,7.1796395,52580861,388941894.4,0.4781,1,-0.8054,0
2025-06-20,sh.600011,7.131454,7.1989137,7.0832685,7.1121798,7.1218169,46750553,345906606.52,0.4251,1,-0.1353,0
2025-06-23,sh.600011,7.1121798,7.1218169,6.9290749,6.938712,7.1121798,70552555,512225524.0,0.6415,1,-2.439,0
2025-06-24,sh.600011,6.9483491,6.9965346,6.9098007,6.9290749,6.938712,59137258,426240820.02,0.5377,1,-0.1389,0
2025-06-25,sh.600011,6.938712,7.0832685,6.9098007,7.0639943,6.9290749,61833791,448990759.76,0.5622,1,1.9471,0
2025-06-26,sh.600011,7.0639943,7.1121798,6.9965346,7.0061717,7.0639943,38884640,284437020.6,0.3536,1,-0.8186,0
2025-06-27,sh.600011,7.0061717,7.0158088,6.7845184,6.7845184,7.0061717,107647396,766087558.34,0.9788,1,-3.1637,0
2025-06-30,sh.600011,6.7748813,6.9098007,6.7748813,6.8808894,6.7845184,59979130,426306916.49,0.5454,1,1.4205,0
2025-07-01,sh.600011,6.8808894,6.9772604,6.8230668,6.9098007,6.8808894,59253058,425306457.86,0.5388,1,0.4202,0
2025-07-02,sh.600011,6.9194378,7.1507282,6.9194378,7.1121798,6.9098007,89718580,657879888.56,0.8158,1,2.9289,0
2025-07-03,sh.600011,7.131454,7.1507282,7.0832685,7.1121798,7.1121798,34900258,257598640.2,0.3173,1,0.0,0
2025-07-04,sh.600011,7.1025427,7.1796395,7.0929056,7.131454,7.1121798,33941713,251425005.0,0.3086,1,0.271,0
2025-07-07,sh.600011,7.2085508,7.2663734,7.0832685,7.2567363,7.131454,60526941,452505780.49,0.5504,1,1.7568,0
2025-07-08,sh.600011,7.2663734,7.2856476,7.1603653,7.2470992,7.2567363,51888750,388937613.04,0.4718,1,-0.1328,0
2025-07-09,sh.600011,7.227825,7.2952847,7.1603653,7.1700024,7.2470992,43320292,324215825.24,0.3939,1,-1.0638,0
2025-07-10,sh.600011,7.21,7.25,7.09,7.11,7.17,62288584,445084063.44,0.5664,1,-0.8368,0
2025-07-11,sh.600011,7.11,7.13,7.02,7.02,7.11,87667870,619713668.4,0.7971,1,-1.2658,0
2025-07-14,sh.600011,7.03,7.19,7.03,7.14,7.02,68866117,491700822.04,0.6262,1,1.7094,0
2025-07-15,sh.600011,7.16,7.23,7.02,7.06,7.14,76593130,542470782.84,0.6964,1,-1.1204,0
2025-07-16,sh.600011,7.06,7.11,7.01,7.03,7.06,42409663,299047500.42,0.3856,1,-0.4249,0
2025-07-17,sh.600011,7.04,7.08,6.91,6.94,7.03,68887918,479308504.61,0.6264,1,-1.2802,0
2025-07-18,sh.600011,6.97,7.04,6.94,7.03,6.94,49524595,346192012.49,0.4503,1,1.2968,0
2025-07-21,sh.600011,7.08,7.32,7.06,7.31,7.03,136720424,985301502.76,1.2432,1,3.9829,0
2025-07-22,sh.600011,7.31,7.35,7.19,7.31,7.31,91327336,664218158.34,0.8304,1,0.0,0
2025-07-23,sh.600011,7.31,7.35,7.17,7.19,7.31,61702966,446921737.8,0.5611,1,-1.6416,0
2025-07-24,sh.600011,7.19,7.2,7.05,7.1,7.19,98102572,697993824.24,0.892,1,-1.2517,0
2025-07-25,sh.600011,7.11,7.13,7.01,7.03,7.1,76636292,541217937.12,0.6968,1,-0.9859,0
2025-07-28,sh.600011,7.05,7.11,7.0,7.06,7.03,64874487,457991694.35,0.5899,1,0.4267,0
2025-07-29,sh.600011,7.06,7.15,7.01,7.03,7.06,70676100,499386189.0,0.6426,1,-0.4249,0
2025-07-30,sh.600011,7.16,7.73,7.15,7.62,7.03,364948904,2739874618.1,3.3184,1,8.3926,0
2025-07-31,sh.600011,7.54,7.58,7.23,7.33,7.62,211096194,1547393017.21,1.9195,1,-3.8058,0
2025-08-01,sh.600011,7.3,7.39,7.28,7.29,7.33,86953924,637033719.77,0.7907,1,-0.5457,0
2025-08-04,sh.600011,7.32,7.4,7.25,7.38,7.29,87631843,642971182.18,0.7968,1,1.2346,0
2025-08-05,sh.600011,7.38,7.6,7.37,7.55,7.38,97902303,737211800.79,0.8902,1,2.3035,0
2025-08-06,sh.600011,7.58,7.69,7.54,7.58,7.55,68574556,520385149.49,0.6235,1,0.3974,0
2025-08-07,sh.600011,7.6,7.64,7.46,7.51,7.58,52845702,397197284.38,0.4805,1,-0.9235,0
2025-08-08,sh.600011,7.56,7.71,7.51,7.6,7.51,60069378,457676618.49,0.5462,1,1.1984,0
2025-08-11,sh.600011,7.6,7.62,7.37,7.4,7.6,92294496,684322190.84,0.8392,1,-2.6316,0
2025-08-12,sh.600011,7.42,7.45,7.38,7.38,7.4,52089296,385866851.38,0.4736,1,-0.2703,0
2025-08-13,sh.600011,7.39,7.42,7.32,7.33,7.38,65001565,477780903.72,0.591,1,-0.6775,0
2025-08-14,sh.600011,7.34,7.35,7.22,7.24,7.33,74290326,540999353.77,0.6755,1,-1.2278,0
2025-08-15,sh.600011,7.24,7.28,7.18,7.25,7.24,79601801,576276587.26,0.7238,1,0.1381,0
2025-08-18,sh.600011,7.29,7.33,7.24,7.26,7.25,107923507,785398137.75,0.9813,1,0.1379,0
2025-08-19,sh.600011,7.28,7.33,7.26,7.27,7.26,74396905,542083657.48,0.6765,1,0.1377,0
2025-08-20,sh.600011,7.26,7.32,7.22,7.3,7.27,66837678,486539372.8,0.6077,1,0.4127,0
2025-08-21,sh.600011,7.32,7.43,7.29,7.39,7.3,91888535,677609195.56,0.8355,1,1.2329,0
2025-08-22,sh.600011,7.38,7.4,7.25,7.32,7.39,102770716,749004528.8,0.9345,1,-0.9472,0
2025-08-25,sh.600011,7.34,7.45,7.32,7.45,7.32,112399338,831350978.99,1.022,1,1.776,0
2025-08-26,sh.600011,7.45,7.47,7.39,7.42,7.45,64143636,476673589.12,0.5832,1,-0.4027,0
2025-08-27,sh.600011,7.43,7.49,7.33,7.34,7.42,79143678,586210453.83,0.7196,1,-1.0782,0
2025-08-28,sh.600011,7.32,7.37,7.2,7.33,7.34,80857717,589191849.84,0.7352,1,-0.1362,0
2025-08-29,sh.600011,7.35,7.52,7.34,7.38,7.33,101366441,753153833.17,0.9217,1,0.6821,0
2025-09-01,sh.600011,7.4,7.5,7.33,7.48,7.38,93612972,697155527.7,0.8512,1,1.355,0
2025-09-02,sh.600011,7.48,7.58,7.44,7.55,7.48,88516539,665977028.71,0.8049,1,0.9358,0
2025-09-03,sh.600011,7.57,7.57,7.41,7.51,7.55,64474418,481571297.48,0.5863,1,-0.5298,0
2025-09-04,sh.600011,7.51,7.51,7.37,7.44,7.51,66664228,494788332.18,0.6062,1,-0.9321,0
2025-09-05,sh.600011,7.43,7.57,7.36,7.55,7.44,76171969,569319848.49,0.6926,1,1.4785,0
2025-09-08,sh.600011,7.58,7.76,7.58,7.74,7.55,101341785,779938291.08,0.9215,1,2.5166,0
2025-09-09,sh.600011,7.76,7.86,7.68,7.76,7.74,75198651,584367899.96,0.6838,1,0.2584,0
2025-09-10,sh.600011,7.7,7.78,7.64,7.73,7.76,52160054,401645191.47,0.4743,1,-0.3866,0
2025-09-11,sh.600011,7.72,7.75,7.62,7.68,7.73,73992002,567074001.82,0.6728,1,-0.6468,0
2025-09-12,sh.600011,7.69,7.85,7.68,7.76,7.68,83983107,653775087.24,0.7636,1,1.0417,0
2025-09-15,sh.600011,7.77,7.79,7.62,7.65,7.76,76466338,588902005.58,0.6953,1,-1.4175,0
2025-09-16,sh.600011,7.65,7.67,7.47,7.55,7.65,75314093,567432531.07,0.6848,1,-1.3072,0
2025-09-17,sh.600011,7.55,7.58,7.47,7.53,7.55,45921733,345370708.15,0.4176,1,-0.2649,0
2025-09-18,sh.600011,7.55,7.55,7.36,7.38,7.53,88879414,661579898.49,0.8082,1,-1.992,0
2025-09-19,sh.600011,7.4,7.42,7.34,7.37,7.38,50667409,373229606.15,0.4607,1,-0.1355,0
2025-09-22,sh.600011,7.37,7.38,7.17,7.23,7.37,78086637,564599573.45,0.71,1,-1.8996,0
2025-09-23,sh.600011,7.22,7.28,7.15,7.24,7.23,65748591,473924797.54,0.5978,1,0.1383,0
2025-09-24,sh.600011,7.22,7.27,7.17,7.26,7.24,51520203,372309342.13,0.4685,1,0.2762,0
2025-09-25,sh.600011,7.26,7.26,7.11,7.15,7.26,67662655,484748402.9,0.6152,1,-1.5152,0
2025-09-26,sh.600011,7.12,7.19,7.11,7.13,7.15,48458248,346297269.16,0.4406,1,-0.2797,0
2025-09-29,sh.600011,7.16,7.18,7.0,7.12,7.13,105269916,745824058.57,0.9572,1,-0.1403,0
2025-09-30,sh.600011,7.1,7.13,7.04,7.06,7.12,61647381,435861994.81,0.5605,1,-0.8427,0
2025-10-09,sh.600011,7.06,7.29,7.06,7.28,7.06,94938591,682609576.43,0.8633,1,3.1161,0
2025-10-10,sh.600011,7.25,7.38,7.21,7.3,7.28,64286555,469760574.35,0.5845,1,0.2747,0
2025-10-13,sh.600011,7.18,7.3,7.1,7.29,7.3,71158113,513305580.02,0.647,1,-0.137,0
2025-10-14,sh.600011,7.27,7.39,7.24,7.34,7.29,83820563,614407922.52,0.7622,1,0.6859,0
2025-10-15,sh.600011,7.37,7.5,7.33,7.42,7.34,83532561,619170956.11,0.7595,1,1.0899,0
2025-10-16,sh.600011,7.4,7.49,7.35,7.48,7.42,58586139,435787559.11,0.5327,1,0.8086,0
2025-10-17,sh.600011,7.5,7.58,7.45,7.48,7.48,80982549,608008818.69,0.7364,1,0.0,0
2025-10-20,sh.600011,7.48,7.51,7.32,7.49,7.48,77997970,578232361.46,0.7092,1,0.1337,0
2025-10-21,sh.600011,7.45,7.51,7.41,7.49,7.49,61941174,462402101.16,0.5632,1,0.0,0
2025-10-22,sh.600011,7.48,7.62,7.47,7.57,7.49,63726818,482323503.24,0.5795,1,1.0681,0
2025-10-23,sh.600011,7.57,7.74,7.55,7.74,7.57,75824966,581606086.04,0.6895,1,2.2457,0
2025-10-24,sh.600011,7.73,7.73,7.54,7.55,7.74,72716728,552570700.6,0.6612,1,-2.4548,0
2025-10-27,sh.600011,7.55,7.86,7.55,7.75,7.55,101075331,782124574.24,0.9191,1,2.649,0
2025-10-28,sh.600011,7.76,7.78,7.67,7.73,7.75,61910204,477667718.47,0.5629,1,-0.2581,0
2025-10-29,sh.600011,8.04,8.34,7.96,8.26,7.73,203860316,1670624242.26,1.8537,1,6.8564,0
2025-10-30,sh.600011,8.24,8.49,8.09,8.38,8.26,130281189,1094028632.44,1.1846,1,1.4528,0
2025-10-31,sh.600011,8.36,8.37,8.09,8.13,8.38,98459739,803971372.7,0.8953,1,-2.9833,0
2025-11-03,sh.600011,8.15,8.25,8.1,8.17,8.13,78035263,637210498.73,0.7096,1,0.492,0
2025-11-04,sh.600011,8.16,8.25,8.09,8.13,8.17,60664995,495705701.84,0.5516,1,-0.4896,0
2025-11-05,sh.600011,8.1,8.21,8.0,8.16,8.13,53161831,432212851.85,0.4834,1,0.369,0
2025-11-06,sh.600011,8.16,8.34,8.16,8.27,8.16,74182992,613935816.09,0.6745,1,1.348,0
2025-11-07,sh.600011,8.27,8.4,8.23,8.25,8.27,52723893,437781889.41,0.4794,1,-0.2418,0
2025-11-10,sh.600011,8.31,8.44,8.26,8.27,8.25,62359278,519384768.66,0.567,1,0.2424,0
2025-11-11,sh.600011,8.26,8.27,8.11,8.19,8.27,63710898,522037761.07,0.5793,1,-0.9674,0
2025-11-12,sh.600011,8.23,8.25,8.13,8.15,8.19,43526629,355380524.38,0.3958,1,-0.4884,0
2025-11-13,sh.600011,8.15,8.18,8.02,8.07,8.15,62859582,507408970.27,0.5716,1,-0.9816,0
2025-11-14,sh.600011,8.08,8.1,7.91,7.92,8.07,67214845,536346860.85,0.6112,1,-1.8587,0
2025-11-17,sh.600011,7.92,7.95,7.79,7.87,7.92,55874646,438702466.19,0.5081,1,-0.6313,0
2025-11-18,sh.600011,7.88,7.9,7.79,7.82,7.87,49230162,385538656.22,0.4476,1,-0.6353,0
2025-11-19,sh.600011,7.82,7.95,7.81,7.9,7.82,49031182,386473782.98,0.4458,1,1.023,0
2025-11-20,sh.600011,7.91,7.95,7.82,7.86,7.9,44150375,348839851.0,0.4015,1,-0.5063,0
2025-11-21,sh.600011,7.81,7.86,7.71,7.72,7.86,64672359,503148577.06,0.5881,1,-1.7812,0
2025-11-24,sh.600011,7.76,7.78,7.63,7.65,7.72,62403344,479084499.01,0.5674,1,-0.9067,0
2025-11-25,sh.600011,7.68,7.72,7.57,7.71,7.65,58804646,449700817.95,0.5347,1,0.7843,0
2025-11-26,sh.600011,7.72,7.84,7.69,7.8,7.71,50238139,390721867.74,0.4568,1,1.1673,0
2025-11-27,sh.600011,7.77,7.96,7.75,7.92,7.8,53969554,425679536.54,0.4907,1,1.5385,0
2025-11-28,sh.600011,7.91,7.91,7.77,7.78,7.92,46699600,364743404.44,0.4246,1,-1.7677,0
2025-12-01,sh.600011,7.77,7.92,7.76,7.91,7.78,49940554,392830460.58,0.4541,1,1.671,0
2025-12-02,sh.600011,7.91,7.95,7.82,7.89,7.91,39139411,308750203.15,0.3559,1,-0.2528,0
2025-12-03,sh.600011,7.89,8.06,7.87,7.99,7.89,58698484,469518391.54,0.5337,1,1.2674,0
2025-12-04,sh.600011,8.02,8.02,7.9,7.93,7.99,37100444,294652980.48,0.3373,1,-0.7509,0
2025-12-05,sh.600011,7.92,7.96,7.85,7.89,7.93,46614683,368336112.43,0.4239,1,-0.5044,0
2025-12-08,sh.600011,7.9,7.92,7.76,7.8,7.89,45932149,358381123.95,0.4177,1,-1.1407,0
2025-12-09,sh.600011,7.82,7.9,7.76,7.79,7.8,34071575,266628198.23,0.3098,1,-0.1282,0
2025-12-10,sh.600011,7.76,7.85,7.73,7.82,7.79,33588786,262064764.66,0.3054,1,0.3851,0
2025-12-11,sh.600011,7.82,7.92,7.8,7.82,7.82,40746682,320159951.83,0.3705,1,0.0,0
2025-12-12,sh.600011,7.81,7.88,7.78,7.85,7.82,45498994,356410044.22,0.4137,1,0.3836,0
2025-12-15,sh.600011,7.85,7.92,7.84,7.89,7.85,39004778,307693922.58,0.3547,1,0.5096,0
2025-12-16,sh.600011,7.9,7.91,7.71,7.75,7.89,52081001,403915775.73,0.4736,1,-1.7744,0
2025-12-17,sh.600011,7.74,7.84,7.67,7.81,7.75,45001401,349573745.42,0.4092,1,0.7742,0
2025-12-18,sh.600011,7.8,7.88,7.74,7.87,7.81,37443242,292981758.41,0.3405,1,0.7682,0
2025-12-19,sh.600011,7.85,7.88,7.81,7.82,7.87,32987967,258818497.94,0.3,1,-0.6353,0
2025-12-22,sh.600011,7.83,7.85,7.73,7.84,7.82,51555380,402134681.89,0.4688,1,0.2558,0
2025-12-23,sh.600011,7.84,7.99,7.82,7.93,7.84,61242740,485747826.77,0.5569,1,1.148,0
2025-12-24,sh.600011,7.92,7.99,7.84,7.98,7.93,39582102,313527749.83,0.3599,1,0.6305,0
2025-12-25,sh.600011,7.96,8.06,7.92,7.99,7.98,40032553,320132767.88,0.364,1,0.1253,0
2025-12-26,sh.600011,7.98,8.13,7.94,8.09,7.99,58403350,470791665.16,0.5311,1,1.2516,0
2025-12-29,sh.600011,8.07,8.09,7.62,7.68,8.09,159095874,1236341530.23,1.4466,1,-5.068,0
2025-12-30,sh.600011,7.62,7.67,7.36,7.39,7.68,130971529,980821118.69,1.1909,1,-3.776,0
2025-12-31,sh.600011,7.38,7.5,7.36,7.46,7.39,73588244,548146496.58,0.6691,1,0.9472,0
2026-01-05,sh.600011,7.46,7.52,7.38,7.42,7.46,75594440,560173048.22,0.6874,1,-0.5362,0
2026-01-06,sh.600011,7.42,7.45,7.39,7.44,7.42,77939110,577831653.9,0.7087,1,0.2695,0
2026-01-07,sh.600011,7.42,7.48,7.4,7.42,7.44,59927665,445939871.59,0.5449,1,-0.2688,0
2026-01-08,sh.600011,7.42,7.45,7.38,7.39,7.42,56199450,415485568.7,0.511,1,-0.4043,0
2026-01-09,sh.600011,7.4,7.41,7.35,7.38,7.39,53940338,397452082.04,0.4905,1,-0.1353,0
2026-01-12,sh.600011,7.36,7.4,7.32,7.39,7.38,59971272,441973035.65,0.5453,1,0.1355,0
2026-01-13,sh.600011,7.39,7.45,7.38,7.42,7.39,67711768,502442411.22,0.6157,1,0.406,0
2026-01-14,sh.600011,7.42,7.44,7.33,7.34,7.42,85087181,628625971.72,0.7737,1,-1.0782,0
2026-01-15,sh.600011,7.33,7.41,7.32,7.4,7.34,60331446,445553463.31,0.5486,1,0.8174,0
2026-01-16,sh.600011,7.44,7.61,7.4,7.46,7.4,116742331,875155291.64,1.0615,1,0.8108,0
2026-01-19,sh.600011,7.42,7.53,7.4,7.49,7.46,70525132,526706186.36,0.6413,1,0.4021,0
2026-01-20,sh.600011,7.46,7.54,7.41,7.54,7.49,82437815,616005484.33,0.7496,1,0.6676,0
2026-01-21,sh.600011,7.52,7.52,7.4,7.44,7.54,82926700,618072350.0,0.754,1,-1.3263,0
2026-01-22,sh.600011,7.46,7.5,7.41,7.42,7.44,68577056,510503210.89,0.6236,1,-0.2688,0
2026-01-23,sh.600011,7.43,7.43,7.33,7.35,7.42,80992343,596808275.7,0.7364,1,-0.9434,0
2026-01-26,sh.600011,7.35,7.43,7.32,7.39,7.35,83199587,614055680.09,0.7565,1,0.5442,0
2026-01-27,sh.600011,7.39,7.4,7.19,7.2,7.39,87073784,631867998.29,0.7917,1,-2.571,0
2026-01-28,sh.600011,7.18,7.22,7.04,7.07,7.2,114513445,815417625.4,1.0412,1,-1.8056,0
2026-01-29,sh.600011,7.07,7.09,6.94,7.07,7.07,110805140,774805698.8,1.0075,1,0.0,0
2026-01-30,sh.600011,7.05,7.1,6.98,7.06,7.07,56411681,397739739.43,0.5129,1,-0.1414,0
2026-02-02,sh.600011,7.02,7.07,6.84,6.85,7.06,94265300,655439507.26,0.8571,1,-2.9745,0
2026-02-03,sh.600011,6.87,6.91,6.79,6.85,6.85,61840638,422535476.32,0.5623,1,0.0,0
2026-02-04,sh.600011,6.84,6.96,6.83,6.96,6.85,64645069,447390472.16,0.5878,1,1.6058,0
2026-02-05,sh.600011,6.91,6.96,6.88,6.93,6.96,49861423,344852536.51,0.4534,1,-0.431,0
2026-02-06,sh.600011,6.9,6.99,6.89,6.92,6.93,47080380,327077709.08,0.4281,1,-0.1443,0
2026-02-09,sh.600011,6.94,6.99,6.93,6.96,6.92,49987616,348019350.46,0.4545,1,0.578,0
2026-02-10,sh.600011,6.96,6.97,6.92,6.94,6.96,34160870,237028227.11,0.3106,1,-0.2874,0
2026-02-11,sh.600011,6.94,6.98,6.91,6.94,6.94,38792469,269448828.86,0.3527,1,0.0,0
2026-02-12,sh.600011,6.98,7.01,6.93,6.97,6.94,57141532,398605425.18,0.5196,1,0.4323,0
2026-02-13,sh.600011,6.97,6.98,6.9,6.97,6.97,48386962,335908253.28,0.44,1,0.0,0
2026-02-24,sh.600011,6.98,7.06,6.97,7.05,6.97,58241350,409688036.71,0.5296,1,1.1478,0
2026-02-25,sh.600011,7.07,7.18,6.96,6.98,7.05,157910576,1112362206.04,1.4358,1,-0.9929,0
2026-02-26,sh.600011,6.99,7.13,6.98,7.09,6.98,82235023,581788208.93,0.7477,1,1.5759,0
2026-02-27,sh.600011,7.1,7.32,7.08,7.24,7.09,209233043,1506811673.34,1.9025,1,2.1157,0
2026-03-02,sh.600011,7.21,7.5,7.2,7.4,7.24,209164213,1544925786.54,1.9019,1,2.2099,0
2026-03-03,sh.600011,7.44,7.57,7.35,7.43,7.4,182740979,1363083109.84,1.6616,1,0.4054,0
2026-03-04,sh.600011,7.37,7.46,7.29,7.39,7.43,131869884,970593588.87,1.1991,1,-0.5384,0
2026-03-05,sh.600011,7.39,7.54,7.38,7.48,7.39,120146203,897284245.92,1.0925,1,1.2179,0
2026-03-06,sh.600011,7.45,7.63,7.44,7.61,7.48,110683677,837734286.91,1.0064,1,1.738,0
2026-03-09,sh.600011,7.54,7.67,7.52,7.58,7.61,111627450,847961152.11,1.015,1,-0.3942,0
2026-03-10,sh.600011,7.58,7.67,7.46,7.52,7.58,110570641,834379617.89,1.0054,1,-0.7916,0
2026-03-11,sh.600011,7.53,7.72,7.39,7.71,7.52,138885107,1054136677.8,1.2629,1,2.5266,0
2026-03-12,sh.600011,7.71,7.9,7.68,7.88,7.71,143844023,1123557863.46,1.3079,1,2.2049,0
2026-03-13,sh.600011,7.95,8.0,7.81,7.85,7.88,176322093,1394451513.46,1.6033,1,-0.3807,0
2026-03-16,sh.600011,7.83,7.9,7.59,7.64,7.85,151481655,1166663943.78,1.3774,1,-2.6752,0
2026-03-17,sh.600011,7.62,7.71,7.48,7.49,7.64,96533406,731928932.69,0.8778,1,-1.9634,0
2026-03-18,sh.600011,7.5,7.62,7.4,7.49,7.49,85276729,638529524.11,0.7754,1,0.0,0
2026-03-19,sh.600011,7.44,7.58,7.42,7.48,7.49,110861361,829014050.83,1.008,1,-0.1335,0
2026-03-20,sh.600011,7.49,7.68,7.45,7.54,7.48,131629604,997050827.5,1.1969,1,0.8021,0
2026-03-23,sh.600011,7.48,7.51,7.28,7.34,7.54,129363771,956302722.26,1.1763,1,-2.6525,0
2026-03-24,sh.600011,7.6,7.61,7.29,7.52,7.34,179644955,1340130502.65,1.6335,1,2.4523,0
2026-03-25,sh.600011,7.5,7.85,7.31,7.68,7.52,280155257,2133247342.08,2.5474,1,2.1277,0
2026-03-26,sh.600011,7.67,7.67,7.49,7.53,7.68,198827942,1500705083.83,1.8079,1,-1.9531,0
2026-03-27,sh.600011,7.42,7.56,7.37,7.49,7.53,125243430,936345358.55,1.1388,1,-0.5312,0
2026-03-30,sh.600011,7.41,7.42,7.13,7.16,7.49,176774743,1276643439.61,1.6074,1,-4.4059,0
2026-03-31,sh.600011,7.16,7.19,7.0,7.02,7.16,119835751,848310072.63,1.0896,1,-1.9553,0
2026-04-01,sh.600011,7.07,7.08,7.01,7.06,7.02,87745722,618110779.73,0.7979,1,0.5698,0
2026-04-02,sh.600011,7.05,7.07,7.0,7.03,7.06,69703372,489698280.6,0.6338,1,-0.4249,0
2026-04-03,sh.600011,7.03,7.04,6.84,6.89,7.03,77683097,537043154.21,0.7064,1,-1.9915,0
2026-04-07,sh.600011,6.89,6.92,6.66,6.72,6.89,131048479,885795130.77,1.1916,1,-2.4673,0
2026-04-08,sh.600011,6.78,6.88,6.77,6.86,6.72,107959309,735903459.95,0.9817,1,2.0833,0
2026-04-09,sh.600011,6.81,6.87,6.78,6.83,6.86,62800706,428523455.3,0.571,1,-0.4373,0
2026-04-10,sh.600011,6.85,6.87,6.82,6.84,6.83,51082761,349744810.63,0.4645,1,0.1464,0
2026-04-13,sh.600011,6.83,6.96,6.78,6.92,6.84,96234237,660345711.9,0.875,1,1.1696,0
2026-04-14,sh.600011,6.93,7.02,6.91,6.95,6.92,76188955,529939449.15,0.6928,1,0.4335,0
2026-04-15,sh.600011,6.92,7.04,6.9,7.0,6.95,78247184,546415994.72,0.7115,1,0.7194,0
2026-04-16,sh.600011,7.0,7.04,6.97,6.99,7.0,57628223,403052395.24,0.524,1,-0.1429,0
2026-04-17,sh.600011,6.99,7.03,6.91,6.94,6.99,72065574,501789830.18,0.6553,1,-0.7153,0
2026-04-20,sh.600011,6.95,7.01,6.89,6.91,6.94,109622628,759533821.81,0.9968,1,-0.4323,0
2026-04-21,sh.600011,6.92,7.07,6.88,7.02,6.91,147957110,1033105240.25,1.3453,1,1.5919,0
2026-04-22,sh.600011,7.03,7.05,6.93,6.97,7.02,134623389,940307898.65,1.2241,1,-0.7123,0
2026-04-23,sh.600011,6.96,7.03,6.89,6.99,6.97,124648246,867329174.56,1.1334,1,0.2869,0
2026-04-24,sh.600011,7.0,7.01,6.91,6.98,6.99,120622322,841285150.26,1.0968,1,-0.1431,0
2026-04-27,sh.600011,6.98,6.99,6.92,6.95,6.98,89028204,618939927.44,0.8095,1,-0.4298,0
2026-04-28,sh.600011,6.95,6.96,6.84,6.91,6.95,109008953,751260582.19,0.9912,1,-0.5755,0
2026-04-29,sh.600011,6.87,7.02,6.87,7.02,6.91,167619494,1168079624.03,1.5241,1,1.5919,0
2026-04-30,sh.600011,7.0,7.04,6.96,6.99,7.02,81555635,570111932.44,0.7416,1,-0.4274,0
2026-05-06,sh.600011,7.01,7.15,7.0,7.15,6.99,148333122,1052061959.64,1.3488,1,2.289,0
2026-05-07,sh.600011,7.15,7.33,7.14,7.27,7.15,155296972,1125680593.38,1.4121,1,1.6783,0
2026-05-08,sh.600011,7.27,7.37,7.19,7.26,7.27,129794980,944332719.43,1.1802,1,-0.1376,0
2026-05-11,sh.600011,7.29,7.58,7.29,7.48,7.26,178343123,1330739795.25,1.6216,1,3.0303,0
2026-05-12,sh.600011,7.53,7.68,7.43,7.64,7.48,219775201,1669077996.47,1.9984,1,2.139,0
2026-05-13,sh.600011,7.64,7.8,7.59,7.7,7.64,256837496,1975892994.13,2.3354,1,0.7853,0
2026-05-14,sh.600011,7.72,7.9,7.53,7.53,7.7,268969598,2071017985.16,2.4457,1,-2.2078,0
2026-05-15,sh.600011,7.47,7.61,7.35,7.53,7.53,163085104,1217660645.96,1.4829,1,0.0,0
2026-05-18,sh.600011,7.47,7.57,7.39,7.5,7.53,139774870,1044706023.62,1.2709,1,-0.3984,0
2026-05-19,sh.600011,7.49,7.82,7.41,7.82,7.5,205737599,1582301644.39,1.8707,1,4.2667,0
2026-05-20,sh.600011,7.79,7.83,7.41,7.47,7.82,185614870,1404553501.7,1.6878,1,-4.4757,0
2026-05-21,sh.600011,7.43,7.51,7.3,7.32,7.47,143311735,1061338725.6,1.3031,1,-2.008,0
2026-05-22,sh.600011,7.3,7.38,7.23,7.32,7.32,105454243,770340940.26,0.9589,1,0.0,0
2026-05-25,sh.600011,7.3,7.55,7.28,7.46,7.32,138509202,1030128184.3,1.2594,1,1.9126,0
2026-05-26,sh.600011,7.46,7.56,7.35,7.51,7.46,129607565,969184996.82,1.1785,1,0.6702,0
2026-05-27,sh.600011,7.49,7.77,7.47,7.71,7.51,202805520,1553260637.31,1.8441,1,2.6631,0
2026-05-28,sh.600011,7.72,8.3,7.71,8.06,7.71,358326652,2870889851.77,3.2582,1,4.5396,0
2026-05-29,sh.600011,8.08,8.87,7.95,8.87,8.06,455150398,3878787080.01,4.1386,1,10.0496,0
2026-06-01,sh.600011,9.0,9.76,8.7,9.76,8.87,712492660,6614876203.63,6.4786,1,10.0338,0
2026-06-02,sh.600011,9.39,9.39,8.89,9.09,9.76,532969207,4880218609.24,4.8462,1,-6.8648,0
2026-06-03,sh.600011,8.83,9.56,8.58,9.13,9.09,563625763,5000321309.23,5.1249,1,0.44,0
2026-06-04,sh.600011,8.91,9.06,8.7,8.75,9.13,329169497,2898058289.81,2.9931,1,-4.1621,0
2026-06-05,sh.600011,8.61,8.9,8.28,8.39,8.75,344644446,2927478469.17,3.1338,1,-4.1143,0
2026-06-08,sh.600011,8.15,8.72,8.14,8.41,8.39,266120909,2258837207.31,2.4198,1,0.2384,0
2026-06-09,sh.600011,8.45,8.46,8.19,8.46,8.41,213267578,1783235970.61,1.9392,1,0.5945,0
2026-06-10,sh.600011,8.36,8.5,8.1,8.16,8.46,208046514,1717311124.29,1.8917,1,-3.5461,0
2026-06-11,sh.600011,8.11,8.32,8.0,8.17,8.16,170554700,1393478722.46,1.5508,1,0.1225,0
2026-06-12,sh.600011,8.11,8.24,8.01,8.05,8.17,195283508,1585005842.99,1.7757,1,-1.4688,0
2026-06-15,sh.600011,8.05,8.06,7.92,8.06,8.05,198457349,1587970766.85,1.8045,1,0.1242,0
2026-06-16,sh.600011,8.06,8.15,7.86,7.88,8.06,203426388,1620649958.84,1.8497,1,-2.2333,0
2026-06-17,sh.600011,7.86,7.94,7.73,7.92,7.88,175417816,1377595552.76,1.595,1,0.5076,0
2026-06-18,sh.600011,7.86,8.15,7.61,7.64,7.92,234559304,1839141722.68,2.1328,1,-3.5354,0
2026-06-22,sh.600011,7.64,7.72,7.46,7.72,7.64,186190130,1412883701.03,1.693,1,1.0471,0
2026-06-23,sh.600011,7.66,8.02,7.64,7.78,7.72,196418379,1541109228.79,1.786,1,0.7772,0
2026-06-24,sh.600011,7.79,7.82,7.4,7.44,7.78,191951137,1446988982.47,1.7454,1,-4.3702,0
2026-06-25,sh.600011,7.4,7.49,7.27,7.4,7.44,161201030,1188816517.63,1.4658,1,-0.5376,0
