date,code,open,high,low,close,preclose,volume,amount,turn,tradestatus,pctChg,isST
2022-01-04,sh.600015,4.3258096,4.35670824,4.31036028,4.34898358,4.3258096,26740105,150128761.15,0.2085,1,0.5357,0
2022-01-05,sh.600015,4.34125892,4.39533154,4.34125892,4.37988222,4.34898358,36018508,203766768.53,0.2809,1,0.7105,0
2022-01-06,sh.600015,4.37215756,4.37988222,4.35670824,4.35670824,4.37988222,20367405,115111934.72,0.1588,1,-0.5291,0
2022-01-07,sh.600015,4.35670824,4.42623018,4.35670824,4.4030562,4.35670824,37148563,211523315.28,0.2897,1,1.0638,0
2022-01-10,sh.600015,4.41078086,4.4416795,4.41078086,4.43395484,4.4030562,32508642,186231783.11,0.2535,1,0.7018,0
2022-01-11,sh.600015,4.43395484,4.48802746,4.42623018,4.4416795,4.43395484,34697685,200200773.02,0.2706,1,0.1742,0
2022-01-12,sh.600015,4.44940416,4.47257814,4.41078086,4.45712882,4.4416795,29507469,169719517.28,0.2301,1,0.3478,0
2022-01-13,sh.600015,4.45712882,4.49575212,4.4416795,4.46485348,4.45712882,27104962,157093526.92,0.2114,1,0.1733,0
2022-01-14,sh.600015,4.45712882,4.46485348,4.38760688,4.39533154,4.46485348,28669342,163659343.48,0.2236,1,-1.5571,0
2022-01-17,sh.600015,4.38760688,4.43395484,4.38760688,4.39533154,4.39533154,15142252,86381684.77,0.1181,1,0.0,0
2022-01-18,sh.600015,4.39533154,4.4416795,4.37215756,4.4416795,4.39533154,34514386,197004257.72,0.2692,1,1.0545,0
2022-01-19,sh.600015,4.42623018,4.45712882,4.42623018,4.44940416,4.4416795,28128718,161793452.71,0.2194,1,0.1739,0
2022-01-20,sh.600015,4.44940416,4.50347678,4.43395484,4.46485348,4.44940416,40837359,236387341.79,0.3185,1,0.3472,0
2022-01-21,sh.600015,4.46485348,4.47257814,4.4030562,4.43395484,4.46485348,34580386,198511477.21,0.2697,1,-0.692,0
2022-01-24,sh.600015,4.42623018,4.44940416,4.4030562,4.42623018,4.43395484,20434521,117163758.76,0.1594,1,-0.1742,0
2022-01-25,sh.600015,4.42623018,4.42623018,4.34898358,4.34898358,4.42623018,30067131,170826911.75,0.2345,1,-1.7452,0
2022-01-26,sh.600015,4.3644329,4.38760688,4.34898358,4.38760688,4.34898358,20917735,118357666.19,0.1631,1,0.8881,0
2022-01-27,sh.600015,4.38760688,4.4030562,4.34898358,4.3644329,4.38760688,23831711,134920605.98,0.1859,1,-0.5282,0
2022-01-28,sh.600015,4.3644329,4.38760688,4.34898358,4.34898358,4.3644329,27381215,154724633.6,0.2135,1,-0.354,0
2022-02-07,sh.600015,4.37988222,4.46485348,4.3644329,4.45712882,4.34898358,41895038,239638044.43,0.3267,1,2.4867,0
2022-02-08,sh.600015,4.4416795,4.51120144,4.43395484,4.51120144,4.45712882,52483533,304632861.01,0.4093,1,1.2132,0
2022-02-09,sh.600015,4.49575212,4.52665076,4.47257814,4.49575212,4.51120144,39382929,229341230.87,0.3071,1,-0.3425,0
2022-02-10,sh.600015,4.49575212,4.5189261,4.47257814,4.5189261,4.49575212,35657990,207937660.38,0.2781,1,0.5155,0
2022-02-11,sh.600015,4.50347678,4.54982474,4.49575212,4.5189261,4.5189261,47400536,277649652.07,0.3697,1,0.0,0
2022-02-14,sh.600015,4.5189261,4.5189261,4.43395484,4.44940416,4.5189261,40384891,233552346.06,0.3149,1,-1.5385,0
2022-02-15,sh.600015,4.4416795,4.46485348,4.41078086,4.41850552,4.44940416,26584435,152566766.98,0.2073,1,-0.6944,0
2022-02-16,sh.600015,4.43395484,4.47257814,4.43395484,4.4416795,4.41850552,22808301,131532043.67,0.1779,1,0.5245,0
2022-02-17,sh.600015,4.4416795,4.47257814,4.42623018,4.42623018,4.4416795,21064506,121183478.68,0.1643,1,-0.3478,0
2022-02-18,sh.600015,4.42623018,4.47257814,4.41078086,4.46485348,4.42623018,26789766,153953184.4,0.2089,1,0.8726,0
2022-02-21,sh.600015,4.45712882,4.45712882,4.41850552,4.4416795,4.46485348,36376156,208902014.86,0.2837,1,-0.519,0
2022-02-22,sh.600015,4.43395484,4.47257814,4.41078086,4.43395484,4.4416795,45873867,263513593.72,0.3578,1,-0.1739,0
2022-02-23,sh.600015,4.44940416,4.46485348,4.41850552,4.43395484,4.43395484,39167724,224895441.07,0.3055,1,0.0,0
2022-02-24,sh.600015,4.41850552,4.42623018,4.33353426,4.34898358,4.43395484,46776020,265414727.86,0.3648,1,-1.9164,0
2022-02-25,sh.600015,4.35670824,4.37988222,4.34125892,4.35670824,4.34898358,27912922,157498091.64,0.2177,1,0.1776,0
2022-02-28,sh.600015,4.35670824,4.35670824,4.31036028,4.34898358,4.35670824,41694949,234366543.0,0.3252,1,-0.1773,0
2022-03-01,sh.600015,4.34898358,4.37988222,4.34125892,4.37215756,4.34898358,20977187,118350051.0,0.1636,1,0.5329,0
2022-03-02,sh.600015,4.35670824,4.38760688,4.34898358,4.3644329,4.37215756,24719835,139631471.0,0.1928,1,-0.1767,0
2022-03-03,sh.600015,4.37215756,4.41078086,4.3644329,4.39533154,4.3644329,41394239,235161831.0,0.3228,1,0.708,0
2022-03-04,sh.600015,4.38760688,4.39533154,4.34125892,4.37988222,4.39533154,29368803,166117335.0,0.229,1,-0.3515,0
2022-03-07,sh.600015,4.3644329,4.37215756,4.31808494,4.3258096,4.37988222,27152267,152796056.0,0.2118,1,-1.2346,0
2022-03-08,sh.600015,4.3258096,4.33353426,4.25628766,4.26401232,4.3258096,36099427,200716243.0,0.2815,1,-1.4286,0
2022-03-09,sh.600015,4.27173698,4.27946164,4.0940698,4.17904106,4.26401232,49775862,270508368.0,0.3882,1,-1.9928,0
2022-03-10,sh.600015,4.2099397,4.23311368,4.17904106,4.18676572,4.17904106,28079652,152837352.0,0.219,1,0.1848,0
2022-03-11,sh.600015,4.1713164,4.2099397,4.10951912,4.20221504,4.18676572,32073769,172128682.0,0.2501,1,0.369,0
2022-03-14,sh.600015,4.16359174,4.22538902,4.14814242,4.14814242,4.20221504,26739531,144700716.0,0.2085,1,-1.2868,0
2022-03-15,sh.600015,4.14041776,4.14041776,3.9781999,3.9781999,4.14814242,55195899,289656320.0,0.4305,1,-4.0968,0
2022-03-16,sh.600015,4.0168232,4.07089582,3.9395766,4.0554465,3.9781999,44160087,228968321.0,0.3444,1,1.9417,0
2022-03-17,sh.600015,4.0940698,4.10951912,4.0554465,4.06317116,4.0554465,34491222,182108480.0,0.269,1,0.1905,0
2022-03-18,sh.600015,4.04772184,4.14814242,4.03999718,4.12496844,4.06317116,38329454,203259726.55,0.2989,1,1.5209,0
2022-03-21,sh.600015,4.11724378,4.12496844,4.07089582,4.08634514,4.12496844,24082901,127688290.38,0.1878,1,-0.9363,0
2022-03-22,sh.600015,4.07862048,4.1713164,4.07862048,4.14814242,4.08634514,28713960,153709228.0,0.2239,1,1.5123,0
2022-03-23,sh.600015,4.14814242,4.15586708,4.10951912,4.14041776,4.14814242,23810368,127494461.8,0.1857,1,-0.1862,0
2022-03-24,sh.600015,4.12496844,4.15586708,4.10951912,4.12496844,4.14041776,14281298,76362547.88,0.1114,1,-0.3731,0
2022-03-25,sh.600015,4.12496844,4.16359174,4.11724378,4.14041776,4.12496844,20681664,110789142.44,0.1613,1,0.3745,0
2022-03-28,sh.600015,4.12496844,4.18676572,4.07862048,4.18676572,4.14041776,27398738,147094460.66,0.2137,1,1.1194,0
2022-03-29,sh.600015,4.1713164,4.18676572,4.14814242,4.1713164,4.18676572,19406571,104800338.64,0.1513,1,-0.369,0
2022-03-30,sh.600015,4.1713164,4.23311368,4.1713164,4.22538902,4.1713164,29209329,159054663.0,0.2278,1,1.2963,0
2022-03-31,sh.600015,4.21766436,4.31808494,4.20221504,4.29491096,4.22538902,41591230,230602704.12,0.3244,1,1.6453,0
2022-04-01,sh.600015,4.27173698,4.35670824,4.27173698,4.35670824,4.29491096,40651792,227361975.1,0.317,1,1.4388,0
2022-04-06,sh.600015,4.33353426,4.4416795,4.3258096,4.42623018,4.35670824,60593025,345896466.67,0.4725,1,1.5957,0
2022-04-07,sh.600015,4.41850552,4.44940416,4.37215756,4.37215756,4.42623018,45997338,262301096.3,0.3587,1,-1.2216,0
2022-04-08,sh.600015,4.37215756,4.41850552,4.34125892,4.4030562,4.37215756,34937449,197977171.39,0.2725,1,0.7067,0
2022-04-11,sh.600015,4.39533154,4.4030562,4.33353426,4.34898358,4.4030562,28413362,160615707.62,0.2216,1,-1.2281,0
2022-04-12,sh.600015,4.35670824,4.39533154,4.30263562,4.37215756,4.34898358,32190875,181474780.29,0.251,1,0.5329,0
2022-04-13,sh.600015,4.34898358,4.39533154,4.34125892,4.34898358,4.37215756,21651161,122512387.99,0.1689,1,-0.53,0
2022-04-14,sh.600015,4.3644329,4.37988222,4.34898358,4.35670824,4.34898358,15627321,88326721.69,0.1219,1,0.1776,0
2022-04-15,sh.600015,4.34898358,4.4030562,4.33353426,4.37988222,4.35670824,25720490,145763369.49,0.2006,1,0.5319,0
2022-04-18,sh.600015,4.34898358,4.3644329,4.2871863,4.29491096,4.37988222,25452318,142310122.78,0.1985,1,-1.94,0
2022-04-19,sh.600015,4.2871863,4.33353426,4.27946164,4.33353426,4.29491096,17593384,98235975.52,0.1372,1,0.8993,0
2022-04-20,sh.600015,4.33353426,4.34898358,4.29491096,4.30263562,4.33353426,20772419,116226354.01,0.162,1,-0.713,0
2022-04-21,sh.600015,4.2871863,4.33353426,4.248563,4.27173698,4.30263562,26186790,145692532.41,0.2042,1,-0.7181,0
2022-04-22,sh.600015,4.25628766,4.35670824,4.248563,4.3258096,4.27173698,26982819,150656599.11,0.2104,1,1.2658,0
2022-04-25,sh.600015,4.29491096,4.34125892,4.2099397,4.2099397,4.3258096,38214323,211841481.62,0.298,1,-2.6786,0
2022-04-26,sh.600015,4.21766436,4.25628766,4.15586708,4.15586708,4.2099397,30376985,165384293.36,0.2369,1,-1.2844,0
2022-04-27,sh.600015,4.14814242,4.1713164,4.10951912,4.15586708,4.15586708,37031157,198525820.09,0.2888,1,0.0,0
2022-04-28,sh.600015,4.14814242,4.20221504,4.10951912,4.16359174,4.15586708,35347702,190183474.92,0.2757,1,0.1859,0
2022-04-29,sh.600015,4.14814242,4.22538902,4.12496844,4.2099397,4.16359174,33251136,179769195.45,0.2593,1,1.1132,0
2022-05-05,sh.600015,4.20221504,4.21766436,4.14814242,4.15586708,4.2099397,40442125,218504173.1,0.3154,1,-1.2844,0
2022-05-06,sh.600015,4.11724378,4.11724378,4.06317116,4.06317116,4.15586708,24612151,130202395.51,0.1919,1,-2.2305,0
2022-05-09,sh.600015,4.0554465,4.07862048,4.04772184,4.07089582,4.06317116,12377587,65096874.98,0.0965,1,0.1901,0
2022-05-10,sh.600015,4.04772184,4.07862048,4.02454786,4.07089582,4.07089582,33839773,177527436.69,0.2639,1,0.0,0
2022-05-11,sh.600015,4.06317116,4.10951912,4.0554465,4.07089582,4.07089582,29952521,158229044.26,0.2336,1,0.0,0
2022-05-12,sh.600015,4.0554465,4.07862048,4.04772184,4.06317116,4.07089582,19330940,101647286.47,0.1508,1,-0.1898,0
2022-05-13,sh.600015,4.07089582,4.10179446,4.06317116,4.10179446,4.06317116,17273553,91470943.53,0.1347,1,0.9506,0
2022-05-16,sh.600015,4.0940698,4.10951912,4.07089582,4.0940698,4.10179446,19816860,104899521.75,0.1545,1,-0.1883,0
2022-05-17,sh.600015,4.0940698,4.10951912,4.06317116,4.10179446,4.0940698,16807656,89040951.92,0.1311,1,0.1887,0
2022-05-18,sh.600015,4.10179446,4.10179446,4.07089582,4.0940698,4.10179446,13818457,73063538.32,0.1078,1,-0.1883,0
2022-05-19,sh.600015,4.06317116,4.08634514,4.04772184,4.08634514,4.0940698,14579718,76848134.55,0.1137,1,-0.1887,0
2022-05-20,sh.600015,4.0940698,4.12496844,4.08634514,4.11724378,4.08634514,26880960,142959972.84,0.2096,1,0.7561,0
2022-05-23,sh.600015,4.12496844,4.1326931,4.10179446,4.10951912,4.11724378,19854960,105687348.6,0.1548,1,-0.1876,0
2022-05-24,sh.600015,4.11724378,4.11724378,4.0554465,4.06317116,4.10951912,23046096,121885869.34,0.1797,1,-1.1278,0
2022-05-25,sh.600015,4.06317116,4.08634514,4.0554465,4.07862048,4.06317116,13506467,71253830.87,0.1053,1,0.3802,0
2022-05-26,sh.600015,4.08634514,4.11724378,4.07089582,4.10951912,4.07862048,16722627,88639535.27,0.1304,1,0.7576,0
2022-05-27,sh.600015,4.11724378,4.12496844,4.08634514,4.10951912,4.10951912,14271540,75881866.0,0.1113,1,0.0,0
2022-05-30,sh.600015,4.11724378,4.12496844,4.10179446,4.10179446,4.10951912,16071145,85589998.45,0.1253,1,-0.188,0
2022-05-31,sh.600015,4.10951912,4.14814242,4.0940698,4.10951912,4.10179446,28388769,151534237.13,0.2214,1,0.1883,0
2022-06-01,sh.600015,4.11724378,4.14814242,4.11724378,4.14041776,4.10951912,21812956,116644465.87,0.1701,1,0.7519,0
2022-06-02,sh.600015,4.1326931,4.14041776,4.11724378,4.14041776,4.14041776,16266317,86955933.08,0.1269,1,0.0,0
2022-06-06,sh.600015,4.1326931,4.16359174,4.12496844,4.16359174,4.14041776,27028195,145014382.26,0.2108,1,0.5597,0
2022-06-07,sh.600015,4.16359174,4.18676572,4.14814242,4.17904106,4.16359174,35927152,194064550.87,0.2802,1,0.3711,0
2022-06-08,sh.600015,4.21200948,4.21200948,4.15431072,4.1625534,4.17903876,46038916,233182490.0,0.359,1,-0.3945,0
2022-06-09,sh.600015,4.1625534,4.18728144,4.15431072,4.17903876,4.1625534,24424612,123704439.44,0.1905,1,0.396,0
2022-06-10,sh.600015,4.1625534,4.19552412,4.15431072,4.18728144,4.17903876,26954462,136421712.22,0.2102,1,0.1972,0
2022-06-13,sh.600015,4.17079608,4.19552412,4.15431072,4.17079608,4.18728144,23449805,118716035.52,0.1829,1,-0.3937,0
2022-06-14,sh.600015,4.1625534,4.2449802,4.15431072,4.23673752,4.17079608,30078006,153191849.59,0.2346,1,1.581,0
2022-06-15,sh.600015,4.23673752,4.36037772,4.22849484,4.30267896,4.23673752,52530356,274721018.26,0.4097,1,1.5564,0
2022-06-16,sh.600015,4.30267896,4.31916432,4.25322288,4.26970824,4.30267896,30164495,156563735.94,0.2352,1,-0.7663,0
2022-06-17,sh.600015,4.25322288,4.2861936,4.22849484,4.26970824,4.26970824,20364143,105314538.03,0.1588,1,0.0,0
2022-06-20,sh.600015,4.26146556,4.27795092,4.22025216,4.22849484,4.26970824,15769375,81075821.28,0.123,1,-0.9653,0
2022-06-21,sh.600015,4.22025216,4.26146556,4.22025216,4.25322288,4.22849484,12489892,64316722.18,0.0974,1,0.5848,0
2022-06-22,sh.600015,4.25322288,4.25322288,4.2037668,4.21200948,4.25322288,13568510,69551407.2,0.1058,1,-0.969,0
2022-06-23,sh.600015,4.22025216,4.2449802,4.2037668,4.2449802,4.21200948,14114806,72406354.92,0.1101,1,0.7828,0
2022-06-24,sh.600015,4.2449802,4.25322288,4.21200948,4.23673752,4.2449802,15065319,77394404.66,0.1175,1,-0.1942,0
2022-06-27,sh.600015,4.23673752,4.25322288,4.22849484,4.23673752,4.23673752,14656436,75374222.14,0.1143,1,0.0,0
2022-06-28,sh.600015,4.2449802,4.26970824,4.23673752,4.26146556,4.23673752,14089305,72675514.97,0.1099,1,0.5837,0
2022-06-29,sh.600015,4.26146556,4.31092164,4.25322288,4.27795092,4.26146556,19211153,99831244.64,0.1498,1,0.3868,0
2022-06-30,sh.600015,4.27795092,4.31092164,4.26970824,4.29443628,4.27795092,16036824,83482190.38,0.1251,1,0.3854,0
2022-07-01,sh.600015,4.29443628,4.30267896,4.26146556,4.27795092,4.29443628,12033161,62439977.51,0.0938,1,-0.3839,0
2022-07-04,sh.600015,4.26970824,4.27795092,4.2449802,4.26146556,4.27795092,12723239,65738627.57,0.0992,1,-0.3854,0
2022-07-05,sh.600015,4.26146556,4.2861936,4.2449802,4.26146556,4.26146556,12983173,67235003.22,0.1013,1,0.0,0
2022-07-06,sh.600015,4.25322288,4.26146556,4.2037668,4.22025216,4.26146556,17921317,91796261.91,0.1398,1,-0.9671,0
2022-07-07,sh.600015,4.22849484,4.23673752,4.2037668,4.21200948,4.22025216,10513487,53823349.0,0.082,1,-0.1953,0
2022-07-08,sh.600015,4.22025216,4.23673752,4.21200948,4.22025216,4.21200948,6294536,32250507.45,0.0491,1,0.1957,0
2022-07-11,sh.600015,4.22025216,4.2449802,4.21200948,4.22849484,4.22025216,13552182,69560075.62,0.1057,1,0.1953,0
2022-07-12,sh.600015,4.23673752,4.27795092,4.22849484,4.26970824,4.22849484,16782657,86775435.38,0.1309,1,0.9747,0
2022-07-13,sh.600015,4.26970824,4.27795092,4.22849484,4.23673752,4.26970824,15701395,80980610.85,0.1225,1,-0.7722,0
2022-07-14,sh.600015,4.22849484,4.23673752,4.17079608,4.17903876,4.23673752,18563148,94395455.02,0.1448,1,-1.3619,0
2022-07-15,sh.600015,4.18728144,4.2037668,4.13782536,4.13782536,4.17903876,19253817,97522483.52,0.1502,1,-0.9862,0
2022-07-18,sh.600015,4.14606804,4.19552412,4.14606804,4.18728144,4.13782536,15145709,76880630.04,0.1181,1,1.1952,0
2022-07-19,sh.600015,4.19552412,4.2449802,4.17903876,4.23673752,4.18728144,17771088,90928438.47,0.1386,1,1.1811,0
2022-07-20,sh.600015,4.2449802,4.26146556,4.22849484,4.2449802,4.23673752,10448384,53821252.94,0.0815,1,0.1946,0
2022-07-21,sh.600015,4.25322288,4.25322288,4.2037668,4.2037668,4.2449802,10660229,54667775.95,0.0831,1,-0.9709,0
2022-07-22,sh.600015,4.21200948,4.26146556,4.2037668,4.23673752,4.2037668,11783264,60578433.75,0.0919,1,0.7843,0
2022-07-25,sh.600015,4.22849484,4.25322288,4.22025216,4.2449802,4.23673752,8022322,41264517.4,0.0626,1,0.1946,0
2022-07-26,sh.600015,4.25322288,4.26970824,4.23673752,4.25322288,4.2449802,9756132,50377943.21,0.0761,1,0.1942,0
2022-07-27,sh.600015,4.2449802,4.25322288,4.22849484,4.23673752,4.25322288,7246034,37271416.91,0.0565,1,-0.3876,0
2022-07-28,sh.600015,4.23673752,4.2861936,4.22849484,4.26970824,4.23673752,18894578,97606078.01,0.1474,1,0.7782,0
2022-07-29,sh.600015,4.26970824,4.27795092,4.21200948,4.22025216,4.26970824,13868636,71358862.98,0.1082,1,-1.1583,0
2022-08-01,sh.600015,4.22025216,4.22849484,4.19552412,4.2037668,4.22025216,10267909,52480152.37,0.0801,1,-0.3906,0
2022-08-02,sh.600015,4.19552412,4.19552412,4.12958268,4.1625534,4.2037668,22893031,115312337.14,0.1785,1,-0.9804,0
2022-08-03,sh.600015,4.15431072,4.17903876,4.12958268,4.12958268,4.1625534,14711005,74177985.56,0.1147,1,-0.7921,0
2022-08-04,sh.600015,4.14606804,4.1625534,4.13782536,4.14606804,4.12958268,8186634,41199536.0,0.0638,1,0.3992,0
2022-08-05,sh.600015,4.1625534,4.19552412,4.13782536,4.18728144,4.14606804,10547923,53317130.0,0.0823,1,0.994,0
2022-08-08,sh.600015,4.17903876,4.19552412,4.17079608,4.17079608,4.18728144,8075513,40969370.0,0.063,1,-0.3937,0
2022-08-09,sh.600015,4.19552412,4.2449802,4.19552412,4.21200948,4.17079608,19698653,101010801.0,0.1536,1,0.9881,0
2022-08-10,sh.600015,4.22025216,4.25322288,4.22025216,4.23673752,4.21200948,11325652,58189796.0,0.0883,1,0.5871,0
2022-08-11,sh.600015,4.2449802,4.26146556,4.21200948,4.25322288,4.23673752,18339265,94407044.0,0.143,1,0.3891,0
2022-08-12,sh.600015,4.26146556,4.26146556,4.23673752,4.25322288,4.25322288,13054801,67353348.0,0.1018,1,0.0,0
2022-08-15,sh.600015,4.2449802,4.2449802,4.2037668,4.21200948,4.25322288,19269725,98686800.22,0.1503,1,-0.969,0
2022-08-16,sh.600015,4.21200948,4.22849484,4.19552412,4.2037668,4.21200948,15266831,78003863.9,0.1191,1,-0.1957,0
2022-08-17,sh.600015,4.21200948,4.2449802,4.19552412,4.2449802,4.2037668,19813102,101503065.85,0.1545,1,0.9804,0
2022-08-18,sh.600015,4.22849484,4.23673752,4.2037668,4.2037668,4.2449802,14250683,72850593.7,0.1111,1,-0.9709,0
2022-08-19,sh.600015,4.19552412,4.23673752,4.19552412,4.2037668,4.2037668,20002869,102467592.46,0.156,1,0.0,0
2022-08-22,sh.600015,4.21200948,4.22025216,4.19552412,4.21200948,4.2037668,13613287,69549376.66,0.1062,1,0.1961,0
2022-08-23,sh.600015,4.2037668,4.21200948,4.18728144,4.19552412,4.21200948,10212774,51996944.16,0.0796,1,-0.3914,0
2022-08-24,sh.600015,4.19552412,4.22849484,4.18728144,4.2037668,4.19552412,19161752,97830707.39,0.1494,1,0.1965,0
2022-08-25,sh.600015,4.2037668,4.22025216,4.18728144,4.22025216,4.2037668,13947946,71177529.67,0.1088,1,0.3922,0
2022-08-26,sh.600015,4.22025216,4.22849484,4.2037668,4.21200948,4.22025216,13268630,67845293.7,0.1035,1,-0.1953,0
2022-08-29,sh.600015,4.19552412,4.22849484,4.1625534,4.22025216,4.21200948,22753052,115882507.44,0.1774,1,0.1957,0
2022-08-30,sh.600015,4.22025216,4.26970824,4.2037668,4.22849484,4.22025216,30138981,154960136.38,0.235,1,0.1953,0
2022-08-31,sh.600015,4.22849484,4.26146556,4.22025216,4.23673752,4.22849484,26932856,138823661.75,0.21,1,0.1949,0
2022-09-01,sh.600015,4.25322288,4.27795092,4.23673752,4.25322288,4.23673752,26085494,134934057.87,0.2034,1,0.3891,0
2022-09-02,sh.600015,4.26970824,4.27795092,4.2449802,4.2449802,4.25322288,19990838,103277103.9,0.1559,1,-0.1938,0
2022-09-05,sh.600015,4.25322288,4.30267896,4.22849484,4.30267896,4.2449802,35058864,182068522.94,0.2734,1,1.3592,0
2022-09-06,sh.600015,4.30267896,4.31916432,4.27795092,4.2861936,4.30267896,25329620,132093826.68,0.1975,1,-0.3831,0
2022-09-07,sh.600015,4.2861936,4.29443628,4.25322288,4.26970824,4.2861936,17489778,90581724.45,0.1364,1,-0.3846,0
2022-09-08,sh.600015,4.27795092,4.30267896,4.26146556,4.27795092,4.26970824,26594711,138411871.32,0.2074,1,0.1931,0
2022-09-09,sh.600015,4.29443628,4.33564968,4.26970824,4.31916432,4.27795092,30850134,161429669.97,0.2406,1,0.9634,0
2022-09-13,sh.600015,4.34389236,4.34389236,4.30267896,4.31092164,4.31916432,23747055,124635573.94,0.1852,1,-0.1908,0
2022-09-14,sh.600015,4.2861936,4.30267896,4.26970824,4.27795092,4.31092164,17553678,91334442.32,0.1369,1,-0.7648,0
2022-09-15,sh.600015,4.29443628,4.33564968,4.2861936,4.31916432,4.27795092,28839136,151111248.59,0.2249,1,0.9634,0
2022-09-16,sh.600015,4.31916432,4.327407,4.22849484,4.22849484,4.31916432,27295998,141058175.51,0.2129,1,-2.0992,0
2022-09-19,sh.600015,4.22849484,4.2449802,4.2037668,4.23673752,4.22849484,32637940,167236345.25,0.2545,1,0.1949,0
2022-09-20,sh.600015,4.2449802,4.25322288,4.2037668,4.21200948,4.23673752,19108982,97893205.02,0.149,1,-0.5837,0
2022-09-21,sh.600015,4.21200948,4.2449802,4.18728144,4.22849484,4.21200948,14737477,75506195.29,0.1149,1,0.3914,0
2022-09-22,sh.600015,4.22025216,4.22849484,4.19552412,4.21200948,4.22849484,12527042,63990375.81,0.0977,1,-0.3899,0
2022-09-23,sh.600015,4.21200948,4.25322288,4.2037668,4.23673752,4.21200948,19547965,100599937.3,0.1524,1,0.5871,0
2022-09-26,sh.600015,4.21200948,4.26146556,4.17079608,4.17903876,4.23673752,28970566,148304196.83,0.2259,1,-1.3619,0
2022-09-27,sh.600015,4.17903876,4.19552412,4.14606804,4.19552412,4.17903876,16534308,83705784.57,0.1289,1,0.3945,0
2022-09-28,sh.600015,4.17903876,4.22025216,4.15431072,4.18728144,4.19552412,20060527,101916410.53,0.1564,1,-0.1965,0
2022-09-29,sh.600015,4.19552412,4.2037668,4.12958268,4.14606804,4.18728144,20998108,105894231.89,0.1638,1,-0.9843,0
2022-09-30,sh.600015,4.14606804,4.17079608,4.14606804,4.14606804,4.14606804,14119453,71213659.55,0.1101,1,0.0,0
2022-10-10,sh.600015,4.13782536,4.17903876,4.12958268,4.15431072,4.14606804,21056762,106373858.75,0.1642,1,0.1988,0
2022-10-11,sh.600015,4.1625534,4.18728144,4.13782536,4.14606804,4.15431072,13478173,67988388.33,0.1051,1,-0.1984,0
2022-10-12,sh.600015,4.14606804,4.17903876,4.13782536,4.17903876,4.14606804,14317660,72184646.36,0.1117,1,0.7952,0
2022-10-13,sh.600015,4.17079608,4.17079608,4.13782536,4.14606804,4.17903876,13098279,65967580.06,0.1021,1,-0.789,0
2022-10-14,sh.600015,4.18728144,4.2037668,4.1625534,4.18728144,4.14606804,24952494,126904055.78,0.1946,1,0.994,0
2022-10-17,sh.600015,4.18728144,4.2037668,4.1625534,4.18728144,4.18728144,17380607,88254563.74,0.1355,1,0.0,0
2022-10-18,sh.600015,4.2037668,4.2037668,4.17079608,4.17903876,4.18728144,15097635,76622797.23,0.1177,1,-0.1969,0
2022-10-19,sh.600015,4.17903876,4.18728144,4.14606804,4.15431072,4.17903876,13974373,70605675.65,0.109,1,-0.5917,0
2022-10-20,sh.600015,4.15431072,4.17903876,4.14606804,4.17079608,4.15431072,15549581,78508443.65,0.1213,1,0.3968,0
2022-10-21,sh.600015,4.17079608,4.17903876,4.14606804,4.14606804,4.17079608,12470585,62988940.68,0.0973,1,-0.5929,0
2022-10-24,sh.600015,4.15431072,4.15431072,4.0389132,4.04715588,4.14606804,43266072,214953335.49,0.3374,1,-2.3857,0
2022-10-25,sh.600015,4.05539856,4.06364124,3.9976998,4.00594248,4.04715588,30362947,148180284.76,0.2368,1,-1.0183,0
2022-10-26,sh.600015,4.01418516,4.0389132,3.98121444,3.9976998,4.00594248,22420297,109194664.85,0.1748,1,-0.2058,0
2022-10-27,sh.600015,4.00594248,4.02242784,3.9976998,3.9976998,3.9976998,16525049,80392225.58,0.1289,1,0.0,0
2022-10-28,sh.600015,3.9976998,4.01418516,3.93175836,3.9564864,3.9976998,24125635,116415882.35,0.1881,1,-1.0309,0
2022-10-31,sh.600015,3.94824372,3.9976998,3.93175836,3.94824372,3.9564864,32723526,157084641.72,0.2552,1,-0.2083,0
2022-11-01,sh.600015,3.94824372,3.9976998,3.94000104,3.98945712,3.94824372,24651631,118757635.78,0.1923,1,1.0438,0
2022-11-02,sh.600015,3.98121444,4.01418516,3.96472908,3.9976998,3.98945712,16977152,82160170.19,0.1324,1,0.2066,0
2022-11-03,sh.600015,3.98121444,3.9976998,3.96472908,3.98121444,3.9976998,14071244,67973494.23,0.1097,1,-0.4124,0
2022-11-04,sh.600015,3.98121444,4.0389132,3.97297176,4.0389132,3.98121444,21060632,102654145.44,0.1642,1,1.4493,0
2022-11-07,sh.600015,4.03067052,4.04715588,4.01418516,4.04715588,4.0389132,16650123,81475246.73,0.1298,1,0.2041,0
2022-11-08,sh.600015,4.0389132,4.04715588,4.02242784,4.0389132,4.04715588,12094713,59216768.09,0.0943,1,-0.2037,0
2022-11-09,sh.600015,4.04715588,4.05539856,4.02242784,4.03067052,4.0389132,10142083,49690083.16,0.0791,1,-0.2041,0
2022-11-10,sh.600015,4.02242784,4.0389132,4.00594248,4.0389132,4.03067052,11238513,54880880.58,0.0876,1,0.2045,0
2022-11-11,sh.600015,4.07188392,4.12134,4.05539856,4.10485464,4.0389132,35462212,175765212.4,0.2766,1,1.6327,0
2022-11-14,sh.600015,4.11309732,4.1625534,4.10485464,4.12134,4.10485464,35099090,176229154.48,0.2737,1,0.4016,0
2022-11-15,sh.600015,4.12134,4.1625534,4.10485464,4.13782536,4.12134,23380751,117488548.63,0.1823,1,0.4,0
2022-11-16,sh.600015,4.13782536,4.14606804,4.10485464,4.12134,4.13782536,14595352,72985303.04,0.1138,1,-0.3984,0
2022-11-17,sh.600015,4.11309732,4.12134,4.08836928,4.10485464,4.12134,15516291,77231879.0,0.121,1,-0.4,0
2022-11-18,sh.600015,4.11309732,4.11309732,4.07188392,4.0801266,4.10485464,17416600,86483549.78,0.1358,1,-0.6024,0
2022-11-21,sh.600015,4.07188392,4.0801266,4.04715588,4.06364124,4.0801266,17549423,86520791.44,0.1369,1,-0.404,0
2022-11-22,sh.600015,4.06364124,4.17903876,4.05539856,4.14606804,4.06364124,36620185,183705526.24,0.2856,1,2.0284,0
2022-11-23,sh.600015,4.15431072,4.2449802,4.14606804,4.19552412,4.14606804,47321921,240982708.62,0.369,1,1.1928,0
2022-11-24,sh.600015,4.19552412,4.22025216,4.1625534,4.17079608,4.19552412,24870864,126410835.45,0.194,1,-0.5894,0
2022-11-25,sh.600015,4.17079608,4.25322288,4.17079608,4.2449802,4.17079608,35211985,180689127.38,0.2746,1,1.7787,0
2022-11-28,sh.600015,4.21200948,4.21200948,4.14606804,4.19552412,4.2449802,31001118,157369570.76,0.2418,1,-1.165,0
2022-11-29,sh.600015,4.2037668,4.34389236,4.19552412,4.31916432,4.19552412,58803782,305957679.6,0.4586,1,2.947,0
2022-11-30,sh.600015,4.31092164,4.36037772,4.29443628,4.31916432,4.31916432,46879248,245926173.88,0.3656,1,0.0,0
2022-12-01,sh.600015,4.34389236,4.35213504,4.26146556,4.27795092,4.31916432,35233963,183773069.58,0.2748,1,-0.9542,0
2022-12-02,sh.600015,4.27795092,4.2861936,4.22849484,4.27795092,4.27795092,25947241,134114076.83,0.2024,1,0.0,0
2022-12-05,sh.600015,4.29443628,4.40159112,4.29443628,4.38510576,4.27795092,60947741,322134072.79,0.4753,1,2.5048,0
2022-12-06,sh.600015,4.3686204,4.42631916,4.3686204,4.4098338,4.38510576,47528059,253596205.31,0.3707,1,0.5639,0
2022-12-07,sh.600015,4.39334844,4.44280452,4.35213504,4.40159112,4.4098338,43779350,233624606.25,0.3414,1,-0.1869,0
2022-12-08,sh.600015,4.40159112,4.44280452,4.39334844,4.43456184,4.40159112,33715189,181004712.93,0.2629,1,0.7491,0
2022-12-09,sh.600015,4.43456184,4.45928988,4.3686204,4.3686204,4.43456184,43243164,231160389.54,0.3372,1,-1.487,0
2022-12-12,sh.600015,4.39334844,4.40159112,4.327407,4.34389236,4.3686204,30291666,160466739.6,0.2362,1,-0.566,0
2022-12-13,sh.600015,4.36037772,4.39334844,4.34389236,4.37686308,4.34389236,20514621,108754851.52,0.16,1,0.759,0
2022-12-14,sh.600015,4.36037772,4.39334844,4.327407,4.37686308,4.37686308,20868910,110401499.38,0.1627,1,0.0,0
2022-12-15,sh.600015,4.3686204,4.3686204,4.31916432,4.31916432,4.37686308,20696609,108796746.28,0.1614,1,-1.3183,0
2022-12-16,sh.600015,4.31916432,4.37686308,4.31092164,4.3686204,4.31916432,22018658,116361111.36,0.1717,1,1.145,0
2022-12-19,sh.600015,4.36037772,4.38510576,4.2861936,4.30267896,4.3686204,22661722,118864127.63,0.1767,1,-1.5094,0
2022-12-20,sh.600015,4.29443628,4.31092164,4.2449802,4.26146556,4.30267896,21149005,109734754.85,0.1649,1,-0.9579,0
2022-12-21,sh.600015,4.26970824,4.30267896,4.2449802,4.26146556,4.26146556,14951195,77529969.94,0.1166,1,0.0,0
2022-12-22,sh.600015,4.2861936,4.31092164,4.2449802,4.26146556,4.26146556,14894854,77369912.34,0.1162,1,0.0,0
2022-12-23,sh.600015,4.25322288,4.26970824,4.22025216,4.22025216,4.26146556,12091950,62241438.31,0.0943,1,-0.9671,0
2022-12-26,sh.600015,4.22849484,4.23673752,4.2037668,4.22025216,4.22025216,12440052,63729733.65,0.097,1,0.0,0
2022-12-27,sh.600015,4.23673752,4.29443628,4.22849484,4.26970824,4.22025216,15067242,78135563.44,0.1175,1,1.1719,0
2022-12-28,sh.600015,4.26970824,4.31092164,4.25322288,4.26970824,4.26970824,17261858,89618957.72,0.1346,1,0.0,0
2022-12-29,sh.600015,4.27795092,4.27795092,4.21200948,4.26970824,4.26970824,19908784,102766989.82,0.1553,1,0.0,0
2022-12-30,sh.600015,4.27795092,4.29443628,4.26146556,4.27795092,4.26970824,12639305,65654052.36,0.0986,1,0.1931,0
2023-01-03,sh.600015,4.2861936,4.29443628,4.2449802,4.29443628,4.27795092,20770440,107883208.54,0.162,1,0.3854,0
2023-01-04,sh.600015,4.29443628,4.36037772,4.2861936,4.34389236,4.29443628,28831236,151629676.51,0.2248,1,1.1516,0
2023-01-05,sh.600015,4.35213504,4.3686204,4.327407,4.34389236,4.34389236,16800833,88555108.7,0.131,1,0.0,0
2023-01-06,sh.600015,4.33564968,4.36037772,4.31092164,4.327407,4.34389236,14222438,74701019.42,0.1109,1,-0.3795,0
2023-01-09,sh.600015,4.327407,4.39334844,4.31092164,4.35213504,4.327407,24729341,130532108.04,0.1929,1,0.5714,0
2023-01-10,sh.600015,4.35213504,4.35213504,4.29443628,4.29443628,4.35213504,13935261,73032083.03,0.1087,1,-1.3258,0
2023-01-11,sh.600015,4.30267896,4.31916432,4.2861936,4.30267896,4.29443628,16810087,87774625.07,0.1311,1,0.1919,0
2023-01-12,sh.600015,4.29443628,4.30267896,4.25322288,4.26146556,4.30267896,18981966,98296616.39,0.148,1,-0.9579,0
2023-01-13,sh.600015,4.26146556,4.31092164,4.25322288,4.30267896,4.26146556,24608696,127656301.74,0.1919,1,0.9671,0
2023-01-16,sh.600015,4.30267896,4.33564968,4.26970824,4.2861936,4.30267896,40394317,210670769.97,0.315,1,-0.3831,0
2023-01-17,sh.600015,4.2861936,4.2861936,4.23673752,4.26146556,4.2861936,29431441,151958099.15,0.2295,1,-0.5769,0
2023-01-18,sh.600015,4.25322288,4.327407,4.2449802,4.30267896,4.26146556,32613524,169671906.58,0.2543,1,0.9671,0
2023-01-19,sh.600015,4.2861936,4.30267896,4.27795092,4.29443628,4.30267896,17267842,89811900.49,0.1347,1,-0.1916,0
2023-01-20,sh.600015,4.29443628,4.31092164,4.2861936,4.31092164,4.29443628,18506244,96543780.47,0.1443,1,0.3839,0
2023-01-30,sh.600015,4.33564968,4.35213504,4.31092164,4.31916432,4.31092164,27834662,146100591.03,0.2171,1,0.1912,0
2023-01-31,sh.600015,4.31916432,4.327407,4.29443628,4.29443628,4.31916432,20718925,108357205.16,0.1616,1,-0.5725,0
2023-02-01,sh.600015,4.30267896,4.31092164,4.2861936,4.30267896,4.29443628,19148395,99845562.1,0.1493,1,0.1919,0
2023-02-02,sh.600015,4.31916432,4.31916432,4.27795092,4.27795092,4.30267896,22620279,117744903.03,0.1764,1,-0.5747,0
2023-02-03,sh.600015,4.27795092,4.2861936,4.2449802,4.25322288,4.27795092,30470143,157418646.37,0.2376,1,-0.578,0
2023-02-06,sh.600015,4.26146556,4.26146556,4.22849484,4.23673752,4.25322288,23297663,119893872.82,0.1817,1,-0.3876,0
2023-02-07,sh.600015,4.2449802,4.25322288,4.23673752,4.2449802,4.23673752,20557246,105770827.24,0.1603,1,0.1946,0
2023-02-08,sh.600015,4.2449802,4.25322288,4.22849484,4.22849484,4.2449802,13516549,69523400.59,0.1054,1,-0.3883,0
2023-02-09,sh.600015,4.22849484,4.25322288,4.22849484,4.25322288,4.22849484,18156935,93479650.49,0.1416,1,0.5848,0
2023-02-10,sh.600015,4.2449802,4.25322288,4.23673752,4.2449802,4.25322288,18155185,93486026.79,0.1416,1,-0.1938,0
2023-02-13,sh.600015,4.2449802,4.25322288,4.22849484,4.23673752,4.2449802,25952150,133425841.0,0.2024,1,-0.1942,0
2023-02-14,sh.600015,4.23673752,4.25322288,4.23673752,4.2449802,4.23673752,23470671,120821047.01,0.183,1,0.1946,0
2023-02-15,sh.600015,4.2449802,4.25322288,4.22849484,4.23673752,4.2449802,18693086,96163737.68,0.1458,1,-0.1942,0
2023-02-16,sh.600015,4.23673752,4.26970824,4.22025216,4.22849484,4.23673752,32238705,166172380.9,0.2514,1,-0.1946,0
2023-02-17,sh.600015,4.22849484,4.2449802,4.19552412,4.19552412,4.22849484,25413340,130122332.17,0.1982,1,-0.7797,0
2023-02-20,sh.600015,4.2037668,4.26970824,4.2037668,4.26970824,4.19552412,34181450,175891875.37,0.2666,1,1.7682,0
2023-02-21,sh.600015,4.27795092,4.29443628,4.26146556,4.29443628,4.26970824,27924868,145043747.65,0.2178,1,0.5792,0
2023-02-22,sh.600015,4.2861936,4.29443628,4.26970824,4.26970824,4.29443628,14623397,75907197.65,0.114,1,-0.5758,0
2023-02-23,sh.600015,4.27795092,4.29443628,4.26970824,4.27795092,4.26970824,22760678,118285601.1,0.1775,1,0.1931,0
2023-02-24,sh.600015,4.30267896,4.31916432,4.2861936,4.2861936,4.27795092,31908099,166598282.09,0.2488,1,0.1927,0
2023-02-27,sh.600015,4.2861936,4.30267896,4.26970824,4.26970824,4.2861936,21367252,111079624.36,0.1666,1,-0.3846,0
2023-02-28,sh.600015,4.27795092,4.30267896,4.26970824,4.30267896,4.26970824,22350419,116212020.14,0.1743,1,0.7722,0
2023-03-01,sh.600015,4.29443628,4.34389236,4.29443628,4.33564968,4.30267896,27686360,145259967.75,0.2159,1,0.7663,0
2023-03-02,sh.600015,4.33564968,4.36037772,4.327407,4.36037772,4.33564968,25083944,132291708.25,0.1956,1,0.5703,0
2023-03-03,sh.600015,4.36037772,4.42631916,4.34389236,4.41807648,4.36037772,42194628,224838399.04,0.3291,1,1.3233,0
2023-03-06,sh.600015,4.4098338,4.44280452,4.38510576,4.38510576,4.41807648,34732220,185833124.59,0.2709,1,-0.7463,0
2023-03-07,sh.600015,4.38510576,4.54171668,4.38510576,4.43456184,4.38510576,87568148,474981579.18,0.6829,1,1.1278,0
2023-03-08,sh.600015,4.4098338,4.43456184,4.39334844,4.42631916,4.43456184,30374661,162554335.24,0.2369,1,-0.1859,0
2023-03-09,sh.600015,4.41807648,4.46753256,4.4098338,4.41807648,4.42631916,27956152,150317585.87,0.218,1,-0.1862,0
2023-03-10,sh.600015,4.39334844,4.41807648,4.33564968,4.35213504,4.41807648,32857404,174253124.1,0.2562,1,-1.4925,0
2023-03-13,sh.600015,4.327407,4.37686308,4.31916432,4.3686204,4.35213504,29899174,157793952.84,0.2332,1,0.3788,0
2023-03-14,sh.600015,4.35213504,4.36037772,4.2861936,4.33564968,4.3686204,30213302,158775643.85,0.2356,1,-0.7547,0
2023-03-15,sh.600015,4.36037772,4.37686308,4.34389236,4.3686204,4.33564968,21662468,114631551.54,0.1689,1,0.7605,0
2023-03-16,sh.600015,4.35213504,4.43456184,4.33564968,4.39334844,4.3686204,40836559,218309043.55,0.3185,1,0.566,0
2023-03-17,sh.600015,4.4098338,4.4510472,4.39334844,4.40159112,4.39334844,33839859,181476853.31,0.2639,1,0.1876,0
2023-03-20,sh.600015,4.4098338,4.47577524,4.40159112,4.4098338,4.40159112,42476007,228615432.66,0.3313,1,0.1873,0
2023-03-21,sh.600015,4.41807648,4.45928988,4.39334844,4.4098338,4.4098338,30271807,162395211.94,0.2361,1,0.0,0
2023-03-22,sh.600015,4.41807648,4.45928988,4.40159112,4.45928988,4.4098338,28066923,151107181.96,0.2189,1,1.1215,0
2023-03-23,sh.600015,4.44280452,4.4922606,4.43456184,4.48401792,4.45928988,19826401,107415744.16,0.1546,1,0.5545,0
2023-03-24,sh.600015,4.48401792,4.4922606,4.4510472,4.4510472,4.48401792,28587226,155153562.77,0.2229,1,-0.7353,0
2023-03-27,sh.600015,4.45928988,4.47577524,4.41807648,4.42631916,4.4510472,30505381,164547745.06,0.2379,1,-0.5556,0
2023-03-28,sh.600015,4.43456184,4.48401792,4.42631916,4.45928988,4.42631916,20872999,112935099.52,0.1628,1,0.7449,0
2023-03-29,sh.600015,4.46753256,4.48401792,4.41807648,4.42631916,4.45928988,18944284,101950295.45,0.1477,1,-0.7394,0
2023-03-30,sh.600015,4.4510472,4.4922606,4.41807648,4.46753256,4.42631916,27043505,145983374.71,0.2109,1,0.9311,0
2023-03-31,sh.600015,4.4510472,4.48401792,4.42631916,4.43456184,4.46753256,24000127,129636836.68,0.1872,1,-0.738,0
2023-04-03,sh.600015,4.4510472,4.46753256,4.42631916,4.45928988,4.43456184,27736383,149732924.17,0.2163,1,0.5576,0
2023-04-04,sh.600015,4.4510472,4.50050328,4.43456184,4.4922606,4.45928988,31597108,171646015.25,0.2464,1,0.7394,0
2023-04-06,sh.600015,4.47577524,4.48401792,4.43456184,4.44280452,4.4922606,23673713,127875939.62,0.1846,1,-1.1009,0
2023-04-07,sh.600015,4.4510472,4.4510472,4.41807648,4.43456184,4.44280452,19267300,103655488.74,0.1503,1,-0.1855,0
2023-04-10,sh.600015,4.44280452,4.44280452,4.4098338,4.41807648,4.43456184,19493867,104582513.89,0.152,1,-0.3717,0
2023-04-11,sh.600015,4.41807648,4.43456184,4.39334844,4.42631916,4.41807648,20232454,108459697.25,0.1578,1,0.1866,0
2023-04-12,sh.600015,4.43456184,4.48401792,4.42631916,4.46753256,4.42631916,29532365,159979482.0,0.2303,1,0.9311,0
2023-04-13,sh.600015,4.46753256,4.50874596,4.45928988,4.48401792,4.46753256,27651611,150415282.54,0.2156,1,0.369,0
2023-04-14,sh.600015,4.50050328,4.51698864,4.47577524,4.4922606,4.48401792,20723777,112947691.28,0.1616,1,0.1838,0
2023-04-17,sh.600015,4.48401792,4.59941544,4.47577524,4.59941544,4.4922606,51469724,284371503.01,0.4014,1,2.3853,0
2023-04-18,sh.600015,4.59117276,4.6983276,4.5746874,4.67359956,4.59941544,68820614,389070680.65,0.5367,1,1.6129,0
2023-04-19,sh.600015,4.67359956,4.78899708,4.66535688,4.739541,4.67359956,75695366,434440077.48,0.5903,1,1.4109,0
2023-04-20,sh.600015,4.74778368,4.7807544,4.69008492,4.76426904,4.739541,48084103,276399848.43,0.375,1,0.5217,0
2023-04-21,sh.600015,4.75602636,4.8631812,4.73129832,4.75602636,4.76426904,65902180,383914710.28,0.5139,1,-0.173,0
2023-04-24,sh.600015,4.74778368,4.78899708,4.70657028,4.72305564,4.75602636,41737965,239936573.56,0.3255,1,-0.6932,0
2023-04-25,sh.600015,4.72305564,4.8631812,4.71481296,4.81372512,4.72305564,64857352,378698381.98,0.5058,1,1.9197,0
2023-04-26,sh.600015,4.80548244,4.81372512,4.70657028,4.77251172,4.81372512,48438549,280120642.71,0.3778,1,-0.8562,0
2023-04-27,sh.600015,4.7807544,4.78899708,4.72305564,4.7807544,4.77251172,44762664,258606106.03,0.3491,1,0.1727,0
2023-04-28,sh.600015,4.7807544,4.7807544,4.70657028,4.74778368,4.7807544,55750348,320725799.16,0.4348,1,-0.6897,0
2023-05-04,sh.600015,4.72305564,4.96209336,4.68184224,4.95385068,4.74778368,110525974,651750886.92,0.862,1,4.3403,0
2023-05-05,sh.600015,4.93736532,5.05276284,4.91263728,4.95385068,4.95385068,77214985,465972266.38,0.6022,1,0.0,0
2023-05-08,sh.600015,4.96209336,5.28355788,4.945608,5.1928884,4.95385068,143570704,897081468.0,1.1197,1,4.8253,0
2023-05-09,sh.600015,5.2341018,5.357742,5.18464572,5.20113108,5.1928884,142840924,913848443.77,1.114,1,0.1587,0
2023-05-10,sh.600015,5.1928884,5.20113108,4.9868214,5.01154944,5.20113108,87007786,535432259.68,0.6785,1,-3.645,0
2023-05-11,sh.600015,5.06100552,5.07749088,4.97857872,5.00330676,5.01154944,47808672,290943113.61,0.3728,1,-0.1645,0
2023-05-12,sh.600015,4.99506408,5.01979212,4.93736532,4.97033604,5.00330676,42408023,255723695.16,0.3307,1,-0.659,0
2023-05-15,sh.600015,4.95385068,5.0280348,4.85493852,5.00330676,4.97033604,57257650,341811564.08,0.4465,1,0.6633,0
2023-05-16,sh.600015,5.01154944,5.0692482,4.97033604,5.00330676,5.00330676,39138380,238361561.98,0.3052,1,0.0,0
2023-05-17,sh.600015,4.9868214,5.01979212,4.92087996,4.97033604,5.00330676,28969691,174777606.61,0.2259,1,-0.659,0
2023-05-18,sh.600015,5.01979212,5.26707252,5.00330676,5.17640304,4.97033604,128384701,805486491.26,1.0012,1,4.1459,0
2023-05-19,sh.600015,5.151675,5.15991768,4.97857872,5.00330676,5.17640304,75915735,463598537.67,0.592,1,-3.3439,0
2023-05-22,sh.600015,4.99506408,5.0280348,4.945608,4.97033604,5.00330676,43061265,260497425.84,0.3358,1,-0.659,0
2023-05-23,sh.600015,4.96209336,5.01154944,4.87966656,4.87966656,4.97033604,42044389,251470276.37,0.3279,1,-1.8242,0
2023-05-24,sh.600015,4.85493852,4.85493852,4.71481296,4.739541,4.87966656,51482539,298501464.81,0.4015,1,-2.8716,0
2023-05-25,sh.600015,4.72305564,4.74778368,4.66535688,4.73129832,4.739541,37418163,213814898.25,0.2918,1,-0.1739,0
2023-05-26,sh.600015,4.739541,4.78899708,4.69008492,4.739541,4.73129832,28518790,163860472.5,0.2224,1,0.1742,0
2023-05-29,sh.600015,4.739541,4.80548244,4.739541,4.77251172,4.739541,26180678,151441987.22,0.2042,1,0.6957,0
2023-05-30,sh.600015,4.77251172,4.81372512,4.73129832,4.7807544,4.77251172,23229944,134262599.68,0.1812,1,0.1727,0
2023-05-31,sh.600015,4.75602636,4.78899708,4.73129832,4.76426904,4.7807544,19461299,112315651.58,0.1518,1,-0.3448,0
2023-06-01,sh.600015,4.75602636,4.79723976,4.70657028,4.72305564,4.76426904,24117723,138821085.11,0.1881,1,-0.8651,0
2023-06-02,sh.600015,4.73129832,4.76426904,4.72305564,4.74778368,4.72305564,22422125,128995046.52,0.1749,1,0.5236,0
2023-06-05,sh.600015,4.74778368,4.87142388,4.739541,4.80548244,4.74778368,31953241,186254890.13,0.2492,1,1.2153,0
2023-06-06,sh.600015,4.80548244,4.87966656,4.78899708,4.80548244,4.80548244,35935986,210829033.07,0.2803,1,0.0,0
2023-06-07,sh.600015,4.81372512,4.87142388,4.80548244,4.8631812,4.80548244,21496529,126304612.12,0.1676,1,1.2007,0
2023-06-08,sh.600015,4.8631812,4.93736532,4.84669584,4.93736532,4.8631812,33562259,199614187.2,0.2617,1,1.5254,0
2023-06-09,sh.600015,4.92912264,4.95385068,4.91263728,4.92087996,4.93736532,27253589,163200986.43,0.2125,1,-0.3339,0
2023-06-12,sh.600015,4.91263728,4.92087996,4.8219678,4.83021048,4.92087996,30188179,177870359.79,0.2354,1,-1.8425,0
2023-06-13,sh.600015,4.84669584,4.88790924,4.83021048,4.88790924,4.83021048,25666203,151440389.21,0.2002,1,1.1945,0
2023-06-14,sh.600015,4.87966656,4.89615192,4.78899708,4.78899708,4.88790924,30660233,179703531.55,0.2391,1,-2.0236,0
2023-06-15,sh.600015,4.80548244,4.83021048,4.7807544,4.80548244,4.78899708,21166060,123267744.69,0.1651,1,0.3442,0
2023-06-16,sh.600015,4.81372512,4.83021048,4.78899708,4.81372512,4.80548244,24713007,144301087.0,0.1927,1,0.1715,0
2023-06-19,sh.600015,4.8219678,4.85493852,4.79723976,4.80548244,4.81372512,41979022,245921901.11,0.3274,1,-0.1712,0
2023-06-20,sh.600015,4.79723976,4.80548244,4.75602636,4.75602636,4.80548244,32708770,189605650.96,0.2551,1,-1.0292,0
2023-06-21,sh.600015,4.7736758,4.8354424,4.7472044,4.7472044,4.7560282,32402282,175744982.21,0.2527,1,-0.1855,0
2023-06-26,sh.600015,4.7383806,4.7472044,4.6501426,4.6677902,4.7472044,31621507,167822709.36,0.2466,1,-1.6729,0
2023-06-27,sh.600015,4.6677902,4.7472044,4.6589664,4.720733,4.6677902,17139616,91537487.62,0.1337,1,1.1342,0
2023-06-28,sh.600015,4.720733,4.764852,4.7119092,4.7383806,4.720733,14715101,78984819.16,0.1148,1,0.3738,0
2023-06-29,sh.600015,4.7383806,4.7913234,4.720733,4.764852,4.7383806,15142291,81670871.62,0.1181,1,0.5587,0
2023-06-30,sh.600015,4.764852,4.8001472,4.7560282,4.7736758,4.764852,13053648,70720894.83,0.1018,1,0.1852,0
2023-07-03,sh.600015,4.7824996,4.8442662,4.7736758,4.8354424,4.7736758,20447335,111435408.67,0.1595,1,1.2939,0
2023-07-04,sh.600015,4.8266186,4.8266186,4.7383806,4.764852,4.8354424,23706641,128178665.55,0.1849,1,-1.4599,0
2023-07-05,sh.600015,4.7736758,4.7736758,4.7295568,4.7560282,4.764852,14594518,78630760.41,0.1138,1,-0.1852,0
2023-07-06,sh.600015,4.7560282,4.764852,4.676614,4.6942616,4.7560282,23083627,123233756.56,0.18,1,-1.2987,0
2023-07-07,sh.600015,4.6854378,4.7560282,4.676614,4.7383806,4.6942616,17249815,92405434.17,0.1345,1,0.9398,0
2023-07-10,sh.600015,4.7560282,4.764852,4.720733,4.7295568,4.7383806,11246303,60421330.84,0.0877,1,-0.1862,0
2023-07-11,sh.600015,4.7472044,4.7824996,4.7383806,4.764852,4.7295568,13657456,73702078.47,0.1065,1,0.7463,0
2023-07-12,sh.600015,4.7736758,4.8001472,4.7472044,4.7560282,4.764852,12729464,68934474.58,0.0993,1,-0.1852,0
2023-07-13,sh.600015,4.7736758,4.8442662,4.764852,4.8442662,4.7560282,21674974,118255414.72,0.169,1,1.8553,0
2023-07-14,sh.600015,4.8442662,4.897209,4.8177948,4.8707376,4.8442662,15693326,86552551.47,0.1224,1,0.5464,0
2023-07-17,sh.600015,4.8619138,4.8707376,4.8177948,4.85309,4.8707376,11015425,60367571.84,0.0859,1,-0.3623,0
2023-07-18,sh.600015,4.85309,4.8707376,4.8177948,4.8266186,4.85309,11024936,60409626.71,0.086,1,-0.5455,0
2023-07-19,sh.600015,4.8266186,4.8883852,4.808971,4.8707376,4.8266186,14203444,78082559.75,0.1108,1,0.9141,0
2023-07-20,sh.600015,4.8883852,4.9148566,4.8619138,4.8707376,4.8707376,14115844,78256247.08,0.1101,1,0.0,0
2023-07-21,sh.600015,4.8795614,4.897209,4.8619138,4.8883852,4.8707376,12379902,68471031.38,0.0965,1,0.3623,0
2023-07-24,sh.600015,4.8707376,4.9060328,4.8619138,4.8883852,4.8883852,13683514,75787653.49,0.1067,1,0.0,0
2023-07-25,sh.600015,4.9060328,4.9589756,4.897209,4.9501518,4.8883852,25320688,141548556.49,0.1975,1,1.2635,0
2023-07-26,sh.600015,4.941328,4.9589756,4.9060328,4.9325042,4.9501518,20822483,116452626.65,0.1624,1,-0.3565,0
2023-07-27,sh.600015,4.941328,5.0119184,4.9325042,4.9589756,4.9325042,24494761,138199980.52,0.191,1,0.5367,0
2023-07-28,sh.600015,4.9677994,5.0913326,4.9501518,5.0913326,4.9589756,39303759,224632794.21,0.3065,1,2.669,0
2023-07-31,sh.600015,5.1001564,5.1530992,5.0648612,5.117804,5.0913326,40445006,234128623.59,0.3154,1,0.5199,0
2023-08-01,sh.600015,5.117804,5.1442754,5.073685,5.117804,5.117804,30869982,178795978.82,0.2407,1,0.0,0
2023-08-02,sh.600015,5.1001564,5.1266278,5.0383898,5.0560374,5.117804,30088485,172805848.58,0.2347,1,-1.2069,0
2023-08-03,sh.600015,5.0648612,5.117804,5.029566,5.1001564,5.0560374,27836271,160089774.2,0.2171,1,0.8726,0
2023-08-04,sh.600015,5.1266278,5.1707468,5.0913326,5.1089802,5.1001564,29708012,172743918.3,0.2317,1,0.173,0
2023-08-07,sh.600015,5.0913326,5.0913326,5.0207422,5.0472136,5.1089802,24100504,137823094.99,0.188,1,-1.209,0
2023-08-08,sh.600015,5.0472136,5.1001564,5.0207422,5.0560374,5.0472136,19967851,114500555.72,0.1557,1,0.1748,0
2023-08-09,sh.600015,5.0648612,5.0913326,5.0472136,5.0560374,5.0560374,17090660,98127433.1,0.1333,1,0.0,0
2023-08-10,sh.600015,5.0648612,5.0825088,5.0207422,5.073685,5.0560374,18232566,104399272.82,0.1422,1,0.349,0
2023-08-11,sh.600015,5.0648612,5.0825088,4.941328,4.941328,5.073685,26675094,151027247.52,0.208,1,-2.6087,0
2023-08-14,sh.600015,4.9236804,4.941328,4.8619138,4.9236804,4.941328,24440295,135983843.45,0.1906,1,-0.3571,0
2023-08-15,sh.600015,4.9236804,4.9942708,4.9148566,4.9766232,4.9236804,17333187,97368157.37,0.1352,1,1.0753,0
2023-08-16,sh.600015,4.9589756,5.0119184,4.9325042,4.985447,4.9766232,16552391,93393870.66,0.1291,1,0.1773,0
2023-08-17,sh.600015,4.9677994,4.9766232,4.8795614,4.9148566,4.985447,25920825,144561311.04,0.2021,1,-1.4159,0
2023-08-18,sh.600015,4.9148566,4.985447,4.9060328,4.9236804,4.9148566,20518917,115101159.25,0.16,1,0.1795,0
2023-08-21,sh.600015,4.941328,4.9589756,4.8619138,4.8707376,4.9236804,24708457,137382028.47,0.1927,1,-1.0753,0
2023-08-22,sh.600015,4.8795614,4.9325042,4.8707376,4.9236804,4.8707376,18481819,102681479.69,0.1441,1,1.087,0
2023-08-23,sh.600015,4.9236804,4.9677994,4.9060328,4.9148566,4.9236804,20338936,113826294.81,0.1586,1,-0.1792,0
2023-08-24,sh.600015,4.9148566,4.9325042,4.8619138,4.8619138,4.9148566,20192156,111728560.12,0.1575,1,-1.0772,0
2023-08-25,sh.600015,4.8619138,4.941328,4.85309,4.9236804,4.8619138,22339287,124407904.2,0.1742,1,1.2704,0
2023-08-28,sh.600015,5.161923,5.1883944,5.0825088,5.117804,4.9236804,103020370,599551221.07,0.8034,1,3.9427,0
2023-08-29,sh.600015,5.1001564,5.1266278,4.9677994,4.9766232,5.117804,67767857,384402679.41,0.5285,1,-2.7586,0
2023-08-30,sh.600015,4.9766232,4.985447,4.9325042,4.9501518,4.9766232,29304694,164440350.75,0.2285,1,-0.5319,0
2023-08-31,sh.600015,4.941328,4.985447,4.8883852,4.8883852,4.9501518,26133389,145995020.31,0.2038,1,-1.2478,0
2023-09-01,sh.600015,4.897209,4.9501518,4.8883852,4.9148566,4.8883852,19840340,110749577.83,0.1547,1,0.5415,0
2023-09-04,sh.600015,4.9325042,5.0030946,4.9236804,4.9766232,4.9148566,31773429,179250062.11,0.2478,1,1.2567,0
2023-09-05,sh.600015,4.9766232,4.9766232,4.9236804,4.941328,4.9766232,20566195,115137752.04,0.1604,1,-0.7092,0
2023-09-06,sh.600015,4.9325042,4.941328,4.8883852,4.9325042,4.941328,18902908,105362058.8,0.1474,1,-0.1786,0
2023-09-07,sh.600015,4.9236804,4.9589756,4.9060328,4.9060328,4.9325042,16236266,90679527.48,0.1266,1,-0.5367,0
2023-09-08,sh.600015,4.9060328,4.9236804,4.8883852,4.897209,4.9060328,11772367,65460920.6,0.0918,1,-0.1799,0
2023-09-11,sh.600015,4.9148566,4.9501518,4.897209,4.9325042,4.897209,19221200,107370725.43,0.1499,1,0.7207,0
2023-09-12,sh.600015,4.9236804,4.9501518,4.9060328,4.9148566,4.9325042,17715232,98850224.33,0.1382,1,-0.3578,0
2023-09-13,sh.600015,4.9236804,4.9325042,4.8883852,4.9236804,4.9148566,22439575,124972172.17,0.175,1,0.1795,0
2023-09-14,sh.600015,4.9236804,4.9677994,4.9060328,4.9589756,4.9236804,35841774,200858485.82,0.2795,1,0.7168,0
2023-09-15,sh.600015,4.9677994,5.029566,4.9501518,4.9677994,4.9589756,46030090,260117573.25,0.359,1,0.1779,0
2023-09-18,sh.600015,4.9677994,4.9677994,4.9060328,4.941328,4.9677994,24741723,138357224.41,0.193,1,-0.5329,0
2023-09-19,sh.600015,4.9325042,5.0119184,4.9236804,5.0030946,4.941328,39575283,223229320.87,0.3086,1,1.25,0
2023-09-20,sh.600015,5.0119184,5.029566,4.985447,5.0207422,5.0030946,26116693,148520761.79,0.2037,1,0.3527,0
2023-09-21,sh.600015,5.029566,5.0472136,4.985447,4.9942708,5.0207422,28549429,162248248.82,0.2226,1,-0.5272,0
2023-09-22,sh.600015,5.0030946,5.0207422,4.9677994,5.0119184,4.9942708,26578224,150465525.18,0.2073,1,0.3534,0
2023-09-25,sh.600015,5.0119184,5.0648612,4.9942708,5.0560374,5.0119184,37921253,216717067.84,0.2957,1,0.8803,0
2023-09-26,sh.600015,5.0560374,5.0913326,5.0472136,5.0825088,5.0560374,28457095,163551558.85,0.2219,1,0.5236,0
2023-09-27,sh.600015,5.0913326,5.1001564,5.029566,5.0472136,5.0825088,26597289,152488475.37,0.2074,1,-0.6944,0
2023-09-28,sh.600015,5.0560374,5.073685,5.0383898,5.0472136,5.0472136,22776551,130429332.91,0.1776,1,0.0,0
2023-10-09,sh.600015,5.0207422,5.0383898,4.9501518,5.0119184,5.0472136,29347698,166275227.82,0.2289,1,-0.6993,0
2023-10-10,sh.600015,4.9942708,5.0383898,4.985447,4.985447,5.0119184,23209033,131522369.13,0.181,1,-0.5282,0
2023-10-11,sh.600015,4.9942708,5.0030946,4.941328,4.9501518,4.985447,27785361,156566902.16,0.2167,1,-0.708,0
2023-10-12,sh.600015,5.0030946,5.0648612,4.9942708,5.0383898,4.9501518,34717190,198148252.63,0.2707,1,1.7825,0
2023-10-13,sh.600015,5.0207422,5.117804,5.0119184,5.073685,5.0383898,33954912,195374765.72,0.2648,1,0.7005,0
2023-10-16,sh.600015,5.0825088,5.0913326,5.029566,5.0825088,5.073685,20968458,120328848.16,0.1635,1,0.1739,0
2023-10-17,sh.600015,5.073685,5.117804,5.0648612,5.0913326,5.0825088,19480008,112454039.23,0.1519,1,0.1736,0
2023-10-18,sh.600015,5.0913326,5.1266278,5.0560374,5.0648612,5.0913326,24356329,140653661.02,0.1899,1,-0.5199,0
2023-10-19,sh.600015,5.0560374,5.073685,4.9148566,4.9589756,5.0648612,35824384,202618165.49,0.2794,1,-2.0906,0
2023-10-20,sh.600015,4.9589756,4.9942708,4.9236804,4.9501518,4.9589756,27251120,153045239.79,0.2125,1,-0.1779,0
2023-10-23,sh.600015,4.9501518,4.9766232,4.897209,4.9236804,4.9501518,22632109,126653359.23,0.1765,1,-0.5348,0
2023-10-24,sh.600015,4.9236804,4.941328,4.8619138,4.8707376,4.9236804,29817945,165221139.12,0.2325,1,-1.0753,0
2023-10-25,sh.600015,4.897209,4.941328,4.85309,4.9325042,4.8707376,29380335,163184176.2,0.2291,1,1.2681,0
2023-10-26,sh.600015,4.9148566,5.0207422,4.9060328,5.0119184,4.9325042,31158763,176111387.6,0.243,1,1.61,0
2023-10-27,sh.600015,5.0030946,5.0472136,4.9677994,4.985447,5.0119184,22590235,127977177.0,0.1762,1,-0.5282,0
2023-10-30,sh.600015,4.9942708,4.9942708,4.8883852,4.897209,4.985447,40046826,223566171.76,0.3123,1,-1.7699,0
2023-10-31,sh.600015,4.9060328,4.9501518,4.8883852,4.941328,4.897209,27297770,152368626.98,0.2129,1,0.9009,0
2023-11-01,sh.600015,4.9501518,4.985447,4.941328,4.9677994,4.941328,24574434,138249646.71,0.1916,1,0.5357,0
2023-11-02,sh.600015,4.9677994,5.0472136,4.9589756,5.0207422,4.9677994,29259680,166415389.6,0.2282,1,1.0657,0
2023-11-03,sh.600015,5.029566,5.0383898,4.9589756,4.9677994,5.0207422,26081494,147360074.02,0.2034,1,-1.0545,0
2023-11-06,sh.600015,4.985447,4.9942708,4.9148566,4.9325042,4.9677994,46595965,260985160.78,0.3634,1,-0.7105,0
2023-11-07,sh.600015,4.9236804,4.9501518,4.897209,4.9236804,4.9325042,26692250,148948250.78,0.2082,1,-0.1789,0
2023-11-08,sh.600015,4.9236804,4.941328,4.897209,4.9148566,4.9236804,22897113,127468225.15,0.1786,1,-0.1792,0
2023-11-09,sh.600015,4.9148566,4.9589756,4.897209,4.9325042,4.9148566,22713868,126958091.32,0.1771,1,0.3591,0
2023-11-10,sh.600015,4.9236804,4.941328,4.897209,4.9060328,4.9325042,16703911,92954603.23,0.1303,1,-0.5367,0
2023-11-13,sh.600015,4.9060328,4.9236804,4.85309,4.8795614,4.9060328,25607582,141381939.57,0.1997,1,-0.5396,0
2023-11-14,sh.600015,4.8795614,4.9325042,4.8795614,4.9236804,4.8795614,22472728,125230769.61,0.1753,1,0.9042,0
2023-11-15,sh.600015,4.9325042,4.9589756,4.9148566,4.9325042,4.9236804,17633500,98650214.8,0.1375,1,0.1792,0
2023-11-16,sh.600015,4.9325042,4.9677994,4.9148566,4.941328,4.9325042,19424800,108836848.4,0.1515,1,0.1789,0
2023-11-17,sh.600015,4.941328,4.941328,4.897209,4.9060328,4.941328,18001720,100284109.77,0.1404,1,-0.7143,0
2023-11-20,sh.600015,4.9236804,4.941328,4.897209,4.9325042,4.9060328,16874177,94208042.69,0.1316,1,0.5396,0
2023-11-21,sh.600015,4.9501518,5.0119184,4.9325042,4.9677994,4.9325042,32197757,181668501.07,0.2511,1,0.7156,0
2023-11-22,sh.600015,4.9766232,5.0472136,4.9677994,5.0030946,4.9677994,31715978,180316408.21,0.2473,1,0.7105,0
2023-11-23,sh.600015,5.0030946,5.0207422,4.9766232,4.9942708,5.0030946,17045939,96505606.72,0.1329,1,-0.1764,0
2023-11-24,sh.600015,4.9942708,5.0383898,4.985447,5.029566,4.9942708,22734405,129323457.05,0.1773,1,0.7067,0
2023-11-27,sh.600015,5.0383898,5.073685,5.0030946,5.0560374,5.029566,46001410,263253709.41,0.3588,1,0.5263,0
2023-11-28,sh.600015,5.0648612,5.0825088,5.029566,5.0648612,5.0560374,41007369,235409186.57,0.3198,1,0.1745,0
2023-11-29,sh.600015,5.073685,5.1530992,5.0560374,5.073685,5.0648612,40163763,232067499.76,0.3132,1,0.1742,0
2023-11-30,sh.600015,5.073685,5.1354516,5.0560374,5.117804,5.073685,35414137,205170894.05,0.2762,1,0.8696,0
2023-12-01,sh.600015,5.1266278,5.161923,5.1089802,5.1442754,5.117804,36908935,215160125.33,0.2878,1,0.5172,0
2023-12-04,sh.600015,5.1530992,5.2148658,5.1442754,5.1972182,5.1442754,39861516,234821063.59,0.3109,1,1.0292,0
2023-12-05,sh.600015,5.206042,5.206042,5.117804,5.1354516,5.1972182,36618260,214418792.08,0.2856,1,-1.1885,0
2023-12-06,sh.600015,5.1354516,5.161923,5.0648612,5.0825088,5.1354516,36205346,209262952.63,0.2824,1,-1.0309,0
2023-12-07,sh.600015,5.073685,5.161923,5.0383898,5.1442754,5.0825088,55089994,319470462.6,0.4296,1,1.2153,0
2023-12-08,sh.600015,5.1354516,5.1795706,5.0119184,5.0119184,5.1442754,78116130,452855141.55,0.6092,1,-2.5729,0
2023-12-11,sh.600015,5.0383898,5.1530992,4.9589756,5.1442754,5.0119184,65808656,378598977.77,0.5132,1,2.6408,0
2023-12-12,sh.600015,5.117804,5.1883944,5.073685,5.1354516,5.1442754,30421810,177257764.8,0.2372,1,-0.1715,0
2023-12-13,sh.600015,5.1354516,5.1795706,5.117804,5.1266278,5.1354516,20617746,120220874.03,0.1608,1,-0.1718,0
2023-12-14,sh.600015,5.1354516,5.1354516,5.0648612,5.0825088,5.1266278,20410393,117716491.47,0.1592,1,-0.8606,0
2023-12-15,sh.600015,5.0825088,5.1089802,5.029566,5.0383898,5.0825088,21241921,121947188.07,0.1657,1,-0.8681,0
2023-12-18,sh.600015,5.0383898,5.1266278,5.0119184,5.0913326,5.0383898,28122258,162499174.73,0.2193,1,1.0508,0
2023-12-19,sh.600015,5.0913326,5.1089802,5.0560374,5.1001564,5.0913326,22296338,128586733.28,0.1739,1,0.1733,0
2023-12-20,sh.600015,5.1001564,5.1266278,5.0648612,5.073685,5.1001564,18959348,109553977.48,0.1479,1,-0.519,0
2023-12-21,sh.600015,5.073685,5.073685,5.0207422,5.0560374,5.073685,35005537,200242935.58,0.273,1,-0.3478,0
2023-12-22,sh.600015,5.0648612,5.1001564,5.0383898,5.0648612,5.0560374,29579094,169949307.7,0.2307,1,0.1745,0
2023-12-25,sh.600015,5.0560374,5.073685,5.0207422,5.073685,5.0648612,25495870,145944900.44,0.1988,1,0.1742,0
2023-12-26,sh.600015,5.0648612,5.1001564,5.0472136,5.073685,5.073685,21835595,125647414.32,0.1703,1,0.0,0
2023-12-27,sh.600015,5.0560374,5.0825088,5.0383898,5.073685,5.073685,19974087,114554474.01,0.1558,1,0.0,0
2023-12-28,sh.600015,5.0648612,5.1001564,4.9942708,5.0030946,5.073685,59493232,338891452.89,0.464,1,-1.3913,0
2023-12-29,sh.600015,4.9942708,5.0030946,4.9501518,4.9589756,5.0030946,44788764,252179953.15,0.3493,1,-0.8818,0
2024-01-02,sh.600015,4.9677994,5.0648612,4.9589756,5.029566,4.9589756,54888898,312420943.84,0.4281,1,1.4235,0
2024-01-03,sh.600015,5.029566,5.1089802,5.0030946,5.0913326,5.029566,38851033,223176301.44,0.303,1,1.2281,0
2024-01-04,sh.600015,5.0913326,5.1530992,5.0825088,5.117804,5.0913326,34881171,202006631.97,0.272,1,0.5199,0
2024-01-05,sh.600015,5.117804,5.2766324,5.1001564,5.206042,5.117804,59722161,352315745.27,0.4658,1,1.7241,0
2024-01-08,sh.600015,5.206042,5.250161,5.161923,5.1972182,5.206042,38672832,227885000.3,0.2513,1,-0.1695,0
2024-01-09,sh.600015,5.1972182,5.2148658,5.1266278,5.1972182,5.1972182,34258358,201009621.95,0.2226,1,0.0,0
2024-01-10,sh.600015,5.1972182,5.2413372,5.1530992,5.1795706,5.1972182,27597441,162331685.96,0.1794,1,-0.3396,0
2024-01-11,sh.600015,5.1883944,5.1883944,5.1089802,5.117804,5.1795706,41021968,239068515.21,0.2666,1,-1.1925,0
2024-01-12,sh.600015,5.117804,5.1972182,5.1089802,5.1530992,5.117804,30962946,180893174.38,0.2012,1,0.6897,0
2024-01-15,sh.600015,5.161923,5.206042,5.1354516,5.1883944,5.1530992,29910312,175615747.48,0.1944,1,0.6849,0
2024-01-16,sh.600015,5.1883944,5.2589848,5.1707468,5.250161,5.1883944,49195924,291562521.05,0.3197,1,1.1905,0
2024-01-17,sh.600015,5.2589848,5.3031038,5.1972182,5.1972182,5.250161,35287599,210238875.2,0.2293,1,-1.0084,0
2024-01-18,sh.600015,5.206042,5.2236896,5.0207422,5.161923,5.1972182,55941355,323930816.48,0.3636,1,-0.6791,0
2024-01-19,sh.600015,5.1442754,5.1795706,5.0825088,5.117804,5.161923,34965691,203497800.8,0.2272,1,-0.8547,0
2024-01-22,sh.600015,5.117804,5.161923,5.0119184,5.0383898,5.117804,56056829,323970262.25,0.3643,1,-1.5517,0
2024-01-23,sh.600015,5.029566,5.0913326,4.9677994,5.073685,5.0383898,43589329,248889666.22,0.2833,1,0.7005,0
2024-01-24,sh.600015,5.0825088,5.206042,5.073685,5.1883944,5.073685,47067024,274301907.81,0.3059,1,2.2609,0
2024-01-25,sh.600015,5.1883944,5.2766324,5.1795706,5.2678086,5.1883944,45344043,268710884.66,0.2947,1,1.5306,0
2024-01-26,sh.600015,5.2678086,5.3736942,5.2589848,5.3560466,5.2678086,54679997,330766844.64,0.3554,1,1.675,0
2024-01-29,sh.600015,5.3736942,5.470756,5.3736942,5.4178132,5.3560466,57414308,353417297.94,0.3731,1,1.1532,0
2024-01-30,sh.600015,5.3913418,5.4619322,5.3472228,5.3736942,5.4178132,44418449,272172080.62,0.2887,1,-0.8143,0
2024-01-31,sh.600015,5.382518,5.4089894,5.3119276,5.3472228,5.3736942,44021584,267607122.28,0.2861,1,-0.4926,0
2024-02-01,sh.600015,5.3295752,5.3736942,5.29428,5.3207514,5.3472228,50819777,307362330.57,0.3303,1,-0.495,0
2024-02-02,sh.600015,5.3295752,5.4178132,5.2325134,5.3207514,5.3207514,61026422,370342488.01,0.3966,1,0.0,0
2024-02-05,sh.600015,5.3119276,5.4001656,5.2413372,5.3295752,5.3207514,83790891,505431723.06,0.5445,1,0.1658,0
2024-02-06,sh.600015,5.3031038,5.4089894,5.2854562,5.4001656,5.3295752,74055976,449221486.32,0.4813,1,1.3245,0
2024-02-07,sh.600015,5.4001656,5.4001656,5.2589848,5.3207514,5.4001656,84661276,509202507.91,0.5502,1,-1.4706,0
2024-02-08,sh.600015,5.3119276,5.3119276,5.1795706,5.2678086,5.3207514,76555823,453986151.17,0.4975,1,-0.995,0
2024-02-19,sh.600015,5.29428,5.426637,5.2589848,5.4178132,5.2678086,62724578,380197739.97,0.4076,1,2.8476,0
2024-02-20,sh.600015,5.4178132,5.4884036,5.3736942,5.470756,5.4178132,42872340,264528561.35,0.2786,1,0.9772,0
2024-02-21,sh.600015,5.4619322,5.6119368,5.4354608,5.5236988,5.470756,65051166,408762379.76,0.4228,1,0.9677,0
2024-02-22,sh.600015,5.5060512,5.5854654,5.5060512,5.5678178,5.5236988,41448401,260383294.26,0.2694,1,0.7987,0
2024-02-23,sh.600015,5.6119368,5.911946,5.6119368,5.7531176,5.5678178,89318019,585457642.06,0.5805,1,3.3281,0
2024-02-26,sh.600015,5.73547,5.7442938,5.5678178,5.5678178,5.7531176,69088291,441666128.72,0.449,1,-3.2209,0
2024-02-27,sh.600015,5.558994,5.6295844,5.5413464,5.5678178,5.5678178,44309217,279929713.63,0.288,1,0.0,0
2024-02-28,sh.600015,5.5501702,5.647232,5.5060512,5.6119368,5.5678178,55185399,349580390.67,0.3586,1,0.7924,0
2024-02-29,sh.600015,5.5766416,5.6119368,5.5325226,5.5942892,5.6119368,48346150,305622373.47,0.3142,1,-0.3145,0
2024-03-01,sh.600015,5.5766416,5.6119368,5.5678178,5.5942892,5.5942892,37194373,235688669.21,0.2417,1,0.0,0
2024-03-04,sh.600015,5.5854654,5.6119368,5.5413464,5.5766416,5.5942892,37367707,236301856.83,0.2428,1,-0.3155,0
2024-03-05,sh.600015,5.558994,5.6648796,5.558994,5.647232,5.5766416,43942790,280205975.85,0.2856,1,1.2658,0
2024-03-06,sh.600015,5.6560558,5.73547,5.5942892,5.6119368,5.647232,39640489,253821244.28,0.2576,1,-0.625,0
2024-03-07,sh.600015,5.603113,5.6737034,5.5942892,5.6295844,5.6119368,29662059,189413805.04,0.1928,1,0.3145,0
2024-03-08,sh.600015,5.6295844,5.6737034,5.603113,5.6384082,5.6295844,26720196,170617823.62,0.1737,1,0.1567,0
2024-03-11,sh.600015,5.6384082,5.6648796,5.5766416,5.6119368,5.6384082,34253124,217398563.34,0.2226,1,-0.4695,0
2024-03-12,sh.600015,5.603113,5.603113,5.5236988,5.5325226,5.6119368,41484969,261177877.86,0.2696,1,-1.4151,0
2024-03-13,sh.600015,5.5236988,5.5325226,5.4619322,5.514875,5.5325226,28198251,175773308.09,0.1833,1,-0.319,0
2024-03-14,sh.600015,5.4972274,5.5501702,5.4884036,5.5060512,5.514875,22047792,138049216.15,0.1433,1,-0.16,0
2024-03-15,sh.600015,5.5413464,5.5678178,5.5236988,5.5501702,5.5060512,32639637,205157714.51,0.2121,1,0.8013,0
2024-03-18,sh.600015,5.5325226,5.5854654,5.5325226,5.5678178,5.5501702,27892150,175835807.85,0.1813,1,0.318,0
2024-03-19,sh.600015,5.5501702,5.5766416,5.5060512,5.514875,5.5678178,24674423,154803750.95,0.1604,1,-0.9509,0
2024-03-20,sh.600015,5.5060512,5.5766416,5.4795798,5.5413464,5.514875,24167313,151613010.63,0.1571,1,0.48,0
2024-03-21,sh.600015,5.5325226,5.5942892,5.5325226,5.5854654,5.5413464,28967517,182970614.18,0.1883,1,0.7962,0
2024-03-22,sh.600015,5.5854654,5.6119368,5.5325226,5.5766416,5.5854654,29295494,184925606.33,0.1904,1,-0.158,0
2024-03-25,sh.600015,5.5766416,5.6648796,5.558994,5.6295844,5.5766416,38555860,245735374.99,0.2506,1,0.9494,0
2024-03-26,sh.600015,5.6384082,5.73547,5.6295844,5.7178224,5.6295844,50653124,326762964.31,0.3292,1,1.5674,0
2024-03-27,sh.600015,5.7089986,5.779589,5.7001748,5.73547,5.7178224,40008927,260678714.73,0.26,1,0.3086,0
2024-03-28,sh.600015,5.73547,5.7442938,5.6737034,5.7089986,5.73547,42089105,271933510.17,0.2735,1,-0.4615,0
2024-03-29,sh.600015,5.691351,5.7531176,5.6825272,5.7178224,5.7089986,26061206,169151865.43,0.1694,1,0.1546,0
2024-04-01,sh.600015,5.7266462,5.7972366,5.7089986,5.7884128,5.7178224,39532416,258175879.96,0.2569,1,1.2346,0
2024-04-02,sh.600015,5.7972366,5.8325318,5.7707652,5.7884128,5.7884128,32038433,210386259.34,0.2082,1,0.0,0
2024-04-03,sh.600015,5.7884128,5.8148842,5.7266462,5.779589,5.7884128,24575078,160733320.11,0.1597,1,-0.1524,0
2024-04-08,sh.600015,5.7884128,5.8413556,5.7442938,5.8060604,5.779589,34159936,224928568.25,0.222,1,0.458,0
2024-04-09,sh.600015,5.8148842,5.8325318,5.7619414,5.7707652,5.8060604,27436622,179848063.21,0.1783,1,-0.6079,0
2024-04-10,sh.600015,5.7884128,5.8413556,5.7707652,5.8060604,5.7707652,36184779,238409669.49,0.2352,1,0.6116,0
2024-04-11,sh.600015,5.7972366,5.8413556,5.7178224,5.823708,5.8060604,28259110,185996353.72,0.1837,1,0.304,0
2024-04-12,sh.600015,5.8148842,5.8766508,5.7884128,5.8060604,5.823708,29767852,196496294.28,0.1935,1,-0.303,0
2024-04-15,sh.600015,5.8060604,5.8942984,5.779589,5.8766508,5.8060604,39255265,260613630.67,0.2551,1,1.2158,0
2024-04-16,sh.600015,5.8766508,5.911946,5.823708,5.8590032,5.8766508,46066320,306505446.09,0.2994,1,-0.3003,0
2024-04-17,sh.600015,5.8413556,5.9737126,5.7972366,5.9737126,5.8590032,56217674,376070957.04,0.3654,1,1.9578,0
2024-04-18,sh.600015,5.9737126,6.1237172,5.9648888,6.0266554,5.9737126,58145811,397959800.24,0.3779,1,0.8863,0
2024-04-19,sh.600015,6.0354792,6.0972458,6.000184,6.044303,6.0266554,36509092,250237710.01,0.2373,1,0.2928,0
2024-04-22,sh.600015,6.044303,6.1237172,5.956065,6.0090078,6.044303,42117144,287762507.92,0.2737,1,-0.5839,0
2024-04-23,sh.600015,6.000184,6.0707744,5.956065,5.9913602,6.0090078,34016974,231737140.01,0.2211,1,-0.2937,0
2024-04-24,sh.600015,5.9913602,6.0354792,5.9472412,6.0090078,5.9913602,29476039,199916307.2,0.1916,1,0.2946,0
2024-04-25,sh.600015,6.000184,6.0707744,5.9737126,6.0707744,6.0090078,32348711,220994219.54,0.2102,1,1.0279,0
2024-04-26,sh.600015,6.0707744,6.088422,5.9031222,5.956065,6.0707744,52912016,358456697.66,0.3439,1,-1.8895,0
2024-04-29,sh.600015,5.9472412,6.000184,5.9031222,5.9295936,5.956065,43088695,290720736.95,0.28,1,-0.4444,0
2024-04-30,sh.600015,5.9031222,5.9913602,5.8942984,5.9207698,5.9295936,44577362,299850008.22,0.2897,1,-0.1488,0
2024-05-06,sh.600015,5.9737126,5.9913602,5.8501794,5.8854746,5.9207698,61792661,413629638.53,0.4016,1,-0.5961,0
2024-05-07,sh.600015,5.8854746,5.8854746,5.823708,5.8501794,5.8854746,40104727,265853566.28,0.2606,1,-0.5997,0
2024-05-08,sh.600015,5.8501794,5.911946,5.8413556,5.8854746,5.8501794,36005932,240282730.45,0.234,1,0.6033,0
2024-05-09,sh.600015,5.867827,5.9295936,5.8590032,5.8854746,5.8854746,32097406,214331108.79,0.2086,1,0.0,0
2024-05-10,sh.600015,5.8942984,5.9472412,5.8854746,5.9207698,5.8854746,28905406,194101708.18,0.1879,1,0.5997,0
2024-05-13,sh.600015,5.9295936,6.0178316,5.8854746,6.0090078,5.9207698,47541845,321036489.44,0.309,1,1.4903,0
2024-05-14,sh.600015,6.000184,6.044303,5.9648888,5.9648888,6.0090078,32903757,223549801.31,0.2138,1,-0.7342,0
2024-05-15,sh.600015,5.9737126,5.9913602,5.9207698,5.956065,5.9648888,25848925,174632763.5,0.168,1,-0.1479,0
2024-05-16,sh.600015,5.956065,6.0707744,5.9472412,6.0354792,5.956065,35984265,245584004.26,0.2339,1,1.3333,0
2024-05-17,sh.600015,6.044303,6.1237172,6.0178316,6.1237172,6.0354792,39260128,270129441.26,0.2551,1,1.462,0
2024-05-20,sh.600015,6.1148934,6.1590124,6.0090078,6.0619506,6.1237172,43458780,299152968.43,0.2824,1,-1.0086,0
2024-05-21,sh.600015,6.0619506,6.1148934,6.044303,6.0972458,6.0619506,28627087,197378926.39,0.186,1,0.5822,0
2024-05-22,sh.600015,6.0972458,6.2119552,6.088422,6.17666,6.0972458,46457168,324833488.71,0.3019,1,1.3025,0
2024-05-23,sh.600015,6.17666,6.2119552,6.1237172,6.1413648,6.17666,30074010,209838931.63,0.1954,1,-0.5714,0
2024-05-24,sh.600015,6.132541,6.2384266,6.1237172,6.132541,6.1413648,33589946,235612424.43,0.2183,1,-0.1437,0
2024-05-27,sh.600015,6.132541,6.2119552,6.132541,6.2031314,6.132541,30527631,213879188.09,0.1984,1,1.1511,0
2024-05-28,sh.600015,6.2031314,6.2472504,6.1501886,6.1590124,6.2031314,26410143,184881507.73,0.1716,1,-0.7112,0
2024-05-29,sh.600015,6.1678362,6.2031314,6.0972458,6.1237172,6.1590124,33657533,234696869.51,0.2187,1,-0.5731,0
2024-05-30,sh.600015,6.1237172,6.1678362,6.0619506,6.0707744,6.1237172,29826514,206554048.34,0.1938,1,-0.8646,0
2024-05-31,sh.600015,6.088422,6.1237172,6.044303,6.0795982,6.0707744,40057427,276278934.05,0.2603,1,0.1453,0
2024-06-03,sh.600015,6.0795982,6.0795982,5.9648888,6.0090078,6.0795982,38676105,263602500.8,0.2514,1,-1.1611,0
2024-06-04,sh.600015,6.000184,6.0707744,5.9825364,6.044303,6.0090078,28253469,193353869.59,0.1836,1,0.5874,0
2024-06-05,sh.600015,6.0619506,6.0707744,5.956065,5.9737126,6.044303,29154219,197901196.01,0.1895,1,-1.1679,0
2024-06-06,sh.600015,5.9648888,6.000184,5.9207698,5.9384174,5.9737126,29061140,196057839.72,0.1889,1,-0.5908,0
2024-06-07,sh.600015,5.956065,6.000184,5.9384174,5.9913602,5.9384174,32500770,219921355.3,0.2112,1,0.8915,0
2024-06-11,sh.600015,6.000184,6.0178316,5.8942984,5.8942984,5.9913602,40226748,270005991.33,0.2614,1,-1.62,0
2024-06-12,sh.600015,5.8854746,5.8942984,5.7972366,5.8766508,5.8942984,43954636,291078017.65,0.2857,1,-0.2994,0
2024-06-13,sh.600015,5.8766508,5.8942984,5.8148842,5.823708,5.8766508,21622578,143432398.16,0.1405,1,-0.9009,0
2024-06-14,sh.600015,5.8325318,5.8942984,5.7972366,5.8590032,5.823708,29172803,193274722.96,0.1896,1,0.6061,0
2024-06-17,sh.600015,5.8501794,5.867827,5.7266462,5.7619414,5.8590032,41407727,271581431.04,0.2691,1,-1.6566,0
2024-06-18,sh.600015,5.7619414,5.8148842,5.7178224,5.8060604,5.7619414,26368677,172699064.33,0.1714,1,0.7657,0
2024-06-19,sh.600015,5.8060604,5.8854746,5.7884128,5.8590032,5.8060604,25345875,167950213.01,0.1647,1,0.9119,0
2024-06-20,sh.600015,5.8590032,5.8854746,5.8060604,5.823708,5.8590032,28649758,189430647.78,0.1862,1,-0.6024,0
2024-06-21,sh.600015,5.83306801,5.86115662,5.79561653,5.81434227,5.82370514,44268605,275455839.78,0.2877,1,-0.1608,0
2024-06-24,sh.600015,5.81434227,5.87988236,5.79561653,5.83306801,5.81434227,37329748,232843227.82,0.2426,1,0.3221,0
2024-06-25,sh.600015,5.83306801,5.93605958,5.83306801,5.90797097,5.83306801,32192172,203123209.7,0.2092,1,1.2841,0
2024-06-26,sh.600015,5.91733384,5.96414819,5.85179375,5.88924523,5.90797097,32334266,203790794.11,0.2101,1,-0.317,0
2024-06-27,sh.600015,5.86115662,5.98287393,5.86115662,5.94542245,5.88924523,36327439,230291746.55,0.2361,1,0.9539,0
2024-06-28,sh.600015,5.94542245,6.02032541,5.8986081,5.9922368,5.94542245,29968444,191421340.52,0.1948,1,0.7874,0
2024-07-01,sh.600015,6.00159967,6.05777689,5.9922368,6.03905115,5.9922368,35403863,228092705.44,0.2301,1,0.7813,0
2024-07-02,sh.600015,6.03905115,6.14204272,6.03905115,6.12331698,6.03905115,45954373,299455955.38,0.2987,1,1.3953,0
2024-07-03,sh.600015,6.12331698,6.17013133,6.07650263,6.12331698,6.12331698,34634154,226351862.84,0.2251,1,0.0,0
2024-07-04,sh.600015,6.11395411,6.17013133,6.10459124,6.14204272,6.12331698,32918640,215891194.91,0.2139,1,0.3058,0
2024-07-05,sh.600015,6.16076846,6.18885707,5.97351106,5.9922368,6.14204272,39192422,253313011.36,0.2547,1,-2.439,0
2024-07-08,sh.600015,5.9922368,6.06713976,5.92669671,5.97351106,5.9922368,36440922,233220551.87,0.2368,1,-0.3125,0
2024-07-09,sh.600015,5.97351106,6.01096254,5.8986081,5.9922368,5.97351106,32130795,204271669.81,0.2088,1,0.3135,0
2024-07-10,sh.600015,6.00159967,6.06713976,5.98287393,6.03905115,5.9922368,34206291,220409982.12,0.2223,1,0.7813,0
2024-07-11,sh.600015,6.07650263,6.07650263,5.95478532,5.97351106,6.03905115,32660872,209166162.5,0.2123,1,-1.0853,0
2024-07-12,sh.600015,5.96414819,6.10459124,5.96414819,6.09522837,5.97351106,44242439,286407514.31,0.2875,1,2.0376,0
2024-07-15,sh.600015,6.07650263,6.15140559,6.07650263,6.14204272,6.09522837,29449340,192484694.54,0.1914,1,0.768,0
2024-07-16,sh.600015,6.15140559,6.18885707,6.06713976,6.12331698,6.14204272,30027378,196321980.84,0.1951,1,-0.3049,0
2024-07-17,sh.600015,6.11395411,6.16076846,6.09522837,6.14204272,6.12331698,28770006,188374156.52,0.187,1,0.3058,0
2024-07-18,sh.600015,6.14204272,6.15140559,6.06713976,6.11395411,6.14204272,26747079,174358103.52,0.1738,1,-0.4573,0
2024-07-19,sh.600015,6.09522837,6.11395411,6.02968828,6.09522837,6.11395411,31541939,204420519.07,0.205,1,-0.3063,0
2024-07-22,sh.600015,6.0858655,6.09522837,5.94542245,5.97351106,6.09522837,40019229,255811513.12,0.2601,1,-1.9969,0
2024-07-23,sh.600015,5.97351106,6.05777689,5.94542245,5.95478532,5.97351106,42199209,271046256.4,0.2742,1,-0.3135,0
2024-07-24,sh.600015,5.97351106,6.00159967,5.90797097,5.96414819,5.95478532,29732250,189411431.46,0.1932,1,0.1572,0
2024-07-25,sh.600015,5.96414819,5.97351106,5.81434227,5.85179375,5.96414819,37005412,231777861.76,0.2405,1,-1.8838,0
2024-07-26,sh.600015,5.85179375,5.87988236,5.73943931,5.77689079,5.85179375,35045619,216623810.91,0.2278,1,-1.28,0
2024-07-29,sh.600015,5.79561653,5.92669671,5.73943931,5.90797097,5.77689079,37662786,235815009.02,0.2448,1,2.269,0
2024-07-30,sh.600015,5.90797097,5.93605958,5.83306801,5.87051949,5.90797097,29598056,185927643.51,0.1924,1,-0.6339,0
2024-07-31,sh.600015,5.88924523,5.94542245,5.83306801,5.87988236,5.87051949,39037652,244818820.29,0.2537,1,0.1595,0
2024-08-01,sh.600015,5.88924523,5.95478532,5.83306801,5.90797097,5.87988236,35505606,223802585.73,0.2307,1,0.4777,0
2024-08-02,sh.600015,5.88924523,5.90797097,5.86115662,5.86115662,5.90797097,21545144,135345760.56,0.14,1,-0.7924,0
2024-08-05,sh.600015,5.85179375,5.87988236,5.76752792,5.78625366,5.86115662,33816681,210319988.4,0.2198,1,-1.278,0
2024-08-06,sh.600015,5.81434227,5.83306801,5.73943931,5.76752792,5.78625366,30243596,186393049.9,0.1966,1,-0.3236,0
2024-08-07,sh.600015,5.75816505,5.83306801,5.74880218,5.76752792,5.76752792,32437629,200875401.72,0.2108,1,0.0,0
2024-08-08,sh.600015,5.76752792,5.79561653,5.75816505,5.77689079,5.76752792,20816858,128489407.44,0.1353,1,0.1623,0
2024-08-09,sh.600015,5.78625366,5.84243088,5.75816505,5.78625366,5.77689079,22860285,141797079.39,0.1486,1,0.1621,0
2024-08-12,sh.600015,5.77689079,5.79561653,5.73007644,5.73943931,5.78625366,23335924,143359114.71,0.1517,1,-0.8091,0
2024-08-13,sh.600015,5.73943931,5.81434227,5.73007644,5.77689079,5.73943931,30921198,190804424.85,0.201,1,0.6525,0
2024-08-14,sh.600015,5.78625366,5.84243088,5.72071357,5.73943931,5.77689079,33966331,208994087.88,0.2207,1,-0.6483,0
2024-08-15,sh.600015,5.73943931,5.86115662,5.72071357,5.84243088,5.73943931,40583316,251527059.84,0.2637,1,1.7945,0
2024-08-16,sh.600015,5.85179375,5.93605958,5.84243088,5.8986081,5.84243088,37200407,234270391.51,0.2418,1,0.9615,0
2024-08-19,sh.600015,5.8986081,6.04841402,5.88924523,6.04841402,5.8986081,41403866,264887025.45,0.2691,1,2.5397,0
2024-08-20,sh.600015,6.05777689,6.06713976,6.01096254,6.05777689,6.04841402,32818335,211649121.23,0.2133,1,0.1548,0
2024-08-21,sh.600015,6.03905115,6.0858655,5.97351106,6.00159967,6.05777689,27246549,175348910.35,0.1771,1,-0.9274,0
2024-08-22,sh.600015,6.02032541,6.0858655,6.00159967,6.02968828,6.00159967,31561238,203875715.45,0.2051,1,0.468,0
2024-08-23,sh.600015,6.03905115,6.05777689,5.95478532,6.00159967,6.02968828,28256873,181087071.13,0.1836,1,-0.4658,0
2024-08-26,sh.600015,6.01096254,6.02968828,5.93605958,5.9922368,6.00159967,27676769,176740092.74,0.1799,1,-0.156,0
2024-08-27,sh.600015,6.00159967,6.05777689,5.94542245,6.00159967,5.9922368,28435912,182440509.96,0.1848,1,0.1563,0
2024-08-28,sh.600015,5.9922368,6.00159967,5.90797097,5.92669671,6.00159967,29035266,184407884.96,0.1887,1,-1.248,0
2024-08-29,sh.600015,5.93605958,5.94542245,5.72071357,5.73007644,5.92669671,49134461,303366898.01,0.3193,1,-3.3175,0
2024-08-30,sh.600015,5.72071357,5.75816505,5.63644774,5.63644774,5.73007644,59630798,362426959.61,0.3875,1,-1.634,0
2024-09-02,sh.600015,5.73943931,5.98287393,5.7113507,5.93605958,5.63644774,125639556,792385871.54,0.8165,1,5.3156,0
2024-09-03,sh.600015,5.94542245,5.98287393,5.79561653,5.87988236,5.93605958,63465602,397571355.17,0.4125,1,-0.9464,0
2024-09-04,sh.600015,5.87988236,6.02968828,5.87988236,6.02032541,5.87988236,62254432,397761143.91,0.4046,1,2.3885,0
2024-09-05,sh.600015,6.02032541,6.05777689,5.9922368,6.05777689,6.02032541,46504440,299269416.43,0.3022,1,0.6221,0
2024-09-06,sh.600015,6.04841402,6.16076846,6.03905115,6.10459124,6.05777689,43010780,281268138.98,0.2795,1,0.7728,0
2024-09-09,sh.600015,6.11395411,6.17013133,6.02968828,6.10459124,6.10459124,61813307,403933616.12,0.4017,1,0.0,0
2024-09-10,sh.600015,6.10459124,6.14204272,6.03905115,6.13267985,6.10459124,46944999,306105017.89,0.3051,1,0.4601,0
2024-09-11,sh.600015,6.13267985,6.13267985,5.79561653,5.8049794,6.13267985,56439149,356562319.07,0.3668,1,-5.3435,0
2024-09-12,sh.600015,5.78625366,5.85179375,5.7113507,5.78625366,5.8049794,46053883,284762993.67,0.2993,1,-0.3226,0
2024-09-13,sh.600015,5.78625366,5.90797097,5.73007644,5.73943931,5.78625366,42987399,266809814.46,0.2794,1,-0.8091,0
2024-09-18,sh.600015,5.73007644,5.8049794,5.7113507,5.77689079,5.73943931,28079663,172894097.02,0.1825,1,0.6525,0
2024-09-19,sh.600015,5.78625366,5.8049794,5.68326209,5.77689079,5.77689079,40536612,248977192.59,0.2634,1,0.0,0
2024-09-20,sh.600015,5.76752792,5.84243088,5.73943931,5.79561653,5.77689079,40226647,249118369.57,0.2614,1,0.3241,0
2024-09-23,sh.600015,5.8049794,6.03905115,5.77689079,6.02032541,5.79561653,50723143,322324946.0,0.3296,1,3.8772,0
2024-09-24,sh.600015,6.02032541,6.28248577,6.01096254,6.28248577,6.02032541,85658640,565065015.49,0.5567,1,4.3546,0
2024-09-25,sh.600015,6.35738873,6.52592039,6.35738873,6.50719465,6.28248577,82876265,571928124.92,0.5386,1,3.5768,0
2024-09-26,sh.600015,6.47910604,6.73190353,6.46974317,6.72254066,6.50719465,79472596,560976324.38,0.5165,1,3.3094,0
2024-09-27,sh.600015,6.77871788,6.82553223,6.554009,6.63827483,6.72254066,56920791,404252251.37,0.3699,1,-1.2535,0
2024-09-30,sh.600015,6.66636344,7.05960398,6.61018622,6.95661241,6.63827483,132362500,962741503.55,0.8602,1,4.7955,0
2024-10-08,sh.600015,7.63073905,7.63073905,7.06896685,7.28431286,6.95661241,138711978,1084129754.21,0.9015,1,4.7106,0
2024-10-09,sh.600015,7.14386981,7.2094099,6.68508918,6.72254066,7.28431286,112214685,829688657.72,0.7293,1,-7.7121,0
2024-10-10,sh.600015,6.80680649,7.13450694,6.72254066,6.97533815,6.72254066,86526021,640438912.41,0.5623,1,3.7604,0
2024-10-11,sh.600015,6.97533815,7.05024111,6.73190353,6.8348951,6.97533815,61176808,449875280.03,0.3976,1,-2.0134,0
2024-10-14,sh.600015,6.89107232,7.06896685,6.88170945,6.98470102,6.8348951,69830177,519905288.84,0.4538,1,2.1918,0
2024-10-15,sh.600015,6.93788667,7.10641833,6.8348951,6.84425797,6.98470102,54682492,406895360.33,0.3554,1,-2.0107,0
2024-10-16,sh.600015,6.80680649,7.0221525,6.77871788,6.99406389,6.84425797,51954804,386199429.99,0.3376,1,2.1888,0
2024-10-17,sh.600015,6.98470102,7.07832972,6.88170945,6.89107232,6.99406389,44126259,328322789.65,0.2868,1,-1.4726,0
2024-10-18,sh.600015,6.91916093,6.98470102,6.73190353,6.90043519,6.89107232,51331051,376611884.01,0.3336,1,0.1359,0
2024-10-21,sh.600015,6.89107232,6.93788667,6.75999214,6.81616936,6.90043519,49126957,356799901.99,0.3193,1,-1.2212,0
2024-10-22,sh.600015,6.78808075,6.88170945,6.75062927,6.76935501,6.81616936,34453525,249555898.88,0.2239,1,-0.6868,0
2024-10-23,sh.600015,6.81616936,6.81616936,6.75062927,6.75999214,6.76935501,34891869,252514862.31,0.2268,1,-0.1383,0
2024-10-24,sh.600015,6.76935501,6.80680649,6.72254066,6.7412664,6.75999214,28804021,207859557.51,0.1872,1,-0.277,0
2024-10-25,sh.600015,6.75999214,6.75999214,6.67572631,6.69445205,6.7412664,31854724,228090934.71,0.207,1,-0.6944,0
2024-10-28,sh.600015,6.69445205,6.71317779,6.58209761,6.63827483,6.69445205,38952573,275564921.73,0.2531,1,-0.8392,0
2024-10-29,sh.600015,6.6476377,6.76935501,6.63827483,6.66636344,6.63827483,44186431,316055358.59,0.2872,1,0.4231,0
2024-10-30,sh.600015,6.66636344,6.69445205,6.554009,6.59146048,6.66636344,35456312,250020991.5,0.2304,1,-1.1236,0
2024-10-31,sh.600015,6.59146048,6.71317779,6.54464613,6.61954909,6.59146048,69756265,493246091.92,0.4533,1,0.4261,0
2024-11-01,sh.600015,6.6476377,6.7412664,6.61954909,6.69445205,6.61954909,57049732,407847830.05,0.3708,1,1.1315,0
2024-11-04,sh.600015,6.70381492,6.71317779,6.61954909,6.69445205,6.69445205,50138308,356560006.17,0.3258,1,0.0,0
2024-11-05,sh.600015,6.68508918,6.75062927,6.66636344,6.7412664,6.69445205,46142116,330897021.39,0.2999,1,0.6993,0
2024-11-06,sh.600015,6.72254066,6.76935501,6.6476377,6.66636344,6.7412664,45617595,326814025.59,0.2965,1,-1.1111,0
2024-11-07,sh.600015,6.67572631,6.82553223,6.65700057,6.81616936,6.66636344,57834771,415569855.42,0.3759,1,2.2472,0
2024-11-08,sh.600015,6.8348951,6.90979806,6.68508918,6.69445205,6.81616936,52409787,378410858.81,0.3406,1,-1.7857,0
2024-11-11,sh.600015,6.68508918,6.68508918,6.59146048,6.66636344,6.69445205,40606827,287575868.33,0.2639,1,-0.4196,0
2024-11-12,sh.600015,6.6476377,6.75062927,6.61954909,6.62891196,6.66636344,43517119,310357500.1,0.2828,1,-0.5618,0
2024-11-13,sh.600015,6.61954909,6.72254066,6.61954909,6.67572631,6.62891196,34383570,245184295.58,0.2235,1,0.7062,0
2024-11-14,sh.600015,6.68508918,6.72254066,6.61954909,6.62891196,6.67572631,39706317,283000041.36,0.258,1,-0.7013,0
2024-11-15,sh.600015,6.62891196,6.73190353,6.59146048,6.62891196,6.62891196,42791703,304546401.46,0.2781,1,0.0,0
2024-11-18,sh.600015,6.7412664,7.22813564,6.7412664,6.96597528,6.62891196,150357613,1124820549.35,0.9772,1,5.0847,0
2024-11-19,sh.600015,6.96597528,7.18132129,6.85362084,7.04087824,6.96597528,96083423,721885498.8,0.6244,1,1.0753,0
2024-11-20,sh.600015,7.00342676,7.08769259,6.94724954,6.98470102,7.04087824,52034302,388728223.26,0.3382,1,-0.7979,0
2024-11-21,sh.600015,6.98470102,7.0221525,6.89107232,6.94724954,6.98470102,38177360,282775713.07,0.2481,1,-0.5362,0
2024-11-22,sh.600015,6.94724954,6.98470102,6.72254066,6.72254066,6.94724954,52318122,381051857.71,0.34,1,-3.2345,0
2024-11-25,sh.600015,6.7412664,6.82553223,6.70381492,6.78808075,6.72254066,47997354,347546473.61,0.3119,1,0.9749,0
2024-11-26,sh.600015,6.75062927,6.80680649,6.71317779,6.78808075,6.78808075,27403155,197996829.76,0.1781,1,0.0,0
2024-11-27,sh.600015,6.77871788,6.93788667,6.71317779,6.93788667,6.78808075,52884493,386765719.82,0.3437,1,2.2069,0
2024-11-28,sh.600015,6.9285238,6.97533815,6.85362084,6.96597528,6.93788667,37711399,279551816.28,0.2451,1,0.4049,0
2024-11-29,sh.600015,6.99406389,7.31240147,6.96597528,7.08769259,6.96597528,78997520,604604221.98,0.5134,1,1.7473,0
2024-12-02,sh.600015,7.10641833,7.12514407,6.9285238,6.95661241,7.08769259,75853826,565559821.09,0.493,1,-1.8494,0
2024-12-03,sh.600015,6.95661241,7.17195842,6.94724954,7.17195842,6.95661241,70503036,533256044.37,0.4582,1,3.0956,0
2024-12-04,sh.600015,7.13450694,7.26558712,7.08769259,7.22813564,7.17195842,64634678,496628985.47,0.4201,1,0.7833,0
2024-12-05,sh.600015,7.2094099,7.24686138,7.16259555,7.18132129,7.22813564,38281408,294123867.5,0.2488,1,-0.6477,0
2024-12-06,sh.600015,7.2094099,7.34049008,7.17195842,7.28431286,7.18132129,54051865,420150871.09,0.3513,1,1.4342,0
2024-12-09,sh.600015,7.24686138,7.37794156,7.23749851,7.32176434,7.28431286,38019166,297269682.78,0.2471,1,0.5141,0
2024-12-10,sh.600015,7.41539304,7.44348165,7.21877277,7.32176434,7.32176434,66293611,517036692.25,0.4308,1,0.0,0
2024-12-11,sh.600015,7.3030386,7.34049008,7.17195842,7.22813564,7.32176434,56342840,435092985.1,0.3662,1,-1.2788,0
2024-12-12,sh.600015,7.20004703,7.29367573,7.20004703,7.26558712,7.22813564,39381302,305379046.74,0.2559,1,0.5181,0
2024-12-13,sh.600015,7.24686138,7.27494999,7.18132129,7.20004703,7.26558712,61251593,472752573.93,0.3981,1,-0.9021,0
2024-12-16,sh.600015,7.20004703,7.34049008,7.20004703,7.28431286,7.20004703,44309513,345111055.28,0.288,1,1.1704,0
2024-12-17,sh.600015,7.3030386,7.36857869,7.21877277,7.23749851,7.28431286,41190625,319481282.38,0.2677,1,-0.6427,0
2024-12-18,sh.600015,7.26558712,7.44348165,7.25622425,7.34985295,7.23749851,48448805,381273484.06,0.3149,1,1.5524,0
2024-12-19,sh.600015,7.32176434,7.37794156,7.23749851,7.28431286,7.34985295,36133259,281545044.61,0.2348,1,-0.8917,0
2024-12-20,sh.600015,7.27494999,7.35921582,7.23749851,7.25622425,7.28431286,29461349,229346990.96,0.1915,1,-0.3856,0
2024-12-23,sh.600015,7.25622425,7.42475591,7.25622425,7.34985295,7.25622425,40295335,317216470.63,0.2619,1,1.2903,0
2024-12-24,sh.600015,7.34985295,7.40603017,7.31240147,7.38730443,7.34985295,35288574,278027673.56,0.2293,1,0.5096,0
2024-12-25,sh.600015,7.38730443,7.49965887,7.37794156,7.47157026,7.38730443,36309157,288828140.85,0.236,1,1.1407,0
2024-12-26,sh.600015,7.47157026,7.48093313,7.36857869,7.46220739,7.47157026,31308029,248247261.41,0.2035,1,-0.1253,0
2024-12-27,sh.600015,7.43411878,7.490296,7.28431286,7.44348165,7.46220739,42640579,336622868.4,0.2771,1,-0.2509,0
2024-12-30,sh.600015,7.43411878,7.60265044,7.43411878,7.5839247,7.44348165,47993114,386941649.54,0.3119,1,1.8868,0
2024-12-31,sh.600015,7.5839247,7.69627914,7.490296,7.49965887,7.5839247,55653015,450588153.87,0.3617,1,-1.1111,0
2025-01-02,sh.600015,7.52774748,7.56519896,7.22813564,7.25622425,7.49965887,69362442,544040724.23,0.4508,1,-3.2459,0
2025-01-03,sh.600015,7.26558712,7.34049008,7.15323268,7.17195842,7.25622425,45681202,351972320.35,0.2969,1,-1.1613,0
2025-01-06,sh.600015,7.19068416,7.20004703,6.98470102,7.18132129,7.17195842,48771624,370425944.88,0.317,1,0.1305,0
2025-01-07,sh.600015,7.14386981,7.20004703,7.06896685,7.19068416,7.18132129,33987035,259523582.22,0.2209,1,0.1304,0
2025-01-08,sh.600015,7.18132129,7.24686138,7.12514407,7.19068416,7.19068416,38633454,296799617.2,0.2511,1,0.0,0
2025-01-09,sh.600015,7.17195842,7.18132129,7.04087824,7.07832972,7.19068416,38034994,288722615.55,0.2472,1,-1.5625,0
2025-01-10,sh.600015,7.07832972,7.13450694,6.96597528,7.00342676,7.07832972,34118304,256276080.61,0.2217,1,-1.0582,0
2025-01-13,sh.600015,6.96597528,6.98470102,6.8348951,6.95661241,7.00342676,35168796,260146596.17,0.2286,1,-0.6684,0
2025-01-14,sh.600015,6.96597528,7.06896685,6.90979806,7.05024111,6.95661241,29338845,219650546.07,0.1907,1,1.3459,0
2025-01-15,sh.600015,7.03151537,7.22813564,7.03151537,7.08769259,7.05024111,33453369,254706228.66,0.2174,1,0.5312,0
2025-01-16,sh.600015,7.15323268,7.2094099,7.07832972,7.14386981,7.08769259,27960074,213564439.13,0.1817,1,0.7926,0
2025-01-17,sh.600015,7.14386981,7.15323268,7.05024111,7.05960398,7.14386981,25783335,195098345.97,0.1676,1,-1.1796,0
2025-01-20,sh.600015,7.09705546,7.14386981,7.05024111,7.06896685,7.05960398,30179809,228564983.2,0.1961,1,0.1326,0
2025-01-21,sh.600015,7.09705546,7.10641833,7.01278963,7.05024111,7.06896685,23773979,179302761.71,0.1545,1,-0.2649,0
2025-01-22,sh.600015,7.06922305,7.07871194,6.9268897,6.96484526,7.05024527,26199580,192654143.75,0.1703,1,-1.2113,0
2025-01-23,sh.600015,6.99331193,7.16411195,6.99331193,7.13564528,6.96484526,43694807,327128133.08,0.284,1,2.4523,0
2025-01-24,sh.600015,7.01228971,7.09768972,6.85097858,7.05024527,7.13564528,56957581,419772594.46,0.3702,1,-1.1968,0
2025-01-27,sh.600015,7.05024527,7.26848974,7.04075638,7.2115564,7.05024527,46899125,355710553.54,0.3048,1,2.288,0
2025-02-05,sh.600015,7.2115564,7.23053418,7.01228971,7.03126749,7.2115564,50604948,377541350.37,0.3289,1,-2.5,0
2025-02-06,sh.600015,7.0217786,7.07871194,6.95535637,7.00280082,7.03126749,41635515,307224537.06,0.2706,1,-0.4049,0
2025-02-07,sh.600015,6.99331193,7.01228971,6.94586748,6.96484526,7.00280082,47571081,349969466.03,0.3092,1,-0.542,0
2025-02-10,sh.600015,6.96484526,7.03126749,6.9268897,6.95535637,6.96484526,42166910,310107051.4,0.274,1,-0.1362,0
2025-02-11,sh.600015,6.97433415,7.01228971,6.94586748,6.97433415,6.95535637,41477180,305052380.8,0.2696,1,0.2729,0
2025-02-12,sh.600015,6.97433415,6.98382304,6.90791192,6.98382304,6.97433415,38167982,279533622.14,0.248,1,0.1361,0
2025-02-13,sh.600015,6.97433415,7.0217786,6.97433415,6.97433415,6.98382304,35947554,264883365.7,0.2336,1,-0.1359,0
2025-02-14,sh.600015,6.97433415,6.99331193,6.89842303,6.96484526,6.97433415,35278004,258029490.82,0.2293,1,-0.1361,0
2025-02-17,sh.600015,6.96484526,6.98382304,6.91740081,6.96484526,6.96484526,34318972,251144692.27,0.223,1,0.0,0
2025-02-18,sh.600015,6.94586748,7.05973416,6.93637859,7.01228971,6.96484526,72374946,534828436.83,0.4704,1,0.6812,0
2025-02-19,sh.600015,6.98382304,7.05024527,6.95535637,6.98382304,7.01228971,48404803,356788113.91,0.3146,1,-0.406,0
2025-02-20,sh.600015,6.97433415,6.99331193,6.93637859,6.94586748,6.98382304,35516700,260502007.74,0.2308,1,-0.5435,0
2025-02-21,sh.600015,6.93637859,6.96484526,6.85097858,6.86995636,6.94586748,52257418,379147637.27,0.3396,1,-1.0929,0
2025-02-24,sh.600015,6.85097858,6.88893414,6.81302302,6.82251191,6.86995636,36757753,264916559.37,0.2389,1,-0.6906,0
2025-02-25,sh.600015,6.81302302,6.84148969,6.78455635,6.79404524,6.82251191,25849331,185597642.18,0.168,1,-0.4172,0
2025-02-26,sh.600015,6.79404524,6.91740081,6.79404524,6.86046747,6.79404524,38742813,280521573.0,0.2518,1,0.9777,0
2025-02-27,sh.600015,6.85097858,6.91740081,6.82251191,6.91740081,6.86046747,41305216,299160291.68,0.2684,1,0.8299,0
2025-02-28,sh.600015,6.89842303,6.94586748,6.85097858,6.85097858,6.91740081,41575015,302251550.46,0.2702,1,-0.9602,0
2025-03-03,sh.600015,6.88893414,6.91740081,6.79404524,6.88893414,6.85097858,34038551,246048131.1,0.2212,1,0.554,0
2025-03-04,sh.600015,6.86995636,6.91740081,6.80353413,6.80353413,6.88893414,42537296,306969251.48,0.2764,1,-1.2397,0
2025-03-05,sh.600015,6.81302302,6.91740081,6.79404524,6.89842303,6.80353413,55280883,400178938.63,0.3593,1,1.3947,0
2025-03-06,sh.600015,6.88893414,6.90791192,6.8320008,6.85097858,6.89842303,42063127,303778746.35,0.2734,1,-0.6878,0
2025-03-07,sh.600015,6.84148969,6.86995636,6.81302302,6.81302302,6.85097858,40543046,291961434.57,0.2635,1,-0.554,0
2025-03-10,sh.600015,6.80353413,6.81302302,6.70864523,6.7371119,6.81302302,45644206,324646459.52,0.2966,1,-1.1142,0
2025-03-11,sh.600015,6.71813412,6.78455635,6.70864523,6.78455635,6.7371119,30623048,217666628.59,0.199,1,0.7042,0
2025-03-12,sh.600015,6.77506746,6.84148969,6.7371119,6.81302302,6.78455635,33875383,243034707.45,0.2202,1,0.4196,0
2025-03-13,sh.600015,6.81302302,6.89842303,6.79404524,6.85097858,6.81302302,48077168,347251543.99,0.3124,1,0.5571,0
2025-03-14,sh.600015,6.96484526,7.29695641,6.96484526,7.22104529,6.85097858,141453679,1071090371.54,0.9193,1,5.4017,0
2025-03-17,sh.600015,7.20206751,7.35388975,7.20206751,7.29695641,7.22104529,55506790,426282541.81,0.3607,1,1.0512,0
2025-03-18,sh.600015,7.3064453,7.31593419,7.2115564,7.23053418,7.29695641,36099651,275618761.83,0.2346,1,-0.9103,0
2025-03-19,sh.600015,7.23053418,7.26848974,7.17360084,7.26848974,7.23053418,35167892,267983959.77,0.2286,1,0.5249,0
2025-03-20,sh.600015,7.25900085,7.3064453,7.23053418,7.25900085,7.26848974,29691373,227048808.86,0.193,1,-0.1305,0
2025-03-21,sh.600015,7.24002307,7.28746752,7.09768972,7.13564528,7.25900085,52453243,396673064.95,0.3409,1,-1.6993,0
2025-03-24,sh.600015,7.12615639,7.24951196,7.1166675,7.2115564,7.13564528,50516758,382975668.84,0.3283,1,1.0638,0
2025-03-25,sh.600015,7.22104529,7.29695641,7.2115564,7.27797863,7.2115564,37348472,285810780.7,0.2427,1,0.9211,0
2025-03-26,sh.600015,7.27797863,7.29695641,7.2115564,7.24002307,7.27797863,33806799,258073380.79,0.2197,1,-0.5215,0
2025-03-27,sh.600015,7.23053418,7.28746752,7.23053418,7.25900085,7.24002307,26951277,206284750.78,0.1752,1,0.2621,0
2025-03-28,sh.600015,7.26848974,7.35388975,7.23053418,7.34440086,7.25900085,51299179,394910747.67,0.3334,1,1.1765,0
2025-03-31,sh.600015,7.35388975,7.48673421,7.28746752,7.42980087,7.34440086,56725173,443796212.08,0.3687,1,1.1628,0
2025-04-01,sh.600015,7.4013342,7.48673421,7.35388975,7.42980087,7.42980087,39437454,308137574.99,0.2563,1,0.0,0
2025-04-02,sh.600015,7.42980087,7.54366755,7.42980087,7.52468977,7.42980087,44913118,355405644.02,0.2919,1,1.2771,0
2025-04-03,sh.600015,7.4962231,7.54366755,7.45826754,7.52468977,7.52468977,29946645,236774880.23,0.1946,1,0.0,0
2025-04-07,sh.600015,7.25900085,7.35388975,6.86046747,7.03126749,7.52468977,112950376,844816617.82,0.7341,1,-6.5574,0
2025-04-08,sh.600015,7.05973416,7.20206751,7.0217786,7.16411195,7.03126749,83098475,624029535.75,0.54,1,1.8893,0
2025-04-09,sh.600015,7.14513417,7.19257862,7.01228971,7.15462306,7.16411195,69660963,520317174.81,0.4527,1,-0.1325,0
2025-04-10,sh.600015,7.22104529,7.23053418,7.12615639,7.18308973,7.15462306,51437222,389184499.38,0.3343,1,0.3979,0
2025-04-11,sh.600015,7.17360084,7.20206751,7.1166675,7.18308973,7.18308973,38227629,288830814.47,0.2484,1,0.0,0
2025-04-14,sh.600015,7.20206751,7.29695641,7.19257862,7.26848974,7.18308973,38970815,298348058.32,0.2533,1,1.1889,0
2025-04-15,sh.600015,7.27797863,7.44877865,7.25900085,7.42980087,7.26848974,41118050,319284504.8,0.2672,1,2.2193,0
2025-04-16,sh.600015,7.43928976,7.55315644,7.4013342,7.55315644,7.42980087,49891320,392696490.97,0.3242,1,1.6603,0
2025-04-17,sh.600015,7.53417866,7.54366755,7.39184531,7.52468977,7.55315644,44181543,348559166.64,0.2871,1,-0.3769,0
2025-04-18,sh.600015,7.45826754,7.58162311,7.44877865,7.56264533,7.52468977,48782838,387277954.1,0.317,1,0.5044,0
2025-04-21,sh.600015,7.55315644,7.67651201,7.45826754,7.47724532,7.56264533,48383579,385575568.29,0.3144,1,-1.1292,0
2025-04-22,sh.600015,7.48673421,7.591112,7.47724532,7.55315644,7.47724532,32692264,260105634.85,0.2125,1,1.0152,0
2025-04-23,sh.600015,7.57213422,7.58162311,7.45826754,7.45826754,7.55315644,36440521,288216779.33,0.2368,1,-1.2563,0
2025-04-24,sh.600015,7.45826754,7.61008978,7.45826754,7.591112,7.45826754,42570785,339413078.2,0.2767,1,1.7812,0
2025-04-25,sh.600015,7.60060089,7.63855645,7.50571199,7.57213422,7.591112,35043867,278964358.35,0.2277,1,-0.25,0
2025-04-28,sh.600015,7.56264533,7.66702312,7.55315644,7.63855645,7.57213422,36768770,295703460.12,0.239,1,0.8772,0
2025-04-29,sh.600015,7.62906756,7.64804534,7.53417866,7.54366755,7.63855645,36652323,292530823.64,0.2382,1,-1.2422,0
2025-04-30,sh.600015,7.14513417,7.19257862,6.86046747,6.89842303,7.54366755,239682610,1753716106.29,1.5577,1,-8.5535,0
2025-05-06,sh.600015,6.88893414,6.89842303,6.80353413,6.8320008,6.89842303,128787812,926798294.12,0.837,1,-0.9629,0
2025-05-07,sh.600015,6.86995636,6.89842303,6.8320008,6.87944525,6.8320008,86927829,629342158.53,0.5649,1,0.6944,0
2025-05-08,sh.600015,6.86995636,6.91740081,6.85097858,6.90791192,6.87944525,84164930,611369336.27,0.547,1,0.4138,0
2025-05-09,sh.600015,6.91740081,7.01228971,6.91740081,6.95535637,6.90791192,89409535,656440448.02,0.5811,1,0.6868,0
2025-05-12,sh.600015,6.95535637,7.05973416,6.94586748,6.99331193,6.95535637,86983110,642001329.91,0.5653,1,0.5457,0
2025-05-13,sh.600015,7.01228971,7.1166675,6.97433415,7.10717861,6.99331193,90676933,675002342.1,0.5893,1,1.6282,0
2025-05-14,sh.600015,7.09768972,7.3064453,7.05973416,7.29695641,7.10717861,101947411,773376440.31,0.6625,1,2.6702,0
2025-05-15,sh.600015,7.27797863,7.37286753,7.20206751,7.22104529,7.29695641,66185961,507683108.63,0.4301,1,-1.0403,0
2025-05-16,sh.600015,7.22104529,7.24951196,7.07871194,7.1166675,7.22104529,64491273,484890061.7,0.4191,1,-1.4455,0
2025-05-19,sh.600015,7.12615639,7.18308973,7.07871194,7.08820083,7.1166675,49030358,368150458.56,0.3186,1,-0.4,0
2025-05-20,sh.600015,7.10717861,7.15462306,7.06922305,7.09768972,7.08820083,51269075,384018033.54,0.3332,1,0.1339,0
2025-05-21,sh.600015,7.10717861,7.19257862,7.08820083,7.16411195,7.09768972,53741589,404954119.08,0.3493,1,0.9358,0
2025-05-22,sh.600015,7.15462306,7.22104529,7.12615639,7.2115564,7.16411195,49662085,376404752.63,0.3227,1,0.6623,0
2025-05-23,sh.600015,7.2115564,7.27797863,7.10717861,7.10717861,7.2115564,61173579,462973124.57,0.3976,1,-1.4474,0
2025-05-26,sh.600015,7.09768972,7.14513417,7.05024527,7.06922305,7.10717861,47271441,352993364.96,0.3072,1,-0.534,0
2025-05-27,sh.600015,7.07871194,7.1166675,7.05973416,7.07871194,7.06922305,45327752,338706605.35,0.2946,1,0.1342,0
2025-05-28,sh.600015,7.09768972,7.1166675,6.99331193,7.05973416,7.07871194,49402799,367512060.98,0.3211,1,-0.2681,0
2025-05-29,sh.600015,7.05973416,7.09768972,7.03126749,7.07871194,7.05973416,35541662,264590544.23,0.231,1,0.2688,0
2025-05-30,sh.600015,7.07871194,7.15462306,7.06922305,7.14513417,7.07871194,56944716,427473243.16,0.3701,1,0.9383,0
2025-06-03,sh.600015,7.12615639,7.35388975,7.1166675,7.32542308,7.14513417,93778821,718427500.91,0.6095,1,2.5232,0
2025-06-04,sh.600015,7.32542308,7.37286753,7.26848974,7.31593419,7.32542308,45002512,346849642.9,0.2925,1,-0.1295,0
2025-06-05,sh.600015,7.31593419,7.37286753,7.22104529,7.24002307,7.31593419,52153284,399654944.92,0.3389,1,-1.0376,0
2025-06-06,sh.600015,7.25900085,7.32542308,7.23053418,7.26848974,7.24002307,33651081,257880328.7,0.2187,1,0.3932,0
2025-06-09,sh.600015,7.27797863,7.29695641,7.2115564,7.29695641,7.26848974,44622890,341615402.41,0.29,1,0.3916,0
2025-06-10,sh.600015,7.28746752,7.50571199,7.28746752,7.42031198,7.29695641,85528986,668370163.26,0.5558,1,1.6905,0
2025-06-11,sh.600015,7.42980087,7.47724532,7.38235642,7.4013342,7.42031198,38529349,301386987.84,0.2504,1,-0.2558,0
2025-06-12,sh.600015,7.41082309,7.45826754,7.37286753,7.43928976,7.4013342,39478285,308846208.21,0.2566,1,0.5128,0
2025-06-13,sh.600015,7.44877865,7.48673421,7.34440086,7.36337864,7.43928976,61056909,475897309.7,0.3968,1,-1.0204,0
2025-06-16,sh.600015,7.35388975,7.48673421,7.32542308,7.47724532,7.36337864,54296889,424299253.21,0.3529,1,1.5464,0
2025-06-17,sh.600015,7.47724532,7.56264533,7.47724532,7.53417866,7.47724532,53184298,421937750.21,0.3456,1,0.7614,0
2025-06-18,sh.600015,7.54366755,7.61008978,7.4962231,7.60060089,7.53417866,51346122,409558715.98,0.3337,1,0.8816,0
2025-06-19,sh.600015,7.61957867,7.64804534,7.54366755,7.591112,7.60060089,41441560,331541925.8,0.2693,1,-0.1248,0
2025-06-20,sh.600015,7.591112,7.71446757,7.57213422,7.6860009,7.591112,57110286,461198300.9,0.3712,1,1.25,0
2025-06-23,sh.600015,7.6860009,7.94220093,7.66702312,7.90424537,7.6860009,91620886,755109682.18,0.5954,1,2.8395,0
2025-06-24,sh.600015,7.90424537,7.93271204,7.75242313,7.8757787,7.90424537,73145305,605230819.68,0.4754,1,-0.3601,0
2025-06-25,sh.600015,7.85680092,7.90424537,7.76191202,7.8757787,7.8757787,67073272,554778187.24,0.4359,1,0.0,0
2025-06-26,sh.600015,7.94468904,8.03329152,7.875776,7.99391264,7.875776,78836841,636986938.13,0.5124,1,1.5,0
2025-06-27,sh.600015,7.99391264,8.0726704,7.75763936,7.80686296,7.99391264,80791947,649480993.44,0.5251,1,-2.3399,0
2025-06-30,sh.600015,7.7773288,7.8265524,7.69857104,7.78717352,7.80686296,51594574,406052491.96,0.3353,1,-0.2522,0
2025-07-01,sh.600015,7.81670768,7.9249996,7.78717352,7.91515488,7.78717352,50264357,401682726.69,0.3267,1,1.6435,0
2025-07-02,sh.600015,7.91515488,8.08251512,7.89546544,8.04313624,7.91515488,57561634,468790008.12,0.3741,1,1.6169,0
2025-07-03,sh.600015,8.04313624,8.09235984,8.00375736,8.05298096,8.04313624,38338927,313576155.19,0.2492,1,0.1224,0
2025-07-04,sh.600015,8.05298096,8.24987536,8.05298096,8.24003064,8.05298096,66529676,553598453.51,0.4324,1,2.3227,0
2025-07-07,sh.600015,8.24987536,8.34832256,8.2203412,8.33847784,8.24003064,51641775,434461476.9,0.3356,1,1.1947,0
2025-07-08,sh.600015,8.33847784,8.368012,8.19080704,8.23018592,8.33847784,57873773,485042841.24,0.3761,1,-1.2987,0
2025-07-09,sh.600015,8.20065176,8.34832256,8.18096232,8.30894368,8.23018592,50932989,428744077.29,0.331,1,0.9569,0
2025-07-10,sh.600015,8.29909896,8.58459584,8.28925424,8.44676976,8.30894368,81316461,699127342.48,0.5285,1,1.6588,0
2025-07-11,sh.600015,8.47630392,8.53537224,8.21049648,8.2203412,8.44676976,96677933,819892202.28,0.6283,1,-2.6807,0
2025-07-14,sh.600015,8.24003064,8.44676976,8.2203412,8.33847784,8.2203412,79738199,677034123.04,0.5182,1,1.4371,0
2025-07-15,sh.600015,8.34832256,8.40739088,8.23018592,8.24003064,8.33847784,51362711,433717100.76,0.3338,1,-1.1806,0
2025-07-16,sh.600015,8.24987536,8.27940952,8.11204928,8.18096232,8.24003064,50135137,415871178.15,0.3258,1,-0.7168,0
2025-07-17,sh.600015,8.19080704,8.2203412,8.121894,8.1711176,8.18096232,33043870,274309374.98,0.2147,1,-0.1203,0
2025-07-18,sh.600015,8.18096232,8.2695648,8.15142816,8.20065176,8.1711176,34147399,285267544.53,0.2219,1,0.3614,0
2025-07-21,sh.600015,8.19080704,8.21049648,8.09235984,8.14158344,8.20065176,39804267,329361608.51,0.2587,1,-0.7203,0
2025-07-22,sh.600015,8.15142816,8.15142816,7.99391264,8.03329152,8.14158344,59578767,487110527.02,0.3872,1,-1.3301,0
2025-07-23,sh.600015,8.0234468,8.18096232,8.0234468,8.08251512,8.03329152,53032875,437533655.25,0.3447,1,0.6127,0
2025-07-24,sh.600015,8.09235984,8.09235984,7.95453376,7.96437848,8.08251512,62122654,504493769.59,0.4037,1,-1.4616,0
2025-07-25,sh.600015,7.96437848,8.03329152,7.95453376,7.96437848,7.96437848,41503944,336969794.62,0.2697,1,0.0,0
2025-07-28,sh.600015,7.9742232,8.06282568,7.96437848,8.00375736,7.96437848,40280827,328200157.47,0.2618,1,0.4944,0
2025-07-29,sh.600015,7.99391264,8.03329152,7.88562072,7.88562072,8.00375736,42569376,343372866.07,0.2767,1,-1.476,0
2025-07-30,sh.600015,7.89546544,7.99391264,7.875776,7.90531016,7.88562072,45101071,363242440.5,0.2931,1,0.2497,0
2025-07-31,sh.600015,7.90531016,7.93484432,7.78717352,7.8265524,7.90531016,52780545,419725308.61,0.343,1,-0.9963,0
2025-08-01,sh.600015,7.83639712,7.88562072,7.70841576,7.80686296,7.8265524,38430466,304190770.39,0.2498,1,-0.2516,0
2025-08-04,sh.600015,7.7773288,7.88562072,7.76748408,7.79701824,7.80686296,35961340,285931888.59,0.2337,1,-0.1261,0
2025-08-05,sh.600015,7.81670768,7.98406792,7.79701824,7.95453376,7.79701824,52719187,423824150.2,0.3426,1,2.0202,0
2025-08-06,sh.600015,7.9742232,8.0234468,7.93484432,7.95453376,7.95453376,37095860,300430232.85,0.2411,1,0.0,0
2025-08-07,sh.600015,7.95453376,8.0234468,7.90531016,8.00375736,7.95453376,34177272,277469164.88,0.2221,1,0.6188,0
2025-08-08,sh.600015,8.00375736,8.09235984,7.98406792,7.99391264,8.00375736,35990084,293662599.54,0.2339,1,-0.123,0
2025-08-11,sh.600015,7.99391264,8.00375736,7.875776,7.875776,7.99391264,45753736,367283374.38,0.2973,1,-1.4778,0
2025-08-12,sh.600015,7.875776,7.94468904,7.86593128,7.90531016,7.875776,29247012,235249078.98,0.1901,1,0.375,0
2025-08-13,sh.600015,7.93484432,7.95453376,7.84624184,7.85608656,7.90531016,33838627,271042966.99,0.2199,1,-0.6227,0
2025-08-14,sh.600015,7.875776,7.94468904,7.83639712,7.83639712,7.85608656,32142942,257513396.92,0.2089,1,-0.2506,0
2025-08-15,sh.600015,7.84624184,7.85608656,7.629658,7.70841576,7.83639712,64867551,507295419.83,0.4216,1,-1.6332,0
2025-08-18,sh.600015,7.6788816,7.7281052,7.63950272,7.6788816,7.70841576,44603599,347900911.22,0.2899,1,-0.3831,0
2025-08-19,sh.600015,7.66903688,7.70841576,7.63950272,7.66903688,7.6788816,47955863,373610027.12,0.3117,1,-0.1282,0
2025-08-20,sh.600015,7.65919216,7.73794992,7.63950272,7.69857104,7.66903688,43718236,342093198.44,0.2841,1,0.3851,0
2025-08-21,sh.600015,7.69857104,7.80686296,7.66903688,7.79701824,7.69857104,44482223,350835109.43,0.2891,1,1.2788,0
2025-08-22,sh.600015,7.80686296,7.80686296,7.66903688,7.73794992,7.79701824,47649601,372868719.19,0.3097,1,-0.7576,0
2025-08-25,sh.600015,7.73794992,7.875776,7.7281052,7.84624184,7.73794992,56086833,444188641.87,0.3645,1,1.3995,0
2025-08-26,sh.600015,7.83639712,7.84624184,7.7281052,7.74779464,7.84624184,42738495,337278945.35,0.2778,1,-1.2547,0
2025-08-27,sh.600015,7.73794992,7.74779464,7.5804344,7.59027912,7.74779464,59524562,462323935.22,0.3868,1,-2.033,0
2025-08-28,sh.600015,7.59027912,7.6788816,7.55090024,7.60012384,7.59027912,49671629,383679427.82,0.3228,1,0.1297,0
2025-08-29,sh.600015,7.65919216,7.85608656,7.44260832,7.45245304,7.60012384,194428892,1509260121.01,1.2636,1,-1.943,0
2025-09-01,sh.600015,7.46229776,7.5804344,7.30478224,7.30478224,7.45245304,117423647,884206390.34,0.7631,1,-1.9815,0
2025-09-02,sh.600015,7.31462696,7.38354,7.29493752,7.38354,7.30478224,81661612,609331231.02,0.5307,1,1.0782,0
2025-09-03,sh.600015,7.38354,7.42291888,7.30478224,7.34416112,7.38354,54482899,406837533.05,0.3541,1,-0.5333,0
2025-09-04,sh.600015,7.32447168,7.35400584,7.1866456,7.3343164,7.34416112,63724732,470968959.48,0.4141,1,-0.134,0
2025-09-05,sh.600015,7.31462696,7.32447168,7.1866456,7.22602448,7.3343164,68619172,503822209.48,0.4459,1,-1.4765,0
2025-09-08,sh.600015,7.19649032,7.26540336,7.12757728,7.15711144,7.22602448,86273898,628510838.61,0.5607,1,-0.9537,0
2025-09-09,sh.600015,7.14726672,7.17680088,7.11773256,7.16695616,7.15711144,49014287,355892873.68,0.3185,1,0.1376,0
2025-09-10,sh.600015,7.15711144,7.19649032,7.12757728,7.14726672,7.16695616,41877339,304317878.26,0.2722,1,-0.2747,0
2025-09-11,sh.600015,7.14726672,7.20633504,7.10788784,7.19649032,7.14726672,51660244,375454174.31,0.3357,1,0.6887,0
2025-09-12,sh.600015,7.1866456,7.20633504,7.04881952,7.05866424,7.19649032,102217404,737426059.91,0.6643,1,-1.9152,0
2025-09-15,sh.600015,7.04881952,7.10788784,6.93068288,6.99959592,7.05866424,95235107,678314775.75,0.6189,1,-0.8368,0
2025-09-16,sh.600015,6.99959592,7.04881952,6.85192512,6.87161456,6.99959592,136066647,957676499.7,0.8843,1,-1.8284,0
2025-09-17,sh.600015,6.87161456,6.891304,6.80270152,6.81254624,6.87161456,91623042,637069159.7,0.5954,1,-0.8596,0
2025-09-18,sh.600015,6.83223568,6.8420804,6.68456488,6.70425432,6.81254624,106036798,727805217.1,0.6891,1,-1.5896,0
2025-09-19,sh.600015,6.71409904,6.76332264,6.65503072,6.70425432,6.70425432,79422636,541164535.24,0.5162,1,0.0,0
2025-09-22,sh.600015,6.70425432,6.73378848,6.645186,6.66487544,6.70425432,49205981,333791370.74,0.3198,1,-0.5874,0
2025-09-23,sh.600015,6.68456488,6.75347792,6.62549656,6.73378848,6.66487544,112652936,766920433.36,0.7321,1,1.034,0
2025-09-24,sh.600015,6.7436332,6.7928568,6.68456488,6.6944096,6.73378848,91701611,626212145.13,0.596,1,-0.5848,0
2025-09-25,sh.600015,6.6944096,6.6944096,6.60580712,6.62549656,6.6944096,74080469,498878422.9,0.4814,1,-1.0294,0
2025-09-26,sh.600015,6.61565184,6.645186,6.5467388,6.62549656,6.62549656,59467631,398538717.96,0.3865,1,0.0,0
2025-09-29,sh.600015,6.62549656,6.63534128,6.53689408,6.56642824,6.62549656,88106997,588692017.31,0.5726,1,-0.8915,0
2025-09-30,sh.600015,6.56642824,6.56642824,6.42860216,6.47782576,6.56642824,123762640,815938396.78,0.8043,1,-1.3493,0
2025-10-09,sh.600015,6.47782576,6.4975152,6.40891272,6.42860216,6.47782576,229653418,1501602173.81,1.4925,1,-0.7599,0
2025-10-10,sh.600015,6.43844688,6.58611768,6.41875744,6.45813632,6.42860216,230343404,1518681095.21,1.497,1,0.4594,0
2025-10-13,sh.600015,6.399068,6.52704936,6.33015496,6.50735992,6.45813632,148391142,969769598.26,0.9644,1,0.7622,0
2025-10-14,sh.600015,6.48767048,6.66487544,6.43844688,6.63534128,6.50735992,167044865,1116688371.89,1.0856,1,1.9667,0
2025-10-15,sh.600015,6.62549656,6.68456488,6.5959624,6.67472016,6.63534128,120298446,811300326.9,0.7818,1,0.5935,0
2025-10-16,sh.600015,6.66487544,6.75347792,6.65503072,6.7436332,6.67472016,115458831,786252293.35,0.7504,1,1.0324,0
2025-10-17,sh.600015,6.7436332,6.78301208,6.67472016,6.6944096,6.7436332,103174839,706155517.92,0.6705,1,-0.7299,0
2025-10-20,sh.600015,6.6944096,6.73378848,6.58611768,6.73378848,6.6944096,93845594,635946117.68,0.6099,1,0.5882,0
2025-10-21,sh.600015,6.72394376,6.77316736,6.6944096,6.75347792,6.73378848,80064570,548037594.3,0.5203,1,0.2924,0
2025-10-22,sh.600015,6.75347792,6.86176984,6.7436332,6.85192512,6.75347792,88647334,613806930.0,0.5761,1,1.4577,0
2025-10-23,sh.600015,6.86176984,6.9405276,6.80270152,6.891304,6.85192512,90844519,634115061.87,0.5904,1,0.5747,0
2025-10-24,sh.600015,6.90114872,7.01928536,6.87161456,6.91099344,6.891304,143402550,1011842517.43,0.932,1,0.2857,0
2025-10-27,sh.600015,6.91099344,6.92083816,6.78301208,6.87161456,6.91099344,107403762,748695876.36,0.698,1,-0.5698,0
2025-10-28,sh.600015,6.88145928,6.91099344,6.77316736,6.80270152,6.87161456,94665247,655449940.18,0.6152,1,-1.0029,0
2025-10-29,sh.600015,6.80270152,6.81254624,6.68456488,6.71409904,6.80270152,81195347,553946965.47,0.5277,1,-1.3025,0
2025-10-30,sh.600015,6.70425432,6.76332264,6.70425432,6.70425432,6.71409904,72080166,493187230.06,0.4684,1,-0.1466,0
2025-10-31,sh.600015,6.71409904,6.73378848,6.65503072,6.70425432,6.70425432,67058537,456081474.43,0.4358,1,0.0,0
2025-11-03,sh.600015,6.6944096,6.80270152,6.6944096,6.78301208,6.70425432,79365891,545008241.72,0.5158,1,1.1747,0
2025-11-04,sh.600015,6.7928568,6.891304,6.77316736,6.88145928,6.78301208,81162887,565451669.88,0.5275,1,1.4514,0
2025-11-05,sh.600015,6.88145928,6.90114872,6.81254624,6.85192512,6.88145928,63868528,445125953.93,0.4151,1,-0.4292,0
2025-11-06,sh.600015,6.8420804,6.88145928,6.80270152,6.83223568,6.85192512,56966014,395986084.7,0.3702,1,-0.2874,0
2025-11-07,sh.600015,6.83223568,6.90114872,6.81254624,6.83223568,6.83223568,75652479,526603768.08,0.4917,1,0.0,0
2025-11-10,sh.600015,6.82239096,6.88145928,6.80270152,6.88145928,6.83223568,61849687,430370240.69,0.402,1,0.7205,0
2025-11-11,sh.600015,6.87161456,6.92083816,6.86176984,6.88145928,6.88145928,50197253,351308700.1,0.3262,1,0.0,0
2025-11-12,sh.600015,6.90114872,6.97006176,6.891304,6.90114872,6.88145928,77192241,543111762.69,0.5017,1,0.2861,0
2025-11-13,sh.600015,6.91099344,6.9405276,6.82239096,6.87161456,6.90114872,72032250,502345372.79,0.4681,1,-0.428,0
2025-11-14,sh.600015,6.87161456,6.95037232,6.86176984,6.90114872,6.87161456,78606610,552768727.78,0.5109,1,0.4298,0
2025-11-17,sh.600015,6.90114872,6.92083816,6.83223568,6.87161456,6.90114872,66493079,463540038.42,0.4321,1,-0.428,0
2025-11-18,sh.600015,6.88145928,6.891304,6.80270152,6.82239096,6.87161456,52286914,363335813.85,0.3398,1,-0.7163,0
2025-11-19,sh.600015,6.82239096,6.891304,6.81254624,6.87161456,6.82239096,70146468,488891178.51,0.4559,1,0.7215,0
2025-11-20,sh.600015,6.86176984,7.05866424,6.85192512,6.99959592,6.87161456,137321972,975094062.37,0.8924,1,1.8625,0
2025-11-21,sh.600015,6.99959592,7.0389748,6.87161456,6.88145928,6.99959592,101248537,716242677.49,0.658,1,-1.6878,0
2025-11-24,sh.600015,6.90114872,6.93068288,6.81254624,6.82239096,6.88145928,89463219,623260594.26,0.5814,1,-0.8584,0
2025-11-25,sh.600015,6.83223568,6.95037232,6.7928568,6.95037232,6.82239096,87252735,609657867.39,0.567,1,1.8759,0
2025-11-26,sh.600015,6.95037232,6.97990648,6.87161456,6.891304,6.95037232,59630120,418537903.79,0.3875,1,-0.8499,0
2025-11-27,sh.600015,6.88145928,6.92083816,6.83223568,6.891304,6.891304,48571072,339224770.49,0.3157,1,0.0,0
2025-11-28,sh.600015,6.88145928,6.891304,6.82239096,6.82239096,6.891304,69266523,481219879.72,0.4502,1,-1.0,0
2025-12-01,sh.600015,6.82239096,6.9405276,6.81254624,6.90114872,6.82239096,92231264,644800792.75,0.5994,1,1.1544,0
2025-12-02,sh.600015,6.891304,6.92083816,6.86176984,6.891304,6.90114872,48625928,340270066.39,0.316,1,-0.1427,0
2025-12-03,sh.600015,6.891304,6.93068288,6.85192512,6.86176984,6.891304,64718791,453266362.86,0.4206,1,-0.4286,0
2025-12-04,sh.600015,6.86176984,6.88145928,6.78301208,6.7928568,6.86176984,75121007,520535802.11,0.4882,1,-1.0043,0
2025-12-05,sh.600015,6.7928568,6.82239096,6.72394376,6.7436332,6.7928568,61844244,424469772.52,0.4019,1,-0.7246,0
2025-12-08,sh.600015,6.76332264,6.86176984,6.75347792,6.83223568,6.7436332,70548740,488482171.58,0.4585,1,1.3139,0
2025-12-09,sh.600015,6.8420804,6.8420804,6.76332264,6.76332264,6.83223568,40710936,281045153.82,0.2646,1,-1.0086,0
2025-12-10,sh.600015,6.76332264,6.78301208,6.6944096,6.72394376,6.76332264,50208943,342833530.18,0.3263,1,-0.5822,0
2025-12-11,sh.600015,6.72394376,6.7436332,6.68456488,6.6944096,6.72394376,44708678,304703422.09,0.2906,1,-0.4392,0
2025-12-12,sh.600015,6.6944096,6.72394376,6.65503072,6.67472016,6.6944096,70952581,482272638.71,0.4611,1,-0.2941,0
2025-12-15,sh.600015,6.6944096,6.76332264,6.68456488,6.7436332,6.67472016,52966234,362507773.94,0.3442,1,1.0324,0
2025-12-16,sh.600015,6.7436332,6.76332264,6.67472016,6.6944096,6.7436332,43362290,295645523.38,0.2818,1,-0.7299,0
2025-12-17,sh.600015,6.68456488,6.71409904,6.645186,6.67472016,6.6944096,49422145,335233208.09,0.3212,1,-0.2941,0
2025-12-18,sh.600015,6.67472016,6.77316736,6.65503072,6.76332264,6.67472016,56357797,385273435.91,0.3663,1,1.3274,0
2025-12-19,sh.600015,6.75347792,6.77316736,6.72394376,6.7436332,6.76332264,40508931,277703372.79,0.2633,1,-0.2911,0
2025-12-22,sh.600015,6.75347792,6.76332264,6.71409904,6.72394376,6.7436332,34434977,235395406.31,0.2238,1,-0.292,0
2025-12-23,sh.600015,6.72394376,6.77316736,6.71409904,6.72394376,6.72394376,32971868,225831347.51,0.2143,1,0.0,0
2025-12-24,sh.600015,6.72394376,6.7436332,6.6944096,6.73378848,6.72394376,31722277,216546118.87,0.2062,1,0.1464,0
2025-12-25,sh.600015,6.73378848,6.77316736,6.72394376,6.7436332,6.73378848,31256774,214272656.66,0.2031,1,0.1462,0
2025-12-26,sh.600015,6.73378848,6.75347792,6.71409904,6.71409904,6.7436332,31306510,213950814.2,0.2035,1,-0.438,0
2025-12-29,sh.600015,6.72394376,6.78301208,6.70425432,6.78301208,6.71409904,53803587,369027466.13,0.3497,1,1.0264,0
2025-12-30,sh.600015,6.77316736,6.78301208,6.72394376,6.7436332,6.78301208,36360346,249237949.26,0.2363,1,-0.5806,0
2025-12-31,sh.600015,6.73378848,6.78301208,6.73378848,6.76332264,6.7436332,33496702,229961536.82,0.2177,1,0.292,0
2026-01-05,sh.600015,6.75347792,6.78301208,6.73378848,6.75347792,6.76332264,49163291,337306945.03,0.3195,1,-0.1456,0
2026-01-06,sh.600015,6.75347792,6.7928568,6.73378848,6.7928568,6.75347792,45204614,310609672.3,0.2938,1,0.5831,0
2026-01-07,sh.600015,6.78301208,6.80270152,6.72394376,6.72394376,6.7928568,57975622,397659319.18,0.3768,1,-1.0145,0
2026-01-08,sh.600015,6.72394376,6.73378848,6.65503072,6.68456488,6.72394376,63966113,434683674.59,0.4157,1,-0.5857,0
2026-01-09,sh.600015,6.67472016,6.68456488,6.65503072,6.66487544,6.68456488,40199448,272250154.41,0.2613,1,-0.2946,0
2026-01-12,sh.600015,6.65503072,6.68456488,6.645186,6.67472016,6.66487544,42275288,286093203.86,0.2747,1,0.1477,0
2026-01-13,sh.600015,6.67472016,6.72394376,6.66487544,6.66487544,6.67472016,57039239,387670136.8,0.3707,1,-0.1475,0
2026-01-14,sh.600015,6.66487544,6.67472016,6.46798104,6.47782576,6.66487544,152093803,1016438906.65,0.9884,1,-2.8065,0
2026-01-15,sh.600015,6.47782576,6.50735992,6.42860216,6.43844688,6.47782576,72153844,474055845.5,0.4689,1,-0.6079,0
2026-01-16,sh.600015,6.4482916,6.47782576,6.31046552,6.3498444,6.43844688,112224691,726937449.13,0.7293,1,-1.3761,0
2026-01-19,sh.600015,6.35968912,6.38922328,6.3498444,6.35968912,6.3498444,46376716,299842244.45,0.3014,1,0.155,0
2026-01-20,sh.600015,6.35968912,6.46798104,6.35968912,6.45813632,6.35968912,60292917,393039670.72,0.3918,1,1.548,0
2026-01-21,sh.600015,6.4482916,6.47782576,6.37937856,6.399068,6.45813632,57339124,374442438.07,0.3726,1,-0.9146,0
2026-01-22,sh.600015,6.399068,6.45813632,6.32031024,6.33999968,6.399068,126874614,819530434.14,0.8245,1,-0.9231,0
2026-01-23,sh.600015,6.36,6.4,6.32,6.33,6.34,70022247,445468790.82,0.4551,1,-0.1577,0
2026-01-26,sh.600015,6.34,6.41,6.32,6.38,6.33,80064829,510240149.37,0.5203,1,0.7899,0
2026-01-27,sh.600015,6.39,6.4,6.33,6.33,6.38,64603534,411386755.3,0.4199,1,-0.7837,0
2026-01-28,sh.600015,6.34,6.42,6.33,6.34,6.33,99947234,636768631.75,0.6495,1,0.158,0
2026-01-29,sh.600015,6.34,6.45,6.31,6.45,6.34,95254798,607779783.48,0.6191,1,1.735,0
2026-01-30,sh.600015,6.44,6.5,6.34,6.34,6.45,78962326,508151266.69,0.5132,1,-1.7054,0
2026-02-02,sh.600015,6.38,6.53,6.37,6.43,6.34,106425706,687996799.42,0.6916,1,1.4196,0
2026-02-03,sh.600015,6.43,6.44,6.37,6.42,6.43,64165278,410327292.62,0.417,1,-0.1555,0
2026-02-04,sh.600015,6.42,6.49,6.4,6.48,6.42,55943991,361523986.41,0.3636,1,0.9346,0
2026-02-05,sh.600015,6.49,6.59,6.48,6.58,6.48,74187231,485607074.92,0.4821,1,1.5432,0
2026-02-06,sh.600015,6.58,6.6,6.53,6.58,6.58,63668546,418421702.88,0.4138,1,0.0,0
2026-02-09,sh.600015,6.58,6.65,6.55,6.61,6.58,46665928,308063840.47,0.3033,1,0.4559,0
2026-02-10,sh.600015,6.6,6.66,6.59,6.65,6.61,41056756,272487144.06,0.2668,1,0.6051,0
2026-02-11,sh.600015,6.64,6.68,6.62,6.67,6.65,41273123,274937150.11,0.2682,1,0.3008,0
2026-02-12,sh.600015,6.66,6.67,6.56,6.6,6.67,45599259,301553081.85,0.2963,1,-1.0495,0
2026-02-13,sh.600015,6.68,6.8,6.68,6.73,6.6,110522416,745141326.74,0.7183,1,1.9697,0
2026-02-24,sh.600015,6.75,6.77,6.72,6.74,6.73,61469940,414093606.57,0.3995,1,0.1486,0
2026-02-25,sh.600015,6.74,6.75,6.64,6.65,6.74,76069340,508911301.38,0.4944,1,-1.3353,0
2026-02-26,sh.600015,6.65,6.71,6.63,6.67,6.65,41914045,279298601.86,0.2724,1,0.3008,0
2026-02-27,sh.600015,6.66,6.73,6.65,6.69,6.67,54399496,364627289.5,0.3535,1,0.2999,0
2026-03-02,sh.600015,6.68,6.81,6.66,6.78,6.69,109122185,737455079.51,0.7092,1,1.3453,0
2026-03-03,sh.600015,6.77,6.86,6.73,6.79,6.78,100166880,681741071.74,0.651,1,0.1475,0
2026-03-04,sh.600015,6.78,6.79,6.7,6.75,6.79,75868839,511094039.2,0.4931,1,-0.5891,0
2026-03-05,sh.600015,6.73,6.86,6.71,6.84,6.75,75477456,514019463.8,0.4905,1,1.3333,0
2026-03-06,sh.600015,6.84,6.89,6.8,6.86,6.84,54446717,372834862.95,0.3538,1,0.2924,0
2026-03-09,sh.600015,6.85,6.9,6.8,6.83,6.86,63946151,437646704.47,0.4156,1,-0.4373,0
2026-03-10,sh.600015,6.82,6.94,6.8,6.92,6.83,68801396,473571557.3,0.4471,1,1.3177,0
2026-03-11,sh.600015,6.92,6.98,6.9,6.96,6.92,48854005,339393569.59,0.3175,1,0.578,0
2026-03-12,sh.600015,6.96,7.05,6.93,7.04,6.96,63629072,445889558.93,0.4135,1,1.1494,0
2026-03-13,sh.600015,7.03,7.26,7.01,7.16,7.04,108768780,777473000.08,0.7069,1,1.7045,0
2026-03-16,sh.600015,7.17,7.25,7.13,7.15,7.16,86586600,622564374.39,0.5627,1,-0.1397,0
2026-03-17,sh.600015,7.15,7.29,7.14,7.26,7.15,80416812,583137147.25,0.5226,1,1.5385,0
2026-03-18,sh.600015,7.27,7.29,7.19,7.24,7.26,69751827,504227702.28,0.4533,1,-0.2755,0
2026-03-19,sh.600015,7.22,7.27,7.1,7.13,7.24,74044908,531456188.54,0.4812,1,-1.5193,0
2026-03-20,sh.600015,7.13,7.24,7.12,7.18,7.13,71691682,515228105.21,0.4659,1,0.7013,0
2026-03-23,sh.600015,7.13,7.14,6.92,6.94,7.18,105729381,740695116.35,0.6871,1,-3.3426,0
2026-03-24,sh.600015,6.98,7.14,6.98,7.11,6.94,66321949,469624990.96,0.431,1,2.4496,0
2026-03-25,sh.600015,7.12,7.22,7.04,7.18,7.11,61006123,435642546.43,0.3965,1,0.9845,0
2026-03-26,sh.600015,7.17,7.23,7.12,7.15,7.18,47380086,340173055.22,0.3079,1,-0.4178,0
2026-03-27,sh.600015,7.13,7.18,7.09,7.14,7.15,42001099,299577145.4,0.273,1,-0.1399,0
2026-03-30,sh.600015,7.11,7.22,7.09,7.2,7.14,57692100,414655061.0,0.3749,1,0.8403,0
2026-03-31,sh.600015,7.26,7.43,7.23,7.32,7.2,105966792,780983703.35,0.6887,1,1.6667,0
2026-04-01,sh.600015,7.36,7.46,7.35,7.38,7.32,82946230,614124034.15,0.5391,1,0.8197,0
2026-04-02,sh.600015,7.4,7.52,7.37,7.49,7.38,94647252,707612994.41,0.6151,1,1.4905,0
2026-04-03,sh.600015,7.47,7.48,7.33,7.4,7.49,82725009,611089734.0,0.5376,1,-1.2016,0
2026-04-07,sh.600015,7.38,7.39,7.29,7.35,7.4,44322894,325487349.09,0.288,1,-0.6757,0
2026-04-08,sh.600015,7.35,7.43,7.3,7.42,7.35,63306304,466573764.03,0.4114,1,0.9524,0
2026-04-09,sh.600015,7.42,7.43,7.26,7.32,7.42,58668323,429503747.83,0.3813,1,-1.3477,0
2026-04-10,sh.600015,7.33,7.33,7.23,7.26,7.32,48314530,351877793.62,0.314,1,-0.8197,0
2026-04-13,sh.600015,7.25,7.27,7.2,7.26,7.26,30701677,222216108.82,0.1995,1,0.0,0
2026-04-14,sh.600015,7.25,7.31,7.22,7.31,7.26,35818389,260401582.27,0.2328,1,0.6887,0
2026-04-15,sh.600015,7.31,7.32,7.24,7.27,7.31,39210739,285156700.73,0.2548,1,-0.5472,0
2026-04-16,sh.600015,7.25,7.28,7.17,7.21,7.27,46881044,338213437.79,0.3047,1,-0.8253,0
2026-04-17,sh.600015,7.2,7.22,7.13,7.14,7.21,38397136,274712457.58,0.2495,1,-0.9709,0
2026-04-20,sh.600015,7.14,7.23,7.11,7.2,7.14,46655030,335228555.13,0.3032,1,0.8403,0
2026-04-21,sh.600015,7.2,7.27,7.16,7.18,7.2,42880588,309458622.76,0.2787,1,-0.2778,0
2026-04-22,sh.600015,7.18,7.19,7.08,7.1,7.18,52651612,374984858.64,0.3422,1,-1.1142,0
2026-04-23,sh.600015,7.1,7.22,7.09,7.18,7.1,59606707,427933373.89,0.3874,1,1.1268,0
2026-04-24,sh.600015,7.19,7.2,7.11,7.15,7.18,44346473,316798772.31,0.2882,1,-0.4178,0
2026-04-27,sh.600015,7.15,7.19,7.03,7.07,7.15,70341485,498796255.59,0.4571,1,-1.1189,0
2026-04-28,sh.600015,7.05,7.2,7.05,7.19,7.07,68604490,489289746.69,0.4459,1,1.6973,0
2026-04-29,sh.600015,7.17,7.24,7.11,7.23,7.19,54939300,394540671.2,0.357,1,0.5563,0
2026-04-30,sh.600015,7.11,7.13,6.89,6.89,7.23,168884063,1178400926.2,1.0976,1,-4.7026,0
2026-05-06,sh.600015,6.89,6.92,6.71,6.74,6.89,151132518,1021444070.94,0.9822,1,-2.1771,0
2026-05-07,sh.600015,6.74,6.78,6.64,6.65,6.74,117340559,783875331.72,0.7626,1,-1.3353,0
2026-05-08,sh.600015,6.65,6.69,6.63,6.66,6.65,74721315,497201637.02,0.4856,1,0.1504,0
2026-05-11,sh.600015,6.65,6.66,6.61,6.64,6.66,84862680,562690754.3,0.5515,1,-0.3003,0
2026-05-12,sh.600015,6.64,6.66,6.55,6.58,6.64,99362034,655402337.02,0.6457,1,-0.9036,0
2026-05-13,sh.600015,6.59,6.61,6.55,6.57,6.58,66372030,436320842.02,0.4313,1,-0.152,0
2026-05-14,sh.600015,6.56,6.61,6.52,6.58,6.57,72617772,476956692.38,0.4719,1,0.1522,0
2026-05-15,sh.600015,6.58,6.64,6.55,6.6,6.58,67507154,445417035.12,0.4387,1,0.304,0
2026-05-18,sh.600015,6.59,6.66,6.58,6.6,6.6,67616255,447773284.14,0.4394,1,0.0,0
2026-05-19,sh.600015,6.6,6.72,6.6,6.65,6.6,72787896,485249272.42,0.473,1,0.7576,0
2026-05-20,sh.600015,6.66,6.69,6.63,6.67,6.65,51553039,343447235.67,0.335,1,0.3008,0
2026-05-21,sh.600015,6.66,6.74,6.65,6.7,6.67,76149522,509998079.46,0.4949,1,0.4498,0
2026-05-22,sh.600015,6.69,6.77,6.64,6.75,6.7,72860728,489116508.64,0.4735,1,0.7463,0
2026-05-25,sh.600015,6.73,6.81,6.72,6.75,6.75,54185884,366923300.25,0.3521,1,0.0,0
2026-05-26,sh.600015,6.75,6.81,6.69,6.75,6.75,68073395,459141453.75,0.4424,1,0.0,0
2026-05-27,sh.600015,6.75,6.76,6.63,6.68,6.75,75033508,501373429.36,0.4876,1,-1.037,0
2026-05-28,sh.600015,6.67,6.71,6.55,6.57,6.68,79227325,524687169.09,0.5149,1,-1.6467,0
2026-05-29,sh.600015,6.56,6.72,6.54,6.71,6.57,100798693,670685890.24,0.6551,1,2.1309,0
2026-06-01,sh.600015,6.72,6.86,6.68,6.86,6.71,93368808,633534170.07,0.6068,1,2.2355,0
2026-06-02,sh.600015,6.84,6.95,6.83,6.92,6.86,78257525,540477126.0,0.5086,1,0.8746,0
2026-06-03,sh.600015,6.9,6.92,6.77,6.85,6.92,75450011,516247891.7,0.4903,1,-1.0116,0
2026-06-04,sh.600015,6.83,6.87,6.68,6.72,6.85,71994640,486092618.0,0.4679,1,-1.8978,0
2026-06-05,sh.600015,6.72,6.86,6.72,6.83,6.72,82626720,563464007.79,0.537,1,1.6369,0
2026-06-08,sh.600015,6.79,6.87,6.76,6.79,6.83,62061029,422555119.76,0.4033,1,-0.5857,0
2026-06-09,sh.600015,6.79,6.92,6.76,6.88,6.79,81780043,561911260.21,0.5315,1,1.3255,0
2026-06-10,sh.600015,6.87,6.95,6.85,6.94,6.88,53175454,367901267.34,0.3456,1,0.8721,0
2026-06-11,sh.600015,6.93,6.95,6.87,6.91,6.94,53551088,369633690.84,0.348,1,-0.4323,0
2026-06-12,sh.600015,6.88,6.99,6.84,6.99,6.91,84609418,587366194.09,0.5499,1,1.1577,0
2026-06-15,sh.600015,6.98,7.01,6.9,6.93,6.99,72813393,505537062.3,0.4732,1,-0.8584,0
2026-06-16,sh.600015,6.91,6.94,6.85,6.86,6.93,47198151,324798703.8,0.3067,1,-1.0101,0
2026-06-17,sh.600015,6.88,6.92,6.78,6.82,6.86,60456075,412766095.7,0.3929,1,-0.5831,0
2026-06-18,sh.600015,6.83,6.83,6.63,6.63,6.82,75951471,508102778.04,0.4936,1,-2.7859,0
2026-06-22,sh.600015,6.64,6.75,6.59,6.74,6.63,78074228,521038256.33,0.5074,1,1.6591,0
2026-06-23,sh.600015,6.74,6.89,6.72,6.84,6.74,84087892,574724953.34,0.5465,1,1.4837,0
2026-06-24,sh.600015,6.82,6.85,6.65,6.66,6.84,75259111,506074510.48,0.4891,1,-2.6316,0
2026-06-25,sh.600015,6.62,6.71,6.61,6.65,6.66,53998217,359141376.05,0.3509,1,-0.1502,0
