date,code,open,high,low,close,preclose,volume,amount,turn,tradestatus,pctChg,isST
2012-01-04,sh.600011,3.5941374,3.62741645,3.54754673,3.56751416,3.56085835,8211932,44118669.0,0.220649,1,0.1869,0
2012-01-05,sh.600011,3.56085835,3.60079321,3.48098863,3.49430025,3.56751416,10441719,55854573.0,0.280562,1,-2.0522,0
2012-01-06,sh.600011,3.4610212,3.60744902,3.45436539,3.54089092,3.49430025,17073106,90739958.0,0.458743,1,1.3333,0
2012-01-09,sh.600011,3.54754673,3.68066293,3.51426768,3.62076064,3.54089092,26043496,142607881.0,0.699771,1,2.2556,0
2012-01-10,sh.600011,3.62076064,3.66735131,3.57416997,3.65403969,3.62076064,16498604,89799756.0,0.443306,1,0.9191,0
2012-01-11,sh.600011,3.64072807,3.67400712,3.54089092,3.58748159,3.65403969,15066380,81922287.0,0.404823,1,-1.8215,0
2012-01-12,sh.600011,3.57416997,3.65403969,3.57416997,3.57416997,3.58748159,10374107,56059314.0,0.278745,1,-0.3711,0
2012-01-13,sh.600011,3.58082578,3.60744902,3.44105377,3.55420254,3.57416997,6727936,35476640.0,0.180775,1,-0.5587,0
2012-01-16,sh.600011,3.5275793,3.56751416,3.46767701,3.47433282,3.55420254,5473539,28777515.0,0.14707,1,-2.2472,0
2012-01-17,sh.600011,3.45436539,3.81377913,3.45436539,3.65403969,3.47433282,6637085,36495752.0,0.178334,1,5.1724,0
2012-01-18,sh.600011,3.64738388,3.68731874,3.51426768,3.53423511,3.65403969,4846416,26256885.0,0.13022,1,-3.2787,0
2012-01-19,sh.600011,3.53423511,3.6606955,3.51426768,3.56751416,3.53423511,3910993,21162770.0,0.105086,1,0.9416,0
2012-01-20,sh.600011,3.55420254,3.64738388,3.55420254,3.61410483,3.56751416,3986664,21552762.0,0.107119,1,1.306,0
2012-01-30,sh.600011,3.60744902,3.68066293,3.54754673,3.57416997,3.61410483,12101070,66232028.0,0.325148,1,-1.105,0
2012-01-31,sh.600011,3.53423511,3.74056522,3.52092349,3.6606955,3.57416997,19936068,109831401.0,0.535669,1,2.4209,0
2012-02-01,sh.600011,3.65403969,3.7272536,3.62741645,3.6606955,3.6606955,18931409,104627801.0,0.508674,1,0.0,0
2012-02-02,sh.600011,3.64738388,3.69397455,3.61410483,3.68731874,3.6606955,6838413,37544149.0,0.183744,1,0.7273,0
2012-02-03,sh.600011,3.68731874,3.68731874,3.64072807,3.67400712,3.68731874,6069380,33458175.0,0.16308,1,-0.361,0
2012-02-06,sh.600011,3.67400712,3.70728617,3.60744902,3.63407226,3.67400712,11823222,65120942.0,0.317682,1,-1.087,0
2012-02-07,sh.600011,3.60079321,3.62741645,3.56751416,3.58748159,3.63407226,3965233,21380570.0,0.106543,1,-1.2821,0
2012-02-08,sh.600011,3.56751416,3.68066293,3.56085835,3.65403969,3.58748159,6034694,33039188.0,0.162148,1,1.8553,0
2012-02-09,sh.600011,3.6606955,3.67400712,3.63407226,3.66735131,3.65403969,2730772,15001084.0,0.073374,1,0.3643,0
2012-02-10,sh.600011,3.6606955,3.66735131,3.58082578,3.61410483,3.66735131,10945622,59436899.0,0.294101,1,-1.4519,0
2012-02-13,sh.600011,3.60744902,3.6606955,3.54089092,3.62741645,3.61410483,8926062,48156708.0,0.239837,1,0.3683,0
2012-02-14,sh.600011,3.61410483,3.61410483,3.57416997,3.58082578,3.62741645,7512313,40575881.0,0.201851,1,-1.2844,0
2012-02-15,sh.600011,3.56085835,3.60079321,3.53423511,3.58082578,3.58082578,6689503,35919680.0,0.179742,1,0.0,0
2012-02-16,sh.600011,3.58082578,3.74056522,3.53423511,3.6606955,3.58082578,21547896,117206768.0,0.578977,1,2.2305,0
2012-02-17,sh.600011,3.6606955,3.68731874,3.5941374,3.64072807,3.6606955,8103305,44304506.0,0.21773,1,-0.5455,0
2012-02-20,sh.600011,3.63407226,3.65403969,3.58082578,3.5941374,3.64072807,4105541,22336310.0,0.110313,1,-1.2797,0
2012-02-21,sh.600011,3.5941374,3.5941374,3.5941374,3.5941374,3.5941374,0,0.0,,0,0.0,0
2012-02-22,sh.600011,3.5941374,3.62741645,3.53423511,3.60744902,3.5941374,6093487,32670743.0,0.163728,1,0.3704,0
2012-02-23,sh.600011,3.60744902,3.60744902,3.54754673,3.56085835,3.60744902,6950075,37293525.0,0.186744,1,-1.2915,0
2012-02-24,sh.600011,3.55420254,3.5941374,3.55420254,3.58082578,3.56085835,5383203,28883474.0,0.144643,1,0.5607,0
2012-02-27,sh.600011,3.58082578,3.6606955,3.58082578,3.62076064,3.58082578,16313692,88947804.0,0.438338,1,1.1152,0
2012-02-28,sh.600011,3.61410483,3.6606955,3.58748159,3.65403969,3.62076064,8276005,45162561.0,0.222371,1,0.9191,0
2012-02-29,sh.600011,3.64738388,3.6606955,3.60079321,3.64072807,3.65403969,6481004,35332279.0,0.17414,1,-0.3643,0
2012-03-01,sh.600011,3.62076064,3.67400712,3.61410483,3.66735131,3.64072807,20081747,110277087.0,0.539583,1,0.7313,0
2012-03-02,sh.600011,3.67400712,3.68066293,3.62076064,3.6606955,3.66735131,11530910,63127538.0,0.309828,1,-0.1815,0
2012-03-05,sh.600011,3.67400712,3.68731874,3.50095606,3.5275793,3.6606955,36274360,193680763.0,0.974667,1,-3.6364,0
2012-03-06,sh.600011,3.52092349,3.54089092,3.48764444,3.50095606,3.5275793,7934124,41770250.0,0.213185,1,-0.7547,0
2012-03-07,sh.600011,3.47433282,3.52092349,3.44105377,3.46767701,3.50095606,13458982,70128432.0,0.361634,1,-0.9506,0
2012-03-08,sh.600011,3.48098863,3.50095606,3.43439796,3.46767701,3.46767701,11729987,60999838.0,0.315177,1,0.0,0
2012-03-09,sh.600011,3.46767701,3.64738388,3.44770958,3.62076064,3.46767701,21994337,116978032.0,0.590973,1,4.4146,0
2012-03-12,sh.600011,3.62076064,3.70063036,3.60744902,3.62741645,3.62076064,26440464,145094340.0,0.710437,1,0.1838,0
2012-03-13,sh.600011,3.60744902,3.66735131,3.60744902,3.6606955,3.62741645,10849935,59421816.0,0.29153,1,0.9174,0
2012-03-14,sh.600011,3.6606955,3.67400712,3.44770958,3.5275793,3.6606955,17123627,92706476.0,0.4601,1,-3.6364,0
2012-03-15,sh.600011,3.5275793,3.55420254,3.46767701,3.53423511,3.5275793,7210669,38037201.0,0.193746,1,0.1887,0
2012-03-16,sh.600011,3.52092349,3.64738388,3.327905,3.60079321,3.53423511,22660376,121969668.0,0.608869,1,1.8832,0
2012-03-19,sh.600011,3.57416997,3.60744902,3.49430025,3.60079321,3.60079321,12092652,64276439.0,0.324921,1,0.0,0
2012-03-20,sh.600011,3.5941374,3.69397455,3.56751416,3.64738388,3.60079321,15045758,82262323.0,0.404269,1,1.2939,0
2012-03-21,sh.600011,3.64072807,3.64738388,3.44770958,3.50095606,3.64738388,13841591,73153958.0,0.371914,1,-4.0146,0
2012-03-22,sh.600011,3.50095606,3.50095606,3.40777472,3.4610212,3.50095606,10113394,52198894.0,0.27174,1,-1.1407,0
2012-03-23,sh.600011,3.44770958,3.4610212,3.40777472,3.44105377,3.4610212,3133035,16157119.0,0.084183,1,-0.5769,0
2012-03-26,sh.600011,3.42774215,3.46767701,3.38780729,3.42774215,3.44105377,3763913,19354229.0,0.101134,1,-0.3868,0
2012-03-27,sh.600011,3.42108634,3.44770958,3.3944631,3.41443053,3.42774215,3913215,20054019.0,0.105145,1,-0.3883,0
2012-03-28,sh.600011,3.41443053,3.42108634,3.30128176,3.36783986,3.41443053,4876100,24635135.0,0.131017,1,-1.3645,0
2012-03-29,sh.600011,3.33456081,3.40111891,3.33456081,3.38780729,3.36783986,3519190,17820445.0,0.094558,1,0.5929,0
2012-03-30,sh.600011,3.36783986,3.42108634,3.36783986,3.3944631,3.38780729,1501850,7644013.0,0.040354,1,0.1965,0
2012-04-05,sh.600011,3.3944631,3.44105377,3.36118405,3.42774215,3.3944631,3568864,18262797.0,0.095893,1,0.9804,0
2012-04-06,sh.600011,3.41443053,3.43439796,3.3944631,3.42774215,3.42774215,1898549,9734269.0,0.051013,1,0.0,0
2012-04-09,sh.600011,3.42774215,3.42774215,3.40111891,3.40777472,3.42774215,1106881,5678412.0,0.029741,1,-0.5825,0
2012-04-10,sh.600011,3.40777472,3.40777472,3.36118405,3.40111891,3.40777472,1534477,7799649.0,0.04123,1,-0.1953,0
2012-04-11,sh.600011,3.3944631,3.40777472,3.35452824,3.36783986,3.40111891,2852439,14489987.0,0.076643,1,-0.9785,0
2012-04-12,sh.600011,3.36783986,3.48098863,3.35452824,3.48098863,3.36783986,5539815,28739159.0,0.148851,1,3.3597,0
2012-04-13,sh.600011,3.47433282,3.51426768,3.43439796,3.49430025,3.48098863,2670576,13989047.0,0.071757,1,0.3824,0
2012-04-16,sh.600011,3.4610212,3.53423511,3.42774215,3.5275793,3.49430025,3207030,16861372.0,0.086171,1,0.9524,0
2012-04-17,sh.600011,3.50095606,3.53423511,3.42774215,3.44770958,3.5275793,3557216,18576996.0,0.09558,1,-2.2642,0
2012-04-18,sh.600011,3.4610212,3.50761187,3.44105377,3.50095606,3.44770958,1644056,8598165.0,0.044175,1,1.5444,0
2012-04-19,sh.600011,3.50095606,3.60744902,3.48098863,3.58748159,3.50095606,7434192,39798948.0,0.199752,1,2.4715,0
2012-04-20,sh.600011,3.58748159,3.58748159,3.5275793,3.55420254,3.58748159,4543466,24256346.0,0.12208,1,-0.9276,0
2012-04-23,sh.600011,3.55420254,3.61410483,3.54089092,3.56085835,3.55420254,6532259,34977816.0,0.175517,1,0.1873,0
2012-04-24,sh.600011,3.55420254,3.6606955,3.54754673,3.5941374,3.56085835,7023489,38071020.0,0.188716,1,0.9346,0
2012-04-25,sh.600011,3.63407226,3.68066293,3.60744902,3.64072807,3.5941374,16192047,88856674.0,0.435069,1,1.2963,0
2012-04-26,sh.600011,3.6606955,3.68066293,3.5275793,3.56751416,3.64072807,6338497,34422678.0,0.170311,1,-2.011,0
2012-04-27,sh.600011,3.55420254,3.56085835,3.4610212,3.5275793,3.56751416,3388559,17848270.0,0.091048,1,-1.1194,0
2012-05-02,sh.600011,3.5275793,3.6606955,3.5275793,3.58082578,3.5275793,6445057,35006361.0,0.173174,1,1.5094,0
2012-05-03,sh.600011,3.56751416,3.6606955,3.56751416,3.64072807,3.58082578,5094875,27784808.0,0.136896,1,1.6729,0
2012-05-04,sh.600011,3.64072807,3.64072807,3.5941374,3.63407226,3.64072807,4805356,26117780.0,0.129117,1,-0.1828,0
2012-05-07,sh.600011,3.62741645,3.74722103,3.60744902,3.72059779,3.63407226,51881519,289239686.0,1.394021,1,2.381,0
2012-05-08,sh.600011,3.71394198,3.7938117,3.65403969,3.7272536,3.72059779,27339463,153868394.0,0.734593,1,0.1789,0
2012-05-09,sh.600011,3.72059779,3.76053265,3.6606955,3.71394198,3.7272536,14665200,81646829.0,0.394044,1,-0.3571,0
2012-05-10,sh.600011,3.68066293,3.72059779,3.6606955,3.70063036,3.71394198,2886599,16026303.0,0.077561,1,-0.3584,0
2012-05-11,sh.600011,3.70063036,3.7272536,3.65403969,3.66735131,3.70063036,3322221,18449988.0,0.089266,1,-0.8993,0
2012-05-14,sh.600011,3.71394198,3.76053265,3.6606955,3.7272536,3.66735131,20112470,112411520.0,0.540408,1,1.6334,0
2012-05-15,sh.600011,3.70063036,3.70063036,3.61410483,3.66735131,3.7272536,6894396,37898969.0,0.185248,1,-1.6071,0
2012-05-16,sh.600011,3.66735131,3.66735131,3.58082578,3.61410483,3.66735131,6337998,34596594.0,0.170298,1,-1.4519,0
2012-05-17,sh.600011,3.64072807,3.73390941,3.58082578,3.63407226,3.61410483,11680682,64340381.0,0.313852,1,0.5525,0
2012-05-18,sh.600011,3.61410483,3.70063036,3.61410483,3.67400712,3.63407226,8564328,47091509.0,0.230118,1,1.0989,0
2012-05-21,sh.600011,3.64738388,3.71394198,3.64738388,3.70063036,3.67400712,5229130,29051796.0,0.140503,1,0.7246,0
2012-05-22,sh.600011,3.70728617,3.76053265,3.68066293,3.7272536,3.70063036,20469811,114598663.0,0.55001,1,0.7194,0
2012-05-23,sh.600011,3.71394198,3.73390941,3.6606955,3.70728617,3.7272536,2193622,12165842.0,0.058941,1,-0.5357,0
2012-05-24,sh.600011,3.70728617,3.7272536,3.65403969,3.65403969,3.70728617,1873796,10362851.0,0.050348,1,-1.4363,0
2012-05-25,sh.600011,3.65403969,3.72059779,3.64072807,3.70728617,3.65403969,3181881,17654041.0,0.085495,1,1.4572,0
2012-05-28,sh.600011,3.70728617,3.7272536,3.62741645,3.68731874,3.70728617,4547469,25040054.0,0.122187,1,-0.5386,0
2012-05-29,sh.600011,3.67400712,3.72059779,3.62741645,3.68066293,3.68731874,14112282,77817299.0,0.379187,1,-0.1805,0
2012-05-30,sh.600011,3.67400712,3.70063036,3.60744902,3.67400712,3.68066293,11463468,62858632.0,0.308016,1,-0.1808,0
2012-05-31,sh.600011,3.64072807,3.67400712,3.60744902,3.62741645,3.67400712,9406096,51495133.0,0.252735,1,-1.2681,0
2012-06-01,sh.600011,3.62076064,3.72059779,3.56751416,3.66735131,3.62741645,12525976,68619278.0,0.336564,1,1.1009,0
2012-06-04,sh.600011,3.62741645,3.78050008,3.62076064,3.76718846,3.66735131,29517785,163643413.0,0.793123,1,2.7223,0
2012-06-05,sh.600011,3.76718846,4.14656963,3.71394198,4.02676505,3.76718846,36438393,217483545.0,0.979075,1,6.8905,0
2012-06-06,sh.600011,3.993486,4.11329058,3.97351857,4.09332315,4.02676505,39387565,240034052.0,1.058317,1,1.6529,0
2012-06-07,sh.600011,4.11329058,4.11994639,4.02010924,4.02676505,4.09332315,55908633,343740489.0,1.502227,1,-1.626,0
2012-06-08,sh.600011,4.03342086,4.1931603,3.993486,4.00679762,4.02676505,47138113,288781934.0,1.266569,1,-0.4959,0
2012-06-11,sh.600011,4.00679762,4.11329058,3.89364885,3.94023952,4.00679762,27564211,164107454.0,0.740632,1,-1.6611,0
2012-06-12,sh.600011,3.94023952,3.94023952,3.94023952,3.94023952,3.94023952,0,0.0,,0,0.0,0
2012-06-13,sh.600011,3.96020695,4.23309516,3.96020695,4.16653706,3.94023952,92994786,575474252.0,2.498707,1,5.7432,0
2012-06-14,sh.600011,4.13991382,4.23975097,4.09332315,4.15322544,4.16653706,75140538,471373054.0,2.018975,1,-0.3195,0
2012-06-15,sh.600011,4.15322544,4.29299745,4.08666734,4.09997896,4.15322544,49226549,309991998.0,1.322684,1,-1.2821,0
2012-06-18,sh.600011,4.1266022,4.21312773,4.10663477,4.1266022,4.09997896,40068091,250334353.0,1.076602,1,0.6494,0
2012-06-19,sh.600011,4.1266022,4.22643935,4.11329058,4.20647192,4.1266022,41846902,262446133.0,1.124398,1,1.9355,0
2012-06-20,sh.600011,4.21312773,4.23309516,4.17984868,4.20647192,4.20647192,22608326,142889579.0,0.60747,1,0.0,0
2012-06-21,sh.600011,4.20647192,4.28634164,4.16653706,4.27968583,4.20647192,46566028,297695243.0,1.251198,1,1.7405,0
2012-06-25,sh.600011,4.26637421,4.43942527,4.2597184,4.39949041,4.27968583,54412145,358829878.0,1.462017,1,2.7994,0
2012-06-26,sh.600011,4.34624393,4.39949041,4.3262765,4.34624393,4.39949041,17104680,112198401.0,0.459591,1,-1.2103,0
2012-06-27,sh.600011,4.33958812,4.3928346,4.33293231,4.37286717,4.34624393,26198468,172117879.0,0.703935,1,0.6126,0
2012-06-28,sh.600011,4.40640045,4.43322785,4.2655566,4.36615935,4.3728662,33289444,217489778.0,0.894465,1,-0.1534,0
2012-06-29,sh.600011,4.3594525,4.41981415,4.158247,4.32591825,4.36615935,56677280,365654611.0,1.52288,1,-0.9217,0
2012-07-02,sh.600011,4.32591825,4.3594525,4.1850744,4.3057977,4.32591825,37608079,239977457.0,0.376081,1,-0.4651,0
2012-07-03,sh.600011,4.2655566,4.3192114,4.2119018,4.21860865,4.3057977,18924857,120563837.0,0.189249,1,-2.0249,0
2012-07-04,sh.600011,4.2253155,4.2387292,4.0911785,4.17836755,4.21860865,25246013,156559746.0,0.25246,1,-0.9539,0
2012-07-05,sh.600011,4.12471275,4.2253155,4.12471275,4.16495385,4.17836755,20402152,126954595.0,0.204022,1,-0.321,0
2012-07-06,sh.600011,4.20519495,4.23202235,4.1448333,4.1850744,4.16495385,23361692,145849811.0,0.233617,1,0.4831,0
2012-07-09,sh.600011,4.1850744,4.560658,4.17836755,4.4533484,4.1850744,44659150,289435973.0,0.446591,1,6.4103,0
2012-07-10,sh.600011,4.426521,4.6545539,4.39298675,4.560658,4.4533484,49655803,335071721.0,0.496558,1,2.4096,0
2012-07-11,sh.600011,4.5472443,4.7082087,4.426521,4.5740717,4.560658,53793459,368138104.0,0.537935,1,0.2941,0
2012-07-12,sh.600011,4.5338306,4.56736485,4.3996936,4.52712375,4.5740717,39159145,261957910.0,0.391591,1,-1.0264,0
2012-07-13,sh.600011,4.50029635,4.54053745,4.47346895,4.5338306,4.52712375,12567757,84476629.0,0.125678,1,0.1481,0
2012-07-16,sh.600011,4.56736485,4.8825868,4.560658,4.6545539,4.5338306,25026540,174901002.0,0.250265,1,2.6627,0
2012-07-17,sh.600011,4.6277265,4.82222515,4.6277265,4.74174295,4.6545539,19621320,137950385.0,0.196213,1,1.8732,0
2012-07-18,sh.600011,4.7350361,4.8960005,4.7350361,4.79539775,4.74174295,25880812,186328786.0,0.258808,1,1.1315,0
2012-07-19,sh.600011,4.7618635,4.7752772,4.66126075,4.71491555,4.79539775,16296221,114157881.0,0.162962,1,-1.6783,0
2012-07-20,sh.600011,4.694795,4.7350361,4.6277265,4.64784705,4.71491555,8974913,62318026.0,0.089749,1,-1.4225,0
2012-07-23,sh.600011,4.63443335,4.70150185,4.4935895,4.694795,4.64784705,15143910,104234135.0,0.151439,1,1.0101,0
2012-07-24,sh.600011,4.694795,4.7618635,4.66126075,4.67467445,4.694795,9934773,69524884.0,0.099348,1,-0.4286,0
2012-07-25,sh.600011,4.66126075,4.694795,4.66126075,4.67467445,4.67467445,4245412,29628369.0,0.042454,1,0.0,0
2012-07-26,sh.600011,4.66126075,4.72832925,4.5204169,4.59419225,4.67467445,10906739,75220167.0,0.109067,1,-1.7217,0
2012-07-27,sh.600011,4.59419225,4.6411402,4.3996936,4.5874854,4.59419225,16982374,114810644.0,0.169824,1,-0.146,0
2012-07-30,sh.600011,4.52712375,4.6277265,4.3862799,4.4667621,4.5874854,20467633,136698652.0,0.204676,1,-2.6316,0
2012-07-31,sh.600011,4.44664155,4.560658,4.426521,4.5204169,4.4667621,7661966,51349369.0,0.07662,1,1.2012,0
2012-08-01,sh.600011,4.6143128,4.694795,4.55395115,4.60760595,4.5204169,12474624,85993708.0,0.124746,1,1.9288,0
2012-08-02,sh.600011,4.60760595,4.7618635,4.60760595,4.694795,4.60760595,12190670,85220673.0,0.121907,1,1.8923,0
2012-08-03,sh.600011,4.72832925,4.82222515,4.70150185,4.7350361,4.694795,9824538,69729051.0,0.098245,1,0.8571,0
2012-08-06,sh.600011,4.75515665,4.7752772,4.6143128,4.71491555,4.7350361,17642755,122326626.0,0.176428,1,-0.4249,0
2012-08-07,sh.600011,4.694795,4.694795,4.4801758,4.56736485,4.71491555,24688236,168123952.0,0.246882,1,-3.1294,0
2012-08-08,sh.600011,4.52712375,4.5740717,4.50029635,4.55395115,4.56736485,12443640,84113179.0,0.124436,1,-0.2937,0
2012-08-09,sh.600011,4.54053745,4.58077855,4.4801758,4.5338306,4.55395115,11290751,76201801.0,0.112908,1,-0.4418,0
2012-08-10,sh.600011,4.5338306,4.64784705,4.5070032,4.52712375,4.5338306,20310877,138622758.0,0.203109,1,-0.1479,0
2012-08-13,sh.600011,4.52712375,4.5874854,4.50029635,4.52712375,4.52712375,13242589,89971483.0,0.132426,1,0.0,0
2012-08-14,sh.600011,4.5338306,4.66126075,4.5204169,4.5204169,4.52712375,14807317,101057398.0,0.148073,1,-0.1481,0
2012-08-15,sh.600011,4.54053745,4.55395115,4.3996936,4.41981415,4.5204169,16940406,112186781.0,0.169404,1,-2.2255,0
2012-08-16,sh.600011,4.39298675,4.4667621,4.37957305,4.41981415,4.41981415,6673066,44101953.0,0.066731,1,0.0,0
2012-08-17,sh.600011,4.40640045,4.50029635,4.40640045,4.4801758,4.41981415,10060825,66768076.0,0.100608,1,1.3657,0
2012-08-20,sh.600011,4.426521,4.52712375,4.3594525,4.50029635,4.4801758,6839723,45643770.0,0.068397,1,0.4491,0
2012-08-21,sh.600011,4.5472443,4.560658,4.4667621,4.4801758,4.50029635,8203502,55167434.0,0.082035,1,-0.4471,0
2012-08-22,sh.600011,4.4667621,4.58077855,4.426521,4.5740717,4.4801758,10780678,72832955.0,0.107807,1,2.0958,0
2012-08-23,sh.600011,4.560658,4.6143128,4.50029635,4.5740717,4.5740717,6760927,46170699.0,0.067609,1,0.0,0
2012-08-24,sh.600011,4.5338306,4.59419225,4.50029635,4.50029635,4.5740717,6388970,43280314.0,0.06389,1,-1.6129,0
2012-08-27,sh.600011,4.4935895,4.52712375,4.3728662,4.3862799,4.50029635,12272931,81132447.0,0.122729,1,-2.5335,0
2012-08-28,sh.600011,4.3594525,4.4131073,4.25884975,4.2655566,4.3862799,10737044,68957889.0,0.10737,1,-2.7523,0
2012-08-29,sh.600011,4.2253155,4.2655566,4.1716607,4.1984881,4.2655566,7682937,48129362.0,0.076829,1,-1.5723,0
2012-08-30,sh.600011,4.05764425,4.3192114,4.05764425,4.2387292,4.1984881,9087410,56891474.0,0.090874,1,0.958465,0
2012-08-31,sh.600011,4.19178125,4.3192114,4.19178125,4.2521429,4.2387292,3933294,25008502.0,0.039333,1,0.3165,0
2012-09-03,sh.600011,4.1984881,4.2789703,4.158247,4.1850744,4.2521429,10237854,64203141.0,0.102379,1,-1.5773,0
2012-09-04,sh.600011,4.1448333,4.20519495,4.13812645,4.13812645,4.1850744,6728828,41842772.0,0.067288,1,-1.1218,0
2012-09-05,sh.600011,4.13812645,4.46005525,4.12471275,4.3460388,4.13812645,21551931,138804376.0,0.215519,1,5.0243,0
2012-09-06,sh.600011,4.3728662,4.37957305,4.3057977,4.35274565,4.3460388,5394493,35008654.0,0.053945,1,0.1543,0
2012-09-07,sh.600011,4.37957305,4.6277265,4.292384,4.4533484,4.35274565,25126983,165979270.0,0.25127,1,2.3112,0
2012-09-10,sh.600011,4.46005525,4.50029635,4.3728662,4.4935895,4.4533484,10244877,67650286.0,0.102449,1,0.9036,0
2012-09-11,sh.600011,4.4533484,4.4533484,4.3326251,4.40640045,4.4935895,8533339,55882829.0,0.085333,1,-1.9403,0
2012-09-12,sh.600011,4.426521,4.47346895,4.17836755,4.28567715,4.40640045,10199662,65095539.0,0.101997,1,-2.7397,0
2012-09-13,sh.600011,4.25884975,4.3057977,4.19178125,4.24543605,4.28567715,11746100,73937245.0,0.117461,1,-0.939,0
2012-09-14,sh.600011,4.2655566,4.2789703,4.08447165,4.15154015,4.24543605,18195171,112219012.0,0.181952,1,-2.2117,0
2012-09-17,sh.600011,4.12471275,4.1448333,4.0375237,4.09788535,4.15154015,9640368,58726037.0,0.096404,1,-1.2924,0
2012-09-18,sh.600011,4.0911785,4.0911785,3.9704552,3.99057575,4.09788535,9619217,57686957.0,0.096192,1,-2.6187,0
2012-09-19,sh.600011,3.9972826,4.01740315,3.96374835,4.0106963,3.99057575,6467962,38446691.0,0.06468,1,0.5042,0
2012-09-20,sh.600011,3.97716205,4.0106963,3.85643875,3.85643875,4.0106963,8374124,49081285.0,0.083741,1,-3.8462,0
2012-09-21,sh.600011,3.8497319,4.20519495,3.8363182,4.01740315,3.85643875,32560457,196425683.0,0.325605,1,4.1739,0
2012-09-24,sh.600011,3.9436278,4.11129905,3.889973,4.01740315,4.01740315,11679036,69895144.0,0.11679,1,0.0,0
2012-09-25,sh.600011,4.00398945,4.02411,3.93692095,3.99057575,4.01740315,7743081,46141902.0,0.077431,1,-0.6678,0
2012-09-26,sh.600011,3.96374835,4.01740315,3.889973,3.9033867,3.99057575,6313168,37182267.0,0.063132,1,-2.1849,0
2012-09-27,sh.600011,3.91009355,4.0911785,3.89667985,4.05764425,3.9033867,16015341,96191269.0,0.160153,1,3.9519,0
2012-09-28,sh.600011,4.0375237,4.3192114,3.9972826,4.24543605,4.05764425,29979484,188051794.0,0.299795,1,4.6281,0
2012-10-08,sh.600011,4.25884975,4.292384,4.15154015,4.20519495,4.24543605,9465558,59535748.0,0.094656,1,-0.9479,0
2012-10-09,sh.600011,4.20519495,4.2789703,4.13812645,4.2253155,4.20519495,20169432,126267305.0,0.201694,1,0.4785,0
2012-10-10,sh.600011,4.19178125,4.19178125,4.04423055,4.0911785,4.2253155,22787241,138855828.0,0.227872,1,-3.1746,0
2012-10-11,sh.600011,4.05764425,4.1045922,4.01740315,4.0911785,4.0911785,12635549,76526426.0,0.126355,1,0.0,0
2012-10-12,sh.600011,4.0911785,4.13812645,4.00398945,4.0509374,4.0911785,11936258,72311964.0,0.119363,1,-0.9836,0
2012-10-15,sh.600011,4.03081685,4.12471275,4.03081685,4.08447165,4.0509374,8385959,51230143.0,0.08386,1,0.8278,0
2012-10-16,sh.600011,4.0777648,4.1045922,3.92350725,3.9570415,4.08447165,19905754,118537426.0,0.199058,1,-3.1199,0
2012-10-17,sh.600011,3.97716205,4.12471275,3.9704552,4.05764425,3.9570415,13771310,83168676.0,0.137713,1,2.5424,0
2012-10-18,sh.600011,4.08447165,4.15154015,4.05764425,4.07105795,4.05764425,14925633,91344971.0,0.149256,1,0.3306,0
2012-10-19,sh.600011,4.0911785,4.0911785,3.97716205,4.0106963,4.07105795,12500550,74739982.0,0.125005,1,-1.482704,0
2012-10-22,sh.600011,4.01740315,4.07105795,3.9838689,4.04423055,4.0106963,6170237,37186338.0,0.061702,1,0.8361,0
2012-10-23,sh.600011,4.04423055,4.0643511,3.9570415,4.01740315,4.04423055,10381753,62065911.0,0.103818,1,-0.6633,0
2012-10-24,sh.600011,4.02411,4.25884975,3.9972826,4.2119018,4.01740315,31194927,192406353.0,0.311949,1,4.8414,0
2012-10-25,sh.600011,4.2253155,4.41981415,4.1850744,4.25884975,4.2119018,27834477,178532193.0,0.278345,1,1.1146,0
2012-10-26,sh.600011,4.2655566,4.39298675,4.2253155,4.32591825,4.25884975,22235641,142932562.0,0.222356,1,1.5748,0
2012-10-29,sh.600011,4.31250455,4.4533484,4.2253155,4.292384,4.32591825,16100201,103879179.0,0.161002,1,-0.7752,0
2012-10-30,sh.600011,4.25884975,4.3192114,4.158247,4.17836755,4.292384,17010398,107838601.0,0.170104,1,-2.6562,0
2012-10-31,sh.600011,4.17836755,4.3594525,4.03081685,4.31250455,4.17836755,20826895,129679502.0,0.208269,1,3.2103,0
2012-11-01,sh.600011,4.27226345,4.41981415,4.2387292,4.40640045,4.31250455,14154349,92411063.0,0.141543,1,2.1773,0
2012-11-02,sh.600011,4.37957305,4.44664155,4.32591825,4.3862799,4.40640045,6113570,39996027.0,0.061136,1,-0.4566,0
2012-11-05,sh.600011,4.36615935,4.4667621,4.3192114,4.3460388,4.3862799,11097157,72676324.0,0.110972,1,-0.9174,0
2012-11-06,sh.600011,4.3460388,4.4533484,4.32591825,4.4399347,4.3460388,11558530,75831211.0,0.115585,1,2.1605,0
2012-11-07,sh.600011,4.44664155,4.5070032,4.3862799,4.48688265,4.4399347,6070595,40358291.0,0.060706,1,1.0574,0
2012-11-08,sh.600011,4.46005525,4.5070032,4.36615935,4.37957305,4.48688265,6672638,43806149.0,0.066726,1,-2.3916,0
2012-11-09,sh.600011,4.37957305,4.41981415,4.2789703,4.3192114,4.37957305,5344627,34560026.0,0.053446,1,-1.3783,0
2012-11-12,sh.600011,4.3192114,4.48688265,4.31250455,4.3862799,4.3192114,14233814,93146647.0,0.142338,1,1.5528,0
2012-11-13,sh.600011,4.3862799,4.39298675,4.28567715,4.3862799,4.3862799,8786379,56855822.0,0.087864,1,0.0,0
2012-11-14,sh.600011,4.3728662,4.44664155,4.3326251,4.426521,4.3862799,6065957,39951751.0,0.06066,1,0.9174,0
2012-11-15,sh.600011,4.3862799,4.4399347,4.24543605,4.28567715,4.426521,10162182,65514649.0,0.101622,1,-3.1818,0
2012-11-16,sh.600011,4.25884975,4.29909085,4.1314196,4.23202235,4.28567715,15690728,98250858.0,0.156907,1,-1.252,0
2012-11-19,sh.600011,4.2253155,4.2253155,4.07105795,4.11129905,4.23202235,12706108,77856505.0,0.127061,1,-2.8526,0
2012-11-20,sh.600011,4.1314196,4.2655566,4.1045922,4.2387292,4.11129905,9973062,62077592.0,0.099731,1,3.0995,0
2012-11-21,sh.600011,4.24543605,4.3594525,4.21860865,4.31250455,4.2387292,6469126,41567740.0,0.064691,1,1.7405,0
2012-11-22,sh.600011,4.292384,4.39298675,4.28567715,4.33933195,4.31250455,6825599,44213870.0,0.068256,1,0.6221,0
2012-11-23,sh.600011,4.39298675,4.426521,4.31250455,4.4131073,4.33933195,11831470,77163214.0,0.118315,1,1.7002,0
2012-11-26,sh.600011,4.3460388,4.4533484,4.33933195,4.39298675,4.4131073,12347409,81209562.0,0.123474,1,-0.4559,0
2012-11-27,sh.600011,4.35274565,4.4399347,4.2789703,4.35274565,4.39298675,9872835,64028162.0,0.098728,1,-0.916,0
2012-11-28,sh.600011,4.35274565,4.3728662,4.16495385,4.27226345,4.35274565,6819396,43715636.0,0.068194,1,-1.849,0
2012-11-29,sh.600011,4.2655566,4.35274565,4.158247,4.29909085,4.27226345,12761595,81291869.0,0.127616,1,0.6279,0
2012-11-30,sh.600011,4.292384,4.44664155,4.23202235,4.40640045,4.29909085,12110955,78489180.0,0.12111,1,2.4961,0
2012-12-03,sh.600011,4.3996936,4.5472443,4.3862799,4.48688265,4.40640045,12464212,83359781.0,0.124642,1,1.8265,0
2012-12-04,sh.600011,4.52712375,4.54053745,4.44664155,4.51371005,4.48688265,9128998,61210533.0,0.09129,1,0.5979,0
2012-12-05,sh.600011,4.52712375,4.963069,4.44664155,4.59419225,4.51371005,32893039,226941708.0,0.32893,1,1.7831,0
2012-12-06,sh.600011,4.59419225,4.7618635,4.47346895,4.72832925,4.59419225,20456005,141805257.0,0.20456,1,2.9197,0
2012-12-07,sh.600011,4.7082087,4.8825868,4.60760595,4.7082087,4.72832925,31035741,220523594.0,0.310357,1,-0.4255,0
2012-12-10,sh.600011,4.7752772,4.82222515,4.54053745,4.62101965,4.7082087,27282427,189000297.0,0.272824,1,-1.8519,0
2012-12-11,sh.600011,4.56736485,4.6008991,4.46005525,4.59419225,4.62101965,24510848,165271168.0,0.245108,1,-0.5806,0
2012-12-12,sh.600011,4.54053745,4.6008991,4.48688265,4.5740717,4.59419225,12490170,84384213.0,0.124902,1,-0.438,0
2012-12-13,sh.600011,4.5204169,4.62101965,4.51371005,4.58077855,4.5740717,17974985,122767770.0,0.17975,1,0.1466,0
2012-12-14,sh.600011,4.5874854,4.7484498,4.54053745,4.7350361,4.58077855,30199602,209934081.0,0.301996,1,3.3675,0
2012-12-17,sh.600011,4.72832925,4.78198405,4.48688265,4.50029635,4.7350361,32136807,220944914.0,0.321368,1,-4.9575,0
2012-12-18,sh.600011,4.5472443,4.5472443,4.46005525,4.51371005,4.50029635,22770157,152716716.0,0.227702,1,0.2981,0
2012-12-19,sh.600011,4.4935895,4.50029635,4.36615935,4.46005525,4.51371005,39835208,262257667.0,0.398352,1,-1.1887,0
2012-12-20,sh.600011,4.41981415,4.52712375,4.41981415,4.5070032,4.46005525,12838559,85865724.0,0.128386,1,1.0526,0
2012-12-21,sh.600011,4.5204169,4.5472443,4.3057977,4.39298675,4.5070032,33528407,219947302.0,0.335284,1,-2.5298,0
2012-12-24,sh.600011,4.3594525,4.46005525,4.3460388,4.44664155,4.39298675,18299085,120631830.0,0.182991,1,1.2214,0
2012-12-25,sh.600011,4.4399347,4.7082087,4.41981415,4.60760595,4.44664155,34384899,232524292.0,0.343849,1,3.6199,0
2012-12-26,sh.600011,4.6008991,4.60760595,4.47346895,4.56736485,4.60760595,40549431,273145047.0,0.405494,1,-0.8734,0
2012-12-27,sh.600011,4.54053745,4.58077855,4.47346895,4.52712375,4.56736485,25084856,169056966.0,0.250849,1,-0.8811,0
2012-12-28,sh.600011,4.5204169,4.6411402,4.5070032,4.62101965,4.52712375,28716364,195644043.0,0.287164,1,2.0741,0
2012-12-31,sh.600011,4.6143128,4.8155183,4.6143128,4.7886909,4.62101965,31058273,218483377.0,0.310583,1,3.6284,0
2013-01-04,sh.600011,4.7618635,4.80881145,4.62101965,4.6813813,4.7886909,25714922,180513024.0,0.257149,1,-2.2409,0
2013-01-07,sh.600011,4.67467445,4.72832925,4.6545539,4.70150185,4.6813813,23415639,163829952.0,0.234156,1,0.4298,0
2013-01-08,sh.600011,4.70150185,4.7886909,4.64784705,4.76857035,4.70150185,20102271,140554250.0,0.201023,1,1.4265,0
2013-01-09,sh.600011,4.76857035,4.76857035,4.52712375,4.59419225,4.76857035,35467266,244878503.0,0.354673,1,-3.6568,0
2013-01-10,sh.600011,4.58077855,4.5874854,4.46005525,4.4935895,4.59419225,47243873,316583198.0,0.472439,1,-2.1898,0
2013-01-11,sh.600011,4.4935895,4.4935895,4.3594525,4.39298675,4.4935895,35455418,232968991.0,0.354554,1,-2.2388,0
2013-01-14,sh.600011,4.39298675,4.50029635,4.35274565,4.4801758,4.39298675,48359607,318437634.0,0.483596,1,1.9847,0
2013-01-15,sh.600011,4.4533484,4.47346895,4.3862799,4.4399347,4.4801758,47810841,315175460.0,0.478108,1,-0.8982,0
2013-01-16,sh.600011,4.43322785,4.4801758,4.37957305,4.43322785,4.4399347,33535492,221886790.0,0.335355,1,-0.1511,0
2013-01-17,sh.600011,4.43322785,4.47346895,4.40640045,4.4131073,4.43322785,27934302,184731920.0,0.279343,1,-0.4539,0
2013-01-18,sh.600011,4.4399347,4.4667621,4.4131073,4.46005525,4.4131073,36770979,243298776.0,0.36771,1,1.0638,0
2013-01-21,sh.600011,4.46005525,4.4667621,4.25884975,4.28567715,4.46005525,65883901,426226184.0,0.658839,1,-3.9098,0
2013-01-22,sh.600011,4.2655566,4.27226345,4.0777648,4.16495385,4.28567715,75708296,467064315.0,0.757083,1,-2.8169,0
2013-01-23,sh.600011,4.1448333,4.20519495,4.1180059,4.20519495,4.16495385,29756519,185155024.0,0.297565,1,0.9662,0
2013-01-24,sh.600011,4.21860865,4.2521429,4.15154015,4.1716607,4.20519495,31742809,199149275.0,0.317428,1,-0.7974,0
2013-01-25,sh.600011,4.17836755,4.23202235,4.1716607,4.2119018,4.1716607,15261692,95522362.0,0.152617,1,0.9646,0
2013-01-28,sh.600011,4.2521429,4.2521429,4.1850744,4.2253155,4.2119018,37364434,234339913.0,0.373644,1,0.3185,0
2013-01-29,sh.600011,4.2253155,4.2387292,4.15154015,4.2387292,4.2253155,54891572,342724509.0,0.548916,1,0.3175,0
2013-01-30,sh.600011,4.2387292,4.28567715,4.19178125,4.2789703,4.2387292,41397268,262550979.0,0.413973,1,0.9494,0
2013-01-31,sh.600011,4.2789703,4.5472443,4.23202235,4.54053745,4.2789703,91557248,602118267.0,0.915572,1,6.1129,0
2013-02-01,sh.600011,4.5204169,4.62101965,4.4667621,4.5338306,4.54053745,54755988,370987909.0,0.54756,1,-0.1477,0
2013-02-04,sh.600011,4.5338306,4.72832925,4.52712375,4.5472443,4.5338306,55624542,384394406.0,0.556245,1,0.2959,0
2013-02-05,sh.600011,4.5472443,4.6411402,4.52712375,4.60760595,4.5472443,41589125,283562654.0,0.415891,1,1.3274,0
2013-02-06,sh.600011,4.6008991,4.66126075,4.51371005,4.54053745,4.60760595,34493476,235234274.0,0.344935,1,-1.4556,0
2013-02-07,sh.600011,4.4935895,4.6008991,4.46005525,4.55395115,4.54053745,29742391,201110948.0,0.297424,1,0.2954,0
2013-02-08,sh.600011,4.5472443,4.60760595,4.54053745,4.55395115,4.55395115,14769112,100814289.0,0.147691,1,0.0,0
2013-02-18,sh.600011,4.58077855,4.5874854,4.46005525,4.50029635,4.55395115,18088556,121723784.0,0.180886,1,-1.1782,0
2013-02-19,sh.600011,4.5070032,4.5204169,4.39298675,4.40640045,4.50029635,16819716,111573562.0,0.168197,1,-2.0864,0
2013-02-20,sh.600011,4.40640045,4.51371005,4.3862799,4.48688265,4.40640045,24882267,165178325.0,0.248823,1,1.8265,0
2013-02-21,sh.600011,4.43322785,4.4801758,4.28567715,4.3460388,4.48688265,33922654,221381115.0,0.339227,1,-3.139,0
2013-02-22,sh.600011,4.37957305,4.37957305,4.3192114,4.3326251,4.3460388,11670972,75635772.0,0.11671,1,-0.3086,0
2013-02-25,sh.600011,4.3460388,4.5204169,4.29909085,4.44664155,4.3326251,26619094,175730504.0,0.266191,1,2.6316,0
2013-02-26,sh.600011,4.426521,4.48688265,4.292384,4.31250455,4.44664155,26048699,170607945.0,0.260487,1,-3.0166,0
2013-02-27,sh.600011,4.3728662,4.41981415,4.28567715,4.3326251,4.31250455,18750250,121621782.0,0.187502,1,0.4666,0
2013-02-28,sh.600011,4.32591825,4.44664155,4.3057977,4.43322785,4.3326251,23839292,155934686.0,0.238393,1,2.322,0
2013-03-01,sh.600011,4.43322785,4.4801758,4.35274565,4.47346895,4.43322785,24770259,162511517.0,0.247703,1,0.9077,0
2013-03-04,sh.600011,4.46005525,4.59419225,4.41981415,4.4667621,4.47346895,55767424,376936179.0,0.557674,1,-0.1499,0
2013-03-05,sh.600011,4.4801758,4.68808815,4.4399347,4.560658,4.4667621,37516960,256428333.0,0.37517,1,2.1021,0
2013-03-06,sh.600011,4.66126075,4.7886909,4.64784705,4.68808815,4.560658,41264113,290328655.0,0.412641,1,2.7941,0
2013-03-07,sh.600011,4.6411402,4.7484498,4.59419225,4.72832925,4.68808815,35316711,247065552.0,0.353167,1,0.8584,0
2013-03-08,sh.600011,4.7484498,4.76857035,4.6545539,4.66126075,4.72832925,12787188,89449581.0,0.127872,1,-1.4184,0
2013-03-11,sh.600011,4.6277265,4.6679676,4.5472443,4.5740717,4.66126075,21761180,149386249.0,0.217612,1,-1.8705,0
2013-03-12,sh.600011,4.5874854,4.68808815,4.48688265,4.560658,4.5740717,34605980,236972364.0,0.34606,1,-0.2933,0
2013-03-13,sh.600011,4.55395115,4.56736485,4.40640045,4.4801758,4.560658,16144642,107275559.0,0.161446,1,-1.7647,0
2013-03-14,sh.600011,4.3728662,4.4935895,4.36615935,4.4667621,4.4801758,9568887,63389482.0,0.095689,1,-0.2994,0
2013-03-15,sh.600011,4.46005525,4.560658,4.3996936,4.5338306,4.4667621,17963341,120933197.0,0.179633,1,1.5015,0
2013-03-18,sh.600011,4.5338306,4.6545539,4.47346895,4.62101965,4.5338306,24227408,165138992.0,0.242274,1,1.9231,0
2013-03-19,sh.600011,4.6277265,4.80881145,4.6277265,4.7484498,4.62101965,35642798,252346144.0,0.356428,1,2.7576,0
2013-03-20,sh.600011,4.74174295,4.79539775,4.62101965,4.66126075,4.7484498,43758706,305330688.0,0.437587,1,-1.8362,0
2013-03-21,sh.600011,4.6679676,4.7082087,4.62101965,4.6411402,4.66126075,19407140,134836688.0,0.194071,1,-0.4317,0
2013-03-22,sh.600011,4.66126075,4.6813813,4.560658,4.66126075,4.6411402,15810353,108890288.0,0.158104,1,0.4335,0
2013-03-25,sh.600011,4.6813813,4.68808815,4.56736485,4.60760595,4.66126075,14796489,101702432.0,0.147965,1,-1.1511,0
2013-03-26,sh.600011,4.56736485,4.6008991,4.48688265,4.5740717,4.60760595,18199853,123313376.0,0.181999,1,-0.7278,0
2013-03-27,sh.600011,4.56736485,4.67467445,4.5472443,4.6679676,4.5740717,21430182,147792624.0,0.214302,1,2.0528,0
2013-03-28,sh.600011,4.63443335,4.6813813,4.50029635,4.55395115,4.6679676,22241403,151774304.0,0.222414,1,-2.4425,0
2013-03-29,sh.600011,4.59419225,4.6679676,4.560658,4.6277265,4.55395115,15815519,109099528.0,0.158155,1,1.62,0
2013-04-01,sh.600011,4.58077855,4.6008991,4.5070032,4.5472443,4.6277265,8849105,60021044.0,0.088491,1,-1.7391,0
2013-04-02,sh.600011,4.52712375,4.64784705,4.52712375,4.55395115,4.5472443,16529439,113088280.0,0.165294,1,0.1475,0
2013-04-03,sh.600011,4.5740717,4.6143128,4.51371005,4.560658,4.55395115,11701636,79398384.0,0.117016,1,0.1473,0
2013-04-08,sh.600011,4.4801758,4.55395115,4.4667621,4.50029635,4.560658,13930271,93604416.0,0.139303,1,-1.3235,0
2013-04-09,sh.600011,4.54053745,4.55395115,4.46005525,4.4935895,4.50029635,13824262,92836288.0,0.138243,1,-0.149,0
2013-04-10,sh.600011,4.4801758,4.50029635,4.32591825,4.3996936,4.4935895,31329760,205525856.0,0.313298,1,-2.0896,0
2013-04-11,sh.600011,4.3996936,4.41981415,4.35274565,4.3862799,4.3996936,13993442,91436304.0,0.139934,1,-0.3049,0
2013-04-12,sh.600011,4.3728662,4.41981415,4.3057977,4.3460388,4.3862799,20829977,135457664.0,0.2083,1,-0.91743,0
2013-04-15,sh.600011,4.3460388,4.3728662,4.25884975,4.28567715,4.3460388,15630146,100371568.0,0.156301,1,-1.3889,0
2013-04-16,sh.600011,4.29909085,4.32591825,4.1448333,4.158247,4.28567715,35134855,219019232.0,0.351349,1,-2.973397,0
2013-04-17,sh.600011,4.16495385,4.20519495,4.1045922,4.1850744,4.158247,23812711,147489024.0,0.238127,1,0.6452,0
2013-04-18,sh.600011,4.17836755,4.2789703,4.16495385,4.27226345,4.1850744,17633334,111205032.0,0.176333,1,2.0833,0
2013-04-19,sh.600011,4.2789703,4.3996936,4.27226345,4.36615935,4.27226345,23297016,151583360.0,0.23297,1,2.197808,0
2013-04-22,sh.600011,4.3460388,4.3728662,4.2655566,4.3460388,4.36615935,27151421,174940288.0,0.271514,1,-0.4608,0
2013-04-23,sh.600011,4.3460388,4.3728662,4.28567715,4.3594525,4.3460388,23817740,154356016.0,0.238177,1,0.3086,0
2013-04-24,sh.600011,4.39298675,4.426521,4.2789703,4.40640045,4.3594525,31503812,204973424.0,0.315038,1,1.0769,0
2013-04-25,sh.600011,4.40640045,4.4131073,4.31250455,4.39298675,4.40640045,18419383,120184584.0,0.184194,1,-0.3044,0
2013-04-26,sh.600011,4.3862799,4.3996936,4.2253155,4.27226345,4.39298675,17036094,109540888.0,0.170361,1,-2.748096,0
2013-05-02,sh.600011,4.27226345,4.36615935,4.2655566,4.35274565,4.27226345,16523606,106940944.0,0.165236,1,1.8838,0
2013-05-03,sh.600011,4.3862799,4.52712375,4.36615935,4.48688265,4.35274565,27727089,184812800.0,0.277271,1,3.081669,0
2013-05-06,sh.600011,4.4935895,4.58077855,4.48688265,4.5472443,4.48688265,21887381,148583056.0,0.218874,1,1.3453,0
2013-05-07,sh.600011,4.55395115,4.64784705,4.5472443,4.6277265,4.5472443,21236498,145630640.0,0.212365,1,1.7699,0
2013-05-08,sh.600011,4.6679676,4.7216224,4.6143128,4.6411402,4.6277265,29124171,203111952.0,0.291242,1,0.2899,0
2013-05-09,sh.600011,4.6411402,4.7216224,4.6277265,4.70150185,4.6411402,24088584,168686896.0,0.240886,1,1.3006,0
2013-05-10,sh.600011,4.63443335,4.70150185,4.560658,4.6143128,4.70150185,29214755,201430496.0,0.292148,1,-1.8545,0
2013-05-13,sh.600011,4.6008991,4.63443335,4.52712375,4.55395115,4.6143128,18531006,126464056.0,0.18531,1,-1.3081,0
2013-05-14,sh.600011,4.5338306,4.6008991,4.4935895,4.5740717,4.55395115,18055401,122126840.0,0.180554,1,0.4418,0
2013-05-15,sh.600011,4.55395115,4.6277265,4.5338306,4.60760595,4.5740717,11138401,76214368.0,0.111384,1,0.7331,0
2013-05-16,sh.600011,4.5874854,4.694795,4.55395115,4.67467445,4.60760595,16467151,113722736.0,0.164672,1,1.4556,0
2013-05-17,sh.600011,4.67467445,4.8557594,4.6679676,4.80881145,4.67467445,29344877,210597600.0,0.293449,1,2.8694,0
2013-05-20,sh.600011,4.8155183,4.82222515,4.694795,4.75515665,4.80881145,27427597,194647664.0,0.274276,1,-1.1158,0
2013-05-21,sh.600011,4.694795,4.74174295,4.560658,4.6277265,4.75515665,33060574,228185808.0,0.330606,1,-2.679832,0
2013-05-22,sh.600011,4.5874854,4.59419225,4.32591825,4.3594525,4.6277265,109893427,722491392.0,1.098934,1,-5.7971,0
2013-05-23,sh.600011,4.36615935,4.39298675,4.3326251,4.3460388,4.3594525,48553539,315441984.0,0.485535,1,-0.3077,0
2013-05-24,sh.600011,4.37957305,4.37957305,4.28567715,4.31250455,4.3460388,42426483,273006912.0,0.424265,1,-0.7716,0
2013-05-27,sh.600011,4.3057977,4.33933195,4.27226345,4.32591825,4.31250455,30743987,197280640.0,0.30744,1,0.311,0
2013-05-28,sh.600011,4.3192114,4.3862799,4.28567715,4.37957305,4.32591825,36022431,232999648.0,0.360224,1,1.2403,0
2013-05-29,sh.600011,4.3862799,4.41981415,4.3460388,4.3996936,4.37957305,36142887,236694304.0,0.361429,1,0.4594,0
2013-05-30,sh.600011,4.3862799,4.426521,4.35274565,4.3594525,4.3996936,25835312,168616192.0,0.258353,1,-0.9146,0
2013-05-31,sh.600011,4.3594525,4.3862799,4.292384,4.29909085,4.3594525,28311760,182245280.0,0.283118,1,-1.384618,0
2013-06-03,sh.600011,4.3057977,4.32591825,4.2789703,4.28567715,4.29909085,25337527,162320112.0,0.253375,1,-0.312,0
2013-06-04,sh.600011,4.292384,4.29909085,4.20519495,4.23202235,4.28567715,24400889,154297056.0,0.244009,1,-1.252,0
2013-06-05,sh.600011,4.23202235,4.2789703,4.2253155,4.2655566,4.23202235,12577869,79759552.0,0.125779,1,0.7924,0
2013-06-06,sh.600011,4.2655566,4.2655566,4.20519495,4.2119018,4.2655566,13629993,86145152.0,0.1363,1,-1.2579,0
2013-06-07,sh.600011,4.23202235,4.25884975,4.1448333,4.158247,4.2119018,20141893,125661296.0,0.201419,1,-1.2739,0
2013-06-13,sh.600011,4.07105795,4.09788535,3.7424223,3.80278395,4.158247,60362546,346983264.0,0.603625,1,-8.5484,0
2013-06-14,sh.600011,3.8229045,3.8363182,3.68206065,3.76254285,3.80278395,41627253,232353968.0,0.416273,1,-1.0582,0
2013-06-17,sh.600011,3.76254285,3.76254285,3.69547435,3.7021812,3.76254285,26299613,146024752.0,0.262996,1,-1.6043,0
2013-06-18,sh.600011,3.72230175,3.73571545,3.65523325,3.6887675,3.7021812,24991264,137360992.0,0.249913,1,-0.3623,0
2013-06-19,sh.600011,3.68206065,3.68206065,3.53450995,3.621699,3.6887675,41005373,219113456.0,0.410054,1,-1.8182,0
2013-06-20,sh.600011,3.60157845,3.6485264,3.54792365,3.6351127,3.621699,34790281,186051200.0,0.347903,1,0.3704,0
2013-06-21,sh.600011,3.58816475,3.68206065,3.56133735,3.66864695,3.6351127,24608279,133747248.0,0.246083,1,0.9225,0
2013-06-24,sh.600011,3.65523325,3.6619401,3.41378665,3.4204935,3.66864695,35038399,185622496.0,0.350384,1,-6.7642,0
2013-06-25,sh.600011,3.3668387,3.50768255,3.1924606,3.48085515,3.4204935,38696402,194244800.0,0.386964,1,1.7647,0
2013-06-26,sh.600011,3.45402775,3.48085515,3.36013185,3.41378665,3.48085515,42996503,218368976.0,0.429965,1,-1.9268,0
2013-06-27,sh.600011,3.44061405,3.68206065,3.44061405,3.57475105,3.41378665,59140348,315376832.0,0.591403,1,4.7151,0
2013-06-28,sh.600011,3.57475105,3.6753538,3.53450995,3.5814579,3.57475105,32456969,174831984.0,0.32457,1,0.1876,0
2013-07-01,sh.600011,3.5814579,3.6619401,3.5546305,3.5948716,3.5814579,23188115,124560352.0,0.231881,1,0.3745,0
2013-07-02,sh.600011,3.60157845,3.6485264,3.57475105,3.64181955,3.5948716,16518491,89284976.0,0.165185,1,1.306,0
2013-07-03,sh.600011,3.6351127,3.6351127,3.45402775,3.5278031,3.64181955,27667455,145118400.0,0.276675,1,-3.1308,0
2013-07-04,sh.600011,3.520818,3.65354725,3.4230175,3.604647,3.52780375,24730676,126284920.0,0.247307,1,2.1782,0
2013-07-05,sh.600011,3.604647,3.716419,3.604647,3.70943325,3.604647,19814938,103960360.0,0.198149,1,2.907,0
2013-07-08,sh.600011,3.688476,3.688476,3.604647,3.62560425,3.70943325,16584047,86479360.0,0.16584,1,-2.2599,0
2013-07-09,sh.600011,3.65354725,3.70943325,3.63957575,3.688476,3.62560425,11868600,62396012.0,0.118686,1,1.7341,0
2013-07-10,sh.600011,3.688476,3.76531925,3.6745045,3.73737625,3.688476,16873804,89974032.0,0.168738,1,1.3258,0
2013-07-11,sh.600011,3.744362,3.9539345,3.744362,3.939963,3.73737625,38164666,211897376.0,0.381647,1,5.4206,0
2013-07-12,sh.600011,3.967906,3.97489175,3.7862765,3.8421625,3.939963,24278344,135173664.0,0.242783,1,-2.4823,0
2013-07-15,sh.600011,3.80723375,3.884077,3.79326225,3.82120525,3.8421625,22603876,123938736.0,0.226039,1,-0.5455,0
2013-07-16,sh.600011,3.800248,3.8421625,3.76531925,3.8142195,3.82120525,17773055,96723976.0,0.177731,1,-0.1828,0
2013-07-17,sh.600011,3.8142195,3.8421625,3.79326225,3.80723375,3.8142195,12482264,68178672.0,0.124823,1,-0.1832,0
2013-07-18,sh.600011,3.79326225,3.8142195,3.70943325,3.75134775,3.80723375,27809695,149258192.0,0.278097,1,-1.4679,0
2013-07-19,sh.600011,3.76531925,3.7862765,3.688476,3.69546175,3.75134775,17146340,91938584.0,0.171463,1,-1.4898,0
2013-07-22,sh.600011,3.66751875,3.69546175,3.5906755,3.65354725,3.69546175,16605267,86736288.0,0.166053,1,-1.1342,0
2013-07-23,sh.600011,3.66751875,3.75134775,3.6465615,3.716419,3.65354725,17519415,93199504.0,0.175194,1,1.7208,0
2013-07-24,sh.600011,3.70943325,3.72340475,3.576704,3.63259,3.716419,21560399,111816680.0,0.215604,1,-2.2556,0
2013-07-25,sh.600011,3.6465615,3.65354725,3.56971825,3.5906755,3.63259,18781111,96902632.0,0.187811,1,-1.1538,0
2013-07-26,sh.600011,3.56971825,3.66751875,3.5627325,3.660533,3.5906755,18289064,94746672.0,0.182891,1,1.9455,0
2013-07-29,sh.600011,3.62560425,3.69546175,3.604647,3.69546175,3.660533,18639182,97753792.0,0.186392,1,0.9542,0
2013-07-30,sh.600011,3.72340475,3.8421625,3.716419,3.77929075,3.69546175,27338438,148174720.0,0.273384,1,2.2684,0
2013-07-31,sh.600011,3.8421625,3.90503425,3.73737625,3.73737625,3.77929075,30377261,165888992.0,0.303773,1,-1.1091,0
2013-08-01,sh.600011,3.772305,3.8980485,3.7583335,3.89106275,3.73737625,42569645,234860896.0,0.425696,1,4.1121,0
2013-08-02,sh.600011,3.91202,3.939963,3.80723375,3.8421625,3.89106275,27480208,151861472.0,0.274802,1,-1.2567,0
2013-08-05,sh.600011,3.86311975,3.939963,3.82120525,3.91900575,3.8421625,30297156,168716608.0,0.302972,1,2.0,0
2013-08-06,sh.600011,3.91202,4.1215925,3.87709125,4.10063525,3.91900575,54530138,313560704.0,0.545301,1,4.6346,0
2013-08-07,sh.600011,4.04474925,4.11460675,4.01680625,4.051735,4.10063525,35774235,208207776.0,0.357742,1,-1.1925,0
2013-08-08,sh.600011,4.051735,4.05872075,3.98886325,4.0377635,4.051735,25287521,145585888.0,0.252875,1,-0.3448,0
2013-08-09,sh.600011,4.0377635,4.079678,3.8980485,4.023792,4.0377635,35880628,205495296.0,0.358806,1,-0.346,0
2013-08-12,sh.600011,4.051735,4.107621,4.0098205,4.0936495,4.023792,33619287,196207696.0,0.336193,1,1.7361,0
2013-08-13,sh.600011,4.0936495,4.135564,4.0377635,4.04474925,4.0936495,29130277,170473440.0,0.291303,1,-1.1945,0
2013-08-14,sh.600011,4.04474925,4.0657065,3.9818775,3.98886325,4.04474925,18680406,107854800.0,0.186804,1,-1.3817,0
2013-08-15,sh.600011,4.0098205,4.051735,3.96092025,3.97489175,3.98886325,14721709,84390848.0,0.147217,1,-0.3503,0
2013-08-16,sh.600011,3.9818775,4.3730795,3.91900575,3.995849,3.97489175,38010678,221358064.0,0.380107,1,0.5272,0
2013-08-19,sh.600011,3.97489175,3.97489175,3.80723375,3.87709125,3.995849,47801818,265458864.0,0.478018,1,-2.972,0
2013-08-20,sh.600011,3.8980485,3.94694875,3.82120525,3.84914825,3.87709125,30401790,168484304.0,0.304018,1,-0.7207,0
2013-08-21,sh.600011,3.884077,3.884077,3.82120525,3.84914825,3.84914825,17491387,96284608.0,0.174914,1,0.0,0
2013-08-22,sh.600011,3.83517675,3.8701055,3.800248,3.828191,3.84914825,15264448,83513880.0,0.152644,1,-0.5445,0
2013-08-23,sh.600011,3.83517675,3.84914825,3.7303905,3.772305,3.828191,16644548,90115008.0,0.166445,1,-1.4599,0
2013-08-26,sh.600011,3.772305,3.84914825,3.744362,3.83517675,3.772305,21236116,115890120.0,0.212361,1,1.6667,0
2013-08-27,sh.600011,3.828191,3.856134,3.80723375,3.84914825,3.83517675,14949510,81950688.0,0.149495,1,0.3643,0
2013-08-28,sh.600011,3.82120525,3.8701055,3.80723375,3.856134,3.84914825,20641957,113522720.0,0.20642,1,0.1815,0
2013-08-29,sh.600011,3.86311975,3.86311975,3.79326225,3.80723375,3.856134,16439712,89878856.0,0.164397,1,-1.2681,0
2013-08-30,sh.600011,3.800248,3.86311975,3.79326225,3.82120525,3.80723375,20869159,114234176.0,0.208692,1,0.367,0
2013-09-02,sh.600011,3.82120525,3.86311975,3.80723375,3.83517675,3.82120525,17276228,94901104.0,0.172762,1,0.3656,0
2013-09-03,sh.600011,3.84914825,3.86311975,3.8142195,3.856134,3.83517675,19252063,105880176.0,0.192521,1,0.5464,0
2013-09-04,sh.600011,3.8421625,3.8421625,3.8142195,3.83517675,3.856134,19466090,106730592.0,0.194661,1,-0.5435,0
2013-09-05,sh.600011,3.83517675,3.84914825,3.77929075,3.7862765,3.83517675,18718863,102261136.0,0.187189,1,-1.275,0
2013-09-06,sh.600011,3.77929075,3.800248,3.70943325,3.72340475,3.7862765,28371762,151877072.0,0.283718,1,-1.6605,0
2013-09-09,sh.600011,3.7303905,3.82120525,3.7024475,3.80723375,3.72340475,27980303,151247936.0,0.279803,1,2.2514,0
2013-09-10,sh.600011,3.8142195,3.8980485,3.79326225,3.8980485,3.80723375,39266357,217101392.0,0.392664,1,2.3853,0
2013-09-11,sh.600011,3.90503425,4.01680625,3.87709125,3.9818775,3.8980485,71360897,405857344.0,0.713609,1,2.1505,0
2013-09-12,sh.600011,3.9539345,4.01680625,3.8980485,3.98886325,3.9818775,48551081,275011104.0,0.485511,1,0.1754,0
2013-09-13,sh.600011,3.96092025,3.9818775,3.89106275,3.91900575,3.98886325,26999075,151862910.0,0.269991,1,-1.7513,0
2013-09-16,sh.600011,3.94694875,3.9539345,3.90503425,3.9259915,3.91900575,26726259,150310127.0,0.267263,1,0.1783,0
2013-09-17,sh.600011,3.9259915,3.9259915,3.828191,3.83517675,3.9259915,22075379,122329873.0,0.220754,1,-2.3132,0
2013-09-18,sh.600011,3.856134,3.87709125,3.828191,3.86311975,3.83517675,12501228,68958963.0,0.125012,1,0.7286,0
2013-09-23,sh.600011,3.8701055,3.939963,3.8701055,3.9259915,3.86311975,15532918,87076590.0,0.155329,1,1.6275,0
2013-09-24,sh.600011,3.91202,3.91900575,3.8142195,3.8421625,3.9259915,15609884,86158656.0,0.156099,1,-2.1352,0
2013-09-25,sh.600011,3.83517675,3.86311975,3.80723375,3.83517675,3.8421625,11722344,64272019.0,0.117223,1,-0.1818,0
2013-09-26,sh.600011,3.84914825,3.8701055,3.77929075,3.800248,3.83517675,16568478,90478558.0,0.165685,1,-0.9107,0
2013-09-27,sh.600011,3.77929075,3.800248,3.7303905,3.75134775,3.800248,14136297,75895563.0,0.141363,1,-1.2868,0
2013-09-30,sh.600011,3.7583335,3.7862765,3.7303905,3.75134775,3.75134775,6323685,33936628.0,0.063237,1,0.0,0
2013-10-08,sh.600011,3.744362,3.8421625,3.7303905,3.83517675,3.75134775,20467110,111071551.0,0.204671,1,2.2346,0
2013-10-09,sh.600011,3.80723375,3.856134,3.80723375,3.828191,3.83517675,10753370,59015723.0,0.107534,1,-0.1821,0
2013-10-10,sh.600011,3.82120525,3.8421625,3.744362,3.800248,3.828191,16495396,89355749.0,0.164954,1,-0.7299,0
2013-10-11,sh.600011,3.82120525,3.8421625,3.7862765,3.8421625,3.800248,12912017,70679049.0,0.12912,1,1.1029,0
2013-10-14,sh.600011,3.84914825,3.86311975,3.8142195,3.83517675,3.8421625,18049360,99059780.0,0.180494,1,-0.1818,0
2013-10-15,sh.600011,3.83517675,3.995849,3.83517675,3.9539345,3.83517675,44210048,248526595.0,0.4421,1,3.0965,0
2013-10-16,sh.600011,3.939963,4.01680625,3.93297725,3.96092025,3.9539345,38522981,219348155.0,0.38523,1,0.1767,0
2013-10-17,sh.600011,3.97489175,3.995849,3.91900575,3.9539345,3.96092025,24170716,136876092.0,0.241707,1,-0.1764,0
2013-10-18,sh.600011,3.93297725,4.00283475,3.9259915,3.98886325,3.9539345,21694957,123578632.0,0.21695,1,0.8834,0
2013-10-21,sh.600011,3.98886325,4.0377635,3.9818775,4.0377635,3.98886325,24045176,138056795.0,0.240452,1,1.2259,0
2013-10-22,sh.600011,4.04474925,4.12857825,4.0377635,4.11460675,4.0377635,28832162,168767767.0,0.288322,1,1.9031,0
2013-10-23,sh.600011,3.9818775,4.0657065,3.856134,3.87709125,4.11460675,40477911,228351432.0,0.404779,1,-5.7725,0
2013-10-24,sh.600011,3.86311975,3.91900575,3.83517675,3.8421625,3.87709125,22713995,125522967.0,0.22714,1,-0.9009,0
2013-10-25,sh.600011,3.83517675,3.87709125,3.7303905,3.772305,3.8421625,23948882,130864188.0,0.239489,1,-1.8182,0
2013-10-28,sh.600011,3.7862765,3.80723375,3.73737625,3.80723375,3.772305,13857313,74907274.0,0.138573,1,0.9259,0
2013-10-29,sh.600011,3.8142195,3.93297725,3.800248,3.884077,3.80723375,31640757,175492535.0,0.316408,1,2.0183,0
2013-10-30,sh.600011,3.91202,4.22637875,3.884077,4.08666375,3.884077,70484788,411518368.0,0.704848,1,5.2158,0
2013-10-31,sh.600011,4.07269225,4.079678,3.96092025,4.03077775,4.08666375,32799702,188883840.0,0.327997,1,-1.3675,0
2013-11-01,sh.600011,4.051735,4.07269225,4.00283475,4.04474925,4.03077775,26083976,151216741.0,0.26084,1,0.3466,0
2013-11-04,sh.600011,4.07269225,4.1495355,4.023792,4.051735,4.04474925,18940853,110572363.0,0.189409,1,0.1727,0
2013-11-05,sh.600011,4.01680625,4.05872075,3.9818775,4.0377635,4.051735,18849326,108500281.0,0.188493,1,-0.3448,0
2013-11-06,sh.600011,4.01680625,4.07269225,3.995849,4.00283475,4.0377635,12829898,74077141.0,0.128299,1,-0.8651,0
2013-11-07,sh.600011,3.995849,4.051735,3.967906,4.023792,4.00283475,9033397,51898776.0,0.090334,1,0.5236,0
2013-11-08,sh.600011,3.995849,4.08666375,3.91900575,4.0098205,4.023792,14210246,81635187.0,0.142102,1,-0.3472,0
2013-11-11,sh.600011,3.9818775,4.0098205,3.93297725,3.97489175,4.0098205,8940504,50679577.0,0.089405,1,-0.8711,0
2013-11-12,sh.600011,3.97489175,3.98886325,3.91900575,3.967906,3.97489175,13971637,79093285.0,0.139716,1,-0.1757,0
2013-11-13,sh.600011,3.91900575,3.94694875,3.79326225,3.856134,3.967906,16827302,92831725.0,0.168273,1,-2.8169,0
2013-11-14,sh.600011,3.856134,3.856134,3.7862765,3.79326225,3.856134,12178921,66538955.0,0.121789,1,-1.6304,0
2013-11-15,sh.600011,3.79326225,3.8701055,3.79326225,3.82120525,3.79326225,40327545,220824629.0,0.403275,1,0.7366,0
2013-11-18,sh.600011,3.83517675,3.884077,3.800248,3.87709125,3.82120525,48031192,263501711.0,0.480312,1,1.4625,0
2013-11-19,sh.600011,3.87709125,3.89106275,3.84914825,3.8701055,3.87709125,28317240,156953867.0,0.283172,1,-0.1802,0
2013-11-20,sh.600011,3.8701055,3.89106275,3.856134,3.884077,3.8701055,15282621,84733437.0,0.152826,1,0.361,0
2013-11-21,sh.600011,3.8701055,3.8701055,3.83517675,3.8701055,3.884077,13004363,71725334.0,0.130044,1,-0.3597,0
2013-11-22,sh.600011,3.87709125,3.87709125,3.828191,3.8421625,3.8701055,17735460,97743224.0,0.177355,1,-0.722,0
2013-11-25,sh.600011,3.8142195,3.83517675,3.76531925,3.79326225,3.8421625,28987124,157773044.0,0.289871,1,-1.2727,0
2013-11-26,sh.600011,3.800248,3.83517675,3.7862765,3.80723375,3.79326225,12298455,67141882.0,0.122985,1,0.3683,0
2013-11-27,sh.600011,3.8142195,3.856134,3.800248,3.83517675,3.80723375,11572973,63465482.0,0.11573,1,0.7339,0
2013-11-28,sh.600011,3.84914825,3.87709125,3.828191,3.856134,3.83517675,20067011,110695165.0,0.20067,1,0.5464,0
2013-11-29,sh.600011,3.856134,3.86311975,3.828191,3.8421625,3.856134,10286096,56595909.0,0.102861,1,-0.3623,0
2013-12-02,sh.600011,3.84914825,3.91900575,3.83517675,3.87709125,3.8421625,30366180,168476653.0,0.303662,1,0.9091,0
2013-12-03,sh.600011,3.89106275,3.97489175,3.8701055,3.939963,3.87709125,36677290,206339972.0,0.366773,1,1.6216,0
2013-12-04,sh.600011,3.91900575,3.97489175,3.91202,3.939963,3.939963,36267930,204768959.0,0.362679,1,0.0,0
2013-12-05,sh.600011,3.939963,3.94694875,3.90503425,3.91900575,3.939963,14886136,83576324.0,0.148861,1,-0.5319,0
2013-12-06,sh.600011,3.91900575,3.9259915,3.8701055,3.884077,3.91900575,16263419,90431108.0,0.162634,1,-0.8913,0
2013-12-09,sh.600011,3.90503425,3.90503425,3.86311975,3.8701055,3.884077,11640727,64604504.0,0.116407,1,-0.3597,0
2013-12-10,sh.600011,3.8701055,3.89106275,3.856134,3.87709125,3.8701055,11080487,61411865.0,0.110805,1,0.1805,0
2013-12-11,sh.600011,3.856134,3.8701055,3.772305,3.79326225,3.87709125,22682761,123554402.0,0.226828,1,-2.1622,0
2013-12-12,sh.600011,3.800248,3.800248,3.76531925,3.77929075,3.79326225,14662734,79331096.0,0.146627,1,-0.3683,0
2013-12-13,sh.600011,3.7583335,3.76531925,3.7303905,3.744362,3.77929075,19883538,106667879.0,0.198835,1,-0.9242,0
2013-12-16,sh.600011,3.7583335,3.7583335,3.6745045,3.68149025,3.744362,21008188,111671888.0,0.210082,1,-1.6791,0
2013-12-17,sh.600011,3.68149025,3.7024475,3.6745045,3.7024475,3.68149025,10984141,58057201.0,0.109841,1,0.5693,0
2013-12-18,sh.600011,3.7024475,3.7024475,3.66751875,3.688476,3.7024475,9142162,48110531.0,0.091422,1,-0.3774,0
2013-12-19,sh.600011,3.70943325,3.716419,3.63259,3.63259,3.688476,11134303,58350221.0,0.111343,1,-1.5152,0
2013-12-20,sh.600011,3.65354725,3.65354725,3.51383225,3.5347895,3.63259,17060017,87458376.0,0.1706,1,-2.6923,0
2013-12-23,sh.600011,3.5347895,3.58368975,3.51383225,3.5627325,3.5347895,8705407,44209921.0,0.082909,1,0.7905,0
2013-12-24,sh.600011,3.576704,3.604647,3.52780375,3.55574675,3.5627325,7349653,37589003.0,0.069997,1,-0.1961,0
2013-12-25,sh.600011,3.5627325,3.576704,3.5347895,3.548761,3.55574675,7733191,39323024.0,0.073649,1,-0.1965,0
2013-12-26,sh.600011,3.5347895,3.55574675,3.44397475,3.47191775,3.548761,17164502,85887082.0,0.163471,1,-2.1654,0
2013-12-27,sh.600011,3.49986075,3.520818,3.47191775,3.520818,3.47191775,15955364,79944031.0,0.151956,1,1.4085,0
2013-12-30,sh.600011,3.520818,3.5347895,3.48588925,3.492875,3.520818,24811374,124541750.0,0.236299,1,-0.7937,0
2013-12-31,sh.600011,3.4789035,3.548761,3.47191775,3.5347895,3.492875,12918313,65001435.0,0.123032,1,1.2,0
2014-01-02,sh.600011,3.51383225,3.5627325,3.49986075,3.52780375,3.5347895,11596205,58715638.0,0.11044,1,-0.1976,0
2014-01-03,sh.600011,3.5068465,3.5347895,3.41603175,3.4789035,3.52780375,14202905,70628078.0,0.135266,1,-1.3861,0
2014-01-06,sh.600011,3.47191775,3.47191775,3.29028825,3.33220275,3.4789035,28026439,134644525.0,0.266918,1,-4.2169,0
2014-01-07,sh.600011,3.297274,3.325217,3.269331,3.297274,3.33220275,21955028,103397433.0,0.209096,1,-1.0482,0
2014-01-08,sh.600011,3.31823125,3.33220275,3.26234525,3.325217,3.297274,19228630,90941160.0,0.18313,1,0.8475,0
2014-01-09,sh.600011,3.3112455,3.3671315,3.29028825,3.31823125,3.325217,18820130,89904140.0,0.179239,1,-0.2101,0
2014-01-10,sh.600011,3.3112455,3.40206025,3.297274,3.3950745,3.31823125,27874154,134346163.0,0.265468,1,2.3158,0
2014-01-13,sh.600011,3.3950745,3.43000325,3.37411725,3.409046,3.3950745,12235827,59509695.0,0.116532,1,0.4115,0
2014-01-14,sh.600011,3.40206025,3.4230175,3.36014575,3.41603175,3.409046,11005978,53447517.0,0.104819,1,0.2049,0
2014-01-15,sh.600011,3.41603175,3.41603175,3.30425975,3.33220275,3.41603175,16451531,78788787.0,0.156681,1,-2.454,0
2014-01-16,sh.600011,3.31823125,3.381103,3.31823125,3.36014575,3.33220275,14318651,68771831.0,0.136368,1,0.8386,0
2014-01-17,sh.600011,3.35316,3.35316,3.30425975,3.3112455,3.36014575,11191192,53315649.0,0.106583,1,-1.4553,0
2014-01-20,sh.600011,3.3112455,3.325217,3.269331,3.27631675,3.3112455,11230893,52822018.0,0.106961,1,-1.0549,0
2014-01-21,sh.600011,3.2833025,3.34617425,3.2833025,3.325217,3.27631675,10893130,51744019.0,0.103744,1,1.4925,0
2014-01-22,sh.600011,3.3391885,3.40206025,3.31823125,3.3950745,3.325217,13404230,64841285.0,0.127659,1,2.1008,0
2014-01-23,sh.600011,3.40206025,3.45794625,3.38808875,3.43000325,3.3950745,17350697,85032758.0,0.165245,1,1.0288,0
2014-01-24,sh.600011,3.41603175,3.47191775,3.41603175,3.44397475,3.43000325,14202836,70193850.0,0.135265,1,0.4073,0
2014-01-27,sh.600011,3.43000325,3.47191775,3.41603175,3.47191775,3.44397475,15892984,78523177.0,0.151362,1,0.8114,0
2014-01-28,sh.600011,3.4509605,3.45794625,3.381103,3.3950745,3.47191775,30282640,147437301.0,0.288406,1,-2.2133,0
2014-01-29,sh.600011,3.409046,3.4509605,3.38808875,3.44397475,3.3950745,11555809,56749165.0,0.110055,1,1.4403,0
2014-01-30,sh.600011,3.43000325,3.43000325,3.38808875,3.40206025,3.44397475,6483709,31673667.0,0.06175,1,-1.217,0
2014-02-07,sh.600011,3.34617425,3.381103,3.30425975,3.3671315,3.40206025,18237290,87093341.0,0.173688,1,-1.0267,0
2014-02-10,sh.600011,3.3950745,3.44397475,3.3671315,3.41603175,3.3671315,17926654,87679686.0,0.17073,1,1.4523,0
2014-02-11,sh.600011,3.4230175,3.47191775,3.40206025,3.45794625,3.41603175,20490321,101012362.0,0.195146,1,1.227,0
2014-02-12,sh.600011,3.47191775,3.47191775,3.43000325,3.4509605,3.45794625,12829642,63297199.0,0.122187,1,-0.202,0
2014-02-13,sh.600011,3.4509605,3.45794625,3.4230175,3.4230175,3.4509605,17264646,84997525.0,0.164425,1,-0.8097,0
2014-02-14,sh.600011,3.43000325,3.4509605,3.41603175,3.436989,3.4230175,14804797,72653798.0,0.140998,1,0.4082,0
2014-02-17,sh.600011,3.45794625,3.464932,3.44397475,3.4509605,3.436989,14686858,72637935.0,0.139875,1,0.4065,0
2014-02-18,sh.600011,3.44397475,3.45794625,3.40206025,3.409046,3.4509605,12643360,61955756.0,0.120413,1,-1.2146,0
2014-02-19,sh.600011,3.41603175,3.44397475,3.381103,3.436989,3.409046,15862919,77522405.0,0.151075,1,0.8197,0
2014-02-20,sh.600011,3.436989,3.492875,3.43000325,3.45794625,3.436989,24608758,122114991.0,0.234369,1,0.6098,0
2014-02-21,sh.600011,3.45794625,3.47191775,3.38808875,3.3950745,3.45794625,15076936,73917857.0,0.14359,1,-1.8182,0
2014-02-24,sh.600011,3.38808875,3.38808875,3.30425975,3.33220275,3.3950745,15781981,75258214.0,0.150305,1,-1.8519,0
2014-02-25,sh.600011,3.34617425,3.35316,3.27631675,3.2833025,3.33220275,18421903,87243267.0,0.175447,1,-1.4675,0
2014-02-26,sh.600011,3.27631675,3.3112455,3.27631675,3.3112455,3.2833025,10307458,48539257.0,0.098166,1,0.8511,0
2014-02-27,sh.600011,3.30425975,3.40206025,3.2833025,3.35316,3.3112455,26618087,127292134.0,0.253506,1,1.2658,0
2014-02-28,sh.600011,3.34617425,3.40206025,3.3391885,3.36014575,3.35316,18120936,87364137.0,0.17258,1,0.2083,0
2014-03-03,sh.600011,3.3391885,3.464932,3.33220275,3.44397475,3.36014575,30878656,151302647.0,0.294082,1,2.4948,0
2014-03-04,sh.600011,3.43000325,3.43000325,3.37411725,3.409046,3.44397475,20094558,97787418.0,0.191377,1,-1.0142,0
2014-03-05,sh.600011,3.4230175,3.4230175,3.3671315,3.381103,3.409046,16576576,80442320.0,0.157872,1,-0.8197,0
2014-03-06,sh.600011,3.37411725,3.3950745,3.31823125,3.3391885,3.381103,20719576,99249582.0,0.197329,1,-1.2397,0
2014-03-07,sh.600011,3.33220275,3.36014575,3.30425975,3.31823125,3.3391885,14652881,69814294.0,0.139551,1,-0.6276,0
2014-03-10,sh.600011,3.30425975,3.30425975,3.241388,3.24837375,3.31823125,18158404,85071834.0,0.172937,1,-2.1053,0
2014-03-11,sh.600011,3.24837375,3.26234525,3.213445,3.23440225,3.24837375,12193805,56431970.0,0.116131,1,-0.4301,0
2014-03-12,sh.600011,3.23440225,3.24837375,3.185502,3.22043075,3.23440225,14407624,66194517.0,0.137215,1,-0.432,0
2014-03-13,sh.600011,3.22043075,3.29028825,3.22043075,3.2833025,3.22043075,21046184,98398973.0,0.20044,1,1.9523,0
2014-03-14,sh.600011,3.26234525,3.27631675,3.20645925,3.2274165,3.2833025,15599229,72361397.0,0.148564,1,-1.7021,0
2014-03-17,sh.600011,3.26234525,3.2833025,3.23440225,3.269331,3.2274165,15308091,71344878.0,0.145791,1,1.2987,0
2014-03-18,sh.600011,3.29028825,3.381103,3.269331,3.37411725,3.269331,32642039,156064270.0,0.310877,1,3.2051,0
2014-03-19,sh.600011,3.381103,3.3950745,3.3391885,3.37411725,3.37411725,30205075,145575138.0,0.287667,1,0.0,0
2014-03-20,sh.600011,3.3671315,3.3950745,3.33220275,3.33220275,3.37411725,22708245,109663704.0,0.216269,1,-1.2422,0
2014-03-21,sh.600011,3.31823125,3.492875,3.31823125,3.47191775,3.33220275,46493914,228264641.0,0.442799,1,4.1929,0
2014-03-24,sh.600011,3.48588925,3.52780375,3.45794625,3.492875,3.47191775,29897555,149248811.0,0.284739,1,0.6036,0
2014-03-25,sh.600011,3.48588925,3.604647,3.4509605,3.55574675,3.492875,41783067,211216553.0,0.397934,1,1.8,0
2014-03-26,sh.600011,3.54177525,3.548761,3.4789035,3.48588925,3.55574675,19116085,95795008.0,0.182058,1,-1.9646,0
2014-03-27,sh.600011,3.492875,3.520818,3.47191775,3.4789035,3.48588925,16861798,84469830.0,0.160589,1,-0.2004,0
2014-03-28,sh.600011,3.47191775,3.520818,3.45794625,3.47191775,3.4789035,15535298,77629797.0,0.147955,1,-0.2008,0
2014-03-31,sh.600011,3.49986075,3.548761,3.464932,3.520818,3.47191775,22859993,115089984.0,0.217714,1,1.4085,0
2014-04-01,sh.600011,3.5068465,3.576704,3.5068465,3.56971825,3.520818,19916264,101229620.0,0.189679,1,1.3889,0
2014-04-02,sh.600011,3.5627325,3.59766125,3.548761,3.59766125,3.56971825,16103220,82654730.0,0.153364,1,0.7828,0
2014-04-03,sh.600011,3.61163275,3.6186185,3.520818,3.52780375,3.59766125,15900460,81068914.0,0.151433,1,-1.9417,0
2014-04-04,sh.600011,3.52780375,3.5627325,3.51383225,3.548761,3.52780375,7767110,39460881.0,0.073972,1,0.5941,0
2014-04-08,sh.600011,3.548761,3.63957575,3.5347895,3.6186185,3.548761,22084873,113825110.0,0.210332,1,1.9685,0
2014-04-09,sh.600011,3.6186185,3.6465615,3.604647,3.62560425,3.6186185,16953127,88114021.0,0.161458,1,0.1931,0
2014-04-10,sh.600011,3.62560425,3.967906,3.5906755,3.80723375,3.62560425,89924546,490326368.0,0.856424,1,5.0096,0
2014-04-11,sh.600011,3.80723375,3.82120525,3.73737625,3.800248,3.80723375,37346513,202393180.0,0.355681,1,-0.1835,0
2014-04-14,sh.600011,3.7862765,3.800248,3.7303905,3.75134775,3.800248,16744360,90001112.0,0.15947,1,-1.2868,0
2014-04-15,sh.600011,3.75134775,3.7862765,3.7303905,3.73737625,3.75134775,15300260,82409745.0,0.145717,1,-0.3724,0
2014-04-16,sh.600011,3.73737625,3.7862765,3.7303905,3.772305,3.73737625,12856149,69279726.0,0.12244,1,0.9346,0
2014-04-17,sh.600011,3.772305,3.77929075,3.70943325,3.716419,3.772305,12950139,69340643.0,0.123335,1,-1.4815,0
2014-04-18,sh.600011,3.7024475,3.73737625,3.65354725,3.70943325,3.716419,10898243,57560953.0,0.103793,1,-0.188,0
2014-04-21,sh.600011,3.688476,3.73737625,3.65354725,3.660533,3.70943325,9982519,52772143.0,0.095072,1,-1.3183,0
2014-04-22,sh.600011,3.63957575,3.6745045,3.61163275,3.66751875,3.660533,13443918,69989855.0,0.128037,1,0.1908,0
2014-04-23,sh.600011,3.69546175,3.75134775,3.65354725,3.744362,3.66751875,14874061,79036621.0,0.141658,1,2.0952,0
2014-04-24,sh.600011,3.75134775,3.76531925,3.716419,3.7303905,3.744362,11204104,60121436.0,0.106706,1,-0.3731,0
2014-04-25,sh.600011,3.7583335,3.800248,3.7303905,3.7303905,3.7303905,15535910,83840310.0,0.147961,1,0.0,0
2014-04-28,sh.600011,3.7303905,3.856134,3.70943325,3.772305,3.7303905,28598635,155344649.0,0.272368,1,1.1236,0
2014-04-29,sh.600011,3.7583335,3.83517675,3.7583335,3.800248,3.772305,20781596,113078370.0,0.19792,1,0.7407,0
2014-04-30,sh.600011,3.800248,3.8421625,3.744362,3.77929075,3.800248,17319922,94268101.0,0.164952,1,-0.5515,0
2014-05-05,sh.600011,3.744362,3.76531925,3.68149025,3.7303905,3.77929075,13246030,70481524.0,0.126153,1,-1.2939,0
2014-05-06,sh.600011,3.7303905,3.8142195,3.72340475,3.76531925,3.7303905,13182610,71357816.0,0.125549,1,0.9363,0
2014-05-07,sh.600011,3.7583335,3.80723375,3.7303905,3.76531925,3.76531925,12341205,66758565.0,0.117535,1,0.0,0
2014-05-08,sh.600011,3.7583335,3.80723375,3.73737625,3.744362,3.76531925,15239172,82361905.0,0.145135,1,-0.5566,0
2014-05-09,sh.600011,3.76531925,3.76531925,3.63957575,3.68149025,3.744362,18525779,97763658.0,0.176436,1,-1.6791,0
2014-05-12,sh.600011,3.69546175,3.7583335,3.6745045,3.7303905,3.68149025,11531519,61501295.0,0.109824,1,1.3283,0
2014-05-13,sh.600011,3.70943325,3.75134775,3.7024475,3.75134775,3.7303905,12553476,66926627.0,0.119557,1,0.5618,0
2014-05-14,sh.600011,3.73737625,3.80723375,3.73737625,3.77929075,3.75134775,14194577,76888883.0,0.135186,1,0.7449,0
2014-05-15,sh.600011,3.77929075,3.800248,3.7303905,3.7583335,3.77929075,10725165,57812802.0,0.102144,1,-0.5545,0
2014-05-16,sh.600011,3.772305,3.828191,3.75134775,3.828191,3.7583335,15353392,83478654.0,0.146223,1,1.8587,0
2014-05-19,sh.600011,3.82120525,3.9259915,3.79326225,3.90503425,3.828191,30268204,168346342.0,0.288269,1,2.0073,0
2014-05-20,sh.600011,3.91202,3.91900575,3.83517675,3.86311975,3.90503425,12892240,71301967.0,0.122783,1,-1.0733,0
2014-05-21,sh.600011,3.83517675,3.91202,3.80723375,3.89106275,3.86311975,10307428,57248118.0,0.098166,1,0.7233,0
2014-05-22,sh.600011,3.884077,3.94694875,3.884077,3.8980485,3.89106275,17710608,99549011.0,0.168672,1,0.1795,0
2014-05-23,sh.600011,3.91202,3.939963,3.884077,3.91202,3.8980485,9702749,54412919.0,0.092407,1,0.3584,0
2014-05-26,sh.600011,3.939963,3.94694875,3.87709125,3.91202,3.91202,12625943,70711125.0,0.120247,1,0.0,0
2014-05-27,sh.600011,3.8980485,3.91202,3.884077,3.884077,3.91202,9415336,52514198.0,0.08967,1,-0.7143,0
2014-05-28,sh.600011,3.87709125,3.8980485,3.86311975,3.884077,3.884077,8878635,49359080.0,0.084558,1,0.0,0
2014-05-29,sh.600011,3.87709125,3.8980485,3.86311975,3.884077,3.884077,7107977,39487831.0,0.067695,1,0.0,0
2014-05-30,sh.600011,3.884077,3.91900575,3.87709125,3.884077,3.884077,7530345,42033132.0,0.071718,1,0.0,0
2014-06-03,sh.600011,3.8980485,3.91900575,3.884077,3.8980485,3.884077,10507196,58696352.0,0.100069,1,0.3597,0
2014-06-04,sh.600011,3.90503425,3.91202,3.83517675,3.87709125,3.8980485,12001124,66549454.0,0.114296,1,-0.5376,0
2014-06-05,sh.600011,3.884077,3.91900575,3.86311975,3.90503425,3.87709125,10484906,58503122.0,0.099856,1,0.7207,0
2014-06-06,sh.600011,3.90503425,3.91900575,3.856134,3.86311975,3.90503425,5535339,30729426.0,0.052718,1,-1.0733,0
2014-06-09,sh.600011,3.86311975,3.90503425,3.856134,3.8701055,3.86311975,5905686,32866190.0,0.056245,1,0.1808,0
2014-06-10,sh.600011,3.884077,3.90503425,3.84914825,3.89106275,3.8701055,9770271,54336215.0,0.09305,1,0.5415,0
2014-06-11,sh.600011,3.884077,3.884077,3.8421625,3.86311975,3.89106275,9866184,54505108.0,0.093964,1,-0.7181,0
2014-06-12,sh.600011,3.84914825,3.884077,3.8421625,3.84914825,3.86311975,6702463,37085094.0,0.063833,1,-0.3617,0
2014-06-13,sh.600011,3.84914825,3.8701055,3.83517675,3.84914825,3.84914825,12326788,67945594.0,0.117398,1,0.0,0
2014-06-16,sh.600011,3.8421625,3.86311975,3.83517675,3.8421625,3.84914825,15679695,86396395.0,0.14933,1,-0.1815,0
2014-06-17,sh.600011,3.8421625,3.84914825,3.7862765,3.79326225,3.8421625,13508124,73639926.0,0.128649,1,-1.2727,0
2014-06-18,sh.600011,3.79326225,3.828191,3.7862765,3.80723375,3.79326225,11269739,61471108.0,0.107331,1,0.3683,0
2014-06-19,sh.600011,3.828191,3.83517675,3.7862765,3.8142195,3.80723375,8231662,45005366.0,0.078397,1,0.1835,0
2014-06-20,sh.600011,3.828191,3.91900575,3.80723375,3.8980485,3.8142195,22006704,121458738.0,0.209588,1,2.1978,0
2014-06-23,sh.600011,3.90503425,3.90503425,3.80723375,3.8142195,3.8980485,14020030,77057409.0,0.133524,1,-2.1505,0
2014-06-24,sh.600011,3.8142195,3.84914825,3.80723375,3.8421625,3.8142195,7765296,42515846.0,0.073955,1,0.7326,0
2014-06-25,sh.600011,3.83517675,3.86311975,3.80723375,3.856134,3.8421625,8550443,46973897.0,0.081433,1,0.3636,0
2014-06-26,sh.600011,3.86311975,3.8980485,3.856134,3.89106275,3.856134,7893908,43787687.0,0.07518,1,0.9058,0
2014-06-27,sh.600011,3.8701055,3.91202,3.856134,3.90503425,3.89106275,10760339,59903119.0,0.102479,1,0.3591,0
2014-06-30,sh.600011,3.90503425,3.967906,3.90503425,3.9539345,3.90503425,12523836,70751388.0,0.119275,1,1.2522,0
2014-07-01,sh.600011,3.967906,3.967906,3.90503425,3.9259915,3.9539345,10215339,57447967.0,0.097289,1,-0.7067,0
2014-07-02,sh.600011,3.93297725,3.967906,3.90503425,3.96092025,3.9259915,11724468,66264685.0,0.111662,1,0.8897,0
2014-07-03,sh.600011,3.97489175,4.0098205,3.96092025,3.98886325,3.96092025,12428078,70962083.0,0.118363,1,0.7055,0
2014-07-04,sh.600011,3.995849,4.03077775,3.9818775,4.023792,3.98886325,11188658,64203500.0,0.106559,1,0.8757,0
2014-07-07,sh.600011,4.023792,4.051735,4.00283475,4.023792,4.023792,6928605,39943098.0,0.065987,1,0.0,0
2014-07-08,sh.600011,4.0098205,4.135564,4.00283475,4.1215925,4.023792,20554802,120289575.0,0.19576,1,2.4306,0
2014-07-09,sh.600011,4.107621,4.331165,4.04474925,4.14254975,4.1215925,23191588,136578852.0,0.220872,1,0.5085,0
2014-07-10,sh.600011,4.135564,4.275279,4.107621,4.17049275,4.14254975,29567603,177527630.0,0.281596,1,0.6745,0
2014-07-11,sh.600011,4.18446425,4.28226475,4.135564,4.1495355,4.17049275,29880111,180319494.0,0.284572,1,-0.5025,0
2014-07-14,sh.600011,4.17049275,4.2892505,4.17049275,4.28226475,4.1495355,22983710,140104147.0,0.218892,1,3.1987,0
2014-07-15,sh.600011,4.29623625,4.36609375,4.11460675,4.219393,4.28226475,61236839,366919504.0,0.583208,1,-1.4682,0
2014-07-16,sh.600011,4.18446425,4.3451365,4.163507,4.29623625,4.219393,39544335,242043226.0,0.376613,1,1.8212,0
2014-07-17,sh.600011,4.29623625,4.359108,4.24035025,4.29623625,4.29623625,31517454,193715790.0,0.300166,1,0.0,0
2014-07-18,sh.600011,4.29623814,4.3930338,4.2813465,4.33346724,4.29623814,33523616,195775062.0,0.319273,1,0.8666,0
2014-07-21,sh.600011,4.34091306,4.467492,4.34091306,4.44515454,4.33346724,28027839,166663629.0,0.266932,1,2.5773,0
2014-07-22,sh.600011,4.45260036,4.58662512,4.4302629,4.57173348,4.44515454,27963335,170600766.0,0.266317,1,2.8476,0
2014-07-23,sh.600011,4.56428766,4.63874586,4.54939602,4.60151676,4.57173348,23897857,147326760.0,0.227599,1,0.6515,0
2014-07-24,sh.600011,4.60151676,4.66108332,4.51216692,4.60151676,4.60151676,25945801,160417480.0,0.247103,1,0.0,0
2014-07-25,sh.600011,4.60151676,4.60896258,4.47493782,4.58662512,4.60151676,31755433,193417781.0,0.302433,1,-0.3236,0
2014-07-28,sh.600011,4.57173348,4.68342078,4.57173348,4.66108332,4.58662512,27590422,171916098.0,0.262766,1,1.6234,0
2014-07-29,sh.600011,4.66108332,4.66108332,4.56428766,4.60896258,4.66108332,19339290,119527430.0,0.184184,1,-1.1182,0
2014-07-30,sh.600011,4.51961274,4.51961274,4.37814216,4.40047962,4.60896258,55978645,331595328.0,0.53313,1,-4.5234,0
2014-07-31,sh.600011,4.3930338,4.42281708,4.36325052,4.41537126,4.40047962,25847662,152814315.0,0.246168,1,0.3384,0
2014-08-01,sh.600011,4.4302629,4.51216692,4.41537126,4.46004618,4.41537126,30453661,183170293.0,0.290035,1,1.0118,0
2014-08-04,sh.600011,4.48238364,4.5047211,4.4302629,4.48982946,4.46004618,26151936,156770867.0,0.249066,1,0.6678,0
2014-08-05,sh.600011,4.48238364,4.48238364,4.41537126,4.47493782,4.48982946,27386763,163632839.0,0.260826,1,-0.3317,0
2014-08-06,sh.600011,4.43770872,4.467492,4.4302629,4.467492,4.47493782,18024629,107773949.0,0.171663,1,-0.1664,0
2014-08-07,sh.600011,4.46004618,4.48982946,4.41537126,4.41537126,4.467492,20188759,120426441.0,0.192274,1,-1.1667,0
2014-08-08,sh.600011,4.42281708,4.43770872,4.38558798,4.40792544,4.41537126,14943527,88400691.0,0.142319,1,-0.1686,0
2014-08-11,sh.600011,4.4302629,4.44515454,4.40792544,4.43770872,4.40792544,10137699,60329016.0,0.09655,1,0.6757,0
2014-08-12,sh.600011,4.42281708,4.43770872,4.3930338,4.41537126,4.43770872,13806704,81754744.0,0.131492,1,-0.5034,0
2014-08-13,sh.600011,4.42281708,4.44515454,4.40047962,4.43770872,4.41537126,17038631,101284382.0,0.162273,1,0.5059,0
2014-08-14,sh.600011,4.4302629,4.44515454,4.37814216,4.38558798,4.43770872,14802421,87877721.0,0.140975,1,-1.1745,0
2014-08-15,sh.600011,4.3930338,4.4302629,4.3930338,4.40047962,4.38558798,14084494,83467007.0,0.134138,1,0.3396,0
2014-08-18,sh.600011,4.40047962,4.4302629,4.3930338,4.40047962,4.40047962,12448104,73630798.0,0.118553,1,0.0,0
2014-08-19,sh.600011,4.40047962,4.41537126,4.3558047,4.38558798,4.40047962,14135548,83244375.0,0.134624,1,-0.3384,0
2014-08-20,sh.600011,4.36325052,4.3930338,4.36325052,4.37069634,4.38558798,11052111,64980272.0,0.105258,1,-0.3396,0
2014-08-21,sh.600011,4.36325052,4.37814216,4.30368396,4.33346724,4.37069634,15208361,88358520.0,0.144842,1,-0.8518,0
2014-08-22,sh.600011,4.33346724,4.36325052,4.3185756,4.3558047,4.33346724,9453752,55169144.0,0.090036,1,0.5155,0
2014-08-25,sh.600011,4.37069634,4.38558798,4.34091306,4.37814216,4.3558047,13395848,78529900.0,0.12758,1,0.5128,0
2014-08-26,sh.600011,4.37069634,4.3930338,4.32602142,4.34091306,4.37814216,11225489,65657012.0,0.106909,1,-0.8503,0
2014-08-27,sh.600011,4.33346724,4.40792544,4.32602142,4.40792544,4.34091306,14668456,86331697.0,0.1397,1,1.5437,0
2014-08-28,sh.600011,4.41537126,4.47493782,4.40792544,4.44515454,4.40792544,27369389,163790203.0,0.260661,1,0.8446,0
2014-08-29,sh.600011,4.467492,4.51961274,4.45260036,4.51216692,4.44515454,18162960,109325192.0,0.172981,1,1.5075,0
2014-09-01,sh.600011,4.51216692,4.5419502,4.48238364,4.51216692,4.51216692,18319804,110978761.0,0.174474,1,0.0,0
2014-09-02,sh.600011,4.5047211,4.57173348,4.48238364,4.56428766,4.51216692,26685661,162705771.0,0.254149,1,1.1551,0
2014-09-03,sh.600011,4.5791793,4.62385422,4.56428766,4.6164084,4.56428766,20055267,124099216.0,0.191003,1,1.1419,0
2014-09-04,sh.600011,4.62385422,4.67597496,4.5791793,4.66108332,4.6164084,19599783,121854942.0,0.186665,1,0.9677,0
2014-09-05,sh.600011,4.66108332,4.78021644,4.6536375,4.77277062,4.66108332,23436729,148948564.0,0.223207,1,2.3962,0
2014-09-09,sh.600011,4.7653248,4.79510808,4.6908666,4.7280957,4.77277062,15253283,96790502.0,0.145269,1,-0.936,0
2014-09-10,sh.600011,4.6908666,4.7280957,4.64619168,4.71320406,4.7280957,14978644,94238213.0,0.142654,1,-0.315,0
2014-09-11,sh.600011,4.69831242,4.78766226,4.66108332,4.73554152,4.71320406,21236169,134524888.0,0.202249,1,0.4739,0
2014-09-12,sh.600011,4.71320406,4.7653248,4.6908666,4.74298734,4.73554152,10850340,68935663.0,0.103337,1,0.1572,0
2014-09-15,sh.600011,4.70575824,4.7653248,4.66108332,4.6908666,4.74298734,23753153,150294703.0,0.226221,1,-1.0989,0
2014-09-16,sh.600011,4.6908666,4.7280957,4.6164084,4.62385422,4.6908666,19309622,121102056.0,0.183901,1,-1.4286,0
2014-09-17,sh.600011,4.6536375,4.67597496,4.60896258,4.63874586,4.62385422,13898153,86601238.0,0.132363,1,0.3221,0
2014-09-18,sh.600011,4.60896258,4.64619168,4.55684184,4.57173348,4.63874586,15628289,96426561.0,0.148841,1,-1.4446,0
2014-09-19,sh.600011,4.58662512,4.6536375,4.54939602,4.63130004,4.57173348,18571645,114560407.0,0.176873,1,1.3029,0
2014-09-22,sh.600011,4.6164084,4.62385422,4.49727528,4.5419502,4.63130004,18282833,112002582.0,0.174122,1,-1.9293,0
2014-09-23,sh.600011,4.5419502,4.58662512,4.52705856,4.54939602,4.5419502,11870458,72630982.0,0.113052,1,0.1639,0
2014-09-24,sh.600011,4.53450438,4.6536375,4.51961274,4.60896258,4.54939602,23104804,142843566.0,0.220046,1,1.3093,0
2014-09-25,sh.600011,4.66108332,4.73554152,4.6536375,4.68342078,4.60896258,19777903,124709137.0,0.188361,1,1.6155,0
2014-09-26,sh.600011,4.66108332,4.68342078,4.6164084,4.63874586,4.68342078,9942162,62126237.0,0.094687,1,-0.9539,0
2014-09-29,sh.600011,4.63130004,4.66108332,4.55684184,4.60151676,4.63874586,21261000,131216788.0,0.202486,1,-0.8026,0
2014-09-30,sh.600011,4.59407094,4.6164084,4.5419502,4.56428766,4.60151676,18080439,110895772.0,0.172195,1,-0.8091,0
2014-10-08,sh.600011,4.5791793,4.6164084,4.55684184,4.60896258,4.56428766,19973892,122983018.0,0.190228,1,0.9788,0
2014-10-09,sh.600011,4.62385422,4.64619168,4.60151676,4.63130004,4.60896258,17603032,109411808.0,0.167648,1,0.4846,0
2014-10-10,sh.600011,4.60896258,4.6164084,4.49727528,4.52705856,4.63130004,30854427,188092749.0,0.293852,1,-2.2508,0
2014-10-13,sh.600011,4.5047211,4.5047211,4.40792544,4.43770872,4.52705856,18304586,109358904.0,0.174329,1,-1.9737,0
2014-10-14,sh.600011,4.48238364,4.66852914,4.48238364,4.6164084,4.43770872,50071175,310417936.0,0.476868,1,4.0268,0
2014-10-15,sh.600011,4.60896258,4.60896258,4.5047211,4.56428766,4.6164084,22443144,137128782.0,0.213744,1,-1.129,0
2014-10-16,sh.600011,4.5419502,4.58662512,4.51216692,4.54939602,4.56428766,18976082,116154284.0,0.180725,1,-0.3263,0
2014-10-17,sh.600011,4.56428766,4.5791793,4.467492,4.51216692,4.54939602,22407061,135708017.0,0.213401,1,-0.8183,0
2014-10-20,sh.600011,4.5419502,4.56428766,4.48982946,4.5047211,4.51216692,15913525,96614816.0,0.151557,1,-0.165,0
2014-10-21,sh.600011,4.49727528,4.55684184,4.49727528,4.51961274,4.5047211,14633051,89024862.0,0.139362,1,0.3306,0
2014-10-22,sh.600011,4.52705856,4.5791793,4.51961274,4.54939602,4.51961274,12380263,75645950.0,0.117907,1,0.659,0
2014-10-23,sh.600011,4.56428766,4.60151676,4.5419502,4.56428766,4.54939602,17319197,106360040.0,0.164945,1,0.3273,0
2014-10-24,sh.600011,4.57173348,4.57173348,4.51961274,4.52705856,4.56428766,8602307,52422646.0,0.081927,1,-0.8157,0
2014-10-27,sh.600011,4.5047211,4.52705856,4.31112978,4.40047962,4.52705856,26508950,157519200.0,0.252466,1,-2.7961,0
2014-10-28,sh.600011,4.40047962,4.47493782,4.3930338,4.467492,4.40047962,25182035,149876350.0,0.239829,1,1.5228,0
2014-10-29,sh.600011,4.48238364,4.58662512,4.467492,4.5791793,4.467492,22001149,134078948.0,0.209535,1,2.5,0
2014-10-30,sh.600011,4.58662512,5.00359104,4.55684184,4.8770121,4.5791793,69661472,451034496.0,0.663443,1,6.5041,0
2014-10-31,sh.600011,4.86212046,4.9514703,4.75787898,4.82489136,4.8770121,50277968,326175856.0,0.478838,1,-1.0687,0
2014-11-03,sh.600011,4.81744554,4.90679538,4.77277062,4.82489136,4.82489136,26282298,170257826.0,0.250308,1,0.0,0
2014-11-04,sh.600011,4.78766226,4.88445792,4.77277062,4.85467464,4.82489136,27140326,176104568.0,0.258479,1,0.6173,0
2014-11-05,sh.600011,4.8770121,5.0259285,4.8770121,4.92913284,4.85467464,36274140,241348693.0,0.345468,1,1.5337,0
2014-11-06,sh.600011,4.83233718,4.83233718,4.66852914,4.7280957,4.92913284,49173614,311997616.0,0.46832,1,-4.0785,0
2014-11-07,sh.600011,4.7280957,4.8025539,4.6536375,4.68342078,4.7280957,41733744,265204633.0,0.397464,1,-0.9449,0
2014-11-10,sh.600011,4.7280957,4.85467464,4.72064988,4.78021644,4.68342078,45363908,291801824.0,0.432037,1,2.0668,0
2014-11-11,sh.600011,4.82489136,4.94402448,4.7653248,4.839783,4.78021644,66989670,436091616.0,0.637997,1,1.2461,0
2014-11-12,sh.600011,4.79510808,4.9142412,4.7653248,4.90679538,4.839783,39743821,259992964.0,0.378513,1,1.3846,0
2014-11-13,sh.600011,4.9142412,4.9514703,4.839783,4.88445792,4.90679538,41412958,271863120.0,0.394409,1,-0.4552,0
2014-11-14,sh.600011,4.90679538,4.98125358,4.81744554,4.92168702,4.88445792,38211384,250809918.0,0.363918,1,0.7622,0
2014-11-17,sh.600011,5.07060342,5.07804924,4.78766226,4.80999972,4.92168702,57481139,379435744.0,0.547439,1,-2.2693,0
2014-11-18,sh.600011,4.75043316,4.8025539,4.6908666,4.71320406,4.80999972,29724025,188999571.0,0.283086,1,-2.0124,0
2014-11-19,sh.600011,4.70575824,4.7280957,4.62385422,4.63874586,4.71320406,28437233,177576637.0,0.270831,1,-1.5798,0
2014-11-20,sh.600011,4.6536375,4.66852914,4.60896258,4.6536375,4.63874586,23742900,148044222.0,0.226123,1,0.321,0
2014-11-21,sh.600011,4.64619168,4.69831242,4.60151676,4.6908666,4.6536375,23592639,147244714.0,0.224692,1,0.8,0
2014-11-24,sh.600011,4.839783,4.86212046,4.73554152,4.82489136,4.6908666,46125983,297604880.0,0.439295,1,2.8571,0
2014-11-25,sh.600011,4.83233718,4.86212046,4.78766226,4.86212046,4.82489136,31390630,203374062.0,0.298958,1,0.7716,0
2014-11-26,sh.600011,4.86212046,4.92913284,4.839783,4.92913284,4.86212046,42049545,276145232.0,0.400472,1,1.3782,0
2014-11-27,sh.600011,4.93657866,4.9514703,4.839783,4.88445792,4.92913284,37323796,244976885.0,0.355465,1,-0.9063,0
2014-11-28,sh.600011,4.84722882,4.97380776,4.82489136,4.95891612,4.88445792,54796958,359835808.0,0.521876,1,1.5244,0
2014-12-01,sh.600011,4.9886994,5.12272416,4.94402448,4.98125358,4.95891612,77489724,522297136.0,0.737997,1,0.4505,0
2014-12-02,sh.600011,4.94402448,5.09294088,4.92913284,5.05571178,4.98125358,66719379,450533872.0,0.635423,1,1.4948,0
2014-12-03,sh.600011,5.10783252,5.25674892,5.04826596,5.1003867,5.05571178,106690058,737096288.0,1.016096,1,0.8837,0
2014-12-04,sh.600011,5.15995326,5.30886966,5.09294088,5.2865322,5.1003867,96382888,672318944.0,0.917932,1,3.6496,0
2014-12-05,sh.600011,5.37588204,5.53969008,5.1376158,5.33120712,5.2865322,114626665,821979232.0,1.091683,1,0.8451,0
2014-12-08,sh.600011,5.2865322,5.8077396,5.22696564,5.71094394,5.33120712,136730976,1017834656.0,1.3022,1,7.1229,0
2014-12-09,sh.600011,5.66626902,6.0311142,5.3609904,5.42800278,5.71094394,207427124,1610337792.0,1.975496,1,-4.9544,0
2014-12-10,sh.600011,5.4354486,5.6215941,5.30142384,5.584365,5.42800278,107222618,789571664.0,1.021168,1,2.8807,0
2014-12-11,sh.600011,5.50246098,5.77795632,5.45778606,5.62903992,5.584365,101132626,765536176.0,0.963168,1,0.8,0
2014-12-12,sh.600011,5.6960523,5.72583558,5.48012352,5.60670246,5.62903992,62065784,467270160.0,0.591103,1,-0.3968,0
2014-12-15,sh.600011,5.56947336,5.584365,5.41311114,5.5471359,5.60670246,62623467,461929728.0,0.596414,1,-1.0624,0
2014-12-16,sh.600011,5.52479844,5.70349812,5.46523188,5.64393156,5.5471359,83510317,624731744.0,0.795336,1,1.745,0
2014-12-17,sh.600011,5.64393156,5.86730616,5.56947336,5.85241452,5.64393156,122463392,943191280.0,1.166318,1,3.6939,0
2014-12-18,sh.600011,5.88964362,5.98643928,5.71838976,5.86730616,5.85241452,94466106,742665056.0,0.899677,1,0.2545,0
2014-12-19,sh.600011,5.8449687,6.39595938,5.81518542,6.27682626,5.86730616,168949056,1384669344.0,1.609039,1,6.9797,0
2014-12-22,sh.600011,6.41085102,6.90227514,6.41085102,6.90227514,6.27682626,235088039,2156868256.0,2.238934,1,9.9644,0
2014-12-23,sh.600011,6.83526276,6.91716678,6.20981388,6.44808012,6.90227514,153666173,1355339552.0,1.463487,1,-6.5804,0
2014-12-24,sh.600011,6.33639282,6.79803366,6.1800306,6.29916372,6.44808012,125820071,1095825584.0,1.198286,1,-2.3095,0
2014-12-25,sh.600011,6.2917179,6.5895507,6.1428015,6.56721324,6.29916372,105308648,894559360.0,1.00294,1,4.2553,0
2014-12-26,sh.600011,6.56721324,6.69379218,6.34383864,6.60444234,6.56721324,114194029,1001745760.0,1.087562,1,0.5669,0
2014-12-29,sh.600011,6.60444234,6.9246126,6.41085102,6.60444234,6.60444234,120289111,1084603648.0,1.145611,1,0.0,0
2014-12-30,sh.600011,6.59699652,6.6640089,6.23959716,6.37362192,6.60444234,79302161,684251168.0,0.755259,1,-3.4949,0
2014-12-31,sh.600011,6.35128446,6.69379218,6.26193462,6.57465906,6.37362192,87204394,759331664.0,0.830518,1,3.1542,0
2015-01-05,sh.600011,6.63422562,7.04374572,6.58210488,6.96928752,6.57465906,148622191,1364439296.0,1.415449,1,6.0023,0
2015-01-06,sh.600011,6.8873835,6.93950424,6.68634636,6.76825038,6.96928752,98550797,898736592.0,0.938579,1,-2.8846,0
2015-01-07,sh.600011,6.701238,6.83526276,6.56721324,6.76080456,6.76825038,77177385,694109184.0,0.735023,1,-0.11,0
2015-01-08,sh.600011,6.72357546,6.75335874,6.43318848,6.44808012,6.76080456,68965592,605566432.0,0.656815,1,-4.6256,0
2015-01-09,sh.600011,6.4406343,6.67145472,6.35128446,6.37362192,6.44808012,67801755,591289824.0,0.645731,1,-1.1547,0
2015-01-12,sh.600011,6.26193462,6.2917179,6.01622256,6.12046404,6.37362192,70860988,583412768.0,0.674867,1,-3.972,0
2015-01-13,sh.600011,6.09068076,6.20236806,6.04600584,6.1428015,6.12046404,40205776,330740928.0,0.382912,1,0.365,0
2015-01-14,sh.600011,6.19492224,6.35128446,6.15024732,6.23215134,6.1428015,48177566,405259632.0,0.458834,1,1.4545,0
2015-01-15,sh.600011,6.26938044,6.41829684,6.22470552,6.4034052,6.23215134,49758657,422706704.0,0.473892,1,2.7479,0
2015-01-16,sh.600011,6.4406343,6.52253832,6.37362192,6.39595938,6.4034052,44023322,381196048.0,0.41927,1,-0.1163,0
2015-01-19,sh.600011,6.1428015,6.2544888,5.75561886,5.76306468,6.39595938,75945506,613537728.0,0.723291,1,-9.8952,0
2015-01-20,sh.600011,5.91198108,6.12046404,5.80029378,6.01622256,5.76306468,69016857,553043120.0,0.657303,1,4.3928,0
2015-01-21,sh.600011,6.0311142,6.23215134,5.96410182,6.20236806,6.01622256,51793958,426178144.0,0.493276,1,3.0941,0
2015-01-22,sh.600011,6.20236806,6.24704298,6.12790986,6.22470552,6.20236806,35554430,295954416.0,0.338614,1,0.3601,0
2015-01-23,sh.600011,6.20236806,6.31405536,6.19492224,6.2172597,6.22470552,37147854,311436000.0,0.353789,1,-0.1196,0
2015-01-26,sh.600011,6.2172597,6.30660954,6.16513896,6.30660954,6.2172597,34753514,291272048.0,0.330986,1,1.4371,0
2015-01-27,sh.600011,6.30660954,6.33639282,6.06089748,6.22470552,6.30660954,36395177,303138800.0,0.346621,1,-1.2987,0
2015-01-28,sh.600011,6.15769314,6.20236806,6.07578912,6.1055724,6.22470552,32173253,264813905.0,0.306412,1,-1.9139,0
2015-01-29,sh.600011,6.00877674,6.22470552,6.00133092,6.12790986,6.1055724,48090468,396714368.0,0.458004,1,0.3659,0
2015-01-30,sh.600011,6.18747642,6.2917179,6.09812658,6.17258478,6.12790986,46893087,390394368.0,0.446601,1,0.729,0
2015-02-02,sh.600011,6.0683433,6.1055724,5.89708944,5.94921018,6.17258478,34675884,277699920.0,0.330247,1,-3.6188,0
2015-02-03,sh.600011,6.01622256,6.04600584,5.90453526,6.00877674,5.94921018,25000922,200814073.0,0.238104,1,1.0013,0
2015-02-04,sh.600011,6.04600584,6.09068076,5.94921018,5.97154764,6.00877674,29432747,237692542.0,0.280312,1,-0.6196,0
2015-02-05,sh.600011,6.03856002,6.06089748,5.62903992,5.64393156,5.97154764,91323077,711325440.0,0.869744,1,-5.4863,0
2015-02-06,sh.600011,5.62903992,5.62903992,5.30142384,5.3609904,5.64393156,68163191,496050288.0,0.649173,1,-5.0132,0
2015-02-09,sh.600011,5.31631548,5.40566532,5.30142384,5.35354458,5.3609904,35560377,255958899.0,0.33867,1,-0.1389,0
2015-02-10,sh.600011,5.39077368,5.5471359,5.3609904,5.51735262,5.35354458,39133754,287410592.0,0.372702,1,3.0598,0
2015-02-11,sh.600011,5.53224426,5.57691918,5.49501516,5.53224426,5.51735262,22705505,168876303.0,0.216243,1,0.2699,0
2015-02-12,sh.600011,5.51735262,5.71838976,5.42800278,5.5471359,5.53224426,36693229,272565984.0,0.349459,1,0.2692,0
2015-02-13,sh.600011,5.56947336,5.64393156,5.53224426,5.57691918,5.5471359,41988940,315119616.0,0.399895,1,0.5369,0
2015-02-16,sh.600011,5.57691918,5.59925664,5.49501516,5.53969008,5.57691918,35096152,260948177.0,0.334249,1,-0.6676,0
2015-02-17,sh.600011,5.55458172,5.59925664,5.5471359,5.57691918,5.53969008,23050268,172755952.0,0.219526,1,0.672,0
2015-02-25,sh.600011,5.59925664,5.71094394,5.56947336,5.63648574,5.57691918,46994724,356219552.0,0.447569,1,1.0681,0
2015-02-26,sh.600011,5.62903992,5.78540214,5.59925664,5.7705105,5.63648574,43923977,336567568.0,0.418324,1,2.3778,0
2015-02-27,sh.600011,5.7705105,5.82263124,5.71094394,5.7332814,5.7705105,38805604,300317504.0,0.369577,1,-0.6452,0
2015-03-02,sh.600011,5.8077396,5.82263124,5.7332814,5.80029378,5.7332814,46612326,361668832.0,0.443927,1,1.1688,0
2015-03-03,sh.600011,5.78540214,5.78540214,5.59925664,5.59925664,5.80029378,43139665,329646880.0,0.410854,1,-3.466,0
2015-03-04,sh.600011,5.6588232,5.66626902,5.56947336,5.59925664,5.59925664,40207521,303234256.0,0.382929,1,0.0,0
2015-03-05,sh.600011,5.5471359,5.59181082,5.46523188,5.50246098,5.59925664,40228013,297268400.0,0.383124,1,-1.7287,0
2015-03-06,sh.600011,5.50246098,5.584365,5.48012352,5.52479844,5.50246098,35323566,262567680.0,0.336415,1,0.406,0
2015-03-09,sh.600011,5.5099068,5.6215941,5.44289442,5.59925664,5.52479844,55932478,415029472.0,0.53269,1,1.3477,0
2015-03-10,sh.600011,5.59181082,5.66626902,5.56947336,5.62903992,5.59925664,43370763,327964944.0,0.413055,1,0.5319,0
2015-03-11,sh.600011,5.6215941,5.6960523,5.59925664,5.64393156,5.62903992,42264935,320939456.0,0.402523,1,0.2646,0
2015-03-12,sh.600011,5.64393156,5.75561886,5.63648574,5.7332814,5.64393156,59789267,457838480.0,0.569422,1,1.5831,0
2015-03-13,sh.600011,5.74072722,5.78540214,5.64393156,5.74817304,5.7332814,58026051,447490064.0,0.552629,1,0.2597,0
2015-03-16,sh.600011,5.7332814,5.85241452,5.70349812,5.8449687,5.74817304,86217440,670293504.0,0.821118,1,1.6839,0
2015-03-17,sh.600011,5.85986034,6.0683433,5.83007706,6.02366838,5.8449687,112744576,899416752.0,1.073758,1,3.0573,0
2015-03-18,sh.600011,6.02366838,6.13535568,5.97154764,6.12790986,6.02366838,95542274,776754448.0,0.909926,1,1.7305,0
2015-03-19,sh.600011,6.1055724,6.16513896,6.04600584,6.1055724,6.12790986,77572158,634581936.0,0.738782,1,-0.3645,0
2015-03-20,sh.600011,6.12790986,6.15769314,5.98643928,6.09812658,6.1055724,86357471,704575856.0,0.822452,1,-0.122,0
2015-03-23,sh.600011,6.15024732,6.2544888,6.12790986,6.23959716,6.09812658,91676719,761760288.0,0.873112,1,2.3199,0
2015-03-24,sh.600011,6.23215134,6.33639282,6.1428015,6.2544888,6.23959716,95922535,802634448.0,0.913548,1,0.2387,0
2015-03-25,sh.600011,6.18747642,6.20236806,6.04600584,6.07578912,6.2544888,97960855,803371120.0,0.932961,1,-2.8571,0
2015-03-26,sh.600011,6.07578912,6.13535568,6.01622256,6.09068076,6.07578912,65398419,534327552.0,0.622842,1,0.2451,0
2015-03-27,sh.600011,6.08323494,6.1055724,6.0311142,6.09068076,6.09068076,52340906,426914752.0,0.498485,1,0.0,0
2015-03-30,sh.600011,6.1055724,6.26938044,6.08323494,6.2544888,6.09068076,96244338,801394736.0,0.916613,1,2.6895,0
2015-03-31,sh.600011,6.28427208,6.3661761,6.12046404,6.15024732,6.2544888,99791111,839966992.0,0.950392,1,-1.6667,0
2015-04-01,sh.600011,6.15024732,6.27682626,6.12046404,6.2544888,6.15024732,78178801,652785968.0,0.74456,1,1.6949,0
2015-04-02,sh.600011,6.26193462,6.32150118,6.16513896,6.24704298,6.2544888,74568622,624656080.0,0.710177,1,-0.119,0
2015-04-03,sh.600011,6.20236806,6.26193462,6.17258478,6.2544888,6.24704298,76084673,636072720.0,0.724616,1,0.1192,0
2015-04-07,sh.600011,6.26938044,6.4406343,6.2544888,6.43318848,6.2544888,115650213,987341968.0,1.101431,1,2.8572,0
2015-04-08,sh.600011,6.43318848,6.45552594,6.26938044,6.34383864,6.43318848,102319255,872496832.0,0.974469,1,-1.3889,0
2015-04-09,sh.600011,6.27682626,6.30660954,6.12046404,6.18747642,6.34383864,95442556,795331968.0,0.908977,1,-2.4648,0
2015-04-10,sh.600011,6.20981388,6.32150118,6.20981388,6.30660954,6.18747642,81997623,691582256.0,0.78093,1,1.9254,0
2015-04-13,sh.600011,6.33639282,6.44808012,6.33639282,6.4406343,6.30660954,109119067,937768064.0,1.039229,1,2.1251,0
2015-04-14,sh.600011,6.44808012,7.04374572,6.38851356,7.00651662,6.4406343,222671770,2016272224.0,2.120684,1,8.7861,0
2015-04-15,sh.600011,6.93950424,6.93950424,6.6267798,6.71612964,7.00651662,115053019,1041993376.0,1.095743,1,-4.1445,0
2015-04-16,sh.600011,6.68634636,6.82037112,6.64167144,6.8129253,6.71612964,97198971,883002704.0,0.925704,1,1.4412,0
2015-04-17,sh.600011,6.82037112,7.17777048,6.82037112,6.98417916,6.8129253,150361943,1414641520.0,1.432019,1,2.5137,0
2015-04-20,sh.600011,6.9246126,7.3713618,6.68634636,7.02140826,6.98417916,204581917,1910966272.0,1.948399,1,0.5331,0
2015-04-21,sh.600011,6.97673334,7.12564974,6.82037112,7.10331228,7.02140826,114981743,1079084640.0,1.095064,1,1.1665,0
2015-04-22,sh.600011,7.34157852,7.81066518,7.2224454,7.81066518,7.10331228,175924190,1772863312.0,1.675468,1,9.9581,0
2015-04-23,sh.600011,8.190402,8.25741438,7.83300264,7.97447322,7.81066518,266613869,2886062528.0,2.53918,1,2.0972,0
2015-04-24,sh.600011,7.818111,8.39888496,7.71386952,8.16061872,7.97447322,177553175,1935795296.0,1.690983,1,2.3343,0
2015-04-27,sh.600011,8.16806454,8.84563416,7.98936486,8.562693,8.16061872,214958328,2419156496.0,2.047222,1,4.927,0
2015-04-28,sh.600011,8.4137766,8.71905522,8.22018528,8.29464348,8.562693,161939212,1826436096.0,1.542278,1,-3.1304,0
2015-04-29,sh.600011,8.190402,8.3765475,7.98191904,8.20529364,8.29464348,118881104,1304247056.0,1.132201,1,-1.0772,0
2015-04-30,sh.600011,8.21273946,8.68927194,8.17551036,8.36910168,8.20529364,148145222,1687675248.0,1.410907,1,1.9964,0
2015-05-04,sh.600011,8.36910168,9.20303352,8.1531729,9.20303352,8.36910168,244922075,2940545520.0,2.332591,1,9.9644,0
2015-05-05,sh.600011,9.44874558,9.66467436,8.45845152,8.48078898,9.20303352,244189422,2983580848.0,2.325614,1,-7.8479,0
2015-05-06,sh.600011,8.40633078,8.6743803,7.86278592,8.04893142,8.48078898,154937810,1731706384.0,1.475598,1,-5.0922,0
2015-05-07,sh.600011,7.95958158,8.03403978,7.50538656,7.55006148,8.04893142,119807638,1240054320.0,1.141025,1,-6.198,0
2015-05-08,sh.600011,7.61707386,8.03403978,7.57984476,8.02659396,7.55006148,130151246,1365725792.0,1.239536,1,6.3116,0
2015-05-11,sh.600011,8.0414856,8.48078898,8.0414856,8.34676422,8.02659396,123262627,1373537360.0,1.17393,1,3.9889,0
2015-05-12,sh.600011,8.39143914,8.74139268,8.190402,8.6743803,8.34676422,137674426,1577259680.0,1.311185,1,3.9251,0
2015-05-13,sh.600011,8.68182612,8.68182612,8.20529364,8.28719766,8.6743803,112361192,1264100544.0,1.070107,1,-4.4635,0
2015-05-14,sh.600011,8.2276311,8.51057226,8.08616052,8.22018528,8.28719766,89312972,990526448.0,0.8506,1,-0.8086,0
2015-05-15,sh.600011,8.12338962,8.17551036,7.80321936,7.87767756,8.22018528,87079942,930961440.0,0.829333,1,-4.1667,0
2015-05-18,sh.600011,7.87767756,8.0042565,7.67664042,7.75109862,7.87767756,54184081,569233984.0,0.516039,1,-1.6068,0
2015-05-19,sh.600011,7.7436528,8.0787147,7.68408624,8.07126888,7.75109862,72617572,774393104.0,0.691596,1,4.1306,0
2015-05-20,sh.600011,8.08616052,8.24996856,8.02659396,8.07126888,8.07126888,87318628,954822256.0,0.831606,1,0.0,0
2015-05-21,sh.600011,8.07126888,8.1531729,7.92235248,8.10849798,8.07126888,74046522,797606288.0,0.705205,1,0.4613,0
2015-05-22,sh.600011,8.22018528,8.38399332,8.19784782,8.33187258,8.10849798,149424271,1665087056.0,1.423088,1,2.7548,0
2015-05-25,sh.600011,8.33187258,8.6743803,8.3020893,8.65204284,8.33187258,146950256,1679406864.0,1.399526,1,3.8427,0
2015-05-26,sh.600011,8.69671776,8.77862178,8.40633078,8.65204284,8.65204284,140036301,1618569488.0,1.333679,1,0.0,0
2015-05-27,sh.600011,8.65948866,9.06900876,8.5254639,9.00199638,8.65204284,178529150,2103525280.0,1.700278,1,4.0448,0
2015-05-28,sh.600011,9.0094422,9.21047934,8.1159438,8.21273946,9.00199638,176999848,2100088192.0,1.685713,1,-8.7676,0
2015-05-29,sh.600011,8.18295618,8.33187258,7.7436528,8.05637724,8.21273946,99777365,1080043584.0,0.950261,1,-1.9039,0
2015-06-01,sh.600011,8.06382306,8.8605258,8.06382306,8.8605258,8.05637724,147638874,1728177248.0,1.406085,1,9.9815,0
2015-06-02,sh.600011,9.17325024,9.1955877,8.65204284,8.97965892,8.8605258,199293666,2383215312.0,1.898035,1,1.3445,0
2015-06-03,sh.600011,8.92009236,8.92009236,8.58503046,8.77862178,8.97965892,112642631,1325930528.0,1.072787,1,-2.2388,0
2015-06-04,sh.600011,8.7488385,8.91264654,8.0414856,8.83818834,8.77862178,114852295,1330212608.0,1.093831,1,0.6785,0
2015-06-05,sh.600011,8.92009236,9.1955877,8.7860676,9.06156294,8.83818834,184843858,2239725728.0,1.760418,1,2.5274,0
2015-06-08,sh.600011,9.06156294,9.43385394,8.94242982,9.32961246,9.06156294,228248134,2809207664.0,2.173792,1,2.9581,0
2015-06-09,sh.600011,9.37428738,9.41151648,9.01688802,9.29238336,9.32961246,166442636,2063631136.0,1.585168,1,-0.399,0
2015-06-10,sh.600011,9.10623786,9.2328168,8.934984,9.03922548,9.29238336,126081613,1538024928.0,1.200777,1,-2.7244,0
2015-06-11,sh.600011,9.0466713,9.09134622,8.77117596,8.88286326,9.03922548,100204168,1197259984.0,0.954325,1,-1.7298,0
2015-06-12,sh.600011,8.92009236,9.67212018,8.92009236,9.48597468,8.88286326,218709544,2715193408.0,2.082948,1,6.7896,0
2015-06-15,sh.600011,9.4934205,9.79869912,9.29238336,9.51575796,9.48597468,184190450,2365213248.0,1.754195,1,0.314,0
2015-06-16,sh.600011,9.31472082,9.44874558,8.84563416,8.94987564,9.51575796,109991719,1345758368.0,1.04754,1,-5.9468,0
2015-06-17,sh.600011,8.934984,9.82103658,8.7116094,9.7540242,8.94987564,163195935,2039427504.0,1.554247,1,8.985,0
2015-06-18,sh.600011,9.52320378,9.76891584,9.18814188,9.20303352,9.7540242,148988507,1911493584.0,1.418938,1,-5.6489,0
2015-06-19,sh.600011,8.9722131,9.50831214,8.75628432,8.8977549,9.20303352,124970647,1528143520.0,1.190197,1,-3.3172,0
2015-06-23,sh.600011,8.8605258,9.21792516,8.190402,9.15091278,8.8977549,112846485,1354212816.0,1.074728,1,2.8452,0
2015-06-24,sh.600011,9.21792516,10.06674864,9.21792516,10.06674864,9.15091278,339581680,4517037056.0,3.234111,1,10.0081,0
2015-06-25,sh.600011,10.02951954,10.99003032,9.77636166,10.48371456,10.06674864,414788768,5785330176.0,3.950369,1,4.142,0
2015-06-26,sh.600011,9.9029406,10.48371456,9.43385394,9.43385394,10.48371456,220042981,2922858432.0,2.095647,1,-10.0142,0
2015-06-29,sh.600011,9.81359076,10.26033996,8.69671776,10.07419446,9.43385394,359116896,4715761920.0,3.420161,1,6.7877,0
2015-06-30,sh.600011,10.1263152,10.60284768,9.06900876,10.44648546,10.07419446,340637504,4473314304.0,3.244167,1,3.6955,0
2015-07-01,sh.600011,10.1263152,10.39436472,9.40407066,9.40407066,10.44648546,236548870,3164849584.0,2.252846,1,-9.9786,0
2015-07-02,sh.600011,9.1211295,9.1211295,8.46589734,8.46589734,9.40407066,161696152,1880979312.0,1.539963,1,-9.9762,0
2015-07-03,sh.600011,7.67664042,8.3020893,7.61707386,7.61707386,8.46589734,154881650,1606104896.0,1.475063,1,-10.0264,0
2015-07-06,sh.600011,8.3765475,8.3765475,6.94695006,7.84789428,7.61707386,207966460,2144805584.0,1.980633,1,3.0303,0
2015-07-07,sh.600011,7.5202782,8.39143914,7.10331228,8.31698094,7.84789428,261157059,2745239552.0,2.48721,1,5.9772,0
2015-07-08,sh.600011,7.4830491,7.8925692,7.4830491,7.4830491,8.31698094,134207933,1374259936.0,1.278171,1,-10.0269,0
2015-07-09,sh.600011,7.4830491,8.23507692,6.96928752,8.23507692,7.4830491,174786489,1859347696.0,1.664633,1,10.0498,0
2015-07-10,sh.600011,8.27975184,9.06156294,8.23507692,9.06156294,8.23507692,189159148,2261171712.0,1.801516,1,10.0362,0
2015-07-13,sh.600011,9.22296,9.837824,8.9001564,9.568821,9.0615582,210185292,2555270624.0,2.001765,1,5.598,0
2015-07-14,sh.600011,9.22296,9.568821,8.7003256,8.761812,9.568821,162988908,1932731120.0,1.552275,1,-8.4337,0
2015-07-15,sh.600011,8.531238,8.569667,7.8856308,7.8933166,8.761812,119588574,1266394304.0,1.138939,1,-9.9123,0
2015-07-16,sh.600011,7.8933166,8.3544646,7.8933166,8.0547184,7.8933166,71154634,750235008.0,0.677663,1,2.0448,0
2015-07-17,sh.600011,8.146948,8.4774374,8.07009,8.3698362,8.0547184,89624001,968633120.0,0.853562,1,3.9122,0
2015-07-20,sh.600011,8.3698362,8.684954,8.185377,8.3083498,8.3698362,78140246,855685888.0,0.744193,1,-0.7346,0
2015-07-21,sh.600011,8.2084344,8.492809,7.9855462,8.3237214,8.3083498,77167729,832097808.0,0.734931,1,0.185,0
2015-07-22,sh.600011,8.2929782,8.800241,8.1315764,8.5466096,8.3237214,120205773,1318062544.0,1.144817,1,2.6777,0
2015-07-23,sh.600011,8.45438,8.7387546,8.4005794,8.608096,8.5466096,108948591,1216990864.0,1.037606,1,0.7194,0
2015-07-24,sh.600011,8.6234676,8.9078422,8.3083498,8.4236368,8.608096,114893188,1300313392.0,1.094221,1,-2.1429,0
2015-07-27,sh.600011,8.223806,8.4774374,7.5781988,7.5781988,8.4236368,103555573,1085023552.0,0.986244,1,-10.0365,0
2015-07-28,sh.600011,7.4244828,8.2468634,7.30151,8.031661,7.5781988,123312389,1243208864.0,1.174404,1,5.9838,0
2015-07-29,sh.600011,8.031661,8.3467788,7.9471172,8.300664,8.031661,80191252,847187008.0,0.763726,1,3.3493,0
2015-07-30,sh.600011,8.3314072,8.3467788,7.839516,8.0009178,8.300664,77075453,813425744.0,0.734052,1,-3.6111,0
2015-07-31,sh.600011,7.916374,8.1392622,7.839516,8.1162048,8.0009178,62532810,652269344.0,0.595551,1,1.4409,0
2015-08-03,sh.600011,7.9855462,8.531238,7.9624888,8.5158664,8.1162048,78602233,843110224.0,0.748593,1,4.9242,0
2015-08-04,sh.600011,8.45438,8.7310688,8.2852924,8.6234676,8.5158664,72456504,803884880.0,0.690062,1,1.2635,0
2015-08-05,sh.600011,8.5389238,8.6004102,8.223806,8.262235,8.6234676,42786475,468529904.0,0.40749,1,-4.189,0
2015-08-06,sh.600011,8.2161202,8.4082652,8.1162048,8.1930628,8.262235,24702342,265007684.0,0.23526,1,-0.8372,0
2015-08-07,sh.600011,8.2699208,8.415951,8.2007486,8.2391776,8.1930628,40930651,441372608.0,0.389816,1,0.5629,0
2015-08-10,sh.600011,8.300664,8.8156126,8.2699208,8.646525,8.2391776,96945176,1085201744.0,0.923287,1,4.944,0
2015-08-11,sh.600011,8.684954,8.7310688,8.4390084,8.5004948,8.646525,70471982,787978784.0,0.671162,1,-1.6889,0
2015-08-12,sh.600011,8.3928936,8.5927244,8.3467788,8.4236368,8.5004948,44355013,488606816.0,0.422429,1,-0.9042,0
2015-08-13,sh.600011,8.4313226,8.6311534,8.377522,8.608096,8.4236368,51058202,566582336.0,0.486269,1,2.1898,0
2015-08-14,sh.600011,8.761812,8.83867,8.4620658,8.5235522,8.608096,61496876,691221328.0,0.585685,1,-0.9821,0
2015-08-17,sh.600011,8.4697516,8.6542108,8.3160356,8.5619812,8.5235522,62241740,686654032.0,0.592778,1,0.4509,0
2015-08-18,sh.600011,8.5773528,8.5927244,7.7472864,7.8318302,8.5619812,75954738,805058656.0,0.723378,1,-8.5278,0
2015-08-19,sh.600011,7.7011716,7.9778604,7.6704284,7.9471172,7.8318302,46520269,473342208.0,0.44305,1,1.472,0
2015-08-20,sh.600011,7.877945,7.8856308,7.7011716,7.801087,7.9471172,37358725,378411696.0,0.355797,1,-1.8375,0
2015-08-21,sh.600011,7.7549722,7.7703438,7.4398544,7.4629118,7.801087,41518434,412325568.0,0.395414,1,-4.335,0
2015-08-24,sh.600011,7.2015946,7.2092804,6.7173892,6.7173892,7.4629118,61122199,540749120.0,0.582116,1,-9.9897,0
2015-08-25,sh.600011,6.071782,6.3100418,6.0487246,6.0564104,6.7173892,102926751,816762848.0,0.980255,1,-9.8398,0
2015-08-26,sh.600011,6.1716974,6.4253288,5.5798908,6.033353,6.0564104,80963759,635051728.0,0.771083,1,-0.3807,0
2015-08-27,sh.600011,6.1563258,6.379214,6.0256672,6.3715282,6.033353,61320417,496653184.0,0.584004,1,5.6051,0
2015-08-28,sh.600011,6.5098726,6.8634194,6.3945856,6.725075,6.3715282,55074638,472442560.0,0.52452,1,5.5489,0
2015-08-31,sh.600011,6.648217,6.9863922,6.3484708,6.9633348,6.725075,69015255,596491888.0,0.657288,1,3.5429,0
2015-09-01,sh.600011,6.801933,7.3706822,6.6251596,7.2784526,6.9633348,113940497,1047363632.0,1.085148,1,4.5254,0
2015-09-02,sh.600011,6.9787064,7.9778604,6.9249058,7.9240598,7.2784526,121298978,1195800528.0,1.155228,1,8.8701,0
2015-09-07,sh.600011,7.7934012,8.0624042,7.1708514,7.2015946,7.9240598,103591811,1008226848.0,0.986589,1,-9.1174,0
2015-09-08,sh.600011,7.109365,7.378368,6.7788756,7.2938242,7.2015946,44747378,413558160.0,0.426166,1,1.2807,0
2015-09-09,sh.600011,7.263081,7.4475402,7.1708514,7.3091958,7.2938242,42655256,406374240.0,0.406241,1,0.2108,0
2015-09-10,sh.600011,7.2323378,7.3553106,7.1170508,7.2092804,7.3091958,24768949,234304535.0,0.235895,1,-1.367,0
2015-09-11,sh.600011,7.2323378,7.2861384,7.0248212,7.0863076,7.2092804,19918344,185264819.0,0.189699,1,-1.7058,0
2015-09-14,sh.600011,7.1554798,7.1939088,6.763504,6.91722,7.0863076,28888518,262631889.0,0.275129,1,-2.3861,0
2015-09-15,sh.600011,6.9095342,6.9095342,6.609788,6.6712744,6.91722,21304584,186051221.0,0.202901,1,-3.5556,0
2015-09-16,sh.600011,6.609788,7.2553952,6.0564104,7.1247366,6.6712744,25772704,231945840.0,0.245454,1,6.7972,0
2015-09-17,sh.600011,7.224652,7.263081,6.8864768,6.9018484,7.1247366,23931933,221538923.0,0.227923,1,-3.1284,0
2015-09-18,sh.600011,6.9479632,7.0401928,6.840362,6.8941626,6.9018484,16308287,147214553.0,0.155317,1,-0.1114,0
2015-09-21,sh.600011,6.7711898,7.032507,6.7711898,6.9863922,6.8941626,15171180,136576137.0,0.144487,1,1.3378,0
2015-09-22,sh.600011,6.994078,7.0939934,6.994078,7.0248212,6.9863922,14604563,133988394.0,0.139091,1,0.5501,0
2015-09-23,sh.600011,6.9402774,7.0171354,6.7558182,6.7788756,7.0248212,15417982,137624607.0,0.146838,1,-3.5011,0
2015-09-24,sh.600011,6.7865614,6.8634194,6.7404466,6.8173046,6.7788756,10680065,94510205.0,0.101715,1,0.5669,0
2015-09-25,sh.600011,6.8096188,6.8634194,6.6021022,6.6328454,6.8173046,12190996,106568451.0,0.116105,1,-2.7057,0
2015-09-28,sh.600011,6.648217,6.725075,6.6021022,6.686646,6.6328454,5683582,49359325.0,0.054129,1,0.8111,0
2015-09-29,sh.600011,6.6174738,6.801933,6.6021022,6.6405312,6.686646,10097392,87864824.0,0.096166,1,-0.6896,0
2015-09-30,sh.600011,6.6943318,6.7404466,6.6405312,6.648217,6.6405312,6424917,55875207.0,0.06119,1,0.1157,0
2015-10-08,sh.600011,6.8711052,6.955649,6.801933,6.8864768,6.648217,17761053,159348581.0,0.169153,1,3.5838,0
2015-10-09,sh.600011,6.9633348,6.9633348,6.8557336,6.9249058,6.8864768,12725331,114561275.0,0.121194,1,0.558,0
2015-10-12,sh.600011,6.9325916,7.186223,6.91722,7.1401082,6.9249058,23263361,214631468.0,0.221556,1,3.1077,0
2015-10-13,sh.600011,7.1247366,7.1939088,7.070936,7.1324224,7.1401082,18461121,171280577.0,0.17582,1,-0.1076,0
2015-10-14,sh.600011,7.0632502,7.1631656,7.0017638,7.032507,7.1324224,13912976,128003564.0,0.132505,1,-1.4009,0
2015-10-15,sh.600011,7.0632502,7.186223,7.0094496,7.1631656,7.032507,18424360,170922852.0,0.17547,1,1.8579,0
2015-10-16,sh.600011,7.2169662,7.2477094,7.1016792,7.1785372,7.1631656,25469721,237365812.0,0.242569,1,0.2146,0
2015-10-19,sh.600011,7.1554798,7.2092804,7.070936,7.1170508,7.1785372,20350898,189138548.0,0.193818,1,-0.8565,0
2015-10-20,sh.600011,7.147794,7.339939,7.1247366,7.3245674,7.1170508,31241532,294617392.0,0.297538,1,2.9158,0
2015-10-21,sh.600011,7.4091112,7.4321686,6.9787064,6.994078,7.3245674,38578005,363899136.0,0.36741,1,-4.5121,0
2015-10-22,sh.600011,7.0401928,7.1708514,7.0171354,7.1631656,6.994078,25908563,239203033.0,0.246748,1,2.4176,0
2015-10-23,sh.600011,7.2092804,7.224652,7.0863076,7.2092804,7.1631656,23209022,216429032.0,0.221038,1,0.6438,0
2015-10-26,sh.600011,7.2861384,7.3168816,7.1785372,7.2169662,7.2092804,34421416,324477600.0,0.327823,1,0.1066,0
2015-10-27,sh.600011,7.147794,7.147794,6.9710206,7.1170508,7.2169662,25230411,231569756.0,0.24029,1,-1.3845,0
2015-10-28,sh.600011,7.0786218,7.224652,7.0478786,7.1247366,7.1170508,27314270,254010937.0,0.260136,1,0.108,0
2015-10-29,sh.600011,7.1324224,7.1708514,7.0401928,7.0632502,7.1247366,13566403,125031277.0,0.129204,1,-0.863,0
2015-10-30,sh.600011,7.0632502,7.1016792,6.9863922,7.032507,7.0632502,13024551,119231417.0,0.124043,1,-0.4353,0
2015-11-02,sh.600011,6.9787064,7.032507,6.9325916,6.9325916,7.032507,9710831,88264734.0,0.092484,1,-1.4208,0
2015-11-03,sh.600011,6.9633348,7.0401928,6.91722,6.9863922,6.9325916,12806757,116390768.0,0.121969,1,0.776,0
2015-11-04,sh.600011,6.9787064,7.2169662,6.9710206,7.2169662,6.9863922,24473542,227432835.0,0.233081,1,3.3003,0
2015-11-05,sh.600011,7.2323378,7.608942,7.2015946,7.455226,7.2169662,56483909,546455296.0,0.537942,1,3.3014,0
2015-11-06,sh.600011,7.455226,7.4859692,7.339939,7.4782834,7.455226,33889144,326944736.0,0.322754,1,0.3093,0
2015-11-09,sh.600011,7.4782834,7.724229,7.4244828,7.5858846,7.4782834,42956383,425982928.0,0.409108,1,1.4389,0
2015-11-10,sh.600011,7.5243982,7.5474556,7.416797,7.4859692,7.5858846,25705946,249720677.0,0.244819,1,-1.3171,0
2015-11-11,sh.600011,7.4475402,7.493655,7.3937396,7.4705976,7.4859692,20353026,197132951.0,0.193838,1,-0.2053,0
2015-11-12,sh.600011,7.4859692,7.4859692,7.3245674,7.3937396,7.4705976,16695444,160360929.0,0.159004,1,-1.0288,0
2015-11-13,sh.600011,7.4014254,7.608942,7.378368,7.3860538,7.3937396,34553175,335234832.0,0.329078,1,-0.104,0
2015-11-16,sh.600011,7.2938242,7.2938242,7.147794,7.2861384,7.3860538,19149160,180026353.0,0.182373,1,-1.3528,0
2015-11-17,sh.600011,7.3091958,7.455226,7.2707668,7.30151,7.2861384,20876272,200130615.0,0.198822,1,0.211,0
2015-11-18,sh.600011,7.3091958,7.3245674,7.2015946,7.2169662,7.30151,13161420,124434180.0,0.125347,1,-1.1579,0
2015-11-19,sh.600011,7.2169662,7.263081,7.186223,7.2553952,7.2169662,11482768,107968663.0,0.10936,1,0.5325,0
2015-11-20,sh.600011,7.2477094,7.2553952,7.2015946,7.2400236,7.2553952,13188695,124087004.0,0.125607,1,-0.2119,0
2015-11-23,sh.600011,7.2477094,7.263081,7.1324224,7.1631656,7.2400236,15000904,140678415.0,0.142866,1,-1.0616,0
2015-11-24,sh.600011,7.147794,7.1554798,7.0478786,7.1170508,7.1631656,13086538,120616680.0,0.124634,1,-0.6438,0
2015-11-25,sh.600011,7.1016792,7.147794,7.0632502,7.1401082,7.1170508,14299257,132276228.0,0.136183,1,0.324,0
2015-11-26,sh.600011,7.147794,7.1554798,7.109365,7.109365,7.1401082,16374858,151818983.0,0.155951,1,-0.4306,0
2015-11-27,sh.600011,7.1247366,7.1247366,6.609788,6.7481324,7.109365,22641439,203673154.0,0.215633,1,-5.0811,0
2015-11-30,sh.600011,6.7404466,6.9018484,6.7327608,6.8634194,6.7481324,14917671,132189756.0,0.142073,1,1.7084,0
2015-12-01,sh.600011,6.8711052,6.9325916,6.7711898,6.878791,6.8634194,12406689,110648446.0,0.118159,1,0.224,0
2015-12-02,sh.600011,6.8480478,7.1324224,6.840362,7.1170508,6.878791,21627556,197375271.0,0.205977,1,3.4637,0
2015-12-03,sh.600011,7.1016792,7.1401082,7.0478786,7.109365,7.1170508,15968180,147435966.0,0.152078,1,-0.108,0
2015-12-04,sh.600011,7.0939934,7.0939934,6.9018484,6.9479632,7.109365,13801944,125356662.0,0.131447,1,-2.2703,0
2015-12-07,sh.600011,6.8941626,6.9479632,6.8557336,6.8941626,6.9479632,10455130,93863365.0,0.099573,1,-0.7743,0
2015-12-08,sh.600011,6.878791,6.9018484,6.7711898,6.7788756,6.8941626,12613008,112037279.0,0.120124,1,-1.6722,0
2015-12-09,sh.600011,6.7865614,6.8864768,6.763504,6.7942472,6.7788756,7165178,63459162.0,0.06824,1,0.2268,0
2015-12-10,sh.600011,6.7788756,6.8557336,6.7327608,6.7481324,6.7942472,9805344,86704515.0,0.093384,1,-0.6787,0
2015-12-11,sh.600011,6.725075,6.7481324,6.609788,6.6559028,6.7481324,10438622,90403223.0,0.099415,1,-1.3667,0
2015-12-14,sh.600011,6.6559028,6.878791,6.6174738,6.8711052,6.6559028,17168667,151569571.0,0.163511,1,3.2333,0
2015-12-15,sh.600011,6.8634194,6.8864768,6.763504,6.7942472,6.8711052,11047693,98061062.0,0.105216,1,-1.1186,0
2015-12-16,sh.600011,6.7942472,6.8249904,6.686646,6.7097034,6.7942472,14451239,126961572.0,0.137631,1,-1.2444,0
2015-12-17,sh.600011,6.763504,6.8249904,6.7481324,6.7942472,6.7097034,19958037,176336077.0,0.190077,1,1.26,0
2015-12-18,sh.600011,6.7788756,6.9018484,6.7711898,6.8173046,6.7942472,17550592,155805920.0,0.167148,1,0.3394,0
2015-12-21,sh.600011,6.8173046,7.1401082,6.801933,7.070936,6.8173046,36460062,332580640.0,0.347239,1,3.7204,0
2015-12-22,sh.600011,7.070936,7.1170508,6.9633348,7.032507,7.070936,19451145,177975371.0,0.185249,1,-0.5435,0
2015-12-23,sh.600011,6.994078,7.1016792,6.9863922,7.0017638,7.032507,25609611,234430145.0,0.243901,1,-0.4372,0
2015-12-24,sh.600011,6.9479632,6.994078,6.8096188,6.8711052,7.0017638,16323426,145916965.0,0.155461,1,-1.8661,0
2015-12-25,sh.600011,6.8634194,6.9325916,6.8326762,6.9018484,6.8711052,11133778,99859314.0,0.106036,1,0.4474,0
2015-12-28,sh.600011,6.9249058,6.955649,6.7481324,6.7558182,6.9018484,16780811,149123704.0,0.159817,1,-2.1158,0
2015-12-29,sh.600011,6.725075,6.7865614,6.6789602,6.7711898,6.7558182,11237220,98406149.0,0.107021,1,0.2275,0
2015-12-30,sh.600011,6.7788756,6.7942472,6.7020176,6.763504,6.7711898,11939082,104696904.0,0.113706,1,-0.1135,0
2015-12-31,sh.600011,6.763504,6.7865614,6.686646,6.7097034,6.763504,10410871,91223727.0,0.099151,1,-0.7955,0
2016-01-04,sh.600011,6.7020176,6.725075,6.3177276,6.3330992,6.7097034,14485213,123345839.0,0.137954,1,-5.6128,0
2016-01-05,sh.600011,6.14864,6.4407004,6.14864,6.3177276,6.3330992,22088382,181009894.0,0.210366,1,-0.2427,0
2016-01-06,sh.600011,6.3177276,6.4714436,6.2792986,6.456072,6.3177276,17808629,148293352.0,0.169606,1,2.1898,0
2016-01-07,sh.600011,6.3638424,6.3638424,5.956495,5.9872382,6.456072,4102600,32937929.0,0.039072,1,-7.2619,0
2016-01-08,sh.600011,6.1178968,6.225498,5.994924,6.1332684,5.9872382,25639147,203991591.0,0.244182,1,2.439,0
2016-01-11,sh.600011,6.071782,6.0871536,5.841208,5.841208,6.1332684,22025336,171717567.0,0.209765,1,-4.7619,0
2016-01-12,sh.600011,5.8873228,5.9026944,5.76435,5.7797216,5.841208,16544598,125313455.0,0.157568,1,-1.0526,0
2016-01-13,sh.600011,5.841208,5.8565796,5.6721204,5.7028636,5.7797216,14723546,110513659.0,0.140224,1,-1.3298,0
2016-01-14,sh.600011,5.5952624,5.7566642,5.5568334,5.7336068,5.7028636,12995370,95455886.0,0.123765,1,0.5391,0
2016-01-15,sh.600011,5.6951778,5.725921,5.4722896,5.5030328,5.7336068,12981321,94226357.0,0.123632,1,-4.0215,0
2016-01-18,sh.600011,5.4338606,5.5798908,5.3954316,5.495347,5.5030328,12892638,92550093.0,0.122787,1,-0.1397,0
2016-01-19,sh.600011,5.533776,5.7028636,5.495347,5.6798062,5.495347,13847476,101551536.0,0.131881,1,3.3566,0
2016-01-20,sh.600011,5.6721204,5.7797216,5.495347,5.6567488,5.6798062,21745872,159858885.0,0.207104,1,-0.406,0
2016-01-21,sh.600011,5.5030328,5.6721204,5.4646038,5.495347,5.6567488,18095198,130777332.0,0.172335,1,-2.8533,0
2016-01-22,sh.600011,5.533776,5.5952624,5.495347,5.5491476,5.495347,9967314,71894284.0,0.094927,1,0.979,0
2016-01-25,sh.600011,5.5875766,5.6260056,5.533776,5.5645192,5.5491476,7590580,55096728.0,0.072291,1,0.277,0
2016-01-26,sh.600011,5.5260902,5.5260902,5.2494014,5.264773,5.5645192,15632660,110003745.0,0.148882,1,-5.3867,0
2016-01-27,sh.600011,5.341631,5.3493168,5.1187428,5.2032866,5.264773,14599443,99107808.0,0.139042,1,-1.1679,0
2016-01-28,sh.600011,5.226344,5.264773,5.0803138,5.1418002,5.2032866,13100240,88292355.0,0.124764,1,-1.1817,0
2016-01-29,sh.600011,5.149486,5.3185736,5.1264286,5.2724588,5.1418002,15758449,107285775.0,0.15008,1,2.5411,0
2016-02-01,sh.600011,5.2724588,5.2878304,5.1264286,5.1725434,5.2724588,11998582,81214899.0,0.114272,1,-1.895,0
2016-02-02,sh.600011,5.187915,5.2878304,5.1725434,5.2494014,5.1725434,10331811,70564981.0,0.098398,1,1.4859,0
2016-02-03,sh.600011,5.187915,5.226344,5.149486,5.2109724,5.2494014,8465827,57070177.0,0.080627,1,-0.7321,0
2016-02-04,sh.600011,5.2417156,5.2955162,5.226344,5.2724588,5.2109724,10362749,70937058.0,0.098693,1,1.1799,0
2016-02-05,sh.600011,5.2878304,5.2955162,5.2109724,5.2186582,5.2724588,8135088,55492491.0,0.077477,1,-1.0204,0
2016-02-15,sh.600011,5.0803138,5.1725434,5.0572564,5.1341144,5.2186582,8243947,54795229.0,0.078514,1,-1.62,0
2016-02-16,sh.600011,5.1648576,5.3185736,5.1648576,5.303202,5.1341144,14172228,97254420.0,0.134974,1,3.2934,0
2016-02-17,sh.600011,5.2955162,5.3493168,5.2724588,5.3339452,5.303202,14251706,98481597.0,0.135731,1,0.5797,0
2016-02-18,sh.600011,5.3570026,5.418489,5.3108878,5.3570026,5.3339452,20994394,146370511.0,0.199947,1,0.4323,0
2016-02-19,sh.600011,5.3570026,5.3723742,5.3108878,5.3339452,5.3570026,9081699,63106976.0,0.086492,1,-0.4304,0
2016-02-22,sh.600011,5.38006,5.456918,5.341631,5.4338606,5.3339452,19316769,135943908.0,0.183969,1,1.8732,0
2016-02-23,sh.600011,5.4415464,5.4799754,5.341631,5.418489,5.4338606,20907223,147786661.0,0.199116,1,-0.2829,0
2016-02-24,sh.600011,5.3646884,5.610634,5.341631,5.6029482,5.418489,27589612,197743843.0,0.262758,1,3.4043,0
2016-02-25,sh.600011,5.5645192,5.5645192,5.187915,5.2570872,5.6029482,24945674,175295693.0,0.237578,1,-6.1728,0
2016-02-26,sh.600011,5.3339452,5.4492322,5.264773,5.3646884,5.2570872,17504752,121878805.0,0.166712,1,2.0468,0
2016-02-29,sh.600011,5.38006,5.38006,5.0649422,5.2955162,5.3646884,21802319,146386503.0,0.207641,1,-1.2894,0
2016-03-01,sh.600011,5.2801446,5.3339452,5.1802292,5.303202,5.2955162,15043657,102691007.0,0.143273,1,0.1451,0
2016-03-02,sh.600011,5.3262594,5.5030328,5.2878304,5.4799754,5.303202,26860640,189429430.0,0.255816,1,3.3333,0
2016-03-03,sh.600011,5.4722896,5.533776,5.4492322,5.5184044,5.4799754,25037357,178919621.0,0.238451,1,0.7013,0
2016-03-04,sh.600011,5.495347,5.8258364,5.4646038,5.7489784,5.5184044,58903675,432911472.0,0.560987,1,4.1783,0
2016-03-07,sh.600011,5.7720358,5.7874074,5.6413772,5.6951778,5.7489784,19794288,147087128.0,0.188517,1,-0.9358,0
2016-03-08,sh.600011,5.6951778,5.7182352,5.4646038,5.7105494,5.6951778,19836741,144142184.0,0.188921,1,0.2699,0
2016-03-09,sh.600011,5.5798908,5.7336068,5.5260902,5.7182352,5.7105494,20565829,150860411.0,0.195865,1,0.1346,0
2016-03-10,sh.600011,5.6413772,5.7182352,5.5798908,5.5952624,5.7182352,6485624,47762751.0,0.061768,1,-2.1505,0
2016-03-11,sh.600011,5.533776,5.6336914,5.4646038,5.6260056,5.5952624,8786402,63818288.0,0.08368,1,0.5494,0
2016-03-14,sh.600011,5.6567488,5.7797216,5.6567488,5.687492,5.6260056,13486048,100349676.0,0.128439,1,1.0929,0
2016-03-15,sh.600011,5.687492,6.033353,5.5952624,6.0026098,5.687492,32271757,244371043.0,0.30735,1,5.5405,0
2016-03-16,sh.600011,5.918066,6.14864,5.8873228,6.071782,6.0026098,46949588,370260736.0,0.447139,1,1.1524,0
2016-03-17,sh.600011,6.0487246,6.1640116,6.0026098,6.071782,6.071782,18550136,147149845.0,0.176668,1,0.0,0
2016-03-18,sh.600011,6.1332684,6.1332684,5.9795524,6.0256672,6.071782,32409327,254930853.0,0.30866,1,-0.7595,0
2016-03-21,sh.600011,6.033353,6.110211,5.994924,6.0410388,6.0256672,24971741,196312448.0,0.237826,1,0.2551,0
2016-03-22,sh.600011,6.0179814,6.1178968,5.994924,6.0794678,6.0410388,19535013,154449134.0,0.186048,1,0.6361,0
2016-03-23,sh.600011,6.0564104,6.0871536,5.994924,6.0179814,6.0794678,12926688,101338875.0,0.123111,1,-1.0114,0
2016-03-24,sh.600011,6.0026098,6.0102956,5.9411234,5.9488092,6.0179814,9440717,73359840.0,0.089912,1,-1.1494,0
2016-03-25,sh.600011,5.9334376,5.994924,5.9334376,5.9795524,5.9488092,7736723,60100640.0,0.073683,1,0.5168,0
2016-03-28,sh.600011,6.0179814,6.110211,5.9641808,5.9795524,5.9795524,14041812,110552558.0,0.133732,1,0.0,0
2016-03-29,sh.600011,6.0179814,6.0794678,5.9488092,6.0256672,5.9795524,16071247,125718327.0,0.153059,1,0.7712,0
2016-03-30,sh.600011,6.0564104,6.1947548,6.0564104,6.187069,6.0256672,24686423,197024681.0,0.235109,1,2.6786,0
2016-03-31,sh.600011,6.2101264,6.2101264,6.110211,6.1255826,6.187069,16063846,128431248.0,0.152989,1,-0.9938,0
2016-04-01,sh.600011,6.1332684,6.1640116,6.0102956,6.1640116,6.1255826,15712521,124564108.0,0.149643,1,0.6274,0
2016-04-05,sh.600011,6.1178968,6.1947548,6.0640962,6.1716974,6.1640116,16239031,129754097.0,0.154657,1,0.1247,0
2016-04-06,sh.600011,6.14864,6.187069,6.1178968,6.14864,6.1716974,12678229,101363372.0,0.120745,1,-0.3736,0
2016-04-07,sh.600011,6.1563258,6.1640116,6.0256672,6.033353,6.14864,12733910,100645213.0,0.121275,1,-1.875,0
2016-04-08,sh.600011,6.0026098,6.0179814,5.9718666,5.994924,6.033353,8272412,64498572.0,0.078785,1,-0.6369,0
2016-04-11,sh.600011,6.0179814,6.0871536,6.0102956,6.0564104,5.994924,8257055,65108391.0,0.078639,1,1.0256,0
2016-04-12,sh.600011,6.0640962,6.0640962,5.9872382,6.0102956,6.0564104,7232219,56542623.0,0.068878,1,-0.7614,0
2016-04-13,sh.600011,6.0410388,6.1255826,6.033353,6.0871536,6.0102956,13261240,105266450.0,0.126298,1,1.2788,0
2016-04-14,sh.600011,6.110211,6.1332684,6.071782,6.1025252,6.0871536,5562204,44142200.0,0.052973,1,0.2525,0
2016-04-15,sh.600011,6.1255826,6.1332684,6.0640962,6.0794678,6.1025252,6416935,50867513.0,0.061114,1,-0.3778,0
2016-04-18,sh.600011,6.0487246,6.0487246,5.9641808,5.9718666,6.0794678,9462595,73661415.0,0.09012,1,-1.7699,0
2016-04-19,sh.600011,6.0102956,6.0256672,5.9488092,5.9795524,5.9718666,5555634,43151073.0,0.052911,1,0.1287,0
2016-04-20,sh.600011,5.9641808,5.994924,5.76435,5.9872382,5.9795524,16129456,123309238.0,0.153614,1,0.1285,0
2016-04-21,sh.600011,5.918066,5.9411234,5.8873228,5.8950086,5.9872382,4650184,35789798.0,0.044287,1,-1.5404,0
2016-04-22,sh.600011,5.8565796,5.994924,5.8488938,5.9411234,5.8950086,6885888,53184016.0,0.06558,1,0.7823,0
2016-04-25,sh.600011,5.9488092,5.9488092,5.8565796,5.9103802,5.9411234,3986017,30536361.0,0.037962,1,-0.5175,0
2016-04-26,sh.600011,5.9334376,5.956495,5.8488938,5.9026944,5.9103802,4638670,35583531.0,0.044178,1,-0.13,0
2016-04-27,sh.600011,5.8642654,5.8950086,5.8488938,5.8565796,5.9026944,5408872,41302377.0,0.051513,1,-0.7812,0
2016-04-28,sh.600011,5.8719512,5.879637,5.7566642,5.7874074,5.8565796,7716424,58172866.0,0.07349,1,-1.1811,0
2016-04-29,sh.600011,5.7720358,5.7874074,5.725921,5.7489784,5.7874074,8254929,61768803.0,0.078618,1,-0.664,0
2016-05-03,sh.600011,5.7489784,5.841208,5.725921,5.8181506,5.7489784,12322424,93008249.0,0.117356,1,1.2032,0
2016-05-04,sh.600011,5.802779,5.8488938,5.7950932,5.8258364,5.8181506,6780330,51338356.0,0.064575,1,0.1321,0
2016-05-05,sh.600011,5.8258364,5.8335222,5.7874074,5.8181506,5.8258364,4639193,35075044.0,0.044183,1,-0.1319,0
2016-05-06,sh.600011,5.8258364,5.8335222,5.6951778,5.7105494,5.8181506,8795018,65785513.0,0.083762,1,-1.8494,0
2016-05-09,sh.600011,5.687492,5.687492,5.533776,5.5568334,5.7105494,9155156,66463201.0,0.087192,1,-2.6918,0
2016-05-10,sh.600011,5.5414618,5.572205,5.5184044,5.533776,5.5568334,4703169,33905001.0,0.044792,1,-0.4149,0
2016-05-11,sh.600011,5.5414618,5.6721204,5.495347,5.6029482,5.533776,9661957,70082682.0,0.092019,1,1.25,0
2016-05-12,sh.600011,5.572205,5.687492,5.5030328,5.6567488,5.6029482,10273406,75076657.0,0.097842,1,0.9602,0
2016-05-13,sh.600011,5.6336914,5.649063,5.5414618,5.572205,5.6567488,6790093,49337573.0,0.064668,1,-1.4946,0
2016-05-16,sh.600011,5.5491476,5.5798908,5.5107186,5.572205,5.572205,5489763,39630397.0,0.052283,1,0.0,0
2016-05-17,sh.600011,5.5798908,5.5875766,5.5184044,5.5491476,5.572205,4318417,31142707.0,0.041128,1,-0.4138,0
2016-05-18,sh.600011,5.533776,5.5875766,5.456918,5.5798908,5.5491476,11232528,80764499.0,0.106976,1,0.554,0
2016-05-19,sh.600011,5.5414618,5.610634,5.5414618,5.5568334,5.5798908,4569532,33167055.0,0.043519,1,-0.4132,0
2016-05-20,sh.600011,5.5414618,5.5798908,5.533776,5.572205,5.5568334,2530742,18320719.0,0.024102,1,0.2766,0
2016-05-23,sh.600011,5.5875766,5.610634,5.5645192,5.5952624,5.572205,4382001,31869348.0,0.041733,1,0.4138,0
2016-05-24,sh.600011,5.6029482,5.6336914,5.5491476,5.6183198,5.5952624,4867148,35403355.0,0.046354,1,0.4121,0
2016-05-25,sh.600011,5.6413772,5.6413772,5.6029482,5.6183198,5.6183198,3908846,28619706.0,0.037227,1,0.0,0
2016-05-26,sh.600011,5.610634,5.6413772,5.5645192,5.610634,5.6183198,3552983,25893333.0,0.033838,1,-0.1368,0
2016-05-27,sh.600011,5.6336914,5.6336914,5.572205,5.5875766,5.610634,3074228,22383351.0,0.029278,1,-0.411,0
2016-05-30,sh.600011,5.610634,5.6336914,5.5645192,5.6260056,5.5875766,4318188,31515278.0,0.041126,1,0.6878,0
2016-05-31,sh.600011,5.6336914,5.7797216,5.610634,5.7720358,5.6260056,10614525,79097791.0,0.101091,1,2.5956,0
2016-06-01,sh.600011,5.7720358,5.7720358,5.7182352,5.725921,5.7720358,6629042,49499007.0,0.063134,1,-0.7989,0
2016-06-02,sh.600011,5.725921,5.7412926,5.6951778,5.725921,5.725921,4859451,36130467.0,0.04628,1,0.0,0
2016-06-03,sh.600011,5.7336068,5.7489784,5.7028636,5.7336068,5.725921,5080794,37864960.0,0.048389,1,0.1342,0
2016-06-06,sh.600011,5.7336068,5.7566642,5.7028636,5.7489784,5.7336068,4557080,33966903.0,0.043401,1,0.2681,0
2016-06-07,sh.600011,5.7489784,5.8335222,5.7336068,5.7950932,5.7489784,6953657,52340157.0,0.066225,1,0.8021,0
2016-06-08,sh.600011,5.7874074,5.8104648,5.7489784,5.7874074,5.7950932,4121918,30960903.0,0.039256,1,-0.1326,0
2016-06-13,sh.600011,5.76435,5.76435,5.572205,5.5875766,5.7874074,7676245,56712735.0,0.073107,1,-3.4529,0
2016-06-14,sh.600011,5.5568334,5.610634,5.5568334,5.5798908,5.5875766,4917062,35703875.0,0.046829,1,-0.1375,0
2016-06-15,sh.600011,5.5414618,5.6721204,5.5414618,5.6260056,5.5798908,4655578,34008326.0,0.044339,1,0.8264,0
2016-06-16,sh.600011,5.5952624,5.6413772,5.5414618,5.5568334,5.6260056,8874698,64263533.0,0.084521,1,-1.2295,0
2016-06-17,sh.600011,5.5491476,5.6336914,5.5491476,5.5798908,5.5568334,5762036,41971855.0,0.054877,1,0.4149,0
2016-06-20,sh.600011,5.6183198,5.6183198,5.5798908,5.610634,5.5798908,3088883,22504755.0,0.029418,1,0.551,0
2016-06-21,sh.600011,5.610634,5.6567488,5.6029482,5.6183198,5.610634,6508429,47604243.0,0.061985,1,0.137,0
2016-06-22,sh.600011,5.6183198,5.6644346,5.610634,5.6644346,5.6183198,4632178,34020059.0,0.044116,1,0.8208,0
2016-06-23,sh.600011,5.6644346,5.6798062,5.610634,5.6336914,5.6644346,4656344,34128862.0,0.044346,1,-0.5427,0
2016-06-24,sh.600011,5.6413772,5.6798062,5.572205,5.6183198,5.6336914,9300316,68112532.0,0.088574,1,-0.2729,0
2016-06-27,sh.600011,5.6029482,5.687492,5.5875766,5.6644346,5.6183198,4493890,33074155.0,0.042799,1,0.8208,0
2016-06-28,sh.600011,5.6567488,5.7028636,5.6260056,5.687492,5.6644346,8572509,63194560.0,0.081643,1,0.4071,0
2016-06-29,sh.600011,5.6721204,5.7566642,5.6567488,5.7412926,5.687492,9570383,71265870.0,0.091147,1,0.9459,0
2016-06-30,sh.600011,5.7412926,5.802779,5.7336068,5.7797216,5.7412926,7452873,56015800.0,0.07098,1,0.6693,0
2016-07-01,sh.600011,5.8258364,5.8488938,5.8104648,5.8488938,5.7797216,7518005,57070964.0,0.0716,1,1.1968,0
2016-07-04,sh.600011,5.8565796,6.0179814,5.841208,5.994924,5.8488938,14629560,113363272.0,0.139329,1,2.4967,0
2016-07-05,sh.600011,5.994924,6.0410388,5.9488092,6.033353,5.994924,11091820,86506607.0,0.105636,1,0.641,0
2016-07-06,sh.600011,6.0256672,6.0487246,5.9795524,6.0102956,6.033353,11417803,89367653.0,0.108741,1,-0.3822,0
2016-07-07,sh.600011,6.0102956,6.0179814,5.956495,5.9718666,6.0102956,17350780,135057425.0,0.165246,1,-0.6394,0
2016-07-08,sh.600011,5.93914464,5.93914464,5.8082544,5.82461568,5.9718672,15173162,108179456.0,0.144506,1,-2.4658,0
2016-07-11,sh.600011,5.82461568,5.8491576,5.75917056,5.80007376,5.82461568,10363897,73500336.0,0.098704,1,-0.4213,0
2016-07-12,sh.600011,5.80007376,5.89824144,5.77553184,5.8900608,5.80007376,16445379,117300602.0,0.156623,1,1.5515,0
2016-07-13,sh.600011,5.90642208,5.9718672,5.88188016,5.89824144,5.8900608,10102502,73102255.0,0.096214,1,0.1389,0
2016-07-14,sh.600011,5.90642208,5.95550592,5.86551888,5.930964,5.89824144,6684708,48240336.0,0.063664,1,0.5548,0
2016-07-15,sh.600011,5.93914464,5.93914464,5.87369952,5.89824144,5.930964,4395942,31677312.0,0.041866,1,-0.5517,0
2016-07-18,sh.600011,5.88188016,5.94732528,5.8491576,5.87369952,5.89824144,7342239,52902323.0,0.069926,1,-0.4161,0
2016-07-19,sh.600011,5.85733824,5.92278336,5.82461568,5.87369952,5.87369952,8307045,59571405.0,0.079115,1,0.0,0
2016-07-20,sh.600011,5.85733824,5.86551888,5.82461568,5.83279632,5.87369952,4737791,33829158.0,0.045122,1,-0.6964,0
2016-07-21,sh.600011,5.83279632,5.86551888,5.82461568,5.8491576,5.83279632,5916062,42276947.0,0.056343,1,0.2805,0
2016-07-22,sh.600011,5.83279632,5.8491576,5.79189312,5.80007376,5.8491576,4625641,32895758.0,0.044054,1,-0.8392,0
2016-07-25,sh.600011,5.79189312,5.84097696,5.78371248,5.8082544,5.80007376,3903877,27711236.0,0.03718,1,0.141,0
2016-07-26,sh.600011,5.79189312,5.84097696,5.79189312,5.83279632,5.8082544,7144287,50846009.0,0.068041,1,0.4225,0
2016-07-27,sh.600011,5.8491576,5.930964,5.71826736,5.92278336,5.83279632,18462435,131823557.0,0.175833,1,1.5428,0
2016-07-28,sh.600011,5.8900608,6.0945768,5.83279632,6.07821552,5.92278336,33187883,243680074.0,0.316075,1,2.6243,0
2016-07-29,sh.600011,6.03731232,6.08639616,5.95550592,5.9718672,6.07821552,12174021,89533382.0,0.115943,1,-1.7497,0
2016-08-01,sh.600011,5.99640912,6.0127704,5.89824144,5.98004784,5.9718672,8011300,58456908.0,0.076298,1,0.137,0
2016-08-02,sh.600011,5.9718672,5.98004784,5.91460272,5.96368656,5.98004784,4994419,36316728.0,0.047566,1,-0.2736,0
2016-08-03,sh.600011,5.89824144,5.930964,5.83279632,5.85733824,5.96368656,14566819,104618043.0,0.138732,1,-1.7833,0
2016-08-04,sh.600011,5.8491576,5.8900608,5.82461568,5.87369952,5.85733824,6876304,49235119.0,0.065489,1,0.2793,0
2016-08-05,sh.600011,5.87369952,5.8900608,5.84097696,5.86551888,5.87369952,5348822,38337459.0,0.050941,1,-0.1393,0
2016-08-08,sh.600011,5.8491576,5.8900608,5.81643504,5.8900608,5.86551888,9431417,67510472.0,0.089823,1,0.4184,0
2016-08-09,sh.600011,5.8900608,5.92278336,5.87369952,5.90642208,5.8900608,9641161,69419314.0,0.091821,1,0.2778,0
2016-08-10,sh.600011,5.91460272,5.91460272,5.8491576,5.87369952,5.90642208,8685593,62369572.0,0.08272,1,-0.554,0
2016-08-11,sh.600011,5.87369952,5.88188016,5.83279632,5.84097696,5.87369952,8197883,58741923.0,0.078075,1,-0.5571,0
2016-08-12,sh.600011,5.86551888,5.9718672,5.84097696,5.930964,5.84097696,11971098,86341186.0,0.11401,1,1.5406,0
2016-08-15,sh.600011,5.93914464,6.07821552,5.930964,6.04549296,5.930964,20618848,151709981.0,0.19637,1,1.931,0
2016-08-16,sh.600011,6.08639616,6.12729936,6.00458976,6.02913168,6.04549296,15312594,113359077.0,0.145834,1,-0.2706,0
2016-08-17,sh.600011,6.06185424,6.06185424,5.99640912,6.04549296,6.02913168,8766469,64577761.0,0.08349,1,0.2714,0
2016-08-18,sh.600011,6.04549296,6.08639616,5.94732528,5.98822848,6.04549296,13497770,99029655.0,0.12855,1,-0.9472,0
2016-08-19,sh.600011,5.98004784,6.00458976,5.92278336,5.98004784,5.98822848,8255534,60123955.0,0.078624,1,-0.1366,0
2016-08-22,sh.600011,5.96368656,5.98004784,5.930964,5.94732528,5.98004784,8782858,63867927.0,0.083646,1,-0.5472,0
2016-08-23,sh.600011,5.96368656,5.9718672,5.90642208,5.92278336,5.94732528,7436445,54029388.0,0.070823,1,-0.4127,0
2016-08-24,sh.600011,5.930964,5.96368656,5.90642208,5.94732528,5.92278336,5398675,39174438.0,0.051416,1,0.4144,0
2016-08-25,sh.600011,5.92278336,5.92278336,5.85733824,5.91460272,5.94732528,8004858,57655352.0,0.076237,1,-0.5502,0
2016-08-26,sh.600011,5.90642208,5.9718672,5.89824144,5.93914464,5.91460272,11187600,81081717.0,0.106549,1,0.4149,0
2016-08-29,sh.600011,5.92278336,5.92278336,5.8491576,5.88188016,5.93914464,10524883,75760047.0,0.100237,1,-0.9642,0
2016-08-30,sh.600011,5.89824144,5.91460272,5.86551888,5.8900608,5.88188016,5910740,42564721.0,0.056293,1,0.1391,0
2016-08-31,sh.600011,5.87369952,5.90642208,5.86551888,5.89824144,5.8900608,5109218,36780526.0,0.048659,1,0.1389,0
2016-09-01,sh.600011,5.90642208,5.91460272,5.86551888,5.88188016,5.89824144,4656363,33508336.0,0.044346,1,-0.2774,0
2016-09-02,sh.600011,5.95550592,5.99640912,5.8900608,5.98004784,5.88188016,17955769,130485429.0,0.171007,1,1.669,0
2016-09-05,sh.600011,5.9718672,5.98822848,5.91460272,5.94732528,5.98004784,6791113,49429001.0,0.064677,1,-0.547195,0
2016-09-06,sh.600011,5.94732528,5.95550592,5.8900608,5.95550592,5.94732528,5402859,39144095.0,0.051456,1,0.137555,0
2016-09-07,sh.600011,5.95550592,5.9718672,5.90642208,5.91460272,5.95550592,6559969,47682329.0,0.062476,1,-0.686816,0
2016-09-08,sh.600011,5.92278336,5.930964,5.90642208,5.92278336,5.91460272,2851978,20635939.0,0.027162,1,0.138309,0
2016-09-09,sh.600011,5.91460272,5.930964,5.88188016,5.8900608,5.92278336,5211739,37590250.0,0.049636,1,-0.552486,0
2016-09-12,sh.600011,5.8491576,6.0127704,5.77553184,5.99640912,5.8900608,22190605,159702157.0,0.211339,1,1.805557,0
2016-09-13,sh.600011,5.94732528,5.98004784,5.8900608,5.96368656,5.99640912,8656488,62768163.0,0.082443,1,-0.545702,0
2016-09-14,sh.600011,5.930964,5.930964,5.82461568,5.87369952,5.96368656,8276895,59440514.0,0.078828,1,-1.508918,0
2016-09-19,sh.600011,5.87369952,5.88188016,5.85733824,5.87369952,5.87369952,3501885,25117376.0,0.033351,1,0.0,0
2016-09-20,sh.600011,5.88188016,5.88188016,5.83279632,5.85733824,5.87369952,2356167,16854649.0,0.02244,1,-0.278551,0
2016-09-21,sh.600011,5.86551888,5.86551888,5.80007376,5.82461568,5.85733824,6982642,49687487.0,0.066501,1,-0.558659,0
2016-09-22,sh.600011,5.82461568,5.86551888,5.82461568,5.83279632,5.82461568,4364288,31180357.0,0.041565,1,0.140453,0
2016-09-23,sh.600011,5.83279632,5.85733824,5.81643504,5.82461568,5.83279632,3100613,22106405.0,0.02953,1,-0.140256,0
2016-09-26,sh.600011,5.83279632,5.83279632,5.7673512,5.78371248,5.82461568,4822096,34199462.0,0.045925,1,-0.702243,0
2016-09-27,sh.600011,5.78371248,5.81643504,5.77553184,5.80007376,5.78371248,4188703,29653124.0,0.039892,1,0.282885,0
2016-09-28,sh.600011,5.83279632,5.83279632,5.77553184,5.79189312,5.80007376,1806543,12795345.0,0.017205,1,-0.141047,0
2016-09-29,sh.600011,5.8082544,5.81643504,5.77553184,5.79189312,5.79189312,3255636,23066956.0,0.031006,1,0.0,0
2016-09-30,sh.600011,5.80007376,5.81643504,5.73462864,5.75917056,5.79189312,5292530,37347735.0,0.050405,1,-0.564971,0
2016-10-10,sh.600011,5.77553184,5.81643504,5.75917056,5.80007376,5.75917056,6134226,43433653.0,0.058421,1,0.71023,0
2016-10-11,sh.600011,5.8082544,5.82461568,5.79189312,5.81643504,5.80007376,4104713,29151633.0,0.039093,1,0.282087,0
2016-10-12,sh.600011,5.8082544,5.81643504,5.79189312,5.81643504,5.81643504,2394440,16993042.0,0.022804,1,0.0,0
2016-10-13,sh.600011,5.81643504,5.81643504,5.78371248,5.80007376,5.81643504,3714151,26332910.0,0.035373,1,-0.281294,0
2016-10-14,sh.600011,5.80007376,5.8491576,5.7673512,5.83279632,5.80007376,5667820,40222846.0,0.053979,1,0.564174,0
2016-10-17,sh.600011,5.84097696,5.8491576,5.79189312,5.81643504,5.83279632,7577643,54003397.0,0.072168,1,-0.280505,0
2016-10-18,sh.600011,5.81643504,5.85733824,5.79189312,5.85733824,5.81643504,6633722,47275052.0,0.063178,1,0.703231,0
2016-10-19,sh.600011,5.83279632,5.8900608,5.83279632,5.84097696,5.85733824,9605996,68845858.0,0.091486,1,-0.279329,0
2016-10-20,sh.600011,5.84097696,5.85733824,5.8082544,5.82461568,5.84097696,4963054,35371099.0,0.047267,1,-0.280112,0
2016-10-21,sh.600011,5.82461568,5.85733824,5.8082544,5.84097696,5.82461568,4510503,32181899.0,0.042957,1,0.280899,0
2016-10-24,sh.600011,5.83279632,5.91460272,5.83279632,5.8900608,5.84097696,8607168,61899241.0,0.081973,1,0.840335,0
2016-10-25,sh.600011,5.88188016,5.90642208,5.87369952,5.8900608,5.8900608,5917834,42649036.0,0.05636,1,0.0,0
2016-10-26,sh.600011,5.89824144,5.90642208,5.8491576,5.85733824,5.8900608,4532493,32505012.0,0.043167,1,-0.555555,0
2016-10-27,sh.600011,5.85733824,5.86551888,5.83279632,5.85733824,5.85733824,3117196,22286531.0,0.029688,1,0.0,0
2016-10-28,sh.600011,5.84097696,5.88188016,5.84097696,5.86551888,5.85733824,5369017,38482696.0,0.051133,1,0.139668,0
2016-10-31,sh.600011,5.83279632,5.86551888,5.8082544,5.8491576,5.86551888,3241828,23132902.0,0.030875,1,-0.27894,0
2016-11-01,sh.600011,5.85733824,5.87369952,5.83279632,5.86551888,5.8491576,3548517,25394560.0,0.033795,1,0.27972,0
2016-11-02,sh.600011,5.85733824,5.86551888,5.79189312,5.81643504,5.86551888,3785493,26952606.0,0.036052,1,-0.836819,0
2016-11-03,sh.600011,5.8082544,5.8491576,5.79189312,5.82461568,5.81643504,5517256,39255142.0,0.052545,1,0.140644,0
2016-11-04,sh.600011,5.82461568,5.82461568,5.8082544,5.81643504,5.82461568,3143733,22355533.0,0.02994,1,-0.140446,0
2016-11-07,sh.600011,5.83279632,5.83279632,5.79189312,5.8082544,5.81643504,3924326,27844287.0,0.037375,1,-0.14065,0
2016-11-08,sh.600011,5.81643504,5.83279632,5.79189312,5.81643504,5.8082544,5981862,42510902.0,0.05697,1,0.140848,0
2016-11-09,sh.600011,5.82461568,5.82461568,5.7673512,5.7673512,5.81643504,9549196,67513801.0,0.090945,1,-0.843881,0
2016-11-10,sh.600011,5.80007376,5.82461568,5.79189312,5.8082544,5.7673512,5897805,41888624.0,0.05617,1,0.709216,0
2016-11-11,sh.600011,5.80007376,5.84097696,5.79189312,5.84097696,5.8082544,8105660,57687043.0,0.077197,1,0.56338,0
2016-11-14,sh.600011,5.84097696,5.89824144,5.82461568,5.86551888,5.84097696,10245242,73479872.0,0.097574,1,0.420171,0
2016-11-15,sh.600011,5.86551888,5.88188016,5.84097696,5.87369952,5.86551888,8026007,57518189.0,0.076438,1,0.139467,0
2016-11-16,sh.600011,5.87369952,5.87369952,5.8491576,5.86551888,5.87369952,5900739,42271907.0,0.056198,1,-0.139272,0
2016-11-17,sh.600011,5.85733824,5.89824144,5.84097696,5.8900608,5.86551888,10782375,77496057.0,0.102689,1,0.418406,0
2016-11-18,sh.600011,5.89824144,5.90642208,5.8491576,5.85733824,5.8900608,5443316,39049411.0,0.051841,1,-0.555555,0
2016-11-21,sh.600011,5.85733824,6.08639616,5.8491576,5.98822848,5.85733824,31718540,232401242.0,0.302081,1,2.234642,0
2016-11-22,sh.600011,5.98004784,6.0127704,5.930964,5.9718672,5.98822848,16088804,117481469.0,0.153227,1,-0.273224,0
2016-11-23,sh.600011,5.96368656,6.02913168,5.94732528,5.9718672,5.9718672,12272322,89905956.0,0.116879,1,0.0,0
2016-11-24,sh.600011,5.94732528,6.0127704,5.94732528,5.98822848,5.9718672,10698752,78165383.0,0.101893,1,0.273972,0
2016-11-25,sh.600011,5.98004784,6.06185424,5.91460272,6.04549296,5.98822848,14393828,105448569.0,0.137084,1,0.95628,0
2016-11-28,sh.600011,6.03731232,6.15184128,6.00458976,6.10275744,6.04549296,20295808,150945735.0,0.193293,1,0.947228,0
2016-11-29,sh.600011,6.0945768,6.36453792,6.07821552,6.29091216,6.10275744,40542211,310113264.0,0.386116,1,3.08311,0
2016-11-30,sh.600011,6.2581896,6.35635728,6.13548,6.26637024,6.29091216,25870172,196758262.0,0.246383,1,-0.39012,0
2016-12-01,sh.600011,6.2172864,6.339996,6.20910576,6.27455088,6.26637024,24070740,184184103.0,0.229245,1,0.130551,0
2016-12-02,sh.600011,6.28273152,6.5036088,6.25000896,6.34817664,6.27455088,39045512,303444896.0,0.371862,1,1.173405,0
2016-12-05,sh.600011,6.28273152,6.36453792,6.18456384,6.35635728,6.34817664,24710065,189781475.0,0.235334,1,0.128863,0
2016-12-06,sh.600011,6.32363472,6.36453792,6.20910576,6.25000896,6.35635728,14093305,107859426.0,0.134222,1,-1.673103,0
2016-12-07,sh.600011,6.24182832,6.25000896,6.06185424,6.13548,6.25000896,24242403,181397238.0,0.23088,1,-1.832459,0
2016-12-08,sh.600011,6.13548,6.15184128,6.00458976,6.04549296,6.13548,27806565,205863076.0,0.264824,1,-1.466668,0
2016-12-09,sh.600011,6.03731232,6.07003488,5.99640912,6.02095104,6.04549296,42892326,315978064.0,0.408498,1,-0.40595,0
2016-12-12,sh.600011,6.03731232,6.04549296,5.79189312,5.96368656,6.02095104,46469051,335671280.0,0.442562,1,-0.951089,0
2016-12-13,sh.600011,5.92278336,5.92278336,5.82461568,5.88188016,5.96368656,14938893,107329323.0,0.142275,1,-1.371741,0
2016-12-14,sh.600011,5.88188016,5.92278336,5.83279632,5.85733824,5.88188016,18329821,131624946.0,0.17457,1,-0.417249,0
2016-12-15,sh.600011,5.8491576,5.87369952,5.8082544,5.83279632,5.85733824,14395149,102742368.0,0.137097,1,-0.418991,0
2016-12-16,sh.600011,5.83279632,5.87369952,5.8082544,5.81643504,5.83279632,25921407,184956248.0,0.246871,1,-0.280505,0
2016-12-19,sh.600011,5.82461568,5.86551888,5.81643504,5.84097696,5.81643504,10483253,74843353.0,0.099841,1,0.421937,0
2016-12-20,sh.600011,5.8491576,5.8491576,5.7673512,5.77553184,5.84097696,14109568,99977573.0,0.134377,1,-1.120447,0
2016-12-21,sh.600011,5.77553184,5.88188016,5.77553184,5.85733824,5.77553184,18880649,134766070.0,0.179816,1,1.416429,0
2016-12-22,sh.600011,5.85733824,5.9718672,5.82461568,5.8900608,5.85733824,21715065,156680378.0,0.20681,1,0.558659,0
2016-12-23,sh.600011,5.88188016,5.88188016,5.79189312,5.80007376,5.8900608,11946920,85057451.0,0.11378,1,-1.527773,0
2016-12-26,sh.600011,5.78371248,5.87369952,5.73462864,5.8491576,5.80007376,12564307,88746226.0,0.11966,1,0.846261,0
2016-12-27,sh.600011,5.83279632,5.83279632,5.74280928,5.77553184,5.8491576,12366531,87339080.0,0.117776,1,-1.258743,0
2016-12-28,sh.600011,5.77553184,5.78371248,5.75098992,5.7673512,5.77553184,6489181,45720236.0,0.061802,1,-0.14164,0
2016-12-29,sh.600011,5.75917056,5.78371248,5.75098992,5.7673512,5.7673512,5191432,36588785.0,0.049442,1,0.0,0
2016-12-30,sh.600011,5.77553184,5.78371248,5.74280928,5.7673512,5.7673512,7814401,55054560.0,0.074423,1,0.0,0
2017-01-03,sh.600011,5.7673512,5.80007376,5.75098992,5.79189312,5.7673512,7094234,50158647.0,0.067564,1,0.425528,0
2017-01-04,sh.600011,5.79189312,5.81643504,5.75098992,5.8082544,5.79189312,15629508,110525263.0,0.148852,1,0.282486,0
2017-01-05,sh.600011,5.80007376,5.8082544,5.75917056,5.77553184,5.8082544,18442780,130293087.0,0.175646,1,-0.56338,0
2017-01-06,sh.600011,5.77553184,5.84097696,5.77553184,5.79189312,5.77553184,25589999,181463197.0,0.243714,1,0.283286,0
2017-01-09,sh.600011,5.79189312,5.83279632,5.78371248,5.82461568,5.79189312,12855141,91323451.0,0.12243,1,0.564971,0
2017-01-10,sh.600011,5.82461568,5.86551888,5.80007376,5.83279632,5.82461568,13988323,99662739.0,0.133222,1,0.140453,0
2017-01-11,sh.600011,5.83279632,5.87369952,5.80007376,5.84097696,5.83279632,16404073,116983998.0,0.156229,1,0.140249,0
2017-01-12,sh.600011,5.83279632,5.84097696,5.80007376,5.8082544,5.84097696,10223599,72760920.0,0.097368,1,-0.560223,0
2017-01-13,sh.600011,5.79189312,5.93914464,5.74280928,5.91460272,5.8082544,39267382,278905408.0,0.373975,1,1.830988,0
2017-01-16,sh.600011,5.90642208,6.03731232,5.8082544,6.02095104,5.91460272,62172748,452262656.0,0.592121,1,1.798065,0
2017-01-17,sh.600011,5.98004784,5.98004784,5.92278336,5.93914464,6.02095104,14369758,104445275.0,0.136855,1,-1.358694,0
2017-01-18,sh.600011,5.95550592,5.99640912,5.91460272,5.91460272,5.93914464,13604707,98822436.0,0.129569,1,-0.413226,0
2017-01-19,sh.600011,5.91460272,5.92278336,5.85733824,5.88188016,5.91460272,12080841,86976248.0,0.115056,1,-0.55325,0
2017-01-20,sh.600011,5.88188016,5.930964,5.85733824,5.92278336,5.88188016,9338106,67445787.0,0.088934,1,0.695406,0
2017-01-23,sh.600011,5.92278336,5.93914464,5.90642208,5.92278336,5.92278336,7199279,52121773.0,0.068565,1,0.0,0
2017-01-24,sh.600011,5.92278336,5.95550592,5.90642208,5.94732528,5.92278336,9366422,67912628.0,0.089204,1,0.414367,0
2017-01-25,sh.600011,5.94732528,5.95550592,5.92278336,5.93914464,5.94732528,5902676,42845296.0,0.056216,1,-0.137548,0
2017-01-26,sh.600011,5.93914464,5.9718672,5.930964,5.94732528,5.93914464,8891825,64699840.0,0.084684,1,0.137738,0
2017-02-03,sh.600011,5.94732528,5.95550592,5.90642208,5.92278336,5.94732528,4665806,33763760.0,0.044436,1,-0.412658,0
2017-02-06,sh.600011,5.930964,5.94732528,5.89824144,5.93914464,5.92278336,4715238,34145129.0,0.044907,1,0.276249,0
2017-02-07,sh.600011,5.94732528,5.9718672,5.91460272,5.95550592,5.93914464,7220326,52416006.0,0.068765,1,0.275482,0
2017-02-08,sh.600011,5.94732528,5.9718672,5.92278336,5.96368656,5.95550592,8261316,60118557.0,0.078679,1,0.137359,0
2017-02-09,sh.600011,5.96368656,6.00458976,5.94732528,5.98004784,5.96368656,8265231,60348117.0,0.078716,1,0.274348,0
2017-02-10,sh.600011,5.99640912,6.03731232,5.9718672,6.02913168,5.98004784,15079587,110766144.0,0.143615,1,0.820793,0
2017-02-13,sh.600011,6.02095104,6.07003488,6.00458976,6.04549296,6.02913168,10126885,74742137.0,0.096447,1,0.27137,0
2017-02-14,sh.600011,6.03731232,6.08639616,5.98822848,6.02095104,6.04549296,11789447,86732326.0,0.11228,1,-0.40595,0
2017-02-15,sh.600011,6.02095104,6.31545408,6.02095104,6.14366064,6.02095104,72255163,549859664.0,0.688144,1,2.038045,0
2017-02-16,sh.600011,6.14366064,6.26637024,6.11093808,6.2581896,6.14366064,26278537,199770938.0,0.250272,1,1.864179,0
2017-02-17,sh.600011,6.24182832,6.2581896,6.14366064,6.22546704,6.2581896,11431472,86615132.0,0.108871,1,-0.522875,0
2017-02-20,sh.600011,6.18456384,6.27455088,6.1763832,6.25000896,6.22546704,15711410,119866663.0,0.149632,1,0.394215,0
2017-02-21,sh.600011,6.25000896,6.339996,6.23364768,6.30727344,6.25000896,13063250,100812633.0,0.124412,1,0.916233,0
2017-02-22,sh.600011,6.2990928,6.33181536,6.18456384,6.27455088,6.30727344,18514502,141401602.0,0.176329,1,-0.518806,0
2017-02-23,sh.600011,6.24182832,6.2581896,6.14366064,6.2172864,6.27455088,17744632,134615742.0,0.168996,1,-0.912649,0
2017-02-24,sh.600011,6.19274448,6.23364768,6.14366064,6.2172864,6.2172864,13368444,101042504.0,0.127319,1,0.0,0
2017-02-27,sh.600011,6.20092512,6.27455088,6.16002192,6.20910576,6.2172864,15313948,116922193.0,0.145847,1,-0.131576,0
2017-02-28,sh.600011,6.20092512,6.339996,6.18456384,6.32363472,6.20910576,18648841,143326125.0,0.177608,1,1.844531,0
2017-03-01,sh.600011,6.29091216,6.3808992,6.29091216,6.30727344,6.32363472,14267223,110717684.0,0.135878,1,-0.258732,0
2017-03-02,sh.600011,6.14366064,6.45452496,6.14366064,6.41362176,6.30727344,19284064,150629803.0,0.183658,1,1.686123,0
2017-03-03,sh.600011,6.40544112,6.544512,6.35635728,6.4627056,6.41362176,22390657,177102076.0,0.213244,1,0.765305,0
2017-03-06,sh.600011,6.49542816,6.64267968,6.24182832,6.3808992,6.4627056,54585695,425103072.0,0.519864,1,-1.265822,0
2017-03-07,sh.600011,6.31545408,6.36453792,6.2172864,6.32363472,6.3808992,18965410,145706703.0,0.180623,1,-0.897438,0
2017-03-08,sh.600011,6.28273152,6.39726048,6.24182832,6.36453792,6.32363472,13226208,102571632.0,0.125964,1,0.646833,0
2017-03-09,sh.600011,6.35635728,6.43816368,6.2990928,6.34817664,6.36453792,12270187,95773645.0,0.116859,1,-0.257069,0
2017-03-10,sh.600011,6.339996,6.37271856,6.23364768,6.26637024,6.34817664,13810554,106110534.0,0.131529,1,-1.288665,0
2017-03-13,sh.600011,6.25000896,6.37271856,6.19274448,6.339996,6.26637024,9132715,70258594.0,0.086978,1,1.174937,0
2017-03-14,sh.600011,6.31545408,6.38907984,6.26637024,6.29091216,6.339996,7579650,58658660.0,0.072187,1,-0.774193,0
2017-03-15,sh.600011,6.27455088,6.35635728,6.24182832,6.31545408,6.29091216,12043531,92654476.0,0.1147,1,0.390114,0
2017-03-16,sh.600011,6.31545408,6.34817664,6.28273152,6.30727344,6.31545408,10297794,79539283.0,0.098074,1,-0.12953,0
2017-03-17,sh.600011,6.31545408,6.33181536,6.16820256,6.18456384,6.30727344,17913372,136261600.0,0.170604,1,-1.945526,0
2017-03-20,sh.600011,6.20092512,6.2581896,6.16820256,6.20092512,6.18456384,13101490,99355129.0,0.124776,1,0.26455,0
2017-03-21,sh.600011,6.20092512,6.34817664,6.18456384,6.339996,6.20092512,17128598,131747297.0,0.16313,1,2.242745,0
2017-03-22,sh.600011,6.20910576,6.25000896,6.0945768,6.13548,6.339996,21308191,160489273.0,0.202935,1,-3.225806,0
2017-03-23,sh.600011,6.13548,6.13548,5.92278336,5.94732528,6.13548,33504444,245559388.0,0.31909,1,-3.066667,0
2017-03-24,sh.600011,5.94732528,5.95550592,5.84097696,5.930964,5.94732528,26042269,187651472.0,0.248022,1,-0.275103,0
2017-03-27,sh.600011,5.92278336,5.92278336,5.83279632,5.8491576,5.930964,27414041,196749403.0,0.261086,1,-1.379309,0
2017-03-28,sh.600011,5.81643504,5.87369952,5.8082544,5.8491576,5.8491576,14608907,104416856.0,0.139132,1,0.0,0
2017-03-29,sh.600011,5.8491576,5.87369952,5.78371248,5.80007376,5.8491576,25103208,178677771.0,0.239078,1,-0.83916,0
2017-03-30,sh.600011,5.81643504,5.92278336,5.7673512,5.86551888,5.80007376,32086307,229519751.0,0.305584,1,1.128349,0
2017-03-31,sh.600011,5.85733824,5.93914464,5.82461568,5.86551888,5.86551888,25501080,183578307.0,0.242867,1,0.0,0
2017-04-05,sh.600011,5.87369952,5.9718672,5.8491576,5.95550592,5.86551888,21987790,159349841.0,0.209408,1,1.534172,0
2017-04-06,sh.600011,5.95550592,6.07003488,5.93914464,5.98004784,5.95550592,28265504,207244943.0,0.269195,1,0.412084,0
2017-04-07,sh.600011,5.98822848,6.0536736,5.96368656,6.03731232,5.98004784,19857773,146047554.0,0.189122,1,0.957595,0
2017-04-10,sh.600011,6.02913168,6.11093808,5.96368656,6.08639616,6.03731232,23780784,175907136.0,0.226484,1,0.813007,0
2017-04-11,sh.600011,6.07821552,6.2172864,5.93914464,6.16820256,6.08639616,36301858,270826704.0,0.345732,1,1.344085,0
2017-04-12,sh.600011,6.0945768,6.24182832,6.0536736,6.07821552,6.16820256,19808302,148905388.0,0.18865,1,-1.458888,0
2017-04-13,sh.600011,6.07003488,6.24182832,6.0536736,6.22546704,6.07821552,29699804,224331863.0,0.282855,1,2.422615,0
2017-04-14,sh.600011,6.22546704,6.29091216,6.18456384,6.20092512,6.22546704,26753865,204329406.0,0.254799,1,-0.394221,0
2017-04-17,sh.600011,6.19274448,6.27455088,6.10275744,6.11093808,6.20092512,18709877,141920970.0,0.178189,1,-1.451189,0
2017-04-18,sh.600011,6.13548,6.26637024,6.13548,6.20910576,6.11093808,25386818,193047640.0,0.241779,1,1.606431,0
2017-04-19,sh.600011,6.1763832,6.25000896,6.08639616,6.20092512,6.20910576,15647243,117901246.0,0.149021,1,-0.131755,0
2017-04-20,sh.600011,6.18456384,6.23364768,6.02913168,6.03731232,6.20092512,16039439,120593213.0,0.152757,1,-2.63852,0
2017-04-21,sh.600011,6.0536736,6.29091216,6.04549296,6.29091216,6.03731232,31129478,235761269.0,0.296471,1,4.200541,0
2017-04-24,sh.600011,6.28273152,6.4218024,6.06185424,6.16820256,6.29091216,30450215,232988247.0,0.290002,1,-1.950586,0
2017-04-25,sh.600011,6.16820256,6.38907984,6.13548,6.35635728,6.16820256,30222145,233919453.0,0.28783,1,3.050398,0
2017-04-26,sh.600011,6.26637024,6.49542816,6.20092512,6.3808992,6.35635728,27791988,216099726.0,0.264686,1,0.386103,0
2017-04-27,sh.600011,6.339996,6.43816368,6.32363472,6.39726048,6.3808992,20736540,162293505.0,0.197491,1,0.25641,0
2017-04-28,sh.600011,6.4218024,6.43816368,6.31545408,6.3808992,6.39726048,15902074,124176114.0,0.151448,1,-0.255754,0
2017-05-02,sh.600011,6.36453792,6.41362176,6.18456384,6.23364768,6.3808992,12778016,97902774.0,0.121695,1,-2.307696,0
2017-05-03,sh.600011,6.22546704,6.27455088,6.07821552,6.11093808,6.23364768,14515028,109417524.0,0.138238,1,-1.968505,0
2017-05-04,sh.600011,6.11093808,6.28273152,6.0536736,6.18456384,6.11093808,15954162,120916623.0,0.151944,1,1.204821,0
2017-05-05,sh.600011,6.11093808,6.28273152,6.11093808,6.18456384,6.18456384,13949198,106298289.0,0.13285,1,0.0,0
2017-05-08,sh.600011,6.15184128,6.24182832,6.06185424,6.0945768,6.18456384,7408307,55311073.0,0.070555,1,-1.455028,0
2017-05-09,sh.600011,6.11093808,6.6263184,6.11093808,6.48724752,6.0945768,47967083,376524464.0,0.456829,1,6.442954,0
2017-05-10,sh.600011,6.5036088,6.5036088,6.32363472,6.33181536,6.48724752,20702102,162003798.0,0.197163,1,-2.395966,0
2017-05-11,sh.600011,6.339996,6.40544112,6.20092512,6.37271856,6.33181536,21316046,164413143.0,0.20301,1,0.645997,0
2017-05-12,sh.600011,6.33181536,6.51178944,6.2990928,6.34817664,6.37271856,21950797,172222869.0,0.209055,1,-0.385106,0
2017-05-15,sh.600011,6.35635728,6.48724752,6.29091216,6.44634432,6.34817664,15296231,119742760.0,0.145678,1,1.54639,0
2017-05-16,sh.600011,6.43816368,6.49542816,6.339996,6.45452496,6.44634432,17295852,135953758.0,0.164722,1,0.1269,0
2017-05-17,sh.600011,6.4627056,6.65904096,6.44634432,6.45452496,6.45452496,19463442,155616977.0,0.185366,1,0.0,0
2017-05-18,sh.600011,6.34817664,6.4218024,6.22546704,6.27455088,6.45452496,20523840,158605472.0,0.195465,1,-2.788337,0
2017-05-19,sh.600011,6.26637024,6.41362176,6.26637024,6.37271856,6.27455088,12204704,94719494.0,0.116235,1,1.564536,0
2017-05-22,sh.600011,6.34817664,6.544512,6.2990928,6.3808992,6.37271856,15960779,125545550.0,0.152007,1,0.128373,0
2017-05-23,sh.600011,6.32363472,6.47906688,6.2581896,6.26637024,6.3808992,13749501,106802945.0,0.130948,1,-1.794876,0
2017-05-24,sh.600011,6.20092512,6.39726048,6.18456384,6.37271856,6.26637024,11257819,86840028.0,0.107217,1,1.697129,0
2017-05-25,sh.600011,6.35635728,6.43816368,6.33181536,6.4218024,6.37271856,8713200,68153877.0,0.082983,1,0.770217,0
2017-05-26,sh.600011,6.4218024,6.56087328,6.39726048,6.5036088,6.4218024,13842278,109955344.0,0.131831,1,1.273884,0
2017-05-31,sh.600011,6.63449904,6.65904096,6.36453792,6.37271856,6.5036088,17095228,135162214.0,0.162812,1,-2.012577,0
2017-06-01,sh.600011,6.35635728,6.47088624,6.35635728,6.4627056,6.37271856,9697844,76135933.0,0.09236,1,1.412068,0
2017-06-02,sh.600011,6.44634432,6.57723456,6.39726048,6.55269264,6.4627056,18893863,150677386.0,0.179942,1,1.392407,0
2017-06-05,sh.600011,6.65904096,6.83901504,6.5854152,6.7899312,6.55269264,29466589,243074645.0,0.280634,1,3.620474,0
2017-06-06,sh.600011,6.749028,6.75720864,6.51178944,6.60995712,6.7899312,28529032,230374596.0,0.271705,1,-2.650605,0
2017-06-07,sh.600011,6.60177648,6.71630544,6.56087328,6.63449904,6.60995712,20694151,167880352.0,0.197087,1,0.371284,0
2017-06-08,sh.600011,6.63449904,6.69176352,6.51178944,6.65904096,6.63449904,18079961,145489999.0,0.17219,1,0.369922,0
2017-06-09,sh.600011,6.65086032,6.65086032,6.47906688,6.52815072,6.65904096,24226856,193842219.0,0.230732,1,-1.965606,0
2017-06-12,sh.600011,6.544512,6.73266672,6.5036088,6.72448608,6.52815072,24531257,199378510.0,0.233631,1,3.007522,0
2017-06-13,sh.600011,6.7081248,6.7081248,6.56905392,6.64267968,6.72448608,17373898,140949689.0,0.165466,1,-1.21655,0
2017-06-14,sh.600011,6.60995712,6.63449904,6.52815072,6.55269264,6.64267968,15923178,127615219.0,0.151649,1,-1.354676,0
2017-06-15,sh.600011,6.52815072,6.544512,6.43816368,6.45452496,6.55269264,17510439,138512581.0,0.166766,1,-1.498132,0
2017-06-16,sh.600011,6.44634432,6.4627056,6.29091216,6.30727344,6.45452496,28680328,222424801.0,0.273146,1,-2.281367,0
2017-06-19,sh.600011,6.31545408,6.40544112,6.29091216,6.38907984,6.30727344,18025976,139936826.0,0.171676,1,1.297016,0
2017-06-20,sh.600011,6.37271856,6.41362176,6.28273152,6.33181536,6.38907984,18700703,144659593.0,0.178102,1,-0.896289,0
2017-06-21,sh.600011,6.34817664,6.38907984,6.29091216,6.3808992,6.33181536,16701468,129274782.0,0.159062,1,0.775199,0
2017-06-22,sh.600011,6.4218024,6.53633136,6.34817664,6.35635728,6.3808992,42262686,332880704.0,0.402502,1,-0.384618,0
2017-06-23,sh.600011,6.36453792,6.36453792,6.20092512,6.339996,6.35635728,28175740,215727894.0,0.26834,1,-0.2574,0
2017-06-26,sh.600011,6.33181536,6.35635728,6.26637024,6.32363472,6.339996,20680823,159417783.0,0.19696,1,-0.258064,0
2017-06-27,sh.600011,6.31545408,6.36453792,6.29091216,6.339996,6.32363472,14398577,111422177.0,0.137129,1,0.258732,0
2017-06-28,sh.600011,6.339996,6.38907984,6.33181536,6.3808992,6.339996,15804603,122753790.0,0.15052,1,0.645164,0
2017-06-29,sh.600011,6.40544112,6.41362176,6.28273152,6.31545408,6.3808992,19517929,150769138.0,0.185885,1,-1.025646,0
2017-06-30,sh.600011,6.30695548,6.30695548,6.19645626,6.23895596,6.31545542,17037707,124919854.0,0.162264,1,-1.211301,0
2017-07-03,sh.600011,6.2049562,6.23045602,6.06045722,6.09445698,6.23895596,26779301,192028213.0,0.255041,1,-2.316077,0
2017-07-04,sh.600011,6.09445698,6.15395656,6.0774571,6.1199568,6.09445698,13707010,98598347.0,0.130543,1,0.418406,0
2017-07-05,sh.600011,6.10295692,6.1624565,6.0774571,6.12845674,6.1199568,13144268,94442310.0,0.125184,1,0.138892,0
2017-07-06,sh.600011,6.17945638,6.3324553,6.17945638,6.21345614,6.12845674,28113202,206346018.0,0.267745,1,1.386961,0
2017-07-07,sh.600011,6.18795632,6.25595584,6.17945638,6.22195608,6.21345614,17406253,127261768.0,0.165774,1,0.136802,0
2017-07-10,sh.600011,6.23045602,6.25595584,6.2049562,6.21345614,6.22195608,10683308,78257763.0,0.101746,1,-0.136615,0
2017-07-11,sh.600011,6.21345614,6.21345614,6.09445698,6.13695668,6.21345614,22020124,158954929.0,0.209715,1,-1.231192,0
2017-07-12,sh.600011,6.12845674,6.13695668,5.98395776,6.0349574,6.13695668,30643684,217667134.0,0.291845,1,-1.662048,0
2017-07-13,sh.600011,6.0349574,6.08595704,6.01795752,6.06045722,6.0349574,18804952,133782538.0,0.179095,1,0.422538,0
2017-07-14,sh.600011,6.06895716,6.14545662,6.02645746,6.12845674,6.06045722,21021072,150631002.0,0.200201,1,1.122018,0
2017-07-17,sh.600011,6.11145686,6.11145686,6.00095764,6.01795752,6.12845674,22127034,157274521.0,0.210734,1,-1.803053,0
2017-07-18,sh.600011,6.0349574,6.08595704,6.01795752,6.0774571,6.01795752,14867430,105771552.0,0.141595,1,0.988703,0
2017-07-19,sh.600011,6.06895716,6.25595584,6.04345734,6.2474559,6.0774571,38827163,280611088.0,0.369783,1,2.7972,0
2017-07-20,sh.600011,6.21345614,6.31545542,6.17095644,6.26445578,6.2474559,29582931,217138108.0,0.281742,1,0.272109,0
2017-07-21,sh.600011,6.25595584,6.2899556,6.21345614,6.23045602,6.26445578,16165243,119047707.0,0.153955,1,-0.54274,0
2017-07-24,sh.600011,6.23045602,6.27295572,6.21345614,6.26445578,6.23045602,13126583,96452027.0,0.125015,1,0.545702,0
2017-07-25,sh.600011,6.27295572,6.27295572,6.17095644,6.19645626,6.26445578,13214202,96475969.0,0.12585,1,-1.085481,0
2017-07-26,sh.600011,6.19645626,6.23045602,6.12845674,6.13695668,6.19645626,17583859,127838748.0,0.167465,1,-0.960222,0
2017-07-27,sh.600011,6.12845674,6.17095644,6.10295692,6.17095644,6.13695668,10080920,72882720.0,0.096009,1,0.554023,0
2017-07-28,sh.600011,6.15395656,6.2899556,6.15395656,6.22195608,6.17095644,17512304,128305103.0,0.166784,1,0.826446,0
2017-07-31,sh.600011,6.22195608,6.27295572,6.21345614,6.23895596,6.22195608,11627174,85444069.0,0.110735,1,0.273224,0
2017-08-01,sh.600011,6.23895596,6.30695548,6.22195608,6.27295572,6.23895596,15437887,113892528.0,0.147027,1,0.544959,0
2017-08-02,sh.600011,6.27295572,6.30695548,6.14545662,6.15395656,6.27295572,26091058,191158147.0,0.248486,1,-1.897024,0
2017-08-03,sh.600011,6.13695668,6.23045602,6.1199568,6.17945638,6.15395656,16640773,121004819.0,0.158484,1,0.414367,0
2017-08-04,sh.600011,6.18795632,6.2049562,6.1624565,6.19645626,6.17945638,9349205,67987003.0,0.08904,1,0.275103,0
2017-08-07,sh.600011,6.2049562,6.2049562,6.0774571,6.11145686,6.19645626,19819524,142726039.0,0.188757,1,-1.371741,0
2017-08-08,sh.600011,6.11145686,6.1199568,6.02645746,6.05195728,6.11145686,17306966,123223033.0,0.164828,1,-0.973577,0
2017-08-09,sh.600011,6.05195728,6.05195728,5.9924577,6.00945758,6.05195728,17695038,125115778.0,0.168524,1,-0.702243,0
2017-08-10,sh.600011,6.00945758,6.05195728,5.949958,5.97545782,6.00945758,17957141,126435740.0,0.17102,1,-0.56577,0
2017-08-11,sh.600011,5.97545782,5.97545782,5.8224589,5.83945878,5.97545782,18815073,130154985.0,0.179191,1,-2.275965,0
2017-08-14,sh.600011,5.83945878,5.89045842,5.83095884,5.87345854,5.83945878,11948767,82347253.0,0.113798,1,0.582241,0
2017-08-15,sh.600011,5.87345854,5.89895836,5.84795872,5.8649586,5.87345854,11245637,77617734.0,0.107101,1,-0.144714,0
2017-08-16,sh.600011,5.87345854,5.89895836,5.83095884,5.89045842,5.8649586,10886417,75162196.0,0.10368,1,0.434779,0
2017-08-17,sh.600011,5.89895836,6.0774571,5.87345854,6.02645746,5.89045842,25693750,181065514.0,0.244702,1,2.308807,0
2017-08-18,sh.600011,6.00095764,6.10295692,5.97545782,6.09445698,6.02645746,21569611,154078201.0,0.205425,1,1.128349,0
2017-08-21,sh.600011,6.10295692,6.15395656,6.0349574,6.08595704,6.09445698,18099310,129819819.0,0.172374,1,-0.139473,0
2017-08-22,sh.600011,6.08595704,6.1199568,6.05195728,6.10295692,6.08595704,10747138,76899096.0,0.102354,1,0.279329,0
2017-08-23,sh.600011,6.09445698,6.09445698,6.00945758,6.01795752,6.10295692,8445739,59989632.0,0.080436,1,-1.392756,0
2017-08-24,sh.600011,6.01795752,6.15395656,6.01795752,6.04345734,6.01795752,19588535,140349109.0,0.186557,1,0.423732,0
2017-08-25,sh.600011,6.0349574,6.0774571,5.9924577,6.06045722,6.04345734,14701584,104536278.0,0.140015,1,0.281294,0
2017-08-28,sh.600011,6.0349574,6.12845674,6.02645746,6.10295692,6.06045722,15160189,108571670.0,0.144383,1,0.701258,0
2017-08-29,sh.600011,6.15395656,6.2049562,6.11145686,6.11145686,6.10295692,16630300,120406350.0,0.158384,1,0.139279,0
2017-08-30,sh.600011,6.10295692,6.13695668,6.06895716,6.09445698,6.11145686,9250519,66308039.0,0.0881,1,-0.278164,0
2017-08-31,sh.600011,6.09445698,6.09445698,6.05195728,6.0774571,6.09445698,6325207,45142468.0,0.06024,1,-0.27894,0
2017-09-01,sh.600011,6.14545662,6.18795632,6.09445698,6.11145686,6.0774571,18349236,132515974.0,0.174755,1,0.55944,0
2017-09-04,sh.600011,6.0774571,6.11145686,6.00945758,6.05195728,6.11145686,17959870,127644082.0,0.171046,1,-0.973577,0
2017-09-05,sh.600011,6.05195728,6.05195728,5.96695788,5.9924577,6.05195728,15362351,108232643.0,0.146308,1,-0.983142,0
2017-09-06,sh.600011,5.9924577,6.00095764,5.949958,5.9924577,5.9924577,9142257,64213557.0,0.087069,1,0.0,0
2017-09-07,sh.600011,5.98395776,5.9924577,5.95845794,5.96695788,5.9924577,7486321,52583192.0,0.071298,1,-0.425535,0
2017-09-08,sh.600011,5.98395776,5.9924577,5.949958,5.95845794,5.96695788,8406399,58977560.0,0.080061,1,-0.142447,0
2017-09-11,sh.600011,5.95845794,5.9924577,5.92445818,5.9924577,5.95845794,11992287,84038118.0,0.114212,1,0.570613,0
2017-09-12,sh.600011,5.9924577,5.9924577,5.88195848,5.92445818,5.9924577,23329514,162688981.0,0.222186,1,-1.134757,0
2017-09-13,sh.600011,5.91595824,5.949958,5.8649586,5.92445818,5.92445818,12604256,87425809.0,0.120041,1,0.0,0
2017-09-14,sh.600011,5.9074583,5.94145806,5.87345854,5.92445818,5.92445818,7983603,55493155.0,0.076034,1,0.0,0
2017-09-15,sh.600011,5.91595824,5.91595824,5.8649586,5.88195848,5.92445818,13564754,93792333.0,0.129188,1,-0.717356,0
2017-09-18,sh.600011,5.89895836,5.92445818,5.89045842,5.92445818,5.88195848,5527500,38428740.0,0.052643,1,0.722539,0
2017-09-19,sh.600011,5.92445818,5.93295812,5.89045842,5.92445818,5.92445818,4334145,30130755.0,0.041278,1,0.0,0
2017-09-20,sh.600011,5.93295812,5.95845794,5.89895836,5.949958,5.92445818,7329615,51104977.0,0.069806,1,0.430419,0
2017-09-21,sh.600011,5.95845794,5.96695788,5.89895836,5.92445818,5.949958,7100300,49563034.0,0.067622,1,-0.428574,0
2017-09-22,sh.600011,5.91595824,5.91595824,5.85645866,5.89045842,5.92445818,6316752,43729824.0,0.06016,1,-0.573888,0
2017-09-25,sh.600011,5.89895836,5.89895836,5.85645866,5.8649586,5.89045842,5090444,35132710.0,0.04848,1,-0.432897,0
2017-09-26,sh.600011,5.8649586,5.87345854,5.8224589,5.8649586,5.8649586,9058615,62273370.0,0.086273,1,0.0,0
2017-09-27,sh.600011,5.83945878,5.89045842,5.83945878,5.87345854,5.8649586,4677500,32345579.0,0.044548,1,0.144924,0
2017-09-28,sh.600011,5.8649586,5.88195848,5.84795872,5.8649586,5.87345854,4524092,31223480.0,0.043087,1,-0.144714,0
2017-09-29,sh.600011,5.87345854,5.89895836,5.84795872,5.89895836,5.8649586,4139106,28647045.0,0.03942,1,0.57971,0
2017-10-09,sh.600011,5.93295812,5.93295812,5.89895836,5.91595824,5.89895836,4614822,32108662.0,0.043951,1,0.288184,0
2017-10-10,sh.600011,5.91595824,5.949958,5.89895836,5.93295812,5.91595824,5550600,38712195.0,0.052863,1,0.287356,0
2017-10-11,sh.600011,5.949958,5.949958,5.91595824,5.93295812,5.93295812,4871620,33966339.0,0.046396,1,0.0,0
2017-10-12,sh.600011,5.93295812,5.93295812,5.84795872,5.87345854,5.93295812,10260191,70993712.0,0.097716,1,-1.002868,0
2017-10-13,sh.600011,5.89045842,5.92445818,5.85645866,5.88195848,5.87345854,9210786,63710390.0,0.087722,1,0.144721,0
2017-10-16,sh.600011,5.8649586,5.88195848,5.83095884,5.83095884,5.88195848,7126465,49053168.0,0.067871,1,-0.867051,0
2017-10-17,sh.600011,5.83945878,5.85645866,5.8224589,5.83095884,5.83095884,4193620,28797974.0,0.039939,1,0.0,0
2017-10-18,sh.600011,5.83945878,5.85645866,5.81395896,5.83095884,5.83095884,4597643,31549108.0,0.043787,1,0.0,0
2017-10-19,sh.600011,5.83945878,5.84795872,5.72045962,5.72895956,5.83095884,9926901,67227852.0,0.094542,1,-1.749276,0
2017-10-20,sh.600011,5.72895956,5.77145926,5.71195968,5.77145926,5.72895956,3798902,25730988.0,0.03618,1,0.741843,0
2017-10-23,sh.600011,5.77145926,5.81395896,5.74595944,5.81395896,5.77145926,3738842,25413753.0,0.035608,1,0.73638,0
2017-10-24,sh.600011,5.80545902,5.80545902,5.75445938,5.79695908,5.81395896,2802322,19058944.0,0.026689,1,-0.292397,0
2017-10-25,sh.600011,5.78845914,5.83945878,5.76295932,5.83095884,5.79695908,5052354,34592534.0,0.048118,1,0.58651,0
2017-10-26,sh.600011,5.83945878,5.84795872,5.80545902,5.83945878,5.83095884,5959668,40873386.0,0.056759,1,0.145769,0
2017-10-27,sh.600011,5.81395896,5.85645866,5.81395896,5.83095884,5.83945878,5827841,40054503.0,0.055503,1,-0.145557,0
2017-10-30,sh.600011,5.83095884,5.83945878,5.75445938,5.77145926,5.83095884,6595962,44832529.0,0.062819,1,-1.020411,0
2017-10-31,sh.600011,5.76295932,5.7799592,5.6949598,5.72045962,5.77145926,6642096,44846164.0,0.063258,1,-0.883652,0
2017-11-01,sh.600011,5.72045962,5.7374595,5.67795992,5.72895956,5.72045962,13588700,91275415.0,0.129416,1,0.148585,0
2017-11-02,sh.600011,5.7374595,5.7374595,5.6949598,5.72895956,5.72895956,7269667,48845074.0,0.069235,1,0.0,0
2017-11-03,sh.600011,5.72895956,5.7374595,5.6524601,5.66945998,5.72895956,6994301,46801632.0,0.066612,1,-1.038571,0
2017-11-06,sh.600011,5.67795992,5.68645986,5.58446058,5.6099604,5.66945998,8557781,56455373.0,0.081503,1,-1.049478,0
2017-11-07,sh.600011,5.6099604,5.64396016,5.58446058,5.60146046,5.6099604,12940981,85337430.0,0.123247,1,-0.151511,0
2017-11-08,sh.600011,5.60146046,5.89895836,5.59296052,5.87345854,5.60146046,36270397,247724867.0,0.345432,1,4.855837,0
2017-11-09,sh.600011,5.88195848,5.89895836,5.79695908,5.83095884,5.87345854,18052460,123765044.0,0.171928,1,-0.723585,0
2017-11-10,sh.600011,5.81395896,5.83095884,5.71195968,5.72895956,5.83095884,15760914,106545819.0,0.150104,1,-1.749276,0
2017-11-13,sh.600011,5.7374595,5.76295932,5.66096004,5.68645986,5.72895956,19163245,128721054.0,0.182507,1,-0.741835,0
2017-11-14,sh.600011,5.6949598,5.72895956,5.67795992,5.71195968,5.68645986,9602321,64494971.0,0.091451,1,0.448427,0
2017-11-15,sh.600011,5.70345974,5.75445938,5.6524601,5.66096004,5.71195968,9231550,61729899.0,0.08792,1,-0.892856,0
2017-11-16,sh.600011,5.66096004,5.75445938,5.6099604,5.64396016,5.66096004,13687483,91518605.0,0.130357,1,-0.3003,0
2017-11-17,sh.600011,5.66096004,5.66945998,5.55046082,5.5674607,5.64396016,10005865,65768500.0,0.095294,1,-1.355417,0
2017-11-20,sh.600011,5.55896076,5.60146046,5.50796112,5.59296052,5.5674607,9411852,61514486.0,0.089637,1,0.458011,0
2017-11-21,sh.600011,5.57596064,5.58446058,5.50796112,5.54196088,5.59296052,13643451,88843159.0,0.129938,1,-0.911853,0
2017-11-22,sh.600011,5.54196088,5.55046082,5.47396136,5.49096124,5.54196088,18522722,119857251.0,0.176407,1,-0.920245,0
2017-11-23,sh.600011,5.4824613,5.524961,5.47396136,5.49946118,5.49096124,15720281,101812036.0,0.149717,1,0.154795,0
2017-11-24,sh.600011,5.49946118,5.50796112,5.40596184,5.4399616,5.49946118,11328838,72440376.0,0.107894,1,-1.081912,0
2017-11-27,sh.600011,5.42296172,5.4399616,5.34646226,5.43146166,5.4399616,13364670,84812246.0,0.127283,1,-0.156254,0
2017-11-28,sh.600011,5.40596184,5.42296172,5.36346214,5.38046202,5.43146166,11066901,70084853.0,0.105399,1,-0.938966,0
2017-11-29,sh.600011,5.38896196,5.40596184,5.33796232,5.3974619,5.38046202,13326401,84249666.0,0.126918,1,0.315956,0
2017-11-30,sh.600011,5.3974619,5.43146166,5.3549622,5.38046202,5.3974619,9303719,59039245.0,0.088607,1,-0.31496,0
2017-12-01,sh.600011,5.38046202,5.41446178,5.36346214,5.38896196,5.38046202,10348100,65551152.0,0.098553,1,0.157981,0
2017-12-04,sh.600011,5.38046202,5.524961,5.37196208,5.45696148,5.38896196,21496518,138297660.0,0.204729,1,1.261828,0
2017-12-05,sh.600011,5.42296172,5.524961,5.42296172,5.47396136,5.45696148,17040758,109915336.0,0.162293,1,0.311526,0
2017-12-06,sh.600011,5.4824613,5.51646106,5.44846154,5.51646106,5.47396136,15807544,102235989.0,0.150548,1,0.776393,0
2017-12-07,sh.600011,5.524961,5.59296052,5.49096124,5.57596064,5.51646106,22356818,146092053.0,0.212922,1,1.078585,0
2017-12-08,sh.600011,5.5674607,5.61846034,5.524961,5.55046082,5.57596064,26836408,175757389.0,0.255585,1,-0.457313,0
2017-12-11,sh.600011,5.5674607,5.59296052,5.524961,5.55046082,5.55046082,13513986,88461467.0,0.128705,1,0.0,0
2017-12-12,sh.600011,5.54196088,5.54196088,5.47396136,5.49946118,5.55046082,10580810,68460594.0,0.10077,1,-0.918843,0
2017-12-13,sh.600011,5.4824613,5.53346094,5.47396136,5.4824613,5.49946118,6094913,39460300.0,0.058047,1,-0.309119,0
2017-12-14,sh.600011,5.49946118,5.49946118,5.38896196,5.47396136,5.4824613,11654693,74643558.0,0.110997,1,-0.155035,0
2017-12-15,sh.600011,5.47396136,5.61846034,5.44846154,5.57596064,5.47396136,17003560,111150586.0,0.161939,1,1.863352,0
2017-12-18,sh.600011,5.55896076,5.63546022,5.55046082,5.60146046,5.57596064,10978443,72432350.0,0.104557,1,0.45732,0
2017-12-19,sh.600011,5.58446058,5.61846034,5.55896076,5.57596064,5.60146046,6369171,41893294.0,0.060659,1,-0.455238,0
2017-12-20,sh.600011,5.57596064,5.61846034,5.5674607,5.57596064,5.57596064,6870506,45200302.0,0.065433,1,0.0,0
2017-12-21,sh.600011,5.55896076,5.5674607,5.49096124,5.49946118,5.57596064,4153816,26952419.0,0.03956,1,-1.371953,0
2017-12-22,sh.600011,5.50796112,5.54196088,5.41446178,5.44846154,5.49946118,7365339,47274734.0,0.070146,1,-0.927356,0
2017-12-25,sh.600011,5.4399616,5.49096124,5.2699628,5.43146166,5.44846154,21683927,137181320.0,0.206514,1,-0.312012,0
2017-12-26,sh.600011,5.37196208,5.4399616,5.36346214,5.3974619,5.43146166,5917925,37596222.0,0.056361,1,-0.625977,0
2017-12-27,sh.600011,5.3974619,5.41446178,5.32096244,5.32946238,5.3974619,7708002,48531490.0,0.07341,1,-1.259841,0
2017-12-28,sh.600011,5.34646226,5.34646226,5.26146286,5.2699628,5.32946238,11525784,71688498.0,0.109769,1,-1.11643,0
2017-12-29,sh.600011,5.2699628,5.28696268,5.1849634,5.24446298,5.2699628,7501148,46176538.0,0.07144,1,-0.483867,0
2018-01-02,sh.600011,5.25296292,5.3549622,5.23596304,5.32946238,5.24446298,9818135,61418090.0,0.093506,1,1.620744,0
2018-01-03,sh.600011,5.32946238,5.37196208,5.29546262,5.37196208,5.32946238,7390053,46533669.0,0.070381,1,0.797451,0
2018-01-04,sh.600011,5.3549622,5.40596184,5.32096244,5.34646226,5.37196208,12379201,77880195.0,0.117897,1,-0.474687,0
2018-01-05,sh.600011,5.32946238,5.3974619,5.3124625,5.36346214,5.34646226,13665499,86191795.0,0.130148,1,0.317965,0
2018-01-08,sh.600011,5.38046202,5.38896196,5.32946238,5.38046202,5.36346214,7779921,49091786.0,0.074094,1,0.316957,0
2018-01-09,sh.600011,5.36346214,5.38046202,5.32096244,5.33796232,5.38046202,7683696,48345282.0,0.073178,1,-0.789885,0
2018-01-10,sh.600011,5.33796232,5.33796232,5.26146286,5.2699628,5.33796232,9058261,56364668.0,0.086269,1,-1.273892,0
2018-01-11,sh.600011,5.2699628,5.30396256,5.25296292,5.2699628,5.2699628,7958092,49351445.0,0.075791,1,0.0,0
2018-01-12,sh.600011,5.28696268,5.36346214,5.2699628,5.32946238,5.2699628,10137601,63430365.0,0.096549,1,1.129035,0
2018-01-15,sh.600011,5.3549622,5.3549622,5.19346334,5.21896316,5.32946238,13121815,81002629.0,0.12497,1,-2.073367,0
2018-01-16,sh.600011,5.21046322,5.23596304,5.15946358,5.21046322,5.21896316,11224805,68619292.0,0.106903,1,-0.162862,0
2018-01-17,sh.600011,5.21046322,5.26146286,5.19346334,5.23596304,5.21046322,10740746,66050852.0,0.102293,1,0.489392,0
2018-01-18,sh.600011,5.23596304,5.24446298,5.17646346,5.21046322,5.23596304,13919052,85100641.0,0.132562,1,-0.487009,0
2018-01-19,sh.600011,5.21046322,5.37196208,5.19346334,5.37196208,5.21046322,25640263,159731466.0,0.244193,1,3.099512,0
2018-01-22,sh.600011,5.3549622,5.38046202,5.30396256,5.3549622,5.37196208,12585725,79096502.0,0.119864,1,-0.316455,0
2018-01-23,sh.600011,5.3549622,5.36346214,5.32096244,5.3549622,5.3549622,8972168,56378233.0,0.085449,1,0.0,0
2018-01-24,sh.600011,5.34646226,5.43146166,5.34646226,5.3974619,5.3549622,13058213,82712417.0,0.124364,1,0.793646,0
2018-01-25,sh.600011,5.38896196,5.43146166,5.3549622,5.40596184,5.3974619,9706263,61746579.0,0.092441,1,0.157484,0
2018-01-26,sh.600011,5.3974619,5.41446178,5.36346214,5.38896196,5.40596184,6903981,43760247.0,0.065752,1,-0.314465,0
2018-01-29,sh.600011,5.4399616,5.60146046,5.4399616,5.50796112,5.38896196,24597642,159965566.0,0.234263,1,2.2082,0
2018-01-30,sh.600011,5.4824613,5.62696028,5.47396136,5.6099604,5.50796112,28571774,187853798.0,0.272112,1,1.85185,0
2018-01-31,sh.600011,5.57596064,5.57596064,5.32946238,5.36346214,5.6099604,19605428,125122226.0,0.186718,1,-4.393939,0
2018-02-01,sh.600011,5.34646226,5.3549622,5.10846394,5.17646346,5.36346214,19179598,117898502.0,0.182663,1,-3.486526,0
2018-02-02,sh.600011,5.17646346,5.21046322,5.11696388,5.17646346,5.17646346,12909839,78429021.0,0.122951,1,0.0,0
2018-02-05,sh.600011,5.10846394,5.20196328,5.04896436,5.17646346,5.17646346,11363938,68757767.0,0.108228,1,0.0,0
2018-02-06,sh.600011,5.12546382,5.2274631,5.10846394,5.12546382,5.17646346,14726717,89533514.0,0.140254,1,-0.985221,0
2018-02-07,sh.600011,5.20196328,5.21896316,5.10846394,5.17646346,5.12546382,10692177,64911037.0,0.10183,1,0.995024,0
2018-02-08,sh.600011,5.15096364,5.19346334,5.099964,5.15096364,5.17646346,11167047,67496323.0,0.106353,1,-0.492614,0
2018-02-09,sh.600011,5.10846394,5.1424637,4.9299652,4.94696508,5.15096364,15825322,93777048.0,0.150717,1,-3.960392,0
2018-02-12,sh.600011,4.95546502,5.08296412,4.95546502,5.03196448,4.94696508,8134868,48090353.0,0.077475,1,1.718211,0
2018-02-13,sh.600011,5.03196448,5.1849634,5.03196448,5.15946358,5.03196448,9709794,58759382.0,0.092474,1,2.533785,0
2018-02-14,sh.600011,5.16796352,5.1849634,5.09146406,5.11696388,5.15946358,4077806,24580684.0,0.038836,1,-0.823726,0
2018-02-22,sh.600011,5.11696388,5.15946358,5.08296412,5.12546382,5.11696388,4925305,29607268.0,0.046908,1,0.166117,0
2018-02-23,sh.600011,5.11696388,5.15096364,5.099964,5.13396376,5.12546382,6538887,39447673.0,0.062275,1,0.165833,0
2018-02-26,sh.600011,5.13396376,5.21896316,5.10846394,5.1849634,5.13396376,10037622,60957547.0,0.095596,1,0.993376,0
2018-02-27,sh.600011,5.1849634,5.28696268,5.15946358,5.26146286,5.1849634,8655084,53282965.0,0.082429,1,1.475412,0
2018-02-28,sh.600011,5.26146286,5.3124625,5.20196328,5.26146286,5.26146286,6123648,37883048.0,0.05832,1,0.0,0
2018-03-01,sh.600011,5.23596304,5.33796232,5.2274631,5.32096244,5.26146286,9518604,59458980.0,0.090653,1,1.130859,0
2018-03-02,sh.600011,5.29546262,5.59296052,5.2699628,5.524961,5.32096244,28727016,185435184.0,0.273591,1,3.833862,0
2018-03-05,sh.600011,5.58446058,5.61846034,5.47396136,5.51646106,5.524961,17247594,112800112.0,0.164263,1,-0.15385,0
2018-03-06,sh.600011,5.51646106,5.68645986,5.4824613,5.63546022,5.51646106,23301357,154424933.0,0.221918,1,2.15717,0
2018-03-07,sh.600011,5.67795992,5.72045962,5.6099604,5.62696028,5.63546022,15506825,103537771.0,0.147684,1,-0.150833,0
2018-03-08,sh.600011,5.6524601,6.1199568,5.6524601,5.96695788,5.62696028,56387120,396451589.0,0.53702,1,6.042297,0
2018-03-09,sh.600011,6.0349574,6.04345734,5.87345854,5.949958,5.96695788,22539537,157927469.0,0.214662,1,-0.2849,0
2018-03-12,sh.600011,5.92445818,6.0349574,5.85645866,5.94145806,5.949958,17713605,123586580.0,0.168701,1,-0.14286,0
2018-03-13,sh.600011,5.94145806,5.97545782,5.8649586,5.89895836,5.94145806,14905645,103427695.0,0.141959,1,-0.715303,0
2018-03-14,sh.600011,5.81395896,5.9924577,5.78845914,5.94145806,5.89895836,23216883,161467837.0,0.221113,1,0.720457,0
2018-03-15,sh.600011,5.9074583,5.9924577,5.84795872,5.92445818,5.94145806,15487203,108185433.0,0.147497,1,-0.286123,0
2018-03-16,sh.600011,5.949958,5.98395776,5.66096004,5.70345974,5.92445818,16683386,113363052.0,0.158889,1,-3.730269,0
2018-03-19,sh.600011,5.77145926,5.8649586,5.68645986,5.84795872,5.70345974,10988755,74869756.0,0.104655,1,2.533533,0
2018-03-20,sh.600011,5.7799592,6.00945758,5.76295932,5.92445818,5.84795872,18048394,126387094.0,0.171889,1,1.308135,0
2018-03-21,sh.600011,5.89895836,6.00945758,5.79695908,5.8224589,5.92445818,17275595,119867051.0,0.164529,1,-1.721663,0
2018-03-22,sh.600011,5.84795872,5.91595824,5.71195968,5.72045962,5.8224589,16452623,112723583.0,0.156692,1,-1.751823,0
2018-03-23,sh.600011,5.64396016,5.96695788,5.59296052,5.85645866,5.72045962,27421605,188295683.0,0.261158,1,2.377412,0
2018-03-26,sh.600011,5.79695908,5.84795872,5.67795992,5.76295932,5.85645866,20684761,140044882.0,0.196998,1,-1.596512,0
2018-03-27,sh.600011,5.7799592,5.9924577,5.66096004,5.68645986,5.76295932,33993277,232834646.0,0.323745,1,-1.327436,0
2018-03-28,sh.600011,5.63546022,5.89895836,5.6099604,5.84795872,5.68645986,25137082,170653537.0,0.239401,1,2.84006,0
2018-03-29,sh.600011,5.84795872,6.09445698,5.72045962,5.79695908,5.84795872,35990323,251270291.0,0.342765,1,-0.872092,0
2018-03-30,sh.600011,5.8224589,5.87345854,5.68645986,5.83945878,5.79695908,14310197,97481127.0,0.136288,1,0.733134,0
2018-04-02,sh.600011,5.83945878,5.84795872,5.6524601,5.6949598,5.83945878,22335015,150004967.0,0.212714,1,-2.474528,0
2018-04-03,sh.600011,5.6524601,5.67795992,5.1424637,5.43146166,5.6949598,29607098,189626944.0,0.281972,1,-4.626865,0
2018-04-04,sh.600011,5.40596184,5.47396136,5.3549622,5.38046202,5.43146166,10753850,68695326.0,0.102418,1,-0.938966,0
2018-04-09,sh.600011,5.37196208,5.3974619,5.23596304,5.3549622,5.38046202,12850860,80506922.0,0.122389,1,-0.473929,0
2018-04-10,sh.600011,5.33796232,5.33796232,5.17646346,5.28696268,5.3549622,20667239,127838233.0,0.196831,1,-1.269848,0
2018-04-11,sh.600011,5.28696268,5.46546142,5.24446298,5.42296172,5.28696268,15022315,95070689.0,0.14307,1,2.572353,0
2018-04-12,sh.600011,5.3974619,5.42296172,5.30396256,5.34646226,5.42296172,7373737,46506487.0,0.070226,1,-1.410661,0
2018-04-13,sh.600011,5.33796232,5.45696148,5.33796232,5.38896196,5.34646226,13343568,84940635.0,0.127082,1,0.794916,0
2018-04-16,sh.600011,5.37196208,5.38046202,5.29546262,5.34646226,5.38896196,6779533,42546421.0,0.064567,1,-0.788647,0
2018-04-17,sh.600011,5.43146166,5.44846154,5.32096244,5.38896196,5.34646226,10025583,63699669.0,0.095482,1,0.794916,0
2018-04-18,sh.600011,5.36346214,5.38896196,5.21896316,5.28696268,5.38896196,10264176,63635100.0,0.097754,1,-1.89275,0
2018-04-19,sh.600011,5.26146286,5.29546262,5.23596304,5.27846274,5.28696268,7080082,43791243.0,0.067429,1,-0.160768,0
2018-04-20,sh.600011,5.2699628,5.27846274,5.16796352,5.17646346,5.27846274,7545800,46132914.0,0.071865,1,-1.932365,0
2018-04-23,sh.600011,5.17646346,5.19346334,5.06596424,5.09146406,5.17646346,9412701,56666417.0,0.089645,1,-1.642042,0
2018-04-24,sh.600011,5.09146406,5.20196328,5.07446418,5.1424637,5.09146406,12120730,73265156.0,0.115436,1,1.001676,0
2018-04-25,sh.600011,5.17646346,5.3124625,5.15096364,5.25296292,5.1424637,15672023,97072080.0,0.149257,1,2.148754,0
2018-04-26,sh.600011,5.25296292,5.30396256,5.21896316,5.21896316,5.25296292,8485700,52532725.0,0.080816,1,-0.647249,0
2018-04-27,sh.600011,5.25296292,5.33796232,5.17646346,5.32096244,5.21896316,9179765,56864876.0,0.087426,1,1.954403,0
2018-05-02,sh.600011,5.3549622,5.38046202,5.28696268,5.34646226,5.32096244,12077827,75954889.0,0.115027,1,0.479229,0
2018-05-03,sh.600011,5.42296172,5.46546142,5.3549622,5.40596184,5.34646226,16363025,104379940.0,0.155838,1,1.11288,0
2018-05-04,sh.600011,5.41446178,5.57596064,5.3974619,5.55046082,5.40596184,12299827,79499493.0,0.117141,1,2.672957,0
2018-05-07,sh.600011,5.45696148,5.5674607,5.43146166,5.55046082,5.55046082,15686600,101451433.0,0.149396,1,0.0,0
2018-05-08,sh.600011,5.50796112,5.50796112,5.40596184,5.47396136,5.55046082,17994046,115357223.0,0.171372,1,-1.378257,0
2018-05-09,sh.600011,5.4399616,5.47396136,5.37196208,5.40596184,5.47396136,10096947,64126652.0,0.096161,1,-1.242235,0
2018-05-10,sh.600011,5.38896196,5.47396136,5.34646226,5.44846154,5.40596184,14954979,95257552.0,0.142428,1,0.786159,0
2018-05-11,sh.600011,5.43146166,5.44846154,5.32946238,5.36346214,5.44846154,10733945,68092801.0,0.102228,1,-1.560061,0
2018-05-14,sh.600011,5.34646226,5.40596184,5.32096244,5.32946238,5.36346214,9483869,59878516.0,0.090323,1,-0.633914,0
2018-05-15,sh.600011,5.34646226,5.50796112,5.32946238,5.50796112,5.32946238,19720809,126231063.0,0.187817,1,3.349283,0
2018-05-16,sh.600011,5.524961,5.72895956,5.45696148,5.62696028,5.50796112,24406094,161700792.0,0.232439,1,2.160492,0
2018-05-17,sh.600011,5.61833181,5.67874398,5.46298623,5.54928933,5.62696212,12291257,78968163.0,0.11706,1,-1.38037,0
2018-05-18,sh.600011,5.49750747,5.58381057,5.47161654,5.50613778,5.54928933,12137748,77850172.0,0.115598,1,-0.777601,0
2018-05-21,sh.600011,5.50613778,5.66148336,5.49750747,5.6097015,5.50613778,11536860,75056142.0,0.109875,1,1.880876,0
2018-05-22,sh.600011,5.62696212,5.62696212,5.48887716,5.54065902,5.6097015,9576240,61505090.0,0.091202,1,-1.230768,0
2018-05-23,sh.600011,5.53202871,5.98943514,5.50613778,5.94628359,5.54065902,50046417,340250261.0,0.476633,1,7.320869,0
2018-05-24,sh.600011,5.91176235,6.07573824,5.8686108,5.93765328,5.94628359,42535142,294621300.0,0.405097,1,-0.145134,0
2018-05-25,sh.600011,5.98943514,6.02395638,5.74778646,5.94628359,5.93765328,28112672,190501037.0,0.26774,1,0.145345,0
2018-05-28,sh.600011,5.85998049,5.87724111,5.74778646,5.7823077,5.94628359,16044842,108256051.0,0.152808,1,-2.757621,0
2018-05-29,sh.600011,5.77367739,6.00669576,5.76504708,5.98943514,5.7823077,23989090,164785938.0,0.228468,1,3.582093,0
2018-05-30,sh.600011,5.90313204,6.06710793,5.8686108,5.92039266,5.98943514,17540369,121017766.0,0.167051,1,-1.152737,0
2018-05-31,sh.600011,5.8686108,6.13615041,5.84271987,6.06710793,5.92039266,31007760,216832792.0,0.295312,1,2.478135,0
2018-06-01,sh.600011,6.04984731,6.06710793,5.92039266,6.01532607,6.06710793,10563777,73560730.0,0.100607,1,-0.853491,0
2018-06-04,sh.600011,6.01532607,6.08436855,5.88587142,5.99806545,6.01532607,13619011,93883874.0,0.129705,1,-0.286944,0
2018-06-05,sh.600011,5.97217452,6.01532607,5.77367739,5.92039266,5.99806545,25268173,171407328.0,0.240649,1,-1.294959,0
2018-06-06,sh.600011,5.85135018,5.92039266,5.76504708,5.84271987,5.92039266,15851224,107064982.0,0.150964,1,-1.311955,0
2018-06-07,sh.600011,5.83408956,5.83408956,5.65285305,5.68737429,5.84271987,20735690,137392464.0,0.197483,1,-2.658786,0
2018-06-08,sh.600011,5.67011367,5.73052584,5.51476809,5.56654995,5.68737429,19057028,123536329.0,0.181496,1,-2.124436,0
2018-06-11,sh.600011,5.55791964,5.66148336,5.53202871,5.6097015,5.56654995,11365190,74035519.0,0.10824,1,0.775197,0
2018-06-12,sh.600011,5.6097015,5.7823077,5.60107119,5.71326522,5.6097015,12520726,82945356.0,0.119245,1,1.846152,0
2018-06-13,sh.600011,5.75641677,5.75641677,5.66148336,5.68737429,5.71326522,6739416,44492955.0,0.064185,1,-0.453168,0
2018-06-14,sh.600011,5.6960046,5.74778646,5.6097015,5.62696212,5.68737429,6113308,40071529.0,0.058222,1,-1.062218,0
2018-06-15,sh.600011,5.63559243,5.70463491,5.54928933,5.67011367,5.62696212,8971548,58539379.0,0.085443,1,0.766874,0
2018-06-19,sh.600011,5.63559243,5.63559243,5.39394375,5.41120437,5.67011367,12475911,79090383.0,0.118818,1,-4.566213,0
2018-06-20,sh.600011,5.2644891,5.48024685,5.2644891,5.37668313,5.41120437,13947903,87155178.0,0.132837,1,-0.637958,0
2018-06-21,sh.600011,5.37668313,5.40257406,5.20407693,5.24722848,5.37668313,10847236,66519647.0,0.103307,1,-2.407706,0
2018-06-22,sh.600011,5.25585879,5.34216189,5.20407693,5.25585879,5.24722848,11114757,67816594.0,0.105855,1,0.164477,0
2018-06-25,sh.600011,5.27311941,5.35942251,5.27311941,5.30764065,5.25585879,6943198,42813540.0,0.066126,1,0.985221,0
2018-06-26,sh.600011,5.33353158,5.41983468,5.2644891,5.36805282,5.30764065,13740084,85408478.0,0.130858,1,1.138206,0
2018-06-27,sh.600011,5.37668313,5.4370953,5.29038003,5.39394375,5.36805282,15406431,95841936.0,0.146728,1,0.482318,0
2018-06-28,sh.600011,5.36805282,5.47161654,5.33353158,5.40257406,5.39394375,8900306,55778243.0,0.084765,1,0.160004,0
2018-06-29,sh.600011,5.40257406,5.51476809,5.32490127,5.48887716,5.40257406,9036834,57011614.0,0.086065,1,1.597443,0
2018-07-02,sh.600011,5.47161654,5.83408956,5.45435592,5.61833181,5.48887716,21319962,140675543.0,0.203047,1,2.358492,0
2018-07-03,sh.600011,5.61833181,5.93765328,5.53202871,5.90313204,5.61833181,22176893,148030924.0,0.211209,1,5.069123,0
2018-07-04,sh.600011,5.83408956,6.08436855,5.77367739,5.80819863,5.90313204,19505480,133905522.0,0.185766,1,-1.608189,0
2018-07-05,sh.600011,5.90313204,5.98943514,5.76504708,5.80819863,5.80819863,11937647,80925770.0,0.113692,1,0.0,0
2018-07-06,sh.600011,5.80819863,5.92902297,5.71326522,5.7823077,5.80819863,10380401,69891184.0,0.098861,1,-0.445768,0
2018-07-09,sh.600011,5.74778646,6.06710793,5.73052584,5.92039266,5.7823077,15031120,103891970.0,0.143154,1,2.388065,0
2018-07-10,sh.600011,5.96354421,6.03258669,5.89450173,6.03258669,5.92039266,11140925,77322506.0,0.106104,1,1.895038,0
2018-07-11,sh.600011,5.99806545,6.04984731,5.84271987,6.02395638,6.03258669,11213568,77485300.0,0.106796,1,-0.143058,0
2018-07-12,sh.600011,6.02395638,6.16204134,5.94628359,6.07573824,6.02395638,11337573,79616719.0,0.107977,1,0.859598,0
2018-07-13,sh.600011,6.08436855,6.1275201,5.97217452,6.01532607,6.07573824,8394474,58739489.0,0.079947,1,-0.994321,0
2018-07-16,sh.600011,6.03258669,6.06710793,5.7823077,5.97217452,6.01532607,14200388,97347521.0,0.135242,1,-0.717356,0
2018-07-17,sh.600011,5.92039266,6.05847762,5.8686108,5.98943514,5.97217452,11957454,82449885.0,0.113881,1,0.289017,0
2018-07-18,sh.600011,5.99806545,6.45547188,5.98943514,6.36916878,5.98943514,41385388,300864762.0,0.394147,1,6.340058,0
2018-07-19,sh.600011,6.30875661,6.57629622,6.23971413,6.4727325,6.36916878,29312630,219242988.0,0.279168,1,1.626015,0
2018-07-20,sh.600011,6.52451436,7.06822389,6.45547188,6.76616304,6.4727325,49197664,386509959.0,0.468549,1,4.533335,0
2018-07-23,sh.600011,6.76616304,6.8179449,6.61944777,6.80931459,6.76616304,27254580,212072844.0,0.259567,1,0.637752,0
2018-07-24,sh.600011,6.77479335,6.77479335,6.42958095,6.50725374,6.80931459,58188189,438906595.0,0.554173,1,-4.435994,0
2018-07-25,sh.600011,6.4727325,6.55040529,6.40369002,6.54177498,6.50725374,35732680,268318711.0,0.340311,1,0.530504,0
2018-07-26,sh.600011,6.52451436,6.59355684,6.44684157,6.50725374,6.54177498,24593129,185755051.0,0.23422,1,-0.527704,0
2018-07-27,sh.600011,6.46410219,6.66259932,6.42958095,6.4727325,6.50725374,18793212,142522717.0,0.178983,1,-0.530504,0
2018-07-30,sh.600011,6.4727325,6.75753273,6.43821126,6.6453387,6.4727325,34785188,269204372.0,0.331288,1,2.666664,0
2018-07-31,sh.600011,6.67985994,6.67985994,6.45547188,6.52451436,6.6453387,18577544,140716840.0,0.176929,1,-1.81818,0
2018-08-01,sh.600011,6.52451436,6.67122963,6.45547188,6.56766591,6.52451436,22875596,174371116.0,0.217863,1,0.661378,0
2018-08-02,sh.600011,6.57629622,6.88698738,6.35190816,6.86109645,6.56766591,43078569,334256879.0,0.410272,1,4.467801,0
2018-08-03,sh.600011,6.74890242,6.8179449,6.4727325,6.52451436,6.86109645,27318624,209140574.0,0.260177,1,-4.905659,0
2018-08-06,sh.600011,6.48136281,6.51588405,6.1275201,6.39505971,6.52451436,22849302,167497211.0,0.217612,1,-1.984128,0
2018-08-07,sh.600011,6.3001263,6.36053847,6.15341103,6.34327785,6.39505971,21287965,153829253.0,0.202743,1,-0.809716,0
2018-08-08,sh.600011,6.25697475,6.28286568,6.041217,6.13615041,6.34327785,24466972,175132781.0,0.233019,1,-3.265303,0
2018-08-09,sh.600011,6.11025948,6.41232033,6.08436855,6.41232033,6.13615041,26269222,191468569.0,0.250183,1,4.500699,0
2018-08-10,sh.600011,6.3001263,6.31738692,5.90313204,5.98943514,6.41232033,51306639,360580851.0,0.488635,1,-6.594883,0
2018-08-13,sh.600011,5.93765328,6.15341103,5.76504708,6.11888979,5.98943514,37865072,262964499.0,0.36062,1,2.161385,0
2018-08-14,sh.600011,6.10162917,6.17067165,6.02395638,6.11888979,6.11888979,13234454,93429359.0,0.126042,1,0.0,0
2018-08-15,sh.600011,6.13615041,6.16204134,5.8686108,5.91176235,6.11888979,16437481,114913351.0,0.156547,1,-3.385053,0
2018-08-16,sh.600011,5.89450173,6.13615041,5.82545925,5.96354421,5.91176235,13843196,96158490.0,0.13184,1,0.875912,0
2018-08-17,sh.600011,5.98943514,6.15341103,5.97217452,6.05847762,5.96354421,18830287,132838246.0,0.179336,1,1.591898,0
2018-08-20,sh.600011,6.08436855,6.25697475,6.041217,6.24834444,6.05847762,23277790,166880030.0,0.221693,1,3.1339,0
2018-08-21,sh.600011,6.23971413,6.29149599,6.1275201,6.23108382,6.24834444,13956785,100483911.0,0.132922,1,-0.276243,0
2018-08-22,sh.600011,6.19656258,6.19656258,5.96354421,5.97217452,6.23108382,14477785,101676025.0,0.137884,1,-4.155121,0
2018-08-23,sh.600011,5.97217452,6.30875661,5.9549139,6.27423537,5.97217452,25003257,178462504.0,0.238126,1,5.057802,0
2018-08-24,sh.600011,6.27423537,6.27423537,6.17067165,6.2138232,6.27423537,13402002,96574079.0,0.127638,1,-0.962863,0
2018-08-27,sh.600011,6.23971413,6.48136281,6.16204134,6.3864294,6.2138232,17159638,126098895.0,0.163425,1,2.777782,0
2018-08-28,sh.600011,6.3864294,6.46410219,6.26560506,6.30875661,6.3864294,13029705,95670127.0,0.124092,1,-1.216218,0
2018-08-29,sh.600011,6.25697475,6.30875661,6.1275201,6.20519289,6.30875661,12275932,88202144.0,0.116914,1,-1.641585,0
2018-08-30,sh.600011,6.16204134,6.31738692,6.06710793,6.30875661,6.20519289,18091559,130508423.0,0.172301,1,1.668983,0
2018-08-31,sh.600011,6.24834444,6.25697475,6.04984731,6.05847762,6.30875661,14669582,104254033.0,0.13971,1,-3.967168,0
2018-09-03,sh.600011,6.06710793,6.32601723,6.03258669,6.28286568,6.05847762,17100983,123002821.0,0.162867,1,3.703707,0
2018-09-04,sh.600011,6.29149599,6.41232033,6.2138232,6.30875661,6.28286568,14622957,107142593.0,0.139266,1,0.412084,0
2018-09-05,sh.600011,6.28286568,6.34327785,6.20519289,6.25697475,6.30875661,8613193,62742448.0,0.08203,1,-0.820793,0
2018-09-06,sh.600011,6.23108382,6.27423537,6.11888979,6.22245351,6.25697475,10251496,73412398.0,0.097633,1,-0.551724,0
2018-09-07,sh.600011,6.18793227,6.24834444,6.09299886,6.11025948,6.22245351,13157207,93895621.0,0.125307,1,-1.803053,0
2018-09-10,sh.600011,6.11025948,6.20519289,6.06710793,6.06710793,6.11025948,10328834,73492442.0,0.09837,1,-0.706211,0
2018-09-11,sh.600011,6.11025948,6.24834444,6.10162917,6.23108382,6.06710793,16452718,117694815.0,0.156693,1,2.702697,0
2018-09-12,sh.600011,6.23108382,6.35190816,6.16204134,6.29149599,6.23108382,11125513,80921440.0,0.105957,1,0.969531,0
2018-09-13,sh.600011,6.28286568,6.48136281,6.28286568,6.41232033,6.29149599,16887639,125049115.0,0.160835,1,1.920437,0
2018-09-14,sh.600011,6.40369002,6.5590356,6.25697475,6.48999312,6.41232033,15364867,114438208.0,0.146332,1,1.211308,0
2018-09-17,sh.600011,6.48999312,6.67122963,6.37779909,6.52451436,6.48999312,19221130,144977931.0,0.183058,1,0.531914,0
2018-09-18,sh.600011,6.4727325,6.67122963,6.43821126,6.58492653,6.52451436,16461798,125738230.0,0.156779,1,0.925928,0
2018-09-19,sh.600011,6.57629622,6.76616304,6.45547188,6.53314467,6.58492653,24252178,185351517.0,0.230973,1,-0.786369,0
2018-09-20,sh.600011,6.54177498,6.62807808,6.45547188,6.54177498,6.53314467,18693915,141459023.0,0.178037,1,0.132097,0
2018-09-21,sh.600011,6.51588405,6.56766591,6.36916878,6.50725374,6.54177498,20290906,152001603.0,0.193247,1,-0.527704,0
2018-09-25,sh.600011,6.48136281,6.67122963,6.42958095,6.67122963,6.50725374,16239505,124253274.0,0.154662,1,2.519895,0
2018-09-26,sh.600011,6.66259932,6.67122963,6.49862343,6.50725374,6.67122963,24685119,187963551.0,0.235096,1,-2.457957,0
2018-09-27,sh.600011,6.52451436,6.7316418,6.48999312,6.71438118,6.50725374,27328998,210516781.0,0.260276,1,3.183027,0
2018-09-28,sh.600011,6.69712056,6.71438118,6.57629622,6.65396901,6.71438118,23953460,183905518.0,0.228128,1,-0.899745,0
2018-10-08,sh.600011,6.51588405,6.60218715,6.28286568,6.33464754,6.65396901,16213069,121497983.0,0.15441,1,-4.798961,0
2018-10-09,sh.600011,6.33464754,6.40369002,6.16204134,6.2138232,6.33464754,15082687,109297139.0,0.143645,1,-1.907362,0
2018-10-10,sh.600011,6.19656258,6.28286568,6.08436855,6.20519289,6.2138232,15117346,108126004.0,0.143975,1,-0.138885,0
2018-10-11,sh.600011,6.13615041,6.13615041,5.84271987,5.92902297,6.20519289,19621367,135895798.0,0.18687,1,-4.450628,0
2018-10-12,sh.600011,5.8686108,5.9549139,5.79956832,5.88587142,5.92902297,14210324,97107256.0,0.135336,1,-0.727798,0
2018-10-15,sh.600011,5.89450173,5.93765328,5.65285305,5.73915615,5.88587142,13822269,93128012.0,0.131641,1,-2.49267,0
2018-10-16,sh.600011,5.73915615,5.79956832,5.6960046,5.7823077,5.73915615,12958080,86272467.0,0.12341,1,0.751875,0
2018-10-17,sh.600011,5.83408956,5.98080483,5.7823077,5.85998049,5.7823077,18512119,126217996.0,0.176306,1,1.343286,0
2018-10-18,sh.600011,5.83408956,5.84271987,5.59244088,5.6960046,5.85998049,16571756,109216183.0,0.157826,1,-2.798234,0
2018-10-19,sh.600011,5.62696212,5.73915615,5.4370953,5.71326522,5.6960046,16922628,110392177.0,0.161168,1,0.30303,0
2018-10-22,sh.600011,5.70463491,5.91176235,5.67011367,5.85998049,5.71326522,34105363,230813012.0,0.324813,1,2.567977,0
2018-10-23,sh.600011,5.79956832,5.82545925,5.28174972,5.32490127,5.85998049,63393106,399583829.0,0.603744,1,-9.131073,0
2018-10-24,sh.600011,5.0918829,5.39394375,4.98831918,5.30764065,5.32490127,43590993,260809733.0,0.415152,1,-0.324149,0
2018-10-25,sh.600011,5.178186,5.19544662,5.05736166,5.16092538,5.30764065,25689324,152532936.0,0.24466,1,-2.764229,0
2018-10-26,sh.600011,5.16955569,5.21270724,5.0918829,5.15229507,5.16092538,16657924,99446533.0,0.158647,1,-0.167228,0
2018-10-29,sh.600011,5.14366476,5.23859817,5.01421011,5.22996786,5.15229507,20761060,123908163.0,0.197724,1,1.50754,0
2018-10-30,sh.600011,5.18681631,5.45435592,5.18681631,5.41120437,5.22996786,29355791,182554980.0,0.279579,1,3.465347,0
2018-10-31,sh.600011,5.38531344,5.67874398,5.38531344,5.57518026,5.41120437,22742602,146531611.0,0.216596,1,3.030304,0
2018-11-01,sh.600011,5.6097015,5.64422274,5.47161654,5.57518026,5.57518026,21214042,136599354.0,0.202038,1,0.0,0
2018-11-02,sh.600011,5.59244088,5.72189553,5.54928933,5.6960046,5.57518026,20111465,132163148.0,0.191538,1,2.167181,0
2018-11-05,sh.600011,5.71326522,5.79956832,5.6097015,5.76504708,5.6960046,13307170,87986345.0,0.126735,1,1.21212,0
2018-11-06,sh.600011,5.7823077,5.83408956,5.67874398,5.7823077,5.76504708,9546791,63986027.0,0.090922,1,0.299401,0
2018-11-07,sh.600011,5.82545925,5.92039266,5.73052584,5.75641677,5.7823077,20818414,140562378.0,0.198271,1,-0.447757,0
2018-11-08,sh.600011,5.79956832,5.91176235,5.77367739,5.81682894,5.75641677,17241222,116918826.0,0.164202,1,1.049471,0
2018-11-09,sh.600011,5.80819863,5.87724111,5.67874398,5.70463491,5.81682894,14778980,99255083.0,0.140752,1,-1.928778,0
2018-11-12,sh.600011,5.72189553,6.02395638,5.72189553,5.98080483,5.70463491,23729481,163095419.0,0.225995,1,4.841145,0
2018-11-13,sh.600011,5.94628359,6.04984731,5.91176235,5.99806545,5.98080483,20134005,140349127.0,0.191752,1,0.2886,0
2018-11-14,sh.600011,5.96354421,6.08436855,5.87724111,5.94628359,5.99806545,16672923,115947215.0,0.15879,1,-0.863309,0
2018-11-15,sh.600011,5.90313204,5.99806545,5.81682894,5.92902297,5.94628359,13713179,93901759.0,0.130602,1,-0.290276,0
2018-11-16,sh.600011,5.9549139,5.9549139,5.79956832,5.84271987,5.92902297,18514215,125601387.0,0.176326,1,-1.455603,0
2018-11-19,sh.600011,5.88587142,5.98080483,5.77367739,5.98080483,5.84271987,20138921,137758966.0,0.191799,1,2.363365,0
2018-11-20,sh.600011,5.96354421,6.041217,5.76504708,5.7823077,5.98080483,21214943,144679437.0,0.202047,1,-3.318904,0
2018-11-21,sh.600011,5.71326522,5.98943514,5.71326522,5.97217452,5.7823077,13573396,93103082.0,0.12927,1,3.283586,0
2018-11-22,sh.600011,5.99806545,5.99806545,5.85135018,5.8686108,5.97217452,8641670,59224392.0,0.082302,1,-1.734102,0
2018-11-23,sh.600011,5.87724111,5.92039266,5.73915615,5.79956832,5.8686108,8154522,55095718.0,0.077662,1,-1.176476,0
2018-11-26,sh.600011,5.7823077,5.82545925,5.57518026,5.65285305,5.79956832,18825406,123687004.0,0.17929,1,-2.529756,0
2018-11-27,sh.600011,5.67011367,5.90313204,5.63559243,5.84271987,5.65285305,15695318,105360668.0,0.149479,1,3.358775,0
2018-11-28,sh.600011,5.85135018,5.88587142,5.75641677,5.82545925,5.84271987,8308055,55939397.0,0.079124,1,-0.295421,0
2018-11-29,sh.600011,5.82545925,6.11888979,5.80819863,5.82545925,5.82545925,15239923,104902630.0,0.145142,1,0.0,0
2018-11-30,sh.600011,5.8686108,5.98943514,5.79956832,5.9549139,5.82545925,16219709,111554798.0,0.154473,1,2.222224,0
2018-12-03,sh.600011,5.94628359,6.24834444,5.94628359,6.15341103,5.9549139,20626941,146276091.0,0.196447,1,3.333333,0
2018-12-04,sh.600011,6.15341103,6.29149599,6.06710793,6.26560506,6.15341103,17936080,128411664.0,0.17082,1,1.823284,0
2018-12-05,sh.600011,6.19656258,6.3864294,6.14478072,6.27423537,6.26560506,20115024,146942022.0,0.191572,1,0.137738,0
2018-12-06,sh.600011,6.28286568,6.3864294,6.15341103,6.17930196,6.27423537,19527993,141184849.0,0.185981,1,-1.513069,0
2018-12-07,sh.600011,6.22245351,6.42095064,6.22245351,6.35190816,6.17930196,14121164,103772831.0,0.134487,1,2.7933,0
2018-12-10,sh.600011,6.36053847,6.36916878,6.1275201,6.23108382,6.35190816,11081807,79843159.0,0.105541,1,-1.902179,0
2018-12-11,sh.600011,6.24834444,6.3001263,6.15341103,6.24834444,6.23108382,9556472,68941978.0,0.091014,1,0.277008,0
2018-12-12,sh.600011,6.28286568,6.41232033,6.24834444,6.34327785,6.24834444,11390362,83887972.0,0.10848,1,1.519339,0
2018-12-13,sh.600011,6.37779909,6.53314467,6.30875661,6.51588405,6.34327785,17230278,128875822.0,0.164098,1,2.721092,0
2018-12-14,sh.600011,6.4727325,6.68849025,6.31738692,6.40369002,6.51588405,27041256,203983054.0,0.257536,1,-1.721856,0
2018-12-17,sh.600011,6.37779909,6.4727325,6.13615041,6.23971413,6.40369002,24257738,174459225.0,0.231026,1,-2.560647,0
2018-12-18,sh.600011,6.20519289,6.34327785,6.17067165,6.25697475,6.23971413,13413629,97251320.0,0.127749,1,0.276625,0
2018-12-19,sh.600011,6.26560506,6.42095064,6.23971413,6.27423537,6.25697475,16873883,123947979.0,0.160704,1,0.275862,0
2018-12-20,sh.600011,6.27423537,6.45547188,6.19656258,6.45547188,6.27423537,16695142,123053055.0,0.159001,1,2.888584,0
2018-12-21,sh.600011,6.41232033,6.50725374,6.30875661,6.39505971,6.45547188,12030645,89388902.0,0.114578,1,-0.935831,0
2018-12-24,sh.600011,6.36053847,6.42958095,6.17930196,6.32601723,6.39505971,10929090,79938136.0,0.104087,1,-1.079621,0
2018-12-25,sh.600011,6.32601723,6.37779909,6.17067165,6.3001263,6.32601723,6914627,50245068.0,0.065854,1,-0.409273,0
2018-12-26,sh.600011,6.3001263,6.34327785,6.17930196,6.30875661,6.3001263,6686853,48404683.0,0.063684,1,0.136983,0
2018-12-27,sh.600011,6.32601723,6.41232033,6.2138232,6.35190816,6.30875661,14801347,107878196.0,0.140965,1,0.683997,0
2018-12-28,sh.600011,6.3001263,6.37779909,6.22245351,6.36916878,6.35190816,16700928,121623212.0,0.159056,1,0.271739,0
2019-01-02,sh.600011,6.34327785,6.35190816,5.91176235,6.20519289,6.36916878,26003674,181884809.0,0.247654,1,-2.574527,0
2019-01-03,sh.600011,6.14478072,6.14478072,5.94628359,6.041217,6.20519289,25010012,174398437.0,0.238191,1,-2.64256,0
2019-01-04,sh.600011,5.9549139,6.13615041,5.92902297,6.1275201,6.041217,20222214,140791860.0,0.192593,1,1.42857,0
2019-01-07,sh.600011,6.11025948,6.14478072,6.04984731,6.11025948,6.1275201,12323202,87142564.0,0.117364,1,-0.28169,0
2019-01-08,sh.600011,6.08436855,6.24834444,6.08436855,6.17930196,6.11025948,10216900,73317188.0,0.097304,1,1.129943,0
2019-01-09,sh.600011,6.18793227,6.34327785,5.99806545,6.041217,6.17930196,16063514,114976214.0,0.152986,1,-2.234635,0
2019-01-10,sh.600011,6.10162917,6.11025948,5.8686108,5.87724111,6.041217,15439505,106898181.0,0.147043,1,-2.714287,0
2019-01-11,sh.600011,5.8686108,6.03258669,5.8686108,6.01532607,5.87724111,10943534,75683765.0,0.104224,1,2.349484,0
2019-01-14,sh.600011,5.98943514,5.98943514,5.73915615,5.92039266,6.01532607,17832423,120826968.0,0.169833,1,-1.578187,0
2019-01-15,sh.600011,5.88587142,5.99806545,5.85998049,5.99806545,5.92039266,10377968,71377466.0,0.098838,1,1.311949,0
2019-01-16,sh.600011,5.96354421,6.14478072,5.92039266,6.07573824,5.99806545,10801795,76087906.0,0.102874,1,1.294966,0
2019-01-17,sh.600011,6.07573824,6.11888979,6.00669576,6.04984731,6.07573824,4794500,33638167.0,0.045662,1,-0.426133,0
2019-01-18,sh.600011,6.04984731,6.08436855,5.91176235,5.96354421,6.04984731,9696662,66964805.0,0.092349,1,-1.426539,0
2019-01-21,sh.600011,5.93765328,6.13615041,5.91176235,6.09299886,5.96354421,14550815,101929199.0,0.138579,1,2.170768,0
2019-01-22,sh.600011,6.11025948,6.17067165,5.92902297,5.96354421,6.09299886,12387945,86395645.0,0.11798,1,-2.124647,0
2019-01-23,sh.600011,5.96354421,6.06710793,5.90313204,6.02395638,5.96354421,11575217,80323159.0,0.11024,1,1.013027,0
2019-01-24,sh.600011,6.02395638,6.09299886,5.93765328,5.98943514,6.02395638,12483123,87009677.0,0.118887,1,-0.573065,0
2019-01-25,sh.600011,5.99806545,6.09299886,5.70463491,5.76504708,5.98943514,27903069,189207552.0,0.265744,1,-3.746401,0
2019-01-28,sh.600011,5.76504708,5.88587142,5.76504708,5.8686108,5.76504708,15511510,104773332.0,0.147729,1,1.796413,0
2019-01-29,sh.600011,5.8686108,5.93765328,5.79093801,5.90313204,5.8686108,7643097,52185294.0,0.072791,1,0.588235,0
2019-01-30,sh.600011,5.85135018,5.88587142,5.53202871,5.58381057,5.90313204,25409603,165361590.0,0.241996,1,-5.409362,0
2019-01-31,sh.600011,5.58381057,5.61833181,5.38531344,5.54065902,5.58381057,19388238,123757399.0,0.18465,1,-0.772793,0
2019-02-01,sh.600011,5.54928933,5.60107119,5.45435592,5.56654995,5.54065902,13143014,84462149.0,0.125172,1,0.467286,0
2019-02-11,sh.600011,5.57518026,5.7823077,5.54065902,5.74778646,5.56654995,16900972,111799141.0,0.160962,1,3.255815,0
2019-02-12,sh.600011,5.74778646,5.82545925,5.74778646,5.80819863,5.74778646,7489381,50374821.0,0.071327,1,1.051054,0
2019-02-13,sh.600011,5.83408956,5.93765328,5.77367739,5.91176235,5.80819863,10204361,69407791.0,0.097184,1,1.783059,0
2019-02-14,sh.600011,5.8686108,5.91176235,5.75641677,5.77367739,5.91176235,15205688,102284133.0,0.144816,1,-2.335764,0
2019-02-15,sh.600011,5.7823077,6.03258669,5.73915615,5.9549139,5.77367739,18381320,126013839.0,0.17506,1,3.139014,0
2019-02-18,sh.600011,6.01532607,6.13615041,5.89450173,6.06710793,5.9549139,24477256,170299329.0,0.233117,1,1.88406,0
2019-02-19,sh.600011,6.07573824,6.20519289,5.98943514,6.00669576,6.06710793,23740170,167525001.0,0.226097,1,-0.995735,0
2019-02-20,sh.600011,5.98943514,6.11888979,5.92902297,6.11888979,6.00669576,14375596,100127770.0,0.13691,1,1.867818,0
2019-02-21,sh.600011,6.07573824,6.08436855,5.93765328,5.97217452,6.11888979,18318237,127216968.0,0.174459,1,-2.397744,0
2019-02-22,sh.600011,5.9549139,5.96354421,5.76504708,5.8686108,5.97217452,25469726,172382259.0,0.242569,1,-1.734102,0
2019-02-25,sh.600011,5.85998049,6.01532607,5.76504708,6.01532607,5.8686108,52636436,360915842.0,0.501299,1,2.499994,0
2019-02-26,sh.600011,6.01532607,6.17067165,5.92039266,6.05847762,6.01532607,51238108,358620673.0,0.487982,1,0.717363,0
2019-02-27,sh.600011,6.08436855,6.08436855,5.89450173,5.9549139,6.05847762,47304558,327960193.0,0.45052,1,-1.7094,0
2019-02-28,sh.600011,5.93765328,5.99806545,5.89450173,5.94628359,5.9549139,30929875,212748905.0,0.29457,1,-0.144931,0
2019-03-01,sh.600011,5.9549139,5.9549139,5.7823077,5.83408956,5.94628359,31480595,213249400.0,0.299815,1,-1.886787,0
2019-03-04,sh.600011,5.85135018,6.1275201,5.84271987,6.11888979,5.83408956,70295645,489494784.0,0.669482,1,4.881655,0
2019-03-05,sh.600011,6.2138232,6.40369002,6.18793227,6.30875661,6.11888979,64951655,474229959.0,0.618587,1,3.102959,0
2019-03-06,sh.600011,6.39505971,6.41232033,6.20519289,6.25697475,6.30875661,50179136,364897090.0,0.477897,1,-0.820793,0
2019-03-07,sh.600011,6.29149599,6.29149599,6.13615041,6.17930196,6.25697475,40512309,290012176.0,0.385832,1,-1.241381,0
2019-03-08,sh.600011,6.1275201,6.23971413,5.97217452,6.00669576,6.17930196,38563179,273075660.0,0.367268,1,-2.793293,0
2019-03-11,sh.600011,5.9549139,6.08436855,5.92902297,6.041217,6.00669576,36345427,252889370.0,0.346147,1,0.574712,0
2019-03-12,sh.600011,6.06710793,6.22245351,6.02395638,6.11888979,6.041217,45956560,325128792.0,0.437682,1,1.285716,0
2019-03-13,sh.600011,6.06710793,6.07573824,5.80819863,5.8686108,6.11888979,42257016,291544161.0,0.402448,1,-4.090267,0
2019-03-14,sh.600011,5.8686108,5.90313204,5.74778646,5.7823077,5.8686108,29212071,196163231.0,0.27821,1,-1.470594,0
2019-03-15,sh.600011,5.77367739,5.82545925,5.73052584,5.74778646,5.7823077,33109256,221506576.0,0.315326,1,-0.597014,0
2019-03-18,sh.600011,5.74778646,5.81682894,5.73052584,5.81682894,5.74778646,33358027,223002948.0,0.317695,1,1.2012,0
2019-03-19,sh.600011,5.82545925,5.90313204,5.81682894,5.85135018,5.81682894,30382593,206234324.0,0.289358,1,0.593478,0
2019-03-20,sh.600011,5.7823077,5.79093801,5.6097015,5.65285305,5.85135018,72914147,477007338.0,0.69442,1,-3.392331,0
2019-03-21,sh.600011,5.66148336,5.70463491,5.63559243,5.68737429,5.65285305,40392896,265557215.0,0.384694,1,0.610686,0
2019-03-22,sh.600011,5.68737429,5.73052584,5.62696212,5.68737429,5.68737429,27487603,180685282.0,0.261787,1,0.0,0
2019-03-25,sh.600011,5.65285305,5.67011367,5.59244088,5.60107119,5.68737429,24704383,161024124.0,0.23528,1,-1.517456,0
2019-03-26,sh.600011,5.61833181,5.70463491,5.59244088,5.66148336,5.60107119,30168623,197602604.0,0.28732,1,1.078585,0
2019-03-27,sh.600011,5.66148336,5.73915615,5.64422274,5.73052584,5.66148336,32053045,211557144.0,0.305267,1,1.219511,0
2019-03-28,sh.600011,5.73052584,5.74778646,5.63559243,5.63559243,5.73052584,17043400,111849746.0,0.162318,1,-1.656621,0
2019-03-29,sh.600011,5.62696212,5.67874398,5.53202871,5.66148336,5.63559243,31650827,205540095.0,0.301436,1,0.459414,0
2019-04-01,sh.600011,5.66148336,5.7823077,5.59244088,5.75641677,5.66148336,74165397,489930059.0,0.706337,1,1.676831,0
2019-04-02,sh.600011,5.74778646,5.75641677,5.6960046,5.73052584,5.75641677,37795723,250516775.0,0.359959,1,-0.449778,0
2019-04-03,sh.600011,5.73052584,5.73915615,5.66148336,5.72189553,5.73052584,42204435,278702753.0,0.401947,1,-0.150599,0
2019-04-04,sh.600011,5.73915615,5.81682894,5.72189553,5.75641677,5.72189553,71179800,474550777.0,0.677903,1,0.603318,0
2019-04-08,sh.600011,5.7823077,5.80819863,5.67011367,5.70463491,5.75641677,59015565,392560629.0,0.562053,1,-0.899549,0
2019-04-09,sh.600011,5.70463491,5.70463491,5.63559243,5.67011367,5.70463491,35547594,233281515.0,0.338549,1,-0.605143,0
2019-04-10,sh.600011,5.65285305,5.65285305,5.58381057,5.6097015,5.67011367,45801803,297933630.0,0.436208,1,-1.065452,0
2019-04-11,sh.600011,5.6097015,5.63559243,5.59244088,5.6097015,5.6097015,25894139,168494369.0,0.246611,1,0.0,0
2019-04-12,sh.600011,5.6097015,5.74778646,5.59244088,5.74778646,5.6097015,69017364,455530510.0,0.657308,1,2.461536,0
2019-04-15,sh.600011,5.77367739,5.79093801,5.66148336,5.67874398,5.74778646,61012264,406647874.0,0.581069,1,-1.2012,0
2019-04-16,sh.600011,5.65285305,5.73052584,5.6097015,5.72189553,5.67874398,33582019,221140701.0,0.319829,1,0.759881,0
2019-04-17,sh.600011,5.72189553,5.72189553,5.67874398,5.71326522,5.72189553,30700545,202832293.0,0.292386,1,-0.150833,0
2019-04-18,sh.600011,5.70463491,5.73052584,5.66148336,5.73052584,5.71326522,25736872,169816386.0,0.245113,1,0.302115,0
2019-04-19,sh.600011,5.71326522,5.81682894,5.6960046,5.79093801,5.73052584,53248941,356075139.0,0.507133,1,1.054219,0
2019-04-22,sh.600011,5.7823077,5.79956832,5.71326522,5.71326522,5.79093801,34818846,232401860.0,0.331608,1,-1.341284,0
2019-04-23,sh.600011,5.74778646,5.74778646,5.67011367,5.68737429,5.71326522,20194969,133236425.0,0.192333,1,-0.453168,0
2019-04-24,sh.600011,5.68737429,5.72189553,5.67874398,5.71326522,5.68737429,19385336,127932074.0,0.184622,1,0.455231,0
2019-04-25,sh.600011,5.70463491,5.81682894,5.68737429,5.75641677,5.71326522,44529105,297612322.0,0.424087,1,0.75529,0
2019-04-26,sh.600011,5.85135018,5.88587142,5.59244088,5.59244088,5.75641677,56138749,375785386.0,0.534655,1,-2.848577,0
2019-04-29,sh.600011,5.60107119,5.74778646,5.59244088,5.62696212,5.59244088,42308311,278414282.0,0.402936,1,0.617283,0
2019-04-30,sh.600011,5.62696212,5.85998049,5.62696212,5.82545925,5.62696212,47541975,319319175.0,0.452781,1,3.527608,0
2019-05-06,sh.600011,5.74778646,5.8686108,5.63559243,5.79093801,5.82545925,51601184,344511774.0,0.49144,1,-0.592592,0
2019-05-07,sh.600011,5.73915615,5.92902297,5.73915615,5.92902297,5.79093801,55072948,374811337.0,0.524504,1,2.384499,0
2019-05-08,sh.600011,5.85135018,5.98080483,5.77367739,5.81682894,5.92902297,40539802,275915270.0,0.386093,1,-1.892287,0
2019-05-09,sh.600011,5.7823077,5.89450173,5.72189553,5.82545925,5.81682894,25200173,169045913.0,0.240002,1,0.148371,0
2019-05-10,sh.600011,5.79956832,5.89450173,5.73915615,5.8686108,5.82545925,28078708,189954722.0,0.267416,1,0.740744,0
2019-05-13,sh.600011,5.82545925,5.85135018,5.65285305,5.67874398,5.8686108,25017546,166715334.0,0.238262,1,-3.235298,0
2019-05-14,sh.600011,5.61833181,5.73915615,5.60107119,5.64422274,5.67874398,21331661,139888478.0,0.203159,1,-0.607902,0
2019-05-15,sh.600011,5.65285305,5.68737429,5.6097015,5.67011367,5.64422274,28163510,184347612.0,0.268224,1,0.458719,0
2019-05-16,sh.600011,5.66148336,5.66148336,5.54928933,5.56654995,5.67011367,37148324,240504684.0,0.353794,1,-1.82649,0
2019-05-17,sh.600011,5.55791964,5.56654995,5.2644891,5.29901034,5.56654995,45667824,285442949.0,0.434932,1,-4.806201,0
2019-05-20,sh.600011,5.2644891,5.34216189,5.22133755,5.32490127,5.29901034,17147907,105299295.0,0.163313,1,0.488603,0
2019-05-21,sh.600011,5.30764065,5.38531344,5.30764065,5.3507922,5.32490127,15137811,93914109.0,0.14417,1,0.486219,0
2019-05-22,sh.600011,5.34216189,5.35942251,5.31627096,5.31627096,5.3507922,10908624,67427794.0,0.103892,1,-0.645161,0
2019-05-23,sh.600011,5.29901034,5.31627096,5.22133755,5.25585879,5.31627096,14070387,85714033.0,0.134004,1,-1.136359,0
2019-05-24,sh.600011,5.24722848,5.35942251,5.24722848,5.32490127,5.25585879,19647632,120669853.0,0.18712,1,1.313628,0
2019-05-27,sh.600011,5.30764065,5.42846499,5.29901034,5.40257406,5.32490127,17045750,106191176.0,0.16234,1,1.458673,0
2019-05-28,sh.600011,5.41983468,5.48887716,5.35942251,5.41983468,5.40257406,15426736,97105829.0,0.146921,1,0.319489,0
2019-05-29,sh.600011,5.41983468,5.50613778,5.38531344,5.47161654,5.41983468,15005810,95160641.0,0.142912,1,0.955413,0
2019-05-30,sh.600011,5.44572561,5.50613778,5.4370953,5.48887716,5.47161654,13795128,87597361.0,0.131382,1,0.315457,0
2019-05-31,sh.600011,5.51476809,5.65285305,5.49750747,5.6097015,5.48887716,25793780,167376008.0,0.245655,1,2.201256,0
2019-06-03,sh.600011,5.59244088,5.72189553,5.58381057,5.68737429,5.6097015,28861675,190115820.0,0.274873,1,1.384618,0
2019-06-04,sh.600011,5.67874398,5.73915615,5.66148336,5.68737429,5.68737429,21416633,141375549.0,0.203968,1,0.0,0
2019-06-05,sh.600011,5.71326522,5.77367739,5.68737429,5.6960046,5.68737429,19032495,126466605.0,0.181262,1,0.151741,0
2019-06-06,sh.600011,5.71326522,5.80819863,5.71326522,5.74778646,5.6960046,22119128,147779191.0,0.210658,1,0.90909,0
2019-06-10,sh.600011,5.79093801,5.79956832,5.64422274,5.68737429,5.74778646,19728478,130444429.0,0.18789,1,-1.051046,0
2019-06-11,sh.600011,5.6960046,5.7823077,5.62696212,5.70463491,5.68737429,29217661,192819351.0,0.278263,1,0.30349,0
2019-06-12,sh.600011,5.6960046,5.75641677,5.65285305,5.73052584,5.70463491,21680427,143470772.0,0.20648,1,0.453854,0
2019-06-13,sh.600011,5.68737429,5.76504708,5.67874398,5.73915615,5.73052584,14661184,97530269.0,0.13963,1,0.150606,0
2019-06-14,sh.600011,5.76504708,5.85998049,5.70463491,5.73052584,5.73915615,19908549,133188238.0,0.189605,1,-0.150379,0
2019-06-17,sh.600011,5.73915615,5.79956832,5.72189553,5.77367739,5.73052584,16628497,111121734.0,0.158367,1,0.753015,0
2019-06-18,sh.600011,5.75641677,5.7823077,5.62696212,5.72189553,5.77367739,13765884,90915699.0,0.131104,1,-0.89686,0
2019-06-19,sh.600011,5.76504708,5.85998049,5.71326522,5.73915615,5.72189553,15227445,102102019.0,0.145023,1,0.301659,0
2019-06-20,sh.600011,5.77367739,5.85135018,5.73915615,5.77367739,5.73915615,20682238,138679074.0,0.196974,1,0.601503,0
2019-06-21,sh.600011,5.77367739,5.81682894,5.71326522,5.74778646,5.77367739,19335990,128898707.0,0.184152,1,-0.448434,0
2019-06-24,sh.600011,5.75641677,5.76504708,5.61833181,5.63559243,5.74778646,14865185,97688438.0,0.141573,1,-1.951946,0
2019-06-25,sh.600011,5.65285305,5.68737429,5.5233984,5.54065902,5.63559243,15675588,101053945.0,0.149291,1,-1.684535,0
2019-06-26,sh.600011,5.54065902,5.59244088,5.49750747,5.58381057,5.54065902,16009583,102604086.0,0.152472,1,0.778812,0
2019-06-27,sh.600011,5.58381057,5.59244088,5.48887716,5.49750747,5.58381057,19946006,127912518.0,0.189962,1,-1.545594,0
2019-06-28,sh.600011,5.4887367,5.4887367,5.39228925,5.46243285,5.49750465,16945356,105250256.0,0.161384,1,-0.637958,0
2019-07-01,sh.600011,5.49750465,5.55011235,5.4536649,5.4887367,5.46243285,42417445,265443959.0,0.403976,1,0.481544,0
2019-07-02,sh.600011,5.47996875,5.49750465,5.4185931,5.47996875,5.4887367,25545355,159064573.0,0.243289,1,-0.159748,0
2019-07-03,sh.600011,5.47996875,5.56764825,5.44489695,5.5413444,5.47996875,23915023,150010422.0,0.227762,1,1.120003,0
2019-07-04,sh.600011,5.53257645,5.6290239,5.47996875,5.5238085,5.5413444,23908586,151167972.0,0.227701,1,-0.316455,0
2019-07-05,sh.600011,5.53257645,5.5588803,5.4887367,5.5413444,5.5238085,16341936,103119880.0,0.155637,1,0.31746,0
2019-07-08,sh.600011,5.5413444,5.5413444,5.4010572,5.4712008,5.5413444,17849359,111369353.0,0.169994,1,-1.265829,0
2019-07-09,sh.600011,5.46243285,5.53257645,5.44489695,5.5062726,5.4712008,13950455,87355324.0,0.132861,1,0.641033,0
2019-07-10,sh.600011,5.5238085,5.53257645,5.4536649,5.47996875,5.5062726,8119340,50723012.0,0.077327,1,-0.47771,0
2019-07-11,sh.600011,5.4887367,5.5062726,5.39228925,5.44489695,5.47996875,11661100,72431949.0,0.111058,1,-0.639999,0
2019-07-12,sh.600011,5.46243285,5.53257645,5.42736105,5.5062726,5.44489695,13314988,83528073.0,0.126809,1,1.127217,0
2019-07-15,sh.600011,5.49750465,5.5413444,5.40982515,5.51504055,5.5062726,10945918,68578116.0,0.104247,1,0.159232,0
2019-07-16,sh.600011,5.51504055,5.58518415,5.4887367,5.58518415,5.51504055,12812801,81186988.0,0.122027,1,1.271859,0
2019-07-17,sh.600011,5.58518415,5.58518415,5.4887367,5.49750465,5.58518415,15408746,97029867.0,0.14675,1,-1.569857,0
2019-07-18,sh.600011,5.4712008,5.5238085,5.44489695,5.4887367,5.49750465,13798618,86430698.0,0.131415,1,-0.159486,0
2019-07-19,sh.600011,5.5238085,5.5939521,5.4887367,5.5588803,5.4887367,16025393,101649268.0,0.152623,1,1.277954,0
2019-07-22,sh.600011,5.56764825,5.60272005,5.5062726,5.51504055,5.5588803,14650917,92723202.0,0.139533,1,-0.788647,0
2019-07-23,sh.600011,5.51504055,5.65532775,5.4887367,5.63779185,5.51504055,17789654,113622268.0,0.169425,1,2.225753,0
2019-07-24,sh.600011,5.63779185,5.6991675,5.58518415,5.6290239,5.63779185,15492897,99658588.0,0.147551,1,-0.155517,0
2019-07-25,sh.600011,5.60272005,5.6465598,5.58518415,5.611488,5.6290239,11587670,74105720.0,0.110359,1,-0.311526,0
2019-07-26,sh.600011,5.611488,5.6640957,5.5764162,5.6290239,5.611488,15633174,100324264.0,0.1489,1,0.3125,0
2019-07-29,sh.600011,5.63779185,5.7693111,5.63779185,5.7342393,5.6290239,21675985,141173282.0,0.206438,1,1.869157,0
2019-07-30,sh.600011,5.70793545,5.7693111,5.67286365,5.70793545,5.7342393,16530528,107580770.0,0.1574,1,-0.4587,0
2019-07-31,sh.600011,5.7167034,5.7517752,5.6290239,5.7167034,5.70793545,18005800,116972409.0,0.1715,1,0.1536,0
2019-08-01,sh.600011,5.7167034,5.9446701,5.70793545,5.93590215,5.7167034,43468540,290578361.0,0.414,1,3.8344,0
2019-08-02,sh.600011,5.8745265,6.0849573,5.84822265,5.97097395,5.93590215,59046649,401352708.0,0.5623,1,0.5908,0
2019-08-05,sh.600011,5.91836625,6.00604575,5.84822265,5.90083035,5.97097395,37084757,251079328.0,0.3532,1,-1.1747,0
2019-08-06,sh.600011,5.81315085,5.9972778,5.7693111,5.962206,5.90083035,23745149,159408621.0,0.2261,1,1.0401,0
2019-08-07,sh.600011,5.91836625,6.00604575,5.8394547,5.9095983,5.962206,23684380,159535962.0,0.2256,1,-0.8824,0
2019-08-08,sh.600011,5.91836625,5.962206,5.83068675,5.88329445,5.9095983,16456351,110378904.0,0.1567,1,-0.4451,0
2019-08-09,sh.600011,5.8745265,5.8920624,5.7342393,5.7517752,5.88329445,20150517,133046943.0,0.1919,1,-2.2355,0
2019-08-12,sh.600011,5.74300725,5.8745265,5.7167034,5.83068675,5.7517752,17357243,115036102.0,0.1653,1,1.372,0
2019-08-13,sh.600011,5.8219188,6.02358165,5.7693111,5.98850985,5.83068675,29413317,199583548.0,0.2801,1,2.7068,0
2019-08-14,sh.600011,6.04111755,6.07618935,5.9271342,6.0148137,5.98850985,20647585,141700923.0,0.1966,1,0.4392,0
2019-08-15,sh.600011,5.9095983,6.1726368,5.83068675,6.07618935,6.0148137,26241213,181827899.0,0.2499,1,1.0204,0
2019-08-16,sh.600011,6.07618935,6.07618935,5.962206,5.98850985,6.07618935,18394535,126054532.0,0.1752,1,-1.443,0
2019-08-19,sh.600011,6.00604575,6.0323496,5.91836625,5.98850985,5.98850985,26465020,179676026.0,0.252,1,0.0,0
2019-08-20,sh.600011,5.962206,5.97097395,5.8569906,5.95343805,5.98850985,27722235,186622247.0,0.264,1,-0.5857,0
2019-08-21,sh.600011,5.9095983,5.93590215,5.86575855,5.90083035,5.95343805,12755727,85856405.0,0.1215,1,-0.8837,0
2019-08-22,sh.600011,5.9095983,5.91836625,5.8569906,5.8745265,5.90083035,9762468,65465950.0,0.093,1,-0.4458,0
2019-08-23,sh.600011,5.8569906,5.8920624,5.786847,5.8394547,5.8745265,14406310,95729039.0,0.1372,1,-0.597,0
2019-08-26,sh.600011,5.77807905,5.83068675,5.63779185,5.6640957,5.8394547,20826750,135764549.0,0.1984,1,-3.003,0
2019-08-27,sh.600011,5.69039955,5.72547135,5.65532775,5.67286365,5.6640957,23058527,149517408.0,0.2196,1,0.1548,0
2019-08-28,sh.600011,5.6816316,5.70793545,5.53257645,5.55011235,5.67286365,25952785,165545697.0,0.2472,1,-2.1638,0
2019-08-29,sh.600011,5.56764825,5.56764825,5.46243285,5.51504055,5.55011235,17376389,109066841.0,0.1655,1,-0.6319,0
2019-08-30,sh.600011,5.53257645,5.58518415,5.5062726,5.5238085,5.51504055,19167254,121218341.0,0.1825,1,0.159,0
2019-09-02,sh.600011,5.5413444,5.611488,5.51504055,5.60272005,5.5238085,20715358,132008595.0,0.1973,1,1.4286,0
2019-09-03,sh.600011,5.5939521,5.611488,5.4712008,5.5413444,5.60272005,27800105,175338212.0,0.2648,1,-1.0955,0
2019-09-04,sh.600011,5.53257645,5.58518415,5.49750465,5.58518415,5.5413444,16072400,101654617.0,0.1531,1,0.7911,0
2019-09-05,sh.600011,5.60272005,5.6465598,5.56764825,5.62025595,5.58518415,34665168,221525407.0,0.3301,1,0.6279,0
2019-09-06,sh.600011,5.60272005,5.611488,5.5413444,5.5764162,5.62025595,20628374,131141455.0,0.1965,1,-0.78,0
2019-09-09,sh.600011,5.60272005,5.60272005,5.5413444,5.60272005,5.5764162,18954374,120680686.0,0.1805,1,0.4717,0
2019-09-10,sh.600011,5.611488,5.611488,5.5588803,5.58518415,5.60272005,14247653,90611004.0,0.1357,1,-0.313,0
2019-09-11,sh.600011,5.5588803,5.5939521,5.5588803,5.5764162,5.58518415,13347012,84838018.0,0.1271,1,-0.157,0
2019-09-12,sh.600011,5.5764162,5.58518415,5.5413444,5.58518415,5.5764162,17977647,114072148.0,0.1712,1,0.1572,0
2019-09-16,sh.600011,5.5764162,5.58518415,5.5238085,5.5588803,5.58518415,12917398,81837467.0,0.123,1,-0.471,0
2019-09-17,sh.600011,5.5588803,5.5588803,5.436129,5.4536649,5.5588803,23915637,149745324.0,0.2278,1,-1.8928,0
2019-09-18,sh.600011,5.46243285,5.4887367,5.4536649,5.4536649,5.4536649,11138843,69457070.0,0.1061,1,0.0,0
2019-09-19,sh.600011,5.4712008,5.4712008,5.3659854,5.39228925,5.4536649,29450137,181265140.0,0.2805,1,-1.1254,0
2019-09-20,sh.600011,5.4010572,5.4010572,5.3484495,5.3484495,5.39228925,30421161,186104504.0,0.2897,1,-0.813,0
2019-09-23,sh.600011,5.3659854,5.3659854,5.26953795,5.3133777,5.3484495,29907585,180850403.0,0.2848,1,-0.6557,0
2019-09-24,sh.600011,5.30460975,5.3484495,5.2958418,5.3133777,5.3133777,13492360,81918248.0,0.1285,1,0.0,0
2019-09-25,sh.600011,5.32214565,5.3309136,5.23446615,5.23446615,5.3133777,19385901,116294653.0,0.1846,1,-1.4852,0
2019-09-26,sh.600011,5.25200205,5.26077,5.21693025,5.2256982,5.23446615,14603191,87058695.0,0.1391,1,-0.1675,0
2019-09-27,sh.600011,5.21693025,5.2256982,5.085411,5.1730905,5.2256982,31644102,185161736.0,0.3014,1,-1.0067,0
2019-09-30,sh.600011,5.1555546,5.1555546,5.085411,5.085411,5.1730905,17203287,100298437.0,0.1638,1,-1.6949,0
2019-10-08,sh.600011,5.09417895,5.1204828,5.04157125,5.1029469,5.085411,15549206,90182504.0,0.1481,1,0.3448,0
2019-10-09,sh.600011,5.0678751,5.09417895,5.05910715,5.085411,5.1029469,9004539,52170015.0,0.0858,1,-0.3436,0
2019-10-10,sh.600011,5.09417895,5.14678665,5.085411,5.1380187,5.085411,11020892,64449973.0,0.105,1,1.0345,0
2019-10-11,sh.600011,5.14678665,5.1555546,5.11171485,5.1380187,5.1380187,21031148,123108657.0,0.2003,1,0.0,0
2019-10-14,sh.600011,5.14678665,5.1555546,5.1029469,5.12925075,5.1380187,33705764,197192812.0,0.321,1,-0.1707,0
2019-10-15,sh.600011,5.1204828,5.1380187,5.09417895,5.1204828,5.12925075,15624874,91119925.0,0.1421,1,-0.1709,0
2019-10-16,sh.600011,5.12925075,5.14678665,5.09417895,5.1029469,5.1204828,14419344,84108924.0,0.1311,1,-0.3425,0
2019-10-17,sh.600011,5.09417895,5.1730905,5.085411,5.1555546,5.1029469,16857123,98814367.0,0.1533,1,1.0309,0
2019-10-18,sh.600011,5.1555546,5.1555546,5.0678751,5.07664305,5.1555546,18701241,108996304.0,0.17,1,-1.5306,0
2019-10-21,sh.600011,5.07664305,5.09417895,5.0328033,5.05910715,5.07664305,15517731,89485553.0,0.1411,1,-0.3454,0
2019-10-22,sh.600011,5.05910715,5.085411,4.98896355,5.04157125,5.05910715,20225585,116036334.0,0.1839,1,-0.3466,0
2019-10-23,sh.600011,5.1204828,5.3133777,5.11171485,5.28707385,5.04157125,57137265,340952890.0,0.5195,1,4.8696,0
2019-10-24,sh.600011,5.26077,5.2783059,5.11171485,5.12925075,5.28707385,42334289,249358465.0,0.3849,1,-2.9851,0
2019-10-25,sh.600011,5.1380187,5.1380187,5.04157125,5.07664305,5.12925075,28800691,166335548.0,0.2619,1,-1.0256,0
2019-10-28,sh.600011,5.05910715,5.1029469,5.0328033,5.09417895,5.07664305,25084867,145026555.0,0.2281,1,0.3454,0
2019-10-29,sh.600011,5.085411,5.09417895,5.0503392,5.05910715,5.09417895,14292203,82695570.0,0.13,1,-0.6885,0
2019-10-30,sh.600011,5.05910715,5.05910715,4.9977315,5.00649945,5.05910715,14628659,83709700.0,0.133,1,-1.0399,0
2019-10-31,sh.600011,4.9977315,5.0328033,4.98896355,4.9977315,5.00649945,11006251,62874602.0,0.1001,1,-0.1751,0
2019-11-01,sh.600011,4.9977315,5.0328033,4.9626597,5.0152674,4.9977315,13415010,76491541.0,0.122,1,0.3509,0
2019-11-04,sh.600011,5.0152674,5.0328033,4.98896355,5.0152674,5.0152674,12048437,68880485.0,0.1096,1,0.0,0
2019-11-05,sh.600011,5.00649945,5.0152674,4.9801956,5.00649945,5.0152674,21029668,119891683.0,0.1912,1,-0.1748,0
2019-11-06,sh.600011,5.00649945,5.09417895,4.9977315,5.0678751,5.00649945,21147876,121954913.0,0.1923,1,1.2259,0
2019-11-07,sh.600011,5.05910715,5.1204828,5.04157125,5.09417895,5.0678751,13291969,77215149.0,0.1209,1,0.519,0
2019-11-08,sh.600011,5.11171485,5.1204828,5.0152674,5.0328033,5.09417895,18761447,108263065.0,0.1706,1,-1.2048,0
2019-11-11,sh.600011,5.0152674,5.0328033,4.9626597,4.97142765,5.0328033,13370480,76166568.0,0.1216,1,-1.2195,0
2019-11-12,sh.600011,4.9626597,5.04157125,4.95389175,4.97142765,4.97142765,21221732,120866480.0,0.193,1,0.0,0
2019-11-13,sh.600011,4.9977315,4.9977315,4.8749802,4.9275879,4.97142765,23370058,131048644.0,0.2125,1,-0.8818,0
2019-11-14,sh.600011,4.90128405,4.91881995,4.84867635,4.84867635,4.9275879,15876143,88253823.0,0.1444,1,-1.6014,0
2019-11-15,sh.600011,4.84867635,4.84867635,4.734693,4.7697648,4.84867635,21268789,116277023.0,0.1934,1,-1.6275,0
2019-11-18,sh.600011,4.76099685,4.86621225,4.734693,4.84867635,4.7697648,13536025,74225085.0,0.1231,1,1.6544,0
2019-11-19,sh.600011,4.84867635,5.00649945,4.8223725,4.98896355,4.84867635,19135964,107912137.0,0.174,1,2.8933,0
2019-11-20,sh.600011,4.9801956,5.0678751,4.95389175,5.0328033,4.98896355,17066714,97847250.0,0.1552,1,0.8787,0
2019-11-21,sh.600011,5.0152674,5.14678665,4.9801956,5.12925075,5.0328033,29060001,169306162.0,0.2642,1,1.9164,0
2019-11-22,sh.600011,5.16432255,5.19939435,5.1029469,5.14678665,5.12925075,22015797,129326203.0,0.2002,1,0.3419,0
2019-11-25,sh.600011,5.1555546,5.2256982,5.1555546,5.21693025,5.14678665,24168410,143374271.0,0.2198,1,1.3629,0
2019-11-26,sh.600011,5.21693025,5.2432341,5.1380187,5.18185845,5.21693025,23462249,139289718.0,0.2133,1,-0.6723,0
2019-11-27,sh.600011,5.19939435,5.2432341,5.18185845,5.21693025,5.18185845,18575993,110616040.0,0.1689,1,0.6768,0
2019-11-28,sh.600011,5.2081623,5.2432341,5.1555546,5.2256982,5.21693025,12872031,76501762.0,0.117,1,0.1681,0
2019-11-29,sh.600011,5.26077,5.2783059,5.2256982,5.25200205,5.2256982,15814058,94687315.0,0.1438,1,0.5034,0
2019-12-02,sh.600011,5.2783059,5.37475335,5.26953795,5.3484495,5.25200205,25616946,155651414.0,0.2329,1,1.8364,0
2019-12-03,sh.600011,5.3484495,5.35721745,5.2783059,5.32214565,5.3484495,18413791,111343630.0,0.1674,1,-0.4918,0
2019-12-04,sh.600011,5.28707385,5.3484495,5.16432255,5.18185845,5.32214565,28477146,169669403.0,0.2589,1,-2.6359,0
2019-12-05,sh.600011,5.25200205,5.25200205,5.11171485,5.12925075,5.18185845,26234186,154372546.0,0.2385,1,-1.0152,0
2019-12-06,sh.600011,5.1380187,5.16432255,5.04157125,5.07664305,5.12925075,21006704,121829694.0,0.191,1,-1.0256,0
2019-12-09,sh.600011,5.04157125,5.12925075,5.0328033,5.11171485,5.07664305,23834974,138665264.0,0.2167,1,0.6908,0
2019-12-10,sh.600011,5.1204828,5.14678665,5.05910715,5.09417895,5.11171485,15909788,92493395.0,0.1447,1,-0.3431,0
2019-12-11,sh.600011,5.1029469,5.1029469,5.02403535,5.04157125,5.09417895,15210015,87533869.0,0.1383,1,-1.0327,0
2019-12-12,sh.600011,5.0328033,5.0503392,4.95389175,4.9801956,5.04157125,16765546,95639550.0,0.1524,1,-1.2174,0
2019-12-13,sh.600011,4.9977315,5.0328033,4.9801956,5.0328033,4.9801956,18362937,104960542.0,0.167,1,1.0563,0
2019-12-16,sh.600011,5.0328033,5.04157125,4.9801956,5.02403535,5.0328033,26936854,153787725.0,0.2449,1,-0.1742,0
2019-12-17,sh.600011,5.02403535,5.1204828,5.00649945,5.1029469,5.02403535,26584065,153633682.0,0.2417,1,1.5707,0
2019-12-18,sh.600011,5.085411,5.1204828,5.0678751,5.09417895,5.1029469,20718487,120296879.0,0.1884,1,-0.1718,0
2019-12-19,sh.600011,5.1029469,5.14678665,5.0678751,5.11171485,5.09417895,17590471,102516774.0,0.1599,1,0.3442,0
2019-12-20,sh.600011,5.085411,5.11171485,5.05910715,5.085411,5.11171485,13924331,80712297.0,0.1266,1,-0.5146,0
2019-12-23,sh.600011,5.05910715,5.05910715,4.9626597,4.97142765,5.085411,18887205,107713320.0,0.1717,1,-2.2414,0
2019-12-24,sh.600011,4.95389175,4.9977315,4.9451238,4.9801956,4.97142765,11617635,65812078.0,0.1056,1,0.1764,0
2019-12-25,sh.600011,4.97142765,4.9977315,4.9626597,4.9801956,4.9801956,8911960,50556018.0,0.081,1,0.0,0
2019-12-26,sh.600011,4.95389175,4.9977315,4.9451238,4.9977315,4.9801956,10823235,61423265.0,0.0984,1,0.3521,0
2019-12-27,sh.600011,4.98896355,5.02403535,4.8925161,4.90128405,4.9977315,42110272,237938141.0,0.3829,1,-1.9298,0
2019-12-30,sh.600011,4.8925161,4.91881995,4.8223725,4.88374815,4.90128405,43624362,242195541.0,0.3967,1,-0.3578,0
2019-12-31,sh.600011,4.8749802,4.90128405,4.8223725,4.8925161,4.88374815,49925841,276243376.0,0.454,1,0.1795,0
2020-01-02,sh.600011,4.91881995,4.98896355,4.910052,4.9451238,4.8925161,47080324,266131906.0,0.4281,1,1.0753,0
2020-01-03,sh.600011,4.9626597,4.98896355,4.9275879,4.9451238,4.9451238,28408956,160477248.0,0.2583,1,0.0,0
2020-01-06,sh.600011,4.9275879,4.97142765,4.910052,4.95389175,4.9451238,39020143,220215936.0,0.3548,1,0.1773,0
2020-01-07,sh.600011,4.95389175,4.98896355,4.93635585,4.98896355,4.95389175,41602527,235498504.0,0.3783,1,0.708,0
2020-01-08,sh.600011,4.97142765,4.98896355,4.8749802,4.90128405,4.98896355,41327482,232306708.0,0.3758,1,-1.7575,0
2020-01-09,sh.600011,4.91881995,4.95389175,4.90128405,4.9275879,4.90128405,25346910,142378867.0,0.2305,1,0.5367,0
2020-01-10,sh.600011,4.9275879,4.93635585,4.88374815,4.90128405,4.9275879,16454165,92057119.0,0.1496,1,-0.5338,0
2020-01-13,sh.600011,4.8925161,4.91881995,4.86621225,4.91881995,4.90128405,16022295,89490599.0,0.1457,1,0.3578,0
2020-01-14,sh.600011,4.9275879,4.97142765,4.91881995,4.9626597,4.91881995,28728716,162307058.0,0.2612,1,0.8913,0
2020-01-15,sh.600011,4.9626597,4.97142765,4.8925161,4.910052,4.9626597,19813276,111187267.0,0.1802,1,-1.0601,0
2020-01-16,sh.600011,4.910052,4.91881995,4.8399084,4.8574443,4.910052,25047964,139141656.0,0.2278,1,-1.0714,0
2020-01-17,sh.600011,4.86621225,4.88374815,4.83114045,4.8399084,4.8574443,17237342,95275010.0,0.1567,1,-0.361,0
2020-01-20,sh.600011,4.84867635,4.8574443,4.8223725,4.84867635,4.8399084,14261840,78706766.0,0.1297,1,0.1812,0
2020-01-21,sh.600011,4.8399084,4.84867635,4.7522289,4.77853275,4.84867635,28838827,157283994.0,0.2622,1,-1.4467,0
2020-01-22,sh.600011,4.7697648,4.8574443,4.72592505,4.8223725,4.77853275,28629451,156544991.0,0.2603,1,0.9174,0
2020-01-23,sh.600011,4.79606865,4.8399084,4.734693,4.74346095,4.8223725,27433052,149109580.0,0.2494,1,-1.6364,0
2020-02-03,sh.600011,4.26999165,4.34013525,4.26999165,4.26999165,4.74346095,36994591,180414741.0,0.3364,1,-9.9815,0
2020-02-04,sh.600011,4.11216855,4.46288655,4.11216855,4.26999165,4.26999165,36400000,178645757.0,0.331,1,0.0,0
2020-02-05,sh.600011,4.2962955,4.35767115,4.23491985,4.2787596,4.26999165,28509687,139895158.0,0.2592,1,0.2053,0
2020-02-06,sh.600011,4.30506345,4.32259935,4.25245575,4.3138314,4.2787596,23186611,113443612.0,0.2108,1,0.8197,0
2020-02-07,sh.600011,4.30506345,4.35767115,4.2612237,4.34013525,4.3138314,29898577,146229753.0,0.2719,1,0.6098,0
2020-02-10,sh.600011,4.30506345,4.34013525,4.2962955,4.3313673,4.34013525,27765669,136658712.0,0.2525,1,-0.202,0
2020-02-11,sh.600011,4.32259935,4.383975,4.2962955,4.32259935,4.3313673,34695963,171456968.0,0.3155,1,-0.2024,0
2020-02-12,sh.600011,4.32259935,4.34013525,4.26999165,4.3313673,4.32259935,38208546,187515224.0,0.3474,1,0.2028,0
2020-02-13,sh.600011,4.3138314,4.3313673,4.25245575,4.25245575,4.3313673,34588699,168997282.0,0.3145,1,-1.8219,0
2020-02-14,sh.600011,4.25245575,4.25245575,4.208616,4.2436878,4.25245575,28841187,139002636.0,0.2622,1,-0.2062,0
2020-02-17,sh.600011,4.23491985,4.32259935,4.21738395,4.32259935,4.2436878,36442661,177993973.0,0.3314,1,1.8595,0
2020-02-18,sh.600011,4.3138314,4.37520705,4.30506345,4.3313673,4.32259935,33538709,165815639.0,0.305,1,0.2028,0
2020-02-19,sh.600011,4.3138314,4.3313673,4.2962955,4.30506345,4.3313673,28242060,139005298.0,0.2568,1,-0.6073,0
2020-02-20,sh.600011,4.3138314,4.37520705,4.2962955,4.37520705,4.30506345,39160679,193706286.0,0.3561,1,1.6293,0
2020-02-21,sh.600011,4.3664391,4.42781475,4.3489032,4.383975,4.37520705,36944203,184727428.0,0.3359,1,0.2004,0
2020-02-24,sh.600011,4.37520705,4.37520705,4.2962955,4.32259935,4.383975,36699463,181148832.0,0.3337,1,-1.4,0
2020-02-25,sh.600011,4.2612237,4.2787596,4.21738395,4.2612237,4.32259935,31904675,154575049.0,0.2901,1,-1.4199,0
2020-02-26,sh.600011,4.2261519,4.3313673,4.208616,4.2962955,4.2612237,37149048,181228539.0,0.3378,1,0.823,0
2020-02-27,sh.600011,4.2962955,4.32259935,4.2787596,4.28752755,4.2962955,24090973,118138499.0,0.2191,1,-0.2041,0
2020-02-28,sh.600011,4.2436878,4.25245575,4.1209365,4.1209365,4.28752755,49895545,237360295.0,0.4537,1,-3.8855,0
2020-03-02,sh.600011,4.1209365,4.23491985,4.1209365,4.21738395,4.1209365,26689092,127882966.0,0.2427,1,2.3404,0
2020-03-03,sh.600011,4.2436878,4.2787596,4.2261519,4.23491985,4.21738395,24123596,116853115.0,0.2194,1,0.4158,0
2020-03-04,sh.600011,4.2261519,4.2962955,4.208616,4.28752755,4.23491985,25302823,123027888.0,0.2301,1,1.2422,0
2020-03-05,sh.600011,4.30506345,4.3489032,4.2962955,4.34013525,4.28752755,36208749,178746495.0,0.3292,1,1.227,0
2020-03-06,sh.600011,4.30506345,4.32259935,4.26999165,4.28752755,4.34013525,27812248,136085308.0,0.2529,1,-1.2121,0
2020-03-09,sh.600011,4.23491985,4.2436878,4.16477625,4.18231215,4.28752755,34576786,165581343.0,0.3144,1,-2.454,0
2020-03-10,sh.600011,4.1384724,4.23491985,4.12970445,4.23491985,4.18231215,25936986,124265134.0,0.2358,1,1.2579,0
2020-03-11,sh.600011,4.21738395,4.2787596,4.21738395,4.25245575,4.23491985,23426425,113581501.0,0.213,1,0.4141,0
2020-03-12,sh.600011,4.208616,4.2261519,4.1560083,4.1735442,4.25245575,19991487,95412062.0,0.1818,1,-1.8557,0
2020-03-13,sh.600011,4.05956085,4.12970445,4.0157211,4.1034006,4.1735442,25524143,118280513.0,0.2321,1,-1.6807,0
2020-03-16,sh.600011,4.1034006,4.16477625,4.0683288,4.07709675,4.1034006,26630654,125366503.0,0.2421,1,-0.641,0
2020-03-17,sh.600011,4.07709675,4.1209365,3.9981852,4.02448905,4.07709675,25307000,116687306.0,0.2301,1,-1.2903,0
2020-03-18,sh.600011,4.04202495,4.05956085,3.91927365,3.91927365,4.02448905,33945527,154352479.0,0.3087,1,-2.6144,0
2020-03-19,sh.600011,3.90173775,3.9105057,3.74391465,3.7877544,3.91927365,30603151,133075061.0,0.2783,1,-3.3557,0
2020-03-20,sh.600011,3.81405825,3.857898,3.77898645,3.83159415,3.7877544,19833738,86285104.0,0.1803,1,1.1574,0
2020-03-23,sh.600011,3.7877544,3.95434545,3.7702185,3.9105057,3.83159415,32998416,146208654.0,0.3,1,2.0595,0
2020-03-24,sh.600011,3.9455775,4.0507929,3.93680955,4.04202495,3.9105057,27398464,124641151.0,0.2491,1,3.3632,0
2020-03-25,sh.600011,4.1034006,4.1034006,4.02448905,4.0507929,4.04202495,19190827,88606203.0,0.1745,1,0.2169,0
2020-03-26,sh.600011,4.02448905,4.033257,3.9806493,3.9981852,4.0507929,14060250,64236051.0,0.1278,1,-1.2987,0
2020-03-27,sh.600011,4.02448905,4.0683288,3.9806493,4.02448905,3.9981852,16613386,76329389.0,0.1511,1,0.6579,0
2020-03-30,sh.600011,3.98941725,4.11216855,3.97188135,4.1034006,4.02448905,28457513,131998619.0,0.2588,1,1.9608,0
2020-03-31,sh.600011,4.1034006,4.16477625,4.07709675,4.11216855,4.1034006,22953278,107784095.0,0.2087,1,0.2137,0
2020-04-01,sh.600011,4.033257,4.1034006,3.9105057,3.91927365,4.11216855,33129969,151027471.0,0.3012,1,-4.6908,0
2020-04-02,sh.600011,3.90173775,3.9105057,3.8228262,3.88420185,3.91927365,25033917,110030239.0,0.2276,1,-0.8949,0
2020-04-03,sh.600011,3.8754339,3.8754339,3.7877544,3.79652235,3.88420185,19160288,83503876.0,0.1742,1,-2.2573,0
2020-04-07,sh.600011,3.83159415,3.84913005,3.8052903,3.83159415,3.79652235,30968206,134926865.0,0.2816,1,0.9238,0
2020-04-08,sh.600011,3.8052903,3.83159415,3.77898645,3.8228262,3.83159415,24362904,105669097.0,0.2215,1,-0.2288,0
2020-04-09,sh.600011,3.8228262,3.86666595,3.81405825,3.8403621,3.8228262,19651331,86023241.0,0.1787,1,0.4587,0
2020-04-10,sh.600011,3.84913005,3.84913005,3.77898645,3.8052903,3.8403621,13972461,60626514.0,0.127,1,-0.9132,0
2020-04-13,sh.600011,3.7877544,3.79652235,3.72637875,3.74391465,3.8052903,20344701,86947795.0,0.185,1,-1.6129,0
2020-04-14,sh.600011,3.7526826,3.77898645,3.7351467,3.77898645,3.74391465,15501542,66457370.0,0.141,1,0.9368,0
2020-04-15,sh.600011,3.7702185,3.77898645,3.7000749,3.70884285,3.77898645,25471844,108295070.0,0.2316,1,-1.8561,0
2020-04-16,sh.600011,3.69130695,3.7877544,3.67377105,3.7702185,3.70884285,26231991,112223270.0,0.2385,1,1.6549,0
2020-04-17,sh.600011,3.7526826,3.7702185,3.72637875,3.72637875,3.7702185,15704588,67050039.0,0.1428,1,-1.1628,0
2020-04-20,sh.600011,3.7351467,3.74391465,3.69130695,3.7000749,3.72637875,16966681,71602904.0,0.1543,1,-0.7059,0
2020-04-21,sh.600011,3.69130695,3.70884285,3.6474672,3.682539,3.7000749,17328566,72662681.0,0.1576,1,-0.4739,0
2020-04-22,sh.600011,3.67377105,3.70884285,3.6474672,3.682539,3.682539,20670265,86532871.0,0.188,1,0.0,0
2020-04-23,sh.600011,3.67377105,3.7351467,3.6650031,3.7000749,3.682539,28816576,121579616.0,0.262,1,0.4762,0
2020-04-24,sh.600011,3.7000749,3.70884285,3.6474672,3.6650031,3.7000749,18050859,75614225.0,0.1641,1,-0.9479,0
2020-04-27,sh.600011,3.6474672,3.7000749,3.6474672,3.682539,3.6650031,15340427,64369492.0,0.1395,1,0.4785,0
2020-04-28,sh.600011,3.682539,3.7000749,3.5597877,3.62116335,3.682539,27847428,114610735.0,0.2532,1,-1.6667,0
2020-04-29,sh.600011,3.60362745,3.6474672,3.58609155,3.6299313,3.62116335,12647760,52253994.0,0.115,1,0.2421,0
2020-04-30,sh.600011,3.65623515,3.7176108,3.65623515,3.7000749,3.6299313,17267414,72574383.0,0.157,1,1.9324,0
2020-05-06,sh.600011,3.6474672,3.70884285,3.63869925,3.7000749,3.7000749,21073404,88406543.0,0.1916,1,0.0,0
2020-05-07,sh.600011,3.7000749,3.857898,3.69130695,3.8052903,3.7000749,42658747,183541919.0,0.3879,1,2.8436,0
2020-05-08,sh.600011,3.77898645,3.8052903,3.7702185,3.77898645,3.8052903,21723028,93803244.0,0.1975,1,-0.6912,0
2020-05-11,sh.600011,3.7702185,3.8228262,3.76145055,3.7877544,3.77898645,23219966,100497879.0,0.2111,1,0.232,0
2020-05-12,sh.600011,3.77898645,3.79652235,3.72637875,3.76145055,3.7877544,17465882,75014927.0,0.1588,1,-0.6944,0
2020-05-13,sh.600011,3.76145055,3.8754339,3.7526826,3.857898,3.76145055,30728731,134453761.0,0.2794,1,2.5641,0
2020-05-14,sh.600011,3.857898,3.9280416,3.79652235,3.8052903,3.857898,21343968,93735488.0,0.1941,1,-1.3636,0
2020-05-15,sh.600011,3.8228262,3.8754339,3.79652235,3.8228262,3.8052903,21591287,94718432.0,0.1963,1,0.4608,0
2020-05-18,sh.600011,3.81405825,3.8403621,3.7877544,3.79652235,3.8228262,13826519,60164749.0,0.1257,1,-0.6881,0
2020-05-19,sh.600011,3.8052903,3.83159415,3.79652235,3.8052903,3.79652235,11129328,48362568.0,0.1012,1,0.231,0
2020-05-20,sh.600011,3.8052903,3.83159415,3.7877544,3.8228262,3.8052903,11940761,51954016.0,0.1086,1,0.4608,0
2020-05-21,sh.600011,3.8228262,3.8403621,3.72637875,3.74391465,3.8228262,19137796,82321917.0,0.174,1,-2.0642,0
2020-05-22,sh.600011,3.7351467,3.7526826,3.65623515,3.67377105,3.74391465,16054195,67489989.0,0.146,1,-1.8735,0
2020-05-25,sh.600011,3.67377105,3.77898645,3.65623515,3.7702185,3.67377105,20325355,86575571.0,0.1848,1,2.6253,0
2020-05-26,sh.600011,3.77898645,3.8929698,3.7702185,3.857898,3.7702185,34848888,153174145.0,0.3169,1,2.3256,0
2020-05-27,sh.600011,3.86666595,3.8929698,3.8228262,3.88420185,3.857898,27863852,122933582.0,0.2534,1,0.6818,0
2020-05-28,sh.600011,3.88420185,3.9280416,3.83159415,3.84913005,3.88420185,14406352,63614190.0,0.131,1,-0.9029,0
2020-05-29,sh.600011,3.857898,3.857898,3.7351467,3.79652235,3.84913005,26694732,115364366.0,0.2427,1,-1.3667,0
2020-06-01,sh.600011,3.79652235,3.857898,3.79652235,3.8403621,3.79652235,19717288,86190825.0,0.1793,1,1.1547,0
2020-06-02,sh.600011,3.83159415,3.86666595,3.8052903,3.857898,3.8403621,21478528,93801492.0,0.1953,1,0.4566,0
2020-06-03,sh.600011,3.8403621,3.8754339,3.81405825,3.8228262,3.857898,24016879,105142714.0,0.2184,1,-0.9091,0
2020-06-04,sh.600011,3.8403621,3.8403621,3.7351467,3.74391465,3.8228262,28742072,123550003.0,0.2613,1,-2.0642,0
2020-06-05,sh.600011,3.76145055,3.7702185,3.7351467,3.7702185,3.74391465,11474062,49111605.0,0.1043,1,0.7026,0
2020-06-08,sh.600011,3.7702185,3.8228262,3.76145055,3.79652235,3.7702185,24113271,104242142.0,0.2193,1,0.6977,0
2020-06-09,sh.600011,3.81405825,3.81405825,3.77898645,3.81405825,3.79652235,13774374,59700471.0,0.1252,1,0.4619,0
2020-06-10,sh.600011,3.81405825,3.81405825,3.72637875,3.7351467,3.81405825,20176413,86589528.0,0.1835,1,-2.069,0
2020-06-11,sh.600011,3.7351467,3.7351467,3.682539,3.7000749,3.7351467,17495640,73887986.0,0.1591,1,-0.939,0
2020-06-12,sh.600011,3.6650031,3.69130695,3.6474672,3.69130695,3.7000749,27642980,115473216.0,0.2514,1,-0.237,0
2020-06-15,sh.600011,3.6650031,3.682539,3.62116335,3.6299313,3.69130695,20576446,85734791.0,0.1871,1,-1.6627,0
2020-06-16,sh.600011,3.6474672,3.65623515,3.62116335,3.6474672,3.6299313,18402457,76376307.0,0.1673,1,0.4831,0
2020-06-17,sh.600011,3.6474672,3.6474672,3.6299313,3.63869925,3.6474672,11816421,49005412.0,0.1074,1,-0.2404,0
2020-06-18,sh.600011,3.63869925,3.7351467,3.63869925,3.7176108,3.63869925,28548811,120304482.0,0.2596,1,2.1687,0
2020-06-19,sh.600011,3.7176108,3.76145055,3.70884285,3.74391465,3.7176108,26924393,114985483.0,0.2448,1,0.7076,0
2020-06-22,sh.600011,3.74391465,3.76145055,3.7000749,3.7176108,3.74391465,22449279,95464459.0,0.2041,1,-0.7026,0
2020-06-23,sh.600011,3.7176108,3.72637875,3.67377105,3.69130695,3.7176108,11372409,47897365.0,0.1034,1,-0.7075,0
2020-06-24,sh.600011,3.7176108,3.72637875,3.682539,3.69130695,3.69130695,11889700,50235858.0,0.1081,1,0.0,0
2020-06-29,sh.600011,3.682539,3.70884285,3.65623515,3.67377105,3.69130695,13782323,57906744.0,0.1253,1,-0.4751,0
2020-06-30,sh.600011,3.69130695,3.70884285,3.67377105,3.7000749,3.67377105,14577996,61401410.0,0.1326,1,0.716,0
2020-07-01,sh.600011,3.69130695,3.7351467,3.67377105,3.72637875,3.7000749,14375772,60729434.0,0.1307,1,0.7109,0
2020-07-02,sh.600011,3.72637875,3.84913005,3.72637875,3.8403621,3.72637875,38806678,168004971.0,0.3529,1,3.0588,0
2020-07-03,sh.600011,3.857898,3.9280416,3.857898,3.91927365,3.8403621,52296431,232908841.0,0.4755,1,2.0548,0
2020-07-06,sh.600011,3.96442462,4.21728086,3.93733288,4.19018912,3.91927172,79234850,360163787.0,0.7205,1,6.9124,0
2020-07-07,sh.600011,4.23534202,4.37080072,4.17212796,4.23534202,4.19018912,84602633,399063286.0,0.7693,1,1.0776,0
2020-07-08,sh.600011,4.20825028,4.2895255,4.17212796,4.2895255,4.23534202,60771176,285265577.0,0.5526,1,1.2793,0
2020-07-09,sh.600011,4.2895255,4.34370898,4.2443726,4.31661724,4.2895255,53844554,256227640.0,0.4896,1,0.6316,0
2020-07-10,sh.600011,4.30758666,4.31661724,4.23534202,4.23534202,4.31661724,40956206,193494501.0,0.3724,1,-1.8828,0
2020-07-13,sh.600011,4.23534202,4.30758666,4.22631144,4.28049492,4.23534202,38245841,180982782.0,0.3478,1,1.0661,0
2020-07-14,sh.600011,4.28049492,4.28049492,4.17212796,4.25340318,4.28049492,45370927,213056204.0,0.4125,1,-0.6329,0
2020-07-15,sh.600011,4.27146434,4.32564782,4.22631144,4.22631144,4.25340318,44067323,208499985.0,0.4007,1,-0.6369,0
2020-07-16,sh.600011,4.26243376,4.31661724,4.11794448,4.12697506,4.22631144,58928304,276618166.0,0.5358,1,-2.3504,0
2020-07-17,sh.600011,4.12697506,4.1992197,4.09988332,4.18115854,4.12697506,30075892,138252102.0,0.2735,1,1.3129,0
2020-07-20,sh.600011,4.1992197,4.50625942,4.1992197,4.49722884,4.18115854,84558149,409724771.0,0.7689,1,7.5594,0
2020-07-21,sh.600011,4.51529,4.5604429,4.34370898,4.38886188,4.49722884,51758166,253253737.41,0.4706,1,-2.4096,0
2020-07-22,sh.600011,4.41595362,4.41595362,4.31661724,4.32564782,4.38886188,36629122,176820482.01,0.3331,1,-1.4403,0
2020-07-23,sh.600011,4.31661724,4.32564782,4.20825028,4.30758666,4.32564782,34261988,161811052.62,0.3115,1,-0.4175,0
2020-07-24,sh.600011,4.29855608,4.31661724,4.13600564,4.20825028,4.30758666,36798449,172089734.41,0.3346,1,-2.3061,0
2020-07-27,sh.600011,4.19018912,4.29855608,4.16309738,4.2895255,4.20825028,28706011,135022909.49,0.261,1,1.9313,0
2020-07-28,sh.600011,4.26243376,4.32564782,4.23534202,4.27146434,4.2895255,23893766,112952019.64,0.2173,1,-0.4211,0
2020-07-29,sh.600011,4.26243376,4.2895255,4.19018912,4.25340318,4.27146434,27075446,126744728.65,0.2462,1,-0.4228,0
2020-07-30,sh.600011,4.2443726,4.27146434,4.21728086,4.25340318,4.25340318,17485403,82095554.49,0.159,1,0.0,0
2020-07-31,sh.600011,4.23534202,4.26243376,4.18115854,4.23534202,4.25340318,27870395,130599422.51,0.2534,1,-0.4246,0
2020-08-03,sh.600011,4.2443726,4.27146434,4.22631144,4.26243376,4.23534202,21719053,102302384.13,0.1975,1,0.6397,0
2020-08-04,sh.600011,4.25340318,4.28049492,4.17212796,4.23534202,4.26243376,41625701,194748287.92,0.3785,1,-0.6356,0
2020-08-05,sh.600011,4.22631144,4.23534202,4.17212796,4.1992197,4.23534202,16795451,78039627.3,0.1527,1,-0.8529,0
2020-08-06,sh.600011,4.18115854,4.20825028,4.1089139,4.1540668,4.1992197,23790288,109507558.82,0.2163,1,-1.0753,0
2020-08-07,sh.600011,4.16309738,4.16309738,4.1089139,4.12697506,4.1540668,18808584,86084770.16,0.171,1,-0.6522,0
2020-08-10,sh.600011,4.12697506,4.1992197,4.11794448,4.18115854,4.12697506,19938777,92097213.27,0.1813,1,1.3129,0
2020-08-11,sh.600011,4.19018912,4.22631144,4.13600564,4.13600564,4.18115854,20707962,96123752.87,0.1883,1,-1.0799,0
2020-08-12,sh.600011,4.13600564,4.29855608,4.1089139,4.28049492,4.13600564,42070016,196234544.79,0.3825,1,3.4934,0
2020-08-13,sh.600011,4.27146434,4.40692304,4.27146434,4.34370898,4.28049492,48755625,234855699.33,0.4433,1,1.4768,0
2020-08-14,sh.600011,4.35273956,4.38886188,4.31661724,4.36177014,4.34370898,30151785,145648314.56,0.2742,1,0.4158,0
2020-08-17,sh.600011,4.3798313,4.54238174,4.3798313,4.52432058,4.36177014,47966024,238347527.16,0.4361,1,3.7267,0
2020-08-18,sh.600011,4.53335116,4.6507487,4.52432058,4.58753464,4.52432058,46691835,237046702.33,0.4246,1,1.3972,0
2020-08-19,sh.600011,4.75911566,5.04809422,4.71396276,5.04809422,4.58753464,106571134,583013885.04,0.969,1,10.0394,0
2020-08-20,sh.600011,5.30998104,5.5538067,5.15646118,5.3280422,5.04809422,285279520,1707647684.92,2.594,1,5.5456,0
2020-08-21,sh.600011,5.20161408,5.6441125,5.07518596,5.5989596,5.3280422,209261688,1252440593.59,1.9028,1,5.0847,0
2020-08-24,sh.600011,5.5086538,5.56283728,5.21967524,5.40931742,5.5989596,123438882,734429010.86,1.1224,1,-3.3871,0
2020-08-25,sh.600011,5.2828893,5.30095046,5.03003306,5.0571248,5.40931742,103011959,586152399.41,0.9367,1,-6.5109,0
2020-08-26,sh.600011,5.0571248,5.20161408,4.93972726,5.1022777,5.0571248,73832822,412634209.59,0.6713,1,0.8929,0
2020-08-27,sh.600011,5.03906364,5.06615538,4.79523798,4.90360494,5.1022777,65301814,353889583.3,0.5938,1,-3.8938,0
2020-08-28,sh.600011,4.91263552,5.07518596,4.81329914,5.03003306,4.90360494,50289450,276691858.25,0.4573,1,2.5783,0
2020-08-31,sh.600011,5.0119719,5.08421654,4.966819,4.97584958,5.03003306,37995482,211217338.35,0.3455,1,-1.0772,0
2020-09-01,sh.600011,4.99391074,5.29191988,4.91263552,5.2828893,4.97584958,78997581,448597393.29,0.7183,1,6.1706,0
2020-09-02,sh.600011,5.22870582,5.2828893,5.1022777,5.21967524,5.2828893,40877206,235130343.86,0.3717,1,-1.1966,0
2020-09-03,sh.600011,5.22870582,5.27385872,5.0119719,5.1474306,5.21967524,44947574,256790356.22,0.4087,1,-1.3841,0
2020-09-04,sh.600011,5.0571248,5.25579756,4.97584958,5.00294132,5.1474306,38463298,216247497.95,0.3497,1,-2.807,0
2020-09-07,sh.600011,5.02100248,5.0571248,4.88554378,4.9216661,5.00294132,28700485,158324974.85,0.261,1,-1.6245,0
2020-09-08,sh.600011,4.9216661,5.21064466,4.8765132,5.11130828,4.9216661,38512495,216122776.67,0.3502,1,3.8532,0
2020-09-09,sh.600011,5.0571248,5.20161408,5.03906364,5.13840002,5.11130828,28237384,160861602.54,0.2568,1,0.53,0
2020-09-10,sh.600011,5.1474306,5.38222568,5.09324712,5.30998104,5.13840002,47304320,276312419.56,0.4301,1,3.3392,0
2020-09-11,sh.600011,5.2828893,5.29191988,5.08421654,5.26482814,5.30998104,31205463,179027296.24,0.2837,1,-0.8503,0
2020-09-14,sh.600011,5.21064466,5.31901162,5.15646118,5.2828893,5.26482814,36633052,212430945.27,0.3331,1,0.3431,0
2020-09-15,sh.600011,5.30095046,5.30095046,5.12936944,5.17452234,5.2828893,21150154,121465811.07,0.1923,1,-2.0513,0
2020-09-16,sh.600011,5.1474306,5.1925835,5.08421654,5.16549176,5.17452234,17028648,96947199.61,0.1548,1,-0.1745,0
2020-09-17,sh.600011,5.16549176,5.16549176,5.03003306,5.04809422,5.16549176,14171682,80019470.46,0.1289,1,-2.2727,0
2020-09-18,sh.600011,5.1022777,5.2377364,5.04809422,5.2377364,5.04809422,21395285,122024092.81,0.1945,1,3.7567,0
2020-09-21,sh.600011,5.21064466,5.25579756,5.0119719,5.04809422,5.2377364,30212800,169936143.7,0.2747,1,-3.6207,0
2020-09-22,sh.600011,5.02100248,5.04809422,4.94875784,4.98488016,5.04809422,13595691,75063481.59,0.1236,1,-1.2522,0
2020-09-23,sh.600011,4.966819,5.00294132,4.91263552,4.93069668,4.98488016,13230738,72458430.17,0.1203,1,-1.087,0
2020-09-24,sh.600011,4.91263552,4.95778842,4.77717682,4.8313603,4.93069668,17214984,92124656.49,0.1565,1,-2.0147,0
2020-09-25,sh.600011,4.84039088,4.94875784,4.79523798,4.93069668,4.8313603,14057885,75988730.07,0.1278,1,2.0561,0
2020-09-28,sh.600011,4.93069668,4.95778842,4.85845204,4.86748262,4.93069668,8559989,46513020.56,0.0778,1,-1.2821,0
2020-09-29,sh.600011,4.89457436,4.89457436,4.76814624,4.7862074,4.86748262,17957290,95639170.44,0.1633,1,-1.6698,0
2020-09-30,sh.600011,4.75911566,4.94875784,4.75911566,4.88554378,4.7862074,18302057,98862323.93,0.1664,1,2.0755,0
2020-10-09,sh.600011,4.88554378,5.02100248,4.86748262,4.88554378,4.88554378,19430140,106080722.88,0.1767,1,0.0,0
2020-10-12,sh.600011,4.91263552,4.99391074,4.84942146,4.966819,4.88554378,19832869,108420392.88,0.1803,1,1.6636,0
2020-10-13,sh.600011,4.95778842,4.966819,4.77717682,4.90360494,4.966819,28631073,153928347.75,0.2603,1,-1.2727,0
2020-10-14,sh.600011,4.88554378,4.88554378,4.71396276,4.73202392,4.90360494,31828770,168184068.99,0.2894,1,-3.4991,0
2020-10-15,sh.600011,4.75911566,4.76814624,4.64171812,4.67784044,4.73202392,28623974,148311043.86,0.2603,1,-1.145,0
2020-10-16,sh.600011,4.67784044,4.84942146,4.64171812,4.76814624,4.67784044,22273694,117606057.98,0.2025,1,1.9305,0
2020-10-19,sh.600011,4.75008508,4.80426856,4.63268754,4.66880986,4.76814624,22493433,117244211.95,0.2045,1,-2.0833,0
2020-10-20,sh.600011,4.6507487,4.76814624,4.6507487,4.72299334,4.66880986,18107694,94868021.92,0.1646,1,1.1605,0
2020-10-21,sh.600011,4.71396276,4.75008508,4.63268754,4.64171812,4.72299334,15938608,82296200.85,0.1449,1,-1.7208,0
2020-10-22,sh.600011,4.63268754,4.65977928,4.52432058,4.53335116,4.64171812,22896140,115798185.93,0.2082,1,-2.3346,0
2020-10-23,sh.600011,4.55141232,4.5604429,4.4701371,4.47916768,4.53335116,14759218,73800010.69,0.1342,1,-1.1952,0
2020-10-26,sh.600011,4.51529,4.76814624,4.4701371,4.7410545,4.47916768,48375816,247711276.86,0.4399,1,5.8468,0
2020-10-27,sh.600011,4.70493218,4.71396276,4.53335116,4.58753464,4.7410545,35389129,181131901.24,0.3218,1,-3.2381,0
2020-10-28,sh.600011,4.65977928,4.6959016,4.48819826,4.51529,4.58753464,38412209,193468266.04,0.3493,1,-1.5748,0
2020-10-29,sh.600011,4.51529,4.59656522,4.4701371,4.50625942,4.51529,28823696,144253622.59,0.2621,1,-0.2,0
2020-10-30,sh.600011,4.49722884,4.54238174,4.38886188,4.40692304,4.50625942,20919121,103423335.1,0.1902,1,-2.2044,0
2020-11-02,sh.600011,4.40692304,4.4249842,4.22631144,4.26243376,4.40692304,46409785,220221955.59,0.422,1,-3.2787,0
2020-11-03,sh.600011,4.28049492,4.54238174,4.27146434,4.50625942,4.26243376,39628069,195981323.95,0.3603,1,5.7203,0
2020-11-04,sh.600011,4.49722884,4.53335116,4.36177014,4.3798313,4.50625942,20642893,100959900.06,0.1877,1,-2.8056,0
2020-11-05,sh.600011,4.38886188,4.52432058,4.3798313,4.46110652,4.3798313,21456546,105721394.66,0.1951,1,1.8557,0
2020-11-06,sh.600011,4.46110652,4.71396276,4.45207594,4.64171812,4.46110652,38041778,194543289.97,0.3459,1,4.0486,0
2020-11-09,sh.600011,4.6507487,4.73202392,4.57850406,4.65977928,4.64171812,37212723,191376226.61,0.3384,1,0.3891,0
2020-11-10,sh.600011,4.65977928,4.7410545,4.62365696,4.64171812,4.65977928,23566309,122137740.76,0.2143,1,-0.3876,0
2020-11-11,sh.600011,4.62365696,4.7410545,4.59656522,4.71396276,4.64171812,27325364,141566894.04,0.2485,1,1.5564,0
2020-11-12,sh.600011,4.68687102,4.6959016,4.53335116,4.57850406,4.71396276,29399324,149286634.67,0.2673,1,-2.8736,0
2020-11-13,sh.600011,4.58753464,4.58753464,4.4701371,4.52432058,4.57850406,17590022,87874968.04,0.1599,1,-1.1834,0
2020-11-16,sh.600011,4.52432058,4.61462638,4.50625942,4.5604429,4.52432058,28096670,141428256.05,0.2555,1,0.7984,0
2020-11-17,sh.600011,4.55141232,4.64171812,4.55141232,4.59656522,4.5604429,26201507,133212453.25,0.2382,1,0.7921,0
2020-11-18,sh.600011,4.57850406,4.6507487,4.54238174,4.62365696,4.59656522,30701358,156533801.17,0.2792,1,0.5894,0
2020-11-19,sh.600011,4.61462638,4.61462638,4.5604429,4.56947348,4.62365696,15059115,76331926.35,0.1369,1,-1.1719,0
2020-11-20,sh.600011,4.5604429,4.6055958,4.54238174,4.58753464,4.56947348,11963374,60560079.93,0.1088,1,0.3953,0
2020-11-23,sh.600011,4.58753464,4.65977928,4.5604429,4.63268754,4.58753464,27438249,140112436.19,0.2495,1,0.9843,0
2020-11-24,sh.600011,4.64171812,4.64171812,4.53335116,4.5604429,4.63268754,27375545,138768705.18,0.2489,1,-1.5595,0
2020-11-25,sh.600011,4.59656522,4.66880986,4.5604429,4.56947348,4.5604429,29375724,150114170.16,0.2671,1,0.198,0
2020-11-26,sh.600011,4.5604429,4.75911566,4.53335116,4.7410545,4.56947348,58716554,304155182.79,0.5339,1,3.7549,0
2020-11-27,sh.600011,4.70493218,4.7410545,4.58753464,4.65977928,4.7410545,46041760,236225589.41,0.4186,1,-1.7143,0
2020-11-30,sh.600011,4.6507487,4.75008508,4.61462638,4.64171812,4.65977928,48592634,252685047.87,0.4418,1,-0.3876,0
2020-12-01,sh.600011,4.63268754,4.64171812,4.57850406,4.6055958,4.64171812,47871233,243519316.2,0.4353,1,-0.7782,0
2020-12-02,sh.600011,4.59656522,4.6055958,4.54238174,4.5604429,4.6055958,33647837,170040409.11,0.306,1,-0.9804,0
2020-12-03,sh.600011,4.56947348,4.56947348,4.49722884,4.51529,4.5604429,36374090,181915230.21,0.3307,1,-0.9901,0
2020-12-04,sh.600011,4.51529,4.51529,4.43401478,4.4701371,4.51529,28272784,139522937.97,0.2571,1,-1.0,0
2020-12-07,sh.600011,4.46110652,4.4701371,4.37080072,4.3798313,4.4701371,32002769,155925568.59,0.291,1,-2.0202,0
2020-12-08,sh.600011,4.3798313,4.40692304,4.35273956,4.3798313,4.3798313,18730820,90644654.11,0.1703,1,0.0,0
2020-12-09,sh.600011,4.3798313,4.38886188,4.28049492,4.28049492,4.3798313,25191566,120674373.36,0.2291,1,-2.268,0
2020-12-10,sh.600011,4.3346784,4.3346784,4.26243376,4.28049492,4.28049492,16526855,78337625.48,0.1503,1,0.0,0
2020-12-11,sh.600011,4.27146434,4.28049492,4.09988332,4.13600564,4.28049492,34325660,158424542.62,0.3121,1,-3.3755,0
2020-12-14,sh.600011,4.13600564,4.1992197,4.09988332,4.14503622,4.13600564,29852067,136891914.91,0.2714,1,0.2183,0
2020-12-15,sh.600011,4.14503622,4.14503622,4.0186081,4.05473042,4.14503622,40654818,181911160.04,0.3697,1,-2.1786,0
2020-12-16,sh.600011,4.03666926,4.063761,3.98248578,4.00054694,4.05473042,30845791,137206095.25,0.2805,1,-1.3363,0
2020-12-17,sh.600011,3.99151636,4.1089139,3.9734552,4.09085274,4.00054694,40662195,183007265.96,0.3697,1,2.2573,0
2020-12-18,sh.600011,4.12697506,4.3798313,4.1089139,4.25340318,4.09085274,74835818,354076909.61,0.6805,1,3.9735,0
2020-12-21,sh.600011,4.23534202,4.28049492,4.17212796,4.20825028,4.25340318,37583618,175484364.0,0.3417,1,-1.0616,0
2020-12-22,sh.600011,4.17212796,4.19018912,4.063761,4.09988332,4.20825028,36882784,168229042.03,0.3354,1,-2.5751,0
2020-12-23,sh.600011,4.063761,4.16309738,4.05473042,4.14503622,4.09988332,33188960,151026857.16,0.3018,1,1.1013,0
2020-12-24,sh.600011,4.16309738,4.19018912,4.1089139,4.13600564,4.14503622,31185243,143149462.74,0.2836,1,-0.2179,0
2020-12-25,sh.600011,4.1089139,4.29855608,4.09988332,4.27146434,4.13600564,46302501,217060023.39,0.421,1,3.2751,0
2020-12-28,sh.600011,4.30758666,4.37080072,4.19018912,4.26243376,4.27146434,63761784,301807286.18,0.5798,1,-0.2114,0
2020-12-29,sh.600011,4.25340318,4.25340318,4.12697506,4.12697506,4.26243376,58279165,268329202.49,0.5299,1,-3.178,0
2020-12-30,sh.600011,4.16309738,4.1992197,4.08182216,4.09085274,4.12697506,49720403,226865091.6,0.4521,1,-0.8753,0
2020-12-31,sh.600011,4.09085274,4.11794448,4.03666926,4.04569984,4.09085274,69427904,312837717.87,0.6313,1,-1.1038,0
2021-01-04,sh.600011,4.063761,4.09988332,4.00957752,4.063761,4.04569984,65106157,292012036.21,0.592,1,0.4464,0
2021-01-05,sh.600011,4.063761,4.063761,3.94636346,3.9734552,4.063761,70314580,309307438.08,0.6394,1,-2.2222,0
2021-01-06,sh.600011,3.9734552,4.00054694,3.90121056,4.00054694,3.9734552,50189396,219294801.8,0.4564,1,0.6818,0
2021-01-07,sh.600011,3.9734552,4.03666926,3.93733288,3.9734552,4.00054694,47559805,209339747.74,0.4325,1,-0.6772,0
2021-01-08,sh.600011,3.9734552,4.063761,3.94636346,4.03666926,3.9734552,45184519,201130307.51,0.4109,1,1.5909,0
2021-01-11,sh.600011,4.03666926,4.05473042,3.90121056,3.9283023,4.03666926,51545147,225874469.36,0.4687,1,-2.6846,0
2021-01-12,sh.600011,3.89217998,3.95539404,3.89217998,3.93733288,3.9283023,26579611,115201606.99,0.2417,1,0.2299,0
2021-01-13,sh.600011,3.91024114,4.08182216,3.8831494,4.063761,3.93733288,60115992,266649485.26,0.5466,1,3.211,0
2021-01-14,sh.600011,4.04569984,4.1992197,4.02763868,4.08182216,4.063761,56178675,256242406.63,0.5108,1,0.4444,0
2021-01-15,sh.600011,4.063761,4.14503622,4.0186081,4.02763868,4.08182216,38702358,174204216.99,0.3519,1,-1.3274,0
2021-01-18,sh.600011,4.04569984,4.063761,4.00957752,4.0186081,4.02763868,33698142,150349530.23,0.3064,1,-0.2242,0
2021-01-19,sh.600011,4.02763868,4.12697506,3.99151636,4.11794448,4.0186081,45442411,204734934.92,0.4132,1,2.4719,0
2021-01-20,sh.600011,4.11794448,4.14503622,4.04569984,4.07279158,4.11794448,41066624,185607897.78,0.3734,1,-1.0965,0
2021-01-21,sh.600011,4.05473042,4.063761,4.00957752,4.00957752,4.07279158,34047542,151945920.45,0.3096,1,-1.5521,0
2021-01-22,sh.600011,4.00957752,4.02763868,3.9283023,3.94636346,4.00957752,30008372,131562632.72,0.2729,1,-1.5766,0
2021-01-25,sh.600011,3.9283023,3.93733288,3.85605766,3.87411882,3.94636346,34149400,147390408.19,0.3105,1,-1.8307,0
2021-01-26,sh.600011,3.8831494,3.91024114,3.84702708,3.86508824,3.87411882,28638318,122518777.42,0.2604,1,-0.2331,0
2021-01-27,sh.600011,3.86508824,3.91927172,3.82896592,3.8379965,3.86508824,31317792,133859590.8,0.2848,1,-0.7009,0
2021-01-28,sh.600011,3.81993534,3.84702708,3.75672128,3.7928436,3.8379965,34769509,146066754.55,0.3162,1,-1.1765,0
2021-01-29,sh.600011,3.80187418,3.82896592,3.73866012,3.76575186,3.7928436,27360778,114528148.9,0.2488,1,-0.7143,0
2021-02-01,sh.600011,3.76575186,3.7928436,3.60320142,3.64835432,3.76575186,80244420,324483200.18,0.7296,1,-3.1175,0
2021-02-02,sh.600011,3.63932374,3.68447664,3.58514026,3.60320142,3.64835432,54707645,219532254.83,0.4974,1,-1.2376,0
2021-02-03,sh.600011,3.59417084,3.60320142,3.50386504,3.51289562,3.60320142,51106067,200460010.78,0.4647,1,-2.5063,0
2021-02-04,sh.600011,3.49483446,3.53095678,3.4316204,3.46774272,3.51289562,36917774,141932674.08,0.3357,1,-1.2853,0
2021-02-05,sh.600011,3.46774272,3.5219262,3.44968156,3.49483446,3.46774272,25408467,98123627.02,0.231,1,0.7813,0
2021-02-08,sh.600011,3.49483446,3.50386504,3.4316204,3.44065098,3.49483446,39159509,149745223.05,0.3561,1,-1.5504,0
2021-02-09,sh.600011,3.4316204,3.45871214,3.37743692,3.44968156,3.44065098,30308697,114603011.66,0.2756,1,0.2625,0
2021-02-10,sh.600011,3.44065098,3.4767733,3.41355924,3.46774272,3.44968156,24256095,92713022.82,0.2206,1,0.5236,0
2021-02-18,sh.600011,3.49483446,3.5670791,3.49483446,3.55804852,3.46774272,50281226,196455856.06,0.4572,1,2.6042,0
2021-02-19,sh.600011,3.5670791,3.68447664,3.5219262,3.66641548,3.55804852,56065522,224691730.36,0.5098,1,3.0457,0
2021-02-22,sh.600011,3.7025378,3.86508824,3.67544606,3.77478244,3.66641548,93534076,393043807.59,0.8505,1,2.9557,0
2021-02-23,sh.600011,3.8379965,3.8831494,3.7025378,3.71156838,3.77478244,56745664,237023664.52,0.516,1,-1.6746,0
2021-02-24,sh.600011,3.68447664,3.78381302,3.68447664,3.72962954,3.71156838,41967100,173478692.53,0.3816,1,0.4866,0
2021-02-25,sh.600011,3.75672128,3.81090476,3.72059896,3.75672128,3.72962954,42961552,179058349.08,0.3906,1,0.7264,0
2021-02-26,sh.600011,3.72059896,3.72962954,3.63029316,3.63932374,3.75672128,62245016,252892172.82,0.566,1,-3.125,0
2021-03-01,sh.600011,3.6573849,3.68447664,3.63029316,3.6573849,3.63932374,36156447,146465449.49,0.3288,1,0.4963,0
2021-03-02,sh.600011,3.67544606,3.75672128,3.6573849,3.68447664,3.6573849,50173911,205327915.19,0.4562,1,0.7407,0
2021-03-03,sh.600011,3.67544606,3.7476907,3.66641548,3.73866012,3.68447664,43808607,180075243.58,0.3983,1,1.4706,0
2021-03-04,sh.600011,3.72059896,3.91927172,3.71156838,3.8831494,3.73866012,100429127,426754271.45,0.9132,1,3.8647,0
2021-03-05,sh.600011,3.93733288,3.94636346,3.77478244,3.8379965,3.8831494,79566648,336900721.67,0.7235,1,-1.1628,0
2021-03-08,sh.600011,3.84702708,4.00957752,3.81090476,3.96442462,3.8379965,90263639,391192825.8,0.8207,1,3.2941,0
2021-03-09,sh.600011,3.9283023,3.93733288,3.80187418,3.86508824,3.96442462,63543785,272614541.36,0.5778,1,-2.5057,0
2021-03-10,sh.600011,3.84702708,3.91927172,3.81090476,3.84702708,3.86508824,46017056,196480902.86,0.4184,1,-0.4673,0
2021-03-11,sh.600011,3.84702708,3.93733288,3.81993534,3.93733288,3.84702708,54814942,236411156.1,0.4984,1,2.3474,0
2021-03-12,sh.600011,3.93733288,4.21728086,3.8831494,4.08182216,3.93733288,127410189,573061380.02,1.1585,1,3.6697,0
2021-03-15,sh.600011,4.063761,4.12697506,3.9734552,4.02763868,4.08182216,67785689,302873263.87,0.6164,1,-1.3274,0
2021-03-16,sh.600011,4.00957752,4.09988332,4.00054694,4.04569984,4.02763868,53326528,238802532.66,0.4849,1,0.4484,0
2021-03-17,sh.600011,4.05473042,4.05473042,3.90121056,3.91927172,4.04569984,63297375,276338992.6,0.5756,1,-3.125,0
2021-03-18,sh.600011,3.91024114,4.00957752,3.86508824,3.95539404,3.91927172,49918217,217854186.03,0.4539,1,0.9217,0
2021-03-19,sh.600011,3.91024114,4.09988332,3.89217998,4.04569984,3.95539404,79899188,356240241.6,0.7265,1,2.2831,0
2021-03-22,sh.600011,4.063761,4.3346784,4.05473042,4.29855608,4.04569984,138575551,648166504.56,1.26,1,6.25,0
2021-03-23,sh.600011,4.30758666,4.30758666,4.1089139,4.18115854,4.29855608,96618520,446937819.63,0.8785,1,-2.7311,0
2021-03-24,sh.600011,4.12697506,4.22631144,4.02763868,4.09085274,4.18115854,81877989,373766852.16,0.7445,1,-2.1598,0
2021-03-25,sh.600011,4.09085274,4.12697506,3.85605766,3.8831494,4.09085274,93542941,408684399.14,0.8506,1,-5.0773,0
2021-03-26,sh.600011,3.86508824,4.00957752,3.86508824,3.94636346,3.8831494,57964147,254119124.22,0.5271,1,1.6279,0
2021-03-29,sh.600011,3.93733288,4.08182216,3.9283023,3.95539404,3.94636346,60911266,269307665.94,0.5539,1,0.2288,0
2021-03-30,sh.600011,3.9283023,3.93733288,3.80187418,3.87411882,3.95539404,64374039,274274980.15,0.5853,1,-2.0548,0
2021-03-31,sh.600011,3.8831494,4.03666926,3.81993534,3.98248578,3.87411882,83827290,367703897.79,0.7622,1,2.7972,0
2021-04-01,sh.600011,3.94636346,4.00957752,3.89217998,4.00054694,3.98248578,54939342,241107207.09,0.4996,1,0.4535,0
2021-04-02,sh.600011,3.96442462,3.98248578,3.8831494,3.90121056,4.00054694,49905133,216320683.88,0.4538,1,-2.4831,0
2021-04-06,sh.600011,3.90121056,3.9283023,3.85605766,3.86508824,3.90121056,36723655,157500115.41,0.3339,1,-0.9259,0
2021-04-07,sh.600011,3.86508824,3.96442462,3.8379965,3.89217998,3.86508824,52905193,228932162.39,0.4811,1,0.7009,0
2021-04-08,sh.600011,3.87411882,3.8831494,3.7928436,3.7928436,3.89217998,54227351,229500139.77,0.4931,1,-2.5522,0
2021-04-09,sh.600011,3.7928436,3.85605766,3.76575186,3.7928436,3.7928436,28066284,118532887.06,0.2552,1,0.0,0
2021-04-12,sh.600011,3.7928436,3.86508824,3.78381302,3.82896592,3.7928436,39821732,169007032.81,0.3621,1,0.9524,0
2021-04-13,sh.600011,3.82896592,3.82896592,3.72962954,3.75672128,3.82896592,35151829,146105031.42,0.3196,1,-1.8868,0
2021-04-14,sh.600011,3.7476907,3.76575186,3.71156838,3.76575186,3.75672128,20046060,83072303.73,0.1823,1,0.2404,0
2021-04-15,sh.600011,3.75672128,3.75672128,3.66641548,3.68447664,3.76575186,29680722,121451950.34,0.2699,1,-2.1583,0
2021-04-16,sh.600011,3.71156838,3.73866012,3.68447664,3.72962954,3.68447664,18396125,75782783.33,0.1673,1,1.2255,0
2021-04-19,sh.600011,3.72962954,3.77478244,3.72059896,3.76575186,3.72962954,30281315,125934148.82,0.2753,1,0.9685,0
2021-04-20,sh.600011,3.76575186,3.78381302,3.7476907,3.76575186,3.76575186,19152503,79832241.78,0.1741,1,0.0,0
2021-04-21,sh.600011,3.75672128,3.75672128,3.7025378,3.7025378,3.76575186,19105622,78610695.68,0.1737,1,-1.6787,0
2021-04-22,sh.600011,3.71156838,3.73866012,3.69350722,3.7025378,3.7025378,13061606,53675363.6,0.1188,1,0.0,0
2021-04-23,sh.600011,3.69350722,3.7025378,3.64835432,3.67544606,3.7025378,21977608,89259431.49,0.1998,1,-0.7317,0
2021-04-26,sh.600011,3.66641548,3.68447664,3.63029316,3.64835432,3.67544606,23177357,93624902.24,0.2107,1,-0.7371,0
2021-04-27,sh.600011,3.64835432,3.6573849,3.58514026,3.59417084,3.64835432,25061644,99978767.89,0.2279,1,-1.4851,0
2021-04-28,sh.600011,3.6573849,3.78381302,3.63932374,3.78381302,3.59417084,63954200,264900538.59,0.5815,1,5.2764,0
2021-04-29,sh.600011,3.76575186,3.85605766,3.75672128,3.81993534,3.78381302,46017304,194157315.19,0.4184,1,0.9547,0
2021-04-30,sh.600011,3.84702708,3.84702708,3.77478244,3.81090476,3.81993534,41044815,173543563.77,0.3732,1,-0.2364,0
2021-05-06,sh.600011,3.8379965,3.85605766,3.78381302,3.81993534,3.81090476,30826902,130123949.89,0.2803,1,0.237,0
2021-05-07,sh.600011,3.7928436,3.87411882,3.78381302,3.84702708,3.81993534,28998627,123104466.28,0.2637,1,0.7092,0
2021-05-10,sh.600011,3.84702708,3.87411882,3.81993534,3.86508824,3.84702708,36159032,154111625.36,0.3288,1,0.4695,0
2021-05-11,sh.600011,3.85605766,3.89217998,3.82896592,3.85605766,3.86508824,27287247,116384940.93,0.2481,1,-0.2336,0
2021-05-12,sh.600011,3.84702708,3.85605766,3.77478244,3.82896592,3.85605766,28534781,120570901.27,0.2595,1,-0.7026,0
2021-05-13,sh.600011,3.80187418,3.86508824,3.77478244,3.7928436,3.82896592,27782991,117039558.39,0.2526,1,-0.9434,0
2021-05-14,sh.600011,3.80187418,3.82896592,3.77478244,3.81993534,3.7928436,21885400,92284728.0,0.199,1,0.7143,0
2021-05-17,sh.600011,3.81993534,3.85605766,3.7928436,3.81090476,3.81993534,24693467,104546987.7,0.2245,1,-0.2364,0
2021-05-18,sh.600011,3.81090476,3.82896592,3.78381302,3.81993534,3.81090476,17635890,74282607.31,0.1604,1,0.237,0
2021-05-19,sh.600011,3.81090476,3.8379965,3.7928436,3.7928436,3.81993534,16062900,67703692.0,0.1461,1,-0.7092,0
2021-05-20,sh.600011,3.81090476,3.81090476,3.73866012,3.75672128,3.7928436,23662204,98463931.64,0.2152,1,-0.9524,0
2021-05-21,sh.600011,3.7476907,3.86508824,3.72962954,3.84702708,3.75672128,42450934,179249992.48,0.386,1,2.4038,0
2021-05-24,sh.600011,3.84702708,3.90121056,3.80187418,3.81993534,3.84702708,35699943,151758104.23,0.3246,1,-0.7042,0
2021-05-25,sh.600011,3.81090476,3.8379965,3.75672128,3.81993534,3.81993534,34447200,144902139.95,0.3132,1,0.0,0
2021-05-26,sh.600011,3.80187418,3.87411882,3.80187418,3.84702708,3.81993534,28737837,122189530.91,0.2613,1,0.7092,0
2021-05-27,sh.600011,3.84702708,3.86508824,3.81993534,3.81993534,3.84702708,28414177,120803482.42,0.2584,1,-0.7042,0
2021-05-28,sh.600011,3.82896592,3.85605766,3.80187418,3.81993534,3.81993534,19459204,82266266.42,0.1769,1,0.0,0
2021-05-31,sh.600011,3.81993534,3.82896592,3.77478244,3.80187418,3.81993534,21826124,91530180.86,0.1985,1,-0.4728,0
2021-06-01,sh.600011,3.80187418,3.80187418,3.7476907,3.76575186,3.80187418,24261443,101072734.47,0.2206,1,-0.9501,0
2021-06-02,sh.600011,3.76575186,3.80187418,3.7476907,3.7928436,3.76575186,27446897,114913314.11,0.2496,1,0.7194,0
2021-06-03,sh.600011,3.7928436,3.80187418,3.75672128,3.75672128,3.7928436,23810311,99335460.86,0.2165,1,-0.9524,0
2021-06-04,sh.600011,3.75672128,3.77478244,3.72059896,3.73866012,3.75672128,29244973,120973196.84,0.2659,1,-0.4808,0
2021-06-07,sh.600011,3.7476907,3.78381302,3.73866012,3.76575186,3.73866012,18156934,75591801.55,0.1651,1,0.7246,0
2021-06-08,sh.600011,3.7476907,3.77478244,3.72059896,3.73866012,3.76575186,20937191,86807661.93,0.1904,1,-0.7194,0
2021-06-09,sh.600011,3.73866012,3.75672128,3.72059896,3.7476907,3.73866012,17667975,73225035.04,0.1607,1,0.2415,0
2021-06-10,sh.600011,3.73866012,3.75672128,3.72059896,3.72059896,3.7476907,20987606,86693966.72,0.1908,1,-0.7229,0
2021-06-11,sh.600011,3.72962954,3.77478244,3.72059896,3.75672128,3.72059896,36918539,153310832.41,0.3357,1,0.9709,0
2021-06-15,sh.600011,3.75672128,3.76575186,3.68447664,3.69350722,3.75672128,26498016,108937050.42,0.2409,1,-1.6827,0
2021-06-16,sh.600011,3.7025378,3.72962954,3.64835432,3.7025378,3.69350722,19020758,77949801.8,0.173,1,0.2445,0
2021-06-17,sh.600011,3.72059896,3.7476907,3.67544606,3.68447664,3.7025378,17454779,71614237.56,0.1587,1,-0.4878,0
2021-06-18,sh.600011,3.69350722,3.69350722,3.66641548,3.67544606,3.68447664,16947112,69013651.1,0.1541,1,-0.2451,0
2021-06-21,sh.600011,3.67544606,3.69350722,3.6573849,3.66641548,3.67544606,18596794,75519088.7,0.1691,1,-0.2457,0
2021-06-22,sh.600011,3.67544606,3.69350722,3.6573849,3.68447664,3.66641548,19518972,79496066.12,0.1775,1,0.4926,0
2021-06-23,sh.600011,3.69350722,3.7476907,3.68447664,3.71156838,3.68447664,22964250,94579466.5,0.2088,1,0.7353,0
2021-06-24,sh.600011,3.71156838,3.75672128,3.69350722,3.72962954,3.71156838,26304365,108848321.11,0.2392,1,0.4866,0
2021-06-25,sh.600011,3.73866012,3.75672128,3.72059896,3.7476907,3.72962954,17186077,71153306.65,0.1563,1,0.4843,0
2021-06-28,sh.600011,3.8379965,3.94636346,3.8379965,3.89217998,3.7476907,79186732,340191079.92,0.72,1,3.8554,0
2021-06-29,sh.600011,3.85605766,3.86508824,3.80187418,3.84702708,3.89217998,32701816,138747271.32,0.2974,1,-1.1601,0
2021-06-30,sh.600011,3.85605766,3.86508824,3.80187418,3.81090476,3.84702708,23030753,97284883.06,0.2094,1,-0.939,0
2021-07-01,sh.600011,3.80187418,3.84702708,3.7928436,3.80187418,3.81090476,22184892,93641391.54,0.2017,1,-0.237,0
2021-07-02,sh.600011,3.80187418,3.82896592,3.78381302,3.81090476,3.80187418,19808343,83478449.16,0.1801,1,0.2375,0
2021-07-05,sh.600011,3.81090476,3.82896592,3.75672128,3.78381302,3.81090476,24075434,100659232.44,0.2189,1,-0.7109,0
2021-07-06,sh.600011,3.78381302,3.8379965,3.75672128,3.82896592,3.78381302,30785383,129803570.07,0.2799,1,1.1933,0
2021-07-07,sh.600011,3.84783168,3.84783168,3.772384,3.80067688,3.82896976,33775384,136107373.99,0.3071,1,-0.7389,0
2021-07-08,sh.600011,3.81010784,3.82896976,3.74409112,3.772384,3.80067688,25752517,102935839.51,0.2342,1,-0.7444,0
2021-07-09,sh.600011,3.76295304,3.772384,3.70636728,3.76295304,3.772384,19975200,79332401.0,0.1816,1,-0.25,0
2021-07-12,sh.600011,3.78181496,3.79124592,3.73466016,3.74409112,3.76295304,21757100,86681646.0,0.1978,1,-0.5013,0
2021-07-13,sh.600011,3.76295304,3.772384,3.70636728,3.75352208,3.74409112,31095980,123293666.8,0.2827,1,0.2519,0
2021-07-14,sh.600011,3.75352208,3.79124592,3.71579824,3.73466016,3.75352208,33890522,134413282.68,0.3082,1,-0.5025,0
2021-07-15,sh.600011,3.7252292,3.73466016,3.6780744,3.69693632,3.73466016,26427899,103553804.86,0.2403,1,-1.0101,0
2021-07-16,sh.600011,3.68750536,3.71579824,3.6780744,3.68750536,3.69693632,23443381,91833149.71,0.2132,1,-0.2551,0
2021-07-19,sh.600011,3.69693632,3.69693632,3.64035056,3.64035056,3.68750536,31697950,122790400.5,0.2882,1,-1.2788,0
2021-07-20,sh.600011,3.64035056,3.64035056,3.59319576,3.6309196,3.64035056,23112219,88678311.12,0.2102,1,-0.2591,0
2021-07-21,sh.600011,3.6309196,3.66864344,3.61205768,3.62148864,3.6309196,22868949,87941819.59,0.2079,1,-0.2597,0
2021-07-22,sh.600011,3.62148864,3.66864344,3.60262672,3.64978152,3.62148864,23563576,91108168.93,0.2143,1,0.7813,0
2021-07-23,sh.600011,3.65921248,3.70636728,3.6309196,3.69693632,3.64978152,33202493,128994279.7,0.3019,1,1.292,0
2021-07-26,sh.600011,3.69693632,3.69693632,3.60262672,3.6309196,3.69693632,26660059,103224194.08,0.2424,1,-1.7857,0
2021-07-27,sh.600011,3.6309196,3.7252292,3.61205768,3.71579824,3.6309196,43586771,169532074.21,0.3963,1,2.3377,0
2021-07-28,sh.600011,3.65921248,3.65921248,3.60262672,3.62148864,3.71579824,42523330,163630727.01,0.3867,1,-2.5381,0
2021-07-29,sh.600011,3.61205768,3.64035056,3.55547192,3.55547192,3.62148864,38646868,146757731.59,0.3514,1,-1.8229,0
2021-07-30,sh.600011,3.57433384,3.6309196,3.55547192,3.61205768,3.55547192,26367594,100600151.47,0.2398,1,1.5915,0
2021-08-02,sh.600011,3.61205768,3.772384,3.5837648,3.73466016,3.61205768,71756473,280805965.87,0.6525,1,3.3943,0
2021-08-03,sh.600011,3.7252292,3.76295304,3.69693632,3.75352208,3.73466016,36479996,144207907.35,0.3317,1,0.5051,0
2021-08-04,sh.600011,3.74409112,3.78181496,3.71579824,3.74409112,3.75352208,23643119,93887663.27,0.215,1,-0.2513,0
2021-08-05,sh.600011,3.73466016,3.75352208,3.69693632,3.73466016,3.74409112,23603943,93262221.59,0.2146,1,-0.2519,0
2021-08-06,sh.600011,3.73466016,3.772384,3.69693632,3.75352208,3.73466016,23387388,92864550.36,0.2127,1,0.5051,0
2021-08-09,sh.600011,3.75352208,3.772384,3.7252292,3.73466016,3.75352208,22628209,89935823.73,0.2058,1,-0.5025,0
2021-08-10,sh.600011,3.73466016,3.74409112,3.68750536,3.71579824,3.73466016,24334600,95754018.0,0.2213,1,-0.5051,0
2021-08-11,sh.600011,3.71579824,3.79124592,3.71579824,3.79124592,3.71579824,47203387,188348800.87,0.4292,1,2.0305,0
2021-08-12,sh.600011,3.80067688,3.81010784,3.75352208,3.772384,3.79124592,22341186,89409225.34,0.2031,1,-0.4975,0
2021-08-13,sh.600011,3.772384,3.80067688,3.74409112,3.79124592,3.772384,30380329,121509762.56,0.2762,1,0.5,0
2021-08-16,sh.600011,3.78181496,3.94214128,3.772384,3.90441744,3.79124592,58827929,242535474.23,0.5349,1,2.9851,0
2021-08-17,sh.600011,3.89498648,3.93271032,3.80067688,3.8195388,3.90441744,40105652,164168550.33,0.3647,1,-2.1739,0
2021-08-18,sh.600011,3.81010784,3.99872704,3.81010784,3.98929608,3.8195388,78126286,325958757.99,0.7104,1,4.4444,0
2021-08-19,sh.600011,3.99872704,4.3853964,3.99872704,4.3853964,3.98929608,282033088,1280636494.91,2.5645,1,9.9291,0
2021-08-20,sh.600011,4.31937968,4.5740156,4.18734624,4.479706,4.3853964,221337154,1036024101.8,2.0126,1,2.1505,0
2021-08-23,sh.600011,4.68718712,4.93239208,4.68718712,4.93239208,4.479706,127011932,657177890.88,1.1549,1,10.1053,0
2021-08-24,sh.600011,5.08328744,5.17759704,4.8097896,4.9040992,4.93239208,222349341,1169262109.58,2.0218,1,-0.5736,0
2021-08-25,sh.600011,4.83808248,5.16816608,4.72491096,5.0455636,4.9040992,165327538,876219564.39,1.5033,1,2.8846,0
2021-08-26,sh.600011,4.98897784,5.10214936,4.86637536,4.9040992,5.0455636,122914102,644696275.91,1.1176,1,-2.8037,0
2021-08-27,sh.600011,4.93239208,5.0455636,4.8097896,4.9040992,4.9040992,104133448,542178332.6,0.9469,1,0.0,0
2021-08-30,sh.600011,4.84751344,5.12101128,4.73434192,5.01727072,4.9040992,126647765,666028495.05,1.1516,1,2.3077,0
2021-08-31,sh.600011,4.96068496,5.33792336,4.88523728,5.2341828,5.01727072,132943211,721610321.45,1.2088,1,4.3233,0
2021-09-01,sh.600011,5.422802,5.76231656,5.17759704,5.50768064,5.2341828,191950219,1119625965.12,1.7454,1,5.2252,0
2021-09-02,sh.600011,5.3756472,6.05467632,5.34735432,6.05467632,5.50768064,242405438,1508137828.56,2.2041,1,9.9315,0
2021-09-03,sh.600011,6.30931224,6.65825776,6.19614072,6.65825776,6.05467632,271248624,1858375172.68,2.4664,1,9.9688,0
2021-09-06,sh.600011,7.07322,7.32785592,6.6488268,6.91289368,6.65825776,227579791,1678577360.23,2.0693,1,3.8244,0
2021-09-07,sh.600011,6.601672,6.80915312,6.35646704,6.70541256,6.91289368,227500816,1599960141.74,2.0686,1,-3.0014,0
2021-09-08,sh.600011,6.67711968,7.03549616,6.67711968,6.6959816,6.70541256,217329352,1571270865.15,1.9761,1,-0.1406,0
2021-09-09,sh.600011,6.62996488,6.65825776,6.24329552,6.58281008,6.6959816,230640281,1571669552.57,2.0972,1,-1.6901,0
2021-09-10,sh.600011,6.43191472,6.75256736,6.35646704,6.39419088,6.58281008,169024181,1165149920.38,1.5369,1,-2.8653,0
2021-09-13,sh.600011,6.44134568,6.62053392,6.29988128,6.54508624,6.39419088,146983101,1011815245.49,1.3365,1,2.3599,0
2021-09-14,sh.600011,6.601672,6.81858408,6.19614072,6.29045032,6.54508624,133247798,908123536.72,1.2116,1,-3.8905,0
2021-09-15,sh.600011,6.2244336,6.4130528,6.05467632,6.32817416,6.29045032,119182431,790383582.87,1.0837,1,0.5997,0
2021-09-16,sh.600011,6.25272648,6.2715884,5.92264288,5.92264288,6.32817416,137102110,886409148.82,1.2466,1,-6.4083,0
2021-09-17,sh.600011,5.96036672,6.51679336,5.92264288,6.2715884,5.92264288,301349984,2031746079.62,2.7401,1,5.8917,0
2021-09-22,sh.600011,6.1772788,6.90346272,6.0829692,6.90346272,6.2715884,182271273,1304687074.55,1.6574,1,10.0752,0
2021-09-23,sh.600011,7.3561488,7.5919228,7.08265096,7.5919228,6.90346272,319459648,2521538938.89,2.9048,1,9.9727,0
2021-09-24,sh.600011,7.780542,8.24265904,7.44102744,7.84655872,7.5919228,312402304,2600209400.14,2.8406,1,3.354,0
2021-09-27,sh.600011,7.9691612,8.27095192,7.2618392,7.51647512,7.84655872,266704472,2179810892.69,2.4251,1,-4.2067,0
2021-09-28,sh.600011,7.71452528,8.016316,7.48818224,7.75224912,7.51647512,252806820,2082190108.98,2.2987,1,3.1368,0
2021-09-29,sh.600011,7.58249184,8.2049352,7.37501072,7.4504584,7.75224912,247103680,2022545522.99,2.2469,1,-3.8929,0
2021-09-30,sh.600011,7.4976132,7.88428256,7.13923672,7.79940392,7.4504584,282539776,2269957388.24,2.5691,1,4.6835,0
2021-10-08,sh.600011,7.6390776,7.65793952,7.01663424,7.01663424,7.79940392,118461105,895221158.84,1.0771,1,-10.0363,0
2021-10-11,sh.600011,7.22411536,7.3561488,6.4130528,6.7902912,7.01663424,250285852,1823369762.18,2.2758,1,-3.2258,0
2021-10-12,sh.600011,6.62053392,6.9317556,6.2715884,6.59224104,6.7902912,186036028,1295628384.24,1.6916,1,-2.9167,0
2021-10-13,sh.600011,6.4130528,6.56394816,6.11126208,6.21500264,6.59224104,153808830,1021284102.52,1.3986,1,-5.7225,0
2021-10-14,sh.600011,6.130124,6.5073624,6.07353824,6.30931224,6.21500264,108803097,731702301.63,0.9893,1,1.5175,0
2021-10-15,sh.600011,6.16784784,6.45077664,6.04524536,6.2715884,6.30931224,105197163,696450464.78,0.9565,1,-0.5979,0
2021-10-18,sh.600011,6.2715884,6.51679336,6.14898592,6.42248376,6.2715884,131543146,885889746.34,1.1961,1,2.406,0
2021-10-19,sh.600011,6.30931224,6.4602076,6.18670976,6.38475992,6.42248376,79148790,530994811.36,0.7197,1,-0.5874,0
2021-10-20,sh.600011,6.53565528,7.0260652,6.52622432,7.0260652,6.38475992,116219926,840013899.51,1.0568,1,10.0443,0
2021-10-21,sh.600011,7.23354632,7.24297728,6.65825776,6.89403176,7.0260652,179670881,1307452264.19,1.6337,1,-1.8792,0
2021-10-22,sh.600011,6.71484352,6.81858408,6.2715884,6.61110296,6.89403176,160363281,1104555469.8,1.4582,1,-4.104,0
2021-10-25,sh.600011,6.5073624,6.70541256,6.35646704,6.66768872,6.61110296,102281603,714347993.11,0.93,1,0.8559,0
2021-10-26,sh.600011,6.52622432,6.9317556,6.24329552,6.48850048,6.66768872,141796089,980470939.87,1.2893,1,-2.6874,0
2021-10-27,sh.600011,6.25272648,7.13923672,6.24329552,7.13923672,6.48850048,225074920,1634726221.72,2.0466,1,10.0291,0
2021-10-28,sh.600011,7.25240824,7.67680144,7.22411536,7.308994,7.13923672,219274809,1720113061.69,1.9938,1,2.3778,0
2021-10-29,sh.600011,7.1675296,7.39387264,6.601672,7.27127016,7.308994,191369969,1423266684.63,1.7401,1,-0.5161,0
2021-11-01,sh.600011,7.05435808,7.20525344,6.80915312,6.99777232,7.27127016,145899559,1083963166.29,1.3266,1,-3.7613,0
2021-11-02,sh.600011,6.98834136,6.99777232,6.4130528,6.58281008,6.99777232,113290656,797829626.87,1.0301,1,-5.9299,0
2021-11-03,sh.600011,6.56394816,6.7902912,6.46963856,6.77142928,6.58281008,76596650,541806690.07,0.6965,1,2.8653,0
2021-11-04,sh.600011,6.7902912,6.81858408,6.58281008,6.62996488,6.77142928,73650460,521021715.35,0.6697,1,-2.0891,0
2021-11-05,sh.600011,6.6488268,6.6488268,5.9886596,6.0829692,6.62996488,117162575,775795395.9,1.0653,1,-8.2504,0
2021-11-08,sh.600011,6.06410728,6.11126208,5.81890232,6.01695248,6.0829692,117078597,737482852.02,1.0646,1,-1.0853,0
2021-11-09,sh.600011,6.0829692,6.35646704,5.96979768,6.12069304,6.01695248,105128158,683281426.91,0.9559,1,1.7241,0
2021-11-10,sh.600011,5.9886596,6.130124,5.87548808,6.01695248,6.12069304,69837195,444413280.92,0.635,1,-1.6949,0
2021-11-11,sh.600011,6.0829692,6.0829692,5.67743792,5.7528856,6.01695248,108355709,666027582.48,0.9853,1,-4.3887,0
2021-11-12,sh.600011,5.7057308,5.83776424,5.5642664,5.66800696,5.7528856,91855146,555031088.45,0.8352,1,-1.4754,0
2021-11-15,sh.600011,5.67743792,5.72459272,5.57369736,5.64914504,5.66800696,54981703,329201384.95,0.4999,1,-0.3328,0
2021-11-16,sh.600011,5.6114212,5.63971408,5.41337104,5.45109488,5.64914504,79924684,465682765.43,0.7267,1,-3.5058,0
2021-11-17,sh.600011,5.46052584,5.5171116,5.3756472,5.49824968,5.45109488,44944749,260164928.55,0.4087,1,0.8651,0
2021-11-18,sh.600011,5.5171116,5.64914504,5.422802,5.58312832,5.49824968,72465409,426454255.06,0.6589,1,1.5437,0
2021-11-19,sh.600011,5.6114212,5.63971408,5.45109488,5.62085216,5.58312832,61527536,361416452.62,0.5595,1,0.6757,0
2021-11-22,sh.600011,5.62085216,5.68686888,5.47938776,5.52654256,5.62085216,62572324,367526461.49,0.569,1,-1.6779,0
2021-11-23,sh.600011,5.52654256,5.5642664,5.45109488,5.50768064,5.52654256,56029063,327837217.16,0.5095,1,-0.3413,0
2021-11-24,sh.600011,5.59255928,5.64914504,5.36621624,5.6114212,5.50768064,114435378,670116912.62,1.0405,1,1.8836,0
2021-11-25,sh.600011,5.7057308,6.16784784,5.62085216,5.62085216,5.6114212,194224581,1200194561.82,1.766,1,0.1681,0
2021-11-26,sh.600011,5.57369736,5.62085216,5.38507816,5.39450912,5.62085216,101074179,584419159.39,0.919,1,-4.0268,0
2021-11-29,sh.600011,5.24361376,5.92264288,5.19645896,5.87548808,5.39450912,155339844,935988604.71,1.4125,1,8.9161,0
2021-11-30,sh.600011,5.87548808,6.39419088,5.80947136,5.85662616,5.87548808,164644752,1059580831.62,1.4971,1,-0.321,0
2021-12-01,sh.600011,5.95093576,6.3187432,5.87548808,6.29988128,5.85662616,150281669,976025529.98,1.3665,1,7.5684,0
2021-12-02,sh.600011,6.3187432,6.65825776,6.14898592,6.19614072,6.29988128,102475996,692179376.32,0.9318,1,-1.6467,0
2021-12-03,sh.600011,6.16784784,6.81858408,6.0829692,6.81858408,6.19614072,119233560,833471450.03,1.0842,1,10.0457,0
2021-12-06,sh.600011,7.08265096,7.17696056,6.84687696,6.92232464,6.81858408,144958424,1076626361.0,1.3181,1,1.5214,0
2021-12-07,sh.600011,6.86573888,7.4504584,6.7431364,7.33728688,6.92232464,134699465,1023004742.13,1.2248,1,5.9946,0
2021-12-08,sh.600011,7.27127016,7.61078472,7.04492712,7.544768,7.33728688,139564360,1083858920.45,1.269,1,2.8278,0
2021-12-09,sh.600011,7.4033036,8.18607328,7.31842496,7.98802312,7.544768,156260958,1299581522.37,1.4208,1,5.875,0
2021-12-10,sh.600011,7.780542,8.1577804,7.56362992,7.66737048,7.98802312,146056023,1200876362.85,1.3281,1,-4.0142,0
2021-12-13,sh.600011,7.9691612,8.43127824,7.90314448,8.25209,7.66737048,192210726,1693787961.15,1.7477,1,7.6261,0
2021-12-14,sh.600011,8.28038288,8.37469248,7.75224912,8.2049352,8.25209,169430093,1444435776.94,1.5406,1,-0.5714,0
2021-12-15,sh.600011,8.0634708,9.02542872,7.85598968,8.78965472,8.2049352,167725736,1519488405.9,1.5251,1,7.1264,0
2021-12-16,sh.600011,8.6764832,8.959412,8.55388072,8.83680952,8.78965472,115206576,1069047367.06,1.0476,1,0.5365,0
2021-12-17,sh.600011,8.76136184,9.50640768,8.3935544,8.45957112,8.83680952,175576877,1639527110.3,1.5965,1,-4.2689,0
2021-12-20,sh.600011,8.45014016,8.70477608,8.19550424,8.38412344,8.45957112,173515973,1550300496.7,1.5777,1,-0.8919,0
2021-12-21,sh.600011,8.37469248,8.64819032,8.016316,8.487864,8.38412344,153714924,1357658666.16,1.3977,1,1.2373,0
2021-12-22,sh.600011,8.51615688,8.89339528,8.3463996,8.51615688,8.487864,132661772,1207545712.66,1.2063,1,0.3333,0
2021-12-23,sh.600011,8.47843304,9.36494328,8.43127824,9.36494328,8.51615688,186992316,1795979937.36,1.7003,1,9.9668,0
2021-12-24,sh.600011,9.36494328,9.902508,9.28006464,9.45925288,9.36494328,154057884,1556897972.33,1.4008,1,1.007,0
2021-12-27,sh.600011,9.36494328,9.902508,8.87453336,9.21404792,9.45925288,157016872,1552858933.93,1.4277,1,-2.5922,0
2021-12-28,sh.600011,9.21404792,9.21404792,8.69534512,8.97827392,9.21404792,114449293,1080562656.03,1.0407,1,-2.5589,0
2021-12-29,sh.600011,8.8651024,8.8651024,8.2992448,8.487864,8.97827392,188764898,1706578284.61,1.7164,1,-5.4622,0
2021-12-30,sh.600011,8.61046648,8.85567144,8.45957112,8.78965472,8.487864,147727170,1362833588.81,1.3433,1,3.5556,0
2021-12-31,sh.600011,9.1480312,9.29892656,8.89339528,9.13860024,8.78965472,146125915,1412069969.14,1.3287,1,3.97,0
2022-01-04,sh.600011,9.35551232,9.54413152,8.41241632,8.487864,9.13860024,147920679,1402066409.91,1.345,1,-7.1207,0
2022-01-05,sh.600011,8.28981384,8.33696864,7.8276968,8.0634708,8.487864,153947985,1313480555.56,1.3998,1,-5.0,0
2022-01-06,sh.600011,7.95973024,8.04460888,7.74281816,7.86542064,8.0634708,135480179,1134339649.91,1.2319,1,-2.4561,0
2022-01-07,sh.600011,7.85598968,7.91257544,7.47875128,7.53533704,7.86542064,116730930,946290293.45,1.0614,1,-4.1966,0
2022-01-10,sh.600011,7.34671784,7.4504584,7.2146844,7.2618392,7.53533704,93949342,729283826.49,0.8543,1,-3.6295,0
2022-01-11,sh.600011,7.25240824,7.5919228,7.2146844,7.29956304,7.2618392,149248414,1169588263.8,1.3571,1,0.5195,0
2022-01-12,sh.600011,7.36557976,7.47875128,7.17696056,7.34671784,7.29956304,89707292,694844606.95,0.8157,1,0.646,0
2022-01-13,sh.600011,7.29956304,7.29956304,6.90346272,7.14866768,7.34671784,141560754,1065390079.56,1.2872,1,-2.6958,0
2022-01-14,sh.600011,7.01663424,7.2618392,6.91289368,6.99777232,7.14866768,125463300,943649475.82,1.1408,1,-2.1108,0
2022-01-17,sh.600011,7.08265096,7.38444168,7.0260652,7.13923672,6.99777232,124004857,950852166.83,1.1276,1,2.0216,0
2022-01-18,sh.600011,7.10151288,7.85598968,7.06378904,7.74281816,7.13923672,267914609,2167094909.56,2.4361,1,8.4544,0
2022-01-19,sh.600011,7.56362992,8.07290176,7.45988936,7.8276968,7.74281816,214817735,1766685563.53,1.9533,1,1.0962,0
2022-01-20,sh.600011,7.78997296,8.1577804,7.52590608,7.95029928,7.8276968,172231397,1431187219.65,1.5661,1,1.5663,0
2022-01-21,sh.600011,7.85598968,8.4407092,7.52590608,7.7333872,7.95029928,247966168,2103333247.9,2.2547,1,-2.7284,0
2022-01-24,sh.600011,7.86542064,8.24265904,7.61078472,8.02574696,7.7333872,130070070,1097140275.16,1.1827,1,3.7805,0
2022-01-25,sh.600011,7.89371352,7.97859216,7.36557976,7.4033036,8.02574696,110452307,892864343.74,1.0043,1,-7.7556,0
2022-01-26,sh.600011,7.53533704,7.75224912,7.37501072,7.62021568,7.4033036,121714868,980905806.59,1.1067,1,2.9299,0
2022-01-27,sh.600011,7.60135376,7.6862324,7.27127016,7.308994,7.62021568,98095231,777093004.73,0.892,1,-4.0842,0
2022-01-28,sh.600011,7.4033036,7.44102744,6.94118656,6.9789104,7.308994,120628685,912373148.09,1.0969,1,-4.5161,0
2022-02-07,sh.600011,7.18639152,7.58249184,7.18639152,7.544768,6.9789104,133915028,1055815684.27,1.2177,1,8.1081,0
2022-02-08,sh.600011,7.55419896,7.81826584,7.07322,7.77111104,7.544768,138033277,1091181300.15,1.2551,1,3.0,0
2022-02-09,sh.600011,7.72395624,8.43127824,7.62021568,8.25209,7.77111104,167034335,1439954922.52,1.5188,1,6.1893,0
2022-02-10,sh.600011,8.19550424,8.46900208,7.98802312,8.21436616,8.25209,137739089,1200313320.75,1.2524,1,-0.4571,0
2022-02-11,sh.600011,8.2049352,8.63875936,8.04460888,8.17664232,8.21436616,109996413,967450735.37,1.0002,1,-0.4592,0
2022-02-14,sh.600011,8.09176368,8.32753768,7.58249184,7.6862324,8.17664232,134666036,1123726394.78,1.2245,1,-5.9977,0
2022-02-15,sh.600011,7.6862324,7.780542,7.44102744,7.74281816,7.6862324,93853634,758375340.12,0.8534,1,0.7362,0
2022-02-16,sh.600011,7.8276968,8.1106256,7.4976132,7.56362992,7.74281816,147999000,1224793972.68,1.3457,1,-2.3143,0
2022-02-17,sh.600011,7.36557976,7.8748516,7.3561488,7.8276968,7.56362992,136859308,1113997635.82,1.2444,1,3.4913,0
2022-02-18,sh.600011,7.6862324,8.0634708,7.5919228,7.780542,7.8276968,96235905,797275862.1,0.8751,1,-0.6024,0
2022-02-21,sh.600011,7.72395624,7.780542,7.27127016,7.38444168,7.780542,162584338,1281824679.81,1.4783,1,-5.0909,0
2022-02-22,sh.600011,7.24297728,7.2618392,6.9789104,7.05435808,7.38444168,111760655,839452975.67,1.0162,1,-4.47,0
2022-02-23,sh.600011,7.08265096,7.3561488,7.01663424,7.22411536,7.05435808,113951664,866028972.28,1.0361,1,2.4064,0
2022-02-24,sh.600011,7.1675296,7.544768,7.10151288,7.25240824,7.22411536,157634302,1227982635.71,1.4333,1,0.3916,0
2022-02-25,sh.600011,7.56362992,7.97859216,7.4504584,7.97859216,7.25240824,191082134,1556271432.55,1.7375,1,10.013,0
2022-02-28,sh.600011,7.98802312,8.3935544,7.85598968,8.27095192,7.97859216,201387186,1734447040.0,1.8312,1,3.6643,0
2022-03-01,sh.600011,8.2049352,8.5821736,8.1577804,8.2049352,8.27095192,114203595,1006104464.0,1.0384,1,-0.7982,0
2022-03-02,sh.600011,8.17664232,8.25209,7.88428256,8.09176368,8.2049352,115502335,985344592.0,1.0502,1,-1.3793,0
2022-03-03,sh.600011,8.19550424,8.26152096,7.99745408,8.08233272,8.09176368,100710652,867559856.0,0.9157,1,-0.1166,0
2022-03-04,sh.600011,8.00688504,8.61046648,7.86542064,8.2992448,8.08233272,131453608,1148830352.0,1.1953,1,2.6838,0
2022-03-07,sh.600011,8.16721136,8.80851664,8.1577804,8.45957112,8.2992448,153205870,1379084768.0,1.3931,1,1.9318,0
2022-03-08,sh.600011,8.37469248,8.70477608,8.18607328,8.26152096,8.45957112,155903127,1404269392.0,1.4176,1,-2.3411,0
2022-03-09,sh.600011,8.49729496,8.6293284,7.94086832,8.5350188,8.26152096,171740455,1530035296.0,1.5616,1,3.3105,0
2022-03-10,sh.600011,8.6293284,8.82737856,8.2992448,8.45957112,8.5350188,196108020,1776907024.0,1.7832,1,-0.884,0
2022-03-11,sh.600011,8.2049352,8.35583056,7.61078472,7.93143736,8.45957112,183884331,1546352960.0,1.672,1,-6.243,0
2022-03-14,sh.600011,7.69566336,7.84655872,7.4033036,7.41273456,7.93143736,124024904,1000438400.0,1.1277,1,-6.5398,0
2022-03-15,sh.600011,7.1675296,7.36557976,6.91289368,6.95061752,7.41273456,132171372,1003264720.0,1.2018,1,-6.2341,0
2022-03-16,sh.600011,7.15809864,7.58249184,7.03549616,7.56362992,6.95061752,148710807,1149719120.0,1.3522,1,8.8195,0
2022-03-17,sh.600011,7.6390776,7.71452528,7.36557976,7.46932032,7.56362992,129531769,1030047472.0,1.1778,1,-1.2469,0
2022-03-18,sh.600011,7.31842496,7.64850856,7.2618392,7.45988936,7.46932032,89618300,712612543.28,0.8149,1,-0.1263,0
2022-03-21,sh.600011,7.44102744,7.60135376,7.3561488,7.51647512,7.45988936,85257532,672964830.63,0.7752,1,0.7585,0
2022-03-22,sh.600011,7.4504584,7.79940392,7.38444168,7.77111104,7.51647512,106062834,858523842.73,0.9644,1,3.3877,0
2022-03-23,sh.600011,7.76168008,7.8276968,7.37501072,7.42216552,7.77111104,112785308,906076453.79,1.0255,1,-4.4903,0
2022-03-24,sh.600011,7.41273456,7.41273456,7.08265096,7.1675296,7.42216552,99275098,755620865.16,0.9027,1,-3.4307,0
2022-03-25,sh.600011,7.11094384,7.14866768,6.58281008,6.65825776,7.1675296,143025389,1039533791.36,1.3005,1,-7.1053,0
2022-03-28,sh.600011,6.59224104,6.8846008,6.3187432,6.86573888,6.65825776,114549481,807473537.76,1.0416,1,3.1161,0
2022-03-29,sh.600011,6.82801504,6.96004848,6.61110296,6.70541256,6.86573888,76245153,547741299.41,0.6933,1,-2.3352,0
2022-03-30,sh.600011,6.70541256,6.91289368,6.70541256,6.86573888,6.70541256,82361263,596353675.55,0.7489,1,2.391,0
2022-03-31,sh.600011,6.85630792,6.85630792,6.39419088,6.51679336,6.86573888,126663158,880013765.51,1.1517,1,-5.0824,0
2022-04-01,sh.600011,6.45077664,6.72427448,6.33760512,6.62996488,6.51679336,88258378,618025844.23,0.8025,1,1.7366,0
2022-04-06,sh.600011,6.601672,6.601672,6.34703608,6.4130528,6.62996488,101885339,694141828.89,0.9264,1,-3.2717,0
2022-04-07,sh.600011,6.365898,6.4130528,6.15841688,6.19614072,6.4130528,106243158,703678771.11,0.966,1,-3.3824,0
2022-04-08,sh.600011,6.2244336,6.365898,6.11126208,6.29045032,6.19614072,63667699,422334158.84,0.5789,1,1.5221,0
2022-04-11,sh.600011,6.30931224,6.37532896,6.01695248,6.04524536,6.29045032,72098734,469431632.05,0.6556,1,-3.8981,0
2022-04-12,sh.600011,5.96979768,6.12069304,5.88491904,6.0358144,6.04524536,75122106,477668958.5,0.6831,1,-0.156,0
2022-04-13,sh.600011,5.99809056,6.01695248,5.8000404,5.88491904,6.0358144,74859642,467328816.02,0.6807,1,-2.5,0
2022-04-14,sh.600011,5.97922864,5.99809056,5.57369736,5.658576,5.88491904,127612082,777715074.39,1.1604,1,-3.8462,0
2022-04-15,sh.600011,5.64914504,6.0829692,5.50768064,6.02638344,5.658576,180970646,1118095773.27,1.6455,1,6.5,0
2022-04-18,sh.600011,5.9415048,6.43191472,5.92264288,6.34703608,6.02638344,134244807,884163461.48,1.2207,1,5.3208,0
2022-04-19,sh.600011,6.2715884,6.38475992,6.19614072,6.29988128,6.34703608,103152114,687816678.96,0.9379,1,-0.7429,0
2022-04-20,sh.600011,6.29988128,6.54508624,6.24329552,6.28101936,6.29988128,108922795,736914271.11,0.9904,1,-0.2994,0
2022-04-21,sh.600011,6.30931224,6.42248376,6.0358144,6.130124,6.28101936,84094235,553006793.66,0.7647,1,-2.4024,0
2022-04-22,sh.600011,6.01695248,6.67711968,5.9415048,6.57337912,6.130124,141631306,960672259.18,1.2878,1,7.2308,0
2022-04-25,sh.600011,6.3187432,6.75256736,6.28101936,6.52622432,6.57337912,218636111,1541317826.94,1.988,1,-0.7174,0
2022-04-26,sh.600011,6.601672,6.71484352,6.3187432,6.37532896,6.52622432,128523000,892261518.83,1.1686,1,-2.3121,0
2022-04-27,sh.600011,6.34703608,6.8846008,6.29988128,6.80915312,6.37532896,149104106,1054939475.92,1.3558,1,6.8047,0
2022-04-28,sh.600011,6.79972216,6.9789104,6.63939584,6.90346272,6.80915312,124798000,905540974.62,1.1348,1,1.385,0
2022-04-29,sh.600011,6.96947944,6.99777232,6.70541256,6.8846008,6.90346272,129158713,937763215.83,1.1744,1,-0.2732,0
2022-05-05,sh.600011,6.837446,6.96947944,6.68655064,6.71484352,6.8846008,113048691,816664830.23,1.0279,1,-2.4658,0
2022-05-06,sh.600011,6.5073624,6.62996488,6.28101936,6.4130528,6.71484352,92529643,632201475.02,0.8414,1,-4.4944,0
2022-05-09,sh.600011,6.40362184,6.76199832,6.35646704,6.59224104,6.4130528,90872961,638040144.42,0.8263,1,2.7941,0
2022-05-10,sh.600011,6.42248376,6.96004848,6.4130528,6.8846008,6.59224104,93347023,670270110.33,0.8488,1,4.4349,0
2022-05-11,sh.600011,6.837446,7.0260652,6.80915312,6.90346272,6.8846008,117725397,861605534.37,1.0705,1,0.274,0
2022-05-12,sh.600011,7.04492712,7.13923672,6.601672,6.7431364,6.90346272,103324433,752130477.01,0.9395,1,-2.3224,0
2022-05-13,sh.600011,6.7431364,6.837446,6.6488268,6.71484352,6.7431364,55034293,392572752.44,0.5004,1,-0.4196,0
2022-05-16,sh.600011,6.71484352,6.71484352,6.48850048,6.56394816,6.71484352,65460247,456305639.18,0.5952,1,-2.2472,0
2022-05-17,sh.600011,6.52622432,6.56394816,6.21500264,6.365898,6.56394816,91455462,613498890.09,0.8316,1,-3.0172,0
2022-05-18,sh.600011,6.32817416,6.6959816,6.28101936,6.6488268,6.365898,103003889,717977721.0,0.9366,1,4.4444,0
2022-05-19,sh.600011,6.56394816,6.89403176,6.4602076,6.85630792,6.6488268,88749283,633700211.1,0.807,1,3.1206,0
2022-05-20,sh.600011,6.85630792,7.33728688,6.85630792,6.96947944,6.85630792,114894286,861224626.68,1.0447,1,1.6506,0
2022-05-23,sh.600011,6.96004848,7.13923672,6.67711968,6.75256736,6.96947944,103496349,746998721.96,0.9411,1,-3.1123,0
2022-05-24,sh.600011,6.73370544,6.92232464,6.52622432,6.53565528,6.75256736,68736149,489913544.2,0.625,1,-3.2123,0
2022-05-25,sh.600011,6.5073624,6.90346272,6.42248376,6.89403176,6.53565528,99905644,711751931.61,0.9084,1,5.4834,0
2022-05-26,sh.600011,6.84687696,7.09208192,6.6959816,6.77142928,6.89403176,80857614,585687934.47,0.7352,1,-1.7784,0
2022-05-27,sh.600011,6.78086024,6.81858408,6.6488268,6.71484352,6.77142928,67086054,476624478.89,0.61,1,-0.8357,0
2022-05-30,sh.600011,6.71484352,6.75256736,6.62053392,6.67711968,6.71484352,53584425,378844477.24,0.4872,1,-0.5618,0
2022-05-31,sh.600011,6.6959816,6.96947944,6.601672,6.96947944,6.67711968,130603106,943879704.86,1.1875,1,4.3785,0
2022-06-01,sh.600011,6.86573888,7.00720328,6.68655064,6.77142928,6.96947944,100488431,727496765.13,0.9137,1,-2.8417,0
2022-06-02,sh.600011,6.70541256,6.85630792,6.66768872,6.75256736,6.77142928,65584034,468415118.88,0.5963,1,-0.2786,0
2022-06-06,sh.600011,6.68655064,6.7902912,6.5545172,6.71484352,6.75256736,108699527,767962974.41,0.9884,1,-0.5587,0
2022-06-07,sh.600011,6.73370544,6.96004848,6.66768872,6.7902912,6.71484352,152235915,1099785482.05,1.3843,1,1.1236,0
2022-06-08,sh.600011,6.837446,6.9317556,6.6488268,6.837446,6.7902912,127388498,918249179.37,1.1583,1,0.6944,0
2022-06-09,sh.600011,6.73370544,6.86573888,6.15841688,6.15841688,6.837446,222001626,1527111461.59,2.0186,1,-9.931,0
2022-06-10,sh.600011,6.0358144,6.38475992,5.95093576,6.12069304,6.15841688,245127880,1608106270.12,2.2289,1,-0.6126,0
2022-06-13,sh.600011,6.04524536,6.0829692,5.58312832,5.7528856,6.12069304,247264887,1504329053.53,2.2483,1,-6.0092,0
2022-06-14,sh.600011,5.66800696,5.8000404,5.54540448,5.8000404,5.7528856,139306292,836921273.34,1.2667,1,0.8197,0
2022-06-15,sh.600011,5.79060944,5.8471952,5.67743792,5.76231656,5.8000404,118541932,724511067.08,1.0779,1,-0.6504,0
2022-06-16,sh.600011,5.79060944,6.11126208,5.72459272,6.02638344,5.76231656,183684317,1161881993.66,1.6702,1,4.5827,0
2022-06-17,sh.600011,5.95093576,6.06410728,5.92264288,5.9886596,6.02638344,102847009,653410218.42,0.9352,1,-0.626,0
2022-06-20,sh.600011,5.97922864,6.59224104,5.91321192,6.59224104,5.9886596,209823682,1433267213.6,1.9079,1,10.0787,0
2022-06-21,sh.600011,6.71484352,6.92232464,6.70541256,6.80915312,6.59224104,250839989,1808664377.96,2.2808,1,3.2904,0
2022-06-22,sh.600011,6.75256736,6.98834136,6.67711968,6.80915312,6.80915312,137052883,990715680.73,1.2462,1,0.0,0
2022-06-23,sh.600011,6.80915312,6.85630792,6.67711968,6.84687696,6.80915312,96282165,690962487.98,0.8755,1,0.554,0
2022-06-24,sh.600011,6.81858408,7.06378904,6.75256736,6.96947944,6.84687696,124523960,912475685.03,1.1323,1,1.7906,0
2022-06-27,sh.600011,7.00720328,7.04492712,6.70541256,6.75256736,6.96947944,122973774,886348633.37,1.1182,1,-3.1123,0
2022-06-28,sh.600011,6.75256736,6.8846008,6.6959816,6.73370544,6.75256736,91738613,657028776.17,0.8342,1,-0.2793,0
2022-06-29,sh.600011,6.70541256,6.80915312,6.62996488,6.73370544,6.73370544,85611846,609369738.86,0.7785,1,0.0,0
2022-06-30,sh.600011,6.73370544,6.7902912,6.62053392,6.63939584,6.73370544,96107757,681887124.43,0.8739,1,-1.4006,0
2022-07-01,sh.600011,6.70541256,6.9317556,6.6959816,6.7431364,6.63939584,132031726,956382001.61,1.2005,1,1.5625,0
2022-07-04,sh.600011,6.6959816,7.25240824,6.67711968,7.09208192,6.7431364,171018001,1278098249.13,1.555,1,5.1748,0
2022-07-05,sh.600011,7.06378904,7.544768,6.98834136,7.39387264,7.09208192,183810042,1433722214.11,1.6713,1,4.2553,0
2022-07-06,sh.600011,7.38444168,7.70509432,7.29013208,7.4504584,7.39387264,116273867,917494170.33,1.0573,1,0.7653,0
2022-07-07,sh.600011,7.43159648,7.66737048,7.39387264,7.64850856,7.4504584,108877760,874442784.72,0.99,1,2.6582,0
2022-07-08,sh.600011,7.57306088,7.67680144,7.44102744,7.62021568,7.64850856,61511538,492825105.14,0.5593,1,-0.3699,0
2022-07-11,sh.600011,7.64850856,7.88428256,7.50704416,7.58249184,7.62021568,106234376,868929507.79,0.966,1,-0.495,0
2022-07-12,sh.600011,7.62021568,7.81826584,7.46932032,7.7333872,7.58249184,85679802,697884507.77,0.7791,1,1.99,0
2022-07-13,sh.600011,7.6862324,7.91257544,7.61078472,7.66737048,7.7333872,80660767,660931323.27,0.7334,1,-0.8537,0
2022-07-14,sh.600011,7.62964664,7.62964664,6.90346272,6.9317556,7.66737048,245935713,1862520101.12,2.2362,1,-9.5941,0
2022-07-15,sh.600011,6.96947944,7.0260652,6.7431364,6.82801504,6.9317556,117629454,859406681.21,1.0696,1,-1.4966,0
2022-07-18,sh.600011,6.70541256,7.1675296,6.70541256,7.13923672,6.82801504,146969796,1093956998.93,1.3364,1,4.558,0
2022-07-19,sh.600011,7.1203748,7.19582248,6.8846008,6.96004848,7.13923672,91184707,678961789.7,0.8291,1,-2.5099,0
2022-07-20,sh.600011,6.96004848,6.99777232,6.77142928,6.84687696,6.96004848,70546308,511456742.04,0.6415,1,-1.626,0
2022-07-21,sh.600011,6.837446,6.84687696,6.61110296,6.62996488,6.84687696,72009752,510960203.6,0.6548,1,-3.168,0
2022-07-22,sh.600011,6.6488268,6.70541256,6.47906952,6.5545172,6.62996488,68017502,474586577.61,0.6185,1,-1.138,0
2022-07-25,sh.600011,6.56394816,6.57337912,6.2244336,6.29988128,6.5545172,98889003,661690468.35,0.8992,1,-3.8849,0
2022-07-26,sh.600011,6.30931224,6.33760512,6.130124,6.29045032,6.29988128,56159237,373237022.18,0.5106,1,-0.1497,0
2022-07-27,sh.600011,6.28101936,6.49793144,6.1772788,6.39419088,6.29045032,124935633,839076079.82,1.136,1,1.6492,0
2022-07-28,sh.600011,6.44134568,6.7431364,6.40362184,6.5545172,6.39419088,146431554,1025455637.94,1.3315,1,2.5074,0
2022-07-29,sh.600011,6.52622432,6.85630792,6.4602076,6.62053392,6.5545172,111726633,790909933.41,1.0159,1,1.0072,0
2022-08-01,sh.600011,6.601672,6.62053392,6.29045032,6.38475992,6.62053392,102712798,696619515.37,0.9339,1,-3.5613,0
2022-08-02,sh.600011,6.29045032,6.37532896,6.01695248,6.11126208,6.38475992,100434387,653693859.08,0.9132,1,-4.2836,0
2022-08-03,sh.600011,6.10183112,6.25272648,5.90378096,5.95093576,6.11126208,80284251,514120673.6,0.73,1,-2.6235,0
2022-08-04,sh.600011,6.0358144,6.24329552,5.99809056,6.14898592,5.95093576,73985320,480597608.0,0.6727,1,3.3281,0
2022-08-05,sh.600011,6.14898592,6.1772788,5.9886596,6.11126208,6.14898592,55864315,358993466.0,0.508,1,-0.6135,0
2022-08-08,sh.600011,6.10183112,6.40362184,6.01695248,6.24329552,6.11126208,83060712,549467827.0,0.7553,1,2.1605,0
2022-08-09,sh.600011,6.21500264,6.33760512,6.12069304,6.18670976,6.24329552,56494849,371795582.0,0.5137,1,-0.9063,0
2022-08-10,sh.600011,6.20557168,6.2244336,6.02638344,6.0829692,6.18670976,51527180,332009204.0,0.4685,1,-1.6768,0
2022-08-11,sh.600011,6.11126208,6.33760512,6.06410728,6.23386456,6.0829692,73583512,484304147.0,0.6691,1,2.4806,0
2022-08-12,sh.600011,6.23386456,6.601672,6.20557168,6.47906952,6.23386456,150087288,1031573680.0,1.3647,1,3.9334,0
2022-08-15,sh.600011,6.58281008,6.7902912,6.47906952,6.66768872,6.47906952,124792732,879191382.84,1.1347,1,2.9112,0
2022-08-16,sh.600011,6.7431364,6.91289368,6.6959816,6.79972216,6.66768872,107125321,772779937.28,0.9741,1,1.9802,0
2022-08-17,sh.600011,6.94118656,7.1675296,6.8846008,7.00720328,6.79972216,121564855,905083669.0,1.1054,1,3.0513,0
2022-08-18,sh.600011,7.04492712,7.05435808,6.7431364,6.7902912,7.00720328,101341065,740179401.99,0.9215,1,-3.0956,0
2022-08-19,sh.600011,6.77142928,7.46932032,6.66768872,7.46932032,6.7902912,148760673,1125352101.42,1.3527,1,10.0,0
2022-08-22,sh.600011,7.544768,8.016316,7.44102744,7.48818224,7.46932032,265403299,2165203281.51,2.4133,1,0.2525,0
2022-08-23,sh.600011,7.50704416,7.8276968,7.37501072,7.780542,7.48818224,142749781,1159989261.62,1.298,1,3.9043,0
2022-08-24,sh.600011,7.7333872,7.95029928,7.55419896,7.6862324,7.780542,118748755,975720242.09,1.0798,1,-1.2121,0
2022-08-25,sh.600011,7.75224912,8.19550424,7.7333872,8.10119464,7.6862324,149711912,1277096033.93,1.3613,1,5.3988,0
2022-08-26,sh.600011,8.05403984,8.55388072,7.8276968,7.93143736,8.10119464,173356736,1499367517.74,1.5763,1,-2.0955,0
2022-08-29,sh.600011,7.78997296,7.99745408,7.55419896,7.81826584,7.93143736,94737389,784301086.67,0.8614,1,-1.4269,0
2022-08-30,sh.600011,7.81826584,7.85598968,7.55419896,7.66737048,7.81826584,86963572,706984404.23,0.7907,1,-1.93,0
2022-08-31,sh.600011,7.66737048,7.88428256,7.37501072,7.71452528,7.66737048,106082252,855999470.65,0.9646,1,0.615,0
2022-09-01,sh.600011,7.62021568,7.72395624,7.37501072,7.42216552,7.71452528,55158608,440061922.08,0.5015,1,-3.7897,0
2022-09-02,sh.600011,7.544768,8.16721136,7.544768,7.7333872,7.42216552,135315349,1128193278.77,1.2304,1,4.1931,0
2022-09-05,sh.600011,7.85598968,8.12005656,7.544768,8.016316,7.7333872,107853149,909342429.13,0.9807,1,3.6585,0
2022-09-06,sh.600011,8.00688504,8.5821736,7.78997296,8.38412344,8.016316,129566040,1139900213.66,1.1781,1,4.5882,0
2022-09-07,sh.600011,8.38412344,8.85567144,8.21436616,8.73306896,8.38412344,127500938,1154612693.67,1.1593,1,4.162,0
2022-09-08,sh.600011,8.68591416,8.9122572,8.487864,8.59160456,8.73306896,103159515,947037480.28,0.938,1,-1.6199,0
2022-09-09,sh.600011,8.50672592,8.8179476,8.30867576,8.60103552,8.59160456,66211196,604213584.41,0.602,1,0.1098,0
2022-09-13,sh.600011,8.60103552,8.8179476,8.3935544,8.487864,8.60103552,91568914,834560068.36,0.8326,1,-1.3158,0
2022-09-14,sh.600011,8.37469248,8.5821736,8.31810672,8.49729496,8.487864,54937860,492793960.36,0.4995,1,0.1111,0
2022-09-15,sh.600011,8.50672592,8.54444976,8.04460888,8.2049352,8.49729496,94461292,823068615.31,0.8589,1,-3.4406,0
2022-09-16,sh.600011,8.1106256,8.35583056,7.75224912,7.89371352,8.2049352,77914463,663143923.16,0.7085,1,-3.7931,0
2022-09-19,sh.600011,7.52590608,7.78997296,7.12980576,7.70509432,7.89371352,126746119,1017395665.6,1.1525,1,-2.3895,0
2022-09-20,sh.600011,7.8276968,7.85598968,7.39387264,7.6862324,7.70509432,67739882,547623112.1,0.6159,1,-0.2448,0
2022-09-21,sh.600011,7.67680144,8.0634708,7.544768,7.84655872,7.6862324,71294305,593020019.22,0.6483,1,2.0859,0
2022-09-22,sh.600011,7.75224912,7.84655872,7.6390776,7.70509432,7.84655872,44483750,364730582.55,0.4045,1,-1.8029,0
2022-09-23,sh.600011,7.90314448,8.07290176,7.51647512,7.58249184,7.70509432,46997701,387175390.94,0.4273,1,-1.5912,0
2022-09-26,sh.600011,7.53533704,7.71452528,7.4504584,7.48818224,7.58249184,53166959,427491429.38,0.4834,1,-1.2438,0
2022-09-27,sh.600011,7.50704416,7.64850856,7.38444168,7.46932032,7.48818224,36547772,289860842.92,0.3323,1,-0.2519,0
2022-09-28,sh.600011,7.4504584,7.62964664,7.29956304,7.43159648,7.46932032,56031966,442275550.37,0.5095,1,-0.5051,0
2022-09-29,sh.600011,7.42216552,7.4976132,7.14866768,7.18639152,7.43159648,56828140,437355266.7,0.5167,1,-3.2995,0
2022-09-30,sh.600011,7.20525344,7.33728688,7.1203748,7.15809864,7.18639152,54376369,417756811.68,0.4944,1,-0.3937,0
2022-10-10,sh.600011,7.12980576,7.38444168,7.0260652,7.14866768,7.15809864,55532558,422982723.46,0.5049,1,-0.1318,0
2022-10-11,sh.600011,7.14866768,7.6862324,7.12980576,7.60135376,7.14866768,66539710,527645606.77,0.605,1,6.3325,0
2022-10-12,sh.600011,7.544768,7.6390776,7.2618392,7.62964664,7.60135376,66016625,520221024.66,0.6003,1,0.3722,0
2022-10-13,sh.600011,7.4976132,8.12005656,7.45988936,8.0634708,7.62964664,96874816,807376497.76,0.8809,1,5.686,0
2022-10-14,sh.600011,7.99745408,8.25209,7.83712776,8.05403984,8.0634708,80804911,692743380.14,0.7347,1,-0.117,0
2022-10-17,sh.600011,7.94086832,7.99745408,7.65793952,7.86542064,8.05403984,62055949,517123348.32,0.5643,1,-2.3419,0
2022-10-18,sh.600011,7.85598968,8.17664232,7.780542,8.016316,7.86542064,65209396,557117726.75,0.5929,1,1.9185,0
2022-10-19,sh.600011,7.9220064,8.22379712,7.74281816,7.79940392,8.016316,64118102,540084119.51,0.583,1,-2.7059,0
2022-10-20,sh.600011,7.7333872,7.84655872,7.56362992,7.64850856,7.79940392,57591126,469500524.7,0.5237,1,-1.9347,0
2022-10-21,sh.600011,7.66737048,7.98802312,7.62964664,7.69566336,7.64850856,69605357,577083886.85,0.6329,1,0.6165,0
2022-10-24,sh.600011,7.69566336,7.70509432,7.43159648,7.55419896,7.69566336,58195374,466032431.36,0.5292,1,-1.8382,0
2022-10-25,sh.600011,7.51647512,7.79940392,7.47875128,7.70509432,7.55419896,58392202,471802944.74,0.5309,1,1.9975,0
2022-10-26,sh.600011,7.43159648,7.8748516,7.34671784,7.544768,7.70509432,110336802,888774280.08,1.0033,1,-2.0808,0
2022-10-27,sh.600011,7.44102744,7.60135376,6.7902912,6.81858408,7.544768,152579032,1139867687.35,1.3874,1,-9.625,0
2022-10-28,sh.600011,6.7902912,6.84687696,6.365898,6.46963856,6.81858408,122026746,849749395.99,1.1096,1,-5.1176,0
2022-10-31,sh.600011,6.52622432,6.67711968,6.29045032,6.3187432,6.46963856,88376069,602794118.87,0.8036,1,-2.3324,0
2022-11-01,sh.600011,6.3187432,6.4602076,6.1772788,6.39419088,6.3187432,87278394,580967289.13,0.7936,1,1.194,0
2022-11-02,sh.600011,6.35646704,6.40362184,6.10183112,6.34703608,6.39419088,87284450,578389335.31,0.7937,1,-0.7375,0
2022-11-03,sh.600011,6.25272648,6.47906952,6.2244336,6.33760512,6.34703608,85504496,575180429.61,0.7775,1,-0.1486,0
2022-11-04,sh.600011,6.5073624,6.66768872,6.4602076,6.5545172,6.33760512,122534178,851013424.84,1.1142,1,3.4226,0
2022-11-07,sh.600011,6.601672,6.65825776,6.44134568,6.56394816,6.5545172,83676369,580756809.23,0.7609,1,0.1439,0
2022-11-08,sh.600011,6.53565528,6.79972216,6.46963856,6.7431364,6.56394816,89088622,631116748.61,0.8101,1,2.7299,0
2022-11-09,sh.600011,6.76199832,6.77142928,6.58281008,6.62053392,6.7431364,54616520,386205302.35,0.4966,1,-1.8182,0
2022-11-10,sh.600011,6.70541256,6.94118656,6.59224104,6.65825776,6.62053392,102481906,734282447.7,0.9318,1,0.5698,0
2022-11-11,sh.600011,6.70541256,6.90346272,6.62053392,6.79972216,6.65825776,84029804,600401071.42,0.7641,1,2.1246,0
2022-11-14,sh.600011,6.80915312,6.837446,6.62996488,6.77142928,6.79972216,61896492,441855780.77,0.5628,1,-0.4161,0
2022-11-15,sh.600011,6.75256736,6.7902912,6.6488268,6.78086024,6.77142928,57446883,410041293.07,0.5224,1,0.1393,0
2022-11-16,sh.600011,6.87516984,7.15809864,6.79972216,6.86573888,6.78086024,100971672,745806436.29,0.9181,1,1.2517,0
2022-11-17,sh.600011,6.7902912,6.84687696,6.6488268,6.80915312,6.86573888,53871102,384976169.4,0.4898,1,-0.8242,0
2022-11-18,sh.600011,6.7902912,7.11094384,6.75256736,7.0260652,6.80915312,94665304,699402274.9,0.8608,1,3.1856,0
2022-11-21,sh.600011,6.9789104,7.31842496,6.96947944,7.24297728,7.0260652,72129741,551212151.62,0.6559,1,3.0872,0
2022-11-22,sh.600011,7.24297728,7.31842496,7.11094384,7.18639152,7.24297728,40667377,310759688.61,0.3698,1,-0.7813,0
2022-11-23,sh.600011,7.14866768,7.53533704,7.13923672,7.38444168,7.18639152,78144902,612275895.27,0.7106,1,2.7559,0
2022-11-24,sh.600011,7.44102744,7.69566336,7.43159648,7.53533704,7.38444168,63451790,510948529.16,0.577,1,2.0434,0
2022-11-25,sh.600011,7.544768,7.69566336,7.4504584,7.62964664,7.53533704,53001516,427332009.95,0.4819,1,1.2516,0
2022-11-28,sh.600011,7.56362992,7.88428256,7.37501072,7.8276968,7.62964664,101013399,828866523.42,0.9185,1,2.5958,0
2022-11-29,sh.600011,7.76168008,7.79940392,7.2146844,7.32785592,7.8276968,131565868,1030152542.25,1.1963,1,-6.3855,0
2022-11-30,sh.600011,7.2618392,7.3561488,7.08265096,7.308994,7.32785592,67607136,519681743.26,0.6147,1,-0.2574,0
2022-12-01,sh.600011,7.2618392,7.31842496,7.11094384,7.19582248,7.308994,80446775,613166782.07,0.7315,1,-1.5484,0
2022-12-02,sh.600011,7.17696056,7.2146844,7.05435808,7.13923672,7.19582248,51508199,389542754.42,0.4684,1,-0.7864,0
2022-12-05,sh.600011,7.15809864,7.39387264,7.10151288,7.38444168,7.13923672,79494882,612432845.13,0.7228,1,3.4346,0
2022-12-06,sh.600011,7.3561488,7.38444168,6.98834136,7.13923672,7.38444168,74558510,564443527.53,0.6779,1,-3.3206,0
2022-12-07,sh.600011,7.11094384,7.13923672,6.84687696,6.8846008,7.13923672,77659637,573537424.73,0.7061,1,-3.5667,0
2022-12-08,sh.600011,6.8846008,6.92232464,6.72427448,6.7902912,6.8846008,67272982,485965239.21,0.6117,1,-1.3699,0
2022-12-09,sh.600011,6.7431364,6.84687696,6.56394816,6.61110296,6.7902912,89898248,634196433.17,0.8174,1,-2.6389,0
2022-12-12,sh.600011,6.61110296,6.63939584,6.4130528,6.43191472,6.61110296,74345829,510614601.67,0.676,1,-2.7104,0
2022-12-13,sh.600011,6.45077664,6.54508624,6.4130528,6.46963856,6.43191472,56701362,389190451.2,0.5156,1,0.5865,0
2022-12-14,sh.600011,6.4602076,6.58281008,6.38475992,6.43191472,6.46963856,60278594,413666937.61,0.5481,1,-0.5831,0
2022-12-15,sh.600011,6.44134568,6.5545172,6.29988128,6.53565528,6.43191472,66281137,453513155.82,0.6027,1,1.6129,0
2022-12-16,sh.600011,6.51679336,6.7431364,6.46963856,6.71484352,6.53565528,113451863,801946928.49,1.0316,1,2.7417,0
2022-12-19,sh.600011,6.71484352,6.7902912,6.44134568,6.57337912,6.71484352,71912270,503118879.08,0.6539,1,-2.1067,0
2022-12-20,sh.600011,6.5545172,6.56394816,6.4130528,6.4602076,6.57337912,45767080,313359524.99,0.4162,1,-1.7217,0
2022-12-21,sh.600011,6.4602076,6.48850048,6.33760512,6.40362184,6.4602076,39150966,266168197.61,0.356,1,-0.8759,0
2022-12-22,sh.600011,6.40362184,6.45077664,6.18670976,6.2244336,6.40362184,49790213,332325387.87,0.4527,1,-2.7982,0
2022-12-23,sh.600011,6.2244336,6.33760512,6.19614072,6.3187432,6.2244336,40280348,268592368.61,0.3663,1,1.5152,0
2022-12-26,sh.600011,6.29988128,6.5545172,6.29045032,6.5545172,6.3187432,57637565,394318331.64,0.5241,1,3.7313,0
2022-12-27,sh.600011,6.58281008,6.62996488,6.46963856,6.54508624,6.5545172,46359025,321518367.47,0.4215,1,-0.1439,0
2022-12-28,sh.600011,6.56394816,7.12980576,6.53565528,7.0260652,6.54508624,169341396,1242841247.84,1.5398,1,7.3487,0
2022-12-29,sh.600011,7.06378904,7.07322,6.8846008,7.03549616,7.0260652,67902373,503575380.76,0.6174,1,0.1342,0
2022-12-30,sh.600011,7.05435808,7.24297728,7.00720328,7.17696056,7.03549616,81143930,614833163.37,0.7378,1,2.0107,0
2023-01-03,sh.600011,7.2618392,7.52590608,7.10151288,7.45988936,7.17696056,104212239,819486385.69,0.9476,1,3.9422,0
2023-01-04,sh.600011,7.50704416,7.51647512,7.22411536,7.32785592,7.45988936,83422113,649419105.49,0.7585,1,-1.7699,0
2023-01-05,sh.600011,7.38444168,7.544768,7.29956304,7.41273456,7.32785592,88400824,694959589.94,0.8038,1,1.1583,0
2023-01-06,sh.600011,7.3561488,7.60135376,7.34671784,7.38444168,7.41273456,66712353,528541329.74,0.6066,1,-0.3817,0
2023-01-09,sh.600011,7.36557976,7.37501072,6.9317556,7.06378904,7.38444168,115286660,867379473.37,1.0483,1,-4.3423,0
2023-01-10,sh.600011,6.98834136,7.10151288,6.9317556,6.96004848,7.06378904,75380750,559303339.12,0.6854,1,-1.4686,0
2023-01-11,sh.600011,6.99777232,7.03549616,6.84687696,6.89403176,6.96004848,51786537,379710587.24,0.4709,1,-0.9485,0
2023-01-12,sh.600011,6.89403176,6.92232464,6.7902912,6.82801504,6.89403176,41334224,300154949.68,0.3758,1,-0.9576,0
2023-01-13,sh.600011,6.81858408,6.837446,6.65825776,6.7431364,6.82801504,62919925,448654262.28,0.5721,1,-1.2431,0
2023-01-16,sh.600011,6.72427448,6.76199832,6.62053392,6.65825776,6.7431364,80716626,572406011.96,0.7339,1,-1.2587,0
2023-01-17,sh.600011,6.66768872,6.66768872,6.48850048,6.58281008,6.65825776,70570371,490729248.73,0.6417,1,-1.1331,0
2023-01-18,sh.600011,6.601672,6.71484352,6.5073624,6.6488268,6.58281008,98744672,695738086.53,0.8979,1,1.0029,0
2023-01-19,sh.600011,6.62053392,6.67711968,6.52622432,6.67711968,6.6488268,81242031,568967756.95,0.7387,1,0.4255,0
2023-01-20,sh.600011,6.66768872,6.96004848,6.62996488,6.89403176,6.67711968,103794664,752332472.77,0.9438,1,3.2486,0
2023-01-30,sh.600011,6.89403176,6.90346272,6.6959816,6.75256736,6.89403176,111361819,799135799.92,1.0126,1,-2.052,0
2023-01-31,sh.600011,6.6959816,7.07322,6.6959816,7.05435808,6.75256736,151172822,1112934902.49,1.3746,1,4.4693,0
2023-02-01,sh.600011,6.99777232,7.2146844,6.8846008,7.15809864,7.05435808,98062224,735068463.82,0.8917,1,1.4706,0
2023-02-02,sh.600011,7.13923672,7.37501072,7.11094384,7.27127016,7.15809864,83870976,647176641.48,0.7626,1,1.581,0
2023-02-03,sh.600011,7.27127016,7.4033036,7.07322,7.3561488,7.27127016,107946480,834437428.38,0.9815,1,1.1673,0
2023-02-06,sh.600011,7.33728688,7.52590608,7.22411536,7.2618392,7.3561488,82872986,646233498.61,0.7535,1,-1.2821,0
2023-02-07,sh.600011,7.28070112,7.60135376,7.18639152,7.544768,7.2618392,83807269,665803329.5,0.762,1,3.8961,0
2023-02-08,sh.600011,7.50704416,7.60135376,7.42216552,7.52590608,7.544768,65137275,518911661.45,0.5923,1,-0.25,0
2023-02-09,sh.600011,7.544768,7.76168008,7.3561488,7.47875128,7.52590608,62075869,492944364.11,0.5644,1,-0.6266,0
2023-02-10,sh.600011,7.48818224,7.76168008,7.4504584,7.66737048,7.47875128,76108506,613521225.6,0.692,1,2.5221,0
2023-02-13,sh.600011,7.780542,8.04460888,7.308994,7.36557976,7.66737048,134270509,1073405434.44,1.2209,1,-3.936,0
2023-02-14,sh.600011,7.36557976,7.69566336,7.36557976,7.62021568,7.36557976,73592052,590706411.04,0.6692,1,3.4571,0
2023-02-15,sh.600011,7.6390776,7.76168008,7.52590608,7.69566336,7.62021568,57716944,467151822.84,0.5248,1,0.9901,0
2023-02-16,sh.600011,7.66737048,7.79940392,7.51647512,7.62021568,7.69566336,60012135,485906766.28,0.5457,1,-0.9804,0
2023-02-17,sh.600011,7.58249184,7.6390776,7.43159648,7.44102744,7.62021568,51402493,410617616.11,0.4674,1,-2.3515,0
2023-02-20,sh.600011,7.43159648,7.57306088,7.4033036,7.47875128,7.44102744,43259989,342227182.82,0.3934,1,0.507,0
2023-02-21,sh.600011,7.37501072,7.53533704,7.2618392,7.4504584,7.47875128,49024567,385461321.95,0.4458,1,-0.3783,0
2023-02-22,sh.600011,7.4033036,7.544768,7.3561488,7.41273456,7.4504584,31235468,246022105.22,0.284,1,-0.5063,0
2023-02-23,sh.600011,7.32785592,7.4504584,7.1675296,7.41273456,7.41273456,69563097,537593669.59,0.6325,1,0.0,0
2023-02-24,sh.600011,7.39387264,7.4976132,7.29956304,7.45988936,7.41273456,43031895,338462335.96,0.3913,1,0.6361,0
2023-02-27,sh.600011,7.45988936,7.46932032,7.29013208,7.36557976,7.45988936,48472196,377633475.08,0.4407,1,-1.2642,0
2023-02-28,sh.600011,7.34671784,7.74281816,7.34671784,7.70509432,7.36557976,53244342,428967828.69,0.4841,1,4.6095,0
2023-03-01,sh.600011,7.7333872,7.94086832,7.6390776,7.88428256,7.70509432,66419898,549073381.1,0.6039,1,2.3256,0
2023-03-02,sh.600011,7.84655872,7.89371352,7.76168008,7.80883488,7.88428256,29598816,245094564.15,0.2691,1,-0.9569,0
2023-03-03,sh.600011,7.80883488,8.00688504,7.66737048,7.89371352,7.80883488,34882592,291613702.21,0.3172,1,1.087,0
2023-03-06,sh.600011,7.89371352,8.4407092,7.8748516,8.2049352,7.89371352,71791290,622417139.54,0.6528,1,3.9427,0
2023-03-07,sh.600011,8.17664232,8.42184728,8.04460888,8.12005656,8.2049352,71299053,620742698.44,0.6483,1,-1.0345,0
2023-03-08,sh.600011,8.10119464,8.12005656,7.89371352,7.98802312,8.12005656,43185355,364651165.43,0.3927,1,-1.626,0
2023-03-09,sh.600011,7.98802312,8.2049352,7.90314448,8.04460888,7.98802312,46131447,392182302.82,0.4195,1,0.7084,0
2023-03-10,sh.600011,7.98802312,8.05403984,7.81826584,7.91257544,8.04460888,39050716,327470311.26,0.3551,1,-1.6413,0
2023-03-13,sh.600011,7.91257544,8.02574696,7.81826584,7.94086832,7.91257544,27442619,230405773.39,0.2495,1,0.3576,0
2023-03-14,sh.600011,7.89371352,8.28038288,7.84655872,8.10119464,7.94086832,54288431,465404184.16,0.4936,1,2.019,0
2023-03-15,sh.600011,8.1106256,8.50672592,7.8748516,8.41241632,8.10119464,68647283,600065024.18,0.6242,1,3.8417,0
2023-03-16,sh.600011,8.38412344,8.5821736,8.18607328,8.487864,8.41241632,68758447,617348409.65,0.6252,1,0.8969,0
2023-03-17,sh.600011,8.4407092,8.8179476,8.3463996,8.3935544,8.487864,95237165,872072328.49,0.866,1,-1.1111,0
2023-03-20,sh.600011,8.45014016,8.50672592,8.12005656,8.16721136,8.3935544,67816159,592982977.16,0.6166,1,-2.6966,0
2023-03-21,sh.600011,8.16721136,8.3935544,8.1106256,8.19550424,8.16721136,34347054,300026904.24,0.3123,1,0.3464,0
2023-03-22,sh.600011,8.23322808,8.24265904,7.90314448,8.04460888,8.19550424,54958433,467255627.22,0.4997,1,-1.8412,0
2023-03-23,sh.600011,8.03517792,8.2992448,7.9220064,8.21436616,8.04460888,49880817,429603412.57,0.4536,1,2.1102,0
2023-03-24,sh.600011,8.19550424,8.27095192,8.08233272,8.19550424,8.21436616,24687428,214112251.33,0.2245,1,-0.2296,0
2023-03-27,sh.600011,8.19550424,8.2049352,7.8748516,8.07290176,8.19550424,63736548,538746091.5,0.5795,1,-1.496,0
2023-03-28,sh.600011,7.98802312,8.07290176,7.91257544,7.98802312,8.07290176,44661829,377533232.66,0.4061,1,-1.0514,0
2023-03-29,sh.600011,8.016316,8.21436616,7.93143736,8.00688504,7.98802312,38865804,330285796.63,0.3534,1,0.2361,0
2023-03-30,sh.600011,7.93143736,8.16721136,7.8748516,8.04460888,8.00688504,34761865,295209796.36,0.3161,1,0.4711,0
2023-03-31,sh.600011,8.02574696,8.1577804,8.00688504,8.08233272,8.04460888,32631322,279492575.36,0.2967,1,0.4689,0
2023-04-03,sh.600011,8.07290176,8.07290176,7.71452528,7.91257544,8.08233272,85684242,714943930.92,0.7791,1,-2.1004,0
2023-04-04,sh.600011,7.89371352,7.90314448,7.62021568,7.83712776,7.91257544,136417913,1124719902.92,1.2404,1,-0.9535,0
2023-04-06,sh.600011,7.79940392,7.90314448,7.69566336,7.80883488,7.83712776,45726696,378858095.66,0.4158,1,-0.361,0
2023-04-07,sh.600011,7.79940392,8.0634708,7.75224912,8.03517792,7.80883488,34666298,290866091.08,0.3152,1,2.8986,0
2023-04-10,sh.600011,7.97859216,8.487864,7.9691612,8.3463996,8.03517792,61672551,545234776.48,0.5608,1,3.8732,0
2023-04-11,sh.600011,8.3463996,8.42184728,8.24265904,8.37469248,8.3463996,32521748,287331068.68,0.2957,1,0.339,0
2023-04-12,sh.600011,8.37469248,8.38412344,8.12005656,8.23322808,8.37469248,31699031,276029628.53,0.2882,1,-1.6892,0
2023-04-13,sh.600011,8.23322808,8.35583056,8.09176368,8.26152096,8.23322808,50507480,439970427.02,0.4593,1,0.3436,0
2023-04-14,sh.600011,8.28038288,8.76136184,8.25209,8.56331168,8.26152096,79051433,717547777.64,0.7188,1,3.653,0
2023-04-17,sh.600011,8.60103552,8.70477608,8.46900208,8.65762128,8.56331168,45269104,413024690.82,0.4116,1,1.1013,0
2023-04-18,sh.600011,8.68591416,8.74249992,8.24265904,8.3463996,8.65762128,48077699,427269766.2,0.4372,1,-3.5948,0
2023-04-19,sh.600011,8.33696864,8.5821736,8.28038288,8.51615688,8.3463996,35349143,317401366.33,0.3214,1,2.0339,0
2023-04-20,sh.600011,8.60103552,8.60103552,8.32753768,8.37469248,8.51615688,26899600,238991082.77,0.2446,1,-1.6611,0
2023-04-21,sh.600011,8.37469248,8.45014016,8.19550424,8.23322808,8.37469248,32928947,289587702.6,0.2994,1,-1.6892,0
2023-04-24,sh.600011,8.28038288,8.57274264,8.18607328,8.41241632,8.23322808,47717229,426565407.18,0.4339,1,2.1764,0
2023-04-25,sh.600011,8.487864,8.64819032,8.37469248,8.55388072,8.41241632,57048613,516589555.07,0.5187,1,1.6816,0
2023-04-26,sh.600011,9.0537216,9.2894956,8.7707928,9.01599776,8.55388072,145239105,1395880883.01,1.3206,1,5.4024,0
2023-04-27,sh.600011,8.82737856,9.2423408,8.79908568,9.1008764,9.01599776,98796907,944687738.18,0.8983,1,0.9414,0
2023-04-28,sh.600011,9.06315256,9.22347888,8.96884296,9.1480312,9.1008764,74033781,715290439.42,0.6732,1,0.5181,0
2023-05-04,sh.600011,9.11030736,9.53470056,9.0537216,9.41209808,9.1480312,71714507,710424124.44,0.6521,1,2.8866,0
2023-05-05,sh.600011,9.42152904,9.68559592,9.3366504,9.49697672,9.41209808,81206015,816681017.5,0.7384,1,0.9018,0
2023-05-08,sh.600011,9.49697672,9.91193896,9.36494328,9.41209808,9.49697672,81083672,823371205.0,0.7373,1,-0.8937,0
2023-05-09,sh.600011,9.3838052,9.44982192,9.16689312,9.20461696,9.41209808,64746093,638150145.63,0.5887,1,-2.2044,0
2023-05-10,sh.600011,9.20461696,9.30835752,9.0065668,9.09144544,9.20461696,31909118,309520535.26,0.2901,1,-1.2295,0
2023-05-11,sh.600011,9.09144544,9.29892656,8.96884296,9.13860024,9.09144544,44111258,426390985.52,0.4011,1,0.5187,0
2023-05-12,sh.600011,9.12916928,9.62901016,9.1008764,9.29892656,9.13860024,76844977,767809008.74,0.6987,1,1.7544,0
2023-05-15,sh.600011,9.40266712,9.61014824,8.69534512,8.78022376,9.29892656,178173741,1693657513.79,1.6201,1,-5.5781,0
2023-05-16,sh.600011,8.79908568,9.07258352,8.64819032,8.83680952,8.78022376,96883380,911004085.41,0.8809,1,0.6445,0
2023-05-17,sh.600011,8.8179476,9.03485968,8.73306896,8.93111912,8.83680952,59521158,562902399.81,0.5412,1,1.0672,0
2023-05-18,sh.600011,8.959412,9.21404792,8.87453336,8.93111912,8.93111912,59459951,568869223.4,0.5407,1,0.0,0
2023-05-19,sh.600011,8.97827392,9.0537216,8.75193088,8.76136184,8.93111912,43235283,407667320.91,0.3931,1,-1.9007,0
2023-05-22,sh.600011,8.74249992,9.2423408,8.723638,9.0537216,8.76136184,84885875,814267012.55,0.7719,1,3.3369,0
2023-05-23,sh.600011,9.1008764,9.1480312,8.74249992,8.78022376,9.0537216,50785461,478876774.85,0.4618,1,-3.0208,0
2023-05-24,sh.600011,8.78022376,8.80851664,8.55388072,8.63875936,8.78022376,46475327,426552310.97,0.4226,1,-1.6112,0
2023-05-25,sh.600011,8.61989744,8.97827392,8.5821736,8.87453336,8.63875936,49533012,464492914.49,0.4504,1,2.7293,0
2023-05-26,sh.600011,8.92168816,9.30835752,8.92168816,9.15746216,8.87453336,90671500,880559130.38,0.8245,1,3.1881,0
2023-05-29,sh.600011,9.12916928,9.8553532,9.12916928,9.70445784,9.15746216,123547523,1256200491.41,1.1234,1,5.9732,0
2023-05-30,sh.600011,9.68559592,9.74218168,9.43096,9.65730304,9.70445784,71962075,729731533.9,0.6543,1,-0.4859,0
2023-05-31,sh.600011,9.63844112,9.9496628,9.49697672,9.60071728,9.65730304,63896384,654856947.34,0.581,1,-0.5859,0
2023-06-01,sh.600011,9.61014824,9.74218168,9.35551232,9.51583864,9.60071728,70145261,709735877.2,0.6378,1,-0.8841,0
2023-06-02,sh.600011,9.53470056,9.62901016,9.18575504,9.30835752,9.51583864,84307540,835369581.91,0.7666,1,-2.1804,0
2023-06-05,sh.600011,9.2894956,9.5252696,9.13860024,9.31778848,9.30835752,60600257,600630226.75,0.551,1,0.1013,0
2023-06-06,sh.600011,9.2423408,9.28006464,8.89339528,8.92168816,9.31778848,66561754,636009267.86,0.6052,1,-4.251,0
2023-06-07,sh.600011,8.94998104,8.99713584,8.723638,8.80851664,8.92168816,80273066,748438033.26,0.7299,1,-1.2685,0
2023-06-08,sh.600011,8.80851664,8.959412,8.65762128,8.9122572,8.80851664,48067656,449686050.3,0.4371,1,1.1777,0
2023-06-09,sh.600011,8.9122572,9.12916928,8.82737856,9.02542872,8.9122572,58252063,556974384.96,0.5297,1,1.2698,0
2023-06-12,sh.600011,9.08201448,9.11973832,8.41241632,8.4407092,9.02542872,123419814,1127316659.67,1.1222,1,-6.4786,0
2023-06-13,sh.600011,8.43127824,8.54444976,8.27095192,8.2992448,8.4407092,75592911,670391840.2,0.6874,1,-1.676,0
2023-06-14,sh.600011,8.3935544,8.41241632,8.17664232,8.22379712,8.2992448,70814984,620698161.27,0.6439,1,-0.9091,0
2023-06-15,sh.600011,8.24265904,8.28038288,8.05403984,8.19550424,8.22379712,82399878,711616381.12,0.7492,1,-0.344,0
2023-06-16,sh.600011,8.23322808,8.24265904,7.99745408,8.016316,8.19550424,121699898,1040270208.05,1.1066,1,-2.1864,0
2023-06-19,sh.600011,8.05403984,8.37469248,7.97859216,8.33696864,8.016316,116125394,1010173208.81,1.0559,1,4.0,0
2023-06-20,sh.600011,8.30867576,8.41241632,8.1577804,8.2992448,8.33696864,89074399,782704696.84,0.8099,1,-0.4525,0
2023-06-21,sh.600011,8.30867576,8.5821736,8.28981384,8.33696864,8.2992448,102562541,916941863.76,0.9326,1,0.4545,0
2023-06-26,sh.600011,8.42184728,8.8179476,8.38412344,8.6293284,8.33696864,138187205,1264296453.27,1.2565,1,3.5068,0
2023-06-27,sh.600011,8.63875936,8.6764832,8.33696864,8.6293284,8.6293284,81223262,736712269.16,0.7385,1,0.0,0
2023-06-28,sh.600011,8.5821736,8.8651024,8.56331168,8.79908568,8.6293284,73340598,681045783.09,0.6669,1,1.9672,0
2023-06-29,sh.600011,8.78965472,8.8179476,8.59160456,8.723638,8.79908568,45545153,419948504.1,0.4141,1,-0.8574,0
2023-06-30,sh.600011,8.73306896,8.83680952,8.56331168,8.73306896,8.723638,55905938,515905132.41,0.5083,1,0.1081,0
2023-07-03,sh.600011,8.75193088,8.97827392,8.68591416,8.7707928,8.73306896,64813916,607527484.67,0.5893,1,0.432,0
2023-07-04,sh.600011,8.7707928,8.94055008,8.70477608,8.84624048,8.7707928,56723819,531362786.42,0.5158,1,0.8602,0
2023-07-05,sh.600011,8.75193088,8.94998104,8.75193088,8.9122572,8.84624048,41727998,393019769.04,0.3794,1,0.7463,0
2023-07-06,sh.600011,8.92168816,8.97827392,8.80851664,8.85567144,8.9122572,28778168,271201621.64,0.2617,1,-0.6349,0
2023-07-07,sh.600011,8.84624048,9.06315256,8.82737856,8.89339528,8.85567144,40768974,386798648.71,0.3707,1,0.426,0
2023-07-10,sh.600011,8.99713584,9.26120272,8.94998104,9.03485968,8.89339528,63525368,611129102.59,0.5776,1,1.5907,0
2023-07-11,sh.600011,9.03485968,9.06315256,8.87453336,8.98770488,9.03485968,29470585,280116801.28,0.268,1,-0.5219,0
2023-07-12,sh.600011,9.06315256,9.07258352,8.92168816,8.959412,8.98770488,35930377,342127193.65,0.3267,1,-0.3148,0
2023-07-13,sh.600011,8.90282624,8.97827392,8.79908568,8.93111912,8.959412,34270184,323325542.62,0.3116,1,-0.3158,0
2023-07-14,sh.600011,8.88396432,8.9122572,8.59160456,8.63875936,8.93111912,84031951,773017315.18,0.7641,1,-3.2735,0
2023-07-17,sh.600011,8.83680952,8.87453336,8.6764832,8.8179476,8.63875936,56176715,523845720.95,0.5108,1,2.0742,0
2023-07-18,sh.600011,8.83680952,8.8651024,8.61046648,8.7707928,8.8179476,37576146,349058135.84,0.3417,1,-0.5348,0
2023-07-19,sh.600011,8.7707928,8.79908568,8.65762128,8.73306896,8.7707928,23443853,216780212.5,0.2132,1,-0.4301,0
2023-07-20,sh.600011,8.74249992,8.74249992,8.54444976,8.55388072,8.73306896,27917162,255151936.22,0.2538,1,-2.0518,0
2023-07-21,sh.600011,8.55388072,8.65762128,8.47843304,8.60103552,8.55388072,37401076,339872418.34,0.3401,1,0.5513,0
2023-07-24,sh.600011,8.5350188,8.7707928,8.42184728,8.73306896,8.60103552,45816277,420143974.55,0.4166,1,1.5351,0
2023-07-25,sh.600011,8.6764832,8.723638,7.98802312,8.13891848,8.73306896,177847348,1543113247.95,1.6171,1,-6.8035,0
2023-07-26,sh.600011,8.0634708,8.24265904,7.9220064,8.19550424,8.13891848,108118596,928786478.33,0.9831,1,0.6952,0
2023-07-27,sh.600011,8.1106256,8.19550424,7.97859216,8.02574696,8.19550424,79522927,679687697.27,0.7231,1,-2.0713,0
2023-07-28,sh.600011,7.9691612,8.16721136,7.93143736,8.08233272,8.02574696,61280772,522811158.19,0.5572,1,0.7051,0
2023-07-31,sh.600011,8.05403984,8.12005656,7.95973024,8.1106256,8.08233272,81103601,691842258.32,0.7375,1,0.3501,0
2023-08-01,sh.600011,8.1106256,8.46900208,8.02574696,8.4407092,8.1106256,108919674,961588459.44,0.9904,1,4.0698,0
2023-08-02,sh.600011,8.3935544,8.45957112,8.25209,8.40298536,8.4407092,60106784,533605933.92,0.5465,1,-0.4469,0
2023-08-03,sh.600011,8.3935544,8.56331168,8.32753768,8.50672592,8.40298536,43397044,390323114.4,0.3946,1,1.2346,0
2023-08-04,sh.600011,8.487864,8.5821736,8.30867576,8.4407092,8.50672592,55487803,497117626.54,0.5045,1,-0.7761,0
2023-08-07,sh.600011,8.46900208,8.64819032,8.36526152,8.61046648,8.4407092,50001377,452916981.16,0.4547,1,2.0112,0
2023-08-08,sh.600011,8.60103552,8.8179476,8.487864,8.5350188,8.61046648,39909163,364462533.18,0.3629,1,-0.8762,0
2023-08-09,sh.600011,8.5350188,8.5350188,8.2992448,8.3935544,8.5350188,47110028,417972713.0,0.4284,1,-1.6575,0
2023-08-10,sh.600011,8.41241632,8.5350188,8.32753768,8.33696864,8.3935544,30828523,274661415.65,0.2803,1,-0.6742,0
2023-08-11,sh.600011,8.33696864,8.38412344,8.23322808,8.2992448,8.33696864,37194013,327827269.67,0.3382,1,-0.4525,0
2023-08-14,sh.600011,8.28981384,8.6293284,8.19550424,8.57274264,8.2992448,57862224,521813629.84,0.5261,1,3.2955,0
2023-08-15,sh.600011,8.5821736,8.94998104,8.52558784,8.75193088,8.57274264,70436837,656855483.26,0.6405,1,2.0902,0
2023-08-16,sh.600011,8.68591416,8.75193088,8.60103552,8.66705224,8.75193088,38849829,357374080.57,0.3533,1,-0.9698,0
2023-08-17,sh.600011,8.6764832,8.68591416,8.43127824,8.54444976,8.66705224,34912011,315021888.0,0.3174,1,-1.4146,0
2023-08-18,sh.600011,8.51615688,8.61989744,8.45014016,8.45014016,8.54444976,16626067,150206575.86,0.1512,1,-1.1038,0
2023-08-21,sh.600011,8.41241632,8.4407092,8.2992448,8.2992448,8.45014016,22011092,195259192.7,0.2001,1,-1.7857,0
2023-08-22,sh.600011,8.30867576,8.42184728,8.19550424,8.36526152,8.2992448,29135222,256506665.06,0.2649,1,0.7955,0
2023-08-23,sh.600011,8.35583056,8.42184728,8.08233272,8.09176368,8.36526152,33336597,290333119.53,0.3031,1,-3.2694,0
2023-08-24,sh.600011,8.10119464,8.17664232,7.94086832,8.04460888,8.09176368,27788900,236880466.56,0.2527,1,-0.5828,0
2023-08-25,sh.600011,8.03517792,8.14834944,7.93143736,8.0634708,8.04460888,23583260,201580582.1,0.2144,1,0.2345,0
2023-08-28,sh.600011,8.43127824,8.4407092,7.70509432,7.75224912,8.0634708,87688836,735583589.33,0.7973,1,-3.8596,0
2023-08-29,sh.600011,7.74281816,7.79940392,7.6390776,7.7333872,7.75224912,57171437,468249583.2,0.5198,1,-0.2433,0
2023-08-30,sh.600011,7.76168008,7.88428256,7.6390776,7.67680144,7.7333872,50082676,410196094.76,0.4554,1,-0.7317,0
2023-08-31,sh.600011,7.65793952,7.72395624,7.52590608,7.6862324,7.67680144,55525884,449039437.89,0.5049,1,0.1229,0
2023-09-01,sh.600011,7.62964664,7.64850856,7.4976132,7.55419896,7.6862324,39515252,316690212.92,0.3593,1,-1.7178,0
2023-09-04,sh.600011,7.544768,7.55419896,7.25240824,7.3561488,7.55419896,131185472,1022468830.2,1.1928,1,-2.6217,0
2023-09-05,sh.600011,7.36557976,7.62964664,7.33728688,7.56362992,7.3561488,127992680,1019050858.12,1.1638,1,2.8205,0
2023-09-06,sh.600011,7.57306088,7.61078472,7.45988936,7.55419896,7.56362992,64750112,518347188.76,0.5888,1,-0.1247,0
2023-09-07,sh.600011,7.56362992,7.56362992,7.44102744,7.45988936,7.55419896,34929089,277217284.97,0.3176,1,-1.2484,0
2023-09-08,sh.600011,7.44102744,8.02574696,7.41273456,7.88428256,7.45988936,123022856,1014993012.96,1.1186,1,5.689,0
2023-09-11,sh.600011,7.8748516,7.95973024,7.76168008,7.79940392,7.88428256,88995381,741697099.0,0.8092,1,-1.0766,0
2023-09-12,sh.600011,7.79940392,8.08233272,7.780542,7.94086832,7.79940392,68835040,582689350.44,0.6259,1,1.8138,0
2023-09-13,sh.600011,7.95029928,8.016316,7.84655872,7.94086832,7.94086832,28768313,241483669.68,0.2616,1,0.0,0
2023-09-14,sh.600011,7.9220064,8.17664232,7.9220064,8.10119464,7.94086832,72274551,620015470.68,0.6572,1,2.019,0
2023-09-15,sh.600011,8.07290176,8.12948752,7.81826584,7.85598968,8.10119464,50136668,421210801.6,0.4559,1,-3.0268,0
2023-09-18,sh.600011,7.85598968,7.93143736,7.70509432,7.7333872,7.85598968,48899511,402421067.22,0.4446,1,-1.5606,0
2023-09-19,sh.600011,7.74281816,7.79940392,7.66737048,7.76168008,7.7333872,34669775,284798625.25,0.3152,1,0.3659,0
2023-09-20,sh.600011,7.76168008,7.77111104,7.61078472,7.6390776,7.76168008,27419985,222389749.02,0.2493,1,-1.5796,0
2023-09-21,sh.600011,7.62021568,7.780542,7.58249184,7.62964664,7.6390776,35342252,287477727.05,0.3214,1,-0.1235,0
2023-09-22,sh.600011,7.64850856,7.7333872,7.53533704,7.58249184,7.62964664,38716027,311932760.28,0.352,1,-0.618,0
2023-09-25,sh.600011,7.58249184,7.6390776,7.53533704,7.55419896,7.58249184,30646150,245749385.62,0.2787,1,-0.3731,0
2023-09-26,sh.600011,7.56362992,7.5919228,7.4504584,7.52590608,7.55419896,37771348,300732258.18,0.3434,1,-0.3745,0
2023-09-27,sh.600011,7.544768,7.6390776,7.45988936,7.45988936,7.52590608,32379399,258304249.09,0.2944,1,-0.8772,0
2023-09-28,sh.600011,7.4504584,7.4976132,7.39387264,7.42216552,7.45988936,34745655,273509449.04,0.3159,1,-0.5057,0
2023-10-09,sh.600011,7.42216552,7.45988936,7.3561488,7.42216552,7.42216552,26830342,211126773.74,0.244,1,0.0,0
2023-10-10,sh.600011,7.4976132,7.4976132,7.25240824,7.27127016,7.42216552,47959833,371807441.61,0.4361,1,-2.033,0
2023-10-11,sh.600011,7.27127016,7.37501072,7.17696056,7.2146844,7.27127016,43379467,333761793.65,0.3944,1,-0.7782,0
2023-10-12,sh.600011,7.2146844,7.38444168,7.19582248,7.36557976,7.2146844,46756421,362646034.94,0.4251,1,2.0915,0
2023-10-13,sh.600011,7.44102744,7.47875128,7.17696056,7.2146844,7.36557976,43659911,336081127.68,0.397,1,-2.0487,0
2023-10-16,sh.600011,7.1675296,7.23354632,7.08265096,7.15809864,7.2146844,35104019,265675194.83,0.3192,1,-0.7843,0
2023-10-17,sh.600011,7.12980576,7.28070112,7.08265096,7.19582248,7.15809864,45585100,347684571.0,0.4145,1,0.527,0
2023-10-18,sh.600011,7.1675296,7.1675296,6.98834136,7.03549616,7.19582248,32079482,239736362.71,0.2917,1,-2.228,0
2023-10-19,sh.600011,7.00720328,7.03549616,6.90346272,6.95061752,7.03549616,36183753,267117179.97,0.329,1,-1.2064,0
2023-10-20,sh.600011,6.9317556,6.98834136,6.82801504,6.96004848,6.95061752,26434793,194842069.34,0.2404,1,0.1357,0
2023-10-23,sh.600011,6.94118656,7.03549616,6.76199832,6.87516984,6.96004848,38488342,281655754.2,0.35,1,-1.2195,0
2023-10-24,sh.600011,6.85630792,6.87516984,6.72427448,6.7902912,6.87516984,39852491,286821379.94,0.3624,1,-1.2346,0
2023-10-25,sh.600011,6.9317556,6.96004848,6.5073624,6.6959816,6.7902912,100099457,706578284.6,0.9102,1,-1.3889,0
2023-10-26,sh.600011,6.61110296,7.03549616,6.58281008,6.98834136,6.6959816,88457735,644102762.85,0.8043,1,4.3662,0
2023-10-27,sh.600011,7.00720328,7.4033036,6.98834136,7.28070112,6.98834136,91128724,696455705.2,0.8286,1,4.1835,0
2023-10-30,sh.600011,7.28070112,7.29956304,7.11094384,7.20525344,7.28070112,56902927,433355941.55,0.5174,1,-1.0363,0
2023-10-31,sh.600011,7.24297728,7.28070112,7.11094384,7.17696056,7.20525344,39812766,303040970.26,0.362,1,-0.3927,0
2023-11-01,sh.600011,7.19582248,7.24297728,7.12980576,7.17696056,7.17696056,24646136,187838637.62,0.2241,1,0.0,0
2023-11-02,sh.600011,7.19582248,7.29013208,7.17696056,7.18639152,7.17696056,29863546,229063273.89,0.2715,1,0.1314,0
2023-11-03,sh.600011,7.18639152,7.39387264,7.15809864,7.23354632,7.18639152,41719363,322713489.06,0.3793,1,0.6562,0
2023-11-06,sh.600011,7.2618392,7.28070112,7.11094384,7.18639152,7.23354632,49117458,374747129.27,0.4466,1,-0.6519,0
2023-11-07,sh.600011,7.15809864,7.1675296,7.05435808,7.10151288,7.18639152,40110234,301760380.86,0.3647,1,-1.1811,0
2023-11-08,sh.600011,7.08265096,7.1675296,7.01663424,7.10151288,7.10151288,32256960,242994449.51,0.2933,1,0.0,0
2023-11-09,sh.600011,7.08265096,7.25240824,7.04492712,7.11094384,7.10151288,38888632,294426563.88,0.3536,1,0.1328,0
2023-11-10,sh.600011,7.09208192,7.24297728,6.91289368,7.17696056,7.11094384,65878733,495504537.95,0.599,1,0.9284,0
2023-11-13,sh.600011,7.27127016,7.44102744,7.00720328,7.15809864,7.17696056,110750567,845067397.68,1.007,1,-0.2628,0
2023-11-14,sh.600011,7.1203748,7.3561488,7.08265096,7.15809864,7.15809864,73108426,560076508.05,0.6648,1,0.0,0
2023-11-15,sh.600011,7.19582248,7.22411536,7.10151288,7.14866768,7.15809864,39140001,296285835.94,0.3559,1,-0.1318,0
2023-11-16,sh.600011,7.14866768,7.23354632,7.10151288,7.1675296,7.14866768,49364132,375288821.37,0.4489,1,0.2639,0
2023-11-17,sh.600011,7.18639152,7.34671784,7.1203748,7.27127016,7.1675296,63459559,487388183.04,0.577,1,1.4474,0
2023-11-20,sh.600011,7.2618392,7.37501072,7.20525344,7.2146844,7.27127016,61869269,477269462.25,0.5626,1,-0.7782,0
2023-11-21,sh.600011,7.2146844,7.25240824,7.10151288,7.1203748,7.2146844,46976850,356658889.18,0.4272,1,-1.3072,0
2023-11-22,sh.600011,7.13923672,7.20525344,7.10151288,7.13923672,7.1203748,41957670,318627342.83,0.3815,1,0.2649,0
2023-11-23,sh.600011,7.11094384,7.19582248,7.03549616,7.09208192,7.13923672,40378023,303801124.16,0.3671,1,-0.6605,0
2023-11-24,sh.600011,7.09208192,7.1203748,6.96947944,6.9789104,7.09208192,37148763,277080049.83,0.3378,1,-1.5957,0
2023-11-27,sh.600011,6.95061752,7.13923672,6.89403176,7.08265096,6.9789104,49376700,367629991.36,0.449,1,1.4865,0
2023-11-28,sh.600011,7.08265096,7.08265096,6.89403176,7.05435808,7.08265096,43354402,320759267.97,0.3942,1,-0.3995,0
2023-11-29,sh.600011,7.03549616,7.10151288,6.92232464,6.95061752,7.05435808,34110832,252905554.63,0.3102,1,-1.4706,0
2023-11-30,sh.600011,6.9789104,7.28070112,6.96004848,7.27127016,6.95061752,106614957,812410118.96,0.9694,1,4.6133,0
2023-12-01,sh.600011,7.28070112,7.28070112,7.14866768,7.22411536,7.27127016,39044631,298643662.5,0.355,1,-0.6485,0
2023-12-04,sh.600011,7.22411536,7.29013208,7.17696056,7.2618392,7.22411536,31116001,239021581.68,0.2829,1,0.5222,0
2023-12-05,sh.600011,7.23354632,7.4033036,7.2146844,7.22411536,7.2618392,43627108,337956376.19,0.3967,1,-0.5195,0
2023-12-06,sh.600011,7.19582248,7.2146844,7.04492712,7.15809864,7.22411536,36776529,278277132.82,0.3344,1,-0.9138,0
2023-12-07,sh.600011,7.2146844,7.43159648,7.17696056,7.308994,7.15809864,49828191,385924173.2,0.4531,1,2.108,0
2023-12-08,sh.600011,7.308994,7.45988936,7.25240824,7.33728688,7.308994,50183969,391665258.87,0.4563,1,0.3871,0
2023-12-11,sh.600011,7.33728688,7.45988936,7.13923672,7.45988936,7.33728688,59811503,465735925.44,0.5439,1,1.671,0
2023-12-12,sh.600011,7.44102744,7.51647512,7.39387264,7.42216552,7.45988936,33275744,262650300.63,0.3026,1,-0.5057,0
2023-12-13,sh.600011,7.42216552,7.50704416,7.38444168,7.4033036,7.42216552,30416500,239274197.31,0.2766,1,-0.2541,0
2023-12-14,sh.600011,7.38444168,7.4504584,7.308994,7.32785592,7.4033036,38597620,301111153.4,0.351,1,-1.0191,0
2023-12-15,sh.600011,7.32785592,7.37501072,7.11094384,7.14866768,7.32785592,45823983,350554577.17,0.4167,1,-2.4453,0
2023-12-18,sh.600011,7.12980576,7.25240824,7.08265096,7.13923672,7.14866768,33434878,253880441.67,0.304,1,-0.1319,0
2023-12-19,sh.600011,7.13923672,7.1675296,7.0260652,7.09208192,7.13923672,25798183,193631580.63,0.2346,1,-0.6605,0
2023-12-20,sh.600011,7.1675296,7.48818224,7.1675296,7.34671784,7.09208192,88220816,691087503.0,0.8022,1,3.5904,0
2023-12-21,sh.600011,7.33728688,7.33728688,7.2146844,7.29956304,7.34671784,42671360,329081831.8,0.388,1,-0.6418,0
2023-12-22,sh.600011,7.28070112,7.31842496,7.18639152,7.2618392,7.29956304,42802000,329181284.0,0.3892,1,-0.5168,0
2023-12-25,sh.600011,7.25240824,7.42216552,7.17696056,7.39387264,7.2618392,30130894,233562384.5,0.274,1,1.8182,0
2023-12-26,sh.600011,7.34671784,7.48818224,7.308994,7.42216552,7.39387264,35039600,274800790.0,0.3186,1,0.3827,0
2023-12-27,sh.600011,7.36557976,7.52590608,7.34671784,7.51647512,7.42216552,50579748,399220505.07,0.4599,1,1.2706,0
2023-12-28,sh.600011,7.50704416,7.5919228,7.29956304,7.37501072,7.51647512,71736980,561520455.57,0.6523,1,-1.8821,0
2023-12-29,sh.600011,7.3561488,7.39387264,7.24297728,7.2618392,7.37501072,46224024,358085489.53,0.4203,1,-1.5345,0
2024-01-02,sh.600011,7.22411536,7.58249184,7.22411536,7.544768,7.2618392,70604045,557412564.57,0.642,1,3.8961,0
2024-01-03,sh.600011,7.51647512,7.89371352,7.45988936,7.85598968,7.544768,89246665,731106627.42,0.8115,1,4.125,0
2024-01-04,sh.600011,7.84655872,7.95973024,7.69566336,7.94086832,7.85598968,66736672,554867871.03,0.6068,1,1.0804,0
2024-01-05,sh.600011,7.8748516,8.0634708,7.80883488,7.8748516,7.94086832,66348133,558303405.48,0.6033,1,-0.8314,0
2024-01-08,sh.600011,7.8276968,8.04460888,7.74281816,7.9691612,7.8748516,61389936,516924478.78,0.5582,1,1.1976,0
2024-01-09,sh.600011,7.95973024,8.09176368,7.81826584,8.0634708,7.9691612,52345629,443583097.64,0.476,1,1.1834,0
2024-01-10,sh.600011,8.02574696,8.17664232,7.98802312,8.09176368,8.0634708,37658762,322723333.62,0.3424,1,0.3509,0
2024-01-11,sh.600011,8.08233272,8.09176368,7.85598968,7.89371352,8.09176368,59359391,499778004.16,0.5397,1,-2.4476,0
2024-01-12,sh.600011,7.89371352,8.03517792,7.85598968,7.9691612,7.89371352,37927285,320239175.75,0.3449,1,0.9558,0
2024-01-15,sh.600011,7.95973024,8.1577804,7.9220064,8.12005656,7.9691612,51319376,440445988.91,0.4666,1,1.8935,0
2024-01-16,sh.600011,8.04460888,8.22379712,7.9691612,8.1577804,8.12005656,46614596,400422924.21,0.4239,1,0.4646,0
2024-01-17,sh.600011,8.14834944,8.21436616,8.0634708,8.0634708,8.1577804,30318204,261690450.06,0.2757,1,-1.1561,0
2024-01-18,sh.600011,8.04460888,8.10119464,7.71452528,7.95973024,8.0634708,76745742,641446365.76,0.6978,1,-1.2865,0
2024-01-19,sh.600011,7.93143736,7.94086832,7.6390776,7.71452528,7.95973024,83220645,683751939.96,0.7567,1,-3.0806,0
2024-01-22,sh.600011,7.6862324,7.80883488,7.544768,7.60135376,7.71452528,52927461,431698690.86,0.4813,1,-1.467,0
2024-01-23,sh.600011,7.58249184,7.85598968,7.4504584,7.780542,7.60135376,53446713,434096421.46,0.486,1,2.3573,0
2024-01-24,sh.600011,7.81826584,7.98802312,7.74281816,7.9691612,7.780542,42729342,356688865.18,0.3885,1,2.4242,0
2024-01-25,sh.600011,7.98802312,8.19550424,7.9220064,8.19550424,7.9691612,45176340,388152803.08,0.4108,1,2.8402,0
2024-01-26,sh.600011,8.14834944,8.38412344,8.12005656,8.37469248,8.19550424,50491398,442877809.33,0.4591,1,2.1864,0
2024-01-29,sh.600011,8.3935544,8.61046648,8.30867576,8.41241632,8.37469248,61524414,552003098.72,0.5594,1,0.4505,0
2024-01-30,sh.600011,8.35583056,8.41241632,8.2049352,8.25209,8.41241632,43909984,386911838.73,0.3993,1,-1.9058,0
2024-01-31,sh.600011,7.8748516,8.43127824,7.78997296,8.26152096,8.25209,104902021,910634326.83,0.9539,1,0.1143,0
2024-02-01,sh.600011,8.18607328,8.2049352,7.94086832,8.00688504,8.26152096,61618549,526069145.8,0.5603,1,-3.0822,0
2024-02-02,sh.600011,8.00688504,8.28981384,7.94086832,8.16721136,8.00688504,53919894,465908674.46,0.4903,1,2.0024,0
2024-02-05,sh.600011,8.1577804,8.3935544,7.97859216,8.0634708,8.16721136,73583595,636195406.09,0.6691,1,-1.2702,0
2024-02-06,sh.600011,8.05403984,8.2049352,7.83712776,8.0634708,8.0634708,64468774,546525860.14,0.5862,1,0.0,0
2024-02-07,sh.600011,8.05403984,8.0634708,7.75224912,8.03517792,8.0634708,73882874,616195432.72,0.6718,1,-0.3509,0
2024-02-08,sh.600011,7.8748516,8.24265904,7.79940392,8.24265904,8.03517792,51787996,439591180.56,0.4709,1,2.5822,0
2024-02-19,sh.600011,8.26152096,8.47843304,8.18607328,8.47843304,8.24265904,49008813,433710062.58,0.4456,1,2.8604,0
2024-02-20,sh.600011,8.41241632,8.65762128,8.31810672,8.4407092,8.47843304,42238798,380633117.27,0.3841,1,-0.4449,0
2024-02-21,sh.600011,8.42184728,8.52558784,8.27095192,8.30867576,8.4407092,58673591,519082258.63,0.5335,1,-1.5642,0
2024-02-22,sh.600011,8.28038288,8.46900208,8.25209,8.46900208,8.30867576,49504973,440239834.6,0.4501,1,1.9296,0
2024-02-23,sh.600011,8.45957112,8.5821736,8.40298536,8.46900208,8.46900208,48945486,440616006.47,0.4451,1,0.0,0
2024-02-26,sh.600011,8.4407092,8.45957112,8.1577804,8.23322808,8.46900208,54500938,479853301.08,0.4956,1,-2.784,0
2024-02-27,sh.600011,8.18607328,8.28981384,8.0634708,8.13891848,8.23322808,54395720,469062823.9,0.4946,1,-1.1455,0
2024-02-28,sh.600011,8.10119464,8.487864,8.07290176,8.38412344,8.13891848,79414668,699789718.16,0.7221,1,3.0127,0
2024-02-29,sh.600011,8.28981384,8.32753768,8.17664232,8.31810672,8.38412344,51752127,452951549.98,0.4706,1,-0.7874,0
2024-03-01,sh.600011,8.30867576,8.40298536,8.12948752,8.13891848,8.31810672,53773468,467527736.99,0.489,1,-2.1542,0
2024-03-04,sh.600011,8.1106256,8.45014016,8.09176368,8.4407092,8.13891848,64571796,566496093.34,0.5871,1,3.708,0
2024-03-05,sh.600011,8.43127824,8.71420704,8.37469248,8.61046648,8.4407092,71403897,650961272.28,0.6493,1,2.0112,0
2024-03-06,sh.600011,8.61046648,8.8651024,8.487864,8.5821736,8.61046648,59103471,542209019.12,0.5374,1,-0.3286,0
2024-03-07,sh.600011,8.54444976,8.83680952,8.487864,8.75193088,8.5821736,52826620,488429592.43,0.4803,1,1.978,0
2024-03-08,sh.600011,8.70477608,8.94998104,8.63875936,8.9122572,8.75193088,50782986,476160586.1,0.4618,1,1.8319,0
2024-03-11,sh.600011,8.94998104,9.04429064,8.65762128,8.83680952,8.9122572,50176508,468124943.68,0.4562,1,-0.8466,0
2024-03-12,sh.600011,8.78965472,8.8179476,8.42184728,8.49729496,8.83680952,63290681,574616631.39,0.5755,1,-3.842,0
2024-03-13,sh.600011,8.4407092,8.55388072,8.31810672,8.5350188,8.49729496,51470117,461545042.37,0.468,1,0.444,0
2024-03-14,sh.600011,8.5350188,8.66705224,8.46900208,8.61989744,8.5350188,40856067,371375725.48,0.3715,1,0.9945,0
2024-03-15,sh.600011,8.61046648,8.83680952,8.55388072,8.75193088,8.61989744,49950867,461841833.38,0.4542,1,1.5317,0
2024-03-18,sh.600011,8.7707928,9.09144544,8.59160456,8.75193088,8.75193088,60435510,566132568.17,0.5495,1,0.0,0
2024-03-19,sh.600011,8.723638,8.78965472,8.57274264,8.65762128,8.75193088,36935549,339049316.18,0.3358,1,-1.0776,0
2024-03-20,sh.600011,8.56331168,8.66705224,8.3935544,8.59160456,8.65762128,48141746,436171150.17,0.4377,1,-0.7625,0
2024-03-21,sh.600011,8.57274264,8.6293284,8.45014016,8.47843304,8.59160456,43408769,391594070.91,0.3947,1,-1.3172,0
2024-03-22,sh.600011,8.46900208,8.52558784,8.31810672,8.487864,8.47843304,40511161,362007625.65,0.3684,1,0.1112,0
2024-03-25,sh.600011,8.45014016,8.6293284,8.3935544,8.55388072,8.487864,38145264,346726534.86,0.3468,1,0.7778,0
2024-03-26,sh.600011,8.49729496,8.76136184,8.42184728,8.74249992,8.55388072,44409009,405776432.01,0.4038,1,2.2051,0
2024-03-27,sh.600011,8.73306896,8.79908568,8.6293284,8.64819032,8.74249992,44120922,407843779.49,0.4012,1,-1.0787,0
2024-03-28,sh.600011,8.65762128,8.723638,8.46900208,8.6293284,8.64819032,38806226,353270048.35,0.3529,1,-0.2181,0
2024-03-29,sh.600011,8.61989744,8.84624048,8.59160456,8.84624048,8.6293284,38821549,360672021.65,0.353,1,2.5137,0
2024-04-01,sh.600011,8.83680952,8.87453336,8.5821736,8.6764832,8.84624048,52540660,483904798.9,0.4777,1,-1.919,0
2024-04-02,sh.600011,8.64819032,8.94998104,8.63875936,8.9122572,8.6764832,47925716,450341853.76,0.4358,1,2.7174,0
2024-04-03,sh.600011,8.88396432,8.97827392,8.74249992,8.90282624,8.9122572,32736111,307574096.05,0.2977,1,-0.1058,0
2024-04-08,sh.600011,8.85567144,9.45925288,8.84624048,9.27063368,8.90282624,74528419,727962164.61,0.6777,1,4.1314,0
2024-04-09,sh.600011,9.2423408,9.29892656,9.08201448,9.22347888,9.27063368,35654118,347649006.05,0.3242,1,-0.5086,0
2024-04-10,sh.600011,9.195186,9.43096,9.16689312,9.23290984,9.22347888,41360750,407870172.27,0.3761,1,0.1022,0
2024-04-11,sh.600011,9.16689312,9.45925288,9.12916928,9.39323616,9.23290984,45212043,447464135.05,0.4111,1,1.7365,0
2024-04-12,sh.600011,9.42152904,9.6195792,9.39323616,9.5252696,9.39323616,40866878,412801335.97,0.3716,1,1.4056,0
2024-04-15,sh.600011,9.51583864,9.6195792,9.32721944,9.56299344,9.5252696,47115663,474100813.5,0.4284,1,0.396,0
2024-04-16,sh.600011,9.51583864,9.63844112,9.28006464,9.35551232,9.56299344,55996256,560040018.61,0.5092,1,-2.1696,0
2024-04-17,sh.600011,9.41209808,9.49697672,9.26120272,9.4781148,9.35551232,32913719,327772085.56,0.2993,1,1.3105,0
2024-04-18,sh.600011,9.44982192,9.5252696,8.97827392,9.07258352,9.4781148,93756466,909688505.11,0.8525,1,-4.2786,0
2024-04-19,sh.600011,9.03485968,9.16689312,8.94055008,9.02542872,9.07258352,52829475,506325274.7,0.4804,1,-0.5198,0
2024-04-22,sh.600011,9.06315256,9.23290984,8.79908568,8.959412,9.02542872,68311536,651011583.51,0.6211,1,-0.7315,0
2024-04-23,sh.600011,8.99713584,8.99713584,8.76136184,8.78022376,8.959412,42176240,394401456.39,0.3835,1,-2.0,0
2024-04-24,sh.600011,9.13860024,9.50640768,9.07258352,9.16689312,8.78022376,132309175,1296257182.85,1.2031,1,4.4039,0
2024-04-25,sh.600011,9.16689312,9.195186,8.8651024,8.93111912,9.16689312,61703748,587737785.62,0.5611,1,-2.572,0
2024-04-26,sh.600011,8.93111912,8.96884296,8.78022376,8.88396432,8.93111912,64380231,605413622.5,0.5854,1,-0.528,0
2024-04-29,sh.600011,8.82737856,8.84624048,8.54444976,8.69534512,8.88396432,104336636,957218953.52,0.9487,1,-2.1231,0
2024-04-30,sh.600011,8.68591416,8.8651024,8.61046648,8.82737856,8.69534512,83887318,777699970.82,0.7628,1,1.5184,0
2024-05-06,sh.600011,8.79908568,8.9122572,8.6293284,8.90282624,8.82737856,80063378,747719385.56,0.728,1,0.8547,0
2024-05-07,sh.600011,8.82737856,8.94055008,8.68591416,8.70477608,8.90282624,69277355,643988445.81,0.6299,1,-2.2246,0
2024-05-08,sh.600011,8.6764832,8.75193088,8.61046648,8.6293284,8.70477608,64325518,591282973.28,0.5849,1,-0.8667,0
2024-05-09,sh.600011,8.6764832,8.6764832,8.49729496,8.64819032,8.6293284,70540927,642329856.99,0.6414,1,0.2186,0
2024-05-10,sh.600011,8.61989744,8.74249992,8.61989744,8.73306896,8.64819032,81362246,749705816.94,0.7398,1,0.9815,0
2024-05-13,sh.600011,8.723638,8.99713584,8.64819032,8.92168816,8.73306896,115065351,1080041071.84,1.0463,1,2.1598,0
2024-05-14,sh.600011,8.9122572,9.0065668,8.7707928,8.94998104,8.92168816,72243022,683612700.44,0.6569,1,0.3171,0
2024-05-15,sh.600011,8.9122572,9.02542872,8.54444976,8.60103552,8.94998104,79660763,738217897.79,0.7243,1,-3.8988,0
2024-05-16,sh.600011,8.63875936,8.65762128,8.38412344,8.42184728,8.60103552,81661493,733179275.36,0.7425,1,-2.0833,0
2024-05-17,sh.600011,8.38412344,8.45014016,8.25209,8.30867576,8.42184728,77801709,687213072.45,0.7074,1,-1.3438,0
2024-05-20,sh.600011,8.2992448,8.50672592,8.25209,8.45014016,8.30867576,83621947,744388861.92,0.7604,1,1.7026,0
2024-05-21,sh.600011,8.42184728,8.45014016,8.3463996,8.38412344,8.45014016,37022733,329214825.55,0.3366,1,-0.7813,0
2024-05-22,sh.600011,8.36526152,8.49729496,8.32753768,8.40298536,8.38412344,52476822,468088163.46,0.4772,1,0.225,0
2024-05-23,sh.600011,8.37469248,8.37469248,8.19550424,8.23322808,8.40298536,45720440,400754678.8,0.4157,1,-2.0202,0
2024-05-24,sh.600011,8.23322808,8.51615688,8.22379712,8.42184728,8.23322808,100278219,898225153.58,0.9118,1,2.291,0
2024-05-27,sh.600011,8.45957112,8.723638,8.37469248,8.60103552,8.42184728,102250986,931328820.13,0.9297,1,2.1277,0
2024-05-28,sh.600011,8.59160456,8.6764832,8.54444976,8.59160456,8.60103552,57214190,522383861.88,0.5202,1,-0.1096,0
2024-05-29,sh.600011,8.61046648,8.66705224,8.4407092,8.64819032,8.59160456,53194988,483317459.94,0.4837,1,0.6586,0
2024-05-30,sh.600011,8.60103552,8.69534512,8.36526152,8.40298536,8.64819032,62998974,567347638.07,0.5728,1,-2.8353,0
2024-05-31,sh.600011,8.3935544,8.56331168,8.30867576,8.45014016,8.40298536,59600595,534720138.13,0.5419,1,0.5612,0
2024-06-03,sh.600011,8.47843304,8.52558784,8.36526152,8.487864,8.45014016,46848201,419860811.04,0.426,1,0.4464,0
2024-06-04,sh.600011,8.46900208,8.70477608,8.33696864,8.6764832,8.487864,71705991,649923854.12,0.652,1,2.2222,0
2024-06-05,sh.600011,8.66705224,8.73306896,8.54444976,8.5821736,8.6764832,44798565,410728718.12,0.4073,1,-1.087,0
2024-06-06,sh.600011,8.5821736,8.8179476,8.51615688,8.74249992,8.5821736,79194601,731638899.99,0.7201,1,1.8681,0
2024-06-07,sh.600011,8.68591416,8.92168816,8.6764832,8.8651024,8.74249992,64069468,598249382.02,0.5826,1,1.4024,0
2024-06-11,sh.600011,8.90282624,8.93111912,8.60103552,8.69534512,8.8651024,67638907,627380335.55,0.615,1,-1.9149,0
2024-06-12,sh.600011,8.68591416,8.84624048,8.60103552,8.80851664,8.69534512,55485878,512277451.4,0.5045,1,1.3015,0
2024-06-13,sh.600011,8.79908568,8.93111912,8.74249992,8.8651024,8.80851664,50457608,473022962.36,0.4588,1,0.6424,0
2024-06-14,sh.600011,8.84624048,9.0065668,8.69534512,8.723638,8.8651024,78974785,743332180.55,0.7181,1,-1.5957,0
2024-06-17,sh.600011,8.70477608,8.84624048,8.50672592,8.55388072,8.723638,62978290,576202341.79,0.5726,1,-1.9459,0
2024-06-18,sh.600011,8.56331168,8.6764832,8.47843304,8.61989744,8.55388072,43899413,400261131.69,0.3992,1,0.7718,0
2024-06-19,sh.600011,8.6293284,8.68591416,8.52558784,8.52558784,8.61989744,36003200,327925913.69,0.3274,1,-1.0941,0
2024-06-20,sh.600011,8.49729496,8.6293284,8.47843304,8.60103552,8.52558784,34558019,314167172.53,0.3142,1,0.885,0
2024-06-21,sh.600011,8.57274264,8.6764832,8.46900208,8.55388072,8.60103552,40659513,368905401.61,0.3697,1,-0.5482,0
2024-06-24,sh.600011,8.5350188,8.79908568,8.52558784,8.723638,8.55388072,57643688,530982703.99,0.5241,1,1.9846,0
2024-06-25,sh.600011,8.74249992,8.7707928,8.5350188,8.723638,8.723638,50371105,463006438.58,0.458,1,0.0,0
2024-06-26,sh.600011,8.70477608,8.7707928,8.51615688,8.68591416,8.723638,41243902,377038516.26,0.375,1,-0.4324,0
2024-06-27,sh.600011,8.61989744,8.7707928,8.60103552,8.6764832,8.68591416,32495178,299336686.02,0.2955,1,-0.1086,0
2024-06-28,sh.600011,8.70477608,9.18575504,8.6293284,9.07258352,8.6764832,68327908,648431178.27,0.6213,1,4.5652,0
2024-07-01,sh.600011,9.08201448,9.29892656,9.06315256,9.22347888,9.07258352,53281778,518786373.22,0.4845,1,1.6632,0
2024-07-02,sh.600011,9.20461696,9.2894956,9.09144544,9.25177176,9.22347888,39118145,382180615.06,0.3557,1,0.3067,0
2024-07-03,sh.600011,9.23290984,9.29892656,9.1008764,9.21404792,9.25177176,31807843,310264376.31,0.2892,1,-0.4077,0
2024-07-04,sh.600011,9.195186,9.3366504,9.15746216,9.17632408,9.21404792,36999291,362905556.17,0.3364,1,-0.4094,0
2024-07-05,sh.600011,9.2423408,9.27063368,8.92168816,9.08201448,9.17632408,43169256,414281019.32,0.3925,1,-1.0277,0
2024-07-08,sh.600011,9.13860024,9.2423408,9.0065668,9.16689312,9.08201448,42014475,407383523.04,0.382,1,0.9346,0
2024-07-09,sh.600011,9.1480312,9.23290984,9.0065668,9.195186,9.16689312,35189771,340360041.76,0.32,1,0.3086,0
2024-07-10,sh.600011,9.12916928,9.18575504,8.74249992,8.8179476,9.195186,66766410,627400367.17,0.6071,1,-4.1026,0
2024-07-11,sh.600011,8.8468578,8.866132,8.4420996,8.6444787,8.8179465,90184876,803481507.07,0.82,1,-1.9672,0
2024-07-12,sh.600011,8.5866561,8.6348416,8.3360915,8.384277,8.6444787,66418942,583617772.54,0.6039,1,-3.01,0
2024-07-15,sh.600011,8.2975431,8.5288335,8.1722608,8.4999222,8.384277,63686570,553764400.82,0.5791,1,1.3793,0
2024-07-16,sh.600011,8.4517367,8.5673819,8.3939141,8.480648,8.4999222,46470075,409157695.36,0.4225,1,-0.2268,0
2024-07-17,sh.600011,8.4517367,8.4517367,8.2397205,8.2782689,8.480648,48657406,419831307.56,0.4424,1,-2.3864,0
2024-07-18,sh.600011,8.2589947,8.4517367,8.1337124,8.4420996,8.2782689,53840623,464132538.33,0.4896,1,1.979,0
2024-07-19,sh.600011,8.4420996,8.4902851,8.2975431,8.4324625,8.4420996,47621691,414767715.74,0.433,1,-0.1142,0
2024-07-22,sh.600011,8.4131883,8.4131883,8.095164,8.1529866,8.4324625,77766174,659166264.34,0.7071,1,-3.3143,0
2024-07-23,sh.600011,8.1144382,8.1433495,7.9120591,7.9313333,8.1529866,47904370,396951433.85,0.4356,1,-2.7187,0
2024-07-24,sh.600011,7.9698817,8.1240753,7.9216962,8.0084301,7.9313333,48189919,401649386.19,0.4382,1,0.9721,0
2024-07-25,sh.600011,8.0084301,8.0469785,7.8445994,7.9891559,8.0084301,34663018,285659028.2,0.3152,1,-0.2407,0
2024-07-26,sh.600011,7.9698817,8.0373414,7.902422,7.9698817,7.9891559,32981151,272824499.56,0.2999,1,-0.2413,0
2024-07-29,sh.600011,7.9216962,8.0662527,7.9216962,8.0469785,7.9698817,36286703,302024313.16,0.3299,1,0.9674,0
2024-07-30,sh.600011,8.0373414,8.0373414,7.8156881,7.9120591,8.0469785,46680654,382818148.0,0.4245,1,-1.6766,0
2024-07-31,sh.600011,7.806051,7.806051,7.3916557,7.6614945,7.9120591,181567235,1424924066.68,1.651,1,-3.1669,0
2024-08-01,sh.600011,7.5651235,7.6518574,7.4494783,7.4591154,7.6614945,116641732,909734060.44,1.0606,1,-2.6415,0
2024-08-02,sh.600011,7.4012928,7.4591154,7.2181879,7.2663734,7.4591154,133055274,1005734459.73,1.2098,1,-2.584,0
2024-08-05,sh.600011,7.2470992,7.2567363,7.0929056,7.1025427,7.2663734,75222822,559646167.81,0.684,1,-2.2546,0
2024-08-06,sh.600011,7.1507282,7.2470992,7.0832685,7.2470992,7.1025427,76705575,571243453.21,0.6975,1,2.0353,0
2024-08-07,sh.600011,7.2085508,7.3145589,7.1892766,7.2663734,7.2470992,53647247,404882973.71,0.4878,1,0.266,0
2024-08-08,sh.600011,7.2567363,7.2760105,7.1410911,7.1603653,7.2663734,42480610,316672810.6,0.3863,1,-1.4589,0
2024-08-09,sh.600011,7.1796395,7.2181879,7.1218169,7.1218169,7.1603653,44366289,329906065.61,0.4034,1,-0.5384,0
2024-08-12,sh.600011,7.1507282,7.1796395,7.0639943,7.0929056,7.1218169,35768626,263733235.84,0.3252,1,-0.406,0
2024-08-13,sh.600011,7.0736314,7.1025427,7.0254459,7.0929056,7.0929056,32508000,238343397.0,0.2956,1,0.0,0
2024-08-14,sh.600011,7.0929056,7.1603653,7.0254459,7.1218169,7.0929056,39056407,287985592.35,0.3551,1,0.4076,0
2024-08-15,sh.600011,7.1025427,7.227825,7.0736314,7.2181879,7.1218169,56448789,421008088.1,0.5133,1,1.3532,0
2024-08-16,sh.600011,7.227825,7.2760105,7.1025427,7.1218169,7.2181879,51448435,382418407.3,0.4678,1,-1.3351,0
2024-08-19,sh.600011,7.1218169,7.1603653,7.0639943,7.0832685,7.1218169,36171852,266586635.24,0.3289,1,-0.5413,0
2024-08-20,sh.600011,7.1218169,7.1603653,6.9194378,6.9772604,7.0832685,49356978,358565884.93,0.4488,1,-1.4966,0
2024-08-21,sh.600011,6.9483491,6.9579862,6.8037926,6.9194378,6.9772604,56993403,406843619.39,0.5182,1,-0.8287,0
2024-08-22,sh.600011,6.9098007,6.9676233,6.8616152,6.9483491,6.9194378,42550363,305399038.61,0.3869,1,0.4178,0
2024-08-23,sh.600011,6.9194378,6.9579862,6.8327039,6.8616152,6.9483491,28584295,204130211.31,0.2599,1,-1.2483,0
2024-08-26,sh.600011,6.8712523,6.8905265,6.6977845,6.74597,6.8616152,57934791,406865737.99,0.5268,1,-1.6854,0
2024-08-27,sh.600011,6.7266958,6.7363329,6.6110506,6.7074216,6.74597,52065340,360392841.3,0.4734,1,-0.5714,0
2024-08-28,sh.600011,6.6881474,6.8519781,6.6785103,6.7845184,6.7074216,57348709,403513128.64,0.5215,1,1.1494,0
2024-08-29,sh.600011,6.7845184,6.7941555,6.6785103,6.6881474,6.7845184,55542486,387678671.56,0.505,1,-1.4205,0
2024-08-30,sh.600011,6.6977845,6.7363329,6.6303248,6.6881474,6.6881474,79573245,552588757.65,0.7235,1,0.0,0
2024-09-02,sh.600011,6.6785103,6.7845184,6.6303248,6.6881474,6.6881474,63764801,444755407.52,0.5798,1,0.0,0
2024-09-03,sh.600011,6.6881474,6.7266958,6.5435909,6.5917764,6.6881474,60873746,417360994.29,0.5535,1,-1.4409,0
2024-09-04,sh.600011,6.5725022,6.6014135,6.4857683,6.5146796,6.5917764,38539927,261600168.07,0.3504,1,-1.1696,0
2024-09-05,sh.600011,6.5243167,6.553228,6.4183086,6.5146796,6.5146796,52397917,352569052.65,0.4764,1,0.0,0
2024-09-06,sh.600011,6.5050425,6.6110506,6.4183086,6.4279457,6.5146796,54473838,368958672.03,0.4953,1,-1.3314,0
2024-09-09,sh.600011,6.3893973,6.3990344,6.2737521,6.360486,6.4279457,58896381,386813291.51,0.5355,1,-1.0495,0
2024-09-10,sh.600011,6.3797602,6.3990344,6.1581069,6.3508489,6.360486,62868438,408413376.57,0.5717,1,-0.1515,0
2024-09-11,sh.600011,6.3123005,6.3123005,6.1195585,6.1484698,6.3508489,54622935,350879638.63,0.4967,1,-3.1866,0
2024-09-12,sh.600011,6.167744,6.2737521,6.1388327,6.167744,6.1484698,48196380,310643666.6,0.4382,1,0.3135,0
2024-09-13,sh.600011,6.167744,6.264115,6.1195585,6.1870182,6.167744,42981369,277125921.42,0.3908,1,0.3125,0
2024-09-18,sh.600011,6.2159295,6.2159295,6.1291956,6.2062924,6.1870182,29670303,190204084.21,0.2698,1,0.3115,0
2024-09-19,sh.600011,6.2062924,6.3219376,6.1581069,6.3026634,6.2062924,45655937,296324816.4,0.4151,1,1.5528,0
2024-09-20,sh.600011,6.3026634,6.3026634,6.1484698,6.2255666,6.3026634,51387433,331183798.1,0.4673,1,-1.2232,0
2024-09-23,sh.600011,6.2062924,6.4761312,6.1870182,6.4086715,6.2255666,75130808,497377236.34,0.6831,1,2.9412,0
2024-09-24,sh.600011,6.4954054,6.649599,6.3797602,6.6206877,6.4086715,68195620,462210175.05,0.6201,1,3.3083,0
2024-09-25,sh.600011,6.6977845,6.8037926,6.6206877,6.6303248,6.6206877,95809808,665407744.03,0.8712,1,0.1456,0
2024-09-26,sh.600011,6.6014135,6.7748813,6.5435909,6.7748813,6.6303248,77719868,537118737.76,0.7067,1,2.1802,0
2024-09-27,sh.600011,6.8616152,6.9772604,6.7748813,6.9772604,6.7748813,68696478,490566112.21,0.6246,1,2.9872,0
2024-09-30,sh.600011,7.2085508,7.4976638,7.0639943,7.4302041,6.9772604,192154669,1454878423.22,1.7472,1,6.4917,0
2024-10-08,sh.600011,8.1433495,8.1433495,7.2374621,7.6518574,7.4302041,231917831,1846736199.86,2.1088,1,2.9831,0
2024-10-09,sh.600011,7.516938,7.516938,7.0639943,7.1796395,7.6518574,131034329,988141436.37,1.1915,1,-6.1713,0
2024-10-10,sh.600011,7.131454,7.4976638,7.1218169,7.2952847,7.1796395,101543930,772217614.76,0.9233,1,1.6107,0
2024-10-11,sh.600011,7.2952847,7.3145589,6.9868975,7.0447201,7.2952847,75664930,559896570.43,0.688,1,-3.4346,0
2024-10-14,sh.600011,7.0447201,7.1121798,6.9194378,6.9965346,7.0447201,137779669,1001297958.52,1.2528,1,-0.684,0
2024-10-15,sh.600011,6.9676233,7.035083,6.8134297,6.8230668,6.9965346,96605984,691826709.19,0.8784,1,-2.4793,0
2024-10-16,sh.600011,6.7748813,6.8905265,6.74597,6.8134297,6.8230668,55057014,390073272.74,0.5006,1,-0.1412,0
2024-10-17,sh.600011,6.8230668,6.8808894,6.6592361,6.6688732,6.8134297,64527758,451600838.42,0.5867,1,-2.1216,0
2024-10-18,sh.600011,6.6592361,6.8519781,6.5725022,6.7941555,6.6688732,94071715,653786822.58,0.8554,1,1.8786,0
2024-10-21,sh.600011,6.7941555,6.8134297,6.7170587,6.7556071,6.7941555,62578841,438595300.66,0.569,1,-0.5674,0
2024-10-22,sh.600011,6.7748813,7.0929056,6.74597,7.0543572,6.7556071,120256985,867553326.83,1.0935,1,4.4223,0
2024-10-23,sh.600011,7.0929056,7.1989137,6.9868975,7.0447201,7.0543572,79693084,584054935.56,0.7246,1,-0.1366,0
2024-10-24,sh.600011,6.9868975,7.131454,6.9579862,7.0929056,7.0447201,72175611,528436723.18,0.6563,1,0.684,0
2024-10-25,sh.600011,7.0736314,7.0929056,6.938712,7.0158088,7.0929056,79905203,581179348.12,0.7266,1,-1.087,0
2024-10-28,sh.600011,7.0061717,7.2181879,6.9194378,7.2085508,7.0158088,90898206,667911745.92,0.8265,1,2.7473,0
2024-10-29,sh.600011,7.1892766,7.2085508,6.9965346,7.0061717,7.2085508,65760682,482320663.92,0.5979,1,-2.8075,0
2024-10-30,sh.600011,6.9098007,6.9579862,6.7748813,6.8519781,7.0061717,76063448,540934580.79,0.6916,1,-2.2008,0
2024-10-31,sh.600011,6.8519781,7.1025427,6.8230668,6.9965346,6.8519781,84195956,607574713.6,0.7656,1,2.1097,0
2024-11-01,sh.600011,6.9965346,7.0254459,6.9001636,6.938712,6.9965346,45167288,326425419.03,0.4107,1,-0.8264,0
2024-11-04,sh.600011,6.9483491,6.9772604,6.8905265,6.9483491,6.938712,36416849,261693188.93,0.3311,1,0.1389,0
2024-11-05,sh.600011,6.938712,7.0061717,6.9001636,7.0061717,6.9483491,53759596,388730611.03,0.4888,1,0.8322,0
2024-11-06,sh.600011,7.0061717,7.0447201,6.9483491,6.9772604,7.0061717,51344647,372249297.71,0.4669,1,-0.4127,0
2024-11-07,sh.600011,6.9483491,7.0832685,6.9098007,7.0832685,6.9772604,65381396,477354994.22,0.5945,1,1.5193,0
2024-11-08,sh.600011,7.131454,7.1796395,7.0158088,7.0543572,7.0832685,59727390,438548147.78,0.5431,1,-0.4082,0
2024-11-11,sh.600011,7.035083,7.0832685,6.9676233,7.0832685,7.0543572,51187552,373406091.16,0.4654,1,0.4098,0
2024-11-12,sh.600011,7.0832685,7.1603653,6.9868975,7.0158088,7.0832685,74451701,545950244.0,0.677,1,-0.9524,0
2024-11-13,sh.600011,6.9868975,7.0736314,6.9868975,7.0447201,7.0158088,54098982,395091033.87,0.4919,1,0.4121,0
2024-11-14,sh.600011,7.0158088,7.131454,6.938712,6.9483491,7.0447201,71758098,524309536.64,0.6525,1,-1.368,0
2024-11-15,sh.600011,6.938712,7.0254459,6.8519781,6.8616152,6.9483491,58154096,419137423.88,0.5288,1,-1.2483,0
2024-11-18,sh.600011,6.8808894,7.0639943,6.8712523,6.9579862,6.8616152,63845563,462688754.28,0.5805,1,1.4045,0
2024-11-19,sh.600011,6.9676233,6.9676233,6.7556071,6.8519781,6.9579862,62479516,444242256.75,0.5681,1,-1.5235,0
2024-11-20,sh.600011,6.842341,6.938712,6.8037926,6.9098007,6.8519781,48527977,346856192.1,0.4413,1,0.8439,0
2024-11-21,sh.600011,6.8808894,6.9483491,6.8808894,6.938712,6.9098007,29964136,215231160.84,0.2725,1,0.4184,0
2024-11-22,sh.600011,6.9579862,6.9965346,6.7170587,6.7363329,6.938712,62404001,442451167.09,0.5674,1,-2.9167,0
2024-11-25,sh.600011,6.74597,6.8037926,6.6206877,6.6688732,6.7363329,40974003,285017284.73,0.3726,1,-1.0014,0
2024-11-26,sh.600011,6.6688732,6.7074216,6.6014135,6.6303248,6.6688732,26016586,179396468.48,0.2366,1,-0.578,0
2024-11-27,sh.600011,6.6303248,6.7074216,6.553228,6.7074216,6.6303248,31421270,216364965.1,0.2857,1,1.1628,0
2024-11-28,sh.600011,6.6881474,6.7170587,6.6303248,6.649599,6.7074216,27969799,193581158.25,0.2543,1,-0.8621,0
2024-11-29,sh.600011,6.6592361,6.7266958,6.6303248,6.7170587,6.649599,39953825,277265329.75,0.3633,1,1.0145,0
2024-12-02,sh.600011,6.6881474,6.8134297,6.6785103,6.8037926,6.7170587,38796765,271796391.4,0.3528,1,1.2912,0
2024-12-03,sh.600011,6.7845184,6.8616152,6.74597,6.842341,6.8037926,32540996,229946158.23,0.2959,1,0.5666,0
2024-12-04,sh.600011,6.842341,6.8519781,6.7941555,6.8327039,6.842341,28168425,199427779.23,0.2561,1,-0.1408,0
2024-12-05,sh.600011,6.8230668,6.842341,6.7845184,6.8037926,6.8327039,22734195,160805772.2,0.2067,1,-0.4231,0
2024-12-06,sh.600011,6.8037926,6.8905265,6.7941555,6.8712523,6.8037926,35937720,255746474.63,0.3268,1,0.9915,0
2024-12-09,sh.600011,7.0158088,7.0158088,6.8519781,6.9290749,6.8712523,60066601,432040257.2,0.5462,1,0.8415,0
2024-12-10,sh.600011,6.9868975,7.0254459,6.842341,6.8519781,6.9290749,60433036,433948790.6,0.5495,1,-1.1127,0
2024-12-11,sh.600011,6.8616152,6.9098007,6.8327039,6.8712523,6.8519781,34427948,245487863.3,0.313,1,0.2813,0
2024-12-12,sh.600011,6.8808894,6.8905265,6.8230668,6.8905265,6.8712523,47163511,335718124.71,0.4288,1,0.2805,0
2024-12-13,sh.600011,6.8616152,6.8712523,6.7363329,6.74597,6.8905265,51884670,365656412.39,0.4718,1,-2.0979,0
2024-12-16,sh.600011,6.7363329,6.8905265,6.7363329,6.8808894,6.74597,58649320,416054416.18,0.5333,1,2.0,0
2024-12-17,sh.600011,6.8905265,6.9290749,6.7845184,6.7941555,6.8808894,41346093,293319697.09,0.376,1,-1.2605,0
2024-12-18,sh.600011,6.8327039,6.9868975,6.7941555,6.8905265,6.7941555,68212563,490144739.07,0.6202,1,1.4184,0
2024-12-19,sh.600011,6.8616152,6.8905265,6.7170587,6.7748813,6.8905265,61027900,429802861.74,0.5549,1,-1.6783,0
2024-12-20,sh.600011,6.7748813,6.8037926,6.6206877,6.6399619,6.7748813,63377292,439573958.08,0.5763,1,-1.9915,0
2024-12-23,sh.600011,6.6399619,6.7556071,6.6110506,6.7170587,6.6399619,55480385,385944001.97,0.5045,1,1.1611,0
2024-12-24,sh.600011,6.6977845,6.7652442,6.649599,6.7556071,6.7170587,46166686,321594844.1,0.4198,1,0.5739,0
2024-12-25,sh.600011,6.7652442,6.7941555,6.649599,6.7074216,6.7556071,48851769,339995617.91,0.4442,1,-0.7133,0
2024-12-26,sh.600011,6.6977845,6.7170587,6.5050425,6.5435909,6.7074216,88144163,601123325.0,0.8015,1,-2.4425,0
2024-12-27,sh.600011,6.5339538,6.6303248,6.5050425,6.6206877,6.5435909,51519245,351531515.01,0.4685,1,1.1782,0
2024-12-30,sh.600011,6.6014135,6.6399619,6.5725022,6.5917764,6.6206877,38543118,264129234.01,0.3505,1,-0.4367,0
2024-12-31,sh.600011,6.6014135,6.6206877,6.5243167,6.5243167,6.5917764,40338631,274888510.89,0.3668,1,-1.0234,0
2025-01-02,sh.600011,6.5243167,6.5435909,6.2833892,6.3219376,6.5243167,59291369,393506015.46,0.5391,1,-3.1019,0
2025-01-03,sh.600011,6.3315747,6.4183086,6.3123005,6.3412118,6.3219376,41500394,274012362.27,0.3774,1,0.3049,0
2025-01-06,sh.600011,6.3412118,6.360486,6.264115,6.3219376,6.3412118,33778800,220763525.0,0.3071,1,-0.304,0
2025-01-07,sh.600011,6.3123005,6.3219376,6.2255666,6.2930263,6.3219376,33648803,218599937.47,0.306,1,-0.4573,0
2025-01-08,sh.600011,6.2833892,6.3412118,6.2352037,6.2930263,6.2930263,36139163,235630804.76,0.3286,1,0.0,0
2025-01-09,sh.600011,6.264115,6.264115,6.167744,6.1773811,6.2930263,36496288,234987757.96,0.3319,1,-1.8377,0
2025-01-10,sh.600011,6.167744,6.1773811,6.0039133,6.0039133,6.1773811,45689836,288127109.99,0.4154,1,-2.8081,0
2025-01-13,sh.600011,5.9846391,6.071373,5.9268165,6.0424617,6.0039133,39948147,248944085.22,0.3632,1,0.6421,0
2025-01-14,sh.600011,6.0520988,6.1773811,6.0424617,6.1773811,6.0424617,34819643,221820001.22,0.3166,1,2.2329,0
2025-01-15,sh.600011,6.1773811,6.2255666,6.1484698,6.2062924,6.1773811,25412391,163224822.51,0.2311,1,0.468,0
2025-01-16,sh.600011,6.2062924,6.2448408,6.1581069,6.1773811,6.2062924,25357352,163060873.8,0.2306,1,-0.4658,0
2025-01-17,sh.600011,6.1581069,6.2062924,6.1195585,6.1773811,6.1773811,20852800,133539738.0,0.1896,1,0.0,0
2025-01-20,sh.600011,6.1870182,6.2159295,6.1099214,6.1099214,6.1773811,28247200,180214307.0,0.2568,1,-1.092,0
2025-01-21,sh.600011,6.1291956,6.1388327,6.0617359,6.1099214,6.1099214,22540468,142568265.51,0.205,1,0.0,0
2025-01-22,sh.600011,6.1099214,6.1388327,6.0424617,6.071373,6.1099214,30528093,192347432.62,0.2776,1,-0.6309,0
2025-01-23,sh.600011,6.0810101,6.1581069,6.0328246,6.0328246,6.071373,34390200,217576094.5,0.3127,1,-0.6349,0
2025-01-24,sh.600011,6.0328246,6.0617359,5.9557278,6.0520988,6.0328246,32496510,202565093.7,0.2955,1,0.3195,0
2025-01-27,sh.600011,6.0520988,6.2159295,6.0424617,6.2062924,6.0520988,52840145,338632395.9,0.4805,1,2.5478,0
2025-02-05,sh.600011,6.2255666,6.3026634,6.1291956,6.3026634,6.2062924,45347777,292822233.51,0.4123,1,1.5528,0
2025-02-06,sh.600011,6.2833892,6.2833892,6.1966553,6.2448408,6.3026634,35088947,227133255.56,0.3191,1,-0.9174,0
2025-02-07,sh.600011,6.2448408,6.2737521,6.2159295,6.2544779,6.2448408,41507100,268845892.0,0.3774,1,0.1543,0
2025-02-10,sh.600011,6.264115,6.2930263,6.1773811,6.2062924,6.2544779,51939251,335418724.48,0.4723,1,-0.7704,0
2025-02-11,sh.600011,6.2062924,6.2159295,6.1484698,6.1581069,6.2062924,30193400,193297533.49,0.2745,1,-0.7764,0
2025-02-12,sh.600011,6.167744,6.167744,6.1099214,6.1581069,6.1581069,29193501,185871313.36,0.2655,1,0.0,0
2025-02-13,sh.600011,6.1581069,6.2062924,6.1291956,6.1966553,6.1581069,31911700,204598590.0,0.2902,1,0.626,0
2025-02-14,sh.600011,6.1966553,6.2159295,6.1388327,6.167744,6.1966553,26968701,172634244.38,0.2452,1,-0.4666,0
2025-02-17,sh.600011,6.1870182,6.3026634,6.1099214,6.3026634,6.167744,77843661,502825736.7,0.7078,1,2.1875,0
2025-02-18,sh.600011,6.3026634,6.3990344,6.264115,6.360486,6.3026634,69663532,459307647.1,0.6334,1,0.9174,0
2025-02-19,sh.600011,6.3315747,6.3701231,6.2737521,6.2930263,6.360486,42445188,277523490.76,0.3859,1,-1.0606,0
2025-02-20,sh.600011,6.2930263,6.456857,6.2448408,6.3990344,6.2930263,56268734,372347759.12,0.5116,1,1.6845,0
2025-02-21,sh.600011,6.3893973,6.4183086,6.3412118,6.3701231,6.3990344,46823655,309395656.09,0.4258,1,-0.4518,0
2025-02-24,sh.600011,6.3797602,6.4664941,6.3219376,6.360486,6.3701231,39701201,262531093.57,0.361,1,-0.1513,0
2025-02-25,sh.600011,6.3508489,6.3893973,6.3026634,6.3219376,6.360486,36764681,241671406.36,0.3343,1,-0.6061,0
2025-02-26,sh.600011,6.3123005,6.4375828,6.3123005,6.4183086,6.3219376,50959556,338216628.82,0.4634,1,1.5244,0
2025-02-27,sh.600011,6.4375828,6.4664941,6.3893973,6.4375828,6.4183086,36154416,241232833.01,0.3287,1,0.3003,0
2025-02-28,sh.600011,6.4375828,6.5435909,6.4086715,6.4761312,6.4375828,64406761,434327358.91,0.5856,1,0.5988,0
2025-03-03,sh.600011,6.5050425,6.553228,6.4375828,6.5050425,6.4761312,51639517,348160628.56,0.4695,1,0.4464,0
2025-03-04,sh.600011,6.5050425,6.5146796,6.4183086,6.4761312,6.5050425,32886811,220289297.32,0.299,1,-0.4444,0
2025-03-05,sh.600011,6.4664941,6.553228,6.4279457,6.5243167,6.4761312,37356659,252247666.24,0.3397,1,0.744,0
2025-03-06,sh.600011,6.5243167,6.5435909,6.3893973,6.3990344,6.5243167,67537948,451247664.18,0.6141,1,-1.9202,0
2025-03-07,sh.600011,6.3797602,6.4664941,6.360486,6.4183086,6.3990344,45659872,304313786.59,0.4152,1,0.3012,0
2025-03-10,sh.600011,6.3990344,6.4279457,6.360486,6.3797602,6.4183086,29946715,198481250.5,0.2723,1,-0.6006,0
2025-03-11,sh.600011,6.360486,6.4472199,6.3412118,6.4279457,6.3797602,28573750,189854642.5,0.2598,1,0.7553,0
2025-03-12,sh.600011,6.4279457,6.5050425,6.3990344,6.4761312,6.4279457,42038101,281704497.52,0.3822,1,0.7496,0
2025-03-13,sh.600011,6.4664941,6.5917764,6.4664941,6.5725022,6.4761312,66750323,453908270.58,0.6069,1,1.4881,0
2025-03-14,sh.600011,6.5821393,6.6014135,6.5146796,6.5339538,6.5725022,51165863,346930535.88,0.4652,1,-0.5865,0
2025-03-17,sh.600011,6.5435909,6.6206877,6.5243167,6.5628651,6.5339538,40290020,275240919.8,0.3663,1,0.4425,0
2025-03-18,sh.600011,6.5725022,6.5725022,6.4857683,6.4954054,6.5628651,34884298,235561051.48,0.3172,1,-1.0279,0
2025-03-19,sh.600011,6.4954054,6.5917764,6.4857683,6.5821393,6.4954054,42965073,292287174.86,0.3907,1,1.3353,0
2025-03-20,sh.600011,6.5821393,6.6881474,6.5725022,6.6785103,6.5821393,52996521,365584162.75,0.4819,1,1.4641,0
2025-03-21,sh.600011,6.6785103,6.7748813,6.6303248,6.6785103,6.6785103,60014056,417966178.55,0.5457,1,0.0,0
2025-03-24,sh.600011,6.6688732,6.7556071,6.6303248,6.6688732,6.6785103,53821528,373848748.14,0.4894,1,-0.1443,0
2025-03-25,sh.600011,6.6688732,6.8037926,6.6110506,6.7845184,6.6688732,59038536,413782334.55,0.5368,1,1.7341,0
2025-03-26,sh.600011,6.8134297,6.842341,6.649599,6.6881474,6.7845184,72077975,501178687.86,0.6554,1,-1.4205,0
2025-03-27,sh.600011,6.7074216,6.7266958,6.5628651,6.6014135,6.6881474,59177747,406098196.19,0.5381,1,-1.2968,0
2025-03-28,sh.600011,6.5917764,6.6881474,6.5146796,6.5435909,6.6014135,54351200,372334879.0,0.4942,1,-0.8759,0
2025-03-31,sh.600011,6.553228,6.7266958,6.553228,6.6688732,6.5435909,85277339,590266506.92,0.7754,1,1.9146,0
2025-04-01,sh.600011,6.6688732,6.7941555,6.6303248,6.7845184,6.6688732,72877672,509462314.45,0.6627,1,1.7341,0
2025-04-02,sh.600011,6.7748813,6.8037926,6.6977845,6.7652442,6.7845184,45838292,320718988.61,0.4168,1,-0.2841,0
2025-04-03,sh.600011,6.7266958,6.8519781,6.7170587,6.842341,6.7652442,57476422,406598507.25,0.5226,1,1.1396,0
2025-04-07,sh.600011,6.6688732,6.7266958,6.3123005,6.5435909,6.842341,126038128,857364746.64,1.146,1,-4.3662,0
2025-04-08,sh.600011,6.5435909,6.74597,6.5339538,6.74597,6.5435909,87951480,608293927.69,0.7997,1,3.0928,0
2025-04-09,sh.600011,6.7170587,6.8616152,6.553228,6.8230668,6.74597,121827257,850759418.34,1.1078,1,1.1429,0
2025-04-10,sh.600011,6.7845184,6.8134297,6.6977845,6.74597,6.8230668,64781435,453897690.4,0.589,1,-1.1299,0
2025-04-11,sh.600011,6.74597,6.7556071,6.5917764,6.649599,6.74597,58844634,406126494.02,0.5351,1,-1.4286,0
2025-04-14,sh.600011,6.649599,6.7074216,6.6206877,6.6881474,6.649599,46935375,324987712.9,0.4268,1,0.5797,0
2025-04-15,sh.600011,6.7074216,6.7652442,6.6688732,6.7652442,6.6881474,60916371,424593502.52,0.5539,1,1.1527,0
2025-04-16,sh.600011,6.7748813,6.8519781,6.7170587,6.8519781,6.7652442,78110481,550439393.42,0.7102,1,1.2821,0
2025-04-17,sh.600011,6.842341,6.9290749,6.8134297,6.9290749,6.8519781,65399304,467591742.25,0.5947,1,1.1252,0
2025-04-18,sh.600011,6.9194378,6.9194378,6.8327039,6.8519781,6.9290749,36688200,261222385.59,0.3336,1,-1.1127,0
2025-04-21,sh.600011,6.8616152,6.9290749,6.842341,6.9098007,6.8519781,32635591,233320804.78,0.2967,1,0.8439,0
2025-04-22,sh.600011,6.9098007,6.9868975,6.7941555,6.8037926,6.9098007,65557676,468339229.84,0.5961,1,-1.5342,0
2025-04-23,sh.600011,6.8037926,6.8616152,6.7845184,6.8230668,6.8037926,39128600,277165413.72,0.3558,1,0.2833,0
2025-04-24,sh.600011,6.8037926,6.9676233,6.8037926,6.9194378,6.8230668,64069747,459250439.61,0.5826,1,1.4124,0
2025-04-25,sh.600011,6.9194378,6.9676233,6.8712523,6.9194378,6.9194378,46545858,334008921.76,0.4232,1,0.0,0
2025-04-28,sh.600011,6.9579862,7.035083,6.8712523,6.9965346,6.9194378,79793045,578342149.86,0.7255,1,1.1142,0
2025-04-29,sh.600011,7.0061717,7.0158088,6.8905265,6.938712,6.9965346,63854343,460192641.45,0.5806,1,-0.8264,0
2025-04-30,sh.600011,6.9194378,6.9868975,6.8905265,6.9001636,6.938712,47300200,339713864.0,0.4301,1,-0.5556,0
2025-05-06,sh.600011,6.9194378,7.1121798,6.8712523,7.0929056,6.9001636,76636235,558318026.76,0.6968,1,2.7933,0
2025-05-07,sh.600011,7.1603653,7.1796395,6.9965346,7.0447201,7.0929056,52071177,380277427.85,0.4735,1,-0.6793,0
2025-05-08,sh.600011,7.0254459,7.0832685,7.0158088,7.0543572,7.0447201,38016643,278323977.41,0.3457,1,0.1368,0
2025-05-09,sh.600011,7.0543572,7.2760105,7.0543572,7.1796395,7.0543572,86181307,642315858.32,0.7836,1,1.776,0
2025-05-12,sh.600011,7.1603653,7.1796395,7.0929056,7.1603653,7.1796395,60952404,451234817.52,0.5542,1,-0.2685,0
2025-05-13,sh.600011,7.1700024,7.1796395,7.1025427,7.1700024,7.1603653,39309227,291148251.46,0.3574,1,0.1346,0
2025-05-14,sh.600011,7.1507282,7.1603653,7.0736314,7.1410911,7.1700024,41850888,308975134.2,0.3805,1,-0.4032,0
2025-05-15,sh.600011,7.131454,7.2760105,7.1218169,7.227825,7.1410911,62472025,468710588.5,0.568,1,1.2146,0
2025-05-16,sh.600011,7.2085508,7.2663734,7.1603653,7.2085508,7.227825,38021932,284458860.37,0.3457,1,-0.2667,0
2025-05-19,sh.600011,7.2085508,7.2663734,7.1892766,7.1989137,7.2085508,37007050,277509880.95,0.3365,1,-0.1337,0
2025-05-20,sh.600011,7.2181879,7.2567363,7.1796395,7.2470992,7.1989137,51412201,385261021.5,0.4675,1,0.6693,0
2025-05-21,sh.600011,7.2374621,7.3049218,7.2085508,7.2181879,7.2470992,56888494,428775938.9,0.5173,1,-0.3989,0
2025-05-22,sh.600011,7.2085508,7.2181879,7.1121798,7.131454,7.2181879,59863424,443662614.36,0.5443,1,-1.2016,0
2025-05-23,sh.600011,7.1218169,7.2085508,7.0929056,7.1218169,7.131454,42716492,316841058.4,0.3884,1,-0.1351,0
2025-05-26,sh.600011,7.1025427,7.1989137,7.0929056,7.1796395,7.1218169,37796538,280811859.1,0.3437,1,0.8119,0
2025-05-27,sh.600011,7.1796395,7.2085508,7.1218169,7.1603653,7.1796395,29484995,219281182.21,0.2681,1,-0.2685,0
2025-05-28,sh.600011,7.1410911,7.1603653,6.9098007,6.9676233,7.1603653,72588200,526581101.0,0.66,1,-2.6918,0
2025-05-29,sh.600011,6.9676233,6.9965346,6.9194378,6.9579862,6.9676233,43153615,311102080.27,0.3924,1,-0.1383,0
2025-05-30,sh.600011,6.9676233,7.0061717,6.9194378,6.9676233,6.9579862,45296024,327473381.32,0.4119,1,0.1385,0
2025-06-03,sh.600011,6.9483491,7.0061717,6.8905265,7.0061717,6.9676233,46416122,334734823.62,0.4221,1,0.5533,0
2025-06-04,sh.600011,6.9868975,7.0158088,6.9194378,6.938712,7.0061717,36332500,261987083.0,0.3304,1,-0.9629,0
2025-06-05,sh.600011,6.9676233,6.9772604,6.9098007,6.938712,6.938712,27242618,195934286.24,0.2477,1,0.0,0
2025-06-06,sh.600011,6.9290749,7.035083,6.9098007,7.0158088,6.938712,44362700,321845962.0,0.4034,1,1.1111,0
2025-06-09,sh.600011,7.0061717,7.0254459,6.9579862,6.9965346,7.0158088,30770300,223009281.68,0.2798,1,-0.2747,0
2025-06-10,sh.600011,7.0061717,7.1218169,6.9676233,7.035083,6.9965346,54997507,402308092.75,0.5001,1,0.551,0
2025-06-11,sh.600011,7.035083,7.0736314,6.9965346,7.0061717,7.035083,54581356,398186000.14,0.4963,1,-0.411,0
2025-06-12,sh.600011,7.0158088,7.0447201,6.938712,6.9579862,7.0061717,41261818,298848619.99,0.3752,1,-0.6878,0
2025-06-13,sh.600011,6.9483491,7.0543572,6.9483491,7.035083,6.9579862,74940900,546142309.23,0.6814,1,1.108,0
2025-06-16,sh.600011,7.0158088,7.0736314,6.9965346,7.0543572,7.035083,32349280,236149118.57,0.2941,1,0.274,0
2025-06-17,sh.600011,7.035083,7.1892766,7.0061717,7.1796395,7.0543572,54658831,404116062.37,0.497,1,1.776,0
2025-06-18,sh.600011,7.1796395,7.2181879,7.1603653,7.1796395,7.1796395,32717558,244094818.17,0.2975,1,0.0,0
2025-06-19,sh.600011,7.1892766,7.1892766,7.0736314,7.1218169,7.1796395,52580861,388941894.4,0.4781,1,-0.8054,0
2025-06-20,sh.600011,7.131454,7.1989137,7.0832685,7.1121798,7.1218169,46750553,345906606.52,0.4251,1,-0.1353,0
2025-06-23,sh.600011,7.1121798,7.1218169,6.9290749,6.938712,7.1121798,70552555,512225524.0,0.6415,1,-2.439,0
2025-06-24,sh.600011,6.9483491,6.9965346,6.9098007,6.9290749,6.938712,59137258,426240820.02,0.5377,1,-0.1389,0
2025-06-25,sh.600011,6.938712,7.0832685,6.9098007,7.0639943,6.9290749,61833791,448990759.76,0.5622,1,1.9471,0
2025-06-26,sh.600011,7.0639943,7.1121798,6.9965346,7.0061717,7.0639943,38884640,284437020.6,0.3536,1,-0.8186,0
2025-06-27,sh.600011,7.0061717,7.0158088,6.7845184,6.7845184,7.0061717,107647396,766087558.34,0.9788,1,-3.1637,0
2025-06-30,sh.600011,6.7748813,6.9098007,6.7748813,6.8808894,6.7845184,59979130,426306916.49,0.5454,1,1.4205,0
2025-07-01,sh.600011,6.8808894,6.9772604,6.8230668,6.9098007,6.8808894,59253058,425306457.86,0.5388,1,0.4202,0
2025-07-02,sh.600011,6.9194378,7.1507282,6.9194378,7.1121798,6.9098007,89718580,657879888.56,0.8158,1,2.9289,0
2025-07-03,sh.600011,7.131454,7.1507282,7.0832685,7.1121798,7.1121798,34900258,257598640.2,0.3173,1,0.0,0
2025-07-04,sh.600011,7.1025427,7.1796395,7.0929056,7.131454,7.1121798,33941713,251425005.0,0.3086,1,0.271,0
2025-07-07,sh.600011,7.2085508,7.2663734,7.0832685,7.2567363,7.131454,60526941,452505780.49,0.5504,1,1.7568,0
2025-07-08,sh.600011,7.2663734,7.2856476,7.1603653,7.2470992,7.2567363,51888750,388937613.04,0.4718,1,-0.1328,0
2025-07-09,sh.600011,7.227825,7.2952847,7.1603653,7.1700024,7.2470992,43320292,324215825.24,0.3939,1,-1.0638,0
2025-07-10,sh.600011,7.21,7.25,7.09,7.11,7.17,62288584,445084063.44,0.5664,1,-0.8368,0
2025-07-11,sh.600011,7.11,7.13,7.02,7.02,7.11,87667870,619713668.4,0.7971,1,-1.2658,0
2025-07-14,sh.600011,7.03,7.19,7.03,7.14,7.02,68866117,491700822.04,0.6262,1,1.7094,0
2025-07-15,sh.600011,7.16,7.23,7.02,7.06,7.14,76593130,542470782.84,0.6964,1,-1.1204,0
2025-07-16,sh.600011,7.06,7.11,7.01,7.03,7.06,42409663,299047500.42,0.3856,1,-0.4249,0
2025-07-17,sh.600011,7.04,7.08,6.91,6.94,7.03,68887918,479308504.61,0.6264,1,-1.2802,0
2025-07-18,sh.600011,6.97,7.04,6.94,7.03,6.94,49524595,346192012.49,0.4503,1,1.2968,0
2025-07-21,sh.600011,7.08,7.32,7.06,7.31,7.03,136720424,985301502.76,1.2432,1,3.9829,0
2025-07-22,sh.600011,7.31,7.35,7.19,7.31,7.31,91327336,664218158.34,0.8304,1,0.0,0
2025-07-23,sh.600011,7.31,7.35,7.17,7.19,7.31,61702966,446921737.8,0.5611,1,-1.6416,0
2025-07-24,sh.600011,7.19,7.2,7.05,7.1,7.19,98102572,697993824.24,0.892,1,-1.2517,0
2025-07-25,sh.600011,7.11,7.13,7.01,7.03,7.1,76636292,541217937.12,0.6968,1,-0.9859,0
2025-07-28,sh.600011,7.05,7.11,7.0,7.06,7.03,64874487,457991694.35,0.5899,1,0.4267,0
2025-07-29,sh.600011,7.06,7.15,7.01,7.03,7.06,70676100,499386189.0,0.6426,1,-0.4249,0
2025-07-30,sh.600011,7.16,7.73,7.15,7.62,7.03,364948904,2739874618.1,3.3184,1,8.3926,0
2025-07-31,sh.600011,7.54,7.58,7.23,7.33,7.62,211096194,1547393017.21,1.9195,1,-3.8058,0
2025-08-01,sh.600011,7.3,7.39,7.28,7.29,7.33,86953924,637033719.77,0.7907,1,-0.5457,0
2025-08-04,sh.600011,7.32,7.4,7.25,7.38,7.29,87631843,642971182.18,0.7968,1,1.2346,0
2025-08-05,sh.600011,7.38,7.6,7.37,7.55,7.38,97902303,737211800.79,0.8902,1,2.3035,0
2025-08-06,sh.600011,7.58,7.69,7.54,7.58,7.55,68574556,520385149.49,0.6235,1,0.3974,0
2025-08-07,sh.600011,7.6,7.64,7.46,7.51,7.58,52845702,397197284.38,0.4805,1,-0.9235,0
2025-08-08,sh.600011,7.56,7.71,7.51,7.6,7.51,60069378,457676618.49,0.5462,1,1.1984,0
2025-08-11,sh.600011,7.6,7.62,7.37,7.4,7.6,92294496,684322190.84,0.8392,1,-2.6316,0
2025-08-12,sh.600011,7.42,7.45,7.38,7.38,7.4,52089296,385866851.38,0.4736,1,-0.2703,0
2025-08-13,sh.600011,7.39,7.42,7.32,7.33,7.38,65001565,477780903.72,0.591,1,-0.6775,0
2025-08-14,sh.600011,7.34,7.35,7.22,7.24,7.33,74290326,540999353.77,0.6755,1,-1.2278,0
2025-08-15,sh.600011,7.24,7.28,7.18,7.25,7.24,79601801,576276587.26,0.7238,1,0.1381,0
2025-08-18,sh.600011,7.29,7.33,7.24,7.26,7.25,107923507,785398137.75,0.9813,1,0.1379,0
2025-08-19,sh.600011,7.28,7.33,7.26,7.27,7.26,74396905,542083657.48,0.6765,1,0.1377,0
2025-08-20,sh.600011,7.26,7.32,7.22,7.3,7.27,66837678,486539372.8,0.6077,1,0.4127,0
2025-08-21,sh.600011,7.32,7.43,7.29,7.39,7.3,91888535,677609195.56,0.8355,1,1.2329,0
2025-08-22,sh.600011,7.38,7.4,7.25,7.32,7.39,102770716,749004528.8,0.9345,1,-0.9472,0
2025-08-25,sh.600011,7.34,7.45,7.32,7.45,7.32,112399338,831350978.99,1.022,1,1.776,0
2025-08-26,sh.600011,7.45,7.47,7.39,7.42,7.45,64143636,476673589.12,0.5832,1,-0.4027,0
2025-08-27,sh.600011,7.43,7.49,7.33,7.34,7.42,79143678,586210453.83,0.7196,1,-1.0782,0
2025-08-28,sh.600011,7.32,7.37,7.2,7.33,7.34,80857717,589191849.84,0.7352,1,-0.1362,0
2025-08-29,sh.600011,7.35,7.52,7.34,7.38,7.33,101366441,753153833.17,0.9217,1,0.6821,0
2025-09-01,sh.600011,7.4,7.5,7.33,7.48,7.38,93612972,697155527.7,0.8512,1,1.355,0
2025-09-02,sh.600011,7.48,7.58,7.44,7.55,7.48,88516539,665977028.71,0.8049,1,0.9358,0
2025-09-03,sh.600011,7.57,7.57,7.41,7.51,7.55,64474418,481571297.48,0.5863,1,-0.5298,0
2025-09-04,sh.600011,7.51,7.51,7.37,7.44,7.51,66664228,494788332.18,0.6062,1,-0.9321,0
2025-09-05,sh.600011,7.43,7.57,7.36,7.55,7.44,76171969,569319848.49,0.6926,1,1.4785,0
2025-09-08,sh.600011,7.58,7.76,7.58,7.74,7.55,101341785,779938291.08,0.9215,1,2.5166,0
2025-09-09,sh.600011,7.76,7.86,7.68,7.76,7.74,75198651,584367899.96,0.6838,1,0.2584,0
2025-09-10,sh.600011,7.7,7.78,7.64,7.73,7.76,52160054,401645191.47,0.4743,1,-0.3866,0
2025-09-11,sh.600011,7.72,7.75,7.62,7.68,7.73,73992002,567074001.82,0.6728,1,-0.6468,0
2025-09-12,sh.600011,7.69,7.85,7.68,7.76,7.68,83983107,653775087.24,0.7636,1,1.0417,0
2025-09-15,sh.600011,7.77,7.79,7.62,7.65,7.76,76466338,588902005.58,0.6953,1,-1.4175,0
2025-09-16,sh.600011,7.65,7.67,7.47,7.55,7.65,75314093,567432531.07,0.6848,1,-1.3072,0
2025-09-17,sh.600011,7.55,7.58,7.47,7.53,7.55,45921733,345370708.15,0.4176,1,-0.2649,0
2025-09-18,sh.600011,7.55,7.55,7.36,7.38,7.53,88879414,661579898.49,0.8082,1,-1.992,0
2025-09-19,sh.600011,7.4,7.42,7.34,7.37,7.38,50667409,373229606.15,0.4607,1,-0.1355,0
2025-09-22,sh.600011,7.37,7.38,7.17,7.23,7.37,78086637,564599573.45,0.71,1,-1.8996,0
2025-09-23,sh.600011,7.22,7.28,7.15,7.24,7.23,65748591,473924797.54,0.5978,1,0.1383,0
2025-09-24,sh.600011,7.22,7.27,7.17,7.26,7.24,51520203,372309342.13,0.4685,1,0.2762,0
2025-09-25,sh.600011,7.26,7.26,7.11,7.15,7.26,67662655,484748402.9,0.6152,1,-1.5152,0
2025-09-26,sh.600011,7.12,7.19,7.11,7.13,7.15,48458248,346297269.16,0.4406,1,-0.2797,0
2025-09-29,sh.600011,7.16,7.18,7.0,7.12,7.13,105269916,745824058.57,0.9572,1,-0.1403,0
2025-09-30,sh.600011,7.1,7.13,7.04,7.06,7.12,61647381,435861994.81,0.5605,1,-0.8427,0
2025-10-09,sh.600011,7.06,7.29,7.06,7.28,7.06,94938591,682609576.43,0.8633,1,3.1161,0
2025-10-10,sh.600011,7.25,7.38,7.21,7.3,7.28,64286555,469760574.35,0.5845,1,0.2747,0
2025-10-13,sh.600011,7.18,7.3,7.1,7.29,7.3,71158113,513305580.02,0.647,1,-0.137,0
2025-10-14,sh.600011,7.27,7.39,7.24,7.34,7.29,83820563,614407922.52,0.7622,1,0.6859,0
2025-10-15,sh.600011,7.37,7.5,7.33,7.42,7.34,83532561,619170956.11,0.7595,1,1.0899,0
2025-10-16,sh.600011,7.4,7.49,7.35,7.48,7.42,58586139,435787559.11,0.5327,1,0.8086,0
2025-10-17,sh.600011,7.5,7.58,7.45,7.48,7.48,80982549,608008818.69,0.7364,1,0.0,0
2025-10-20,sh.600011,7.48,7.51,7.32,7.49,7.48,77997970,578232361.46,0.7092,1,0.1337,0
2025-10-21,sh.600011,7.45,7.51,7.41,7.49,7.49,61941174,462402101.16,0.5632,1,0.0,0
2025-10-22,sh.600011,7.48,7.62,7.47,7.57,7.49,63726818,482323503.24,0.5795,1,1.0681,0
2025-10-23,sh.600011,7.57,7.74,7.55,7.74,7.57,75824966,581606086.04,0.6895,1,2.2457,0
2025-10-24,sh.600011,7.73,7.73,7.54,7.55,7.74,72716728,552570700.6,0.6612,1,-2.4548,0
2025-10-27,sh.600011,7.55,7.86,7.55,7.75,7.55,101075331,782124574.24,0.9191,1,2.649,0
2025-10-28,sh.600011,7.76,7.78,7.67,7.73,7.75,61910204,477667718.47,0.5629,1,-0.2581,0
2025-10-29,sh.600011,8.04,8.34,7.96,8.26,7.73,203860316,1670624242.26,1.8537,1,6.8564,0
2025-10-30,sh.600011,8.24,8.49,8.09,8.38,8.26,130281189,1094028632.44,1.1846,1,1.4528,0
2025-10-31,sh.600011,8.36,8.37,8.09,8.13,8.38,98459739,803971372.7,0.8953,1,-2.9833,0
2025-11-03,sh.600011,8.15,8.25,8.1,8.17,8.13,78035263,637210498.73,0.7096,1,0.492,0
2025-11-04,sh.600011,8.16,8.25,8.09,8.13,8.17,60664995,495705701.84,0.5516,1,-0.4896,0
2025-11-05,sh.600011,8.1,8.21,8.0,8.16,8.13,53161831,432212851.85,0.4834,1,0.369,0
2025-11-06,sh.600011,8.16,8.34,8.16,8.27,8.16,74182992,613935816.09,0.6745,1,1.348,0
2025-11-07,sh.600011,8.27,8.4,8.23,8.25,8.27,52723893,437781889.41,0.4794,1,-0.2418,0
2025-11-10,sh.600011,8.31,8.44,8.26,8.27,8.25,62359278,519384768.66,0.567,1,0.2424,0
2025-11-11,sh.600011,8.26,8.27,8.11,8.19,8.27,63710898,522037761.07,0.5793,1,-0.9674,0
2025-11-12,sh.600011,8.23,8.25,8.13,8.15,8.19,43526629,355380524.38,0.3958,1,-0.4884,0
2025-11-13,sh.600011,8.15,8.18,8.02,8.07,8.15,62859582,507408970.27,0.5716,1,-0.9816,0
2025-11-14,sh.600011,8.08,8.1,7.91,7.92,8.07,67214845,536346860.85,0.6112,1,-1.8587,0
2025-11-17,sh.600011,7.92,7.95,7.79,7.87,7.92,55874646,438702466.19,0.5081,1,-0.6313,0
2025-11-18,sh.600011,7.88,7.9,7.79,7.82,7.87,49230162,385538656.22,0.4476,1,-0.6353,0
2025-11-19,sh.600011,7.82,7.95,7.81,7.9,7.82,49031182,386473782.98,0.4458,1,1.023,0
2025-11-20,sh.600011,7.91,7.95,7.82,7.86,7.9,44150375,348839851.0,0.4015,1,-0.5063,0
2025-11-21,sh.600011,7.81,7.86,7.71,7.72,7.86,64672359,503148577.06,0.5881,1,-1.7812,0
2025-11-24,sh.600011,7.76,7.78,7.63,7.65,7.72,62403344,479084499.01,0.5674,1,-0.9067,0
2025-11-25,sh.600011,7.68,7.72,7.57,7.71,7.65,58804646,449700817.95,0.5347,1,0.7843,0
2025-11-26,sh.600011,7.72,7.84,7.69,7.8,7.71,50238139,390721867.74,0.4568,1,1.1673,0
2025-11-27,sh.600011,7.77,7.96,7.75,7.92,7.8,53969554,425679536.54,0.4907,1,1.5385,0
2025-11-28,sh.600011,7.91,7.91,7.77,7.78,7.92,46699600,364743404.44,0.4246,1,-1.7677,0
2025-12-01,sh.600011,7.77,7.92,7.76,7.91,7.78,49940554,392830460.58,0.4541,1,1.671,0
2025-12-02,sh.600011,7.91,7.95,7.82,7.89,7.91,39139411,308750203.15,0.3559,1,-0.2528,0
2025-12-03,sh.600011,7.89,8.06,7.87,7.99,7.89,58698484,469518391.54,0.5337,1,1.2674,0
2025-12-04,sh.600011,8.02,8.02,7.9,7.93,7.99,37100444,294652980.48,0.3373,1,-0.7509,0
2025-12-05,sh.600011,7.92,7.96,7.85,7.89,7.93,46614683,368336112.43,0.4239,1,-0.5044,0
2025-12-08,sh.600011,7.9,7.92,7.76,7.8,7.89,45932149,358381123.95,0.4177,1,-1.1407,0
2025-12-09,sh.600011,7.82,7.9,7.76,7.79,7.8,34071575,266628198.23,0.3098,1,-0.1282,0
2025-12-10,sh.600011,7.76,7.85,7.73,7.82,7.79,33588786,262064764.66,0.3054,1,0.3851,0
2025-12-11,sh.600011,7.82,7.92,7.8,7.82,7.82,40746682,320159951.83,0.3705,1,0.0,0
2025-12-12,sh.600011,7.81,7.88,7.78,7.85,7.82,45498994,356410044.22,0.4137,1,0.3836,0
2025-12-15,sh.600011,7.85,7.92,7.84,7.89,7.85,39004778,307693922.58,0.3547,1,0.5096,0
2025-12-16,sh.600011,7.9,7.91,7.71,7.75,7.89,52081001,403915775.73,0.4736,1,-1.7744,0
2025-12-17,sh.600011,7.74,7.84,7.67,7.81,7.75,45001401,349573745.42,0.4092,1,0.7742,0
2025-12-18,sh.600011,7.8,7.88,7.74,7.87,7.81,37443242,292981758.41,0.3405,1,0.7682,0
2025-12-19,sh.600011,7.85,7.88,7.81,7.82,7.87,32987967,258818497.94,0.3,1,-0.6353,0
2025-12-22,sh.600011,7.83,7.85,7.73,7.84,7.82,51555380,402134681.89,0.4688,1,0.2558,0
2025-12-23,sh.600011,7.84,7.99,7.82,7.93,7.84,61242740,485747826.77,0.5569,1,1.148,0
2025-12-24,sh.600011,7.92,7.99,7.84,7.98,7.93,39582102,313527749.83,0.3599,1,0.6305,0
2025-12-25,sh.600011,7.96,8.06,7.92,7.99,7.98,40032553,320132767.88,0.364,1,0.1253,0
2025-12-26,sh.600011,7.98,8.13,7.94,8.09,7.99,58403350,470791665.16,0.5311,1,1.2516,0
2025-12-29,sh.600011,8.07,8.09,7.62,7.68,8.09,159095874,1236341530.23,1.4466,1,-5.068,0
2025-12-30,sh.600011,7.62,7.67,7.36,7.39,7.68,130971529,980821118.69,1.1909,1,-3.776,0
2025-12-31,sh.600011,7.38,7.5,7.36,7.46,7.39,73588244,548146496.58,0.6691,1,0.9472,0
2026-01-05,sh.600011,7.46,7.52,7.38,7.42,7.46,75594440,560173048.22,0.6874,1,-0.5362,0
2026-01-06,sh.600011,7.42,7.45,7.39,7.44,7.42,77939110,577831653.9,0.7087,1,0.2695,0
2026-01-07,sh.600011,7.42,7.48,7.4,7.42,7.44,59927665,445939871.59,0.5449,1,-0.2688,0
2026-01-08,sh.600011,7.42,7.45,7.38,7.39,7.42,56199450,415485568.7,0.511,1,-0.4043,0
2026-01-09,sh.600011,7.4,7.41,7.35,7.38,7.39,53940338,397452082.04,0.4905,1,-0.1353,0
2026-01-12,sh.600011,7.36,7.4,7.32,7.39,7.38,59971272,441973035.65,0.5453,1,0.1355,0
2026-01-13,sh.600011,7.39,7.45,7.38,7.42,7.39,67711768,502442411.22,0.6157,1,0.406,0
2026-01-14,sh.600011,7.42,7.44,7.33,7.34,7.42,85087181,628625971.72,0.7737,1,-1.0782,0
2026-01-15,sh.600011,7.33,7.41,7.32,7.4,7.34,60331446,445553463.31,0.5486,1,0.8174,0
2026-01-16,sh.600011,7.44,7.61,7.4,7.46,7.4,116742331,875155291.64,1.0615,1,0.8108,0
2026-01-19,sh.600011,7.42,7.53,7.4,7.49,7.46,70525132,526706186.36,0.6413,1,0.4021,0
2026-01-20,sh.600011,7.46,7.54,7.41,7.54,7.49,82437815,616005484.33,0.7496,1,0.6676,0
2026-01-21,sh.600011,7.52,7.52,7.4,7.44,7.54,82926700,618072350.0,0.754,1,-1.3263,0
2026-01-22,sh.600011,7.46,7.5,7.41,7.42,7.44,68577056,510503210.89,0.6236,1,-0.2688,0
2026-01-23,sh.600011,7.43,7.43,7.33,7.35,7.42,80992343,596808275.7,0.7364,1,-0.9434,0
2026-01-26,sh.600011,7.35,7.43,7.32,7.39,7.35,83199587,614055680.09,0.7565,1,0.5442,0
2026-01-27,sh.600011,7.39,7.4,7.19,7.2,7.39,87073784,631867998.29,0.7917,1,-2.571,0
2026-01-28,sh.600011,7.18,7.22,7.04,7.07,7.2,114513445,815417625.4,1.0412,1,-1.8056,0
2026-01-29,sh.600011,7.07,7.09,6.94,7.07,7.07,110805140,774805698.8,1.0075,1,0.0,0
2026-01-30,sh.600011,7.05,7.1,6.98,7.06,7.07,56411681,397739739.43,0.5129,1,-0.1414,0
2026-02-02,sh.600011,7.02,7.07,6.84,6.85,7.06,94265300,655439507.26,0.8571,1,-2.9745,0
2026-02-03,sh.600011,6.87,6.91,6.79,6.85,6.85,61840638,422535476.32,0.5623,1,0.0,0
2026-02-04,sh.600011,6.84,6.96,6.83,6.96,6.85,64645069,447390472.16,0.5878,1,1.6058,0
2026-02-05,sh.600011,6.91,6.96,6.88,6.93,6.96,49861423,344852536.51,0.4534,1,-0.431,0
2026-02-06,sh.600011,6.9,6.99,6.89,6.92,6.93,47080380,327077709.08,0.4281,1,-0.1443,0
2026-02-09,sh.600011,6.94,6.99,6.93,6.96,6.92,49987616,348019350.46,0.4545,1,0.578,0
2026-02-10,sh.600011,6.96,6.97,6.92,6.94,6.96,34160870,237028227.11,0.3106,1,-0.2874,0
2026-02-11,sh.600011,6.94,6.98,6.91,6.94,6.94,38792469,269448828.86,0.3527,1,0.0,0
2026-02-12,sh.600011,6.98,7.01,6.93,6.97,6.94,57141532,398605425.18,0.5196,1,0.4323,0
2026-02-13,sh.600011,6.97,6.98,6.9,6.97,6.97,48386962,335908253.28,0.44,1,0.0,0
2026-02-24,sh.600011,6.98,7.06,6.97,7.05,6.97,58241350,409688036.71,0.5296,1,1.1478,0
2026-02-25,sh.600011,7.07,7.18,6.96,6.98,7.05,157910576,1112362206.04,1.4358,1,-0.9929,0
2026-02-26,sh.600011,6.99,7.13,6.98,7.09,6.98,82235023,581788208.93,0.7477,1,1.5759,0
2026-02-27,sh.600011,7.1,7.32,7.08,7.24,7.09,209233043,1506811673.34,1.9025,1,2.1157,0
2026-03-02,sh.600011,7.21,7.5,7.2,7.4,7.24,209164213,1544925786.54,1.9019,1,2.2099,0
2026-03-03,sh.600011,7.44,7.57,7.35,7.43,7.4,182740979,1363083109.84,1.6616,1,0.4054,0
2026-03-04,sh.600011,7.37,7.46,7.29,7.39,7.43,131869884,970593588.87,1.1991,1,-0.5384,0
2026-03-05,sh.600011,7.39,7.54,7.38,7.48,7.39,120146203,897284245.92,1.0925,1,1.2179,0
2026-03-06,sh.600011,7.45,7.63,7.44,7.61,7.48,110683677,837734286.91,1.0064,1,1.738,0
2026-03-09,sh.600011,7.54,7.67,7.52,7.58,7.61,111627450,847961152.11,1.015,1,-0.3942,0
2026-03-10,sh.600011,7.58,7.67,7.46,7.52,7.58,110570641,834379617.89,1.0054,1,-0.7916,0
2026-03-11,sh.600011,7.53,7.72,7.39,7.71,7.52,138885107,1054136677.8,1.2629,1,2.5266,0
2026-03-12,sh.600011,7.71,7.9,7.68,7.88,7.71,143844023,1123557863.46,1.3079,1,2.2049,0
2026-03-13,sh.600011,7.95,8.0,7.81,7.85,7.88,176322093,1394451513.46,1.6033,1,-0.3807,0
2026-03-16,sh.600011,7.83,7.9,7.59,7.64,7.85,151481655,1166663943.78,1.3774,1,-2.6752,0
2026-03-17,sh.600011,7.62,7.71,7.48,7.49,7.64,96533406,731928932.69,0.8778,1,-1.9634,0
2026-03-18,sh.600011,7.5,7.62,7.4,7.49,7.49,85276729,638529524.11,0.7754,1,0.0,0
2026-03-19,sh.600011,7.44,7.58,7.42,7.48,7.49,110861361,829014050.83,1.008,1,-0.1335,0
2026-03-20,sh.600011,7.49,7.68,7.45,7.54,7.48,131629604,997050827.5,1.1969,1,0.8021,0
2026-03-23,sh.600011,7.48,7.51,7.28,7.34,7.54,129363771,956302722.26,1.1763,1,-2.6525,0
2026-03-24,sh.600011,7.6,7.61,7.29,7.52,7.34,179644955,1340130502.65,1.6335,1,2.4523,0
2026-03-25,sh.600011,7.5,7.85,7.31,7.68,7.52,280155257,2133247342.08,2.5474,1,2.1277,0
2026-03-26,sh.600011,7.67,7.67,7.49,7.53,7.68,198827942,1500705083.83,1.8079,1,-1.9531,0
2026-03-27,sh.600011,7.42,7.56,7.37,7.49,7.53,125243430,936345358.55,1.1388,1,-0.5312,0
2026-03-30,sh.600011,7.41,7.42,7.13,7.16,7.49,176774743,1276643439.61,1.6074,1,-4.4059,0
2026-03-31,sh.600011,7.16,7.19,7.0,7.02,7.16,119835751,848310072.63,1.0896,1,-1.9553,0
2026-04-01,sh.600011,7.07,7.08,7.01,7.06,7.02,87745722,618110779.73,0.7979,1,0.5698,0
2026-04-02,sh.600011,7.05,7.07,7.0,7.03,7.06,69703372,489698280.6,0.6338,1,-0.4249,0
2026-04-03,sh.600011,7.03,7.04,6.84,6.89,7.03,77683097,537043154.21,0.7064,1,-1.9915,0
2026-04-07,sh.600011,6.89,6.92,6.66,6.72,6.89,131048479,885795130.77,1.1916,1,-2.4673,0
2026-04-08,sh.600011,6.78,6.88,6.77,6.86,6.72,107959309,735903459.95,0.9817,1,2.0833,0
2026-04-09,sh.600011,6.81,6.87,6.78,6.83,6.86,62800706,428523455.3,0.571,1,-0.4373,0
2026-04-10,sh.600011,6.85,6.87,6.82,6.84,6.83,51082761,349744810.63,0.4645,1,0.1464,0
2026-04-13,sh.600011,6.83,6.96,6.78,6.92,6.84,96234237,660345711.9,0.875,1,1.1696,0
2026-04-14,sh.600011,6.93,7.02,6.91,6.95,6.92,76188955,529939449.15,0.6928,1,0.4335,0
2026-04-15,sh.600011,6.92,7.04,6.9,7.0,6.95,78247184,546415994.72,0.7115,1,0.7194,0
2026-04-16,sh.600011,7.0,7.04,6.97,6.99,7.0,57628223,403052395.24,0.524,1,-0.1429,0
2026-04-17,sh.600011,6.99,7.03,6.91,6.94,6.99,72065574,501789830.18,0.6553,1,-0.7153,0
2026-04-20,sh.600011,6.95,7.01,6.89,6.91,6.94,109622628,759533821.81,0.9968,1,-0.4323,0
2026-04-21,sh.600011,6.92,7.07,6.88,7.02,6.91,147957110,1033105240.25,1.3453,1,1.5919,0
2026-04-22,sh.600011,7.03,7.05,6.93,6.97,7.02,134623389,940307898.65,1.2241,1,-0.7123,0
2026-04-23,sh.600011,6.96,7.03,6.89,6.99,6.97,124648246,867329174.56,1.1334,1,0.2869,0
2026-04-24,sh.600011,7.0,7.01,6.91,6.98,6.99,120622322,841285150.26,1.0968,1,-0.1431,0
2026-04-27,sh.600011,6.98,6.99,6.92,6.95,6.98,89028204,618939927.44,0.8095,1,-0.4298,0
2026-04-28,sh.600011,6.95,6.96,6.84,6.91,6.95,109008953,751260582.19,0.9912,1,-0.5755,0
2026-04-29,sh.600011,6.87,7.02,6.87,7.02,6.91,167619494,1168079624.03,1.5241,1,1.5919,0
2026-04-30,sh.600011,7.0,7.04,6.96,6.99,7.02,81555635,570111932.44,0.7416,1,-0.4274,0
2026-05-06,sh.600011,7.01,7.15,7.0,7.15,6.99,148333122,1052061959.64,1.3488,1,2.289,0
2026-05-07,sh.600011,7.15,7.33,7.14,7.27,7.15,155296972,1125680593.38,1.4121,1,1.6783,0
2026-05-08,sh.600011,7.27,7.37,7.19,7.26,7.27,129794980,944332719.43,1.1802,1,-0.1376,0
2026-05-11,sh.600011,7.29,7.58,7.29,7.48,7.26,178343123,1330739795.25,1.6216,1,3.0303,0
2026-05-12,sh.600011,7.53,7.68,7.43,7.64,7.48,219775201,1669077996.47,1.9984,1,2.139,0
2026-05-13,sh.600011,7.64,7.8,7.59,7.7,7.64,256837496,1975892994.13,2.3354,1,0.7853,0
2026-05-14,sh.600011,7.72,7.9,7.53,7.53,7.7,268969598,2071017985.16,2.4457,1,-2.2078,0
2026-05-15,sh.600011,7.47,7.61,7.35,7.53,7.53,163085104,1217660645.96,1.4829,1,0.0,0
2026-05-18,sh.600011,7.47,7.57,7.39,7.5,7.53,139774870,1044706023.62,1.2709,1,-0.3984,0
2026-05-19,sh.600011,7.49,7.82,7.41,7.82,7.5,205737599,1582301644.39,1.8707,1,4.2667,0
2026-05-20,sh.600011,7.79,7.83,7.41,7.47,7.82,185614870,1404553501.7,1.6878,1,-4.4757,0
2026-05-21,sh.600011,7.43,7.51,7.3,7.32,7.47,143311735,1061338725.6,1.3031,1,-2.008,0
2026-05-22,sh.600011,7.3,7.38,7.23,7.32,7.32,105454243,770340940.26,0.9589,1,0.0,0
2026-05-25,sh.600011,7.3,7.55,7.28,7.46,7.32,138509202,1030128184.3,1.2594,1,1.9126,0
2026-05-26,sh.600011,7.46,7.56,7.35,7.51,7.46,129607565,969184996.82,1.1785,1,0.6702,0
2026-05-27,sh.600011,7.49,7.77,7.47,7.71,7.51,202805520,1553260637.31,1.8441,1,2.6631,0
2026-05-28,sh.600011,7.72,8.3,7.71,8.06,7.71,358326652,2870889851.77,3.2582,1,4.5396,0
2026-05-29,sh.600011,8.08,8.87,7.95,8.87,8.06,455150398,3878787080.01,4.1386,1,10.0496,0
2026-06-01,sh.600011,9.0,9.76,8.7,9.76,8.87,712492660,6614876203.63,6.4786,1,10.0338,0
2026-06-02,sh.600011,9.39,9.39,8.89,9.09,9.76,532969207,4880218609.24,4.8462,1,-6.8648,0
2026-06-03,sh.600011,8.83,9.56,8.58,9.13,9.09,563625763,5000321309.23,5.1249,1,0.44,0
2026-06-04,sh.600011,8.91,9.06,8.7,8.75,9.13,329169497,2898058289.81,2.9931,1,-4.1621,0
2026-06-05,sh.600011,8.61,8.9,8.28,8.39,8.75,344644446,2927478469.17,3.1338,1,-4.1143,0
2026-06-08,sh.600011,8.15,8.72,8.14,8.41,8.39,266120909,2258837207.31,2.4198,1,0.2384,0
2026-06-09,sh.600011,8.45,8.46,8.19,8.46,8.41,213267578,1783235970.61,1.9392,1,0.5945,0
2026-06-10,sh.600011,8.36,8.5,8.1,8.16,8.46,208046514,1717311124.29,1.8917,1,-3.5461,0
2026-06-11,sh.600011,8.11,8.32,8.0,8.17,8.16,170554700,1393478722.46,1.5508,1,0.1225,0
2026-06-12,sh.600011,8.11,8.24,8.01,8.05,8.17,195283508,1585005842.99,1.7757,1,-1.4688,0
2026-06-15,sh.600011,8.05,8.06,7.92,8.06,8.05,198457349,1587970766.85,1.8045,1,0.1242,0
2026-06-16,sh.600011,8.06,8.15,7.86,7.88,8.06,203426388,1620649958.84,1.8497,1,-2.2333,0
2026-06-17,sh.600011,7.86,7.94,7.73,7.92,7.88,175417816,1377595552.76,1.595,1,0.5076,0
2026-06-18,sh.600011,7.86,8.15,7.61,7.64,7.92,234559304,1839141722.68,2.1328,1,-3.5354,0
2026-06-22,sh.600011,7.64,7.72,7.46,7.72,7.64,186190130,1412883701.03,1.693,1,1.0471,0
2026-06-23,sh.600011,7.66,8.02,7.64,7.78,7.72,196418379,1541109228.79,1.786,1,0.7772,0
2026-06-24,sh.600011,7.79,7.82,7.4,7.44,7.78,191951137,1446988982.47,1.7454,1,-4.3702,0
2026-06-25,sh.600011,7.4,7.49,7.27,7.4,7.44,161201030,1188816517.63,1.4658,1,-0.5376,0
