date,code,open,high,low,close,preclose,volume,amount,turn,tradestatus,pctChg,isST
2012-01-04,sh.600009,10.23739974,10.25399196,9.98851644,10.02999699,10.15443864,2775887.0,33939500.0,0.253859,1,-1.2255,0
2012-01-05,sh.600009,10.02999699,10.17932697,9.97192422,10.06318143,10.02999699,5879222.0,71658472.0,0.537663,1,0.3309,0
2012-01-06,sh.600009,10.02170088,10.18762308,9.99681255,10.16273475,10.06318143,4210668.0,51134859.0,0.385072,1,0.9893,0
2012-01-09,sh.600009,10.16273475,10.32865695,10.0382931,10.2042153,10.16273475,6029647.0,74245760.0,0.55142,1,0.4082,0
2012-01-10,sh.600009,10.29547251,10.46969082,10.19591919,10.46969082,10.2042153,13764870.0,171123839.0,1.258817,1,2.6016,0
2012-01-11,sh.600009,10.41991416,10.56094803,10.32865695,10.34524917,10.46969082,8064297.0,101329056.0,0.737492,1,-1.1886,0
2012-01-12,sh.600009,10.33695306,10.41991416,10.23739974,10.29547251,10.34524917,5954006.0,74130468.0,0.544502,1,-0.4812,0
2012-01-13,sh.600009,10.2871764,10.30376862,10.16273475,10.22080752,10.29547251,4190995.0,51633642.0,0.383273,1,-0.7252,0
2012-01-16,sh.600009,10.17932697,10.24569585,10.05488532,10.22080752,10.22080752,5402584.0,66209757.0,0.494074,1,0.0,0
2012-01-17,sh.600009,10.2042153,10.56094803,10.07977365,10.50287526,10.22080752,8537541.0,106683332.0,0.78077,1,2.7597,0
2012-01-18,sh.600009,10.52776359,10.56094803,10.41991416,10.46969082,10.50287526,7766792.0,98109949.0,0.710284,1,-0.316,0
2012-01-19,sh.600009,10.46969082,10.69368579,10.41161805,10.62731691,10.46969082,8222034.0,105301135.0,0.751917,1,1.5055,0
2012-01-20,sh.600009,10.65220524,10.79323911,10.55265192,10.7019819,10.62731691,6467418.0,83475798.0,0.591455,1,0.7026,0
2012-01-30,sh.600009,10.68538968,10.784943,10.41161805,10.41991416,10.7019819,5324157.0,67707189.0,0.486902,1,-2.6357,0
2012-01-31,sh.600009,10.4530986,10.5360597,10.32865695,10.3701375,10.41991416,3400408.0,42576338.0,0.310972,1,-0.4777,0
2012-02-01,sh.600009,10.37843361,10.57754025,10.30376862,10.36184139,10.3701375,2632636.0,33087977.0,0.240758,1,-0.08,0
2012-02-02,sh.600009,10.3701375,10.63561302,10.34524917,10.62731691,10.36184139,7007675.0,88886538.0,0.640862,1,2.562,0
2012-02-03,sh.600009,10.60242858,10.79323911,10.50287526,10.76835078,10.62731691,11014621.0,141381784.0,1.007303,1,1.3271,0
2012-02-06,sh.600009,10.74346245,10.8679041,10.6190208,10.79323911,10.76835078,7463321.0,96846951.0,0.682532,1,0.2311,0
2012-02-07,sh.600009,10.71027801,10.77664689,10.54435581,10.7019819,10.79323911,7658275.0,98480189.0,0.70036,1,-0.8455,0
2012-02-08,sh.600009,10.64390913,10.93427298,10.64390913,10.90108854,10.7019819,7229463.0,94349634.0,0.661145,1,1.8605,0
2012-02-09,sh.600009,10.90938465,10.95916131,10.784943,10.84301577,10.90108854,4729883.0,61954566.0,0.432555,1,-0.5327,0
2012-02-10,sh.600009,10.80153522,10.85131188,10.69368579,10.784943,10.84301577,7360152.0,95521972.0,0.673097,1,-0.5356,0
2012-02-13,sh.600009,10.7019819,10.93427298,10.69368579,10.79323911,10.784943,4601003.0,59971276.0,0.420768,1,0.0769,0
2012-02-14,sh.600009,10.84301577,10.84301577,10.71027801,10.76835078,10.79323911,2658352.0,34509014.0,0.24311,1,-0.2306,0
2012-02-15,sh.600009,10.76835078,10.93427298,10.68538968,10.84301577,10.76835078,5476899.0,71623113.0,0.50087,1,0.6934,0
2012-02-16,sh.600009,10.82642355,10.84301577,10.58583636,10.65220524,10.84301577,7020785.0,90412806.0,0.642061,1,-1.7598,0
2012-02-17,sh.600009,10.71857412,10.75175856,10.54435581,10.61072469,10.65220524,4724013.0,60391720.0,0.432018,1,-0.3894,0
2012-02-20,sh.600009,10.71027801,10.77664689,10.64390913,10.73516634,10.61072469,7213376.0,92955320.0,0.659674,1,1.1728,0
2012-02-21,sh.600009,10.76835078,10.76835078,10.62731691,10.73516634,10.73516634,2598214.0,33524966.0,0.23761,1,0.0,0
2012-02-22,sh.600009,10.73516634,10.80983133,10.61072469,10.75175856,10.73516634,9035687.0,116462573.0,0.826327,1,0.1546,0
2012-02-23,sh.600009,10.72687023,10.84301577,10.62731691,10.84301577,10.75175856,10973526.0,141793979.0,1.003545,1,0.8488,0
2012-02-24,sh.600009,10.83471966,10.96745742,10.76835078,10.95916131,10.84301577,18632714.0,244362618.0,1.703989,1,1.0712,0
2012-02-27,sh.600009,10.96745742,11.09189907,10.87620021,10.95916131,10.95916131,16429937.0,217570127.0,1.502542,1,0.0,0
2012-02-28,sh.600009,10.95916131,10.95916131,10.80983133,10.88449632,10.95916131,8914421.0,116926769.0,0.815237,1,-0.6813,0
2012-02-29,sh.600009,10.88449632,11.02553019,10.88449632,10.88449632,10.88449632,13178712.0,173939045.0,1.205212,1,0.0,0
2012-03-01,sh.600009,10.80983133,11.04212241,10.80983133,10.99234575,10.88449632,8169791.0,107931077.0,0.747139,1,0.9909,0
2012-03-02,sh.600009,11.0338263,11.14997184,10.97575353,11.10849129,10.99234575,8391863.0,111991766.0,0.767448,1,1.0566,0
2012-03-05,sh.600009,11.15826795,11.15826795,10.90108854,10.94256909,11.10849129,15673084.0,207785050.0,1.433326,1,-1.4937,0
2012-03-06,sh.600009,10.90108854,11.16656406,10.87620021,11.06701074,10.94256909,11197054.0,149045652.0,1.023987,1,1.1372,0
2012-03-07,sh.600009,10.99234575,11.1167874,10.85960799,10.95916131,11.06701074,7779889.0,103057258.0,0.711482,1,-0.9745,0
2012-03-08,sh.600009,10.96745742,11.14997184,10.90108854,11.02553019,10.95916131,8769142.0,116817092.0,0.801951,1,0.6056,0
2012-03-09,sh.600009,11.04212241,11.25782127,11.00893797,11.24952516,11.02553019,14298021.0,191662764.0,1.307575,1,2.0316,0
2012-03-12,sh.600009,11.19145239,11.32419015,11.12508351,11.17486017,11.24952516,6802951.0,91699468.0,0.62214,1,-0.6637,0
2012-03-13,sh.600009,11.15826795,11.1997485,11.08360296,11.19145239,11.17486017,5826348.0,78156969.0,0.532828,1,0.1485,0
2012-03-14,sh.600009,11.21634072,11.29930182,10.93427298,11.00893797,11.19145239,12364602.0,166143349.0,1.130761,1,-1.6308,0
2012-03-15,sh.600009,11.00893797,11.08360296,10.94256909,10.94256909,11.00893797,6775913.0,89873154.0,0.619667,1,-0.6029,0
2012-03-16,sh.600009,10.9508652,11.02553019,10.71027801,10.9508652,10.94256909,6992870.0,91838786.0,0.639508,1,0.0758,0
2012-03-19,sh.600009,10.92597687,10.98404964,10.88449632,10.9508652,10.9508652,5064117.0,66688479.0,0.463121,1,0.0,0
2012-03-20,sh.600009,10.9508652,10.96745742,10.79323911,10.88449632,10.9508652,3636451.0,47598399.0,0.332559,1,-0.6061,0
2012-03-21,sh.600009,10.90938465,10.93427298,10.68538968,10.80983133,10.88449632,6693599.0,87100917.0,0.612139,1,-0.686,0
2012-03-22,sh.600009,10.80983133,10.87620021,10.76005467,10.80983133,10.80983133,2085803.0,27199330.0,0.19075,1,0.0,0
2012-03-23,sh.600009,10.81812744,10.82642355,10.7019819,10.79323911,10.80983133,2766949.0,35930651.0,0.253041,1,-0.1535,0
2012-03-26,sh.600009,10.77664689,10.84301577,10.72687023,10.82642355,10.79323911,1588458.0,20666385.0,0.145267,1,0.3075,0
2012-03-27,sh.600009,10.8679041,10.91768076,10.81812744,10.83471966,10.82642355,2264607.0,29660346.0,0.207102,1,0.0766,0
2012-03-28,sh.600009,10.80983133,10.92597687,10.66879746,10.7019819,10.83471966,3632695.0,47252203.0,0.332215,1,-1.2251,0
2012-03-29,sh.600009,10.66050135,10.7019819,10.5360597,10.63561302,10.7019819,4197786.0,53665804.0,0.383894,1,-0.6202,0
2012-03-30,sh.600009,10.6190208,10.73516634,10.57754025,10.71857412,10.63561302,2509155.0,32306666.0,0.229466,1,0.78,0
2012-04-05,sh.600009,10.71027801,10.83471966,10.63561302,10.79323911,10.71857412,5554550.0,71812851.0,0.507972,1,0.6966,0
2012-04-06,sh.600009,10.76835078,10.80983133,10.71857412,10.784943,10.79323911,2711606.0,35163339.0,0.24798,1,-0.0769,0
2012-04-09,sh.600009,10.784943,10.784943,10.66050135,10.71857412,10.784943,2230898.0,28881455.0,0.204019,1,-0.6154,0
2012-04-10,sh.600009,10.71857412,10.75175856,10.58583636,10.74346245,10.71857412,2271925.0,29201742.0,0.207771,1,0.2322,0
2012-04-11,sh.600009,10.68538968,10.82642355,10.66050135,10.80983133,10.74346245,2500900.0,32463792.0,0.228711,1,0.6178,0
2012-04-12,sh.600009,10.79323911,10.95916131,10.79323911,10.94256909,10.80983133,4912858.0,64595663.0,0.449288,1,1.2279,0
2012-04-13,sh.600009,10.95916131,11.00893797,10.92597687,11.00064186,10.94256909,5707283.0,75477267.0,0.521939,1,0.5307,0
2012-04-16,sh.600009,10.95916131,11.00064186,10.90938465,10.9508652,11.00064186,2170868.0,28646484.0,0.198529,1,-0.4525,0
2012-04-17,sh.600009,10.9508652,11.0338263,10.89279243,10.94256909,10.9508652,5674633.0,74936863.0,0.518953,1,-0.0758,0
2012-04-18,sh.600009,10.96745742,11.0338263,10.91768076,11.01723408,10.94256909,4455507.0,59079207.0,0.407463,1,0.6823,0
2012-04-19,sh.600009,11.01723408,11.04212241,10.95916131,11.02553019,11.01723408,3653673.0,48508761.0,0.334134,1,0.0753,0
2012-04-20,sh.600009,11.00893797,11.10849129,10.98404964,11.08360296,11.02553019,6574404.0,87611581.0,0.601239,1,0.5267,0
2012-04-23,sh.600009,11.06701074,11.08360296,10.94256909,10.95916131,11.08360296,4231858.0,56118679.0,0.38701,1,-1.1228,0
2012-04-24,sh.600009,10.91768076,11.05871463,10.65220524,10.82642355,10.95916131,9133084.0,118734164.0,0.835234,1,-1.2112,0
2012-04-25,sh.600009,10.76835078,10.82642355,10.69368579,10.79323911,10.82642355,11270139.0,145993752.0,1.030671,1,-0.3065,0
2012-04-26,sh.600009,10.80153522,10.81812744,10.65220524,10.69368579,10.79323911,10974712.0,141483857.0,1.003653,1,-0.9224,0
2012-04-27,sh.600009,10.72687023,10.76005467,10.62731691,10.75175856,10.69368579,11181162.0,144061761.0,1.022533,1,0.5431,0
2012-05-02,sh.600009,10.79323911,11.02553019,10.76005467,10.96745742,10.75175856,9706130.0,127490666.0,0.88764,1,2.0062,0
2012-05-03,sh.600009,10.9508652,11.0338263,10.90938465,11.00064186,10.96745742,6462876.0,85568994.0,0.591039,1,0.3026,0
2012-05-04,sh.600009,10.98404964,11.13337962,10.9508652,11.09189907,11.00064186,8927770.0,118760941.0,0.816457,1,0.8296,0
2012-05-07,sh.600009,11.05041852,11.19145239,11.00893797,11.10849129,11.09189907,9142205.0,122243725.0,0.836068,1,0.1496,0
2012-05-08,sh.600009,11.1167874,11.25782127,11.05041852,11.18315628,11.10849129,10117646.0,136091065.0,0.925273,1,0.6721,0
2012-05-09,sh.600009,11.08360296,11.17486017,10.96745742,11.04212241,11.18315628,5094374.0,67827912.0,0.465888,1,-1.2611,0
2012-05-10,sh.600009,11.0338263,11.05871463,10.94256909,11.02553019,11.04212241,5317371.0,70456502.0,0.486281,1,-0.1503,0
2012-05-11,sh.600009,11.02553019,11.15826795,11.00064186,11.05871463,11.02553019,5055102.0,67505631.0,0.462296,1,0.301,0
2012-05-14,sh.600009,11.06701074,11.08360296,10.89279243,10.99234575,11.05871463,4472743.0,59121864.0,0.409039,1,-0.6002,0
2012-05-15,sh.600009,10.88449632,11.07530685,10.8679041,11.05871463,10.99234575,4411528.0,58445903.0,0.403441,1,0.6038,0
2012-05-16,sh.600009,11.02553019,11.09189907,10.94256909,10.96745742,11.05871463,3345373.0,44358510.0,0.305939,1,-0.8252,0
2012-05-17,sh.600009,10.97575353,11.27441349,10.89279243,11.15826795,10.96745742,7339857.0,98181672.0,0.671241,1,1.7398,0
2012-05-18,sh.600009,11.1167874,11.24122905,11.02553019,11.0338263,11.15826795,6830633.0,91511275.0,0.624671,1,-1.1152,0
2012-05-21,sh.600009,11.05041852,11.07530685,10.90108854,10.99234575,11.0338263,3162883.0,41852886.0,0.28925,1,-0.3759,0
2012-05-22,sh.600009,10.99234575,11.05041852,10.93427298,11.02553019,10.99234575,3660267.0,48467545.0,0.334737,1,0.3019,0
2012-05-23,sh.600009,11.01723408,11.02553019,10.74346245,10.88449632,11.02553019,5441626.0,71248344.0,0.497645,1,-1.2792,0
2012-05-24,sh.600009,10.784943,10.89279243,10.784943,10.80983133,10.88449632,1894390.0,24746003.0,0.173245,1,-0.686,0
2012-05-25,sh.600009,10.80983133,10.85960799,10.63561302,10.66050135,10.80983133,5242279.0,67844645.0,0.479414,1,-1.3814,0
2012-05-28,sh.600009,10.64390913,10.784943,10.64390913,10.76005467,10.66050135,4299905.0,55607901.0,0.393233,1,0.9339,0
2012-05-29,sh.600009,10.74346245,10.90938465,10.72687023,10.85960799,10.76005467,5172704.0,67455045.0,0.473051,1,0.9252,0
2012-05-30,sh.600009,10.83471966,10.84301577,10.69368579,10.75175856,10.85960799,6111342.0,79224620.0,0.558891,1,-0.9931,0
2012-05-31,sh.600009,10.75175856,10.84301577,10.66879746,10.83471966,10.75175856,4678849.0,60677404.0,0.427888,1,0.7716,0
2012-06-01,sh.600009,10.83471966,10.85131188,10.68538968,10.69368579,10.83471966,3991954.0,51695102.0,0.36507,1,-1.3017,0
2012-06-04,sh.600009,10.62731691,10.73516634,10.47798693,10.49457915,10.69368579,5569494.0,70939459.0,0.509338,1,-1.8619,0
2012-06-05,sh.600009,10.52776359,10.56924414,10.35354528,10.46139471,10.49457915,6165763.0,77705888.0,0.563868,1,-0.3162,0
2012-06-06,sh.600009,10.4530986,10.50287526,10.37843361,10.4530986,10.46139471,2687597.0,33816052.0,0.245785,1,-0.0793,0
2012-06-07,sh.600009,10.52776359,10.5360597,10.3701375,10.4530986,10.4530986,5998587.0,75400083.0,0.548579,1,0.0,0
2012-06-08,sh.600009,10.46139471,10.51946748,10.32865695,10.34524917,10.4530986,6253462.0,78615277.0,0.571888,1,-1.0317,0
2012-06-11,sh.600009,10.41161805,10.46139471,10.34524917,10.4530986,10.34524917,4065980.0,51017701.0,0.37184,1,1.0425,0
2012-06-12,sh.600009,10.41161805,10.49457915,10.32036084,10.34524917,10.4530986,3511690.0,43999598.0,0.321149,1,-1.0317,0
2012-06-13,sh.600009,10.39502583,10.50287526,10.3701375,10.47798693,10.34524917,5545123.0,69836089.0,0.50711,1,1.2831,0
2012-06-14,sh.600009,10.49457915,10.58583636,10.4530986,10.5360597,10.47798693,6313175.0,80138994.0,0.577349,1,0.5542,0
2012-06-15,sh.600009,10.56924414,10.59413247,10.43650638,10.5360597,10.5360597,3632085.0,46056739.0,0.332159,1,0.0,0
2012-06-18,sh.600009,10.58583636,10.58583636,10.50287526,10.55265192,10.5360597,2014791.0,25626116.0,0.184256,1,0.1575,0
2012-06-19,sh.600009,10.55265192,10.56924414,10.42821027,10.4530986,10.55265192,2967504.0,37466968.0,0.271383,1,-0.9434,0
2012-06-20,sh.600009,10.51117137,10.52776359,10.3701375,10.4530986,10.4530986,3068546.0,38562607.0,0.280623,1,0.0,0
2012-06-21,sh.600009,10.41161805,10.49457915,10.35354528,10.4530986,10.4530986,4189850.0,52577806.0,0.383168,1,0.0,0
2012-06-25,sh.600009,10.43650638,10.54435581,10.39502583,10.41161805,10.4530986,4100691.0,51890687.0,0.375014,1,-0.3968,0
2012-06-26,sh.600009,10.4530986,10.66050135,10.4530986,10.59413247,10.41161805,7589943.0,96664022.0,0.694111,1,1.753,0
2012-06-27,sh.600009,10.59413247,10.59413247,10.59413247,10.59413247,10.59413247,0.0,0.0,,0,0.0,0
2012-06-28,sh.600009,10.5360597,10.63561302,10.37843361,10.5360597,10.59413247,5897195.0,74921549.0,0.539307,1,-0.5482,0
2012-06-29,sh.600009,10.4530986,10.61072469,10.3701375,10.56924414,10.5360597,5163364.0,65246507.0,0.472197,1,0.315,0
2012-07-02,sh.600009,10.5360597,10.55265192,10.39502583,10.46969082,10.56924414,3974956.0,50191097.0,0.363515,1,-0.9419,0
2012-07-03,sh.600009,10.46139471,10.49457915,10.39502583,10.39502583,10.46969082,4709669.0,59183787.0,0.430706,1,-0.7132,0
2012-07-04,sh.600009,10.41991416,10.50287526,10.39502583,10.50287526,10.39502583,2615548.0,32920043.0,0.239196,1,1.0375,0
2012-07-05,sh.600009,10.4530986,10.46139471,10.37843361,10.42821027,10.50287526,2939399.0,36864733.0,0.268812,1,-0.7109,0
2012-07-06,sh.600009,10.4530986,10.56094803,10.41991416,10.5360597,10.42821027,2622025.0,33138613.0,0.239788,1,1.0342,0
2012-07-09,sh.600009,10.51946748,10.55265192,10.32865695,10.37843361,10.5360597,4420123.0,55640097.0,0.404227,1,-1.4961,0
2012-07-10,sh.600009,10.42821027,10.49457915,10.37843361,10.47798693,10.37843361,3664027.0,46083550.0,0.335081,1,0.9592,0
2012-07-11,sh.600009,10.46969082,10.49457915,10.42821027,10.47798693,10.47798693,1903561.0,24022617.0,0.174083,1,0.0,0
2012-07-12,sh.600009,10.46139471,10.47798693,10.32865695,10.43650638,10.47798693,5306484.0,66445287.0,0.485286,1,-0.3959,0
2012-07-13,sh.600009,10.42821027,10.47798693,10.39502583,10.43650638,10.43650638,3025132.0,38059357.0,0.276653,1,0.0,0
2012-07-16,sh.600009,10.44480249,10.44480249,10.2871764,10.31206473,10.43650638,3745942.0,46661431.0,0.342572,1,-1.1924,0
2012-07-17,sh.600009,10.31206473,10.35354528,10.07147754,10.17103086,10.31206473,4789592.0,58799965.0,0.438015,1,-1.3677,0
2012-07-18,sh.600009,10.18762308,10.30376862,10.09636587,10.27888029,10.17103086,7646270.0,94453092.0,0.699262,1,1.0604,0
2012-07-19,sh.600009,10.27888029,10.47798693,10.26228807,10.4530986,10.27888029,6460305.0,80901049.0,0.590804,1,1.6949,0
2012-07-20,sh.600009,10.41161805,10.49457915,10.33695306,10.40332194,10.4530986,3110074.0,39076305.0,0.284421,1,-0.4762,0
2012-07-23,sh.600009,10.33695306,10.59413247,10.27888029,10.39502583,10.40332194,5080300.0,63792228.0,0.464601,1,-0.0797,0
2012-07-24,sh.600009,10.38672972,10.46969082,10.33695306,10.39502583,10.39502583,2137991.0,26810306.0,0.195522,1,0.0,0
2012-07-25,sh.600009,10.39502583,10.39502583,10.22910363,10.2871764,10.39502583,3575860.0,44391442.0,0.327018,1,-1.0375,0
2012-07-26,sh.600009,10.2871764,10.33695306,10.16273475,10.32036084,10.2871764,3850916.0,47534459.0,0.352172,1,0.3226,0
2012-07-27,sh.600009,10.27888029,10.38672972,10.1212542,10.24569585,10.32036084,4623996.0,57724758.0,0.422871,1,-0.7235,0
2012-07-30,sh.600009,10.27058418,10.41161805,10.27058418,10.33695306,10.24569585,2539293.0,31685490.0,0.232222,1,0.8907,0
2012-07-31,sh.600009,10.35354528,10.43650638,10.34524917,10.40332194,10.33695306,3233351.0,40526355.0,0.295695,1,0.6421,0
2012-08-01,sh.600009,10.41991416,10.44480249,10.36184139,10.41991416,10.40332194,2065100.0,25942436.0,0.188856,1,0.1595,0
2012-08-02,sh.600009,10.42821027,10.5360597,10.40332194,10.51946748,10.41991416,3555742.0,44949997.0,0.325178,1,0.9554,0
2012-08-03,sh.600009,10.51946748,10.68538968,10.49457915,10.63561302,10.51946748,4893384.0,62566029.0,0.447507,1,1.1041,0
2012-08-06,sh.600009,10.6190208,10.66050135,10.52776359,10.6190208,10.63561302,3498768.0,44658078.0,0.319967,1,-0.156,0
2012-08-07,sh.600009,10.66879746,10.7019819,10.60242858,10.66050135,10.6190208,3719106.0,47804875.0,0.340118,1,0.3906,0
2012-08-08,sh.600009,10.66879746,10.69368579,10.59413247,10.64390913,10.66050135,1889776.0,24250800.0,0.172823,1,-0.1556,0
2012-08-09,sh.600009,10.63561302,10.69368579,10.6190208,10.68538968,10.64390913,2444161.0,31405929.0,0.223522,1,0.3897,0
2012-08-10,sh.600009,10.71027801,10.72687023,10.65220524,10.69368579,10.68538968,5346736.0,68920560.0,0.488967,1,0.0776,0
2012-08-13,sh.600009,10.68497536,10.73718208,10.55445856,10.658872,10.69367648,4168332.0,51184535.0,0.3812,1,-0.3255,0
2012-08-14,sh.600009,10.64146976,10.7893888,10.64146976,10.71977984,10.658872,3548225.0,43675989.0,0.32449,1,0.5714,0
2012-08-15,sh.600009,10.67627424,10.71977984,10.58056192,10.7023776,10.71977984,1913587.0,23432433.0,0.175,1,-0.1623,0
2012-08-16,sh.600009,10.72848096,10.72848096,10.658872,10.66757312,10.7023776,1424657.0,17503241.0,0.130287,1,-0.3252,0
2012-08-17,sh.600009,10.69367648,10.7023776,10.53705632,10.58056192,10.66757312,2392909.0,29150583.0,0.218835,1,-0.8157,0
2012-08-20,sh.600009,10.55445856,10.63276864,10.5283552,10.59796416,10.58056192,1660212.0,20207615.0,0.151829,1,0.1645,0
2012-08-21,sh.600009,10.60666528,10.63276864,10.55445856,10.56315968,10.59796416,1332194.0,16207539.0,0.121831,1,-0.3284,0
2012-08-22,sh.600009,10.59796416,10.59796416,10.45004512,10.47614848,10.56315968,1727308.0,20860526.0,0.157965,1,-0.8237,0
2012-08-23,sh.600009,10.47614848,10.5283552,10.38913728,10.49355072,10.47614848,1415436.0,17066113.0,0.129444,1,0.1661,0
2012-08-24,sh.600009,10.46744736,10.51965408,10.38043616,10.40653952,10.49355072,1107715.0,13319530.0,0.101302,1,-0.8292,0
2012-08-27,sh.600009,10.40653952,10.45874624,10.29342496,10.3543328,10.40653952,1326183.0,15789988.0,0.121281,1,-0.5017,0
2012-08-28,sh.600009,10.3543328,10.49355072,10.29342496,10.38043616,10.3543328,1775283.0,21271209.0,0.162352,1,0.2521,0
2012-08-29,sh.600009,10.33693056,10.42394176,10.33693056,10.36303392,10.38043616,813436.0,9717297.0,0.07439,1,-0.1676,0
2012-08-30,sh.600009,10.3978384,10.49355072,10.38043616,10.4848496,10.36303392,2824873.0,33902463.0,0.258339,1,1.175486,0
2012-08-31,sh.600009,10.441344,10.4848496,10.41524064,10.43264288,10.4848496,1350989.0,16209635.0,0.12355,1,-0.4979,0
2012-09-03,sh.600009,10.45004512,10.45004512,10.2673216,10.37173504,10.43264288,2325831.0,27646035.0,0.212701,1,-0.5838,0
2012-09-04,sh.600009,10.3543328,10.3978384,10.2673216,10.37173504,10.37173504,1652297.0,19593691.0,0.151105,1,0.0,0
2012-09-05,sh.600009,10.36303392,10.37173504,10.28472384,10.3108272,10.37173504,1137432.0,13498922.0,0.10402,1,-0.5872,0
2012-09-06,sh.600009,10.33693056,10.36303392,10.28472384,10.34563168,10.3108272,1022326.0,12146607.0,0.093493,1,0.3376,0
2012-09-07,sh.600009,10.38913728,10.7458832,10.34563168,10.60666528,10.34563168,6202622.0,75439502.0,0.567239,1,2.5231,0
2012-09-10,sh.600009,10.66757312,10.69367648,10.58056192,10.6153664,10.60666528,2622762.0,32047941.0,0.239855,1,0.082,0
2012-09-11,sh.600009,10.60666528,10.60666528,10.4848496,10.58926304,10.6153664,1862270.0,22561098.0,0.170307,1,-0.2459,0
2012-09-12,sh.600009,10.58926304,10.67627424,10.441344,10.5283552,10.58926304,6646112.0,80303103.0,0.607797,1,-0.5752,0
2012-09-13,sh.600009,10.46744736,10.47614848,10.33693056,10.3543328,10.5283552,3929174.0,46976569.0,0.359329,1,-1.6529,0
2012-09-14,sh.600009,10.41524064,10.43264288,10.3543328,10.37173504,10.3543328,3208100.0,38318365.0,0.293385,1,0.1681,0
2012-09-17,sh.600009,10.3978384,10.45874624,10.24991936,10.25862048,10.37173504,4585396.0,54594673.0,0.419341,1,-1.0906,0
2012-09-18,sh.600009,10.25862048,10.27602272,10.10200032,10.11940256,10.25862048,2079889.0,24329822.0,0.190209,1,-1.3571,0
2012-09-19,sh.600009,10.1368048,10.15420704,10.05849472,10.11940256,10.11940256,3109684.0,36074862.0,0.284385,1,0.0,0
2012-09-20,sh.600009,10.12810368,10.1368048,9.97148352,9.99758688,10.11940256,4303422.0,49564694.0,0.393554,1,-1.2038,0
2012-09-21,sh.600009,9.97148352,10.0497936,9.9627824,9.98888576,9.99758688,2711402.0,31157618.0,0.247962,1,-0.087,0
2012-09-24,sh.600009,9.99758688,10.006288,9.8757712,9.98888576,9.98888576,3037765.0,34724416.0,0.277808,1,0.0,0
2012-09-25,sh.600009,9.98888576,10.04109248,9.95408128,9.99758688,9.98888576,1384452.0,15913621.0,0.12661,1,0.0871,0
2012-09-26,sh.600009,9.99758688,10.05849472,9.9627824,10.04109248,9.99758688,1941381.0,22316380.0,0.177542,1,0.4352,0
2012-09-27,sh.600009,10.04109248,10.24991936,9.98888576,10.11070144,10.04109248,3422480.0,39772081.0,0.312991,1,0.6932,0
2012-09-28,sh.600009,10.11070144,10.3108272,10.07589696,10.27602272,10.11070144,6708052.0,78426540.0,0.613461,1,1.6351,0
2012-10-08,sh.600009,10.25862048,10.40653952,10.223816,10.31952832,10.27602272,4785336.0,56829209.0,0.437626,1,0.4234,0
2012-10-09,sh.600009,10.32822944,10.441344,10.31952832,10.37173504,10.31952832,4651339.0,55538540.0,0.425372,1,0.5059,0
2012-10-10,sh.600009,10.3543328,10.37173504,10.27602272,10.31952832,10.37173504,1545547.0,18326225.0,0.141343,1,-0.5034,0
2012-10-11,sh.600009,10.29342496,10.32822944,10.223816,10.28472384,10.31952832,1563914.0,18459367.0,0.143022,1,-0.3373,0
2012-10-12,sh.600009,10.27602272,10.37173504,10.223816,10.27602272,10.28472384,1798383.0,21271670.0,0.164465,1,-0.0846,0
2012-10-15,sh.600009,10.2673216,10.29342496,10.18901152,10.25862048,10.27602272,792386.0,9319347.0,0.072465,1,-0.1693,0
2012-10-16,sh.600009,10.25862048,10.29342496,10.19771264,10.23251712,10.25862048,1238878.0,14609941.0,0.113297,1,-0.2545,0
2012-10-17,sh.600009,10.3108272,10.33693056,10.21511488,10.27602272,10.23251712,1141355.0,13474972.0,0.104379,1,0.4252,0
2012-10-18,sh.600009,10.33693056,10.41524064,10.28472384,10.37173504,10.27602272,2343526.0,27905570.0,0.214319,1,0.9314,0
2012-10-19,sh.600009,10.38043616,10.38043616,10.18901152,10.30212608,10.37173504,2438120.0,28812163.0,0.22297,1,-0.67114,0
2012-10-22,sh.600009,10.23251712,10.29342496,10.20641376,10.28472384,10.30212608,868050.0,10227431.0,0.079384,1,-0.1689,0
2012-10-23,sh.600009,10.28472384,10.31952832,10.23251712,10.2673216,10.28472384,1160218.0,13690696.0,0.106104,1,-0.1692,0
2012-10-24,sh.600009,10.28472384,10.34563168,10.24991936,10.29342496,10.2673216,1687754.0,20017806.0,0.154348,1,0.2542,0
2012-10-25,sh.600009,10.29342496,10.38043616,10.25862048,10.30212608,10.29342496,1525230.0,18076848.0,0.139484,1,0.0845,0
2012-10-26,sh.600009,10.24991936,10.31952832,10.0932992,10.14550592,10.30212608,3090189.0,36184549.0,0.282602,1,-1.5203,0
2012-10-29,sh.600009,10.1368048,10.1368048,10.006288,10.07589696,10.14550592,2199434.0,25466416.0,0.201141,1,-0.6861,0
2012-10-30,sh.600009,10.07589696,10.16290816,9.95408128,10.006288,10.07589696,2276087.0,26212484.0,0.208151,1,-0.6908,0
2012-10-31,sh.600009,10.006288,10.02369024,9.91057568,9.95408128,10.006288,2962230.0,33873278.0,0.2709,1,-0.5217,0
2012-11-01,sh.600009,9.95408128,10.14550592,9.95408128,10.08459808,9.95408128,2871203.0,33093684.0,0.262576,1,1.3112,0
2012-11-02,sh.600009,10.07589696,10.20641376,10.01498912,10.14550592,10.08459808,3169208.0,36651337.0,0.289829,1,0.604,0
2012-11-05,sh.600009,10.10200032,10.1368048,9.92797792,9.93667904,10.14550592,6020628.0,69096768.0,0.550595,1,-2.0583,0
2012-11-06,sh.600009,9.93667904,9.93667904,9.6582432,9.72785216,9.93667904,7720773.0,86628981.0,0.706076,1,-2.1016,0
2012-11-07,sh.600009,9.71915104,9.80616224,9.7017488,9.75395552,9.72785216,2371442.0,26572944.0,0.216872,1,0.2683,0
2012-11-08,sh.600009,9.7452544,9.78005888,9.6582432,9.67564544,9.75395552,2172703.0,24230385.0,0.198697,1,-0.8029,0
2012-11-09,sh.600009,9.67564544,9.71044992,9.6582432,9.66694432,9.67564544,1325168.0,14741528.0,0.121189,1,-0.0899,0
2012-11-12,sh.600009,9.7017488,9.7452544,9.67564544,9.72785216,9.66694432,1655539.0,18480234.0,0.151401,1,0.6301,0
2012-11-13,sh.600009,9.73655328,9.73655328,9.571232,9.57993312,9.72785216,2807950.0,31074834.0,0.256791,1,-1.5206,0
2012-11-14,sh.600009,9.571232,9.62343872,9.50162304,9.60603648,9.57993312,1673099.0,18411535.0,0.153007,1,0.2725,0
2012-11-15,sh.600009,9.58863424,9.62343872,9.40591072,9.54512864,9.60603648,2471001.0,27129785.0,0.225977,1,-0.6341,0
2012-11-16,sh.600009,9.4842208,9.55382976,9.43201408,9.4842208,9.54512864,3187700.0,34751715.0,0.29152,1,-0.6381,0
2012-11-19,sh.600009,9.46681856,9.63213984,9.44941632,9.62343872,9.4842208,3354249.0,36895774.0,0.306751,1,1.4679,0
2012-11-20,sh.600009,9.62343872,9.64954208,9.50162304,9.56253088,9.62343872,2006620.0,22091099.0,0.183508,1,-0.6329,0
2012-11-21,sh.600009,9.56253088,9.66694432,9.5277264,9.64954208,9.56253088,1917554.0,21167680.0,0.175363,1,0.9099,0
2012-11-22,sh.600009,9.6147376,9.6582432,9.59733536,9.64954208,9.64954208,1304828.0,14441138.0,0.119328,1,0.0,0
2012-11-23,sh.600009,9.64954208,9.69304768,9.59733536,9.62343872,9.64954208,1708558.0,18928447.0,0.15625,1,-0.2705,0
2012-11-26,sh.600009,9.59733536,9.64954208,9.51902528,9.60603648,9.62343872,2044214.0,22525827.0,0.186946,1,-0.1808,0
2012-11-27,sh.600009,9.58863424,9.63213984,9.5277264,9.56253088,9.60603648,2317728.0,25522308.0,0.21196,1,-0.4529,0
2012-11-28,sh.600009,9.55382976,9.571232,9.36240512,9.50162304,9.56253088,3394311.0,36886049.0,0.310415,1,-0.6369,0
2012-11-29,sh.600009,9.50162304,9.571232,9.46681856,9.50162304,9.50162304,1894576.0,20751966.0,0.173262,1,0.0,0
2012-11-30,sh.600009,9.53642752,9.8757712,9.51032416,9.78876,9.50162304,8879779.0,99507296.0,0.812069,1,3.022,0
2012-12-03,sh.600009,9.78005888,9.93667904,9.75395552,9.89317344,9.78876,6937690.0,78919253.0,0.634462,1,1.0667,0
2012-12-04,sh.600009,9.89317344,9.89317344,9.71915104,9.80616224,9.89317344,3994792.0,44990999.0,0.36533,1,-0.8795,0
2012-12-05,sh.600009,9.79746112,10.02369024,9.76265664,9.98888576,9.80616224,6969397.0,79615464.0,0.637361,1,1.8634,0
2012-12-06,sh.600009,9.98018464,10.02369024,9.90187456,9.92797792,9.98888576,2774631.0,31763506.0,0.253744,1,-0.6098,0
2012-12-07,sh.600009,9.94538016,10.06719584,9.90187456,10.04109248,9.92797792,5875777.0,67384817.0,0.537348,1,1.1394,0
2012-12-10,sh.600009,10.06719584,10.1368048,9.90187456,9.9192768,10.04109248,9536732.0,109569585.0,0.872148,1,-1.2132,0
2012-12-11,sh.600009,9.90187456,9.93667904,9.8322656,9.85836896,9.9192768,6020038.0,68443871.0,0.550541,1,-0.614,0
2012-12-12,sh.600009,9.85836896,10.06719584,9.85836896,10.03239136,9.85836896,5768782.0,65987803.0,0.527563,1,1.7652,0
2012-12-13,sh.600009,9.98888576,10.17160928,9.95408128,10.14550592,10.03239136,5611147.0,65033670.0,0.513148,1,1.1275,0
2012-12-14,sh.600009,10.14550592,10.40653952,10.11070144,10.3978384,10.14550592,10525204.0,124867684.0,0.962545,1,2.4871,0
2012-12-17,sh.600009,10.3978384,10.47614848,10.3543328,10.42394176,10.3978384,7611538.0,91257604.0,0.696086,1,0.251,0
2012-12-18,sh.600009,10.42394176,10.5283552,10.3108272,10.33693056,10.42394176,4747008.0,56789740.0,0.434121,1,-0.8347,0
2012-12-19,sh.600009,10.32822944,10.45874624,10.29342496,10.33693056,10.33693056,6359910.0,75856007.0,0.581623,1,0.0,0
2012-12-20,sh.600009,10.3108272,10.45874624,10.30212608,10.43264288,10.33693056,4027624.0,48094887.0,0.368332,1,0.9259,0
2012-12-21,sh.600009,10.41524064,10.45004512,10.37173504,10.40653952,10.43264288,3897573.0,46681880.0,0.356439,1,-0.2502,0
2012-12-24,sh.600009,10.46744736,10.49355072,10.3108272,10.32822944,10.40653952,3151040.0,37579678.0,0.288167,1,-0.7525,0
2012-12-25,sh.600009,10.32822944,10.53705632,10.24121824,10.441344,10.32822944,9515061.0,113865258.0,0.870166,1,1.0952,0
2012-12-26,sh.600009,10.441344,10.59796416,10.43264288,10.58056192,10.441344,5389117.0,65125141.0,0.492843,1,1.3333,0
2012-12-27,sh.600009,10.6153664,10.75458432,10.54575744,10.7023776,10.58056192,10042022.0,123295341.0,0.918357,1,1.1513,0
2012-12-28,sh.600009,10.7458832,10.80679104,10.59796416,10.73718208,10.7023776,5906385.0,73065002.0,0.540147,1,0.3252,0
2012-12-31,sh.600009,10.75458432,10.89380224,10.7023776,10.84159552,10.73718208,6182203.0,76968739.0,0.565371,1,0.9724,0
2013-01-04,sh.600009,10.89380224,10.9199056,10.62406752,10.7893888,10.84159552,5502912.0,68094854.0,0.503249,1,-0.4815,0
2013-01-07,sh.600009,10.78068768,11.0069168,10.78068768,10.9199056,10.7893888,13074605.0,164561892.0,1.195692,1,1.2097,0
2013-01-08,sh.600009,10.9199056,10.99821568,10.7893888,10.8764,10.9199056,4172893.0,52322830.0,0.381617,1,-0.3984,0
2013-01-09,sh.600009,10.85029664,10.9634112,10.79808992,10.90250336,10.8764,5215838.0,65378229.0,0.476996,1,0.24,0
2013-01-10,sh.600009,10.91120448,10.92860672,10.79808992,10.8328944,10.90250336,6731696.0,84004087.0,0.615623,1,-0.6385,0
2013-01-11,sh.600009,10.80679104,10.86769888,10.6153664,10.7458832,10.8328944,5056515.0,62351972.0,0.462426,1,-0.8032,0
2013-01-14,sh.600009,10.71977984,10.92860672,10.658872,10.92860672,10.7458832,6733701.0,83666112.0,0.615807,1,1.7004,0
2013-01-15,sh.600009,10.91120448,10.95471008,10.77198656,10.86769888,10.92860672,11649671.0,145372754.0,1.065379,1,-0.5573,0
2013-01-16,sh.600009,10.8328944,10.86769888,10.59796416,10.7023776,10.86769888,8780261.0,108162020.0,0.802968,1,-1.5212,0
2013-01-17,sh.600009,10.72848096,10.94600896,10.71107872,10.93730784,10.7023776,11151467.0,138780388.0,1.019818,1,2.1951,0
2013-01-18,sh.600009,10.97211232,11.01561792,10.85899776,10.98951456,10.93730784,5165600.0,65029151.0,0.472402,1,0.4773,0
2013-01-21,sh.600009,11.01561792,11.25054816,10.8764,11.12873248,10.98951456,9740014.0,124569480.0,0.890738,1,1.2668,0
2013-01-22,sh.600009,11.17223808,11.17223808,10.88510112,10.99821568,11.12873248,5497431.0,69762516.0,0.502748,1,-1.1728,0
2013-01-23,sh.600009,10.99821568,11.12873248,10.90250336,11.0069168,10.99821568,2876431.0,36396978.0,0.263054,1,0.0791,0
2013-01-24,sh.600009,11.02431904,11.25054816,10.7893888,11.0069168,11.0069168,10108076.0,127705330.0,0.924398,1,0.0,0
2013-01-25,sh.600009,10.99821568,11.093928,10.8764,10.9634112,11.0069168,3865416.0,48844061.0,0.353498,1,-0.3953,0
2013-01-28,sh.600009,11.06782464,11.49417952,11.04172128,11.45067392,10.9634112,15534208.0,202017585.0,1.420626,1,4.4444,0
2013-01-29,sh.600009,11.45067392,11.52028288,11.25924928,11.3549616,11.45067392,7722452.0,100720130.0,0.706229,1,-0.8359,0
2013-01-30,sh.600009,11.4854784,11.528984,11.24184704,11.49417952,11.3549616,9915283.0,129833766.0,0.906767,1,1.2261,0
2013-01-31,sh.600009,11.47677728,11.58989184,11.43327168,11.5724896,11.49417952,6109299.0,80793409.0,0.558704,1,0.6813,0
2013-02-01,sh.600009,11.528984,11.66820192,11.45937504,11.6159952,11.5724896,7241064.0,96057498.0,0.662206,1,0.3759,0
2013-02-04,sh.600009,11.6595008,11.7030064,11.4854784,11.67690304,11.6159952,5536038.0,73796823.0,0.506279,1,0.5243,0
2013-02-05,sh.600009,11.7030064,11.8335232,11.5724896,11.78131648,11.67690304,11397653.0,153236620.0,1.042332,1,0.8942,0
2013-02-06,sh.600009,11.7900176,11.80741984,11.4854784,11.60729408,11.78131648,8885993.0,118376965.0,0.812637,1,-1.4771,0
2013-02-07,sh.600009,11.5724896,11.72040864,11.49417952,11.67690304,11.60729408,10526924.0,140238557.0,0.962702,1,0.5997,0
2013-02-08,sh.600009,11.71170752,11.76391424,11.6595008,11.73781088,11.67690304,5407952.0,72900049.0,0.494565,1,0.5216,0
2013-02-18,sh.600009,11.7030064,11.9205344,11.68560416,11.84222432,11.73781088,10115864.0,137470951.0,0.92511,1,0.8895,0
2013-02-19,sh.600009,11.84222432,11.88572992,11.72040864,11.78131648,11.84222432,7808342.0,105677507.0,0.714084,1,-0.5143,0
2013-02-20,sh.600009,11.746512,11.746512,11.4419728,11.69430528,11.78131648,9619827.0,128141634.0,0.879747,1,-0.7386,0
2013-02-21,sh.600009,11.53768512,11.64209856,11.3984672,11.46807616,11.69430528,10932072.0,144921999.0,0.999754,1,-1.9345,0
2013-02-22,sh.600009,11.49417952,11.528984,11.32015712,11.3549616,11.46807616,3310873.0,43384297.0,0.302784,1,-0.9863,0
2013-02-25,sh.600009,11.45067392,11.528984,11.30275488,11.45067392,11.3549616,3424823.0,45079845.0,0.313205,1,0.8429,0
2013-02-26,sh.600009,11.42457056,11.52028288,11.32015712,11.38106496,11.45067392,7751707.0,101543352.0,0.708905,1,-0.6079,0
2013-02-27,sh.600009,11.38106496,11.4419728,11.25924928,11.29405376,11.38106496,3932450.0,51260701.0,0.359628,1,-0.7645,0
2013-02-28,sh.600009,11.24184704,11.62469632,11.21574368,11.49417952,11.29405376,4749441.0,62250531.0,0.434343,1,1.772,0
2013-03-01,sh.600009,11.49417952,11.56378848,11.1374336,11.50288064,11.49417952,2861608.0,37474393.0,0.261698,1,0.0757,0
2013-03-04,sh.600009,11.45937504,11.6159952,11.21574368,11.36366272,11.50288064,9483224.0,124873992.0,0.867255,1,-1.2103,0
2013-03-05,sh.600009,11.36366272,11.45067392,11.2244448,11.38976608,11.36366272,4451523.0,58123338.0,0.407098,1,0.2297,0
2013-03-06,sh.600009,11.41586944,11.97274112,11.41586944,11.88572992,11.38976608,17254723.0,232939113.0,1.577969,1,4.3545,0
2013-03-07,sh.600009,11.79871872,11.91183328,11.71170752,11.82482208,11.88572992,4754787.0,64655585.0,0.434832,1,-0.5124,0
2013-03-08,sh.600009,11.82482208,12.0075456,11.746512,11.90313216,11.82482208,4532375.0,61904589.0,0.414492,1,0.6623,0
2013-03-11,sh.600009,11.88572992,11.88572992,11.64209856,11.73781088,11.90313216,2512105.0,33910375.0,0.229736,1,-1.3889,0
2013-03-12,sh.600009,11.68560416,11.8770288,11.51158176,11.64209856,11.73781088,7057823.0,94804066.0,0.645448,1,-0.8154,0
2013-03-13,sh.600009,11.6595008,11.6595008,11.2679504,11.3549616,11.64209856,8263987.0,108492890.0,0.755754,1,-2.4664,0
2013-03-14,sh.600009,11.29405376,11.55508736,11.18964032,11.3549616,11.3549616,4559868.0,59416623.0,0.417007,1,0.0,0
2013-03-15,sh.600009,11.34626048,11.84222432,11.34626048,11.7030064,11.3549616,10344247.0,138705675.0,0.945996,1,3.0651,0
2013-03-18,sh.600009,11.58119072,11.7900176,11.47677728,11.4854784,11.7030064,3421857.0,45600352.0,0.312934,1,-1.8587,0
2013-03-19,sh.600009,11.58989184,11.6595008,11.4854784,11.64209856,11.4854784,3393316.0,45125952.0,0.310324,1,1.3636,0
2013-03-20,sh.600009,11.62469632,11.86832768,11.45067392,11.746512,11.64209856,6829954.0,92015456.0,0.624609,1,0.8969,0
2013-03-21,sh.600009,11.746512,11.80741984,11.69430528,11.75521312,11.746512,2152005.0,29050864.0,0.196804,1,0.0741,0
2013-03-22,sh.600009,11.78131648,11.81612096,11.528984,11.63339744,11.75521312,2733378.0,36564400.0,0.249971,1,-1.0363,0
2013-03-25,sh.600009,11.746512,11.746512,11.32885824,11.4419728,11.63339744,7954081.0,104759360.0,0.727412,1,-1.6455,0
2013-03-26,sh.600009,11.32015712,11.51158176,11.28535264,11.50288064,11.4419728,4311841.0,56392432.0,0.394324,1,0.5323,0
2013-03-27,sh.600009,11.50288064,11.64209856,11.40716832,11.47677728,11.50288064,1806774.0,23893884.0,0.165232,1,-0.2269,0
2013-03-28,sh.600009,11.36366272,11.73781088,11.32885824,11.59859296,11.47677728,6566852.0,87446240.0,0.600548,1,1.0614,0
2013-03-29,sh.600009,11.64209856,11.73781088,11.4854784,11.71170752,11.59859296,3825416.0,51328784.0,0.34984,1,0.9752,0
2013-04-01,sh.600009,11.58989184,11.7030064,11.49417952,11.60729408,11.71170752,2537057.0,33760044.0,0.232018,1,-0.8915,0
2013-04-02,sh.600009,11.58989184,11.746512,11.528984,11.58119072,11.60729408,2318049.0,30970056.0,0.211989,1,-0.2249,0
2013-04-03,sh.600009,11.6159952,11.69430528,11.40716832,11.4854784,11.58119072,1987977.0,26421076.0,0.181803,1,-0.8265,0
2013-04-08,sh.600009,11.0504224,11.17223808,10.85029664,10.97211232,11.4854784,19979181.0,252240608.0,1.827125,1,-4.4697,0
2013-04-09,sh.600009,11.08522688,11.14613472,10.9634112,11.08522688,10.97211232,4249680.0,54093464.0,0.388639,1,1.0309,0
2013-04-10,sh.600009,10.97211232,11.1809392,10.9634112,11.10262912,11.08522688,4175041.0,53388324.0,0.381814,1,0.157,0
2013-04-11,sh.600009,11.20704256,11.20704256,10.98951456,11.04172128,11.10262912,1757592.0,22390888.0,0.160734,1,-0.5486,0
2013-04-12,sh.600009,11.0504224,11.10262912,10.73718208,10.89380224,11.04172128,5336006.0,66370704.0,0.487985,1,-1.339631,0
2013-04-15,sh.600009,10.79808992,10.90250336,10.5718608,10.59796416,10.89380224,3752979.0,46118776.0,0.343215,1,-2.7157,0
2013-04-16,sh.600009,10.69367648,10.69367648,10.32822944,10.3978384,10.59796416,11666738.0,139874608.0,1.06694,1,-1.888346,0
2013-04-17,sh.600009,10.3978384,10.51095296,10.32822944,10.42394176,10.3978384,4828099.0,57740864.0,0.441537,1,0.251,0
2013-04-18,sh.600009,10.40653952,10.7458832,10.37173504,10.71107872,10.42394176,4786269.0,58328648.0,0.437711,1,2.7546,0
2013-04-19,sh.600009,10.75458432,10.99821568,10.7458832,10.95471008,10.71107872,5591441.0,69871328.0,0.511345,1,2.274571,0
2013-04-22,sh.600009,10.95471008,11.14613472,10.8764,11.05912352,10.95471008,4382174.0,55718360.0,0.400756,1,0.9531,0
2013-04-23,sh.600009,11.06782464,11.06782464,10.77198656,10.7893888,11.05912352,3032519.0,38043544.0,0.277328,1,-2.439,0
2013-04-24,sh.600009,10.80679104,11.03302016,10.72848096,10.82419328,10.7893888,4158045.0,51727040.0,0.380259,1,0.3226,0
2013-04-25,sh.600009,10.84159552,11.12003136,10.72848096,11.05912352,10.82419328,5407029.0,68355256.0,0.494481,1,2.1704,0
2013-04-26,sh.600009,11.12003136,11.15483584,10.9199056,10.98951456,11.05912352,2639167.0,33477152.0,0.241356,1,-0.629425,0
2013-05-02,sh.600009,10.85029664,11.19834144,10.85029664,11.1374336,10.98951456,4026115.0,51538292.0,0.368194,1,1.346,0
2013-05-03,sh.600009,11.1374336,11.33755936,11.12003136,11.18964032,11.1374336,2648113.0,34216456.0,0.242174,1,0.468746,0
2013-05-06,sh.600009,11.1809392,11.34626048,11.1809392,11.2679504,11.18964032,2550243.0,33080478.0,0.233223,1,0.6998,0
2013-05-07,sh.600009,11.2679504,11.53768512,11.093928,11.49417952,11.2679504,6756900.0,88253920.0,0.617928,1,2.0077,0
2013-05-08,sh.600009,11.49417952,11.68560416,11.49417952,11.5724896,11.49417952,6066498.0,81051120.0,0.55479,1,0.6813,0
2013-05-09,sh.600009,11.528984,11.62469632,11.4854784,11.56378848,11.5724896,3063794.0,40666948.0,0.280188,1,-0.0752,0
2013-05-10,sh.600009,11.42457056,11.62469632,11.42457056,11.56378848,11.56378848,3532387.0,46987608.0,0.323042,1,0.0,0
2013-05-13,sh.600009,11.58989184,11.79871872,11.5724896,11.64209856,11.56378848,5962318.0,80351536.0,0.545263,1,0.6772,0
2013-05-14,sh.600009,11.64209856,11.76391424,11.52028288,11.746512,11.64209856,10149308.0,136445520.0,0.928169,1,0.8969,0
2013-05-15,sh.600009,11.746512,11.746512,11.46807616,11.53768512,11.746512,4516197.0,59953088.0,0.413013,1,-1.7778,0
2013-05-16,sh.600009,11.4419728,11.54638624,11.3984672,11.51158176,11.53768512,3279964.0,43271008.0,0.299957,1,-0.2262,0
2013-05-17,sh.600009,11.53768512,11.68560416,11.49417952,11.58119072,11.51158176,4782682.0,63598536.0,0.437383,1,0.6047,0
2013-05-20,sh.600009,11.62469632,11.72910976,11.528984,11.55508736,11.58119072,3058348.0,40826272.0,0.27969,1,-0.2254,0
2013-05-21,sh.600009,11.6159952,11.64209856,11.38976608,11.4419728,11.55508736,6049680.0,79735544.0,0.553252,1,-0.978916,0
2013-05-22,sh.600009,11.42457056,11.51158176,11.3984672,11.45937504,11.4419728,4225137.0,55562808.0,0.386395,1,0.1521,0
2013-05-23,sh.600009,11.40716832,11.528984,11.30275488,11.32885824,11.45937504,5575042.0,73040688.0,0.509846,1,-1.139,0
2013-05-24,sh.600009,11.42457056,11.45067392,11.30275488,11.38106496,11.32885824,5245760.0,68412224.0,0.479732,1,0.4608,0
2013-05-27,sh.600009,11.37236384,11.43327168,11.32015712,11.36366272,11.38106496,2629515.0,34379532.0,0.240473,1,-0.1529,0
2013-05-28,sh.600009,11.36366272,11.8335232,11.30275488,11.746512,11.36366272,9841174.0,130536464.0,0.89999,1,3.3691,0
2013-05-29,sh.600009,11.746512,11.7900176,11.65079968,11.67690304,11.746512,4116909.0,55450496.0,0.376497,1,-0.5926,0
2013-05-30,sh.600009,11.67690304,11.81612096,11.58989184,11.73781088,11.67690304,4819927.0,65117124.0,0.440789,1,0.5216,0
2013-05-31,sh.600009,11.78131648,11.99014336,11.7030064,11.86832768,11.73781088,6250156.0,85498176.0,0.571586,1,1.111939,0
2013-06-03,sh.600009,11.95533888,11.98144224,11.7900176,11.8335232,11.86832768,6388777.0,87412792.0,0.584263,1,-0.2933,0
2013-06-04,sh.600009,11.77261536,11.88572992,11.58989184,11.6595008,11.8335232,4752834.0,64169232.0,0.434654,1,-1.4706,0
2013-06-05,sh.600009,11.64209856,11.7030064,11.56378848,11.58989184,11.6595008,3503728.0,46762952.0,0.320421,1,-0.597,0
2013-06-06,sh.600009,11.58119072,11.66820192,11.52028288,11.56378848,11.58989184,1939125.0,25857372.0,0.177336,1,-0.2252,0
2013-06-07,sh.600009,11.58989184,11.62469632,11.17223808,11.27665152,11.56378848,5265652.0,68664704.0,0.481552,1,-2.4831,0
2013-06-13,sh.600009,11.17223808,11.24184704,10.63276864,10.9199056,11.27665152,11183144.0,140015344.0,1.022715,1,-3.1636,0
2013-06-14,sh.600009,10.8764,10.97211232,10.7023776,10.82419328,10.9199056,9092950.0,113134992.0,0.831563,1,-0.8765,0
2013-06-17,sh.600009,10.75458432,10.9199056,10.75458432,10.84159552,10.82419328,5218548.0,65041204.0,0.477244,1,0.1608,0
2013-06-18,sh.600009,10.86769888,10.98081344,10.80679104,10.88510112,10.84159552,5065303.0,63398016.0,0.463229,1,0.4013,0
2013-06-19,sh.600009,10.8764,10.94600896,10.7893888,10.9199056,10.88510112,3869271.0,48384144.0,0.35385,1,0.3197,0
2013-06-20,sh.600009,10.9199056,11.0069168,10.5283552,10.71107872,10.9199056,4795775.0,59765272.0,0.438581,1,-1.9124,0
2013-06-21,sh.600009,10.658872,11.01561792,10.59796416,10.9634112,10.71107872,5723345.0,71776448.0,0.523408,1,2.3558,0
2013-06-24,sh.600009,10.89380224,11.03302016,10.3543328,10.441344,10.9634112,6826015.0,83334680.0,0.624249,1,-4.7619,0
2013-06-25,sh.600009,10.42394176,10.5283552,9.8322656,10.0497936,10.441344,9095456.0,106055208.0,0.831793,1,-3.75,0
2013-06-26,sh.600009,10.15420704,10.32822944,10.03239136,10.16290816,10.0497936,8527170.0,99342544.0,0.779822,1,1.1255,0
2013-06-27,sh.600009,10.24991936,10.58926304,10.1803104,10.37173504,10.16290816,7228310.0,86295072.0,0.661039,1,2.0548,0
2013-06-28,sh.600009,10.3978384,10.53705632,10.23251712,10.37173504,10.37173504,5639884.0,66914044.0,0.515776,1,0.0,0
2013-07-01,sh.600009,10.34563168,10.90250336,10.30212608,10.84159552,10.37173504,7494500.0,91899584.0,0.685383,1,4.5302,0
2013-07-02,sh.600009,10.78068768,11.2679504,10.75458432,11.18964032,10.84159552,8303407.0,105648104.0,0.759359,1,3.2103,0
2013-07-03,sh.600009,11.12003136,11.20704256,10.78068768,11.01561792,11.18964032,6395838.0,80417944.0,0.584909,1,-1.5552,0
2013-07-04,sh.600009,11.14613472,11.16353696,10.67627424,10.89380224,11.01561792,9999807.0,125129904.0,0.914497,1,-1.1058,0
2013-07-05,sh.600009,10.8328944,11.11133024,10.82419328,11.01561792,10.89380224,5220386.0,65808744.0,0.477412,1,1.1182,0
2013-07-08,sh.600009,10.94600896,10.98951456,10.71107872,10.8764,11.01561792,3023703.0,37678280.0,0.276522,1,-1.2638,0
2013-07-09,sh.600009,10.85899776,11.16353696,10.81549216,11.07652576,10.8764,5414828.0,68825056.0,0.495194,1,1.84,0
2013-07-10,sh.600009,11.0504224,11.30275488,10.85899776,11.29405376,11.07652576,4386286.0,55939144.0,0.401132,1,1.9639,0
2013-07-11,sh.600009,11.25924928,11.55508736,11.2244448,11.311456,11.29405376,6816404.0,89125888.0,0.62337,1,0.1541,0
2013-07-12,sh.600009,11.311456,11.33755936,11.10262912,11.1374336,11.311456,3900096.0,50261276.0,0.356669,1,-1.5385,0
2013-07-15,sh.600009,11.18964032,11.37236384,11.07652576,11.14613472,11.1374336,3099247.0,39864100.0,0.283431,1,0.0781,0
2013-07-16,sh.600009,11.15483584,11.17223808,10.79808992,11.04172128,11.14613472,3781615.0,47706356.0,0.345834,1,-0.9368,0
2013-07-17,sh.600009,11.03302016,11.51158176,10.95471008,11.16353696,11.04172128,9719079.0,126414296.0,0.888824,1,1.1032,0
2013-07-18,sh.600009,11.12873248,11.37236384,11.11133024,11.28535264,11.16353696,4844720.0,62350904.0,0.443057,1,1.0912,0
2013-07-19,sh.600009,11.30275488,11.311456,10.8328944,11.02431904,11.28535264,4399321.0,56080676.0,0.402324,1,-2.313,0
2013-07-22,sh.600009,10.91120448,11.2244448,10.91120448,11.16353696,11.02431904,4064867.0,51786816.0,0.371738,1,1.2628,0
2013-07-23,sh.600009,11.2244448,11.50288064,11.1374336,11.40716832,11.16353696,4700448.0,61709352.0,0.429863,1,2.1824,0
2013-07-24,sh.600009,11.3984672,11.3984672,11.0504224,11.18964032,11.40716832,4787194.0,61419736.0,0.437796,1,-1.9069,0
2013-07-25,sh.600009,11.1809392,11.28535264,11.06782464,11.093928,11.18964032,2555078.0,32661712.0,0.233666,1,-0.8554,0
2013-07-26,sh.600009,11.02431904,11.093928,10.71977984,10.7893888,11.093928,4892079.0,61304240.0,0.447388,1,-2.7451,0
2013-07-29,sh.600009,10.79808992,10.85899776,10.55445856,10.63276864,10.7893888,2844439.0,34923480.0,0.260128,1,-1.4516,0
2013-07-30,sh.600009,10.7023776,10.94600896,10.63276864,10.7893888,10.63276864,2610294.0,32303604.0,0.238715,1,1.473,0
2013-07-31,sh.600009,10.7893888,10.90250336,10.63276864,10.71977984,10.7893888,3016303.0,37338872.0,0.275845,1,-0.6452,0
2013-08-01,sh.600009,10.73718208,11.04172128,10.71977984,10.97211232,10.71977984,4150678.0,52068464.0,0.379586,1,2.3539,0
2013-08-02,sh.600009,10.94600896,11.311456,10.93730784,11.21574368,10.97211232,4280489.0,54957400.0,0.391457,1,2.2205,0
2013-08-05,sh.600009,11.24184704,11.30275488,11.1374336,11.2679504,11.21574368,2791585.0,35982552.0,0.255294,1,0.4655,0
2013-08-06,sh.600009,11.29405376,11.29405376,11.17223808,11.24184704,11.2679504,2836381.0,36649000.0,0.259391,1,-0.2317,0
2013-08-07,sh.600009,11.21574368,11.34626048,11.15483584,11.2679504,11.24184704,2802151.0,36208720.0,0.256261,1,0.2322,0
2013-08-08,sh.600009,11.2244448,11.3549616,11.16353696,11.29405376,11.2679504,3187150.0,41284592.0,0.291469,1,0.2317,0
2013-08-09,sh.600009,11.311456,11.36366272,11.0504224,11.29405376,11.29405376,2942102.0,38079276.0,0.269059,1,0.0,0
2013-08-12,sh.600009,11.3549616,11.52028288,11.28535264,11.46807616,11.29405376,5008675.0,65826216.0,0.458051,1,1.5408,0
2013-08-13,sh.600009,11.46807616,11.6159952,11.37236384,11.38106496,11.46807616,3455599.0,45489336.0,0.31602,1,-0.7587,0
2013-08-14,sh.600009,11.3984672,11.63339744,11.37236384,11.53768512,11.38106496,5294250.0,70056224.0,0.484167,1,1.3761,0
2013-08-15,sh.600009,11.528984,11.63339744,11.46807616,11.47677728,11.53768512,5010643.0,66483980.0,0.458231,1,-0.5279,0
2013-08-16,sh.600009,11.4767845,11.68268625,11.1903125,11.25297825,11.4767845,6505033.0,83124264.0,0.594895,1,-1.9501,0
2013-08-19,sh.600009,11.4409755,11.566307,11.32459625,11.5484025,11.25297825,4996448.0,63966764.0,0.456932,1,2.6253,0
2013-08-20,sh.600009,11.5484025,11.637925,11.3693575,11.423071,11.5484025,3307336.0,42529992.0,0.302461,1,-1.0853,0
2013-08-21,sh.600009,11.5125935,11.888588,11.43202325,11.8706835,11.423071,5522578.0,71972464.0,0.505048,1,3.9185,0
2013-08-22,sh.600009,11.79011325,12.00496725,11.59316375,11.84382675,11.8706835,6192695.0,81876816.0,0.566331,1,-0.2262,0
2013-08-23,sh.600009,12.32724825,12.66743375,11.9064925,11.98706275,11.84382675,39711533.0,543810624.0,3.631677,1,1.2094,0
2013-08-26,sh.600009,12.16610775,13.1598075,12.0139195,12.95390575,11.98706275,47675161.0,680119232.0,4.359963,1,8.0657,0
2013-08-27,sh.600009,13.141903,13.63427675,12.9807625,13.18666425,12.95390575,63665175.0,947209984.0,5.822272,1,1.7968,0
2013-08-28,sh.600009,13.20456875,14.502645,13.07923725,14.144555,13.18666425,78793169.0,1218163712.0,7.205749,1,7.2641,0
2013-08-29,sh.600009,14.251982,14.431027,13.750656,13.786465,14.144555,40867211.0,642499968.0,3.737366,1,-2.5316,0
2013-08-30,sh.600009,13.96551,14.5205495,13.92074875,14.27883875,13.786465,65937482.0,1050005888.0,6.030078,1,3.5714,0
2013-09-02,sh.600009,14.42207475,15.4157745,13.7685605,13.93865325,14.27883875,67664426.0,1086742784.0,6.18801,1,-2.3824,0
2013-09-03,sh.600009,13.858083,13.90284425,13.29409125,13.6611335,13.93865325,30267168.0,461264256.0,2.767976,1,-1.991,0
2013-09-04,sh.600009,13.6969425,14.3056955,13.65218125,13.8043695,13.6611335,32127008.0,499340064.0,2.938061,1,1.0485,0
2013-09-05,sh.600009,13.679038,13.6969425,13.2672345,13.5895155,13.8043695,28241109.0,425907168.0,2.58269,1,-1.5564,0
2013-09-06,sh.600009,13.60742,14.92340075,13.4820885,14.502645,13.5895155,64185345.0,1025400640.0,5.869843,1,6.7194,0
2013-09-09,sh.600009,14.72645125,14.7354035,14.144555,14.29674325,14.502645,55037437.0,886229312.0,5.033253,1,-1.4198,0
2013-09-10,sh.600009,14.27883875,15.58586725,14.18931625,14.9502575,14.29674325,72165850.0,1218932736.0,6.599671,1,4.5711,0
2013-09-11,sh.600009,14.9502575,15.1651115,14.49369275,14.97711425,14.9502575,43247233.0,718975072.0,3.955022,1,0.1796,0
2013-09-12,sh.600009,14.968162,15.08454125,14.717499,15.0576845,14.97711425,34104872.0,566431152.0,3.11894,1,0.538,0
2013-09-13,sh.600009,15.147207,15.39787,14.4131225,14.5563585,15.0576845,35063552.0,578610112.0,3.206613,1,-3.3294,0
2013-09-16,sh.600009,14.4131225,14.7354035,14.33255225,14.4131225,14.5563585,23014553.0,371471104.0,2.104714,1,-0.984,0
2013-09-17,sh.600009,14.31464775,14.31464775,13.356757,13.3746615,14.4131225,34730230.0,534186944.0,3.17613,1,-7.205,0
2013-09-18,sh.600009,13.45523175,13.84913075,13.41942275,13.50894525,13.3746615,20291873.0,308374032.0,1.855721,1,1.004,0
2013-09-23,sh.600009,13.6253245,14.18931625,13.61637225,13.90284425,13.50894525,25790410.0,400172896.0,2.35857,1,2.9158,0
2013-09-24,sh.600009,13.893892,14.5563585,13.65218125,14.3236,13.90284425,35152721.0,554853600.0,3.214767,1,3.0264,0
2013-09-25,sh.600009,14.3056955,14.717499,13.95655775,13.99236675,14.3236,36419126.0,586384352.0,3.330582,1,-2.3125,0
2013-09-26,sh.600009,13.8759875,13.8759875,13.09714175,13.41942275,13.99236675,29490060.0,441325440.0,2.696909,1,-4.0947,0
2013-09-27,sh.600009,13.356757,13.49104075,13.177712,13.320948,13.41942275,14537239.0,216336647.0,1.329452,1,-0.7338,0
2013-09-30,sh.600009,13.45523175,13.858083,13.392566,13.54475425,13.320948,14160922.0,215717117.0,1.295037,1,1.6801,0
2013-10-08,sh.600009,13.60742,13.77751275,13.24933,13.4104705,13.54475425,17250178.0,260373795.0,1.577554,1,-0.9914,0
2013-10-09,sh.600009,13.38361375,13.65218125,13.24933,13.56265875,13.4104705,15025997.0,225858692.0,1.374149,1,1.1348,0
2013-10-10,sh.600009,13.4820885,13.58056325,13.02552375,13.13295075,13.56265875,20226296.0,299770736.0,1.849724,1,-3.1683,0
2013-10-11,sh.600009,13.1956165,13.6611335,13.04342825,13.65218125,13.13295075,27656754.0,416152528.0,2.52925,1,3.9536,0
2013-10-14,sh.600009,13.929701,14.63692875,13.84913075,14.20722075,13.65218125,44676591.0,712836832.0,4.085739,1,4.0656,0
2013-10-15,sh.600009,14.27883875,14.4489315,13.893892,14.24302975,14.20722075,17678494.0,278875392.0,1.616724,1,0.252,0
2013-10-16,sh.600009,14.1982685,14.1982685,13.4104705,13.5178975,14.24302975,15149078.0,230743934.0,1.385405,1,-5.0911,0
2013-10-17,sh.600009,13.67008575,13.714847,13.392566,13.47313625,13.5178975,10622813.0,160525058.0,0.971472,1,-0.3311,0
2013-10-18,sh.600009,13.428375,13.63427675,13.4104705,13.43732725,13.47313625,6355067.0,95678345.0,0.58118,1,-0.2658,0
2013-10-21,sh.600009,13.4820885,13.7685605,13.428375,13.6253245,13.43732725,12254890.0,186353314.0,1.120727,1,1.3991,0
2013-10-22,sh.600009,13.61637225,13.61637225,13.106094,13.29409125,13.6253245,18695330.0,278141408.0,1.709715,1,-2.431,0
2013-10-23,sh.600009,13.2672345,13.40151825,12.998667,13.16875975,13.29409125,8699721.0,128019469.0,0.795602,1,-0.9428,0
2013-10-24,sh.600009,13.20456875,13.31199575,12.9807625,13.04342825,13.16875975,6639325.0,97510471.0,0.607176,1,-0.9517,0
2013-10-25,sh.600009,13.06133275,13.11504625,12.48838875,12.5152455,13.04342825,13991326.0,198356593.0,1.279527,1,-4.0494,0
2013-10-28,sh.600009,12.6226725,12.77486075,12.54210225,12.66743375,12.5152455,6669727.0,94308354.0,0.609956,1,1.216,0
2013-10-29,sh.600009,12.640577,12.84647875,12.23772575,12.45257975,12.66743375,14081639.0,196289226.0,1.287786,1,-1.6961,0
2013-10-30,sh.600009,12.6226725,13.00761925,12.48838875,12.9807625,12.45257975,13425601.0,191950898.0,1.227791,1,4.2416,0
2013-10-31,sh.600009,12.9449535,13.320948,12.90019225,13.24933,12.9807625,15309081.0,225656116.0,1.400038,1,2.069,0
2013-11-01,sh.600009,13.3388525,13.3746615,13.070285,13.34780475,13.24933,6699830.0,99187600.0,0.612709,1,0.7432,0
2013-11-04,sh.600009,13.392566,13.392566,13.16875975,13.25828225,13.34780475,4428923.0,65780271.0,0.405031,1,-0.6707,0
2013-11-05,sh.600009,13.1598075,13.24933,12.9807625,13.18666425,13.25828225,5503485.0,80646479.0,0.503302,1,-0.5402,0
2013-11-06,sh.600009,13.1598075,13.38361375,13.1598075,13.24037775,13.18666425,5624104.0,83525607.0,0.514332,1,0.4073,0
2013-11-07,sh.600009,13.16875975,13.3388525,13.07923725,13.1956165,13.24037775,3462395.0,51139134.0,0.316641,1,-0.3381,0
2013-11-08,sh.600009,13.1956165,13.34780475,13.106094,13.13295075,13.1956165,4849425.0,71719494.0,0.443487,1,-0.4749,0
2013-11-11,sh.600009,13.1598075,13.5178975,13.07923725,13.47313625,13.13295075,9108730.0,136112191.0,0.833007,1,2.5903,0
2013-11-12,sh.600009,13.49104075,13.67008575,13.43732725,13.52684975,13.47313625,9308132.0,140768966.0,0.851242,1,0.3987,0
2013-11-13,sh.600009,13.45523175,13.571611,13.320948,13.40151825,13.52684975,9310362.0,140018830.0,0.851446,1,-0.9265,0
2013-11-14,sh.600009,13.40151825,13.40151825,13.16875975,13.320948,13.40151825,5705353.0,84663778.0,0.521763,1,-0.6012,0
2013-11-15,sh.600009,13.3388525,13.6969425,13.20456875,13.40151825,13.320948,12615310.0,190662347.0,1.153688,1,0.6048,0
2013-11-18,sh.600009,13.45523175,13.92074875,13.428375,13.88493975,13.40151825,16102917.0,247833436.0,1.472635,1,3.6072,0
2013-11-19,sh.600009,13.8759875,13.96551,13.77751275,13.8759875,13.88493975,9477250.0,146927683.0,0.866708,1,-0.0645,0
2013-11-20,sh.600009,13.88493975,14.11769825,13.86703525,13.93865325,13.8759875,7231338.0,112650542.0,0.661316,1,0.4516,0
2013-11-21,sh.600009,13.929701,13.929701,13.499993,13.63427675,13.93865325,12804987.0,195618881.0,1.171035,1,-2.1837,0
2013-11-22,sh.600009,13.72379925,13.90284425,13.63427675,13.75960825,13.63427675,8502003.0,130806079.0,0.77752,1,0.9192,0
2013-11-25,sh.600009,13.74170375,13.858083,13.67008575,13.75960825,13.75960825,6448788.0,99259197.0,0.589751,1,0.0,0
2013-11-26,sh.600009,13.714847,13.83122625,13.67008575,13.6969425,13.75960825,5870697.0,90110490.0,0.536884,1,-0.4554,0
2013-11-27,sh.600009,13.6969425,13.750656,13.47313625,13.54475425,13.6969425,9209525.0,139724174.0,0.842224,1,-1.1111,0
2013-11-28,sh.600009,13.56265875,13.679038,13.4462795,13.5895155,13.54475425,9457634.0,143421147.0,0.864914,1,0.3305,0
2013-11-29,sh.600009,13.61637225,13.6611335,13.4462795,13.499993,13.5895155,6852962.0,103556590.0,0.626713,1,-0.6588,0
2013-12-02,sh.600009,13.3388525,13.58056325,13.09714175,13.106094,13.499993,12988606.0,193436298.0,1.187827,1,-2.9178,0
2013-12-03,sh.600009,13.16875975,13.2672345,13.106094,13.24933,13.106094,7921809.0,116579338.0,0.724461,1,1.0929,0
2013-12-04,sh.600009,13.24933,13.81332175,13.1598075,13.6611335,13.24933,21146829.0,321572624.0,1.933908,1,3.1081,0
2013-12-05,sh.600009,13.6611335,13.67008575,13.40151825,13.49104075,13.6611335,11755984.0,177170731.0,1.075102,1,-1.2451,0
2013-12-06,sh.600009,13.45523175,13.464184,13.356757,13.38361375,13.49104075,7785822.0,116671878.0,0.712025,1,-0.7963,0
2013-12-09,sh.600009,13.38361375,13.4820885,13.29409125,13.320948,13.38361375,10032684.0,149722574.0,0.917503,1,-0.4682,0
2013-12-10,sh.600009,13.320948,13.571611,13.285139,13.464184,13.320948,13272713.0,199827473.0,1.213809,1,1.0753,0
2013-12-11,sh.600009,13.41942275,13.464184,13.24933,13.3388525,13.464184,10232734.0,152433126.0,0.935798,1,-0.9309,0
2013-12-12,sh.600009,13.27618675,13.43732725,13.20456875,13.25828225,13.3388525,10978952.0,163367690.0,1.004041,1,-0.604,0
2013-12-13,sh.600009,13.18666425,13.3746615,13.15085525,13.24933,13.25828225,7627945.0,112886016.0,0.697587,1,-0.0675,0
2013-12-16,sh.600009,13.24933,13.32990025,12.89124,12.98971475,13.24933,7665926.0,112016891.0,0.70106,1,-1.9595,0
2013-12-17,sh.600009,13.15085525,13.2314255,12.819622,12.84647875,12.98971475,9216238.0,133221414.0,0.842838,1,-1.1027,0
2013-12-18,sh.600009,12.89124,13.4104705,12.89124,13.213521,12.84647875,10640198.0,156157129.0,0.973062,1,2.8571,0
2013-12-19,sh.600009,13.2672345,13.356757,13.0523805,13.18666425,13.213521,8355392.0,123548009.0,0.764113,1,-0.2033,0
2013-12-20,sh.600009,13.16875975,13.535802,13.16875975,13.31199575,13.18666425,14097465.0,210208559.0,1.289234,1,0.9504,0
2013-12-23,sh.600009,13.2672345,13.52684975,13.177712,13.36570925,13.31199575,7582134.0,113291442.0,0.693397,1,0.4035,0
2013-12-24,sh.600009,13.41942275,13.60742,13.356757,13.50894525,13.36570925,10706931.0,161231021.0,0.979164,1,1.0717,0
2013-12-25,sh.600009,13.43732725,13.5895155,13.24933,13.4462795,13.50894525,5257681.0,78892678.0,0.480823,1,-0.4639,0
2013-12-26,sh.600009,13.41942275,13.41942275,13.06133275,13.070285,13.4462795,6298064.0,93048549.0,0.575967,1,-2.7963,0
2013-12-27,sh.600009,13.070285,13.29409125,13.02552375,13.070285,13.070285,9559950.0,140253238.0,0.874271,1,0.0,0
2013-12-30,sh.600009,13.106094,13.16875975,12.712195,12.77486075,13.070285,12812314.0,185220250.0,1.171705,1,-2.2603,0
2013-12-31,sh.600009,12.712195,12.8733355,12.6942905,12.819622,12.77486075,7211176.0,103053353.0,0.659472,1,0.3504,0
2014-01-02,sh.600009,12.8017175,13.00761925,12.8017175,12.97181025,12.819622,5929995.0,85631771.0,0.542307,1,1.1872,0
2014-01-03,sh.600009,12.8017175,12.95390575,12.53315,12.6942905,12.97181025,8233504.0,116847215.0,0.752966,1,-2.1394,0
2014-01-06,sh.600009,12.68533825,12.68533825,12.14820325,12.20191675,12.6942905,9391752.0,129131383.0,0.858889,1,-3.8787,0
2014-01-07,sh.600009,12.1571555,12.36305725,12.067633,12.2287735,12.20191675,8488143.0,115941602.0,0.776253,1,0.2201,0
2014-01-08,sh.600009,12.2645825,12.497341,12.21982125,12.4436275,12.2287735,7297841.0,100731985.0,0.667398,1,1.757,0
2014-01-09,sh.600009,12.45257975,12.604768,12.354105,12.53315,12.4436275,6145921.0,85989057.0,0.562053,1,0.7194,0
2014-01-10,sh.600009,12.425723,12.5868635,12.34515275,12.4078185,12.53315,5564157.0,77670311.0,0.50885,1,-1.0,0
2014-01-13,sh.600009,12.52419775,12.53315,12.318296,12.41677075,12.4078185,4685905.0,65260293.0,0.428533,1,0.0722,0
2014-01-14,sh.600009,12.43467525,12.66743375,12.425723,12.6226725,12.41677075,4600595.0,64407752.0,0.420731,1,1.6583,0
2014-01-15,sh.600009,12.6226725,12.676386,12.50629325,12.5510545,12.6226725,2804432.0,39401257.0,0.256469,1,-0.5674,0
2014-01-16,sh.600009,12.5152455,12.5868635,12.36305725,12.45257975,12.5510545,4443336.0,61699195.0,0.40635,1,-0.7846,0
2014-01-17,sh.600009,12.2645825,12.34515275,11.996015,12.07658525,12.45257975,8922910.0,121023658.0,0.816013,1,-3.0194,0
2014-01-20,sh.600009,12.07658525,12.1571555,11.8706835,12.13029875,12.07658525,4075329.0,54522500.0,0.372695,1,0.4448,0
2014-01-21,sh.600009,12.103442,12.2287735,12.04077625,12.09448975,12.13029875,2780981.0,37635437.0,0.254325,1,-0.2952,0
2014-01-22,sh.600009,12.13029875,12.39886625,12.0855375,12.38096175,12.09448975,5334211.0,73283518.0,0.487821,1,2.3686,0
2014-01-23,sh.600009,12.38096175,12.39886625,12.11239425,12.21982125,12.38096175,5141021.0,70168360.0,0.470154,1,-1.3015,0
2014-01-24,sh.600009,12.17506,12.246678,12.1213465,12.139251,12.21982125,7914340.0,107610350.0,0.723778,1,-0.6593,0
2014-01-27,sh.600009,12.067633,12.067633,11.89754025,11.93334925,12.139251,9670968.0,129086447.0,0.884424,1,-1.6962,0
2014-01-28,sh.600009,11.98706275,12.00496725,11.86173125,11.924397,11.93334925,9377407.0,124871533.0,0.857577,1,-0.075,0
2014-01-29,sh.600009,11.98706275,12.02287175,11.888588,12.00496725,11.924397,4839236.0,64648296.0,0.442555,1,0.6757,0
2014-01-30,sh.600009,11.996015,12.00496725,11.86173125,11.95125375,12.00496725,3601267.0,47983330.0,0.329341,1,-0.4474,0
2014-02-07,sh.600009,11.781161,11.924397,11.781161,11.9064925,11.95125375,4682501.0,61942597.0,0.428221,1,-0.3745,0
2014-02-10,sh.600009,11.9423015,12.23772575,11.9423015,12.2287735,11.9064925,11329438.0,153401035.0,1.036094,1,2.7068,0
2014-02-11,sh.600009,12.17506,12.4794365,12.139251,12.3720095,12.2287735,12175261.0,168082309.0,1.113445,1,1.1713,0
2014-02-12,sh.600009,12.425723,12.4436275,12.16610775,12.27353475,12.3720095,8759889.0,119851969.0,0.801105,1,-0.7959,0
2014-02-13,sh.600009,12.246678,12.34515275,12.1929645,12.282487,12.27353475,10286976.0,141009845.0,0.940759,1,0.0729,0
2014-02-14,sh.600009,12.30934375,12.47048425,12.27353475,12.34515275,12.282487,6203560.0,85533043.0,0.567325,1,0.5102,0
2014-02-17,sh.600009,12.39886625,12.4436275,12.246678,12.3003915,12.34515275,8895218.0,122540003.0,0.813481,1,-0.3626,0
2014-02-18,sh.600009,12.3003915,12.3003915,12.14820325,12.17506,12.3003915,9819457.0,133727387.0,0.898004,1,-1.0189,0
2014-02-19,sh.600009,12.14820325,12.2645825,12.05868075,12.21982125,12.17506,6288377.0,85401911.0,0.575081,1,0.3676,0
2014-02-20,sh.600009,12.27353475,12.57791125,12.27353475,12.354105,12.21982125,16728294.0,231682357.0,1.529827,1,1.0989,0
2014-02-21,sh.600009,12.354105,12.41677075,12.067633,12.18401225,12.354105,8217979.0,112247310.0,0.751546,1,-1.3768,0
2014-02-24,sh.600009,12.13029875,12.13029875,11.781161,11.7990655,12.18401225,9182563.0,122418103.0,0.839759,1,-3.1594,0
2014-02-25,sh.600009,11.84382675,11.9423015,11.44992775,11.530498,11.7990655,10029042.0,130763425.0,0.91717,1,-2.2762,0
2014-02-26,sh.600009,11.52154575,11.5842115,11.3335485,11.48573675,11.530498,8837613.0,112851744.0,0.808213,1,-0.3882,0
2014-02-27,sh.600009,11.5484025,11.62897275,11.3693575,11.494689,11.48573675,10911444.0,140164616.0,0.997867,1,0.0779,0
2014-02-28,sh.600009,11.494689,11.53945025,11.2619305,11.48573675,11.494689,7971103.0,101346659.0,0.728969,1,-0.0779,0
2014-03-03,sh.600009,11.45888,11.77220875,11.37830975,11.6200205,11.48573675,10279444.0,133381442.0,0.94007,1,1.1691,0
2014-03-04,sh.600009,11.602116,11.7632565,11.41411875,11.6558295,11.6200205,8835238.0,114123995.0,0.807995,1,0.3082,0
2014-03-05,sh.600009,11.6558295,11.7274475,11.61106825,11.6558295,11.6558295,5126414.0,66822955.0,0.468818,1,0.0,0
2014-03-06,sh.600009,11.7274475,11.7274475,11.48573675,11.68268625,11.6558295,4656120.0,60359886.0,0.425809,1,0.2304,0
2014-03-07,sh.600009,11.6916385,11.86173125,11.62897275,11.6916385,11.68268625,6265704.0,82108602.0,0.573008,1,0.0766,0
2014-03-10,sh.600009,11.53945025,11.61106825,11.351453,11.4051665,11.6916385,9566724.0,122596388.0,0.874891,1,-2.4502,0
2014-03-11,sh.600009,11.3693575,11.387262,10.98441075,11.208217,11.4051665,14044573.0,175360066.0,1.284397,1,-1.7268,0
2014-03-12,sh.600009,11.12764675,11.21716925,11.03812425,11.18136025,11.208217,5863075.0,72851499.0,0.536187,1,-0.2396,0
2014-03-13,sh.600009,11.1186945,11.2977395,11.0470765,11.12764675,11.18136025,8857411.0,110260148.0,0.810023,1,-0.4804,0
2014-03-14,sh.600009,11.10079,11.10079,10.75165225,10.96650625,11.12764675,13372220.0,163035695.0,1.222909,1,-1.4481,0
2014-03-17,sh.600009,10.94860175,11.19926475,10.89488825,11.172408,10.96650625,6925275.0,85484878.0,0.633326,1,1.8775,0
2014-03-18,sh.600009,11.172408,11.279835,11.12764675,11.172408,11.172408,4950829.0,61886194.0,0.45276,1,0.0,0
2014-03-19,sh.600009,11.16345575,11.27088275,11.03812425,11.23507375,11.172408,4375762.0,54669953.0,0.40017,1,0.5609,0
2014-03-20,sh.600009,11.23507375,11.37830975,11.064981,11.07393325,11.23507375,9277627.0,116833050.0,0.848452,1,-1.4343,0
2014-03-21,sh.600009,11.064981,11.28878725,10.9038405,11.244026,11.07393325,7160486.0,88803777.0,0.654837,1,1.536,0
2014-03-24,sh.600009,11.25297825,11.530498,11.18136025,11.44992775,11.244026,7012905.0,88960552.0,0.64134,1,1.8312,0
2014-03-25,sh.600009,11.45888,11.81697,11.41411875,11.5842115,11.44992775,11070959.0,143920052.0,1.012455,1,1.1728,0
2014-03-26,sh.600009,11.5842115,11.6916385,11.530498,11.57525925,11.5842115,4972897.0,64343303.0,0.454779,1,-0.0773,0
2014-03-27,sh.600009,11.55735475,11.673734,11.45888,11.494689,11.57525925,4202365.0,54191687.0,0.384312,1,-0.6961,0
2014-03-28,sh.600009,11.4767845,11.73639975,11.4767845,11.6200205,11.494689,5306441.0,69017436.0,0.485282,1,1.0903,0
2014-03-31,sh.600009,11.602116,11.62897275,11.1903125,11.25297825,11.6200205,4352574.0,55299949.0,0.398049,1,-3.1587,0
2014-04-01,sh.600009,11.244026,11.351453,11.1903125,11.25297825,11.25297825,3634595.0,45708815.0,0.332389,1,0.0,0
2014-04-02,sh.600009,11.2619305,11.30669175,11.21716925,11.2619305,11.25297825,2530904.0,31837561.0,0.231455,1,0.0796,0
2014-04-03,sh.600009,11.32459625,11.36040525,11.12764675,11.19926475,11.2619305,5096834.0,63882853.0,0.466113,1,-0.5564,0
2014-04-04,sh.600009,11.1545035,11.23507375,11.10974225,11.2261215,11.19926475,2907794.0,36312959.0,0.265922,1,0.2398,0
2014-04-08,sh.600009,11.208217,11.423071,11.172408,11.4051665,11.2261215,5118741.0,64820672.0,0.468116,1,1.5949,0
2014-04-09,sh.600009,11.423071,11.566307,11.387262,11.4767845,11.4051665,5078601.0,65164238.0,0.464445,1,0.6279,0
2014-04-10,sh.600009,11.5125935,11.66478175,11.4767845,11.64687725,11.4767845,8078382.0,104586092.0,0.73878,1,1.4821,0
2014-04-11,sh.600009,11.68268625,12.14820325,11.673734,11.95125375,11.64687725,19016015.0,254897545.0,1.739042,1,2.6134,0
2014-04-14,sh.600009,11.924397,12.1213465,11.79011325,11.8706835,11.95125375,5880011.0,78386980.0,0.537736,1,-0.6742,0
2014-04-15,sh.600009,11.888588,11.888588,11.66478175,11.70059075,11.8706835,6305026.0,82643811.0,0.576604,1,-1.4329,0
2014-04-16,sh.600009,11.709543,11.81697,11.64687725,11.7274475,11.70059075,4085782.0,53551759.0,0.373651,1,0.2295,0
2014-04-17,sh.600009,11.77220875,11.84382675,11.70059075,11.7990655,11.7274475,3379204.0,44416667.0,0.309033,1,0.6107,0
2014-04-18,sh.600009,11.6916385,11.79011325,11.637925,11.70059075,11.7990655,2936186.0,38335090.0,0.268518,1,-0.8346,0
2014-04-21,sh.600009,11.637925,11.6916385,11.4409755,11.45888,11.70059075,4417746.0,57149658.0,0.404009,1,-2.0658,0
2014-04-22,sh.600009,11.41411875,11.6200205,11.34250075,11.530498,11.45888,3489569.0,44694186.0,0.319126,1,0.625,0
2014-04-23,sh.600009,11.50364125,11.566307,11.41411875,11.5125935,11.530498,2633690.0,33778143.0,0.240855,1,-0.1553,0
2014-04-24,sh.600009,11.48573675,12.318296,11.44992775,11.91544475,11.5125935,11486725.0,153695124.0,1.050478,1,3.4992,0
2014-04-25,sh.600009,11.9064925,11.98706275,11.70059075,11.70059075,11.91544475,6091998.0,80484316.0,0.557122,1,-1.8032,0
2014-04-28,sh.600009,11.70059075,11.7990655,11.41411875,11.43202325,11.70059075,7201661.0,93075122.0,0.658602,1,-2.2953,0
2014-04-29,sh.600009,11.50364125,11.79011325,11.43202325,11.6558295,11.43202325,5702651.0,73818049.0,0.521516,1,1.9577,0
2014-04-30,sh.600009,11.673734,11.888588,11.57525925,11.84382675,11.6558295,6243365.0,82047880.0,0.570965,1,1.6129,0
2014-05-05,sh.600009,11.81697,11.91544475,11.709543,11.86173125,11.84382675,5247289.0,69115525.0,0.479872,1,0.1512,0
2014-05-06,sh.600009,11.84382675,11.93334925,11.80801775,11.87963575,11.86173125,5751059.0,76284127.0,0.525943,1,0.1509,0
2014-05-07,sh.600009,11.82592225,12.103442,11.781161,11.89754025,11.87963575,8962979.0,119948666.0,0.819677,1,0.1507,0
2014-05-08,sh.600009,11.888588,12.14820325,11.81697,12.02287175,11.89754025,9413380.0,126781987.0,0.860867,1,1.0534,0
2014-05-09,sh.600009,12.0855375,12.1213465,11.781161,11.86173125,12.02287175,5526416.0,73452075.0,0.505399,1,-1.3403,0
2014-05-12,sh.600009,11.95125375,12.17506,11.852779,12.139251,11.86173125,8918730.0,120143231.0,0.815631,1,2.3396,0
2014-05-13,sh.600009,12.0855375,12.53315,12.067633,12.425723,12.139251,15098021.0,208687219.0,1.380736,1,2.3599,0
2014-05-14,sh.600009,12.38096175,12.497341,12.2645825,12.34515275,12.425723,6248153.0,86357486.0,0.571403,1,-0.6484,0
2014-05-15,sh.600009,12.29143925,12.425723,12.2287735,12.3003915,12.34515275,6456949.0,88742455.0,0.590497,1,-0.3626,0
2014-05-16,sh.600009,12.282487,12.354105,12.00496725,12.13029875,12.3003915,6931794.0,93904133.0,0.633923,1,-1.3828,0
2014-05-19,sh.600009,12.04077625,12.16610775,11.95125375,12.031824,12.13029875,4265650.0,57368054.0,0.3901,1,-0.8118,0
2014-05-20,sh.600009,12.0855375,12.1929645,12.0139195,12.067633,12.031824,2872741.0,38803340.0,0.262716,1,0.2976,0
2014-05-21,sh.600009,12.00496725,12.18401225,11.9423015,12.1571555,12.067633,3364585.0,45377865.0,0.307696,1,0.7418,0
2014-05-22,sh.600009,12.1571555,12.282487,11.98706275,11.98706275,12.1571555,3898528.0,52852164.0,0.356526,1,-1.3991,0
2014-05-23,sh.600009,11.98706275,12.067633,11.91544475,12.0139195,11.98706275,3381683.0,45295745.0,0.30926,1,0.224,0
2014-05-26,sh.600009,12.17506,12.17506,11.96915825,12.05868075,12.0139195,3744302.0,50375973.0,0.342422,1,0.3726,0
2014-05-27,sh.600009,12.05868075,12.05868075,11.77220875,11.8348745,12.05868075,7908314.0,104993670.0,0.723227,1,-1.856,0
2014-05-28,sh.600009,11.80801775,12.04077625,11.7990655,11.996015,11.8348745,4219061.0,56282100.0,0.385839,1,1.3616,0
2014-05-29,sh.600009,12.0139195,12.0497285,11.8706835,11.87963575,11.996015,3189547.0,42622444.0,0.291689,1,-0.9701,0
2014-05-30,sh.600009,11.888588,12.0497285,11.86173125,11.93334925,11.87963575,3937151.0,52556176.0,0.360058,1,0.4521,0
2014-06-03,sh.600009,11.924397,11.924397,11.75430425,11.81697,11.93334925,4639919.0,61237214.0,0.424327,1,-0.9752,0
2014-06-04,sh.600009,11.79011325,11.84382675,11.530498,11.5484025,11.81697,4738856.0,61629609.0,0.433375,1,-2.2727,0
2014-06-05,sh.600009,11.53945025,11.637925,11.45888,11.59316375,11.5484025,5057708.0,65280775.0,0.462535,1,0.3876,0
2014-06-06,sh.600009,11.602116,11.62897275,11.34250075,11.423071,11.59316375,5553751.0,71042974.0,0.507899,1,-1.4672,0
2014-06-09,sh.600009,11.423071,11.55735475,11.36040525,11.39621425,11.423071,4807832.0,61569284.0,0.439683,1,-0.2351,0
2014-06-10,sh.600009,11.4409755,11.6916385,11.4051665,11.6558295,11.39621425,6011964.0,77895306.0,0.549803,1,2.2781,0
2014-06-11,sh.600009,11.637925,11.77220875,11.55735475,11.73639975,11.6558295,3473432.0,45196250.0,0.31765,1,0.6912,0
2014-06-12,sh.600009,11.673734,11.71849525,11.4767845,11.494689,11.73639975,4990622.0,64478386.0,0.4564,1,-2.0595,0
2014-06-13,sh.600009,11.5125935,11.71849525,11.494689,11.6558295,11.494689,4018872.0,52187862.0,0.367532,1,1.4019,0
2014-06-16,sh.600009,11.602116,11.81697,11.602116,11.77220875,11.6558295,5157414.0,67447782.0,0.471653,1,0.9985,0
2014-06-17,sh.600009,11.77220875,11.77220875,11.637925,11.71849525,11.77220875,5635706.0,73599027.0,0.515393,1,-0.4563,0
2014-06-18,sh.600009,11.709543,11.71849525,11.5125935,11.52154575,11.71849525,4663312.0,60432739.0,0.426467,1,-1.6807,0
2014-06-19,sh.600009,11.530498,11.59316375,11.36040525,11.387262,11.52154575,3758574.0,48166713.0,0.343727,1,-1.1655,0
2014-06-20,sh.600009,11.3693575,11.50364125,11.279835,11.3693575,11.387262,3650550.0,46354899.0,0.333848,1,-0.1572,0
2014-06-23,sh.600009,11.387262,11.45888,11.351453,11.3693575,11.3693575,2320431.0,29523371.0,0.212207,1,0.0,0
2014-06-24,sh.600009,11.37830975,11.44992775,11.36040525,11.44992775,11.3693575,3622692.0,46184973.0,0.3313,1,0.7087,0
2014-06-25,sh.600009,11.43202325,11.48573675,11.36040525,11.387262,11.44992775,3985859.0,50782264.0,0.364513,1,-0.5473,0
2014-06-26,sh.600009,11.45888,11.45888,11.37830975,11.44992775,11.387262,4827612.0,61619850.0,0.441492,1,0.5503,0
2014-06-27,sh.600009,11.44992775,11.530498,11.41411875,11.494689,11.44992775,4337161.0,55660505.0,0.39664,1,0.3909,0
2014-06-30,sh.600009,11.53945025,11.6200205,11.45888,11.5484025,11.494689,5879528.0,75802849.0,0.537691,1,0.4673,0
2014-07-01,sh.600009,11.55735475,11.6200205,11.55735475,11.6200205,11.5484025,4485096.0,58065767.0,0.410169,1,0.6202,0
2014-07-02,sh.600009,11.6200205,11.62897275,11.530498,11.5842115,11.6200205,3196015.0,41299934.0,0.29228,1,-0.3082,0
2014-07-03,sh.600009,11.566307,11.61106825,11.5125935,11.5842115,11.5842115,6999733.0,90491784.0,0.640136,1,0.0,0
2014-07-04,sh.600009,11.5842115,11.64687725,11.55735475,11.602116,11.5842115,4418272.0,57230647.0,0.404057,1,0.1546,0
2014-07-07,sh.600009,11.602116,11.673734,11.53945025,11.566307,11.602116,3406515.0,44123165.0,0.311531,1,-0.3086,0
2014-07-08,sh.600009,11.62897275,11.709543,11.602116,11.70059075,11.566307,7517660.0,98040817.0,0.687501,1,1.161,0
2014-07-09,sh.600009,11.673734,11.673734,11.4767845,11.52154575,11.70059075,5183036.0,67030900.0,0.473996,1,-1.5302,0
2014-07-10,sh.600009,11.52154575,11.566307,11.423071,11.44992775,11.52154575,5153673.0,66089533.0,0.471311,1,-0.6216,0
2014-07-11,sh.600009,11.45888,11.530498,11.423071,11.50364125,11.44992775,4184009.0,53744146.0,0.382634,1,0.4691,0
2014-07-14,sh.600009,11.50364125,11.637925,11.46783225,11.637925,11.50364125,9529306.0,122953026.0,0.871469,1,1.1673,0
2014-07-15,sh.600009,11.62897275,11.709543,11.52154575,11.6916385,11.637925,7552680.0,97905348.0,0.690704,1,0.4615,0
2014-07-16,sh.600009,11.6916385,11.709543,11.61106825,11.68268625,11.6916385,7650375.0,99721288.0,0.699638,1,-0.0766,0
2014-07-17,sh.600009,11.673734,11.6916385,11.59316375,11.66478175,11.68268625,7081405.0,92119703.0,0.647605,1,-0.1533,0
2014-07-18,sh.600009,11.59316375,11.79011325,11.566307,11.781161,11.66478175,9160089.0,119615641.0,0.837703,1,0.9977,0
2014-07-21,sh.600009,11.79011325,11.9064925,11.73639975,11.8348745,11.781161,8836600.0,116860094.0,0.80812,1,0.4559,0
2014-07-22,sh.600009,11.852779,11.93334925,11.75430425,11.8706835,11.8348745,8585286.0,113709476.0,0.785137,1,0.3026,0
2014-07-23,sh.600009,11.81697,11.9064925,11.75430425,11.87963575,11.8706835,10006247.0,132151920.0,0.915086,1,0.0754,0
2014-07-24,sh.600009,11.8348745,12.067633,11.781161,11.98706275,11.87963575,16301040.0,217160176.0,1.490754,1,0.9043,0
2014-07-25,sh.600009,11.98706275,12.318296,11.9781105,12.23772575,11.98706275,20300348.0,276313296.0,1.856496,1,2.0911,0
2014-07-28,sh.600009,12.2645825,12.4794365,12.1571555,12.389914,12.23772575,14058130.0,193778225.0,1.285636,1,1.2436,0
2014-07-29,sh.600009,12.354105,12.41677075,12.246678,12.3362005,12.389914,8520094.0,117299998.0,0.779175,1,-0.4335,0
2014-07-30,sh.600009,12.2645825,12.354105,12.18401225,12.2645825,12.3362005,9445699.0,129498588.0,0.863823,1,-0.5806,0
2014-07-31,sh.600009,12.246678,12.354105,12.1571555,12.2645825,12.2645825,9107154.0,124591175.0,0.832862,1,0.0,0
2014-08-01,sh.600009,12.29143925,12.354105,12.139251,12.139251,12.2645825,9221306.0,126406744.0,0.843302,1,-1.0219,0
2014-08-04,sh.600009,12.17506,12.354105,12.1213465,12.354105,12.139251,13099033.0,179054595.0,1.197926,1,1.7699,0
2014-08-05,sh.600009,12.3720095,12.389914,12.246678,12.3003915,12.354105,8763093.0,120604934.0,0.801398,1,-0.4348,0
2014-08-06,sh.600009,12.30934375,12.30934375,12.13029875,12.23772575,12.3003915,9112676.0,124395213.0,0.833367,1,-0.5095,0
2014-08-07,sh.600009,12.246678,12.282487,12.0855375,12.13029875,12.23772575,8977568.0,122227248.0,0.821012,1,-0.8778,0
2014-08-08,sh.600009,12.1213465,12.210869,12.11239425,12.16610775,12.13029875,4839481.0,65818271.0,0.442578,1,0.2952,0
2014-08-11,sh.600009,12.23772575,12.36305725,12.18401225,12.354105,12.16610775,10461963.0,143558142.0,0.956762,1,1.5453,0
2014-08-12,sh.600009,12.59581575,12.9449535,12.5152455,12.640577,12.354105,34471785.0,489213584.0,3.152495,1,2.3188,0
2014-08-13,sh.600009,12.66743375,12.72114725,12.461532,12.57791125,12.640577,19027829.0,267135931.0,1.740123,1,-0.4957,0
2014-08-14,sh.600009,12.5152455,12.64952925,12.47048425,12.497341,12.57791125,15022220.0,210508587.0,1.373804,1,-0.6406,0
2014-08-15,sh.600009,12.56138478,12.91819032,12.50649162,12.78095742,12.49734276,19859490.0,276863024.0,1.816179,1,2.2694,0
2014-08-18,sh.600009,12.92733918,13.16520954,12.5796825,12.70776654,12.78095742,28871851.0,404928672.0,2.640373,1,-0.5727,0
2014-08-19,sh.600009,12.70776654,12.89074374,12.65287338,12.86329716,12.70776654,17004366.0,238051146.0,1.555074,1,1.2239,0
2014-08-20,sh.600009,12.86329716,12.9913812,12.74436198,12.77180856,12.86329716,13180726.0,185447925.0,1.205396,1,-0.7112,0
2014-08-21,sh.600009,12.77180856,12.78095742,12.5796825,12.7169154,12.77180856,9721936.0,134741326.0,0.889085,1,-0.4298,0
2014-08-22,sh.600009,12.5339382,12.61627794,12.43330074,12.5339382,12.7169154,23582399.0,323017792.0,2.156645,1,-1.4388,0
2014-08-25,sh.600009,12.58883136,12.84499944,12.4881939,12.7169154,12.5339382,16418755.0,227160614.0,1.501519,1,1.4599,0
2014-08-26,sh.600009,12.68031996,12.68031996,12.41500302,12.4881939,12.7169154,11820060.0,162118988.0,1.080962,1,-1.7986,0
2014-08-27,sh.600009,12.4424496,12.54308706,12.36925872,12.40585416,12.4881939,7732588.0,105268981.0,0.707156,1,-0.6593,0
2014-08-28,sh.600009,12.43330074,12.46989618,12.23202582,12.28691898,12.40585416,9857315.0,133021587.0,0.901466,1,-0.9587,0
2014-08-29,sh.600009,12.350961,12.42415188,12.27777012,12.40585416,12.28691898,6751779.0,91233341.0,0.61746,1,0.968,0
2014-09-01,sh.600009,12.4424496,12.6254268,12.36010986,12.58883136,12.40585416,9398274.0,128296140.0,0.859486,1,1.4749,0
2014-09-02,sh.600009,12.63457566,12.75351084,12.52478934,12.74436198,12.58883136,16402147.0,226808923.0,1.5,1,1.2355,0
2014-09-03,sh.600009,12.75351084,12.88159488,12.70776654,12.75351084,12.74436198,16093961.0,225008465.0,1.471816,1,0.0718,0
2014-09-04,sh.600009,12.7626597,13.04627436,12.70776654,12.98223234,12.75351084,22706247.0,320698000.0,2.076519,1,1.7934,0
2014-09-05,sh.600009,13.01882778,13.43052648,12.9456369,13.32074016,12.98223234,31904040.0,461539264.0,2.917671,1,2.6075,0
2014-09-09,sh.600009,13.34818674,13.43052648,13.20180498,13.25669814,13.32074016,15011499.0,218120535.0,1.372823,1,-0.4808,0
2014-09-10,sh.600009,13.1743584,13.23840042,13.06457208,13.16520954,13.25669814,14164335.0,203397381.0,1.295349,1,-0.6901,0
2014-09-11,sh.600009,13.16520954,13.38478218,13.07372094,13.28414472,13.16520954,18450226.0,267484495.0,1.6873,1,0.9034,0
2014-09-12,sh.600009,13.22925156,13.3115913,13.15606068,13.29329358,13.28414472,11206459.0,162022027.0,1.024847,1,0.0689,0
2014-09-15,sh.600009,13.265847,13.4030799,13.19265612,13.39393104,13.29329358,15604178.0,227272703.0,1.427025,1,0.7571,0
2014-09-16,sh.600009,13.43967534,13.6775457,13.1743584,13.2201027,13.39393104,19208680.0,282143584.0,1.756662,1,-1.2978,0
2014-09-17,sh.600009,13.18350726,13.43052648,13.18350726,13.37563332,13.2201027,12639777.0,183854424.0,1.155926,1,1.1765,0
2014-09-18,sh.600009,13.30244244,13.45797306,13.23840042,13.30244244,13.37563332,10378931.0,151242981.0,0.949168,1,-0.5472,0
2014-09-19,sh.600009,13.29329358,13.33903788,13.18350726,13.265847,13.30244244,7905155.0,114610533.0,0.722938,1,-0.2751,0
2014-09-22,sh.600009,13.29329358,13.36648446,13.14691182,13.21095384,13.265847,10710638.0,155143514.0,0.979503,1,-0.4138,0
2014-09-23,sh.600009,13.20180498,13.42137762,13.20180498,13.38478218,13.21095384,10938653.0,159311014.0,1.000356,1,1.3158,0
2014-09-24,sh.600009,13.32074016,13.50371736,13.20180498,13.45797306,13.38478218,16830047.0,246134376.0,1.539132,1,0.5468,0
2014-09-25,sh.600009,13.50371736,13.92456492,13.4945685,13.57690824,13.45797306,18292101.0,274170176.0,1.672839,1,0.8838,0
2014-09-26,sh.600009,13.5403128,13.85137404,13.53116394,13.82392746,13.57690824,10824577.0,162517141.0,0.989923,1,1.8194,0
2014-09-29,sh.600009,13.92456492,14.05264896,13.75988544,13.83307632,13.82392746,12707185.0,192394028.0,1.16209,1,0.0662,0
2014-09-30,sh.600009,13.8605229,13.89711834,13.75073658,13.77818316,13.83307632,10213850.0,154240743.0,0.934071,1,-0.3968,0
2014-10-08,sh.600009,13.74158772,13.84222518,13.57690824,13.8147786,13.77818316,12815110.0,192206994.0,1.17196,1,0.2656,0
2014-10-09,sh.600009,13.83307632,13.92456492,13.75988544,13.78733202,13.8147786,13389121.0,202716945.0,1.224455,1,-0.1987,0
2014-10-10,sh.600009,13.72329,13.75073658,13.52201508,13.54946166,13.78733202,13576535.0,202300698.0,1.241594,1,-1.7253,0
2014-10-13,sh.600009,13.4945685,13.4945685,13.22925156,13.34818674,13.54946166,15006386.0,218615637.0,1.372356,1,-1.4855,0
2014-10-14,sh.600009,13.30244244,13.4945685,13.28414472,13.3573356,13.34818674,11407251.0,166949368.0,1.04321,1,0.0685,0
2014-10-15,sh.600009,13.32074016,13.61350368,13.32074016,13.54946166,13.3573356,17254239.0,254724857.0,1.577925,1,1.4384,0
2014-10-16,sh.600009,13.41222876,13.65009912,13.33903788,13.34818674,13.54946166,14255950.0,210581769.0,1.303727,1,-1.4855,0
2014-10-17,sh.600009,13.32074016,13.52201508,13.09201866,13.36648446,13.34818674,11862644.0,172224214.0,1.084856,1,0.1371,0
2014-10-20,sh.600009,13.36648446,13.48541964,13.265847,13.45797306,13.36648446,8638290.0,126239680.0,0.789984,1,0.6845,0
2014-10-21,sh.600009,13.43967534,13.45797306,13.15606068,13.265847,13.45797306,8138810.0,118214020.0,0.744306,1,-1.4276,0
2014-10-22,sh.600009,13.20180498,13.37563332,13.20180498,13.23840042,13.265847,5972444.0,86707761.0,0.546189,1,-0.2069,0
2014-10-23,sh.600009,13.22925156,13.36648446,13.11946524,13.15606068,13.23840042,6485331.0,93874019.0,0.593093,1,-0.622,0
2014-10-24,sh.600009,13.1743584,13.265847,12.9913812,13.1743584,13.15606068,7371083.0,105854996.0,0.674096,1,0.1391,0
2014-10-27,sh.600009,13.10116752,13.3115913,13.00967892,13.27499586,13.1743584,6681380.0,96540514.0,0.611022,1,0.7639,0
2014-10-28,sh.600009,13.3115913,13.68669456,13.3115913,13.60435482,13.27499586,15376086.0,228078880.0,1.406165,1,2.481,0
2014-10-29,sh.600009,13.6775457,14.25392388,13.62265254,14.14413756,13.60435482,39143460.0,598942368.0,3.579726,1,3.9677,0
2014-10-30,sh.600009,14.14413756,14.34541248,14.0435001,14.180733,14.14413756,30590411.0,474732192.0,2.797537,1,0.2587,0
2014-10-31,sh.600009,14.16243528,14.37285906,14.07094668,14.23562616,14.180733,19303070.0,300019440.0,1.765294,1,0.3871,0
2014-11-03,sh.600009,14.2264773,14.88519522,14.18988186,14.66562258,14.23562616,26883897.0,429054112.0,2.458571,1,3.0206,0
2014-11-04,sh.600009,14.638176,14.638176,14.33626362,14.44604994,14.66562258,15785487.0,249344479.0,1.443606,1,-1.4972,0
2014-11-05,sh.600009,14.43690108,14.44604994,14.16243528,14.26307274,14.44604994,14027140.0,218907433.0,1.282802,1,-1.2666,0
2014-11-06,sh.600009,14.34541248,14.64732486,14.07094668,14.18988186,14.26307274,25978920.0,405890096.0,2.37581,1,-0.5131,0
2014-11-07,sh.600009,14.23562616,14.46434766,14.0435001,14.28137046,14.18988186,15982363.0,249525242.0,1.46161,1,0.6447,0
2014-11-10,sh.600009,14.30881704,14.8668975,14.30881704,14.83030206,14.28137046,24332873.0,390856656.0,2.225276,1,3.8437,0
2014-11-11,sh.600009,14.83945092,15.31519164,14.57413398,14.79370662,14.83030206,34766202.0,570777376.0,3.17942,1,-0.2468,0
2014-11-12,sh.600009,14.69306916,15.62625288,14.57413398,15.54391314,14.79370662,33102136.0,555074624.0,3.027238,1,5.0711,0
2014-11-13,sh.600009,15.66284832,15.98305842,15.4615734,15.7360392,15.54391314,40858997.0,702358832.0,3.736614,1,1.236,0
2014-11-14,sh.600009,15.6902949,15.71774148,15.2785962,15.5988063,15.7360392,21438725.0,363000720.0,1.960602,1,-0.8721,0
2014-11-17,sh.600009,16.467948,16.467948,15.6445506,15.65369946,15.5988063,32114796.0,562234272.0,2.936945,1,0.3519,0
2014-11-18,sh.600009,15.6445506,15.85497438,15.1413633,15.15966102,15.65369946,17959786.0,301423952.0,1.642448,1,-3.1561,0
2014-11-19,sh.600009,15.26029848,15.33348936,14.96753496,15.07732128,15.15966102,17996997.0,297636112.0,1.645851,1,-0.5432,0
2014-11-20,sh.600009,15.05902356,15.22370304,14.98583268,15.1413633,15.07732128,15825758.0,261700548.0,1.447288,1,0.4248,0
2014-11-21,sh.600009,15.20540532,15.38838252,14.99498154,15.28774506,15.1413633,17194049.0,284620896.0,1.572421,1,0.9668,0
2014-11-24,sh.600009,15.62625288,15.69944376,15.4158291,15.5073177,15.28774506,26907397.0,457327952.0,2.46072,1,1.4363,0
2014-11-25,sh.600009,15.553062,16.3307151,15.44327568,16.010505,15.5073177,31248004.0,544281760.0,2.857675,1,3.2448,0
2014-11-26,sh.600009,15.9647607,16.00135614,15.37923366,15.5988063,16.010505,32590013.0,557579040.0,2.980404,1,-2.5714,0
2014-11-27,sh.600009,15.63540174,15.66284832,15.28774506,15.47072226,15.5988063,25327105.0,427935184.0,2.3162,1,-0.8211,0
2014-11-28,sh.600009,15.54391314,16.44965028,15.5073177,15.90071868,15.47072226,46131669.0,804496528.0,4.218808,1,2.7794,0
2014-12-01,sh.600009,15.90071868,16.2392265,15.62625288,15.75433692,15.90071868,24495465.0,424864656.0,2.240146,1,-0.9206,0
2014-12-02,sh.600009,15.65369946,15.99220728,15.56221086,15.90071868,15.75433692,20853462.0,360122416.0,1.907079,1,0.9292,0
2014-12-03,sh.600009,15.97390956,16.40390598,15.69944376,16.1934822,15.90071868,33289761.0,583925104.0,3.044397,1,1.8412,0
2014-12-04,sh.600009,16.1019936,16.64177634,16.1019936,16.58688318,16.1934822,28308529.0,506392336.0,2.588856,1,2.4294,0
2014-12-05,sh.600009,16.72411608,16.90709328,15.83667666,16.07454702,16.58688318,37662328.0,669231488.0,3.444274,1,-3.0888,0
2014-12-08,sh.600009,16.010505,16.6051809,15.83667666,16.48624572,16.07454702,30171615.0,538285920.0,2.759238,1,2.5612,0
2014-12-09,sh.600009,16.48624572,18.13304052,16.2392265,16.76071152,16.48624572,60762600.0,1143440192.0,5.556828,1,1.6648,0
2014-12-10,sh.600009,16.93453986,18.28857114,16.8796467,18.27942228,16.76071152,46510609.0,896632320.0,4.253463,1,9.0611,0
2014-12-11,sh.600009,18.3892086,19.64260242,18.3892086,18.62707896,18.27942228,56917432.0,1176204848.0,5.205182,1,1.9019,0
2014-12-12,sh.600009,18.4806972,18.755163,17.94091446,18.14218938,18.62707896,29522918.0,585457232.0,2.699914,1,-2.6031,0
2014-12-15,sh.600009,18.0689985,18.1147428,17.5658112,18.09644508,18.14218938,21033207.0,410310288.0,1.923517,1,-0.2521,0
2014-12-16,sh.600009,17.8860213,18.08729622,17.66644866,18.00495648,18.09644508,18874974.0,368820592.0,1.726144,1,-0.5056,0
2014-12-17,sh.600009,18.2519757,18.6636744,17.72134182,18.07814736,18.00495648,33138746.0,661448528.0,3.030586,1,0.4065,0
2014-12-18,sh.600009,17.98665876,18.0232542,17.5658112,17.75793726,18.07814736,24391704.0,473463296.0,2.230657,1,-1.7713,0
2014-12-19,sh.600009,17.6572998,18.53559036,17.59325778,18.35261316,17.75793726,32580136.0,649019072.0,2.979501,1,3.3488,0
2014-12-22,sh.600009,18.29772,18.4349529,17.6572998,17.92261674,18.35261316,25971889.0,512987920.0,2.375167,1,-2.343,0
2014-12-23,sh.600009,18.0232542,18.10559394,17.2456011,17.34623856,17.92261674,25313106.0,488266080.0,2.31492,1,-3.2159,0
2014-12-24,sh.600009,17.36453628,17.4285783,16.88879556,16.95283758,17.34623856,20417543.0,380111120.0,1.867214,1,-2.2679,0
2014-12-25,sh.600009,16.9711353,17.44687602,16.9711353,17.43772716,16.95283758,12874462.0,242411227.0,1.177388,1,2.8602,0
2014-12-26,sh.600009,17.382834,18.19708254,17.30049426,18.1147428,17.43772716,20639235.0,403527456.0,1.887488,1,3.8825,0
2014-12-29,sh.600009,18.3892086,18.53559036,17.7030441,17.91346788,18.1147428,19486935.0,384367920.0,1.782108,1,-1.1111,0
2014-12-30,sh.600009,17.95921218,18.1604871,17.54751348,17.80368156,17.91346788,15607233.0,304394432.0,1.427304,1,-0.6129,0
2014-12-31,sh.600009,17.80368156,18.03240306,17.73049068,17.95006332,17.80368156,14624339.0,286566160.0,1.337417,1,0.8222,0
2015-01-05,sh.600009,18.13304052,19.13026626,18.13304052,18.78260958,17.95006332,37148554.0,760013584.0,3.397289,1,4.6381,0
2015-01-06,sh.600009,18.5721858,19.01133108,18.15133824,18.38005974,18.78260958,34538853.0,696850256.0,3.158628,1,-2.1432,0
2015-01-07,sh.600009,18.3892086,18.48984606,18.1604871,18.46239948,18.38005974,25410023.0,508812880.0,2.323783,1,0.448,0
2015-01-08,sh.600009,18.46239948,18.46239948,18.05070078,18.29772,18.46239948,19811745.0,394024864.0,1.811813,1,-0.892,0
2015-01-09,sh.600009,18.16963596,18.73686528,18.14218938,18.2519757,18.29772,22473207.0,453089248.0,2.055207,1,-0.25,0
2015-01-12,sh.600009,18.1604871,18.1604871,17.54751348,17.80368156,18.2519757,18112199.0,352833936.0,1.656387,1,-2.4561,0
2015-01-13,sh.600009,17.80368156,17.9775099,17.59325778,17.69389524,17.80368156,9978060.0,193538550.0,0.912508,1,-0.6166,0
2015-01-14,sh.600009,17.69389524,17.82197928,17.2456011,17.28219654,17.69389524,12031490.0,230723019.0,1.100297,1,-2.3268,0
2015-01-15,sh.600009,17.28219654,17.91346788,17.21815452,17.91346788,17.28219654,12022232.0,231260924.0,1.099451,1,3.6527,0
2015-01-16,sh.600009,17.9317656,18.0232542,17.71219296,17.85857472,17.91346788,13196607.0,257528092.0,1.206849,1,-0.3064,0
2015-01-19,sh.600009,17.30049426,17.7945327,16.1934822,16.8339024,17.85857472,22608420.0,423259408.0,2.067573,1,-5.7377,0
2015-01-20,sh.600009,16.96198644,17.6115555,16.94368872,17.58410892,16.8339024,17027624.0,323177344.0,1.557201,1,4.4565,0
2015-01-21,sh.600009,17.58410892,18.14218938,17.382834,18.13304052,17.58410892,16157456.0,315811376.0,1.477623,1,3.1218,0
2015-01-22,sh.600009,18.10559394,18.47154834,18.01410534,18.14218938,18.13304052,12006046.0,239177364.0,1.09797,1,0.0505,0
2015-01-23,sh.600009,18.18793368,18.8009073,18.14218938,18.78260958,18.14218938,22906397.0,463007200.0,2.094823,1,3.53,0
2015-01-26,sh.600009,18.755163,19.5328161,18.5264415,19.4870718,18.78260958,24337775.0,509310336.0,2.225725,1,3.7506,0
2015-01-27,sh.600009,19.4870718,19.79813304,19.0296288,19.28579688,19.4870718,27935242.0,592609056.0,2.554718,1,-1.0329,0
2015-01-28,sh.600009,19.28579688,19.56026268,18.99303336,19.34069004,19.28579688,17900947.0,377958256.0,1.637068,1,0.2846,0
2015-01-29,sh.600009,19.24005258,19.24005258,18.8466516,18.8923959,19.34069004,15138755.0,314483312.0,1.384461,1,-2.3179,0
2015-01-30,sh.600009,19.14856398,19.20345714,18.37091088,18.65452554,18.8923959,12536338.0,256663782.0,1.146466,1,-1.2591,0
2015-02-02,sh.600009,18.16963596,18.60878124,18.12389166,18.3434643,18.65452554,8349604.0,167569722.0,0.763583,1,-1.6675,0
2015-02-03,sh.600009,18.5264415,18.6179301,18.16963596,18.50814378,18.3434643,8913745.0,179400943.0,0.815175,1,0.8978,0
2015-02-04,sh.600009,18.46239948,18.87409818,18.35261316,18.48984606,18.50814378,10832275.0,220127491.0,0.990627,1,-0.0989,0
2015-02-05,sh.600009,18.85580046,18.85580046,18.30686886,18.41665518,18.48984606,12415296.0,252381968.0,1.135397,1,-0.3958,0
2015-02-06,sh.600009,18.6179301,18.62707896,18.03240306,18.15133824,18.41665518,11854957.0,238538637.0,1.084153,1,-1.4406,0
2015-02-09,sh.600009,18.29772,18.29772,17.73049068,17.77623498,18.15133824,13634492.0,266803801.0,1.246894,1,-2.0665,0
2015-02-10,sh.600009,18.0232542,18.60878124,17.81283042,18.58133466,17.77623498,11175975.0,223170891.0,1.022059,1,4.5291,0
2015-02-11,sh.600009,18.6636744,19.01133108,18.56303694,18.69112098,18.58133466,7945109.0,162896239.0,0.726592,1,0.5908,0
2015-02-12,sh.600009,18.69112098,18.7094187,18.39835746,18.51729264,18.69112098,7586152.0,153681844.0,0.693765,1,-0.93,0
2015-02-13,sh.600009,18.53559036,18.90154476,18.40750632,18.55388808,18.51729264,9001374.0,184036083.0,0.823189,1,0.1976,0
2015-02-16,sh.600009,18.62707896,19.34069004,18.53559036,19.32239232,18.55388808,14126928.0,292512656.0,1.291928,1,4.142,0
2015-02-17,sh.600009,19.3498389,20.14578972,19.19430828,19.88962164,19.32239232,20891202.0,452498992.0,1.910531,1,2.9356,0
2015-02-25,sh.600009,19.7157933,19.91706822,19.20345714,19.31324346,19.88962164,14854932.0,316085696.0,1.358505,1,-2.8979,0
2015-02-26,sh.600009,19.32239232,19.670049,19.1211174,19.60600698,19.31324346,9854169.0,209837069.0,0.901178,1,1.5159,0
2015-02-27,sh.600009,19.670049,19.74323988,19.212606,19.3040946,19.60600698,10423446.0,221870123.0,0.953239,1,-1.5399,0
2015-03-02,sh.600009,19.40473206,19.46877408,19.0296288,19.3040946,19.3040946,12003891.0,252719961.0,1.097773,1,0.0,0
2015-03-03,sh.600009,19.212606,19.2583503,18.68197212,18.79175844,19.3040946,11676399.0,242282748.0,1.067824,1,-2.654,0
2015-03-04,sh.600009,18.6636744,19.10281968,18.6636744,18.91984248,18.79175844,9206876.0,190547479.0,0.841982,1,0.6816,0
2015-03-05,sh.600009,18.91984248,19.1211174,18.6636744,18.99303336,18.91984248,10271098.0,211659241.0,0.939307,1,0.3868,0
2015-03-06,sh.600009,18.91984248,19.32239232,18.86494932,19.0753731,18.99303336,11702174.0,244600586.0,1.070181,1,0.4335,0
2015-03-09,sh.600009,18.9381402,19.20345714,18.62707896,19.11196854,19.0753731,11604748.0,239411287.0,1.061271,1,0.1918,0
2015-03-10,sh.600009,19.08452196,19.83472848,19.01133108,19.67919786,19.11196854,16274663.0,347985872.0,1.488341,1,2.9679,0
2015-03-11,sh.600009,19.91706822,20.56663728,19.670049,20.01770568,19.67919786,18284585.0,402626304.0,1.672152,1,1.7201,0
2015-03-12,sh.600009,20.13664086,20.9051451,20.13664086,20.83195422,20.01770568,24530219.0,552982784.0,2.243324,1,4.0676,0
2015-03-13,sh.600009,20.79535878,21.6370539,20.584935,21.499821,20.83195422,25257413.0,588061216.0,2.309827,1,3.206,0
2015-03-16,sh.600009,21.67364934,21.89322198,21.2253552,21.6827982,21.499821,27558137.0,651054016.0,2.520232,1,0.8511,0
2015-03-17,sh.600009,21.69194706,23.27469984,21.6827982,23.11916922,21.6827982,35384710.0,877017728.0,3.235983,1,6.6245,0
2015-03-18,sh.600009,23.12831808,23.27469984,22.69832166,23.08257378,23.11916922,18173272.0,455058096.0,1.661972,1,-0.1583,0
2015-03-19,sh.600009,22.87215,23.0093829,22.49704674,22.5061956,23.08257378,17497245.0,433173392.0,1.600148,1,-2.497,0
2015-03-20,sh.600009,22.5061956,22.87215,21.957264,22.24087866,22.5061956,14613167.0,356652576.0,1.336395,1,-1.1789,0
2015-03-23,sh.600009,22.24087866,22.9636386,22.24087866,22.78981026,22.24087866,14157727.0,350996992.0,1.294745,1,2.4681,0
2015-03-24,sh.600009,22.69832166,23.1466158,22.25917638,23.11002036,22.78981026,16685080.0,414599360.0,1.525875,1,1.4051,0
2015-03-25,sh.600009,23.12831808,23.12831808,21.87492426,22.16768778,23.11002036,20238481.0,493157696.0,1.850838,1,-4.0776,0
2015-03-26,sh.600009,22.15853892,22.414707,21.60045846,21.75598908,22.16768778,12200434.0,291771200.0,1.115747,1,-1.8572,0
2015-03-27,sh.600009,21.7742868,21.957264,21.75598908,21.80173338,21.75598908,8469395.0,202066894.0,0.774538,1,0.2103,0
2015-03-30,sh.600009,22.2317298,22.48789788,22.14939006,22.4604513,21.80173338,15517574.0,378616416.0,1.419105,1,3.0214,0
2015-03-31,sh.600009,22.5061956,23.1008715,21.93896628,22.08534804,22.4604513,21399317.0,529326352.0,1.956999,1,-1.6701,0
2015-04-01,sh.600009,22.0944969,22.95448974,21.98471058,22.42385586,22.08534804,13409418.0,331145088.0,1.226311,1,1.5327,0
2015-04-02,sh.600009,22.4604513,22.99108518,22.19513436,22.56108876,22.42385586,12515796.0,309698080.0,1.144588,1,0.612,0
2015-04-03,sh.600009,22.57938648,23.77788714,22.48789788,23.68639854,22.56108876,20826455.0,528353648.0,1.904609,1,4.9878,0
2015-04-07,sh.600009,23.7412917,23.91512004,23.21980668,23.70469626,23.68639854,16162122.0,416416208.0,1.478049,1,0.0773,0
2015-04-08,sh.600009,23.6040588,23.6955474,23.1008715,23.13746694,23.70469626,23942167.0,608898864.0,2.189546,1,-2.3929,0
2015-04-09,sh.600009,22.88129886,23.0551272,22.05790146,22.42385586,23.13746694,15364924.0,377267280.0,1.405145,1,-3.0842,0
2015-04-10,sh.600009,22.3232184,22.80810798,22.1859855,22.7349171,22.42385586,10153781.0,250893094.0,0.928578,1,1.3872,0
2015-04-13,sh.600009,22.7349171,23.12831808,22.414707,23.01853176,22.7349171,15546961.0,386677024.0,1.421792,1,1.2475,0
2015-04-14,sh.600009,23.0093829,23.77788714,22.70747052,23.67724968,23.01853176,21710259.0,553665424.0,1.985435,1,2.8617,0
2015-04-15,sh.600009,23.6040588,24.3817119,23.40278388,23.75958942,23.67724968,22530706.0,589074064.0,2.060466,1,0.3478,0
2015-04-16,sh.600009,23.5125702,24.69277314,23.03682948,24.6561777,23.75958942,25060568.0,658598496.0,2.291825,1,3.7736,0
2015-04-17,sh.600009,25.17766272,25.32404448,24.40915848,24.58298682,24.6561777,28923245.0,786279232.0,2.645073,1,-0.2968,0
2015-04-20,sh.600009,24.244479,24.54639138,23.33874186,23.43023046,24.58298682,22487275.0,591360080.0,2.056494,1,-4.6892,0
2015-04-21,sh.600009,23.71384512,24.12554382,23.43023046,24.1072461,23.43023046,15388478.0,401440080.0,1.407299,1,2.8895,0
2015-04-22,sh.600009,24.1529904,24.701922,24.13469268,24.63787998,24.1072461,15406033.0,412745104.0,1.408904,1,2.2011,0
2015-04-23,sh.600009,24.77511288,24.95809008,24.36341418,24.72021972,24.63787998,17417507.0,470090144.0,1.592856,1,0.3342,0
2015-04-24,sh.600009,24.18958584,24.701922,23.98831092,24.52809366,24.72021972,13263645.0,353250992.0,1.21298,1,-0.7772,0
2015-04-27,sh.600009,24.54639138,25.51617054,24.54639138,24.96723894,24.52809366,18144045.0,495790480.0,1.659299,1,1.7904,0
2015-04-28,sh.600009,24.93979236,24.95809008,23.90597118,23.96086434,24.96723894,16295102.0,435980032.0,1.490211,1,-4.0308,0
2015-04-29,sh.600009,24.09809724,25.60765914,23.93341776,25.5710637,23.96086434,25620870.0,699457488.0,2.343066,1,6.7201,0
2015-04-30,sh.600009,25.54361712,26.04680442,25.1136207,25.27830018,25.5710637,17508206.0,487808752.0,1.601151,1,-1.1449,0
2015-05-04,sh.600009,24.9306435,26.8519041,24.35426532,26.23893048,25.27830018,22651028.0,631338112.0,2.071469,1,3.8002,0
2015-05-05,sh.600009,25.616808,26.06510214,24.59213568,24.90319692,26.23893048,14241048.0,394016880.0,1.302364,1,-5.0907,0
2015-05-06,sh.600009,25.159365,25.68999888,24.244479,24.701922,24.90319692,19203487.0,525253184.0,1.756187,1,-0.8082,0
2015-05-07,sh.600009,24.25362786,24.77511288,23.80533372,23.9700132,24.701922,10748048.0,284800144.0,0.982925,1,-2.963,0
2015-05-08,sh.600009,24.244479,24.58298682,23.8785246,24.37256304,23.9700132,12014182.0,317282432.0,1.098714,1,1.6794,0
2015-05-11,sh.600009,23.76873828,24.99468552,23.63150538,24.9306435,24.37256304,16502085.0,439592336.0,1.50914,1,2.2898,0
2015-05-12,sh.600009,24.9763878,26.50424742,24.93979236,26.40360996,24.9306435,26715709.0,757130896.0,2.44319,1,5.9083,0
2015-05-13,sh.600009,26.3029725,26.3029725,25.45212852,25.60765914,26.40360996,17724653.0,499669536.0,1.620945,1,-3.0146,0
2015-05-14,sh.600009,25.56191484,25.56191484,24.63787998,24.87575034,25.60765914,16277170.0,444395648.0,1.488571,1,-2.8582,0
2015-05-15,sh.600009,24.81170832,25.2965979,24.43660506,24.91234578,24.87575034,15028409.0,408752448.0,1.37437,1,0.1471,0
2015-05-18,sh.600009,24.72936858,25.5710637,24.53724252,25.42468194,24.91234578,16742781.0,462603520.0,1.531152,1,2.0566,0
2015-05-19,sh.600009,25.39723536,26.47680084,25.159365,26.06510214,25.42468194,19525988.0,553284832.0,1.78568,1,2.5189,0
2015-05-20,sh.600009,27.00743472,28.67252724,27.00743472,27.94061844,26.06510214,37196578.0,1145974256.0,3.401681,1,7.1955,0
2015-05-21,sh.600009,27.96806502,30.73102074,27.96806502,30.73102074,27.94061844,34839034.0,1141595856.0,3.18608,1,9.9869,0
2015-05-22,sh.600009,31.7465442,32.01186114,29.5508178,30.20953572,30.73102074,32380278.0,1079160992.0,2.961223,1,-1.6969,0
2015-05-25,sh.600009,30.07230282,31.82888394,29.83443246,30.6944253,30.20953572,25819542.0,872206592.0,2.361235,1,1.6051,0
2015-05-26,sh.600009,30.73102074,31.09697514,29.88017676,30.99633768,30.6944253,34552584.0,1152421760.0,3.159884,1,0.9836,0
2015-05-27,sh.600009,30.99633768,31.00548654,30.03570738,30.648681,30.99633768,24448655.0,819413568.0,2.235865,1,-1.1216,0
2015-05-28,sh.600009,30.17294028,30.9688911,27.904023,27.95891616,30.648681,31590706.0,1022943072.0,2.889016,1,-8.7761,0
2015-05-29,sh.600009,27.82168326,28.361466,26.54999172,27.43743114,27.95891616,25186737.0,758812624.0,2.303364,1,-1.8652,0
2015-06-01,sh.600009,27.43743114,29.276352,27.1721142,29.08422594,27.43743114,22677693.0,702479136.0,2.073908,1,6.002,0
2015-06-02,sh.600009,29.0018862,29.76124158,28.4529546,29.1848634,29.08422594,20381031.0,649316096.0,1.863875,1,0.346,0
2015-06-03,sh.600009,29.1848634,29.19401226,27.91317186,28.6359318,29.1848634,19787828.0,616455600.0,1.809626,1,-1.8809,0
2015-06-04,sh.600009,28.6359318,29.0933748,26.531694,28.91954646,28.6359318,22553553.0,690187728.0,2.062555,1,0.9904,0
2015-06-05,sh.600009,29.22145884,29.9625165,28.818909,29.4593292,28.91954646,24345063.0,783656768.0,2.226391,1,1.8665,0
2015-06-08,sh.600009,30.0540051,32.1124986,30.0540051,31.06952856,29.4593292,43652946.0,1481533584.0,3.992125,1,5.4658,0
2015-06-09,sh.600009,31.06952856,32.1124986,29.97166536,32.01186114,31.06952856,43044061.0,1453534864.0,3.936442,1,3.033,0
2015-06-10,sh.600009,32.01186114,33.51227418,31.12442172,32.85355626,32.01186114,44139554.0,1565660096.0,4.036626,1,2.6293,0
2015-06-11,sh.600009,32.86270512,35.23225986,32.69802564,34.39056474,32.85355626,54058725.0,1999720560.0,4.943749,1,4.6784,0
2015-06-12,sh.600009,35.5890654,36.0922527,34.1709921,34.32652272,34.39056474,55327344.0,2110396528.0,5.059766,1,-0.1862,0
2015-06-15,sh.600009,34.765668,37.74819636,33.8050377,36.80586378,34.32652272,78230862.0,3043718096.0,7.154326,1,7.2228,0
2015-06-16,sh.600009,36.02821068,36.02821068,33.12802206,33.12802206,36.80586378,66643511.0,2477227440.0,6.094646,1,-9.9925,0
2015-06-17,sh.600009,32.935896,33.0731289,30.30102432,32.14909404,33.12802206,50568673.0,1748127760.0,4.624578,1,-2.955,0
2015-06-18,sh.600009,31.94781912,33.0731289,31.106124,31.1518683,32.14909404,34241777.0,1204871568.0,3.13146,1,-3.1019,0
2015-06-19,sh.600009,30.5571924,31.12442172,28.64508066,29.2306077,31.1518683,29386111.0,955714032.0,2.687402,1,-6.1674,0
2015-06-23,sh.600009,29.28550086,30.7401696,27.1263699,30.63038328,29.2306077,33078257.0,1052724976.0,3.025055,1,4.7887,0
2015-06-24,sh.600009,30.53889468,31.85633052,30.20038686,31.37144094,30.63038328,39969417.0,1359771536.0,3.655261,1,2.4194,0
2015-06-25,sh.600009,31.09697514,31.23420804,28.48040118,28.8646533,31.37144094,33544605.0,1101422688.0,3.067703,1,-7.9907,0
2015-06-26,sh.600009,28.2699774,28.2699774,25.9827624,26.36701452,28.8646533,42898125.0,1260375520.0,3.923096,1,-8.6529,0
2015-06-29,sh.600009,27.42828228,27.43743114,23.8327803,26.4402054,26.36701452,46213611.0,1321996080.0,4.226302,1,0.2776,0
2015-06-30,sh.600009,26.3487168,29.03848164,25.63510572,29.0018862,26.4402054,34969638.0,1055275888.0,3.198024,1,9.6886,0
2015-07-01,sh.600009,28.80061128,29.98081422,26.35786566,26.51339628,29.0018862,33927968.0,1063061856.0,3.102762,1,-8.5804,0
2015-07-02,sh.600009,27.00743472,27.42828228,24.63787998,25.3880865,26.51339628,32574620.0,926484608.0,2.978996,1,-4.2443,0
2015-07-03,sh.600009,25.3880865,26.531694,23.71384512,24.71107086,25.3880865,34050069.0,926447664.0,3.113928,1,-2.6667,0
2015-07-06,sh.600009,27.18126306,27.18126306,23.68639854,25.37893764,24.71107086,32740674.0,908131440.0,2.994182,1,2.7027,0
2015-07-07,sh.600009,24.701922,25.28744904,22.95448974,24.40915848,25.37893764,50308124.0,1327070416.0,4.600751,1,-3.8212,0
2015-07-08,sh.600009,21.96641286,22.2774741,21.96641286,21.96641286,24.40915848,37083438.0,890861264.0,3.391334,1,-10.0075,0
2015-07-09,sh.600009,21.96641286,24.16213926,20.96003826,24.16213926,21.96641286,60217490.0,1534548672.0,5.506977,1,9.9958,0
2015-07-10,sh.600009,24.69277314,26.5774383,24.40915848,26.5774383,24.16213926,51817101.0,1487799776.0,4.738749,1,9.9962,0
2015-07-13,sh.600009,26.6231826,29.2306077,26.6231826,29.21230998,26.5774383,49988944.0,1534270320.0,4.571561,1,9.9139,0
2015-07-14,sh.600009,28.34316828,29.26720314,27.45572886,27.4923243,29.21230998,42827958.0,1323473376.0,3.916679,1,-5.8879,0
2015-07-15,sh.600009,26.989137,26.989137,24.7476663,24.7476663,27.4923243,29223248.0,820169584.0,2.672508,1,-9.9834,0
2015-07-16,sh.600009,24.75681516,26.42190768,24.7476663,25.64425458,24.7476663,23221811.0,648288336.0,2.123668,1,3.6229,0
2015-07-17,sh.600009,25.68999888,27.39168684,25.68999888,26.96169042,25.64425458,25694056.0,750674912.0,2.349759,1,5.1373,0
2015-07-20,sh.600009,26.99828586,27.55636632,26.074251,26.96169042,26.96169042,29406925.0,864996064.0,2.689306,1,0.0,0
2015-07-21,sh.600009,26.49509856,27.83998098,26.05595328,27.38253798,26.96169042,23660136.0,701648400.0,2.163754,1,1.5609,0
2015-07-22,sh.600009,27.24530508,27.57466404,26.44935426,27.08977446,27.38253798,24092705.0,712624816.0,2.203313,1,-1.0692,0
2015-07-23,sh.600009,27.41913342,27.9955116,27.08977446,27.83083212,27.08977446,32671982.0,989476832.0,2.9879,1,2.7356,0
2015-07-24,sh.600009,27.66615264,28.79146242,26.7146712,27.20870964,27.83083212,34754026.0,1066114064.0,3.178306,1,-2.2354,0
2015-07-27,sh.600009,26.531694,27.59296176,24.49149822,24.49149822,27.20870964,30022897.0,857805120.0,2.745637,1,-9.9865,0
2015-07-28,sh.600009,23.787036,25.68085002,22.48789788,25.07702526,24.49149822,38401237.0,1007257904.0,3.511849,1,2.3907,0
2015-07-29,sh.600009,25.2965979,26.074251,24.4274562,26.074251,25.07702526,18832275.0,518992928.0,1.722239,1,3.9767,0
2015-07-30,sh.600009,26.074251,26.78786208,25.21425816,25.36978878,26.074251,18370244.0,528746656.0,1.679985,1,-2.7018,0
2015-07-31,sh.600009,25.27830018,25.8912738,24.85745262,25.85467836,25.36978878,25845931.0,717512448.0,2.363648,1,1.9113,0
2015-08-03,sh.600009,25.7997852,27.54721746,25.33319334,27.52891974,25.85467836,44181823.0,1294776544.0,4.040492,1,6.4756,0
2015-08-04,sh.600009,27.41913342,28.29742398,26.7604155,28.14189336,27.52891974,30264255.0,914688976.0,2.76771,1,2.2267,0
2015-08-05,sh.600009,27.96806502,28.12359564,26.99828586,27.20870964,28.14189336,21987432.0,661155520.0,2.010782,1,-3.316,0
2015-08-06,sh.600009,26.8061598,28.18763766,26.54999172,27.95891616,27.20870964,21648418.0,655513904.0,1.979779,1,2.7572,0
2015-08-07,sh.600009,28.00466046,28.79146242,27.94061844,28.1784888,27.95891616,17701028.0,548470944.0,1.618785,1,0.7853,0
2015-08-10,sh.600009,28.361466,29.86187904,28.09614906,29.2306077,28.1784888,26636005.0,846023600.0,2.435901,1,3.7338,0
2015-08-11,sh.600009,29.17571454,29.54166894,28.44380574,28.66337838,29.2306077,26720294.0,843537792.0,2.44361,1,-1.9405,0
2015-08-12,sh.600009,28.1327445,28.87380216,27.5380686,27.82168326,28.66337838,21679225.0,665395456.0,1.982597,1,-2.9365,0
2015-08-13,sh.600009,27.84912984,29.9167722,27.84912984,29.25805428,27.82168326,29849408.0,948427648.0,2.729772,1,5.1628,0
2015-08-14,sh.600009,29.3678406,30.44740608,29.30379858,29.3678406,29.25805428,25839297.0,844582480.0,2.363041,1,0.3752,0
2015-08-17,sh.600009,29.276352,30.24613116,28.6359318,30.10889826,29.3678406,19109945.0,610493328.0,1.747632,1,2.5234,0
2015-08-18,sh.600009,30.42910836,30.44740608,27.09892332,27.09892332,30.10889826,24828222.0,773172048.0,2.270577,1,-9.997,0
2015-08-19,sh.600009,26.01935784,27.42828228,25.7540409,27.19041192,27.09892332,22015741.0,640933088.0,2.013371,1,0.3376,0
2015-08-20,sh.600009,26.847852,27.10707264,25.45917,25.74616428,27.19039356,15621687.0,445844320.0,1.428626,1,-5.3115,0
2015-08-21,sh.600009,24.996276,25.49620152,24.070488,24.14455104,25.74616428,25352400.0,677506480.0,2.318514,1,-6.2208,0
2015-08-24,sh.600009,23.1447,23.8853304,21.72824436,21.8485968,24.14455104,43606062.0,1046958800.0,3.987838,1,-9.5092,0
2015-08-25,sh.600009,21.3394134,24.03345648,21.03390336,22.29297504,21.8485968,45248886.0,1125197952.0,4.138076,1,2.0339,0
2015-08-26,sh.600009,21.83933892,24.2556456,21.30238188,23.18173152,22.29297504,30604660.0,762070368.0,2.79884,1,3.9867,0
2015-08-27,sh.600009,23.52427308,25.2740124,23.43169428,25.20920724,23.18173152,25380660.0,660091088.0,2.321098,1,8.746,0
2015-08-28,sh.600009,25.91280612,27.14410416,25.47768576,26.16276888,25.20920724,33743188.0,956403584.0,3.085863,1,3.7826,0
2015-08-31,sh.600009,25.75542216,25.922064,25.07033904,25.23698088,26.16276888,19816376.0,546111392.0,1.812236,1,-3.5386,0
2015-09-01,sh.600009,25.15365996,25.15365996,22.8669636,23.40392064,25.23698088,23363771.0,602593376.0,2.136651,1,-7.2634,0
2015-09-02,sh.600009,22.5429378,25.0425654,22.5429378,24.78334476,23.40392064,44825838.0,1185653120.0,4.099388,1,5.894,0
2015-09-07,sh.600009,24.78334476,25.5517488,23.50575732,23.87607252,24.78334476,20502266.0,546674032.0,1.874962,1,-3.6608,0
2015-09-08,sh.600009,23.69091492,25.91280612,23.10766848,25.5054594,23.87607252,18618767.0,494284960.0,1.702713,1,6.8243,0
2015-09-09,sh.600009,25.57952244,26.847852,24.996276,25.83874308,25.5054594,27474066.0,773813968.0,2.512543,1,1.3067,0
2015-09-10,sh.600009,25.3203018,26.00538492,25.0888548,25.2740124,25.83874308,9554968.0,264165521.0,0.873816,1,-2.1856,0
2015-09-11,sh.600009,25.2740124,26.55159984,25.24623876,26.35718436,25.2740124,21237644.0,594797536.0,1.942213,1,4.2857,0
2015-09-14,sh.600009,26.1998004,26.2923792,24.2556456,24.56115564,26.35718436,20123836.0,551064848.0,1.840354,1,-6.8142,0
2015-09-15,sh.600009,24.1167774,25.16291784,23.8853304,24.45931896,24.56115564,17252498.0,456692464.0,1.577766,1,-0.4146,0
2015-09-16,sh.600009,24.52412412,26.64417864,24.08900376,26.28312132,24.45931896,16515427.0,454673792.0,1.51036,1,7.4565,0
2015-09-17,sh.600009,26.18128464,26.53308408,25.14440208,25.19994936,26.28312132,17147399.0,481525200.0,1.568154,1,-4.1212,0
2015-09-18,sh.600009,25.45917,25.54249092,24.996276,25.30178604,25.19994936,8735865.0,238409689.0,0.798908,1,0.4041,0
2015-09-21,sh.600009,25.28327028,26.153511,25.19069148,25.95909552,25.30178604,9551740.0,266342343.0,0.87352,1,2.5979,0
2015-09-22,sh.600009,26.09796372,26.4775368,25.65358548,26.1998004,25.95909552,13703534.0,387786416.0,1.253208,1,0.9272,0
2015-09-23,sh.600009,25.74616428,26.03315856,25.227723,25.2740124,26.1998004,9483788.0,261730082.0,0.867306,1,-3.5336,0
2015-09-24,sh.600009,25.44991212,26.1998004,25.29252816,26.13499524,25.2740124,11944826.0,335031632.0,1.092372,1,3.4066,0
2015-09-25,sh.600009,26.1998004,26.6626944,25.8294852,26.07944796,26.13499524,14987933.0,425861648.0,1.370668,1,-0.2125,0
2015-09-28,sh.600009,26.07944796,26.1998004,25.32955968,26.13499524,26.07944796,5700388.0,159377423.0,0.521309,1,0.213,0
2015-09-29,sh.600009,25.8294852,26.1072216,25.45917,25.62581184,26.13499524,6342632.0,176318302.0,0.580043,1,-1.9483,0
2015-09-30,sh.600009,25.8757746,25.922064,25.44065424,25.66284336,25.62581184,4238164.0,117775134.0,0.387586,1,0.1445,0
2015-10-08,sh.600009,26.95894656,27.77364,26.3386686,26.5238262,25.66284336,25526573.0,742818256.0,2.334442,1,3.355,0
2015-10-09,sh.600009,26.59788924,26.8015626,26.19054252,26.44976316,26.5238262,9369712.0,267555724.0,0.856874,1,-0.2792,0
2015-10-12,sh.600009,26.57937348,27.79215576,26.4312474,26.44976316,26.44976316,30233796.0,882350816.0,2.764924,1,0.0,0
2015-10-13,sh.600009,26.46827892,27.30148812,26.22757404,27.19965144,26.44976316,15826576.0,457865424.0,1.447363,1,2.8351,0
2015-10-14,sh.600009,26.9404308,27.28297236,26.49605256,26.55159984,27.19965144,9940781.0,287539680.0,0.909099,1,-2.3826,0
2015-10-15,sh.600009,26.55159984,27.06078324,26.48679468,26.94968868,26.55159984,10259595.0,297234208.0,0.938255,1,1.4993,0
2015-10-16,sh.600009,26.9867202,28.6068492,26.9867202,28.2828234,26.94968868,30174854.0,909209008.0,2.759534,1,4.9467,0
2015-10-19,sh.600009,28.3291128,28.5142704,27.61625604,28.07915004,28.2828234,21998282.0,664792960.0,2.011775,1,-0.7201,0
2015-10-20,sh.600009,28.03286064,28.236534,27.5884824,28.02360276,28.07915004,12113545.0,364803184.0,1.107801,1,-0.1978,0
2015-10-21,sh.600009,28.12543944,28.21801824,26.55159984,26.82007836,28.02360276,17546033.0,518388384.0,1.60461,1,-4.2947,0
2015-10-22,sh.600009,26.847852,27.32000388,26.5238262,27.27371448,26.82007836,13331345.0,389921840.0,1.219171,1,1.6914,0
2015-10-23,sh.600009,27.41258268,27.71809272,27.16261992,27.47738784,27.27371448,9932803.0,295215808.0,0.908369,1,0.7468,0
2015-10-26,sh.600009,27.74586636,27.8662188,27.1255884,27.27371448,27.47738784,11294522.0,335457872.0,1.0329,1,-0.7412,0
2015-10-27,sh.600009,27.29223024,27.43109844,26.59788924,27.20890932,27.27371448,7823071.0,228417415.0,0.715431,1,-0.2376,0
2015-10-28,sh.600009,27.48664572,27.9125082,27.33851964,27.59774028,27.20890932,16357149.0,489600544.0,1.495885,1,1.4291,0
2015-10-29,sh.600009,27.77364,28.005087,27.50516148,27.98657124,27.59774028,12435840.0,373543952.0,1.137276,1,1.4089,0
2015-10-30,sh.600009,27.74586636,28.12543944,27.61625604,27.97731336,27.98657124,7783505.0,234669444.0,0.711813,1,-0.0331,0
2015-11-02,sh.600009,27.9587976,29.24564292,27.77364,28.699428,27.97731336,16231307.0,505848400.0,1.484377,1,2.5811,0
2015-11-03,sh.600009,28.6531386,28.68091224,27.94953972,28.35688644,28.699428,11175189.0,340860704.0,1.021987,1,-1.1936,0
2015-11-04,sh.600009,27.92176608,29.37525324,27.92176608,29.23638504,28.35688644,15651595.0,490235616.0,1.431361,1,3.1015,0
2015-11-05,sh.600009,28.8845856,30.54174612,28.8845856,29.36599536,29.23638504,24743864.0,801745280.0,2.262862,1,0.4433,0
2015-11-06,sh.600009,29.625216,30.48619884,29.26415868,30.01404696,29.36599536,10289592.0,332507104.0,0.940998,1,2.2068,0
2015-11-09,sh.600009,30.00478908,30.90280344,29.88443664,29.9492418,30.01404696,17752879.0,583939792.0,1.623526,1,-0.2159,0
2015-11-10,sh.600009,29.69002116,30.0418206,27.4959036,28.13469732,29.9492418,21488289.0,676850912.0,1.965135,1,-6.0587,0
2015-11-11,sh.600009,28.6068492,28.9771644,28.5142704,28.72720164,28.13469732,16841639.0,522866576.0,1.540192,1,2.106,0
2015-11-12,sh.600009,28.76423316,28.84755408,27.88473456,28.41243372,28.72720164,12936626.0,395021168.0,1.183073,1,-1.0957,0
2015-11-13,sh.600009,28.1439552,28.8382962,28.06063428,28.66239648,28.41243372,9809610.0,302860608.0,0.897103,1,0.8798,0
2015-11-16,sh.600009,28.005087,28.5142704,27.77364,28.467981,28.66239648,11620443.0,351144752.0,1.062706,1,-0.6783,0
2015-11-17,sh.600009,28.56981768,28.76423316,28.06063428,28.2828234,28.467981,12735305.0,392480144.0,1.164662,1,-0.6504,0
2015-11-18,sh.600009,28.3291128,28.61610708,27.85696092,27.93102396,28.2828234,7347975.0,222964737.0,0.671983,1,-1.2439,0
2015-11-19,sh.600009,27.79215576,28.005087,27.65328756,27.93102396,27.93102396,8921667.0,268066501.0,0.815899,1,0.0,0
2015-11-20,sh.600009,27.93102396,28.1902446,27.82918728,27.9125082,27.93102396,8897732.0,268747280.0,0.81371,1,-0.0663,0
2015-11-23,sh.600009,27.94953972,28.1902446,27.77364,27.92176608,27.9125082,7483785.0,226009631.0,0.684403,1,0.0332,0
2015-11-24,sh.600009,27.9587976,28.12543944,27.70883484,27.9587976,27.92176608,6781069.0,203917581.0,0.620139,1,0.1326,0
2015-11-25,sh.600009,27.9587976,27.9587976,27.65328756,27.82918728,27.9587976,8019391.0,240182143.0,0.733385,1,-0.4636,0
2015-11-26,sh.600009,27.8662188,27.94953972,27.4959036,27.53293512,27.82918728,8073187.0,241300937.0,0.738305,1,-1.0645,0
2015-11-27,sh.600009,27.53293512,27.5884824,26.19054252,26.44976316,27.53293512,12413796.0,359934896.0,1.13526,1,-3.9341,0
2015-11-30,sh.600009,26.4775368,26.71824168,25.25549664,26.4775368,26.44976316,10434470.0,295249520.0,0.954247,1,0.105,0
2015-12-01,sh.600009,26.60714712,27.36629328,25.94057976,27.05152536,26.4775368,13842297.0,399074976.0,1.265898,1,2.1678,0
2015-12-02,sh.600009,27.16261992,27.85696092,26.73675744,27.83844516,27.05152536,13628679.0,404840224.0,1.246362,1,2.909,0
2015-12-03,sh.600009,27.76438212,27.9125082,27.3570354,27.85696092,27.83844516,6012480.0,180060709.0,0.54985,1,0.0665,0
2015-12-04,sh.600009,27.8662188,28.0976658,27.6810612,27.90325032,27.85696092,9331330.0,280988368.0,0.853364,1,0.1662,0
2015-12-07,sh.600009,28.005087,28.5605598,28.005087,28.19950248,27.90325032,6250137.0,190485221.0,0.571584,1,1.0617,0
2015-12-08,sh.600009,28.08840792,28.25504976,27.41258268,27.542193,28.19950248,6123125.0,184049455.0,0.559969,1,-2.3309,0
2015-12-09,sh.600009,27.32000388,27.77364,27.0330096,27.48664572,27.542193,6626177.0,195781988.0,0.605973,1,-0.2017,0
2015-12-10,sh.600009,27.67180332,28.1439552,27.48664572,27.77364,27.48664572,8251529.0,247387821.0,0.754614,1,1.0441,0
2015-12-11,sh.600009,27.55145088,27.84770304,27.36629328,27.70883484,27.77364,5232230.0,156406865.0,0.478495,1,-0.2333,0
2015-12-14,sh.600009,27.32926176,27.76438212,27.1255884,27.73660848,27.70883484,5250368.0,155332266.0,0.480154,1,0.1002,0
2015-12-15,sh.600009,27.73660848,28.0513764,27.5884824,27.71809272,27.73660848,7431671.0,223203193.0,0.679637,1,-0.0668,0
2015-12-16,sh.600009,27.75512424,27.9587976,27.6810612,27.85696092,27.71809272,4709940.0,141447031.0,0.430731,1,0.501,0
2015-12-17,sh.600009,27.94028184,28.2828234,27.85696092,28.24579188,27.85696092,11536993.0,350009072.0,1.055075,1,1.3958,0
2015-12-18,sh.600009,28.1439552,28.9771644,28.13469732,28.4216916,28.24579188,9576673.0,296356864.0,0.875801,1,0.6227,0
2015-12-21,sh.600009,28.4216916,29.3011902,28.24579188,29.0697432,28.4216916,17227082.0,538823584.0,1.575442,1,2.2801,0
2015-12-22,sh.600009,29.42154264,29.4863478,28.4216916,28.56981768,29.0697432,11675079.0,361906896.0,1.067703,1,-1.7197,0
2015-12-23,sh.600009,28.6531386,28.69017012,27.88473456,28.02360276,28.56981768,15129192.0,460708144.0,1.383587,1,-1.9119,0
2015-12-24,sh.600009,28.0976658,28.1902446,27.8662188,27.96805548,28.02360276,4455030.0,134588344.0,0.407419,1,-0.1982,0
2015-12-25,sh.600009,28.07915004,28.21801824,27.85696092,28.01434488,27.96805548,4508798.0,136416082.0,0.412336,1,0.1655,0
2015-12-28,sh.600009,28.11618156,28.18098672,27.23668296,27.2644566,28.01434488,9789026.0,293754576.0,0.895221,1,-2.6768,0
2015-12-29,sh.600009,27.23668296,27.7273506,27.23668296,27.70883484,27.2644566,4000130.0,118638071.0,0.365818,1,1.6299,0
2015-12-30,sh.600009,27.92176608,27.9587976,27.542193,27.74586636,27.70883484,5833805.0,174895675.0,0.53351,1,0.1336,0
2015-12-31,sh.600009,27.74586636,27.77364,27.29223024,27.32926176,27.74586636,5351635.0,158881240.0,0.489415,1,-1.5015,0
2016-01-04,sh.600009,27.33851964,27.34777752,26.07944796,26.17202676,27.32926176,5946281.0,171813854.0,0.543796,1,-4.2344,0
2016-01-05,sh.600009,25.47768576,27.0330096,25.47768576,26.62566288,26.17202676,8972616.0,256977833.0,0.820559,1,1.7333,0
2016-01-06,sh.600009,26.7552732,27.39406692,26.6626944,27.310746,26.62566288,10079697.0,295026224.0,0.921803,1,2.573,0
2016-01-07,sh.600009,27.02375172,27.02375172,25.76468004,25.91280612,27.310746,1901900.0,54108623.0,0.173932,1,-5.1186,0
2016-01-08,sh.600009,26.45902104,26.67195228,25.56100668,25.94983764,25.91280612,16661966.0,468431536.0,1.523761,1,0.1429,0
2016-01-11,sh.600009,25.922064,25.99612704,24.82037628,25.09811268,25.94983764,15319662.0,419432272.0,1.401005,1,-3.2822,0
2016-01-12,sh.600009,25.32955968,25.52397516,24.8111184,24.82963416,25.09811268,13162694.0,356057968.0,1.203747,1,-1.0697,0
2016-01-13,sh.600009,25.38510696,25.86651672,24.6259608,24.80186052,24.82963416,12376329.0,338031840.0,1.131833,1,-0.1119,0
2016-01-14,sh.600009,24.5796714,25.0425654,24.070488,24.87592356,24.80186052,12252675.0,324959792.0,1.120525,1,0.2986,0
2016-01-15,sh.600009,24.87592356,25.07033904,24.2556456,24.52412412,24.87592356,5670136.0,150972580.0,0.518542,1,-1.4142,0
2016-01-18,sh.600009,24.43154532,24.70928172,24.07974588,24.61670292,24.52412412,3755701.0,99490272.0,0.343464,1,0.3775,0
2016-01-19,sh.600009,24.63521868,25.39436484,24.45931896,25.31104392,24.61670292,6031539.0,163547518.0,0.551593,1,2.8206,0
2016-01-20,sh.600009,25.227723,25.91280612,25.00553388,25.21846512,25.31104392,7928263.0,217416349.0,0.725051,1,-0.3658,0
2016-01-21,sh.600009,24.8111184,25.21846512,24.6722502,24.82037628,25.21846512,5052284.0,135792710.0,0.462039,1,-1.5786,0
2016-01-22,sh.600009,24.83889204,25.32955968,24.74631324,25.17217572,24.82037628,4680643.0,126358954.0,0.428052,1,1.4174,0
2016-01-25,sh.600009,25.37584908,25.72764852,25.01479176,25.34807544,25.17217572,4536187.0,124702902.0,0.414841,1,0.6988,0
2016-01-26,sh.600009,25.00553388,25.34807544,24.35748228,24.66299232,25.34807544,8115883.0,217406901.0,0.742209,1,-2.7027,0
2016-01-27,sh.600009,23.61685188,24.764829,23.43169428,23.95013556,24.66299232,10968866.0,283237296.0,1.003119,1,-2.8904,0
2016-01-28,sh.600009,23.8853304,24.13529316,23.2835682,23.36688912,23.95013556,6162090.0,157242581.0,0.563532,1,-2.4353,0
2016-01-29,sh.600009,23.32059972,24.05197224,23.2835682,23.94087768,23.36688912,8736118.0,223555378.0,0.798931,1,2.4564,0
2016-02-01,sh.600009,23.8853304,23.92236192,23.16321576,23.34837336,23.94087768,7877655.0,199863046.0,0.720423,1,-2.4749,0
2016-02-02,sh.600009,23.376147,23.839041,23.376147,23.7001728,23.34837336,5136045.0,131245692.0,0.469699,1,1.5067,0
2016-02-03,sh.600009,23.30208396,23.67239916,23.29282608,23.66314128,23.7001728,3031556.0,76860164.0,0.27724,1,-0.1563,0
2016-02-04,sh.600009,23.87607252,24.2093562,23.87607252,24.04271436,23.66314128,7286582.0,189579622.0,0.666368,1,1.6041,0
2016-02-05,sh.600009,23.9779092,24.45931896,23.94087768,24.18158256,24.04271436,5804525.0,152043153.0,0.530832,1,0.5776,0
2016-02-15,sh.600009,23.66314128,25.07033904,23.607594,24.84814992,24.18158256,12722298.0,339039424.0,1.163473,1,2.7565,0
2016-02-16,sh.600009,24.98701812,25.45917,24.60744504,25.19994936,24.84814992,9558347.0,260120727.0,0.874125,1,1.4158,0
2016-02-17,sh.600009,24.97776024,26.16276888,24.9499866,25.82022732,25.19994936,17144964.0,475849712.0,1.567932,1,2.4614,0
2016-02-18,sh.600009,26.1072216,26.37570012,25.71839064,25.91280612,25.82022732,11414890.0,321564480.0,1.043908,1,0.3586,0
2016-02-19,sh.600009,25.88503248,25.94983764,25.44991212,25.7369064,25.91280612,4695170.0,130443152.0,0.42938,1,-0.6788,0
2016-02-22,sh.600009,26.0146428,26.27386344,25.76468004,26.20905828,25.7369064,4544258.0,128003974.0,0.415579,1,1.8345,0
2016-02-23,sh.600009,26.2923792,26.2923792,25.51471728,25.7831958,26.20905828,3662107.0,102319906.0,0.334905,1,-1.6249,0
2016-02-24,sh.600009,25.85725884,26.19054252,25.6443276,26.14425312,25.7831958,2922658.0,81757577.0,0.267281,1,1.4004,0
2016-02-25,sh.600009,26.14425312,26.44976316,25.00553388,25.8294852,26.14425312,9823846.0,273973312.0,0.898405,1,-1.204,0
2016-02-26,sh.600009,25.922064,26.0609322,25.690617,25.90354824,25.8294852,4363850.0,122142664.0,0.39908,1,0.2867,0
2016-02-29,sh.600009,25.97761128,26.1072216,24.9036972,25.1814336,25.90354824,4594922.0,125393427.0,0.420212,1,-2.7877,0
2016-03-01,sh.600009,25.3203018,25.45917,24.91295508,25.28327028,25.1814336,3800976.0,103338385.0,0.347605,1,0.4044,0
2016-03-02,sh.600009,25.30178604,26.5238262,25.30178604,26.44976316,25.28327028,7454425.0,209865829.0,0.681718,1,4.6137,0
2016-03-03,sh.600009,26.616405,27.25519872,26.48679468,26.64417864,26.44976316,6117973.0,177365255.0,0.559497,1,0.735,0
2016-03-04,sh.600009,26.71824168,27.0330096,26.03315856,26.20905828,26.64417864,5832066.0,166431221.0,0.533351,1,-1.6331,0
2016-03-07,sh.600009,26.28312132,26.9867202,26.27386344,26.93117292,26.20905828,4554007.0,130697788.0,0.416471,1,2.7552,0
2016-03-08,sh.600009,26.64417864,26.847852,26.0146428,26.49605256,26.93117292,4413270.0,125471754.0,0.4036,1,-1.6157,0
2016-03-09,sh.600009,26.384958,26.384958,25.81096944,25.82022732,26.49605256,4202134.0,118254028.0,0.384291,1,-2.5507,0
2016-03-10,sh.600009,25.90354824,26.32941072,25.7369064,25.88503248,25.82022732,4990359.0,140586177.0,0.456376,1,0.251,0
2016-03-11,sh.600009,25.7831958,25.93132188,25.30178604,25.90354824,25.88503248,4852416.0,134424227.0,0.44376,1,0.0715,0
2016-03-14,sh.600009,25.93132188,26.82933624,25.93132188,26.63492076,25.90354824,6296534.0,180935057.0,0.575827,1,2.8234,0
2016-03-15,sh.600009,26.4775368,26.8941414,26.45902104,26.68121016,26.63492076,4289692.0,123654371.0,0.392299,1,0.1738,0
2016-03-16,sh.600009,26.68121016,26.93117292,26.39421588,26.54234196,26.68121016,3283219.0,94346640.0,0.300255,1,-0.5205,0
2016-03-17,sh.600009,26.54234196,27.25519872,26.54234196,27.19965144,26.54234196,11341211.0,331193824.0,1.03717,1,2.4765,0
2016-03-18,sh.600009,27.09781476,27.75512424,26.95894656,27.18113568,27.19965144,12053298.0,355542816.0,1.102292,1,-0.0681,0
2016-03-21,sh.600009,27.310746,28.13469732,26.847852,27.23668296,27.18113568,14922610.0,440086720.0,1.364694,1,0.2044,0
2016-03-22,sh.600009,27.20890932,27.3570354,26.78304684,27.10707264,27.23668296,5505665.0,161355783.0,0.503501,1,-0.4759,0
2016-03-23,sh.600009,26.96820444,27.38480904,26.94968868,27.13484628,27.10707264,5304175.0,155574592.0,0.485074,1,0.1025,0
2016-03-24,sh.600009,26.96820444,27.38480904,26.86636776,27.13484628,27.13484628,5411502.0,158741213.0,0.49489,1,0.0,0
2016-03-25,sh.600009,27.0330096,27.76438212,26.9867202,27.66254544,27.13484628,4040364.0,119275808.0,0.369497,1,1.9447,0
2016-03-28,sh.600009,27.89399244,28.22727612,27.04226748,27.13484628,27.66254544,7778767.0,232442941.0,0.71138,1,-1.9076,0
2016-03-29,sh.600009,26.96820444,27.22742508,26.85710988,27.04226748,27.13484628,6115320.0,178580686.0,0.559255,1,-0.3412,0
2016-03-30,sh.600009,27.2644566,27.6347718,27.09781476,27.39406692,27.04226748,6201691.0,183766965.0,0.567154,1,1.3009,0
2016-03-31,sh.600009,27.4959036,28.12543944,27.4033248,27.85696092,27.39406692,11617696.0,350046096.0,1.062455,1,1.6898,0
2016-04-01,sh.600009,27.69031908,27.89399244,27.37555116,27.65328756,27.85696092,3501526.0,104346724.0,0.32022,1,-0.7311,0
2016-04-05,sh.600009,27.13484628,27.85696092,27.13484628,27.78289788,27.65328756,5328374.0,158995079.0,0.487288,1,0.4687,0
2016-04-06,sh.600009,27.66254544,27.67180332,27.2644566,27.48664572,27.78289788,5946474.0,176198230.0,0.543814,1,-1.0663,0
2016-04-07,sh.600009,27.542193,27.5884824,27.06078324,27.08855688,27.48664572,6114469.0,179663004.0,0.559177,1,-1.4483,0
2016-04-08,sh.600009,27.0330096,27.04226748,26.79230472,26.87562564,27.08855688,4722335.0,137213825.0,0.431864,1,-0.7861,0
2016-04-11,sh.600009,27.05152536,27.27371448,26.85710988,26.9404308,26.87562564,8549845.0,249736884.0,0.781896,1,0.2411,0
2016-04-12,sh.600009,26.90339928,27.05152536,26.82007836,26.9867202,26.9404308,2863752.0,83341647.0,0.261894,1,0.1718,0
2016-04-13,sh.600009,27.14410416,27.542193,26.96820444,27.09781476,26.9867202,8868983.0,261088481.0,0.811081,1,0.4117,0
2016-04-14,sh.600009,27.20890932,27.2644566,26.82933624,26.97746232,27.09781476,6169418.0,179804477.0,0.564202,1,-0.4441,0
2016-04-15,sh.600009,27.05152536,27.20890932,26.9867202,27.18113568,26.97746232,3769230.0,110432517.0,0.344702,1,0.755,0
2016-04-18,sh.600009,26.847852,27.1255884,26.42198952,26.54234196,27.18113568,4999171.0,144068889.0,0.457181,1,-2.3501,0
2016-04-19,sh.600009,26.53308408,26.71824168,26.384958,26.50531044,26.54234196,3727957.0,106513039.0,0.340927,1,-0.1395,0
2016-04-20,sh.600009,26.50531044,26.5701156,25.46842788,25.66284336,26.50531044,10110668.0,282469632.0,0.924635,1,-3.1785,0
2016-04-21,sh.600009,25.6443276,26.1998004,25.57952244,25.90354824,25.66284336,4686311.0,131761534.0,0.42857,1,0.938,0
2016-04-22,sh.600009,25.91280612,26.2460898,25.90354824,26.20905828,25.90354824,4004763.0,113126756.0,0.366241,1,1.1794,0
2016-04-25,sh.600009,26.00538492,26.1998004,25.66284336,26.19054252,26.20905828,4507618.0,126044707.0,0.412228,1,-0.0706,0
2016-04-26,sh.600009,26.1072216,26.28312132,25.7369064,25.99612704,26.19054252,3754331.0,105030708.0,0.343339,1,-0.7423,0
2016-04-27,sh.600009,26.08870584,26.153511,25.85725884,25.922064,25.99612704,2209564.0,61982049.0,0.202068,1,-0.2849,0
2016-04-28,sh.600009,25.95909552,25.95909552,25.57026456,25.80171156,25.922064,2864547.0,79591307.0,0.261967,1,-0.4643,0
2016-04-29,sh.600009,25.71839064,25.71839064,25.1351442,25.19069148,25.80171156,7793593.0,212696953.0,0.712735,1,-2.3681,0
2016-05-03,sh.600009,25.17217572,25.70913276,25.01479176,25.690617,25.19069148,11072357.0,304049280.0,1.012583,1,1.9846,0
2016-05-04,sh.600009,25.6443276,26.28312132,25.56100668,26.16276888,25.690617,8977678.0,252076921.0,0.821022,1,1.8378,0
2016-05-05,sh.600009,26.14425312,26.37570012,25.922064,26.19054252,26.16276888,4881204.0,137892772.0,0.446393,1,0.1062,0
2016-05-06,sh.600009,26.1998004,26.46827892,25.86651672,25.89429036,26.19054252,6830102.0,192605292.0,0.624623,1,-1.1311,0
2016-05-09,sh.600009,25.5980382,25.99612704,25.37584908,25.53323304,25.89429036,7347788.0,203638838.0,0.671966,1,-1.3943,0
2016-05-10,sh.600009,25.6443276,26.08870584,25.5980382,26.07944796,25.53323304,4358037.0,121864093.0,0.398549,1,2.1392,0
2016-05-11,sh.600009,26.153511,27.1255884,26.02390068,26.85710988,26.07944796,11689353.0,335721856.0,1.069008,1,2.9819,0
2016-05-12,sh.600009,26.5701156,26.87562564,26.0609322,26.41273164,26.85710988,6216467.0,178181667.0,0.568505,1,-1.6546,0
2016-05-13,sh.600009,26.42198952,26.82933624,25.690617,25.83874308,26.41273164,6252495.0,176425693.0,0.5718,1,-2.1732,0
2016-05-16,sh.600009,25.8294852,26.12573736,25.3665912,26.0609322,25.83874308,4466765.0,124618800.0,0.408492,1,0.8599,0
2016-05-17,sh.600009,26.0609322,26.12573736,25.71839064,25.80171156,26.0609322,3003108.0,83902887.0,0.274639,1,-0.9947,0
2016-05-18,sh.600009,25.68135912,25.89429036,25.24623876,25.45917,25.80171156,3939204.0,108473515.0,0.360246,1,-1.3276,0
2016-05-19,sh.600009,25.45917,25.690617,25.26475452,25.39436484,25.45917,2481008.0,68234662.0,0.226892,1,-0.2545,0
2016-05-20,sh.600009,25.20920724,25.4128806,24.97776024,25.1351442,25.39436484,4941996.0,134167802.0,0.451953,1,-1.0208,0
2016-05-23,sh.600009,25.1814336,25.44991212,25.1351442,25.35733332,25.1351442,3373740.0,92233145.0,0.308533,1,0.884,0
2016-05-24,sh.600009,25.28327028,25.35733332,24.6259608,24.82037628,25.35733332,3995381.0,107405227.0,0.365383,1,-2.1176,0
2016-05-25,sh.600009,24.95924448,25.14440208,24.79260264,24.86666568,24.82037628,2676332.0,72181001.0,0.244754,1,0.1865,0
2016-05-26,sh.600009,24.84814992,25.11662844,24.68150808,25.00553388,24.86666568,2907321.0,78118190.0,0.265879,1,0.5584,0
2016-05-27,sh.600009,25.11662844,25.11662844,24.92221296,24.95924448,25.00553388,1940460.0,52390834.0,0.177458,1,-0.1851,0
2016-05-30,sh.600009,24.95924448,25.0888548,24.8111184,24.996276,24.95924448,2298075.0,62016088.0,0.210162,1,0.1484,0
2016-05-31,sh.600009,24.9036972,25.67210124,24.9036972,25.65358548,24.996276,8263632.0,226619199.0,0.755721,1,2.6296,0
2016-06-01,sh.600009,25.690617,25.82022732,25.5517488,25.5980382,25.65358548,4184221.0,116037568.0,0.382653,1,-0.2165,0
2016-06-02,sh.600009,25.5980382,25.67210124,25.45917,25.53323304,25.5980382,2635378.0,72712353.0,0.241009,1,-0.2532,0
2016-06-03,sh.600009,25.51471728,25.82022732,25.44065424,25.72764852,25.53323304,4348076.0,120154325.0,0.397638,1,0.7614,0
2016-06-06,sh.600009,25.72764852,25.91280612,25.5517488,25.69987488,25.72764852,3896207.0,108261032.0,0.356314,1,-0.108,0
2016-06-07,sh.600009,25.69987488,25.74616428,25.3665912,25.45917,25.69987488,4659153.0,128201951.0,0.426086,1,-0.9366,0
2016-06-08,sh.600009,25.40362272,25.62581184,25.28327028,25.5054594,25.45917,3953996.0,108682229.0,0.361599,1,0.1818,0
2016-06-13,sh.600009,25.3203018,25.5054594,25.05182328,25.11662844,25.5054594,8366510.0,228411369.0,0.765129,1,-1.5245,0
2016-06-14,sh.600009,25.10737056,25.23698088,24.533382,24.764829,25.11662844,7761189.0,207561893.0,0.709772,1,-1.4007,0
2016-06-15,sh.600009,24.47783472,25.07033904,24.4408032,24.98701812,24.764829,8634067.0,231963168.0,0.789598,1,0.8972,0
2016-06-16,sh.600009,24.94072872,25.05182328,24.50560836,24.54263988,24.98701812,7454104.0,198301272.0,0.681689,1,-1.7784,0
2016-06-17,sh.600009,24.57041352,24.74631324,24.50560836,24.60744504,24.54263988,4097003.0,108955698.0,0.374677,1,0.2641,0
2016-06-20,sh.600009,24.3482244,24.58892928,24.18158256,24.32045076,24.60744504,4608803.0,120858841.0,0.421482,1,-1.1663,0
2016-06-21,sh.600009,24.4408032,24.51486624,23.9316198,24.1167774,24.32045076,6316089.0,165127262.0,0.577615,1,-0.8375,0
2016-06-22,sh.600009,24.1167774,24.19084044,23.96865132,24.19084044,24.1167774,3387901.0,88177939.0,0.309828,1,0.3071,0
2016-06-23,sh.600009,24.2093562,24.49635048,24.10751952,24.22787196,24.19084044,5692835.0,149252000.0,0.520618,1,0.1531,0
2016-06-24,sh.600009,24.24638772,24.301935,23.6538834,24.08900376,24.22787196,7057694.0,183017086.0,0.645436,1,-0.5732,0
2016-06-27,sh.600009,23.95013556,24.22787196,23.87607252,24.20009832,24.08900376,4843201.0,126022520.0,0.442918,1,0.4612,0
2016-06-28,sh.600009,24.18158256,24.19084044,23.95939344,24.14455104,24.20009832,6273790.0,163085626.0,0.573747,1,-0.2295,0
2016-06-29,sh.600009,24.19084044,24.2093562,23.96865132,24.06123012,24.14455104,7145234.0,185551105.0,0.653442,1,-0.3451,0
2016-06-30,sh.600009,24.15380892,24.15380892,23.9779092,24.1167774,24.06123012,4649975.0,120849340.0,0.425247,1,0.2309,0
2016-07-01,sh.600009,24.1167774,24.13529316,23.98716708,24.06123012,24.1167774,4374895.0,113656023.0,0.40009,1,-0.2303,0
2016-07-04,sh.600009,24.0241986,24.45931896,23.9779092,24.36674016,24.06123012,14880087.0,389272528.0,1.360806,1,1.2697,0
2016-07-05,sh.600009,24.37599804,24.74631324,24.3482244,24.51486624,24.36674016,9171508.0,243181665.0,0.838748,1,0.6079,0
2016-07-06,sh.600009,24.4408032,24.47783472,24.23712984,24.36674016,24.51486624,5991512.0,157537970.0,0.547932,1,-0.6042,0
2016-07-07,sh.600009,24.45006108,24.49635048,24.26490348,24.3945138,24.36674016,5795241.0,152562644.0,0.529983,1,0.114,0
2016-07-08,sh.600009,24.31119288,24.42228744,24.26490348,24.29267712,24.3945138,4098591.0,107697106.0,0.374822,1,-0.4175,0
2016-07-11,sh.600009,24.32045076,24.65373444,24.32045076,24.47783472,24.29267712,7595136.0,200848901.0,0.694586,1,0.7622,0
2016-07-12,sh.600009,24.59818716,25.5980382,24.4408032,25.30178604,24.47783472,19413370.0,523304752.0,1.775381,1,3.3661,0
2016-07-13,sh.600009,25.2740124,25.53323304,25.14440208,25.227723,25.30178604,10942996.0,299694832.0,1.000753,1,-0.2927,0
2016-07-14,sh.600009,25.2740124,25.2740124,25.00553388,25.15365996,25.227723,3803222.0,103133615.0,0.34781,1,-0.2936,0
2016-07-15,sh.600009,25.21846512,25.3203018,25.1351442,25.227723,25.15365996,3969229.0,108100096.0,0.362992,1,0.2944,0
2016-07-18,sh.600009,25.24623876,25.5517488,25.09811268,25.34807544,25.227723,5306275.0,145412294.0,0.485267,1,0.4771,0
2016-07-19,sh.600009,25.43139636,25.43139636,24.97776024,25.14440208,25.34807544,3553957.0,96421780.0,0.325015,1,-0.8035,0
2016-07-20,sh.600009,25.25549664,25.25549664,25.01479176,25.0425654,25.14440208,2103515.0,57059512.0,0.192369,1,-0.405,0
2016-07-21,sh.600009,25.03330752,25.3203018,25.00553388,25.12588632,25.0425654,2980031.0,81028971.0,0.272528,1,0.3327,0
2016-07-22,sh.600009,25.1814336,25.19994936,24.77408688,24.80186052,25.12588632,3420819.0,92108092.0,0.312839,1,-1.2896,0
2016-07-25,sh.600009,24.82037628,24.94072872,24.74631324,24.8111184,24.80186052,2673470.0,71659155.0,0.244493,1,0.0373,0
2016-07-26,sh.600009,24.764829,25.2740124,24.73705536,25.227723,24.8111184,5669758.0,153890555.0,0.518508,1,1.6791,0
2016-07-27,sh.600009,25.25549664,25.5980382,24.73705536,25.38510696,25.227723,11420938.0,311227920.0,1.044461,1,0.6239,0
2016-07-28,sh.600009,25.14440208,26.22757404,24.79260264,25.84800096,25.38510696,16479416.0,460880176.0,1.507066,1,1.8235,0
2016-07-29,sh.600009,25.7369064,26.2460898,25.7369064,25.81096944,25.84800096,8529929.0,239756919.0,0.780074,1,-0.1433,0
2016-08-01,sh.600009,25.91280612,26.45902104,25.5517488,25.67210124,25.81096944,9607002.0,269086640.0,0.878574,1,-0.538,0
2016-08-02,sh.600009,25.7369064,25.89429036,25.56100668,25.69987488,25.67210124,3177238.0,88335331.0,0.290563,1,0.1082,0
2016-08-03,sh.600009,25.6443276,26.3386686,25.5980382,26.1072216,25.69987488,8378906.0,236273786.0,0.766263,1,1.585,0
2016-08-04,sh.600009,25.9683534,26.1998004,25.84800096,26.09796372,26.1072216,4392949.0,123618971.0,0.401742,1,-0.0355,0
2016-08-05,sh.600009,26.153511,26.1998004,25.93132188,26.02390068,26.09796372,3051251.0,86020330.0,0.279041,1,-0.2838,0
2016-08-08,sh.600009,26.0609322,26.153511,25.81096944,25.99612704,26.02390068,3695582.0,103586314.0,0.337966,1,-0.1067,0
2016-08-09,sh.600009,25.9683534,26.37570012,25.94983764,26.27386344,25.99612704,4335597.0,122873255.0,0.396497,1,1.0684,0
2016-08-10,sh.600009,26.153511,26.22757404,25.98686916,26.13499524,26.27386344,3443024.0,97018028.0,0.31487,1,-0.5285,0
2016-08-11,sh.600009,25.95909552,26.1072216,25.56100668,25.62581184,26.13499524,5274654.0,146667103.0,0.482375,1,-1.9483,0
2016-08-12,sh.600009,25.62581184,25.90354824,25.60729608,25.82022732,25.62581184,6867532.0,190882963.0,0.628046,1,0.7587,0
2016-08-15,sh.600009,25.8294852,26.81082048,25.8294852,26.55159984,25.82022732,12017151.0,343284320.0,1.098986,1,2.8326,0
2016-08-16,sh.600009,26.64417864,27.06078324,26.49605256,26.8941414,26.55159984,8869720.0,257464522.0,0.811149,1,1.2901,0
2016-08-17,sh.600009,26.86636776,27.19965144,26.5701156,26.92191504,26.8941414,9544543.0,276897136.0,0.872862,1,0.1033,0
2016-08-18,sh.600009,27.00648942,27.00648942,26.50845743,26.63061622,26.92191795,4153270.0,118136918.0,0.379823,1,-1.082,0
2016-08-19,sh.600009,26.6869972,26.6869972,26.35810815,26.50845743,26.63061622,4434907.0,124932595.0,0.405579,1,-0.4587,0
2016-08-22,sh.600009,26.41448913,27.03467991,26.4050923,26.86553697,26.50845743,6948367.0,197975949.0,0.635438,1,1.347,0
2016-08-23,sh.600009,26.80915599,27.05347357,26.64940988,26.86553697,26.86553697,4157935.0,118930238.0,0.380249,1,0.0,0
2016-08-24,sh.600009,26.92191795,27.0628704,26.79036233,26.94071161,26.86553697,5510027.0,158168060.0,0.5039,1,0.2798,0
2016-08-25,sh.600009,26.76217184,26.9689021,26.66820354,26.74337818,26.94071161,2264626.0,64582223.0,0.207103,1,-0.7325,0
2016-08-26,sh.600009,26.83734648,26.9689021,26.5930289,26.74337818,26.74337818,2033913.0,57895810.0,0.186004,1,0.0,0
2016-08-29,sh.600009,26.82794965,26.95950527,26.42388596,26.52725109,26.74337818,5397457.0,153172815.0,0.493605,1,-0.8082,0
2016-08-30,sh.600009,26.51785426,26.55544158,26.1231874,26.24534619,26.52725109,5125431.0,143216497.0,0.468728,1,-1.0627,0
2016-08-31,sh.600009,26.17956838,26.311124,26.01042544,26.08560008,26.24534619,4781752.0,132782369.0,0.437298,1,-0.6087,0
2016-09-01,sh.600009,26.19836204,26.35810815,25.99163178,26.01982227,26.08560008,3308925.0,92430658.0,0.302606,1,-0.2522,0
2016-09-02,sh.600009,26.07620325,26.38629864,25.64394907,26.38629864,26.01982227,6551015.0,181072281.0,0.5991,1,1.4084,0
2016-09-05,sh.600009,26.4050923,26.4050923,25.86007616,25.96344129,26.38629864,5448780.0,150892119.0,0.498299,1,-1.602567,0
2016-09-06,sh.600009,25.94464763,26.03861593,25.68153639,25.8412825,25.96344129,5788643.0,158933970.0,0.52938,1,-0.4705,0
2016-09-07,sh.600009,25.9352508,26.07620325,25.85067933,26.01042544,25.8412825,3338174.0,92322845.0,0.305281,1,0.654547,0
2016-09-08,sh.600009,25.98223495,26.25474302,25.94464763,26.15137789,26.01042544,4102005.0,114093276.0,0.375134,1,0.541906,0
2016-09-09,sh.600009,26.06680642,26.36750498,26.05740959,26.33931449,26.15137789,4993355.0,139701132.0,0.45665,1,0.718652,0
2016-09-12,sh.600009,26.1231874,26.17017155,25.63455224,25.94464763,26.33931449,6794751.0,186755792.0,0.62139,1,-1.498395,0
2016-09-13,sh.600009,26.01982227,26.04801276,25.73791737,25.91645714,25.94464763,2655610.0,73085247.0,0.242859,1,-0.108659,0
2016-09-14,sh.600009,25.81309201,25.87886982,25.59696492,25.80369518,25.91645714,2885676.0,78960453.0,0.263899,1,-0.435101,0
2016-09-19,sh.600009,25.7473142,25.87886982,25.7473142,25.81309201,25.80369518,3025867.0,83079532.0,0.27672,1,0.036417,0
2016-09-20,sh.600009,25.78490152,25.88826665,25.7473142,25.8412825,25.81309201,1264608.0,34754297.0,0.11565,1,0.109213,0
2016-09-21,sh.600009,25.80369518,25.87886982,25.75671103,25.79429835,25.8412825,1959930.0,53831540.0,0.179238,1,-0.181815,0
2016-09-22,sh.600009,25.66274273,25.92585397,25.6533459,25.67213956,25.79429835,3951634.0,108261467.0,0.361383,1,-0.473592,0
2016-09-23,sh.600009,25.77550469,25.89766348,25.6533459,25.78490152,25.67213956,3211684.0,88217115.0,0.293713,1,0.439242,0
2016-09-26,sh.600009,25.76610786,25.82248884,25.33385368,25.35264734,25.78490152,2318020.0,62975045.0,0.211986,1,-1.676389,0
2016-09-27,sh.600009,25.371441,25.54058394,25.2774727,25.53118711,25.35264734,1643786.0,44442492.0,0.150327,1,0.704227,0
2016-09-28,sh.600009,25.61575858,25.61575858,25.29626636,25.31506002,25.53118711,1700881.0,46035186.0,0.155548,1,-0.84652,0
2016-09-29,sh.600009,25.30566319,25.41842515,25.28686953,25.35264734,25.31506002,2129355.0,57457768.0,0.194733,1,0.148474,0
2016-09-30,sh.600009,25.35264734,25.39963149,25.29626636,25.34325051,25.35264734,1352793.0,36484835.0,0.123715,1,-0.037065,0
2016-10-10,sh.600009,25.38083783,25.54998077,25.34325051,25.53118711,25.34325051,3438736.0,93139062.0,0.314477,1,0.741568,0
2016-10-11,sh.600009,25.53118711,25.72852054,25.4654093,25.71912371,25.53118711,3053434.0,83127586.0,0.279241,1,0.736109,0
2016-10-12,sh.600009,25.52179028,25.75671103,25.4654093,25.68153639,25.71912371,4154562.0,113068092.0,0.379941,1,-0.146149,0
2016-10-13,sh.600009,25.7473142,25.79429835,25.58756809,25.71912371,25.68153639,3390591.0,92660197.0,0.310074,1,0.146363,0
2016-10-14,sh.600009,25.71912371,25.90706031,25.6533459,25.83188567,25.71912371,3554405.0,97336300.0,0.325055,1,0.438432,0
2016-10-17,sh.600009,25.9352508,25.9352508,25.7473142,25.87886982,25.83188567,3332811.0,91754543.0,0.30479,1,0.181889,0
2016-10-18,sh.600009,25.70033005,25.97283812,25.70033005,25.91645714,25.87886982,2162180.0,59550010.0,0.197734,1,0.14524,0
2016-10-19,sh.600009,25.91645714,26.01042544,25.5593776,25.69093322,25.91645714,2802919.0,76954584.0,0.256331,1,-0.870195,0
2016-10-20,sh.600009,25.6533459,25.75671103,25.5593776,25.70033005,25.69093322,2262497.0,61799630.0,0.206909,1,0.036577,0
2016-10-21,sh.600009,25.60636175,25.7473142,25.49359979,25.60636175,25.70033005,1928159.0,52498963.0,0.176333,1,-0.365632,0
2016-10-24,sh.600009,25.61575858,25.88826665,25.61575858,25.80369518,25.60636175,2609700.0,71578800.0,0.238661,1,0.770639,0
2016-10-25,sh.600009,25.71912371,25.83188567,25.69093322,25.73791737,25.80369518,1520069.0,41641368.0,0.139013,1,-0.254915,0
2016-10-26,sh.600009,25.70972688,25.77550469,25.4654093,25.56877443,25.73791737,2625588.0,71497741.0,0.240114,1,-0.657175,0
2016-10-27,sh.600009,25.5593776,25.7473142,25.48420296,25.68153639,25.56877443,2022170.0,55137809.0,0.18493,1,0.441017,0
2016-10-28,sh.600009,25.72852054,25.79429835,25.54998077,25.73791737,25.68153639,3571555.0,97808797.0,0.326624,1,0.219537,0
2016-10-31,sh.600009,25.58756809,25.69093322,25.45601247,25.47480613,25.73791737,2183244.0,59320692.0,0.199661,1,-1.022267,0
2016-11-01,sh.600009,25.54058394,25.56877443,25.43721881,25.52179028,25.47480613,2004417.0,54389790.0,0.183307,1,0.184431,0
2016-11-02,sh.600009,25.51239345,25.51239345,25.23988538,25.24928221,25.52179028,2676729.0,72139602.0,0.244791,1,-1.067743,0
2016-11-03,sh.600009,25.15531391,25.38083783,25.15531391,25.2774727,25.24928221,2454508.0,66039660.0,0.224468,1,0.111644,0
2016-11-04,sh.600009,25.21169489,25.28686953,24.92039316,25.07074244,25.2774727,4886738.0,130571362.0,0.446899,1,-0.817841,0
2016-11-07,sh.600009,25.03315512,25.36204417,24.91099633,25.0895361,25.07074244,3171602.0,84580660.0,0.290048,1,0.074964,0
2016-11-08,sh.600009,25.16471074,25.20229806,24.92039316,25.0895361,25.0895361,3048978.0,81313017.0,0.278833,1,0.0,0
2016-11-09,sh.600009,25.09893293,25.10832976,24.5257263,24.6196946,25.0895361,6803939.0,179096048.0,0.62223,1,-1.872659,0
2016-11-10,sh.600009,24.76064705,24.93918682,24.73245656,24.83582169,24.6196946,4615894.0,121962215.0,0.42213,1,0.877861,0
2016-11-11,sh.600009,24.94858365,25.39023466,24.87340901,25.371441,24.83582169,12140911.0,325016544.0,1.110304,1,2.156639,0
2016-11-14,sh.600009,25.45601247,25.45601247,25.07074244,25.11772659,25.371441,4254715.0,114220048.0,0.3891,1,-1.000002,0
2016-11-15,sh.600009,25.15531391,25.40902832,25.12712342,25.19290123,25.11772659,4617693.0,124283207.0,0.422295,1,0.299289,0
2016-11-16,sh.600009,25.22109172,25.371441,25.15531391,25.24928221,25.19290123,2416753.0,65025005.0,0.221016,1,0.223802,0
2016-11-17,sh.600009,25.1835044,25.23048855,24.93918682,25.04255195,25.24928221,4417829.0,117658942.0,0.404017,1,-0.818762,0
2016-11-18,sh.600009,24.98617097,25.16471074,24.89220267,24.97677414,25.04255195,5315628.0,141246166.0,0.486122,1,-0.262663,0
2016-11-21,sh.600009,25.07074244,25.24928221,24.97677414,25.15531391,24.97677414,4331727.0,115935388.0,0.396143,1,0.714825,0
2016-11-22,sh.600009,25.05194878,25.26807587,24.9955678,25.0895361,25.15531391,4103040.0,109625342.0,0.375229,1,-0.261486,0
2016-11-23,sh.600009,25.09893293,25.23048855,25.06134561,25.0895361,25.0895361,3252809.0,86968935.0,0.297474,1,0.0,0
2016-11-24,sh.600009,25.12712342,25.28686953,24.93918682,25.15531391,25.0895361,5309658.0,141983943.0,0.485576,1,0.262171,0
2016-11-25,sh.600009,25.1835044,25.41842515,25.0895361,25.40902832,25.15531391,6512808.0,175350008.0,0.595606,1,1.008593,0
2016-11-28,sh.600009,25.48420296,25.80369518,25.33385368,25.54998077,25.40902832,10424731.0,284323152.0,0.953357,1,0.554732,0
2016-11-29,sh.600009,25.48420296,26.42388596,25.44661564,25.86007616,25.54998077,10275990.0,284782928.0,0.939754,1,1.213681,0
2016-11-30,sh.600009,26.10439374,26.10439374,25.58756809,25.73791737,25.86007616,5585890.0,152922922.0,0.510838,1,-0.472388,0
2016-12-01,sh.600009,25.79429835,25.82248884,25.39963149,25.5593776,25.73791737,7331290.0,199099593.0,0.670457,1,-0.693679,0
2016-12-02,sh.600009,25.57817126,25.66274273,25.24928221,25.41842515,25.5593776,6631550.0,179212699.0,0.606465,1,-0.551476,0
2016-12-05,sh.600009,25.23048855,25.45601247,25.0895361,25.30566319,25.41842515,6734136.0,180862944.0,0.615846,1,-0.443619,0
2016-12-06,sh.600009,25.20229806,25.39023466,25.20229806,25.25867904,25.30566319,3737776.0,100673931.0,0.341825,1,-0.185671,0
2016-12-07,sh.600009,25.2774727,25.2774727,25.07074244,25.24928221,25.25867904,2914189.0,78056708.0,0.266507,1,-0.037196,0
2016-12-08,sh.600009,25.24928221,25.33385368,24.96737731,24.9955678,25.24928221,4054028.0,108541707.0,0.370747,1,-1.00484,0
2016-12-09,sh.600009,25.00496463,25.15531391,24.93918682,24.97677414,24.9955678,5763798.0,153573745.0,0.527108,1,-0.07519,0
2016-12-12,sh.600009,24.97677414,25.15531391,24.58210728,24.84521852,24.97677414,6842226.0,180710716.0,0.625731,1,-0.52671,0
2016-12-13,sh.600009,24.74185339,24.87340901,24.62909143,24.78883754,24.84521852,3256559.0,85796473.0,0.297817,1,-0.226934,0
2016-12-14,sh.600009,24.88280584,24.93918682,24.81702803,24.89220267,24.78883754,5244279.0,138905507.0,0.479597,1,0.416985,0
2016-12-15,sh.600009,24.84521852,25.05194878,24.73245656,24.96737731,24.89220267,4706984.0,124747831.0,0.430461,1,0.302001,0
2016-12-16,sh.600009,24.97677414,25.09893293,24.9015995,25.01436146,24.96737731,4826780.0,128413189.0,0.441416,1,0.188187,0
2016-12-19,sh.600009,24.91099633,25.10832976,24.76064705,25.05194878,25.01436146,4102751.0,109093010.0,0.375203,1,0.150259,0
2016-12-20,sh.600009,25.00496463,25.17410757,24.91099633,25.00496463,25.05194878,5423956.0,144606438.0,0.496029,1,-0.187544,0
2016-12-21,sh.600009,24.94858365,25.33385368,24.94858365,25.26807587,25.00496463,5934650.0,159240113.0,0.542732,1,1.052231,0
2016-12-22,sh.600009,25.32445685,25.32445685,25.14591708,25.2774727,25.26807587,4880212.0,131022093.0,0.446302,1,0.037189,0
2016-12-23,sh.600009,25.32445685,25.33385368,25.09893293,25.28686953,25.2774727,2546754.0,68337317.0,0.232904,1,0.037176,0
2016-12-26,sh.600009,25.29626636,25.29626636,24.84521852,25.1835044,25.28686953,1463518.0,39012984.0,0.133841,1,-0.408772,0
2016-12-27,sh.600009,25.1835044,25.25867904,24.94858365,24.94858365,25.1835044,1473159.0,39350538.0,0.134723,1,-0.932836,0
2016-12-28,sh.600009,24.9015995,25.22109172,24.79823437,24.92039316,24.94858365,7000352.0,185793280.0,0.640192,1,-0.11299,0
2016-12-29,sh.600009,24.8076312,24.88280584,24.73245656,24.77004388,24.92039316,6355840.0,167611707.0,0.581251,1,-0.603318,0
2016-12-30,sh.600009,24.79823437,24.9955678,24.74185339,24.92039316,24.77004388,4400195.0,116486686.0,0.402404,1,0.60698,0
2017-01-03,sh.600009,24.94858365,25.16471074,24.8076312,25.04255195,24.92039316,3486243.0,92910016.0,0.318822,1,0.490193,0
2017-01-04,sh.600009,25.08013927,25.23048855,25.02375829,25.17410757,25.04255195,5534021.0,148157228.0,0.506094,1,0.525333,0
2017-01-05,sh.600009,25.23988538,25.33385368,25.16471074,25.21169489,25.17410757,5135146.0,138031092.0,0.469617,1,0.149306,0
2017-01-06,sh.600009,25.19290123,25.32445685,25.19290123,25.2774727,25.21169489,4241979.0,114077175.0,0.387935,1,0.260901,0
2017-01-09,sh.600009,25.2774727,25.371441,25.19290123,25.26807587,25.2774727,4849690.0,130555208.0,0.443511,1,-0.037176,0
2017-01-10,sh.600009,25.2774727,25.4654093,25.17410757,25.29626636,25.26807587,3763613.0,101341276.0,0.344188,1,0.111568,0
2017-01-11,sh.600009,25.2774727,25.36204417,25.0895361,25.13652025,25.29626636,4193486.0,112556096.0,0.3835,1,-0.631501,0
2017-01-12,sh.600009,25.1835044,25.28686953,25.07074244,25.15531391,25.13652025,4942373.0,132389278.0,0.451987,1,0.074768,0
2017-01-13,sh.600009,25.15531391,25.35264734,24.9015995,25.13652025,25.15531391,6134977.0,164082978.0,0.561053,1,-0.074712,0
2017-01-16,sh.600009,25.04255195,25.33385368,24.85461535,25.16471074,25.13652025,20359311.0,544940192.0,1.861888,1,0.112152,0
2017-01-17,sh.600009,25.17410757,25.21169489,25.02375829,25.14591708,25.16471074,5677503.0,151650700.0,0.519216,1,-0.074684,0
2017-01-18,sh.600009,25.1835044,25.371441,25.15531391,25.2774727,25.14591708,6746788.0,181407205.0,0.617004,1,0.523167,0
2017-01-19,sh.600009,25.33385368,25.4654093,25.2774727,25.371441,25.2774727,5701892.0,153955583.0,0.521446,1,0.371749,0
2017-01-20,sh.600009,25.33385368,25.59696492,25.32445685,25.52179028,25.371441,4084652.0,110916588.0,0.373547,1,0.592592,0
2017-01-23,sh.600009,25.52179028,25.60636175,25.39963149,25.53118711,25.52179028,4240045.0,115242484.0,0.387758,1,0.03682,0
2017-01-24,sh.600009,25.52179028,25.56877443,25.41842515,25.53118711,25.53118711,1894465.0,51462292.0,0.173252,1,0.0,0
2017-01-25,sh.600009,25.5593776,25.86007616,25.53118711,25.83188567,25.53118711,5438354.0,149097209.0,0.497345,1,1.177768,0
2017-01-26,sh.600009,25.76610786,25.9352508,25.69093322,25.8412825,25.83188567,2685821.0,73933940.0,0.245622,1,0.036378,0
2017-02-03,sh.600009,25.91645714,26.00102861,25.77550469,25.96344129,25.8412825,3167560.0,87376407.0,0.289678,1,0.472724,0
2017-02-06,sh.600009,25.9352508,26.08560008,25.90706031,26.01042544,25.96344129,3151898.0,87284261.0,0.288246,1,0.180967,0
2017-02-07,sh.600009,26.04801276,26.1231874,25.66274273,25.83188567,26.01042544,5161174.0,141871479.0,0.471997,1,-0.686418,0
2017-02-08,sh.600009,25.9352508,26.0292191,25.71912371,25.95404446,25.83188567,2658498.0,73280192.0,0.243123,1,0.472903,0
2017-02-09,sh.600009,26.00102861,26.18896521,25.95404446,26.1231874,25.95404446,4138564.0,114804097.0,0.378478,1,0.651696,0
2017-02-10,sh.600009,26.0292191,26.35810815,25.98223495,26.01042544,26.1231874,5157424.0,143621274.0,0.471654,1,-0.431651,0
2017-02-13,sh.600009,26.01042544,26.45207645,25.95404446,26.22655253,26.01042544,7917095.0,220539633.0,0.72403,1,0.830923,0
2017-02-14,sh.600009,26.24534619,26.311124,25.79429835,25.90706031,26.22655253,6466422.0,178537263.0,0.591364,1,-1.218202,0
2017-02-15,sh.600009,25.96344129,26.29233034,25.9352508,26.01042544,25.90706031,4996957.0,138592961.0,0.456979,1,0.398987,0
2017-02-16,sh.600009,26.09499691,26.1231874,25.92585397,26.06680642,26.01042544,4068030.0,112681856.0,0.372027,1,0.216761,0
2017-02-17,sh.600009,26.03861593,26.07620325,25.77550469,25.79429835,26.06680642,1819201.0,50110844.0,0.166369,1,-1.045418,0
2017-02-20,sh.600009,26.00102861,26.11379057,25.86947299,26.03861593,25.79429835,2885227.0,79788598.0,0.263858,1,0.947171,0
2017-02-21,sh.600009,26.07620325,26.311124,26.03861593,26.07620325,26.03861593,2200857.0,61327158.0,0.201272,1,0.144355,0
2017-02-22,sh.600009,26.04801276,26.14198106,25.91645714,25.97283812,26.07620325,2321026.0,64237378.0,0.212261,1,-0.396399,0
2017-02-23,sh.600009,25.95404446,26.2171557,25.82248884,25.88826665,25.97283812,3614276.0,99981223.0,0.330531,1,-0.325616,0
2017-02-24,sh.600009,25.86947299,26.8749338,25.71912371,26.33931449,25.88826665,6651685.0,185614794.0,0.608306,1,1.742292,0
2017-02-27,sh.600009,25.94464763,26.01042544,25.75671103,25.86947299,26.33931449,3397480.0,93452358.0,0.310704,1,-1.783803,0
2017-02-28,sh.600009,25.8412825,25.86007616,25.7473142,25.78490152,25.86947299,2486901.0,68245937.0,0.227431,1,-0.326917,0
2017-03-01,sh.600009,25.78490152,25.99163178,25.73791737,25.83188567,25.78490152,2379166.0,65613537.0,0.217578,1,0.182213,0
2017-03-02,sh.600009,25.94464763,25.98223495,25.71912371,25.73791737,25.83188567,2499876.0,68607467.0,0.228617,1,-0.36377,0
2017-03-03,sh.600009,25.73791737,25.83188567,25.67213956,25.7473142,25.73791737,2024907.0,55405944.0,0.185181,1,0.036511,0
2017-03-06,sh.600009,25.83188567,26.22655253,25.76610786,26.07620325,25.7473142,4101851.0,113573195.0,0.37512,1,1.277374,0
2017-03-07,sh.600009,26.11379057,26.16077472,25.95404446,26.09499691,26.07620325,2835611.0,78648657.0,0.259321,1,0.072074,0
2017-03-08,sh.600009,26.07620325,26.16077472,26.01982227,26.09499691,26.09499691,1855170.0,51500705.0,0.169658,1,0.0,0
2017-03-09,sh.600009,26.1231874,26.24534619,26.0292191,26.11379057,26.09499691,3583321.0,99648599.0,0.3277,1,0.072022,0
2017-03-10,sh.600009,26.00102861,26.08560008,25.72852054,25.7473142,26.11379057,4894763.0,134538498.0,0.447633,1,-1.403387,0
2017-03-13,sh.600009,25.73791737,26.86553697,25.73791737,26.64001305,25.7473142,15231687.0,429974608.0,1.39296,1,3.467156,0
2017-03-14,sh.600009,26.64001305,26.7809655,26.48026694,26.71518769,26.64001305,4254572.0,120472955.0,0.389087,1,0.282187,0
2017-03-15,sh.600009,26.73398135,27.10985455,26.53664792,26.9689021,26.71518769,6970631.0,200020666.0,0.637474,1,0.949703,0
2017-03-16,sh.600009,27.01588625,27.07226723,26.64001305,26.65880671,26.9689021,8452437.0,240934216.0,0.772988,1,-1.149825,0
2017-03-17,sh.600009,26.64940988,26.8749338,26.55544158,26.74337818,26.65880671,3487561.0,99087812.0,0.318943,1,0.31723,0
2017-03-20,sh.600009,26.94071161,27.0628704,26.64001305,26.81855282,26.74337818,5589028.0,159986036.0,0.511125,1,0.281103,0
2017-03-21,sh.600009,26.72458452,27.41055311,26.6869972,27.14744187,26.81855282,7516447.0,216940968.0,0.68739,1,1.226344,0
2017-03-22,sh.600009,26.90312429,27.10985455,26.66820354,26.7809655,27.14744187,5390698.0,153848154.0,0.492987,1,-1.349946,0
2017-03-23,sh.600009,27.01588625,27.18502919,26.39569547,26.77156867,26.7809655,9508623.0,270251680.0,0.869577,1,-0.035089,0
2017-03-24,sh.600009,26.6869972,27.56090239,26.57423524,27.42934677,26.77156867,11217574.0,324320112.0,1.025863,1,2.457005,0
2017-03-27,sh.600009,27.42934677,28.43480758,27.35417213,27.8146168,27.42934677,16688123.0,497779520.0,1.526153,1,1.40459,0
2017-03-28,sh.600009,27.77702948,28.08712487,27.49512458,27.96496608,27.8146168,5571074.0,164687968.0,0.509483,1,0.54054,0
2017-03-29,sh.600009,28.05893438,28.63214101,27.79582314,28.26566464,27.96496608,8095571.0,243798842.0,0.740352,1,1.075268,0
2017-03-30,sh.600009,28.19988683,28.4723949,27.80521997,28.18109317,28.26566464,8283258.0,246817503.0,0.757516,1,-0.299203,0
2017-03-31,sh.600009,28.04953755,28.27506147,27.9085851,28.17169634,28.18109317,3707088.0,111140666.0,0.339019,1,-0.033345,0
2017-04-05,sh.600009,28.34083928,29.07379202,28.16229951,28.45360124,28.17169634,8601119.0,261417117.0,0.786585,1,1.000671,0
2017-04-06,sh.600009,28.45360124,29.08318885,28.43480758,29.06439519,28.45360124,10619230.0,326927744.0,0.971144,1,2.14663,0
2017-04-07,sh.600009,29.07379202,29.17715715,28.54756954,28.8482681,29.06439519,5287072.0,161870636.0,0.48351,1,-0.743613,0
2017-04-10,sh.600009,28.80128395,28.80128395,28.27506147,28.44420441,28.8482681,6100195.0,185396319.0,0.557872,1,-1.400652,0
2017-04-11,sh.600009,28.48179173,28.55696637,27.66426752,28.13410902,28.44420441,8612552.0,255950101.0,0.78763,1,-1.090188,0
2017-04-12,sh.600009,28.12471219,30.57728482,27.85220412,30.31417358,28.13410902,31646170.0,994659696.0,2.894088,1,7.748824,0
2017-04-13,sh.600009,29.9758877,32.46604765,29.89131623,32.02439664,30.31417358,26196295.0,887821200.0,2.395689,1,5.641673,0
2017-04-14,sh.600009,32.2311269,32.2311269,31.59214246,32.02439664,32.02439664,7179384.0,243961834.0,0.656565,1,0.0,0
2017-04-17,sh.600009,31.86465053,32.16534909,31.20687243,32.12776177,32.02439664,7638722.0,257516719.0,0.698572,1,0.322761,0
2017-04-18,sh.600009,31.64852344,33.28357186,31.52636465,32.81373036,32.12776177,13478768.0,464138496.0,1.232653,1,2.135126,0
2017-04-19,sh.600009,32.5130318,32.80433353,31.8552537,32.40026984,32.81373036,14419441.0,494749328.0,1.318679,1,-1.260019,0
2017-04-20,sh.600009,32.2311269,32.62579376,31.8552537,32.4190635,32.40026984,7264173.0,249298905.0,0.664319,1,0.058006,0
2017-04-21,sh.600009,32.36268252,32.36268252,31.31023756,32.01499981,32.4190635,9076762.0,306452464.0,0.830083,1,-1.246378,0
2017-04-24,sh.600009,31.78947589,32.17474592,31.05652315,32.15595226,32.01499981,11406401.0,382571888.0,1.043132,1,0.440275,0
2017-04-25,sh.600009,31.88344419,32.0431903,31.36661854,31.7612854,32.15595226,5705269.0,192902537.0,0.521755,1,-1.227358,0
2017-04-26,sh.600009,31.7612854,32.3250952,31.49817416,31.83646004,31.7612854,4808031.0,163192650.0,0.439701,1,0.236692,0
2017-04-27,sh.600009,31.68611076,32.03379347,31.6673171,31.79887272,31.83646004,3380512.0,114471949.0,0.309153,1,-0.118067,0
2017-04-28,sh.600009,31.98680932,33.13322258,31.98680932,32.18414275,31.79887272,8431871.0,292417872.0,0.771107,1,1.211583,0
2017-05-02,sh.600009,31.54515831,33.15201624,31.06591998,32.888905,32.18414275,6552431.0,226038336.0,0.599229,1,2.189781,0
2017-05-03,sh.600009,32.68217474,33.33995284,32.47544448,33.19900039,32.888905,5889485.0,207057164.0,0.538602,1,0.942862,0
2017-05-04,sh.600009,33.11442892,34.4863661,33.0768416,34.06350875,33.19900039,10495394.0,380071600.0,0.959819,1,2.604014,0
2017-05-05,sh.600009,33.90376264,34.3923978,33.51849261,34.22325486,34.06350875,7750977.0,280171824.0,0.708838,1,0.468961,0
2017-05-08,sh.600009,34.27963584,34.8622393,33.46211163,34.32661999,34.22325486,11702340.0,426139376.0,1.070196,1,0.302034,0
2017-05-09,sh.600009,34.2044612,34.2044612,32.78553987,33.08623843,34.32661999,5632242.0,199891579.0,0.515077,1,-3.613467,0
2017-05-10,sh.600009,33.08623843,33.6406514,33.02985745,33.19900039,33.08623843,4498257.0,159799510.0,0.411372,1,0.34082,0
2017-05-11,sh.600009,32.95468281,33.71582604,32.7009684,33.41512748,33.19900039,5630706.0,199806086.0,0.514936,1,0.651003,0
2017-05-12,sh.600009,33.0768416,33.90376264,33.0768416,33.51849261,33.41512748,3128735.0,111896990.0,0.286127,1,0.309327,0
2017-05-15,sh.600009,33.828588,34.85284247,33.7346197,34.78706466,33.51849261,6871331.0,253141760.0,0.628393,1,3.7847,0
2017-05-16,sh.600009,34.768271,36.8355736,34.768271,36.68522432,34.78706466,11125194.0,423742384.0,1.017415,1,5.456511,0
2017-05-17,sh.600009,36.647637,37.37119291,36.03684305,36.1777955,36.68522432,8345720.0,324879328.0,0.763228,1,-1.383199,0
2017-05-18,sh.600009,36.04623988,36.42211308,35.4260491,35.85830328,36.1777955,5951204.0,227431925.0,0.544246,1,-0.883117,0
2017-05-19,sh.600009,35.69855717,37.15506582,35.69855717,36.94833556,35.85830328,8094395.0,316856080.0,0.740244,1,3.039832,0
2017-05-22,sh.600009,37.3054151,37.46516121,36.4597004,37.41817706,36.94833556,5479801.0,214930295.0,0.501136,1,1.271618,0
2017-05-23,sh.600009,37.12687533,37.73766928,35.71735083,37.72827245,37.41817706,14591200.0,572764704.0,1.334386,1,0.828734,0
2017-05-24,sh.600009,37.07049435,37.20204997,35.83950962,36.34693844,37.72827245,11934650.0,461761504.0,1.091441,1,-3.661273,0
2017-05-25,sh.600009,36.20598599,36.97652605,34.74947734,35.27569982,36.34693844,12747200.0,482737872.0,1.16575,1,-2.947258,0
2017-05-26,sh.600009,35.3320808,35.85830328,34.87163613,35.51062057,35.27569982,10407597.0,391984784.0,0.95179,1,0.665956,0
2017-05-31,sh.600009,35.53881106,35.6139857,33.55607993,35.51062057,35.51062057,16779813.0,615928688.0,1.534538,1,0.0,0
2017-06-01,sh.600009,34.83404881,36.06503354,34.40179463,35.98046207,35.51062057,14580392.0,550372976.0,1.333398,1,1.323101,0
2017-06-02,sh.600009,35.707954,36.25297014,35.6139857,35.88649377,35.98046207,6502019.0,248735336.0,0.594619,1,-0.261171,0
2017-06-05,sh.600009,35.66096985,35.87709694,34.72128685,35.0501759,35.88649377,6735215.0,251545271.0,0.615945,1,-2.330451,0
2017-06-06,sh.600009,34.9562076,35.37906495,34.4863661,35.30389031,35.0501759,6960266.0,258834639.0,0.636526,1,0.723862,0
2017-06-07,sh.600009,35.21931884,35.48243008,34.8622393,35.22871567,35.30389031,9586128.0,358089984.0,0.876665,1,-0.212931,0
2017-06-08,sh.600009,35.25690616,37.1174785,35.25690616,36.96712922,35.22871567,16431719.0,636815984.0,1.502704,1,4.934645,0
2017-06-09,sh.600009,36.78858945,36.9295419,36.0838272,36.56306553,36.96712922,13997130.0,543232752.0,1.280058,1,-1.093036,0
2017-06-12,sh.600009,36.29055746,36.82617677,35.90528743,36.18719233,36.56306553,8989241.0,347517920.0,0.822079,1,-1.028017,0
2017-06-13,sh.600009,36.16839867,36.37512893,35.707954,36.33754161,36.18719233,5827952.0,223758213.0,0.532975,1,0.415476,0
2017-06-14,sh.600009,36.37512893,36.43150991,35.0501759,35.12535054,36.33754161,11017773.0,416130656.0,1.007591,1,-3.335912,0
2017-06-15,sh.600009,34.94681077,34.94681077,33.83798483,33.96014362,35.12535054,17594147.0,641859392.0,1.60901,1,-3.317286,0
2017-06-16,sh.600009,33.71582604,34.19506437,33.56547676,33.96014362,33.96014362,8839421.0,318770832.0,0.808378,1,0.0,0
2017-06-19,sh.600009,33.71582604,34.15747705,33.70642921,33.94134996,33.96014362,6231934.0,224733606.0,0.569919,1,-0.055342,0
2017-06-20,sh.600009,33.95074679,34.12928656,33.3587465,33.37754016,33.94134996,8035827.0,287931728.0,0.734888,1,-1.661125,0
2017-06-21,sh.600009,33.65944506,35.49182691,33.43392114,35.41665227,33.37754016,15682010.0,579079072.0,1.434143,1,6.109229,0
2017-06-22,sh.600009,35.2381125,35.62338253,34.88103296,35.56700155,35.41665227,11193388.0,420230400.0,1.023652,1,0.424515,0
2017-06-23,sh.600009,35.2381125,35.95227158,35.17233469,35.91468426,35.56700155,6319915.0,239266189.0,0.577965,1,0.97755,0
2017-06-26,sh.600009,35.86770011,36.15900184,35.44484276,35.51062057,35.91468426,8304002.0,314929904.0,0.759413,1,-1.125066,0
2017-06-27,sh.600009,35.62338253,35.85830328,35.36966812,35.72674766,35.51062057,4314059.0,163315339.0,0.394527,1,0.608625,0
2017-06-28,sh.600009,35.55760472,35.71735083,34.96560443,35.06896956,35.72674766,5208726.0,195515977.0,0.476346,1,-1.841138,0
2017-06-29,sh.600009,34.93741394,35.17233469,34.68369953,34.97500126,35.06896956,4592972.0,170446414.0,0.420034,1,-0.267949,0
2017-06-30,sh.600009,35.02198541,35.11595371,34.37360414,35.05957273,34.97500126,5438145.0,201416040.0,0.497326,1,0.241806,0
2017-07-03,sh.600009,35.2381125,36.03684305,35.05957273,35.84890645,35.05957273,6007241.0,227096209.0,0.549371,1,2.251408,0
2017-07-04,sh.600009,35.707954,35.88649377,34.8622393,35.79252547,35.84890645,8713405.0,330057824.0,0.796854,1,-0.157277,0
2017-07-05,sh.600009,35.60458887,35.97106524,35.34147763,35.79252547,35.79252547,3703494.0,140627152.0,0.33869,1,0.0,0
2017-07-06,sh.600009,35.6139857,36.78858945,35.5200174,35.88649377,35.79252547,6859008.0,264379018.0,0.627266,1,0.262532,0
2017-07-07,sh.600009,36.1777955,36.34693844,35.66096985,35.98046207,35.88649377,4420913.0,169620026.0,0.404299,1,0.261855,0
2017-07-10,sh.600009,36.12141452,36.12141452,34.81525515,34.84344564,35.98046207,8148218.0,304239424.0,0.745166,1,-3.160091,0
2017-07-11,sh.600009,34.8622393,35.3320808,34.70249319,35.12535054,34.84344564,4921093.0,184010658.0,0.450041,1,0.809059,0
2017-07-12,sh.600009,35.20992201,35.20992201,34.40179463,34.97500126,35.12535054,3922762.0,145252231.0,0.358742,1,-0.428036,0
2017-07-13,sh.600009,35.19112835,35.20992201,34.74947734,34.94681077,34.97500126,5562370.0,207200158.0,0.508687,1,-0.080609,0
2017-07-14,sh.600009,35.06896956,35.57639838,34.80585832,35.38846178,34.94681077,4536962.0,170570654.0,0.414912,1,1.263784,0
2017-07-17,sh.600009,35.5200174,35.72674766,33.83798483,35.68916034,35.38846178,6679480.0,250525151.0,0.610848,1,0.849707,0
2017-07-18,sh.600009,35.71735083,36.03684305,35.15354103,35.92408109,35.68916034,5925762.0,225502701.0,0.54192,1,0.658241,0
2017-07-19,sh.600009,35.87709694,36.4597004,35.73614449,35.85830328,35.92408109,7941529.0,304693264.0,0.726264,1,-0.183102,0
2017-07-20,sh.600009,35.86770011,36.15900184,35.24750933,35.85830328,35.85830328,8021765.0,304055184.0,0.733602,1,0.0,0
2017-07-21,sh.600009,35.75493815,35.9898589,35.2381125,35.37906495,35.85830328,4453051.0,168624199.0,0.407238,1,-1.336474,0
2017-07-24,sh.600009,35.51062057,35.51062057,35.0501759,35.06896956,35.37906495,4957845.0,185850917.0,0.453402,1,-0.876499,0
2017-07-25,sh.600009,35.26630299,35.30389031,34.37360414,34.75887417,35.06896956,5270247.0,195902195.0,0.481972,1,-0.884239,0
2017-07-26,sh.600009,34.93741394,34.93741394,33.95074679,34.19506437,34.75887417,9574539.0,349758672.0,0.875605,1,-1.622066,0
2017-07-27,sh.600009,33.87557215,34.5803344,33.87557215,34.18566754,34.19506437,6623833.0,241501539.0,0.605759,1,-0.027475,0
2017-07-28,sh.600009,34.08230241,34.5803344,34.08230241,34.2984295,34.18566754,2959362.0,108388210.0,0.270638,1,0.329849,0
2017-07-31,sh.600009,34.37360414,35.26630299,34.15747705,35.19112835,34.2984295,5576122.0,207375891.0,0.509944,1,2.602742,0
2017-08-01,sh.600009,35.21931884,35.38846178,34.75887417,35.0501759,35.19112835,5469940.0,204040341.0,0.500234,1,-0.400538,0
2017-08-02,sh.600009,35.0501759,35.18173152,34.56154074,34.58973123,35.0501759,2687029.0,99946574.0,0.245733,1,-1.313667,0
2017-08-03,sh.600009,34.72128685,34.75887417,33.98833411,34.22325486,34.58973123,4330657.0,157969439.0,0.396045,1,-1.059503,0
2017-08-04,sh.600009,34.2044612,34.51455659,34.0165246,34.08230241,34.22325486,3927745.0,143065625.0,0.359198,1,-0.411855,0
2017-08-07,sh.600009,34.16687388,34.72128685,34.11988973,34.44877878,34.08230241,2985668.0,109399731.0,0.273044,1,1.075267,0
2017-08-08,sh.600009,34.54274708,34.92801711,34.44877878,34.768271,34.44877878,2651714.0,98121069.0,0.242503,1,0.927442,0
2017-08-09,sh.600009,34.8622393,34.8622393,34.41119146,34.4863661,34.768271,2963822.0,109038514.0,0.271046,1,-0.810809,0
2017-08-10,sh.600009,34.58973123,34.768271,34.14808022,34.69309636,34.4863661,3317616.0,121622039.0,0.303401,1,0.599448,0
2017-08-11,sh.600009,34.31722316,34.89042979,34.31722316,34.87163613,34.69309636,3318271.0,122658412.0,0.303461,1,0.514633,0
2017-08-14,sh.600009,34.89042979,35.10655688,34.82465198,34.84344564,34.87163613,2339373.0,87168546.0,0.213939,1,-0.080837,0
2017-08-15,sh.600009,34.65550904,35.41665227,34.59912806,35.32268397,34.84344564,4371261.0,163794044.0,0.399758,1,1.3754,0
2017-08-16,sh.600009,35.32268397,35.3320808,34.85284247,35.10655688,35.32268397,2915482.0,108831555.0,0.266625,1,-0.611864,0
2017-08-17,sh.600009,35.07836639,35.88649377,34.93741394,35.38846178,35.10655688,5003889.0,188888613.0,0.457613,1,0.802996,0
2017-08-18,sh.600009,35.3320808,35.60458887,35.0501759,35.08776322,35.38846178,3234396.0,120960748.0,0.29579,1,-0.849707,0
2017-08-21,sh.600009,35.0501759,35.28509665,34.84344564,35.2381125,35.08776322,2431697.0,90831306.0,0.222382,1,0.428495,0
2017-08-22,sh.600009,35.2381125,35.37906495,34.8622393,35.00319175,35.2381125,2013796.0,75029302.0,0.184165,1,-0.666667,0
2017-08-23,sh.600009,35.11595371,35.11595371,34.89042979,35.06896956,35.00319175,1281429.0,47717131.0,0.117189,1,0.187919,0
2017-08-24,sh.600009,35.2306227,35.2781674,35.02142602,35.14504224,35.06897072,1581192.0,58435954.0,0.144602,1,0.216914,0
2017-08-25,sh.600009,35.6109803,35.6109803,35.2306227,35.39227468,35.14504224,2420081.0,90147945.0,0.22132,1,0.703469,0
2017-08-28,sh.600009,35.60147136,36.82812462,35.59196242,36.59040112,35.39227468,10237666.0,389725904.0,0.936249,1,3.385272,0
2017-08-29,sh.600009,36.79008886,37.67442028,36.59040112,37.42718784,36.59040112,7885647.0,308277504.0,0.721154,1,2.286905,0
2017-08-30,sh.600009,37.560313,37.73147392,36.67598158,36.74254416,37.42718784,6827556.0,267485315.0,0.62439,1,-1.829271,0
2017-08-31,sh.600009,36.9422319,37.25602692,36.3241508,37.1324107,36.74254416,3996769.0,154282977.0,0.36551,1,1.061076,0
2017-09-01,sh.600009,37.084866,37.25602692,36.29562398,36.39071338,37.1324107,5666178.0,218555520.0,0.51818,1,-1.997436,0
2017-09-04,sh.600009,36.36218656,36.58089218,35.93428426,36.25758822,36.39071338,2939483.0,111821517.0,0.26882,1,-0.36582,0
2017-09-05,sh.600009,36.25758822,37.1799554,36.25758822,37.09437494,36.25758822,4969864.0,193145937.0,0.454501,1,2.307887,0
2017-09-06,sh.600009,36.86616038,37.42718784,36.86616038,37.39866102,37.09437494,3782296.0,148103747.0,0.345896,1,0.820311,0
2017-09-07,sh.600009,37.44620572,38.90107354,37.28455374,38.78696626,37.39866102,9436683.0,381121552.0,0.862998,1,3.712177,0
2017-09-08,sh.600009,38.97714506,40.71728108,38.80598414,40.30839666,38.78696626,10107195.0,423795088.0,0.924318,1,3.922526,0
2017-09-11,sh.600009,40.30839666,40.51759334,39.05321658,39.19585068,40.30839666,6201813.0,258490441.0,0.567165,1,-2.760081,0
2017-09-12,sh.600009,39.39553842,39.82344072,38.62531428,39.30044902,39.19585068,4470252.0,184185266.0,0.408811,1,0.266862,0
2017-09-13,sh.600009,39.1768328,39.2719222,38.1308494,38.81549308,39.30044902,7219611.0,292810119.0,0.660244,1,-1.233976,0
2017-09-14,sh.600009,38.87254672,39.42406524,38.37808184,38.7013858,38.81549308,2331352.0,95170556.0,0.213206,1,-0.293971,0
2017-09-15,sh.600009,38.61580534,39.462101,38.45415336,39.02468976,38.7013858,3163285.0,129523338.0,0.289287,1,0.835381,0
2017-09-18,sh.600009,38.986654,39.2719222,37.88361696,37.95017954,39.02468976,5843620.0,235412356.0,0.534408,1,-2.753414,0
2017-09-19,sh.600009,37.8455812,38.1308494,37.10388388,37.31308056,37.95017954,5646366.0,222060356.0,0.516368,1,-1.678773,0
2017-09-20,sh.600009,37.2750448,37.2750448,36.3241508,36.47629384,37.31308056,9677981.0,372021187.0,0.885065,1,-2.242612,0
2017-09-21,sh.600009,36.7045084,36.7520531,35.95330214,36.02937366,36.47629384,9205181.0,349758341.0,0.841827,1,-1.225238,0
2017-09-22,sh.600009,36.06740942,36.3241508,35.95330214,36.23857034,36.02937366,5153962.0,195951160.0,0.471337,1,0.580631,0
2017-09-25,sh.600009,36.20053458,36.59991006,35.49687302,36.5618743,36.23857034,7501635.0,284666566.0,0.686035,1,0.892155,0
2017-09-26,sh.600009,36.4192402,36.67598158,35.9913379,36.54285642,36.5618743,3426641.0,131179908.0,0.313371,1,-0.052017,0
2017-09-27,sh.600009,36.2766061,36.59991006,36.2290614,36.2766061,36.54285642,3033729.0,116003654.0,0.277439,1,-0.728594,0
2017-09-28,sh.600009,36.4192402,36.59991006,36.16249882,36.44776702,36.2766061,2965430.0,113630947.0,0.271193,1,0.471823,0
2017-09-29,sh.600009,36.4192402,36.7995978,35.85821274,36.11495412,36.44776702,4738320.0,180627850.0,0.433326,1,-0.913129,0
2017-10-09,sh.600009,36.5143296,37.06584812,36.38120444,36.66647264,36.11495412,8802287.0,339685387.0,0.804982,1,1.527124,0
2017-10-10,sh.600009,36.71401734,37.1324107,35.35423892,35.96281108,36.66647264,10914046.0,414615933.0,0.998105,1,-1.919091,0
2017-10-11,sh.600009,35.9913379,37.1799554,35.96281108,36.73303522,35.96281108,7786346.0,300739794.0,0.712073,1,2.141728,0
2017-10-12,sh.600009,36.7995978,38.48268018,36.73303522,38.02625106,36.73303522,10051494.0,400082649.0,0.919224,1,3.520581,0
2017-10-13,sh.600009,38.04526894,38.7964752,37.85509014,38.07379576,38.02625106,5147086.0,207427748.0,0.470708,1,0.125029,0
2017-10-16,sh.600009,38.11183152,38.511207,37.560313,38.07379576,38.07379576,5116851.0,205170852.0,0.467943,1,0.0,0
2017-10-17,sh.600009,37.95968848,38.03576,37.61736664,37.62687558,38.07379576,2618402.0,104114057.0,0.239457,1,-1.173829,0
2017-10-18,sh.600009,37.59834876,38.6062964,37.59834876,38.4161176,37.62687558,6890851.0,277341562.0,0.630178,1,2.097553,0
2017-10-19,sh.600009,38.49218912,38.77745732,38.18790304,38.71089474,38.4161176,4849969.0,196346141.0,0.443537,1,0.767321,0
2017-10-20,sh.600009,39.5571904,40.40348606,38.69187686,38.80598414,38.71089474,7712867.0,320577531.0,0.705353,1,0.245645,0
2017-10-23,sh.600009,38.986654,40.0326374,37.9406706,38.04526894,38.80598414,7641295.0,310967634.0,0.698807,1,-1.960311,0
2017-10-24,sh.600009,38.31151926,38.83451096,37.8455812,38.45415336,38.04526894,4671416.0,188640684.0,0.427208,1,1.074732,0
2017-10-25,sh.600009,38.4636623,38.88205566,38.20692092,38.49218912,38.45415336,3336294.0,135137369.0,0.305109,1,0.098914,0
2017-10-26,sh.600009,38.95812718,38.95812718,37.97870636,38.03576,38.49218912,4816748.0,193912190.0,0.440499,1,-1.18577,0
2017-10-27,sh.600009,38.21642986,38.39709972,37.64589346,37.93116166,38.03576,6958599.0,277790889.0,0.636374,1,-0.275002,0
2017-10-30,sh.600009,38.50169806,41.19272808,38.50169806,41.06911186,37.93116166,14865777.0,624066188.0,1.359497,1,8.272748,0
2017-10-31,sh.600009,41.06911186,41.68719296,40.08969104,41.6016125,41.06911186,10806495.0,465644969.0,0.98827,1,1.2966,0
2017-11-01,sh.600009,41.10714762,41.363889,40.23232514,40.32741454,41.6016125,10939746.0,469000434.0,1.000456,1,-3.062857,0
2017-11-02,sh.600009,40.25134302,40.66973638,39.49062782,40.54612016,40.32741454,6397507.0,270800469.0,0.585061,1,0.542324,0
2017-11-03,sh.600009,40.3179056,40.85991518,39.937548,40.83138836,40.54612016,6377780.0,270724117.0,0.583257,1,0.703563,0
2017-11-06,sh.600009,40.9359867,42.95188198,40.59366486,42.15313102,40.83138836,13838553.0,612492459.0,1.265556,1,3.237082,0
2017-11-07,sh.600009,42.16263996,42.75219424,40.71728108,40.9835314,42.15313102,12869596.0,562080198.0,1.176943,1,-2.774652,0
2017-11-08,sh.600009,41.33536218,41.61112144,40.07067316,40.66022744,40.9835314,11885232.0,510979429.0,1.086922,1,-0.788864,0
2017-11-09,sh.600009,40.5080844,41.09763868,40.11821786,41.05960292,40.66022744,5995892.0,256244658.0,0.548333,1,0.982231,0
2017-11-10,sh.600009,40.96451352,42.47643498,40.51759334,42.01049692,41.05960292,9295358.0,408171845.0,0.850074,1,2.315887,0
2017-11-13,sh.600009,42.11509526,42.3623277,41.25929066,41.4114337,42.01049692,8551347.0,374631960.0,0.782033,1,-1.425987,0
2017-11-14,sh.600009,41.363889,41.37339794,40.33692348,40.78384366,41.4114337,7394445.0,316757057.0,0.676233,1,-1.515499,0
2017-11-15,sh.600009,40.58415592,41.7917913,40.58415592,41.57308568,40.78384366,8564170.0,371563464.0,0.783206,1,1.935187,0
2017-11-16,sh.600009,41.59210356,41.76326448,40.85991518,41.363889,41.57308568,5297277.0,230320920.0,0.484444,1,-0.503205,0
2017-11-17,sh.600009,41.48750522,42.95188198,41.39241582,42.8377747,41.363889,14592025.0,651277947.0,1.334462,1,3.563217,0
2017-11-20,sh.600009,42.79023,43.52241838,41.90589858,43.47487368,42.8377747,11614690.0,523641760.0,1.06218,1,1.487241,0
2017-11-21,sh.600009,43.6460346,45.05335772,42.8853194,43.00893562,43.47487368,15250746.0,705315143.0,1.394703,1,-1.071745,0
2017-11-22,sh.600009,43.16107866,43.91228492,42.1721489,43.61750778,43.00893562,12564605.0,569607743.0,1.149051,1,1.414989,0
2017-11-23,sh.600009,43.18009654,43.18009654,40.72679002,41.51603204,43.61750778,12152408.0,535419902.0,1.111355,1,-4.817962,0
2017-11-24,sh.600009,40.9359867,41.72522872,40.70777214,41.53504992,41.51603204,10077131.0,437046642.0,0.921568,1,0.04581,0
2017-11-27,sh.600009,41.08812974,41.363889,39.7473692,40.6031738,41.53504992,12056400.0,512032405.0,1.102575,1,-2.243589,0
2017-11-28,sh.600009,40.6982632,41.40192476,40.1277268,40.97402246,40.6031738,5832333.0,251004478.0,0.533375,1,0.913347,0
2017-11-29,sh.600009,40.77433472,40.9835314,39.4145563,40.04214634,40.97402246,10435335.0,437328604.0,0.954326,1,-2.274308,0
2017-11-30,sh.600009,39.95656588,40.10870892,39.18634174,39.70933344,40.04214634,5712916.0,237668013.0,0.522454,1,-0.831162,0
2017-12-01,sh.600009,39.7473692,40.3179056,39.53817252,39.99460164,39.70933344,4494884.0,189034159.0,0.411064,1,0.718398,0
2017-12-04,sh.600009,40.20379832,40.48906652,39.77589602,40.09919998,39.99460164,4214061.0,177605866.0,0.385382,1,0.261524,0
2017-12-05,sh.600009,40.07067316,41.32585324,40.06116422,41.30683536,40.09919998,7497485.0,322032693.0,0.685656,1,3.011621,0
2017-12-06,sh.600009,40.94549564,41.0786208,39.5571904,39.90902118,41.30683536,9599689.0,406598165.0,0.877905,1,-3.383972,0
2017-12-07,sh.600009,39.72835132,40.0801821,39.40504736,39.90902118,39.90902118,6727356.0,281477913.0,0.615226,1,0.0,0
2017-12-08,sh.600009,39.61424404,40.2703609,39.42406524,39.92803906,39.90902118,5955317.0,250126527.0,0.544622,1,0.047654,0
2017-12-11,sh.600009,39.937548,41.40192476,39.6998245,41.08812974,39.92803906,5743671.0,246509446.0,0.525267,1,2.905447,0
2017-12-12,sh.600009,40.80286154,41.06911186,40.29888772,40.40348606,41.08812974,5681386.0,242264449.0,0.519571,1,-1.666275,0
2017-12-13,sh.600009,40.66973638,42.03902374,40.5080844,41.82982706,40.40348606,7915094.0,342802397.0,0.723847,1,3.530242,0
2017-12-14,sh.600009,41.78228236,41.81080918,41.21174596,41.35438006,41.82982706,5059621.0,220451206.0,0.46271,1,-1.136622,0
2017-12-15,sh.600009,41.35438006,41.68719296,41.19272808,41.48750522,41.35438006,4328780.0,188689500.0,0.395873,1,0.321912,0
2017-12-18,sh.600009,41.54455886,42.30527406,41.4589784,41.80130024,41.48750522,4218528.0,185291085.0,0.38579,1,0.756356,0
2017-12-19,sh.600009,41.37339794,42.28625618,41.37339794,42.20067572,41.80130024,4746205.0,209244212.0,0.434047,1,0.955419,0
2017-12-20,sh.600009,42.4098724,42.76170318,41.96295222,42.58103332,42.20067572,4554159.0,203537773.0,0.416484,1,0.901302,0
2017-12-21,sh.600009,42.4098724,43.46536474,42.4098724,43.04697138,42.58103332,6393596.0,289595044.0,0.584704,1,1.094242,0
2017-12-22,sh.600009,43.265677,43.265677,41.82031812,42.05804162,43.04697138,5382322.0,239062516.0,0.492221,1,-2.297329,0
2017-12-25,sh.600009,41.70621084,42.48594392,41.70621084,42.14362208,42.05804162,3469273.0,153665101.0,0.31727,1,0.203482,0
2017-12-26,sh.600009,42.2196936,43.1705876,42.13411314,42.78072106,42.14362208,5644103.0,253786940.0,0.516161,1,1.511737,0
2017-12-27,sh.600009,42.78072106,42.80924788,41.6016125,41.95344328,42.78072106,5322272.0,234507170.0,0.486729,1,-1.933769,0
2017-12-28,sh.600009,42.0295148,42.09607738,41.43996052,41.92491646,41.95344328,3498898.0,153675823.0,0.319979,1,-0.067994,0
2017-12-29,sh.600009,41.839336,42.90433728,41.80130024,42.79973894,41.92491646,5340958.0,238503160.0,0.488438,1,2.086637,0
2018-01-02,sh.600009,42.79023,43.10402502,41.96295222,42.2196936,42.79973894,5971792.0,265817881.0,0.546129,1,-1.355247,0
2018-01-03,sh.600009,42.25772936,42.72366742,41.58259462,41.8868807,42.2196936,9197365.0,406603755.0,0.841112,1,-0.788293,0
2018-01-04,sh.600009,41.82031812,42.24822042,41.43996052,41.9344254,41.8868807,5896574.0,259600545.0,0.53925,1,0.113506,0
2018-01-05,sh.600009,42.14362208,42.3623277,41.84884494,41.9819701,41.9344254,5311671.0,235172148.0,0.48576,1,0.113386,0
2018-01-08,sh.600009,41.9819701,42.1721489,40.63170062,40.91696882,41.9819701,10147858.0,438662541.0,0.928036,1,-2.536812,0
2018-01-09,sh.600009,40.9359867,41.66817508,40.91696882,41.61112144,40.91696882,8211714.0,356975303.0,0.750973,1,1.69649,0
2018-01-10,sh.600009,41.87737176,42.01049692,41.363889,41.6491572,41.61112144,4818606.0,210934034.0,0.440668,1,0.09141,0
2018-01-11,sh.600009,41.6491572,42.02000586,41.04058504,41.30683536,41.6491572,4159913.0,181357439.0,0.38043,1,-0.821919,0
2018-01-12,sh.600009,41.38290688,41.86786282,41.0786208,41.78228236,41.30683536,4170045.0,182530933.0,0.381357,1,1.151013,0
2018-01-15,sh.600009,42.20067572,44.15951736,41.839336,43.4083111,41.78228236,12064078.0,546455044.0,1.103277,1,3.891677,0
2018-01-16,sh.600009,43.741124,44.30215146,43.27518594,43.70308824,43.4083111,11427746.0,527172809.0,1.045084,1,0.679075,0
2018-01-17,sh.600009,44.14049948,44.5018392,42.89482834,43.15156972,43.70308824,7480989.0,342967481.0,0.684147,1,-1.261963,0
2018-01-18,sh.600009,43.22764124,43.7886687,42.5049618,42.79023,43.15156972,9409633.0,425586808.0,0.860525,1,-0.837376,0
2018-01-19,sh.600009,42.78072106,43.0754982,42.27674724,42.41938134,42.79023,4701098.0,210609341.0,0.429922,1,-0.866665,0
2018-01-22,sh.600009,42.41938134,42.94237304,42.08656844,42.70464954,42.41938134,5913499.0,265160493.0,0.540798,1,0.672493,0
2018-01-23,sh.600009,43.1230429,45.13893818,42.90433728,44.71103588,42.70464954,14960508.0,697912730.0,1.36816,1,4.698287,0
2018-01-24,sh.600009,44.53036602,44.89170574,44.0739369,44.77759846,44.71103588,7212614.0,337514473.0,0.659604,1,0.148872,0
2018-01-25,sh.600009,44.36871404,44.85366998,43.94081174,44.37822298,44.77759846,5475183.0,255354969.0,0.500713,1,-0.891913,0
2018-01-26,sh.600009,44.36871404,45.14844712,44.28313358,44.57791072,44.37822298,6244918.0,293953300.0,0.571107,1,0.449974,0
2018-01-29,sh.600009,44.81563422,44.81563422,43.19911442,43.43683792,44.57791072,6263727.0,290435767.0,0.572827,1,-2.559729,0
2018-01-30,sh.600009,43.2181323,44.1214816,43.19911442,43.86474022,43.43683792,5906508.0,271074297.0,0.540159,1,0.985116,0
2018-01-31,sh.600009,43.60799884,44.5969286,43.42732898,44.58741966,43.86474022,3796302.0,176165960.0,0.347177,1,1.647514,0
2018-02-01,sh.600009,44.57791072,45.38617062,44.14049948,45.33862592,44.58741966,7339823.0,345931851.0,0.671237,1,1.684796,0
2018-02-02,sh.600009,45.3576438,46.57478812,44.5018392,46.38460932,45.33862592,7369257.0,355656264.0,0.673929,1,2.307044,0
2018-02-05,sh.600009,45.9281802,46.7839848,45.24353652,46.2134484,46.38460932,7113735.0,343788778.0,0.650561,1,-0.369004,0
2018-02-06,sh.600009,44.91072362,45.642912,43.8837581,45.63340306,46.2134484,12019002.0,564194160.0,1.099155,1,-1.255137,0
2018-02-07,sh.600009,45.63340306,45.7380014,43.9788475,45.36715274,45.63340306,8181547.0,386695982.0,0.748214,1,-0.58346,0
2018-02-08,sh.600009,44.8821968,45.5478226,42.6000512,43.75063294,45.36715274,8565408.0,393767101.0,0.783319,1,-3.563196,0
2018-02-09,sh.600009,42.4574171,42.46692604,39.61424404,42.04853268,43.75063294,13165844.0,567033777.0,1.204035,1,-3.890453,0
2018-02-12,sh.600009,41.1737102,41.82031812,40.90745988,41.29732642,42.04853268,6067654.0,263964949.0,0.554896,1,-1.786524,0
2018-02-13,sh.600009,42.0295148,42.95188198,41.40192476,41.62063038,41.29732642,6702901.0,297454167.0,0.61299,1,0.782869,0
2018-02-14,sh.600009,41.27830854,41.839336,41.09763868,41.66817508,41.62063038,3978798.0,173868653.0,0.363867,1,0.114232,0
2018-02-22,sh.600009,42.1246042,44.47331238,41.94393434,44.34018722,41.66817508,5756440.0,262480594.0,0.526435,1,6.4126,0
2018-02-23,sh.600009,44.47331238,44.91072362,43.89326704,44.55889284,44.34018722,4654597.0,218054025.0,0.42567,1,0.493244,0
2018-02-26,sh.600009,46.118359,47.43059272,45.9281802,47.24992286,44.55889284,11871171.0,583627961.0,1.085636,1,6.039261,0
2018-02-27,sh.600009,47.48764636,48.10572746,46.4987166,47.24041392,47.24992286,9970218.0,495301236.0,0.911791,1,-0.020121,0
2018-02-28,sh.600009,46.8790742,47.069253,45.90916232,46.47018978,47.24041392,6319982.0,308836267.0,0.577972,1,-1.630438,0
2018-03-01,sh.600009,46.118359,47.33550332,45.93768914,46.90760102,46.47018978,5434928.0,268111567.0,0.497032,1,0.941279,0
2018-03-02,sh.600009,46.55577024,48.020147,46.2609931,47.8775129,46.90760102,7329446.0,365334894.0,0.670288,1,2.0677,0
2018-03-05,sh.600009,47.5447,47.86800396,46.118359,47.75389668,47.8775129,6250331.0,309147334.0,0.571602,1,-0.258187,0
2018-03-06,sh.600009,47.5447,47.71586092,46.4987166,46.74594904,47.75389668,4592344.0,226716533.0,0.419977,1,-2.110716,0
2018-03-07,sh.600009,46.88858314,47.43059272,46.62233282,46.80300268,46.74594904,4379437.0,215998286.0,0.400506,1,0.122053,0
2018-03-08,sh.600009,47.069253,47.2594318,46.17541264,47.20237816,46.80300268,3328586.0,164120762.0,0.304404,1,0.853308,0
2018-03-09,sh.600009,47.5447,48.38148672,46.98367254,48.33394202,47.20237816,5169566.0,259965558.0,0.472764,1,2.397265,0
2018-03-12,sh.600009,48.495594,49.42747012,47.4496106,47.63028046,48.33394202,6401682.0,326289405.0,0.585443,1,-1.455836,0
2018-03-13,sh.600009,47.65880728,48.8759516,47.4020659,48.05818276,47.63028046,4219471.0,213284090.0,0.385877,1,0.898384,0
2018-03-14,sh.600009,47.7348788,48.3054152,47.19286922,47.39255696,48.05818276,3762247.0,188230909.0,0.344063,1,-1.385043,0
2018-03-15,sh.600009,47.05023512,47.6873341,46.98367254,47.5447,47.39255696,2177561.0,108843927.0,0.199141,1,0.321027,0
2018-03-16,sh.600009,47.82045926,47.90603972,46.6888954,46.91710996,47.5447,3964986.0,196257967.0,0.362604,1,-1.32,0
2018-03-19,sh.600009,46.61282388,47.82045926,46.4036272,47.67782516,46.91710996,4321103.0,215389561.0,0.395171,1,1.621401,0
2018-03-20,sh.600009,47.4020659,47.8299682,47.1643424,47.53519106,47.67782516,3152665.0,157750080.0,0.288316,1,-0.299158,0
2018-03-21,sh.600009,47.85849502,48.3529599,47.1643424,47.53519106,47.53519106,3588011.0,180263325.0,0.328129,1,0.0,0
2018-03-22,sh.600009,47.55420894,48.95202312,47.3069765,48.29590626,47.53519106,5733081.0,291492442.0,0.524299,1,1.600318,0
2018-03-23,sh.600009,46.47969872,48.31492414,46.47969872,48.28639732,48.29590626,9761793.0,489552823.0,0.89273,1,-0.019693,0
2018-03-26,sh.600009,47.3545212,48.91398736,45.98523384,47.57322682,48.28639732,7699998.0,382879812.0,0.704176,1,-1.476959,0
2018-03-27,sh.600009,47.8299682,47.8299682,46.593806,46.89809208,47.57322682,3789960.0,187578779.0,0.346597,1,-1.419147,0
2018-03-28,sh.600009,46.593806,47.53519106,46.19443052,46.8315295,46.89809208,4108614.0,202063674.0,0.375739,1,-0.14193,0
2018-03-29,sh.600009,46.8315295,47.13581558,44.9772862,45.3100991,46.8315295,6894738.0,332649175.0,0.630534,1,-3.248728,0
2018-03-30,sh.600009,45.39567956,46.76496692,45.31960804,46.44166296,45.3100991,3194054.0,155182741.0,0.292101,1,2.497374,0
2018-04-02,sh.600009,47.3069765,47.56371788,46.70791328,46.8790742,46.44166296,3631320.0,180380961.0,0.332089,1,0.941849,0
2018-04-03,sh.600009,46.593806,47.3545212,45.5953673,45.63340306,46.8790742,4943796.0,239812415.0,0.452117,1,-2.657196,0
2018-04-04,sh.600009,45.99474278,46.25148416,45.41469744,45.50978684,45.63340306,5474267.0,263301369.0,0.50063,1,-0.270892,0
2018-04-09,sh.600009,44.95826832,45.61438518,44.90121468,44.9297415,45.50978684,5935199.0,281884162.0,0.542783,1,-1.274552,0
2018-04-10,sh.600009,45.24353652,45.94719808,44.57791072,45.87112656,44.9297415,4969262.0,236683884.0,0.454446,1,2.095242,0
2018-04-11,sh.600009,45.89014444,46.0232696,45.4527332,45.7380014,45.87112656,5367317.0,258343325.0,0.490849,1,-0.290222,0
2018-04-12,sh.600009,45.62389412,46.2609931,45.5478226,45.69996564,45.7380014,4830243.0,233036566.0,0.441733,1,-0.083154,0
2018-04-13,sh.600009,45.72849246,46.118359,44.70152694,44.96777726,45.69996564,2902676.0,138966167.0,0.265454,1,-1.602165,0
2018-04-16,sh.600009,44.692018,44.95826832,43.27518594,43.60799884,44.96777726,8170653.0,376811813.0,0.747218,1,-3.023896,0
2018-04-17,sh.600009,43.4558558,44.37822298,42.33380088,42.3623277,43.60799884,8130318.0,369429576.0,0.743529,1,-2.856523,0
2018-04-18,sh.600009,42.6475959,43.5509452,41.66817508,42.19116678,42.3623277,8468264.0,377961439.0,0.774435,1,-0.404041,0
2018-04-19,sh.600009,42.5049618,43.05648032,41.839336,42.87581046,42.19116678,6649264.0,298891896.0,0.608085,1,1.622721,0
2018-04-20,sh.600009,42.60956014,44.0739369,42.60956014,43.18009654,42.87581046,4955850.0,226280875.0,0.45322,1,0.709691,0
2018-04-23,sh.600009,43.06598926,43.92179386,42.79973894,43.04697138,43.18009654,3987174.0,181604683.0,0.364633,1,-0.308301,0
2018-04-24,sh.600009,43.6460346,44.8346521,43.265677,43.99786538,43.04697138,4593019.0,213799673.0,0.420038,1,2.208968,0
2018-04-25,sh.600009,43.71259718,44.71103588,43.5509452,44.65398224,43.99786538,3113080.0,144970848.0,0.284696,1,1.491244,0
2018-04-26,sh.600009,44.7871074,44.89170574,43.91228492,44.692018,44.65398224,3868824.0,180388263.0,0.35381,1,0.085181,0
2018-04-27,sh.600009,44.98679514,47.4020659,44.9772862,47.34501226,44.692018,8893393.0,434842589.0,0.813314,1,5.936172,0
2018-05-02,sh.600009,47.34501226,48.72380856,46.4036272,48.38148672,47.34501226,7218931.0,362512445.0,0.660182,1,2.189195,0
2018-05-03,sh.600009,47.4971553,48.67626386,47.38304802,48.495594,48.38148672,4924380.0,249415529.0,0.450342,1,0.235847,0
2018-05-04,sh.600009,48.2578705,49.09465722,48.2578705,48.65724598,48.495594,5087921.0,260014366.0,0.465298,1,0.33333,0
2018-05-07,sh.600009,48.80938902,49.12318404,48.48608506,49.04711252,48.65724598,4995404.0,255734003.0,0.456837,1,0.801258,0
2018-05-08,sh.600009,48.50510294,49.75077408,48.495594,49.3513986,49.04711252,5445764.0,282627105.0,0.498023,1,0.620395,0
2018-05-09,sh.600009,49.446488,50.70166808,49.2563092,50.38787306,49.3513986,6297239.0,333113201.0,0.575892,1,2.100193,0
2018-05-10,sh.600009,49.93144394,52.45131304,49.93144394,52.30867894,50.38787306,7720718.0,417487350.0,0.706071,1,3.812034,0
2018-05-11,sh.600009,52.29917,52.29917,49.6842115,50.00751546,52.30867894,7040120.0,375157358.0,0.643829,1,-4.399197,0
2018-05-14,sh.600009,50.16916744,51.1580972,50.00751546,50.3022926,50.00751546,5208137.0,276919465.0,0.476292,1,0.589468,0
2018-05-15,sh.600009,50.67314126,51.6335442,50.2547479,50.84430218,50.3022926,3083736.0,165304850.0,0.282012,1,1.077504,0
2018-05-16,sh.600009,50.5400161,51.7286336,50.4924714,51.21515084,50.84430218,3795143.0,204606116.0,0.347071,1,0.72938,0
2018-05-17,sh.600009,51.35778494,51.61452632,49.2563092,49.7793009,51.21515084,5725417.0,299624548.0,0.523598,1,-2.803569,0
2018-05-18,sh.600009,49.72224726,51.48140116,49.72224726,51.33876706,49.7793009,6225524.0,331444181.0,0.569333,1,3.132766,0
2018-05-21,sh.600009,51.348276,51.6335442,50.3022926,50.53050716,51.33876706,4322591.0,231484363.0,0.395307,1,-1.57437,0
2018-05-22,sh.600009,50.91086476,51.00595416,50.23573002,50.3498373,50.53050716,2577921.0,137071486.0,0.235755,1,-0.357544,0
2018-05-23,sh.600009,50.83479324,50.88233794,49.64617574,49.90291712,50.3498373,5673391.0,299223033.0,0.51884,1,-0.887632,0
2018-05-24,sh.600009,50.07407804,50.2072032,49.48452376,49.91242606,49.90291712,4123701.0,216224891.0,0.377118,1,0.019059,0
2018-05-25,sh.600009,50.26425684,50.31180154,48.8759516,49.90291712,49.91242606,5900256.0,307139187.0,0.539587,1,-0.019055,0
2018-05-28,sh.600009,49.45599694,50.27376578,49.1612198,49.62715786,49.90291712,4578960.0,239739881.0,0.418753,1,-0.552593,0
2018-05-29,sh.600009,49.66519362,51.6335442,49.55108634,51.21515084,49.62715786,7351267.0,392690540.0,0.672284,1,3.199851,0
2018-05-30,sh.600009,50.41639988,51.17711508,49.2563092,49.81733666,51.21515084,6248875.0,329315852.0,0.571469,1,-2.7293,0
2018-05-31,sh.600009,49.8268456,51.3958207,49.81733666,51.22465978,49.81733666,5333704.0,285546007.0,0.487775,1,2.824966,0
2018-06-01,sh.600009,51.12957038,51.9663571,48.89496948,50.1121138,51.22465978,7813694.0,414438487.0,0.714574,1,-2.171892,0
2018-06-04,sh.600009,50.2547479,52.28015212,50.09309592,52.27064318,50.1121138,5833134.0,315511531.0,0.533449,1,4.307401,0
2018-06-05,sh.600009,52.66050972,52.6795276,51.32925812,52.22309848,52.27064318,7151468.0,389941955.0,0.654012,1,-0.090964,0
2018-06-06,sh.600009,52.0614465,54.83805698,51.8712677,54.30555634,52.22309848,7534608.0,424711539.0,0.689051,1,3.987623,0
2018-06-07,sh.600009,54.44819044,54.46720832,53.13595672,54.12488648,54.30555634,4517272.0,255294971.0,0.413111,1,-0.332696,0
2018-06-08,sh.600009,53.725511,55.51319172,53.56385902,54.47671726,54.12488648,6148609.0,353539005.0,0.562299,1,0.65004,0
2018-06-11,sh.600009,54.2485027,54.95216426,52.8697064,53.12644778,54.47671726,5672156.0,318606184.0,0.518727,1,-2.478621,0
2018-06-12,sh.600009,53.22153718,56.64475558,53.14546566,56.42604996,53.12644778,9560921.0,558781492.0,0.87436,1,6.210849,0
2018-06-13,sh.600009,56.2929248,57.05364,55.80796886,57.02511318,56.42604996,7029852.0,418311178.0,0.64289,1,1.06168,0
2018-06-14,sh.600009,56.98707742,56.98707742,55.9125672,56.60671982,57.02511318,6268635.0,372304634.0,0.573276,1,-0.733704,0
2018-06-15,sh.600009,56.27390692,56.97756848,54.99020002,56.22636222,56.60671982,6567608.0,387198812.0,0.600617,1,-0.671926,0
2018-06-19,sh.600009,54.676405,55.78895098,52.66050972,55.42761126,56.22636222,17940260.0,1031269140.0,1.640663,1,-1.420599,0
2018-06-20,sh.600009,53.725511,55.0567626,52.29917,53.59238584,55.42761126,12778494.0,720254482.0,1.168612,1,-3.311032,0
2018-06-21,sh.600009,53.7730557,55.0567626,53.3451534,54.22948482,53.59238584,6752320.0,386396060.0,0.617509,1,1.188783,0
2018-06-22,sh.600009,53.9156898,54.3435921,53.250064,53.80158252,54.22948482,5610121.0,318529671.0,0.513054,1,-0.789053,0
2018-06-25,sh.600009,54.09635966,56.578193,53.87765404,55.627299,53.80158252,7552694.0,439992378.0,0.690705,1,3.393422,0
2018-06-26,sh.600009,55.151852,55.151852,53.03135838,53.71600206,55.627299,7601509.0,429218964.0,0.695169,1,-3.435894,0
2018-06-27,sh.600009,53.250064,53.85863616,51.84274088,52.59394714,53.71600206,4652729.0,259223217.0,0.425499,1,-2.088866,0
2018-06-28,sh.600009,51.5859995,53.59238584,51.36729388,52.11850014,52.59394714,5911820.0,325629390.0,0.540645,1,-0.903996,0
2018-06-29,sh.600009,52.38475046,53.51631432,52.29917,52.75559912,52.11850014,4315193.0,239671345.0,0.394631,1,1.222401,0
2018-07-02,sh.600009,52.30867894,54.02028814,51.98537498,52.60345608,52.75559912,4008300.0,223345694.0,0.366565,1,-0.288392,0
2018-07-03,sh.600009,51.93783028,52.61296502,49.1612198,50.51148928,52.60345608,10946383.0,580616607.0,1.001063,1,-3.976863,0
2018-07-04,sh.600009,51.2531866,54.3911368,50.90135582,53.8206004,50.51148928,10108008.0,566905687.0,0.924392,1,6.551204,0
2018-07-05,sh.600009,54.2960474,55.08528942,53.16448354,54.56229772,53.8206004,7853183.0,446773796.0,0.718185,1,1.378096,0
2018-07-06,sh.600009,54.56229772,54.7239497,52.13751802,53.14546566,54.56229772,4734517.0,264316877.0,0.432978,1,-2.596726,0
2018-07-09,sh.600009,54.0107792,54.37211892,53.32613552,54.23899376,53.14546566,4201977.0,238465939.0,0.384277,1,2.057616,0
2018-07-10,sh.600009,54.2485027,57.2438188,54.2485027,57.22480092,54.23899376,7931726.0,471883017.0,0.725368,1,5.504908,0
2018-07-11,sh.600009,56.89198802,57.2438188,55.2469414,57.0060953,57.22480092,6723783.0,398360928.0,0.6149,1,-0.382186,0
2018-07-12,sh.600009,56.5306483,57.92846248,56.01716554,57.1011847,57.0060953,7037048.0,421779783.0,0.643548,1,0.166803,0
2018-07-13,sh.600009,56.83493438,59.7161432,56.83493438,58.69868662,57.1011847,7073842.0,437668373.0,0.646913,1,2.797669,0
2018-07-16,sh.600009,58.955428,61.1424842,58.955428,59.45940182,58.69868662,7600465.0,478720546.0,0.695074,1,1.295965,0
2018-07-17,sh.600009,59.6210538,59.6210538,58.15667704,59.22167832,59.45940182,4851860.0,299864325.0,0.44371,1,-0.399808,0
2018-07-18,sh.600009,59.22167832,60.6670372,58.7177045,59.67810744,59.22167832,4877843.0,306295283.0,0.446086,1,0.770712,0
2018-07-19,sh.600009,59.906322,60.08699186,57.31038138,58.21373068,59.67810744,6137178.0,376566003.0,0.561254,1,-2.453788,0
2018-07-20,sh.600009,58.21373068,59.61154486,58.21373068,58.79377602,58.21373068,5763729.0,358565519.0,0.527101,1,0.996407,0
2018-07-23,sh.600009,58.955428,61.59891332,58.21373068,58.79377602,58.79377602,8678147.0,545942687.0,0.793629,1,0.0,0
2018-07-24,sh.600009,59.2406962,60.1915902,57.84288202,58.40390948,58.79377602,11806604.0,727622748.0,1.079731,1,-0.663114,0
2018-07-25,sh.600009,58.59408828,59.79221472,58.004534,59.61154486,58.40390948,8553318.0,528865771.0,0.782213,1,2.067731,0
2018-07-26,sh.600009,59.6210538,60.7145819,58.97444588,59.39283924,59.61154486,8864946.0,557218576.0,0.810712,1,-0.366884,0
2018-07-27,sh.600009,59.06002634,59.27873196,57.3389082,58.6701598,59.39283924,7568017.0,463201154.0,0.692106,1,-1.216776,0
2018-07-30,sh.600009,58.65114192,58.92690118,57.1487294,57.4339976,58.6701598,7323624.0,444098977.0,0.669756,1,-2.106968,0
2018-07-31,sh.600009,57.72877474,58.34685584,57.02511318,57.31038138,57.4339976,10095025.0,610984599.0,0.923205,1,-0.215234,0
2018-08-01,sh.600009,58.13765916,59.58301804,57.91895354,58.66065086,57.31038138,10225399.0,634233114.0,0.935128,1,2.356061,0
2018-08-02,sh.600009,58.03306082,59.23118726,57.8143552,59.03149952,58.66065086,5398660.0,332096320.0,0.493715,1,0.632198,0
2018-08-03,sh.600009,59.0505174,59.58301804,56.578193,56.74935392,59.03149952,7241499.0,437733676.0,0.662246,1,-3.865982,0
2018-08-06,sh.600009,55.2469414,55.6748437,51.27220448,52.2516253,56.74935392,15877687.0,891839885.0,1.452037,1,-7.925602,0
2018-08-07,sh.600009,51.19613296,53.36417128,50.9679184,53.25957294,52.2516253,10478185.0,577773669.0,0.958245,1,1.929022,0
2018-08-08,sh.600009,53.04086732,55.78895098,52.29917,54.75247652,53.25957294,8270397.0,474921765.0,0.75634,1,2.803077,0
2018-08-09,sh.600009,54.21046694,56.06471024,54.21046694,55.35153974,54.75247652,6167987.0,358010699.0,0.564071,1,1.094125,0
2018-08-10,sh.600009,55.35153974,56.04569236,54.95216426,55.9125672,55.35153974,3014011.0,176628874.0,0.275636,1,1.013572,0
2018-08-13,sh.600009,55.22792352,57.49105124,55.21841458,57.27234562,55.9125672,4538062.0,268584735.0,0.415012,1,2.431973,0
2018-08-14,sh.600009,57.23430986,57.65270322,54.68591394,55.22792352,57.27234562,6070475.0,355635972.0,0.555154,1,-3.569646,0
2018-08-15,sh.600009,54.7714944,56.27390692,54.22948482,55.18037882,55.22792352,4043107.0,235154170.0,0.369748,1,-0.086093,0
2018-08-16,sh.600009,54.93314638,55.39908444,53.79207358,53.80158252,55.18037882,7053809.0,405386830.0,0.645081,1,-2.498702,0
2018-08-17,sh.600009,54.1058686,55.2469414,53.31662658,53.88716298,53.80158252,5205055.0,298159837.0,0.47601,1,0.15906,0
2018-08-20,sh.600009,53.27859082,53.74452888,50.4924714,51.90930346,53.88716298,9945956.0,538309437.0,0.909572,1,-3.670369,0
2018-08-21,sh.600009,51.823723,55.8174778,51.6335442,55.6748437,51.90930346,7849599.0,449572918.0,0.717857,1,7.254074,0
2018-08-22,sh.600009,55.70337052,55.87453144,54.68591394,55.54171854,55.6748437,3455327.0,201204927.0,0.315995,1,-0.239111,0
2018-08-23,sh.600009,55.67618507,55.90668851,53.92820065,54.54287649,55.54172473,5246572.0,299027776.0,0.479807,1,-1.798376,0
2018-08-24,sh.600009,54.04345237,55.69539369,53.99543082,54.80219286,54.54287649,2804429.0,160267213.0,0.256469,1,0.475437,0
2018-08-27,sh.600009,54.21632995,55.19596957,52.4395326,55.19596957,54.80219286,11789107.0,658107525.0,1.078131,1,0.718542,0
2018-08-28,sh.600009,54.5524808,54.62931528,53.02539551,53.62086273,55.19596957,10658481.0,593884371.0,0.974734,1,-2.853662,0
2018-08-29,sh.600009,53.1118343,53.4960067,52.42992829,52.54518001,53.62086273,5088940.0,279657063.0,0.465391,1,-2.006095,0
2018-08-30,sh.600009,52.0553602,53.15985585,52.0553602,52.66043173,52.54518001,3768780.0,206869487.0,0.34466,1,0.219343,0
2018-08-31,sh.600009,52.59320156,53.02539551,51.85366969,52.70845328,52.66043173,4443327.0,242651025.0,0.406349,1,0.09119,0
2018-09-03,sh.600009,51.71920935,52.3434895,51.71920935,52.1514033,52.70845328,3426354.0,185437678.0,0.313345,1,-1.056855,0
2018-09-04,sh.600009,52.42032398,52.42032398,51.52712315,52.1514033,52.1514033,3869792.0,209329848.0,0.353898,1,0.0,0
2018-09-05,sh.600009,52.1514033,52.78528776,51.7672309,51.7672309,52.1514033,4628418.0,251415033.0,0.423276,1,-0.736644,0
2018-09-06,sh.600009,51.66158349,51.9593171,50.91244731,50.9988861,51.7672309,2631962.0,140522471.0,0.240697,1,-1.484236,0
2018-09-07,sh.600009,50.9988861,52.03615158,50.7107568,50.97007317,50.9988861,3488587.0,186286122.0,0.319036,1,-0.056495,0
2018-09-10,sh.600009,50.9988861,51.70000073,50.78759128,50.93165593,50.97007317,3417968.0,181991959.0,0.312578,1,-0.075374,0
2018-09-11,sh.600009,50.902843,52.4395326,50.902843,52.37230243,50.93165593,3600152.0,194110525.0,0.329239,1,2.828588,0
2018-09-12,sh.600009,52.2474464,52.51636708,51.4791016,51.9593171,52.37230243,2257832.0,121971101.0,0.206482,1,-0.788557,0
2018-09-13,sh.600009,52.0553602,52.6316188,50.5186706,51.31582833,51.9593171,3100959.0,165954697.0,0.283587,1,-1.238444,0
2018-09-14,sh.600009,51.33503695,52.14179899,51.0949292,51.91129555,51.31582833,3188611.0,171729515.0,0.291603,1,1.160395,0
2018-09-17,sh.600009,51.65197918,51.94010848,50.27856285,50.77798697,51.91129555,2879442.0,152653523.0,0.263329,1,-2.183164,0
2018-09-18,sh.600009,50.48025336,51.0949292,48.7898948,50.902843,50.77798697,5315459.0,276702089.0,0.486106,1,0.245888,0
2018-09-19,sh.600009,50.5186706,53.51521532,50.01924648,52.64122311,50.902843,8220103.0,448016820.0,0.75174,1,3.415097,0
2018-09-20,sh.600009,52.55478432,53.00618689,51.91129555,52.33388519,52.64122311,4230630.0,230573566.0,0.386897,1,-0.583835,0
2018-09-21,sh.600009,52.47794984,54.62931528,52.47794984,54.3603946,52.33388519,5991961.0,335836286.0,0.547974,1,3.872264,0
2018-09-25,sh.600009,53.81294893,55.10953078,53.66888428,54.38920753,54.3603946,3566698.0,201876136.0,0.32618,1,0.053008,0
2018-09-26,sh.600009,54.1683084,56.30046522,54.09147392,55.76262386,54.38920753,6688705.0,385725998.0,0.611692,1,2.525164,0
2018-09-27,sh.600009,55.82985403,56.25244367,55.4168687,55.98352299,55.76262386,5733397.0,333528857.0,0.524327,1,0.396141,0
2018-09-28,sh.600009,55.97391868,56.5693859,55.2247825,56.44452987,55.98352299,3653387.0,213636999.0,0.334108,1,0.823468,0
2018-10-08,sh.600009,53.784136,55.09992647,51.77683521,53.4960067,56.44452987,11138947.0,615035429.0,1.018673,1,-5.223753,0
2018-10-09,sh.600009,52.823705,53.24629464,51.42147574,51.70000073,53.4960067,6678760.0,362474844.0,0.610782,1,-3.357269,0
2018-10-10,sh.600009,51.863274,52.39151105,50.2305413,52.31467657,51.70000073,4922870.0,264324326.0,0.450204,1,1.188927,0
2018-10-11,sh.600009,50.4226275,51.35424557,49.12604565,50.8067999,52.31467657,7114628.0,373189580.0,0.650643,1,-2.88232,0
2018-10-12,sh.600009,50.8067999,52.7276619,50.1344982,52.44913691,50.8067999,6840684.0,368310440.0,0.62559,1,3.232512,0
2018-10-15,sh.600009,52.44913691,52.97737396,51.70960504,51.91129555,52.44913691,4125722.0,224876695.0,0.377303,1,-1.025456,0
2018-10-16,sh.600009,51.93050417,52.79489207,50.902843,51.2870154,51.91129555,3429991.0,185218124.0,0.313678,1,-1.202586,0
2018-10-17,sh.600009,51.75762659,52.35309381,50.4226275,50.59550508,51.2870154,4913944.0,262943299.0,0.449387,1,-1.348317,0
2018-10-18,sh.600009,50.60510939,51.23899385,46.70575953,48.16561465,50.59550508,8678925.0,435780741.0,0.7937,1,-4.802579,0
2018-10-19,sh.600009,47.2532052,50.76838266,47.2532052,50.69154818,48.16561465,9343108.0,484993998.0,0.854441,1,5.244261,0
2018-10-22,sh.600009,50.89323869,55.05190492,50.89323869,53.5920498,50.69154818,9157456.0,509528532.0,0.837463,1,5.721865,0
2018-10-23,sh.600009,53.13104292,54.05305668,51.3830585,52.6316188,53.5920498,5679118.0,311691956.0,0.519364,1,-1.792115,0
2018-10-24,sh.600009,52.0553602,52.62201449,49.72151287,49.8463689,52.6316188,7365862.0,387655712.0,0.673619,1,-5.291967,0
2018-10-25,sh.600009,48.02155,48.85712497,47.31083106,48.73226894,49.8463689,8498125.0,425439859.0,0.777166,1,-2.235067,0
2018-10-26,sh.600009,48.6938517,49.10683703,45.41878199,46.6769466,48.73226894,11641587.0,563745651.0,1.06464,1,-4.217586,0
2018-10-29,sh.600009,46.100688,46.21593972,42.00925194,42.00925194,46.6769466,13384991.0,598632352.0,1.224077,1,-9.999993,0
2018-10-30,sh.600009,42.258964,46.11029231,42.0668778,45.9086018,42.00925194,12928085.0,598421173.0,1.182292,1,9.282116,0
2018-10-31,sh.600009,45.91820611,48.01194569,45.77414146,47.58935605,45.9086018,8839292.0,436047838.0,0.808366,1,3.661088,0
2018-11-01,sh.600009,48.34809654,49.92320338,47.56054312,48.18482327,47.58935605,8264918.0,418817487.0,0.755839,1,1.251259,0
2018-11-02,sh.600009,49.73111718,52.0553602,49.5582396,52.0553602,48.18482327,15734374.0,836401028.0,1.438931,1,8.032695,0
2018-11-05,sh.600009,52.19942485,52.19942485,49.89439045,50.1344982,52.0553602,10113329.0,533614877.0,0.924879,1,-3.690037,0
2018-11-06,sh.600009,49.942412,50.5186706,49.80795166,50.08647665,50.1344982,3882407.0,202309656.0,0.355052,1,-0.095784,0
2018-11-07,sh.600009,50.0384551,50.07687234,48.51136981,49.1740672,50.08647665,5307501.0,273052909.0,0.485379,1,-1.82167,0
2018-11-08,sh.600009,49.8463689,49.942412,47.90629828,48.27126206,49.1740672,5267954.0,266999414.0,0.481762,1,-1.835942,0
2018-11-09,sh.600009,48.02155,48.96277238,47.2532052,47.67579484,48.27126206,5201369.0,259044656.0,0.475673,1,-1.233583,0
2018-11-12,sh.600009,47.61816898,48.02155,46.62892505,47.60856467,47.67579484,4772559.0,235688850.0,0.436457,1,-0.141015,0
2018-11-13,sh.600009,47.061119,48.26165775,46.63852936,47.93511121,47.60856467,5676300.0,280820648.0,0.519106,1,0.685899,0
2018-11-14,sh.600009,48.5017655,48.81870773,47.53173019,48.02155,47.93511121,5656285.0,282556071.0,0.517275,1,0.180325,0
2018-11-15,sh.600009,48.19442758,48.51136981,47.36845692,48.4057224,48.02155,4196490.0,210002792.0,0.383775,1,0.800003,0
2018-11-16,sh.600009,48.5017655,49.60626115,48.06957155,49.5582396,48.4057224,6544139.0,333487554.0,0.598471,1,2.380946,0
2018-11-19,sh.600009,49.53903098,49.942412,48.74187325,49.01079393,49.5582396,5216283.0,268703593.0,0.477037,1,-1.104651,0
2018-11-20,sh.600009,48.57859998,49.0780241,47.8294638,48.05996724,49.01079393,2919726.0,146517795.0,0.267013,1,-1.940031,0
2018-11-21,sh.600009,47.7334207,48.24244913,47.28201813,48.05996724,48.05996724,2024948.0,100765175.0,0.185184,1,0.0,0
2018-11-22,sh.600009,47.75262932,47.78144225,47.30122675,47.43568709,48.05996724,2485417.0,122862098.0,0.227295,1,-1.298964,0
2018-11-23,sh.600009,47.061119,47.80065087,46.99388883,47.061119,47.43568709,2911675.0,143651032.0,0.266277,1,-0.789632,0
2018-11-26,sh.600009,47.43568709,47.56054312,46.80180263,47.26280951,47.061119,2118257.0,104196077.0,0.193718,1,0.42857,0
2018-11-27,sh.600009,47.35885261,47.39726985,45.99504059,46.08147938,47.26280951,3323777.0,160722826.0,0.303964,1,-2.499491,0
2018-11-28,sh.600009,46.01424921,47.51252157,45.48601216,47.49331295,46.08147938,3318704.0,161246552.0,0.3035,1,3.063779,0
2018-11-29,sh.600009,47.57014743,48.23284482,46.02385352,46.51367333,47.49331295,3641648.0,177931490.0,0.333034,1,-2.06269,0
2018-11-30,sh.600009,46.3888173,48.57859998,46.15831386,48.1175931,46.51367333,5958986.0,296929666.0,0.544958,1,3.448272,0
2018-12-03,sh.600009,49.4621965,50.18251975,48.66503877,49.23169306,48.1175931,7848443.0,404327981.0,0.717751,1,2.315369,0
2018-12-04,sh.600009,48.981981,50.08647665,48.6938517,50.01924648,49.23169306,3622881.0,187186704.0,0.331318,1,1.599695,0
2018-12-05,sh.600009,49.45259219,49.942412,49.2701103,49.60626115,50.01924648,2214143.0,114522774.0,0.202487,1,-0.825653,0
2018-12-06,sh.600009,49.47180081,49.7503258,48.1175931,48.5017655,49.60626115,3089268.0,156915471.0,0.282518,1,-2.226528,0
2018-12-07,sh.600009,48.5017655,48.981981,47.16676641,47.95431983,48.5017655,3379198.0,168746177.0,0.309033,1,-1.128712,0
2018-12-10,sh.600009,47.33003968,48.47295257,47.33003968,47.64698191,47.95431983,2147044.0,106996031.0,0.19635,1,-0.640897,0
2018-12-11,sh.600009,47.8294638,48.33849223,47.23399658,47.81025518,47.64698191,3309567.0,165355338.0,0.302665,1,0.342669,0
2018-12-12,sh.600009,48.22324051,48.27126206,47.62777329,47.7334207,47.81025518,1680518.0,83868673.0,0.153686,1,-0.160703,0
2018-12-13,sh.600009,47.91590259,49.96162062,47.90629828,49.7503258,47.7334207,4924155.0,253332337.0,0.450321,1,4.225349,0
2018-12-14,sh.600009,49.58705253,49.88478614,48.981981,49.20288013,49.7503258,3558861.0,183218837.0,0.325463,1,-1.100386,0
2018-12-17,sh.600009,49.22208875,49.52942667,47.17637072,48.03115431,49.20288013,4506499.0,225938155.0,0.412126,1,-2.38142,0
2018-12-18,sh.600009,47.79104656,48.51136981,47.68539915,48.49216119,48.03115431,3845038.0,192887175.0,0.351634,1,0.959815,0
2018-12-19,sh.600009,48.54018274,48.55939136,47.80065087,47.87748535,48.49216119,3304787.0,165318410.0,0.302228,1,-1.267584,0
2018-12-20,sh.600009,47.64698191,48.2136362,46.9650759,48.06957155,47.87748535,3520791.0,174576116.0,0.321981,1,0.401205,0
2018-12-21,sh.600009,47.6373776,48.38651378,47.3492483,47.48370864,48.06957155,3381531.0,168506833.0,0.309246,1,-1.218782,0
2018-12-24,sh.600009,47.48370864,48.44413964,47.26280951,48.29047068,47.48370864,1971652.0,98668943.0,0.18031,1,1.699029,0
2018-12-25,sh.600009,48.24244913,48.24244913,47.61816898,48.06957155,48.29047068,1570710.0,78305604.0,0.143644,1,-0.457437,0
2018-12-26,sh.600009,48.37690947,49.2701103,48.02155,48.80910342,48.06957155,2268935.0,115351962.0,0.207497,1,1.538463,0
2018-12-27,sh.600009,49.31813185,49.61586546,48.5978086,49.49100943,48.80910342,2285199.0,116739595.0,0.208985,1,1.397086,0
2018-12-28,sh.600009,49.4621965,49.4621965,47.45489571,48.75147756,49.49100943,6679978.0,333737236.0,0.610894,1,-1.494276,0
2019-01-02,sh.600009,48.5978086,48.71306032,47.75262932,48.38651378,48.75147756,4005197.0,201301402.0,0.366281,1,-0.748616,0
2019-01-03,sh.600009,48.38651378,48.38651378,47.33003968,47.7334207,48.38651378,4248283.0,211318244.0,0.388512,1,-1.349743,0
2019-01-04,sh.600009,47.4452914,48.16561465,47.22439227,47.84867242,47.7334207,3053574.0,151566022.0,0.279254,1,0.241447,0
2019-01-07,sh.600009,47.99273707,48.39611809,47.61816898,47.81025518,47.84867242,3055199.0,152334478.0,0.279402,1,-0.080291,0
2019-01-08,sh.600009,47.81025518,48.12719741,47.64698191,47.86788104,47.81025518,1628136.0,81151641.0,0.148895,1,0.120533,0
2019-01-09,sh.600009,47.7334207,49.28931892,47.7334207,48.68424739,47.86788104,3689205.0,186862730.0,0.337383,1,1.705454,0
2019-01-10,sh.600009,48.67464308,48.67464308,47.79104656,47.8294638,48.68424739,3195980.0,160048930.0,0.292277,1,-1.755769,0
2019-01-11,sh.600009,47.81025518,47.8294638,46.17752248,47.1571621,47.8294638,7763856.0,378717090.0,0.710016,1,-1.405624,0
2019-01-14,sh.600009,47.09953624,47.09953624,45.8125587,45.98543628,47.1571621,6394310.0,307066018.0,0.584769,1,-2.48472,0
2019-01-15,sh.600009,45.88939318,46.70575953,45.51482509,46.45604747,45.98543628,8666883.0,415914159.0,0.792599,1,1.023387,0
2019-01-16,sh.600009,46.46565178,46.55209057,45.51482509,45.60126388,46.45604747,5839643.0,278806844.0,0.534044,1,-1.839982,0
2019-01-17,sh.600009,45.60126388,46.14870955,45.46680354,45.76453715,45.60126388,4430566.0,211320109.0,0.405182,1,0.35805,0
2019-01-18,sh.600009,45.83176732,48.36730516,45.41878199,48.01194569,45.76453715,10901771.0,533295780.0,0.996983,1,4.910808,0
2019-01-21,sh.600009,47.5413345,48.76108187,47.31083106,48.54978705,48.01194569,10115520.0,506543554.0,0.925079,1,1.120219,0
2019-01-22,sh.600009,48.1175931,48.35770085,46.1967311,46.5809035,48.54978705,7725419.0,377026841.0,0.706501,1,-4.055389,0
2019-01-23,sh.600009,46.2927742,46.7729897,45.5244294,45.95662335,46.5809035,5929504.0,283783792.0,0.542262,1,-1.340209,0
2019-01-24,sh.600009,45.86058025,45.86058025,44.3719122,45.45719923,45.95662335,14413601.0,674922364.0,1.318145,1,-1.086722,0
2019-01-25,sh.600009,45.2363001,46.5809035,45.0442139,46.23514834,45.45719923,7042903.0,338207320.0,0.644084,1,1.711383,0
2019-01-28,sh.600009,46.24475265,47.36845692,46.100688,46.94586728,46.23514834,6225940.0,303305583.0,0.569371,1,1.537187,0
2019-01-29,sh.600009,46.56169488,47.50291726,46.12950093,47.2532052,46.94586728,5257724.0,257476571.0,0.480826,1,0.654664,0
2019-01-30,sh.600009,46.9650759,47.41647847,45.99504059,47.16676641,47.2532052,5701378.0,278707621.0,0.521399,1,-0.182927,0
2019-01-31,sh.600009,46.8690328,47.6373776,46.82101125,47.3492483,47.16676641,5661482.0,279060740.0,0.517751,1,0.386884,0
2019-02-01,sh.600009,47.5413345,47.66619053,46.90745004,47.58935605,47.3492483,4754572.0,234561912.0,0.434812,1,0.507099,0
2019-02-11,sh.600009,47.061119,48.26165775,47.061119,48.26165775,47.58935605,7047904.0,350025797.0,0.644541,1,1.412716,0
2019-02-12,sh.600009,48.16561465,48.71306032,47.84867242,48.62662153,48.26165775,5608192.0,282402552.0,0.512877,1,0.756221,0
2019-02-13,sh.600009,48.5978086,50.95086455,48.5017655,50.6147137,48.62662153,8859319.0,462620035.0,0.810198,1,4.088484,0
2019-02-14,sh.600009,51.1909723,51.70000073,50.60510939,51.08532489,50.6147137,7313513.0,389023156.0,0.668831,1,0.929787,0
2019-02-15,sh.600009,51.11413782,51.85366969,49.71190856,49.942412,51.08532489,7783956.0,406837580.0,0.711854,1,-2.23726,0
2019-02-18,sh.600009,50.59550508,51.65197918,50.59550508,51.11413782,49.942412,8959546.0,475870990.0,0.819363,1,2.346156,0
2019-02-19,sh.600009,51.36384988,53.55363256,51.11413782,52.3434895,51.11413782,8688267.0,475229598.0,0.794555,1,2.405108,0
2019-02-20,sh.600009,52.823705,54.37960322,52.823705,54.08186961,52.3434895,7328074.0,410961118.0,0.670163,1,3.321103,0
2019-02-21,sh.600009,54.28356012,55.86827127,53.09262568,54.5524808,54.08186961,5499460.0,312982761.0,0.502934,1,0.870179,0
2019-02-22,sh.600009,54.2643515,56.65582469,54.24514288,56.63661607,54.5524808,6134169.0,355266673.0,0.560979,1,3.820426,0
2019-02-25,sh.600009,59.46028321,59.53711769,54.77337993,57.09762295,56.63661607,14994680.0,876033864.0,1.371285,1,0.813972,0
2019-02-26,sh.600009,56.4733428,56.4733428,54.63891959,54.67733683,57.09762295,11257054.0,646870184.0,1.029474,1,-4.238857,0
2019-02-27,sh.600009,54.31237305,54.90784027,53.34233774,53.66888428,54.67733683,11379429.0,639460664.0,1.040665,1,-1.844369,0
2019-02-28,sh.600009,53.80334462,54.99427906,53.80334462,54.99427906,53.66888428,7544181.0,428242170.0,0.689926,1,2.469573,0
2019-03-01,sh.600009,55.0326963,57.1456445,54.77337993,57.1456445,54.99427906,10749920.0,624337766.0,0.983096,1,3.911983,0
2019-03-04,sh.600009,57.22247898,57.62586,55.8970842,56.55978159,57.1456445,13662543.0,806079745.0,1.249459,1,-1.025211,0
2019-03-05,sh.600009,56.13719195,56.60780314,55.07111354,55.57053766,56.55978159,9942724.0,574933295.0,0.909277,1,-1.749022,0
2019-03-06,sh.600009,55.50330749,55.50330749,54.41802046,54.85021441,55.57053766,11864649.0,676158685.0,1.085039,1,-1.296232,0
2019-03-07,sh.600009,54.65812821,54.73496269,53.81294893,54.18751702,54.85021441,9084575.0,512941868.0,0.830798,1,-1.208199,0
2019-03-08,sh.600009,53.74571876,54.80219286,53.64007135,53.96661789,54.18751702,9015794.0,511126069.0,0.824507,1,-0.407656,0
2019-03-11,sh.600009,53.95701358,55.2247825,53.94740927,54.88863165,53.96661789,7335852.0,418198835.0,0.670874,1,1.708494,0
2019-03-12,sh.600009,55.5129118,55.5129118,54.2643515,54.61971097,54.88863165,9924248.0,564679671.0,0.907587,1,-0.489943,0
2019-03-13,sh.600009,53.784136,54.6485239,53.784136,54.11068254,54.61971097,5580795.0,314617748.0,0.510372,1,-0.931948,0
2019-03-14,sh.600009,53.8801791,55.33042991,53.8801791,54.99427906,54.11068254,7377384.0,421235110.0,0.674672,1,1.63294,0
2019-03-15,sh.600009,54.99427906,56.24283936,54.61010666,55.49370318,54.99427906,9872833.0,572178732.0,0.902885,1,0.908139,0
2019-03-18,sh.600009,55.57053766,56.2812566,54.87902734,56.19481781,55.49370318,7282113.0,423002457.0,0.66596,1,1.263412,0
2019-03-19,sh.600009,56.38690401,57.32812639,56.1852135,56.5693859,56.19481781,6485593.0,382828455.0,0.593117,1,0.666558,0
2019-03-20,sh.600009,56.67503331,56.67503331,55.5129118,55.73381093,56.5693859,4789685.0,278685708.0,0.438024,1,-1.477084,0
2019-03-21,sh.600009,56.1852135,56.1852135,55.5129118,55.75301955,55.73381093,4350179.0,253236734.0,0.39783,1,0.034466,0
2019-03-22,sh.600009,55.76262386,58.3942048,55.56093335,57.57783845,55.75301955,10847757.0,647126428.0,0.992043,1,3.273043,0
2019-03-25,sh.600009,56.71345055,56.71345055,54.5524808,54.79258855,57.57783845,10130177.0,584926043.0,0.926419,1,-4.837367,0
2019-03-26,sh.600009,54.82140148,55.68578938,54.2643515,54.80219286,54.79258855,5514232.0,314481900.0,0.504285,1,0.017532,0
2019-03-27,sh.600009,55.58974628,56.23323505,54.85981872,55.76262386,54.80219286,5049908.0,293317958.0,0.461821,1,1.752541,0
2019-03-28,sh.600009,55.8970842,57.55862983,55.33042991,57.26089622,55.76262386,6349406.0,375199477.0,0.580662,1,2.686871,0
2019-03-29,sh.600009,57.0496014,59.92129009,56.84791089,59.69078665,57.26089622,10858062.0,666052404.0,0.992985,1,4.243546,0
2019-04-01,sh.600009,59.546722,61.7557133,58.7783772,59.26819701,59.69078665,10764603.0,671575007.0,0.984439,1,-0.707969,0
2019-04-02,sh.600009,59.3546358,59.9308944,58.93204616,59.61395217,59.26819701,5715901.0,353322912.0,0.522727,1,0.583375,0
2019-04-03,sh.600009,59.32582287,59.99812457,58.586291,59.70999527,59.61395217,5343220.0,330085619.0,0.488645,1,0.161106,0
2019-04-04,sh.600009,62.9082305,63.73420116,59.3546358,60.09416767,59.70999527,13675263.0,874927723.0,1.250623,1,0.6434,0
2019-04-08,sh.600009,58.7783772,59.546722,57.62586,58.64391686,60.09416767,10577160.0,644144846.0,0.967297,1,-2.413295,0
2019-04-09,sh.600009,58.3942048,59.28740563,58.1060755,59.0665065,58.64391686,5580120.0,341264521.0,0.51031,1,0.7206,0
2019-04-10,sh.600009,58.59589531,61.0834116,58.59589531,60.39190128,59.0665065,8517944.0,533179292.0,0.778978,1,2.243904,0
2019-04-11,sh.600009,60.3150668,60.9873685,58.7783772,59.00888064,60.39190128,5911353.0,367408392.0,0.540602,1,-2.29008,0
2019-04-12,sh.600009,58.586291,59.4506789,58.05805395,58.36539187,59.00888064,4748072.0,289771785.0,0.434218,1,-1.090492,0
2019-04-15,sh.600009,58.9704634,60.19981508,58.64391686,58.73035565,58.36539187,6094894.0,376391527.0,0.557387,1,0.62531,0
2019-04-16,sh.600009,58.2021186,60.0269375,58.13488843,60.0269375,58.73035565,5994675.0,371574957.0,0.548222,1,2.207683,0
2019-04-17,sh.600009,60.07495905,60.8913254,59.6427651,60.507153,60.0269375,4994231.0,313839018.0,0.45673,1,0.8,0
2019-04-18,sh.600009,60.71844782,61.9477995,60.03654181,61.54441848,60.507153,5755314.0,367582279.0,0.526332,1,1.714289,0
2019-04-19,sh.600009,61.54441848,64.6370063,60.96815988,63.92628736,61.54441848,9710572.0,634745066.0,0.888046,1,3.870156,0
2019-04-22,sh.600009,64.02233046,65.64545885,63.4844891,63.8686615,63.92628736,6196029.0,416016388.0,0.566636,1,-0.090141,0
2019-04-23,sh.600009,64.10876925,67.08610535,63.388446,66.49063813,63.8686615,9435916.0,644648429.0,0.862928,1,4.105268,0
2019-04-24,sh.600009,66.22171745,66.53865968,63.5805322,65.2132649,66.49063813,10173878.0,685776562.0,0.930416,1,-1.921135,0
2019-04-25,sh.600009,64.4449201,66.4618252,64.29125114,65.74150195,65.2132649,7767866.0,531754116.0,0.710383,1,0.810008,0
2019-04-26,sh.600009,64.7330494,65.76071057,63.43646755,63.46528048,65.74150195,10129992.0,679890390.0,0.926402,1,-3.462374,0
2019-04-29,sh.600009,66.26013469,68.82448546,64.87711405,67.7103855,63.46528048,13589570.0,948697996.0,1.242786,1,6.688859,0
2019-04-30,sh.600009,67.23017,68.190601,66.75955881,67.83524153,67.7103855,6810203.0,478120021.0,0.622803,1,0.184393,0
2019-05-06,sh.600009,65.5974373,66.66351571,63.05229515,64.2528339,67.83524153,11178920.0,752744701.0,1.022328,1,-5.281036,0
2019-05-07,sh.600009,64.83869681,68.55556478,64.83869681,68.55556478,64.2528339,10603246.0,736113603.0,0.969682,1,6.696556,0
2019-05-08,sh.600009,67.23017,67.23017,65.8855666,66.24092607,68.55556478,9554609.0,661289764.0,0.873783,1,-3.376291,0
2019-05-09,sh.600009,65.2132649,66.14488297,63.1963598,64.86750974,66.24092607,9217236.0,619602186.0,0.84293,1,-2.073366,0
2019-05-10,sh.600009,65.92398384,69.97700266,64.4449201,69.7272906,64.86750974,8191888.0,573238464.0,0.74916,1,7.491853,0
2019-05-13,sh.600009,67.63355102,69.94818973,66.5578683,67.67196826,69.7272906,7856826.0,558482414.0,0.718518,1,-2.947658,0
2019-05-14,sh.600009,65.93358815,67.65275964,65.64545885,65.7895235,67.67196826,8767023.0,605604190.0,0.801757,1,-2.781719,0
2019-05-15,sh.600009,66.3657821,68.59398202,66.269739,67.76801136,65.7895235,8197422.0,575510031.0,0.749666,1,3.007296,0
2019-05-16,sh.600009,67.56632085,71.89786466,66.9420407,70.61088712,67.76801136,10632684.0,763238336.0,0.972374,1,4.19501,0
2019-05-17,sh.600009,70.111463,70.42840523,68.190601,68.44031306,70.61088712,12920206.0,928331372.0,1.181572,1,-3.073986,0
2019-05-20,sh.600009,68.00811911,68.2866441,65.79912781,66.32736486,68.44031306,12244956.0,847725077.0,1.119819,1,-3.087292,0
2019-05-21,sh.600009,66.5578683,67.75840705,66.34657348,66.77876743,66.32736486,7805889.0,545347237.0,0.71386,1,0.680569,0
2019-05-22,sh.600009,66.7499545,67.96970187,65.9816097,67.23977431,66.77876743,7008919.0,490361934.0,0.640976,1,0.690354,0
2019-05-23,sh.600009,66.75955881,67.56632085,65.89517091,66.1736959,67.23977431,5665016.0,393031284.0,0.518074,1,-1.585489,0
2019-05-24,sh.600009,65.90477522,66.8459976,65.13643042,65.33812093,66.1736959,7999140.0,546558094.0,0.731533,1,-1.262704,0
2019-05-27,sh.600009,65.28049507,66.03923556,63.92628736,65.4053511,65.33812093,8655420.0,584952871.0,0.791551,1,0.102895,0
2019-05-28,sh.600009,65.57822868,67.88326308,65.309308,67.3262131,65.4053511,9827075.0,683771967.0,0.8987,1,2.936857,0
2019-05-29,sh.600009,66.4618252,67.0380838,65.46297696,66.13527866,67.3262131,6658651.0,459032497.0,0.608943,1,-1.768899,0
2019-05-30,sh.600009,65.5974373,67.01887518,65.309308,66.80758036,66.13527866,5881330.0,405733017.0,0.537856,1,1.016551,0
2019-05-31,sh.600009,67.23017,67.30700448,66.269739,66.40419934,66.80758036,4640444.0,322628402.0,0.424375,1,-0.603793,0
2019-06-03,sh.600009,66.9420407,68.4787303,66.80758036,66.89401915,66.40419934,7485481.0,526463259.0,0.684558,1,0.737637,0
2019-06-04,sh.600009,66.99966656,67.85445015,65.92398384,67.23977431,66.89401915,5698055.0,397863198.0,0.521095,1,0.516871,0
2019-06-05,sh.600009,67.81603291,68.0945579,66.73074588,66.7499545,67.23977431,4849437.0,339422387.0,0.443488,1,-0.72847,0
2019-06-06,sh.600009,66.96124932,68.14257945,66.49063813,67.0380838,66.7499545,6103944.0,427879060.0,0.558215,1,0.431659,0
2019-06-10,sh.600009,67.4222562,71.28318882,67.21096138,70.6877216,67.0380838,9599979.0,697788201.0,0.877932,1,5.444119,0
2019-06-11,sh.600009,70.94703797,74.22210768,70.13067162,72.72383532,70.6877216,8827655.0,665677580.0,0.807302,1,2.880439,0
2019-06-12,sh.600009,72.39728878,72.94473445,71.02387245,71.19675003,72.72383532,6712386.0,500857292.0,0.613857,1,-2.099847,0
2019-06-13,sh.600009,71.06228969,71.53290088,69.77531215,71.00466383,71.19675003,5969759.0,439511649.0,0.545943,1,-0.269792,0
2019-06-14,sh.600009,71.00466383,72.40689309,70.0154199,70.26513196,71.00466383,6388653.0,472082206.0,0.584252,1,-1.041521,0
2019-06-17,sh.600009,70.52444833,72.13797241,70.52444833,71.87865604,70.26513196,5830989.0,434425487.0,0.533252,1,2.296327,0
2019-06-18,sh.600009,71.78261294,73.43455426,71.2639802,72.38768447,71.87865604,6467740.0,487781240.0,0.591484,1,0.708186,0
2019-06-19,sh.600009,73.53059736,73.953187,72.57977067,73.52099305,72.38768447,6820157.0,521007012.0,0.623713,1,1.56561,0
2019-06-20,sh.600009,73.54980598,76.94012741,73.02156893,75.6819628,73.52099305,10119559.0,795428758.0,0.925448,1,2.939255,0
2019-06-21,sh.600009,75.4898766,76.2582214,74.6254887,75.14412144,75.6819628,8091164.0,634272984.0,0.739949,1,-0.710666,0
2019-06-24,sh.600009,74.83678352,76.23901278,74.46221543,76.00850934,75.14412144,7980456.0,627160567.0,0.729824,1,1.150309,0
2019-06-25,sh.600009,75.75879728,75.76840159,74.49102836,75.38422919,76.00850934,7363168.0,576130495.0,0.673372,1,-0.821331,0
2019-06-26,sh.600009,75.2977904,76.43109898,74.75034473,76.0661352,75.38422919,6519494.0,511927378.0,0.596217,1,0.904573,0
2019-06-27,sh.600009,75.874049,78.12145754,75.34581195,78.05422737,76.0661352,7735668.0,621945931.0,0.707438,1,2.613636,0
2019-06-28,sh.600009,77.97739289,80.4841178,77.42994722,80.46490918,78.05422737,6004262.0,492357167.0,0.549098,1,3.088473,0
2019-07-01,sh.600009,80.92591606,84.49871938,80.92591606,83.0772815,80.46490918,9274414.0,800724926.0,0.848159,1,3.2466,0
2019-07-02,sh.600009,83.05807288,83.0772815,80.78185141,81.08918933,83.0772815,12634884.0,1073881386.0,1.155478,1,-2.393063,0
2019-07-03,sh.600009,80.92591606,81.2524626,79.25476612,79.58131266,81.08918933,9128927.0,762777017.0,0.834854,1,-1.859528,0
2019-07-04,sh.600009,79.31239198,79.31239198,76.0661352,76.59437225,79.58131266,23869115.0,1915115904.0,2.182865,1,-3.753319,0
2019-07-05,sh.600009,76.83448,78.8513851,76.30624295,78.1790834,76.59437225,15649497.0,1259765768.0,1.431169,1,2.068967,0
2019-07-08,sh.600009,77.53559463,77.794911,75.874049,76.63278949,78.1790834,9682885.0,771884451.0,0.885514,1,-1.977888,0
2019-07-09,sh.600009,76.46951622,77.90055841,76.37347312,77.20904809,76.63278949,8312078.0,667991039.0,0.760152,1,0.751972,0
2019-07-10,sh.600009,77.36271705,78.6592989,76.9305231,78.1790834,77.20904809,8079584.0,656613506.0,0.73889,1,1.256378,0
2019-07-11,sh.600009,78.54404718,78.70732045,76.89210586,77.00735758,78.1790834,6059491.0,490244704.0,0.554149,1,-1.498773,0
2019-07-12,sh.600009,77.25706964,78.9474282,77.25706964,78.68811183,77.00735758,7006173.0,570798617.0,0.640725,1,2.182589,0
2019-07-15,sh.600009,78.29433512,78.3711696,77.3146955,77.794911,78.68811183,6084731.0,492217445.0,0.556457,1,-1.135116,0
2019-07-16,sh.600009,77.65084635,77.96778858,75.7780059,76.4503076,77.794911,12110325.0,964140357.0,1.107507,1,-1.728397,0
2019-07-17,sh.600009,76.44070329,77.77570238,75.874049,77.34350843,76.4503076,7624981.0,612537744.0,0.697316,1,1.168342,0
2019-07-18,sh.600009,77.35311274,78.72652907,77.0265662,77.80451531,77.34350843,6012908.0,488863324.0,0.549889,1,0.596055,0
2019-07-19,sh.600009,78.55365149,79.54289542,78.0830403,78.28473081,77.80451531,5481930.0,448868304.0,0.50133,1,0.617208,0
2019-07-22,sh.600009,78.40958684,79.28357905,77.3146955,78.81296786,78.28473081,5414644.0,443941016.0,0.495177,1,0.674758,0
2019-07-23,sh.600009,78.755342,79.66775145,77.85253686,78.73613338,78.81296786,6758961.0,553271780.0,0.618117,1,-0.097483,0
2019-07-24,sh.600009,78.64009028,79.19714026,78.10224892,78.45760839,78.73613338,5388867.0,441601249.0,0.49282,1,-0.353746,0
2019-07-25,sh.600009,78.2751265,80.75303848,78.06383168,80.676204,78.45760839,7670416.0,635873300.0,0.701471,1,2.82776,0
2019-07-26,sh.600009,80.7722471,82.17447636,80.20559281,81.68465655,80.676204,6092905.0,517028417.0,0.5572,1,1.25,0
2019-07-29,sh.600009,81.68465655,82.28972808,81.06998071,81.61742638,81.68465655,4581020.0,389915329.0,0.418941,1,-0.082304,0
2019-07-30,sh.600009,81.61742638,82.09764188,80.75303848,80.92591606,81.61742638,6231284.0,528404372.0,0.5699,1,-0.8473,0
2019-07-31,sh.600009,80.52253504,80.8682902,79.09149285,79.50447818,80.92591606,7663678.0,637283116.0,0.7009,1,-1.7565,0
2019-08-01,sh.600009,79.50447818,80.15757126,78.3711696,78.76494631,79.50447818,7258366.0,598025435.0,0.6638,1,-0.9302,0
2019-08-02,sh.600009,77.5067817,79.21634888,77.14181792,78.6592989,78.76494631,5600829.0,457611878.0,0.5122,1,-0.1341,0
2019-08-05,sh.600009,78.22710495,79.02426268,76.1621783,76.21980416,78.6592989,9427897.0,759903047.0,0.8622,1,-3.1013,0
2019-08-06,sh.600009,74.12606458,76.5463507,73.33851116,75.82602745,76.21980416,12226699.0,950148583.0,1.1181,1,-0.5166,0
2019-08-07,sh.600009,76.49832915,77.4107386,75.88365331,75.88365331,75.82602745,6024561.0,479763698.0,0.551,1,0.076,0
2019-08-08,sh.600009,76.24861709,78.64009028,76.24861709,77.55480325,75.88365331,8232709.0,666594950.0,0.7529,1,2.2022,0
2019-08-09,sh.600009,78.24631357,78.36156529,76.7384369,76.97854465,77.55480325,4876329.0,392420940.0,0.4459,1,-0.743,0
2019-08-12,sh.600009,76.83448,78.15987478,76.83448,78.15027047,76.97854465,5006562.0,404969864.0,0.4579,1,1.5221,0
2019-08-13,sh.600009,77.794911,78.2751265,77.19944378,77.58361618,78.15027047,5014413.0,406004759.0,0.4586,1,-0.7251,0
2019-08-14,sh.600009,78.15027047,79.01465837,77.96778858,78.2751265,77.58361618,5925917.0,483825717.0,0.5419,1,0.8913,0
2019-08-15,sh.600009,77.01696189,79.22595319,76.40228605,78.82257217,78.2751265,5528672.0,450830915.0,0.5056,1,0.6994,0
2019-08-16,sh.600009,79.1395144,81.88634706,79.06267992,81.48296604,78.82257217,8963790.0,756296623.0,0.8198,1,3.3752,0
2019-08-19,sh.600009,82.12645481,82.85638237,80.39767901,81.50217466,81.48296604,7817848.0,661717273.0,0.715,1,0.0236,0
2019-08-20,sh.600009,82.45300135,82.597066,80.1959885,80.63778676,81.50217466,6011403.0,505595166.0,0.5498,1,-1.0606,0
2019-08-21,sh.600009,80.676204,81.64623931,79.62933421,81.636635,80.63778676,5127817.0,433179380.0,0.4689,1,1.2387,0
2019-08-22,sh.600009,81.73344468,83.90164596,80.99780496,83.00145525,81.63664998,6506932.0,555802567.0,0.5951,1,1.6718,0
2019-08-23,sh.600009,83.05953207,84.9857466,82.8562632,84.39529893,83.00145525,6439329.0,559810673.0,0.5889,1,1.6793,0
2019-08-26,sh.600009,83.32087776,84.63728568,82.94337843,84.05651748,84.39529893,5090297.0,441234912.0,0.4655,1,-0.4014,0
2019-08-27,sh.600009,84.86959296,86.0504883,84.6953625,84.6953625,84.05651748,6693275.0,589989493.0,0.6121,1,0.76,0
2019-08-28,sh.600009,84.65664462,84.65664462,81.77216256,82.86594267,84.6953625,11433012.0,976239702.0,1.0456,1,-2.16,0
2019-08-29,sh.600009,82.68203274,82.8562632,81.2107533,81.84959832,82.86594267,7771995.0,658196032.0,0.7108,1,-1.2265,0
2019-08-30,sh.600009,82.275495,82.92401949,81.04620231,81.35594535,81.84959832,9944176.0,840499756.0,0.9094,1,-0.6031,0
2019-09-02,sh.600009,81.6947268,82.58523804,81.307548,82.52716122,81.35594535,7407406.0,627986406.0,0.6774,1,1.4396,0
2019-09-03,sh.600009,82.1787003,82.57555857,80.67838245,81.28818906,82.52716122,10629046.0,892154207.0,0.972,1,-1.5013,0
2019-09-04,sh.600009,81.16235595,81.43338111,80.339601,81.25915065,81.28818906,7877237.0,656909490.0,0.7204,1,-0.0357,0
2019-09-05,sh.600009,82.1787003,83.45639034,81.51081687,81.6947268,81.25915065,12864868.0,1097962289.0,1.1765,1,0.536,0
2019-09-06,sh.600009,82.15934136,83.243442,81.7915215,83.243442,81.6947268,8206190.0,700640805.0,0.7505,1,1.8957,0
2019-09-09,sh.600009,83.7274155,84.02747907,81.90767514,82.29485394,83.243442,10361322.0,881078968.0,0.9476,1,-1.1395,0
2019-09-10,sh.600009,82.03350825,82.03350825,81.32690694,81.6947268,82.29485394,4939749.0,416614548.0,0.4517,1,-0.7292,0
2019-09-11,sh.600009,81.80120097,81.8883162,79.371654,79.5652434,81.6947268,14463664.0,1197273102.0,1.3227,1,-2.6066,0
2019-09-12,sh.600009,79.371654,80.71710033,79.371654,80.49447252,79.5652434,6190964.0,512754953.0,0.5662,1,1.1679,0
2019-09-16,sh.600009,80.93004867,80.93004867,79.88466591,80.1460116,80.49447252,6030810.0,500375376.0,0.5515,1,-0.4329,0
2019-09-17,sh.600009,80.0492169,80.60094669,78.6940911,79.41037188,80.1460116,8108821.0,667572425.0,0.7416,1,-0.9179,0
2019-09-18,sh.600009,79.4684487,80.59126722,79.4684487,80.11697319,79.41037188,11067590.0,916170611.0,1.0121,1,0.8898,0
2019-09-19,sh.600009,80.64934404,80.74613874,78.93607785,79.29421824,80.11697319,10220900.0,839156094.0,0.9347,1,-1.0269,0
2019-09-20,sh.600009,79.5652434,80.48479305,78.65537322,78.65537322,79.29421824,15484039.0,1270635570.0,1.416,1,-0.8057,0
2019-09-23,sh.600009,78.8876805,78.95543679,76.73883816,78.06492555,78.65537322,10531579.0,843600800.0,0.9631,1,-0.7507,0
2019-09-24,sh.600009,78.1133229,78.1133229,77.12601696,77.32928583,78.06492555,10308257.0,824975097.0,0.9427,1,-0.9423,0
2019-09-25,sh.600009,77.43576,79.20710301,77.02922226,78.09396396,77.32928583,13296502.0,1076506484.0,1.216,1,0.9889,0
2019-09-26,sh.600009,78.7908858,79.06191096,77.60999046,77.77454145,78.09396396,6750831.0,547535609.0,0.6174,1,-0.409,0
2019-09-27,sh.600009,77.77454145,78.2101176,76.44845406,77.36800371,77.77454145,6066350.0,483137624.0,0.5548,1,-0.5227,0
2019-09-30,sh.600009,77.43576,78.35530965,76.5646077,77.22281166,77.36800371,6031062.0,483149300.0,0.5515,1,-0.1877,0
2019-10-08,sh.600009,77.05826067,77.05826067,74.70614946,75.28691766,77.22281166,16597479.0,1293747963.0,1.5179,1,-2.5069,0
2019-10-09,sh.600009,75.49018653,76.22582625,74.54159847,75.62569911,75.28691766,12335218.0,961646887.0,1.1281,1,0.45,0
2019-10-10,sh.600009,76.35165936,78.2101176,75.95480109,77.90037456,75.62569911,13352124.0,1068827865.0,1.2211,1,3.0078,0
2019-10-11,sh.600009,77.95845138,78.64569375,77.55191364,77.68742622,77.90037456,8756337.0,705184450.0,0.8008,1,-0.2734,0
2019-10-14,sh.600009,78.39402753,78.78120633,76.42909512,76.69044081,77.68742622,15311266.0,1217286595.0,1.4002,1,-1.2833,0
2019-10-15,sh.600009,76.3710183,76.5646077,74.4351243,75.77089116,76.69044081,11393959.0,889160816.0,1.042,1,-1.199,0
2019-10-16,sh.600009,75.499866,76.2742236,75.22884084,75.74185275,75.77089116,8935877.0,699566948.0,0.8172,1,-0.0383,0
2019-10-17,sh.600009,76.2742236,78.25851495,75.7902501,77.85197721,75.74185275,16598506.0,1326707412.0,1.518,1,2.7859,0
2019-10-18,sh.600009,77.63902887,78.35530965,76.49685141,76.76787657,77.85197721,14213316.0,1134613910.0,1.2998,1,-1.3925,0
2019-10-21,sh.600009,76.467813,76.6614024,74.6287137,75.15140508,76.76787657,11888248.0,924424104.0,1.0872,1,-2.1057,0
2019-10-22,sh.600009,75.46114812,75.48050706,74.3383296,74.66743158,75.15140508,7985152.0,616120558.0,0.7303,1,-0.644,0
2019-10-23,sh.600009,74.66743158,75.03525144,73.99954815,74.531919,74.66743158,8463230.0,651385594.0,0.774,1,-0.1815,0
2019-10-24,sh.600009,74.51256006,74.57063688,72.3056409,72.50890977,74.531919,14480277.0,1091374434.0,1.3242,1,-2.7143,0
2019-10-25,sh.600009,72.79929387,73.48653624,71.60871906,73.25422896,72.50890977,11436651.0,862986431.0,1.0459,1,1.0279,0
2019-10-28,sh.600009,73.2735879,73.90275345,72.42179454,73.03160115,73.25422896,9922067.0,749230031.0,0.9074,1,-0.3039,0
2019-10-29,sh.600009,73.03160115,73.0799985,70.1761575,71.07634821,73.03160115,17537543.0,1287513885.0,1.6038,1,-2.6773,0
2019-10-30,sh.600009,72.27660249,75.47082759,72.06365415,75.19012296,71.07634821,22910620.0,1757532028.0,2.0952,1,5.7878,0
2019-10-31,sh.600009,74.7255084,75.00621303,73.45749783,73.80595875,75.19012296,9901981.0,757900074.0,0.9056,1,-1.8409,0
2019-11-01,sh.600009,73.79627928,74.42544483,72.46051242,73.81563822,73.80595875,12732670.0,964342907.0,1.1644,1,0.0131,0
2019-11-04,sh.600009,74.1447402,75.97416003,72.8864091,75.19980243,73.81563822,14131253.0,1093437118.0,1.2923,1,1.8752,0
2019-11-05,sh.600009,75.67409646,76.6614024,75.2094819,76.25486466,75.19980243,10961637.0,861455425.0,1.0025,1,1.403,0
2019-11-06,sh.600009,76.72915869,76.79691498,75.50954547,76.03223685,76.25486466,5912664.0,464440143.0,0.5407,1,-0.2919,0
2019-11-07,sh.600009,75.94512162,76.19678784,75.42243024,75.68377593,76.03223685,6187679.0,484189180.0,0.5659,1,-0.4583,0
2019-11-08,sh.600009,76.13871102,76.3710183,75.1126872,75.37403289,75.68377593,6663159.0,521315348.0,0.6094,1,-0.4093,0
2019-11-11,sh.600009,75.18044349,75.89672427,74.69646999,75.3062766,75.37403289,6530242.0,509266156.0,0.5972,1,-0.0899,0
2019-11-12,sh.600009,75.46114812,75.84832692,73.44781836,74.97717462,75.3062766,7036424.0,542972046.0,0.6435,1,-0.437,0
2019-11-13,sh.600009,75.07396932,75.1126872,73.57365147,73.98018921,74.97717462,7411305.0,566196149.0,0.6778,1,-1.3297,0
2019-11-14,sh.600009,74.30929119,74.52223953,72.95416539,73.49621571,73.98018921,6571183.0,498637881.0,0.6009,1,-0.6542,0
2019-11-15,sh.600009,73.49621571,74.11570179,72.64442235,72.9832038,73.49621571,5000503.0,378542564.0,0.4573,1,-0.698,0
2019-11-18,sh.600009,73.1767932,73.9511508,72.41211507,73.563972,72.9832038,5269151.0,398573206.0,0.4819,1,0.7958,0
2019-11-19,sh.600009,73.4671773,73.93179186,73.14775479,73.6607667,73.563972,6130840.0,466017594.0,0.5607,1,0.1316,0
2019-11-20,sh.600009,73.6607667,74.67711105,73.6607667,73.92211239,73.6607667,5681595.0,435237244.0,0.5196,1,0.3548,0
2019-11-21,sh.600009,73.79627928,74.42544483,72.96384486,73.563972,73.92211239,4446846.0,337670817.0,0.4067,1,-0.4845,0
2019-11-22,sh.600009,73.71884352,73.8543561,71.628078,72.37339719,73.563972,7784250.0,583095567.0,0.7119,1,-1.6184,0
2019-11-25,sh.600009,71.9184621,73.03160115,71.15378397,72.62506341,72.37339719,6160625.0,459733123.0,0.5634,1,0.3477,0
2019-11-26,sh.600009,73.21551108,74.1447402,72.61538394,73.8543561,72.62506341,8592457.0,652791975.0,0.7858,1,1.6927,0
2019-11-27,sh.600009,73.86403557,74.38672695,73.30262631,73.50589518,73.8543561,6007990.0,458780658.0,0.5494,1,-0.4718,0
2019-11-28,sh.600009,73.51557465,75.00621303,73.51557465,73.93179186,73.50589518,5296060.0,405972004.0,0.4843,1,0.5794,0
2019-11-29,sh.600009,73.94147133,74.40608589,71.70551376,72.72185811,73.93179186,7430130.0,556833829.0,0.6795,1,-1.6366,0
2019-12-02,sh.600009,72.22820514,73.74788193,72.22820514,73.4671773,72.72185811,6402412.0,484812607.0,0.5855,1,1.0249,0
2019-12-03,sh.600009,73.4671773,73.4671773,72.4992303,73.04128062,73.4671773,4260563.0,320680011.0,0.3896,1,-0.5797,0
2019-12-04,sh.600009,72.4992303,72.9832038,72.06365415,72.76057599,73.04128062,4040122.0,302908403.0,0.3695,1,-0.3843,0
2019-12-05,sh.600009,73.22519055,74.75454681,72.61538394,74.19313755,72.76057599,8509004.0,651421085.0,0.7782,1,1.9689,0
2019-12-06,sh.600009,74.52223953,75.90640374,74.19313755,75.25787925,74.19313755,9737629.0,756840981.0,0.8905,1,1.4351,0
2019-12-09,sh.600009,75.32563554,75.79992957,74.83198257,74.97717462,75.25787925,5865894.0,455902171.0,0.5364,1,-0.373,0
2019-12-10,sh.600009,74.77390575,76.467813,74.531919,76.1774289,74.97717462,7307793.0,572911455.0,0.6683,1,1.6008,0
2019-12-11,sh.600009,76.03223685,76.43877459,75.16108455,75.91608321,76.1774289,5278190.0,412923693.0,0.4827,1,-0.3431,0
2019-12-12,sh.600009,75.91608321,76.1774289,75.22884084,75.71281434,75.91608321,6166667.0,481557785.0,0.564,1,-0.2678,0
2019-12-13,sh.600009,76.3710183,77.9197335,76.3710183,76.49685141,75.71281434,14138580.0,1131253044.0,1.293,1,1.0355,0
2019-12-16,sh.600009,77.38736265,78.2101176,75.38371236,76.07095473,76.49685141,10539917.0,830368866.0,0.9639,1,-0.5568,0
2019-12-17,sh.600009,76.467813,76.83563286,75.62569911,76.2742236,76.07095473,6101225.0,481584351.0,0.558,1,0.2672,0
2019-12-18,sh.600009,76.2742236,76.71947922,75.2094819,75.91608321,76.2742236,6923900.0,543213967.0,0.6332,1,-0.4695,0
2019-12-19,sh.600009,75.9838395,76.07095473,75.16108455,75.7902501,75.91608321,5645806.0,440760620.0,0.5163,1,-0.1657,0
2019-12-20,sh.600009,75.7902501,76.96146597,75.5966607,76.57428717,75.7902501,6146465.0,485939574.0,0.5621,1,1.0345,0
2019-12-23,sh.600009,76.467813,77.27120901,75.44178918,75.83864745,76.57428717,5908573.0,465085424.0,0.5403,1,-0.9607,0
2019-12-24,sh.600009,75.61601964,75.6934554,74.58031635,75.3062766,75.83864745,4061682.0,315526689.0,0.3714,1,-0.702,0
2019-12-25,sh.600009,75.19012296,75.93544215,74.92877727,75.08364879,75.3062766,3134137.0,243500213.0,0.2866,1,-0.2956,0
2019-12-26,sh.600009,75.06428985,75.58698123,74.98685409,75.34499448,75.08364879,3369318.0,261816670.0,0.3081,1,0.3481,0
2019-12-27,sh.600009,75.10300773,75.74185275,74.6287137,74.78358522,75.34499448,6308907.0,489799740.0,0.577,1,-0.7451,0
2019-12-30,sh.600009,74.8223031,75.57730176,73.58333094,75.36435342,74.78358522,7569111.0,585609496.0,0.6922,1,0.7766,0
2019-12-31,sh.600009,75.37403289,76.38069777,74.8223031,76.22582625,75.36435342,7109428.0,555060494.0,0.6502,1,1.1431,0
2020-01-02,sh.600009,76.25486466,76.38069777,74.6287137,74.88037992,76.22582625,15826563.0,1228130505.0,1.4474,1,-1.7651,0
2020-01-03,sh.600009,75.0158925,75.16108455,74.47384218,74.8223031,74.88037992,9171607.0,708178947.0,0.8388,1,-0.0776,0
2020-01-06,sh.600009,74.4351243,74.4351243,72.63474288,73.1767932,74.8223031,17458847.0,1324704554.0,1.5966,1,-2.1992,0
2020-01-07,sh.600009,72.9832038,72.9832038,72.42179454,72.83801175,73.1767932,14346062.0,1076915307.0,1.312,1,-0.463,0
2020-01-08,sh.600009,72.596025,73.16711373,72.23788461,72.65410182,72.83801175,9265957.0,696447829.0,0.8474,1,-0.2525,0
2020-01-09,sh.600009,73.16711373,73.62204882,72.95416539,73.13807532,72.65410182,11018143.0,834219381.0,1.0076,1,0.6661,0
2020-01-10,sh.600009,73.13807532,73.55429253,72.4024356,73.48653624,73.13807532,13348653.0,1007257811.0,1.2208,1,0.4764,0
2020-01-13,sh.600009,73.55429253,73.90275345,73.21551108,73.51557465,73.48653624,8823577.0,670713090.0,0.8069,1,0.0395,0
2020-01-14,sh.600009,73.57365147,73.83499716,72.07333362,72.17012832,73.51557465,16735537.0,1256263809.0,1.5305,1,-1.8302,0
2020-01-15,sh.600009,72.17980779,72.17980779,70.87307934,71.1441045,72.17012832,17518575.0,1287890128.0,1.6021,1,-1.4217,0
2020-01-16,sh.600009,71.31833496,71.61839853,70.92147669,71.13442503,71.1441045,7626603.0,560767600.0,0.6975,1,-0.0136,0
2020-01-17,sh.600009,71.42480913,71.60871906,70.67948994,70.91179722,71.13442503,11084105.0,814378280.0,1.0137,1,-0.313,0
2020-01-20,sh.600009,70.54397736,70.8537204,68.96622375,69.64378665,70.91179722,25788948.0,1851491331.0,2.3584,1,-1.7882,0
2020-01-21,sh.600009,68.74359594,68.8210317,67.45622643,68.1434688,69.64378665,24596558.0,1724334438.0,2.2494,1,-2.1543,0
2020-01-22,sh.600009,67.48526484,69.3050052,67.4659059,68.68551912,68.1434688,18829010.0,1335024629.0,1.7219,1,0.7955,0
2020-01-23,sh.600009,67.84340523,68.07571251,66.29469003,66.76898406,68.68551912,21706716.0,1507332182.0,1.9851,1,-2.7903,0
2020-02-03,sh.600009,60.09014976,63.38116956,60.09014976,61.7550186,66.76898406,52089920.0,3296092439.0,4.7637,1,-7.5094,0
2020-02-04,sh.600009,62.916555,67.06904763,62.58745302,66.0139854,61.7550186,35959636.0,2436330593.0,3.2886,1,6.8965,0
2020-02-05,sh.600009,66.5947536,68.88878799,66.19789533,68.0466741,66.0139854,23530427.0,1652088080.0,2.1519,1,3.0792,0
2020-02-06,sh.600009,68.84039064,69.4017999,68.1434688,69.32436414,68.0466741,18249595.0,1303423333.0,1.669,1,1.8777,0
2020-02-07,sh.600009,68.86942905,69.68250453,68.41449396,69.41147937,69.32436414,12011475.0,858830068.0,1.0985,1,0.1257,0
2020-02-10,sh.600009,68.724237,68.9178264,66.9819324,68.45321184,69.41147937,12864649.0,905903023.0,1.1765,1,-1.3806,0
2020-02-11,sh.600009,68.63712177,70.10840121,68.57904495,69.90513234,68.45321184,10087009.0,726322098.0,0.9225,1,2.121,0
2020-02-12,sh.600009,69.692184,71.13442503,69.36308202,70.06000386,69.90513234,13136053.0,956390264.0,1.2013,1,0.2215,0
2020-02-13,sh.600009,70.3697469,71.48288595,69.42115884,70.0793628,70.06000386,13672477.0,995638185.0,1.2504,1,0.0276,0
2020-02-14,sh.600009,69.76961976,70.06000386,69.21788997,69.692184,70.0793628,9171531.0,659783634.0,0.8387,1,-0.5525,0
2020-02-17,sh.600009,69.81801711,69.84705552,68.28866085,69.27596679,69.692184,16749675.0,1191217261.0,1.5318,1,-0.5972,0
2020-02-18,sh.600009,69.1114158,69.80833764,68.38545555,68.70487806,69.27596679,12917264.0,920830033.0,1.1813,1,-0.8244,0
2020-02-19,sh.600009,68.86942905,70.15679856,68.32737873,69.76961976,68.70487806,11535983.0,826793767.0,1.055,1,1.5497,0
2020-02-20,sh.600009,69.74058135,71.84102634,69.692184,71.4344886,69.76961976,16607589.0,1223427761.0,1.5188,1,2.3862,0
2020-02-21,sh.600009,71.56032171,71.59903959,69.9825681,70.36006743,71.4344886,12857516.0,934705895.0,1.1758,1,-1.5041,0
2020-02-24,sh.600009,68.724237,68.89846746,66.6915483,67.64013636,70.36006743,29665796.0,2070331834.0,2.713,1,-3.8657,0
2020-02-25,sh.600009,65.98494699,66.79802247,65.69456289,66.4011642,67.64013636,20522946.0,1403967409.0,1.8769,1,-1.8317,0
2020-02-26,sh.600009,65.70424236,66.13013904,64.852449,65.40417879,66.4011642,17074640.0,1155465371.0,1.5615,1,-1.5015,0
2020-02-27,sh.600009,65.820396,66.67218936,65.12347416,65.4332172,65.40417879,18512247.0,1257169311.0,1.693,1,0.0444,0
2020-02-28,sh.600009,62.25835104,65.42353773,62.25835104,63.60379737,65.4332172,22404789.0,1486295472.0,2.049,1,-2.7959,0
2020-03-02,sh.600009,63.7877073,67.37879067,63.7877073,66.5947536,63.60379737,19604031.0,1339408198.0,1.7928,1,4.7025,0
2020-03-03,sh.600009,67.33039332,68.27898138,66.13981851,66.4979589,66.5947536,14593860.0,1011293804.0,1.3346,1,-0.1454,0
2020-03-04,sh.600009,66.788343,69.83737605,66.26565162,69.39212043,66.4979589,22193207.0,1569414669.0,2.0296,1,4.3523,0
2020-03-05,sh.600009,68.74359594,71.31833496,68.70487806,70.660131,69.39212043,18880228.0,1372971395.0,1.7266,1,1.8273,0
2020-03-06,sh.600009,69.692184,70.78596411,69.4985946,69.4985946,70.660131,12087998.0,876761606.0,1.1055,1,-1.6438,0
2020-03-09,sh.600009,67.90148205,69.4017999,66.5947536,68.15314827,69.4985946,17106702.0,1199444776.0,1.5644,1,-1.9359,0
2020-03-10,sh.600009,67.98859728,69.41147937,67.23359862,68.724237,68.15314827,10674880.0,756335347.0,0.9762,1,0.8379,0
2020-03-11,sh.600009,69.1114158,69.22756944,67.76596947,67.84340523,68.724237,7233053.0,510591446.0,0.6615,1,-1.2817,0
2020-03-12,sh.600009,67.0787271,68.03699463,65.99462646,67.40782908,67.84340523,12350377.0,853825573.0,1.1295,1,-0.642,0
2020-03-13,sh.600009,64.5620649,67.05936816,64.52334702,66.71090724,67.40782908,17662768.0,1196139014.0,1.6153,1,-1.0339,0
2020-03-16,sh.600009,66.1107801,66.64315095,63.70059207,64.0780914,66.71090724,19320296.0,1292591102.0,1.7669,1,-3.9466,0
2020-03-17,sh.600009,62.92623447,64.3684755,61.3678398,61.948608,64.0780914,20461117.0,1318896368.0,1.8712,1,-3.3233,0
2020-03-18,sh.600009,61.948608,63.87482253,61.09681464,61.2710451,61.948608,16450324.0,1062295294.0,1.5044,1,-1.0938,0
2020-03-19,sh.600009,60.7870716,61.5614292,57.7864359,59.044767,61.2710451,21300121.0,1304115202.0,1.9479,1,-3.6335,0
2020-03-20,sh.600009,59.89656036,60.83546895,58.5607935,60.83546895,59.044767,17826749.0,1101551284.0,1.6303,1,3.0328,0
2020-03-23,sh.600009,59.03508753,59.03508753,56.140926,57.40893657,60.83546895,24056874.0,1421873665.0,2.2,1,-5.6325,0
2020-03-24,sh.600009,58.8511776,60.83546895,58.08649947,60.17726499,57.40893657,15565838.0,962218351.0,1.4235,1,4.8221,0
2020-03-25,sh.600009,61.90989012,62.92623447,61.54207026,62.64552984,60.17726499,12562465.0,806248348.0,1.1489,1,4.1017,0
2020-03-26,sh.600009,61.948608,63.08110599,61.5614292,61.948608,62.64552984,10581086.0,680923153.0,0.9677,1,-1.1125,0
2020-03-27,sh.600009,61.91956959,62.42290203,59.53841997,60.09982923,61.948608,18874210.0,1186725389.0,1.7261,1,-2.9844,0
2020-03-30,sh.600009,58.51239615,58.7543829,57.11855247,57.77675643,60.09982923,14918804.0,893180680.0,1.3643,1,-3.8654,0
2020-03-31,sh.600009,58.8511776,59.5287405,58.07682,58.86085707,57.77675643,10491878.0,637600867.0,0.9595,1,1.8764,0
2020-04-01,sh.600009,59.38354845,61.42591662,58.86085707,59.68361202,58.86085707,12472351.0,777379241.0,1.1406,1,1.3978,0
2020-04-02,sh.600009,59.8191246,60.91290471,59.044767,60.53540538,59.68361202,9852021.0,614076099.0,0.901,1,1.4272,0
2020-04-03,sh.600009,60.5934822,61.90989012,60.5934822,61.3678398,60.53540538,9248045.0,587522321.0,0.8457,1,1.3751,0
2020-04-07,sh.600009,61.88085171,62.73264507,60.99034047,61.18392987,61.3678398,12991773.0,827453553.0,1.1881,1,-0.2997,0
2020-04-08,sh.600009,60.93226365,62.41322256,60.70963584,61.89053118,61.18392987,8662811.0,552296430.0,0.7922,1,1.1549,0
2020-04-09,sh.600009,62.13251793,63.9812967,62.13251793,63.48764373,61.89053118,10410973.0,681013157.0,0.9521,1,2.5805,0
2020-04-10,sh.600009,63.41988744,64.7556543,62.63585037,63.47796426,63.48764373,8064321.0,532501146.0,0.7375,1,-0.0152,0
2020-04-13,sh.600009,62.86815765,63.4005285,62.02604376,62.8197603,63.47796426,5592109.0,361352626.0,0.5114,1,-1.0369,0
2020-04-14,sh.600009,63.22629804,64.03937352,62.63585037,63.9812967,62.8197603,7446376.0,489407186.0,0.681,1,1.849,0
2020-04-15,sh.600009,64.11680928,64.25232186,62.70360666,63.44892585,63.9812967,10736440.0,702134009.0,0.9819,1,-0.8321,0
2020-04-16,sh.600009,63.04238811,63.29405433,62.5293762,63.12950334,63.44892585,6463159.0,420285245.0,0.5911,1,-0.5034,0
2020-04-17,sh.600009,64.35879603,65.93654964,64.11680928,65.54937084,63.12950334,18800071.0,1269887642.0,1.7193,1,3.8332,0
2020-04-20,sh.600009,65.55905031,65.84943441,64.9492437,65.78167812,65.54937084,8621422.0,583343777.0,0.7884,1,0.3544,0
2020-04-21,sh.600009,65.38481985,65.60744766,63.60379737,64.5620649,65.78167812,8065887.0,536199818.0,0.7376,1,-1.854,0
2020-04-22,sh.600009,64.15552716,65.12347416,62.916555,65.12347416,64.5620649,8420444.0,557932766.0,0.7701,1,0.8696,0
2020-04-23,sh.600009,65.0460384,69.4985946,65.0460384,68.70487806,65.12347416,19745468.0,1386188418.0,1.8058,1,5.4994,0
2020-04-24,sh.600009,68.70487806,68.97590322,67.75629,68.2402635,68.70487806,8275250.0,584046342.0,0.7568,1,-0.6763,0
2020-04-27,sh.600009,68.724237,68.90814693,65.93654964,66.19789533,68.2402635,13100540.0,905657485.0,1.1981,1,-2.9929,0
2020-04-28,sh.600009,66.3043695,68.2402635,66.05270328,68.2402635,66.19789533,11621817.0,807876899.0,1.0628,1,3.0852,0
2020-04-29,sh.600009,67.75629,68.3370582,66.47859996,66.65283042,68.2402635,7856628.0,547661442.0,0.7185,1,-2.3262,0
2020-04-30,sh.600009,67.80468735,69.63410718,67.80468735,68.4338529,66.65283042,12835031.0,912149108.0,1.1738,1,2.6721,0
2020-05-06,sh.600009,67.49494431,68.32737873,65.73328077,67.95955887,68.4338529,18472231.0,1276567866.0,1.6893,1,-0.6931,0
2020-05-07,sh.600009,67.64013636,67.74661053,65.89783176,66.2075748,67.95955887,12350437.0,847947078.0,1.1295,1,-2.578,0
2020-05-08,sh.600009,66.4011642,67.06904763,65.95590858,66.788343,66.2075748,10131209.0,698243497.0,0.9265,1,0.8772,0
2020-05-11,sh.600009,66.6915483,67.38847014,66.02366487,66.4011642,66.788343,9909434.0,682068827.0,0.9062,1,-0.5797,0
2020-05-12,sh.600009,66.35276685,66.86577876,65.57840925,65.7236013,66.4011642,7803767.0,532300908.0,0.7137,1,-1.0204,0
2020-05-13,sh.600009,65.7236013,66.73994565,65.22026886,66.70122777,65.7236013,7234035.0,493027082.0,0.6616,1,1.4875,0
2020-05-14,sh.600009,66.02366487,66.67218936,64.87180794,64.93956423,66.70122777,8603838.0,581943585.0,0.7868,1,-2.6411,0
2020-05-15,sh.600009,64.93956423,64.9492437,63.38116956,63.4973232,64.93956423,13219127.0,874747665.0,1.2089,1,-2.2209,0
2020-05-18,sh.600009,63.48764373,65.35578144,63.26501592,65.07507681,63.4973232,9124388.0,608328092.0,0.8344,1,2.4848,0
2020-05-19,sh.600009,65.9171907,67.94019993,65.9171907,66.96257346,65.07507681,12680267.0,880124590.0,1.1596,1,2.9005,0
2020-05-20,sh.600009,66.79802247,67.66917477,65.4332172,65.5300119,66.96257346,8978629.0,616452817.0,0.8211,1,-2.1394,0
2020-05-21,sh.600009,66.08174169,66.53667678,64.71693642,65.22026886,65.5300119,7236527.0,490305441.0,0.6618,1,-0.4727,0
2020-05-22,sh.600009,65.21058939,65.21058939,62.92623447,63.4005285,65.22026886,11243575.0,739844439.0,1.0282,1,-2.7901,0
2020-05-25,sh.600009,63.4005285,64.3684755,62.66488878,64.32007815,63.4005285,6216576.0,409593776.0,0.5685,1,1.4504,0
2020-05-26,sh.600009,64.4652702,66.80770194,64.35879603,66.74962512,64.32007815,9930072.0,677858962.0,0.9081,1,3.7773,0
2020-05-27,sh.600009,67.2723165,67.64013636,66.03334434,66.18821586,66.74962512,6953078.0,480498089.0,0.6359,1,-0.8411,0
2020-05-28,sh.600009,66.61411254,67.5627006,65.54937084,66.3043695,66.18821586,7354554.0,506165727.0,0.6726,1,0.1755,0
2020-05-29,sh.600009,66.57539466,70.0793628,66.26565162,70.06968333,66.3043695,18828280.0,1343373407.0,1.7219,1,5.6788,0
2020-06-01,sh.600009,69.97288863,73.43813889,69.97288863,72.15076938,70.06968333,19696647.0,1463460920.0,1.8013,1,2.97,0
2020-06-02,sh.600009,72.06365415,72.596025,70.37942637,71.7248727,72.15076938,11698082.0,862628599.0,1.0698,1,-0.5903,0
2020-06-03,sh.600009,71.61839853,72.14108991,70.660131,71.26993761,71.7248727,7892926.0,581747423.0,0.7218,1,-0.6343,0
2020-06-04,sh.600009,70.8537204,71.01827139,69.0146211,69.81801711,71.26993761,13560475.0,977633066.0,1.2401,1,-2.0372,0
2020-06-05,sh.600009,70.11808068,72.6928197,69.92449128,71.89910316,69.81801711,14415527.0,1067565402.0,1.3183,1,2.9807,0
2020-06-08,sh.600009,73.23487002,73.44781836,71.10538662,71.9184621,71.89910316,13499347.0,1006246346.0,1.2345,1,0.0269,0
2020-06-09,sh.600009,72.17012832,74.0479455,72.1120515,73.49621571,71.9184621,12848432.0,973510577.0,1.175,1,2.1938,0
2020-06-10,sh.600009,73.58333094,74.74486734,72.92512698,73.28326737,73.49621571,10567462.0,804671835.0,0.9664,1,-0.2897,0
2020-06-11,sh.600009,73.19615214,73.563972,72.17012832,73.44781836,73.28326737,9563614.0,719696281.0,0.8746,1,0.2245,0
2020-06-12,sh.600009,71.83134687,72.596025,70.32134955,72.596025,73.44781836,14934791.0,1106074607.0,1.3658,1,-1.1597,0
2020-06-15,sh.600009,70.96019457,71.23121973,68.75327541,68.92750587,72.596025,22995808.0,1651099887.0,2.103,1,-5.0533,0
2020-06-16,sh.600009,69.51795354,70.23423432,69.41147937,69.86641446,68.92750587,8622303.0,621884598.0,0.7885,1,1.3622,0
2020-06-17,sh.600009,69.21788997,69.25660785,67.75629,68.5306476,69.86641446,14047761.0,992192060.0,1.2847,1,-1.9119,0
2020-06-18,sh.600009,68.50160919,69.14045421,67.91116152,68.21122509,68.5306476,9730422.0,688301673.0,0.8899,1,-0.4661,0
2020-06-19,sh.600009,68.3370582,69.56635089,68.3370582,69.22756944,68.21122509,10478755.0,747089884.0,0.9583,1,1.49,0
2020-06-22,sh.600009,68.9178264,69.22756944,68.01763569,68.75327541,69.22756944,10238659.0,725137978.0,0.9363,1,-0.6851,0
2020-06-23,sh.600009,68.46289131,68.9178264,68.09507145,68.49192972,68.75327541,10995373.0,776386620.0,1.0055,1,-0.3801,0
2020-06-24,sh.600009,68.724237,69.10173633,68.41449396,68.58872442,68.49192972,8317584.0,590158166.0,0.7607,1,0.1413,0
2020-06-29,sh.600009,67.91116152,68.46289131,66.77866353,68.22090456,68.58872442,16045740.0,1116072941.0,1.4674,1,-0.5363,0
2020-06-30,sh.600009,68.5306476,69.79865817,68.4338529,69.75994029,68.22090456,11514981.0,823915296.0,1.0531,1,2.256,0
2020-07-01,sh.600009,69.75994029,70.64077206,69.02430057,70.63109259,69.75994029,12516066.0,904031873.0,1.1446,1,1.2488,0
2020-07-02,sh.600009,70.15679856,73.47685677,70.15679856,73.4671773,70.63109259,17816621.0,1328754440.0,1.6294,1,4.0153,0
2020-07-03,sh.600009,73.2735879,73.2735879,72.0152568,72.8864091,73.4671773,13657515.0,1023097064.0,1.249,1,-0.7905,0
2020-07-06,sh.600009,72.82833228,75.499866,72.13141044,74.65775211,72.8864091,19388372.0,1488256866.0,1.7731,1,2.4303,0
2020-07-07,sh.600009,75.45146865,76.32262095,73.3703826,73.47685677,74.65775211,21727042.0,1667716580.0,1.987,1,-1.5817,0
2020-07-08,sh.600009,72.99288327,73.51557465,72.00557733,72.51858924,73.47685677,20914190.0,1568474479.0,1.9126,1,-1.3042,0
2020-07-09,sh.600009,72.51858924,74.18345808,72.13141044,73.38974154,72.51858924,17755737.0,1345346624.0,1.6238,1,1.2013,0
2020-07-10,sh.600009,73.35102366,74.49320112,72.42179454,73.12839585,73.38974154,13475728.0,1025172261.0,1.2324,1,-0.3561,0
2020-07-13,sh.600009,72.54762765,73.12839585,71.2408992,71.5312833,73.12839585,31481781.0,2330750645.0,2.8791,1,-2.184,0
2020-07-14,sh.600009,71.4344886,72.0152568,69.92449128,70.06968333,71.5312833,21217247.0,1549755246.0,1.9403,1,-2.0433,0
2020-07-15,sh.600009,71.628078,72.46051242,70.25359326,70.4665416,70.06968333,25585016.0,1884520481.0,2.3398,1,0.5664,0
2020-07-16,sh.600009,70.52461842,71.59903959,67.54334166,67.54334166,70.4665416,26277773.0,1884888002.0,2.4031,1,-4.1484,0
2020-07-17,sh.600009,68.1434688,69.2082105,67.55302113,69.2082105,67.54334166,18768412.0,1326225513.0,1.7164,1,2.4649,0
2020-07-20,sh.600009,69.2082105,70.71820782,68.19186615,70.45686213,69.2082105,17206078.0,1241967808.0,1.5735,1,1.8042,0
2020-07-21,sh.600009,71.01827139,71.08602768,69.89545287,70.65045153,70.45686213,10863535.0,791987051.62,0.9935,1,0.2748,0
2020-07-22,sh.600009,71.1441045,71.50224489,69.45987672,69.692184,70.65045153,21052687.0,1533081293.17,1.9253,1,-1.3564,0
2020-07-23,sh.600009,69.692184,70.0793628,67.73693106,68.88878799,69.692184,18841167.0,1335782646.66,1.7231,1,-1.1528,0
2020-07-24,sh.600009,68.8210317,69.2082105,65.820396,66.17853639,68.88878799,19341327.0,1345894953.87,1.7688,1,-3.9342,0
2020-07-27,sh.600009,66.17853639,66.77866353,64.54270596,65.02667946,66.17853639,12729897.0,860718211.07,1.1642,1,-1.7405,0
2020-07-28,sh.600009,65.75263971,66.03334434,64.63950066,65.3364225,65.02667946,12512411.0,844229798.03,1.1443,1,0.4763,0
2020-07-29,sh.600009,65.1428331,67.45622643,64.3684755,67.30135491,65.3364225,13938997.0,953974127.94,1.2747,1,3.0074,0
2020-07-30,sh.600009,67.18520127,67.22391915,66.09142116,66.14949798,67.30135491,8181480.0,561238310.14,0.7482,1,-1.7115,0
2020-07-31,sh.600009,66.14949798,67.3691112,65.16219204,65.75263971,66.14949798,13748179.0,938884267.58,1.2573,1,-0.5999,0
2020-08-03,sh.600009,66.14949798,66.38180526,65.5300119,66.1107801,65.75263971,14434466.0,981865900.27,1.3201,1,0.5447,0
2020-08-04,sh.600009,66.41084367,67.34975226,66.0139854,67.04968869,66.1107801,12069893.0,829635415.3,1.1038,1,1.4202,0
2020-08-05,sh.600009,66.5947536,66.64315095,65.31706356,65.46225561,67.04968869,17173595.0,1163489190.4,1.5706,1,-2.3675,0
2020-08-06,sh.600009,65.48161455,65.65584501,64.74597483,65.0460384,65.46225561,9362862.0,628966813.8,0.8562,1,-0.6358,0
2020-08-07,sh.600009,65.09443575,65.89783176,64.66853907,65.60744766,65.0460384,10925866.0,738002575.45,0.9992,1,0.8631,0
2020-08-10,sh.600009,65.2396278,66.44956155,64.7556543,66.26565162,65.60744766,11760048.0,801274395.59,1.0755,1,1.0032,0
2020-08-11,sh.600009,66.67218936,69.0146211,66.67218936,67.97891781,66.26565162,22740589.0,1604290884.08,2.0797,1,2.5855,0
2020-08-12,sh.600009,68.724237,70.660131,68.42417343,70.20519591,67.97891781,29891331.0,2160847477.76,2.7336,1,3.275,0
2020-08-13,sh.600009,70.90211775,71.87006475,69.74058135,70.54397736,70.20519591,17938849.0,1309728641.21,1.6405,1,0.4826,0
2020-08-14,sh.600009,70.54397736,72.75089652,70.08904227,72.74121705,70.54397736,23030599.0,1709860125.69,2.1062,1,3.1147,0
2020-08-17,sh.600009,72.6928197,73.31230578,71.2408992,71.99589786,72.74121705,19951587.0,1481886316.0,1.8246,1,-1.0246,0
2020-08-18,sh.600009,71.98621839,76.13871102,70.91179722,75.1126872,71.99589786,29266347.0,2222469499.82,2.6764,1,4.3291,0
2020-08-19,sh.600009,74.95781568,78.5005017,73.87371504,76.00319844,75.1126872,31481503.0,2501618765.92,2.879,1,1.1856,0
2020-08-20,sh.600009,75.24055575,76.26723,72.8645382,74.32143785,76.00322805,19336268.0,1474502776.58,1.7683,1,-2.2128,0
2020-08-21,sh.600009,74.32143785,77.5579062,73.34365285,75.96411665,74.32143785,14349302.0,1109024309.05,1.3123,1,2.2102,0
2020-08-24,sh.600009,76.66812185,78.5161355,75.92500525,76.462787,75.96411665,13018791.0,1024890653.16,1.1906,1,0.6565,0
2020-08-25,sh.600009,76.462787,77.7339075,75.485002,76.462787,76.462787,11513997.0,899186414.08,1.053,1,0.0,0
2020-08-26,sh.600009,76.45300915,79.85570095,76.27700785,78.3988013,76.462787,19738667.0,1584714193.35,1.8051,1,2.532,0
2020-08-27,sh.600009,78.27168925,79.05391725,76.84412315,77.3819049,78.3988013,10500204.0,833501981.31,0.9603,1,-1.2971,0
2020-08-28,sh.600009,78.11524365,79.19080715,76.37478635,77.68501825,77.3819049,11508373.0,910003653.45,1.0525,1,0.3917,0
2020-08-31,sh.600009,77.7925746,78.0663544,74.32143785,74.702774,77.68501825,26240914.0,2015303336.33,2.3998,1,-3.8389,0
2020-09-01,sh.600009,74.32143785,74.9374424,73.4120978,74.12588085,74.702774,12902661.0,976585068.01,1.18,1,-0.7723,0
2020-09-02,sh.600009,74.4485499,75.2307779,73.1187623,73.73476685,74.12588085,10369061.0,784550298.97,0.9483,1,-0.5276,0
2020-09-03,sh.600009,74.31166,76.68767755,73.85210105,74.22365935,73.73476685,17427677.0,1342840256.24,1.5938,1,0.663,0
2020-09-04,sh.600009,73.65654405,76.31611925,72.9623167,75.9738945,74.22365935,16610714.0,1267171984.04,1.5191,1,2.3581,0
2020-09-07,sh.600009,75.29922285,75.485002,73.529432,73.8227675,75.9738945,13984300.0,1064657959.3,1.2789,1,-2.8314,0
2020-09-08,sh.600009,74.1552144,75.485002,73.8227675,75.1329994,73.8227675,11311998.0,866782715.29,1.0345,1,1.7748,0
2020-09-09,sh.600009,74.32143785,75.093888,72.35609,72.54186915,75.1329994,11409095.0,858288981.3,1.0434,1,-3.4487,0
2020-09-10,sh.600009,73.08942875,73.67609975,71.87697535,72.0627545,72.54186915,10254977.0,763410588.71,0.9378,1,-0.6605,0
2020-09-11,sh.600009,72.22897795,72.2583115,69.98007245,71.573862,72.0627545,13357903.0,970481968.04,1.2216,1,-0.6784,0
2020-09-14,sh.600009,72.2192001,73.8423232,71.964976,72.6494255,71.573862,12080719.0,901266396.03,1.1048,1,1.5027,0
2020-09-15,sh.600009,72.35609,73.5098763,71.87697535,72.9232053,72.6494255,10894639.0,811219465.72,0.9963,1,0.3769,0
2020-09-16,sh.600009,72.69831475,73.8227675,72.30720075,72.5320913,72.9232053,10584790.0,790335761.63,0.968,1,-0.5363,0
2020-09-17,sh.600009,72.5320913,73.2165408,71.7107519,73.03076165,72.5320913,9083810.0,673635476.2,0.8307,1,0.6875,0
2020-09-18,sh.600009,73.03076165,73.4316535,71.25119295,73.20676295,73.03076165,12683809.0,938410182.37,1.16,1,0.241,0
2020-09-21,sh.600009,72.85476035,73.26543005,71.70097405,72.0627545,73.20676295,7299648.0,539158739.4,0.6676,1,-1.5627,0
2020-09-22,sh.600009,71.2805265,71.2805265,67.3693865,67.662722,72.0627545,32002602.0,2252601784.54,2.9267,1,-6.1058,0
2020-09-23,sh.600009,67.8191676,68.2102816,67.3498308,67.5062764,67.662722,11091598.0,767504491.76,1.0143,1,-0.2312,0
2020-09-24,sh.600009,67.7605005,68.1320588,66.89027185,67.271608,67.5062764,9602413.0,662396666.76,0.8782,1,-0.3476,0
2020-09-25,sh.600009,67.467165,67.858279,66.8609383,67.3889422,67.271608,6541035.0,450614986.89,0.5982,1,0.1744,0
2020-09-28,sh.600009,67.96583535,68.1125031,66.73382625,66.880494,67.3889422,6960110.0,480010260.69,0.6365,1,-0.7545,0
2020-09-29,sh.600009,67.20316305,67.7605005,66.9978282,67.65294415,66.880494,5455184.0,376723977.13,0.4989,1,1.155,0
2020-09-30,sh.600009,67.6431663,68.2102816,67.02716175,67.2520523,67.65294415,5887583.0,406492575.93,0.5384,1,-0.5926,0
2020-10-09,sh.600009,68.20050375,68.37650505,67.49649855,67.8778347,67.2520523,7545715.0,522815766.81,0.6901,1,0.9305,0
2020-10-12,sh.600009,67.8387233,68.8751754,67.5453878,68.5622842,67.8778347,13131399.0,916525185.55,1.2009,1,1.0084,0
2020-10-13,sh.600009,68.6991741,69.1293995,68.16139235,68.41561645,68.5622842,9493920.0,664690697.65,0.8682,1,-0.2139,0
2020-10-14,sh.600009,68.43517215,69.1685109,67.35960865,69.08051025,68.41561645,12557442.0,874092992.59,1.1484,1,0.9718,0
2020-10-15,sh.600009,68.78717475,68.8947311,67.96583535,68.053836,69.08051025,7139418.0,499222707.22,0.6529,1,-1.4862,0
2020-10-16,sh.600009,67.88761255,68.4840614,67.6822777,67.9365018,68.053836,6716352.0,467584992.04,0.6142,1,-0.1724,0
2020-10-19,sh.600009,68.18094805,68.6209513,67.271608,67.37916435,67.9365018,7324973.0,508420629.73,0.6699,1,-0.8204,0
2020-10-20,sh.600009,67.3693865,68.04405815,67.0564953,68.0147246,67.37916435,4468898.0,309758695.7,0.4087,1,0.9433,0
2020-10-21,sh.600009,67.858279,68.33739365,67.45738715,68.2298373,68.0147246,5349756.0,372211742.29,0.4892,1,0.3163,0
2020-10-22,sh.600009,68.1125031,68.1125031,66.0004875,66.3720458,68.2298373,15228330.0,1036840053.43,1.3927,1,-2.7228,0
2020-10-23,sh.600009,66.16671095,66.48938,65.52137285,65.6875963,66.3720458,8443778.0,569106882.72,0.7722,1,-1.0312,0
2020-10-26,sh.600009,65.3551494,66.0004875,64.53381,65.8049305,65.6875963,5934391.0,397249545.34,0.5427,1,0.1786,0
2020-10-27,sh.600009,65.3551494,65.69737415,64.7098113,65.0422582,65.8049305,8807067.0,585951326.39,0.8054,1,-1.159,0
2020-10-28,sh.600009,64.85647905,65.9418204,64.54358785,65.707152,65.0422582,7359058.0,490706299.95,0.673,1,1.0222,0
2020-10-29,sh.600009,64.68047775,65.1791481,64.36758655,64.68047775,65.707152,10544255.0,698151643.82,0.9643,1,-1.5625,0
2020-10-30,sh.600009,64.54358785,65.8049305,64.53381,64.6315885,64.68047775,10225859.0,680122434.96,0.9352,1,-0.0756,0
2020-11-02,sh.600009,64.338253,64.36758655,60.1337775,61.74712275,64.6315885,27151536.0,1713964408.19,2.483,1,-4.4629,0
2020-11-03,sh.600009,61.7569006,62.99868755,61.2680081,62.82268625,61.74712275,11012323.0,700375203.84,1.0071,1,1.7419,0
2020-11-04,sh.600009,62.7542413,63.33113445,62.2849045,62.9497983,62.82268625,7221681.0,464237272.59,0.6604,1,0.2023,0
2020-11-05,sh.600009,63.360468,65.59959565,63.3409123,65.5507064,62.9497983,16248417.0,1078292501.34,1.4859,1,4.1317,0
2020-11-06,sh.600009,65.511595,65.83426405,64.54358785,65.4724836,65.5507064,10797409.0,721969722.03,0.9874,1,-0.1193,0
2020-11-09,sh.600009,66.36226795,68.80673045,66.36226795,68.65028485,65.4724836,21939162.0,1524950502.3,2.0064,1,4.8536,0
2020-11-10,sh.600009,75.49477985,75.51433555,72.18986655,72.6494255,68.65028485,57453143.0,4370760814.77,5.2542,1,5.8254,0
2020-11-11,sh.600009,72.35609,73.2165408,70.91874605,72.4538685,72.6494255,25349479.0,1868211706.48,2.3182,1,-0.2692,0
2020-11-12,sh.600009,71.95519815,74.507217,71.9454203,73.61743265,72.4538685,19195406.0,1448021669.75,1.7554,1,1.6059,0
2020-11-13,sh.600009,73.529432,74.84944175,72.24853365,74.24321505,73.61743265,17209784.0,1303717815.39,1.5739,1,0.85,0
2020-11-16,sh.600009,74.59521765,77.049458,74.31166,76.5801212,74.24321505,22443653.0,1743409053.84,2.0525,1,3.1476,0
2020-11-17,sh.600009,77.2059036,77.68501825,75.63166975,76.74634465,76.5801212,19515519.0,1532488753.82,1.7847,1,0.2171,0
2020-11-18,sh.600009,76.06189515,79.787256,76.06189515,79.2396964,76.74634465,25113130.0,2021791037.45,2.2966,1,3.2488,0
2020-11-19,sh.600009,78.33035635,78.8876938,77.2841264,78.2228,79.2396964,12425987.0,993043717.08,1.1364,1,-1.2833,0
2020-11-20,sh.600009,77.7534632,78.58458045,77.3036821,77.88057525,78.2228,9826089.0,783728206.02,0.8986,1,-0.4375,0
2020-11-23,sh.600009,76.26723,78.1250215,74.116103,77.4014606,77.88057525,21605266.0,1685069043.16,1.9758,1,-0.6152,0
2020-11-24,sh.600009,77.245015,78.52591335,76.6387883,78.1641329,77.4014606,11887943.0,948203932.52,1.0872,1,0.9853,0
2020-11-25,sh.600009,79.200585,81.14637715,78.38902345,78.38902345,78.1641329,15217163.0,1237385550.49,1.3916,1,0.2877,0
2020-11-26,sh.600009,78.62369185,80.4717055,78.62369185,80.0805915,78.38902345,11329197.0,924466650.76,1.0361,1,2.1579,0
2020-11-27,sh.600009,80.6672625,80.8237081,77.1081251,78.17391075,80.0805915,16881183.0,1349560172.64,1.5438,1,-2.381,0
2020-11-30,sh.600009,78.7116925,79.54280975,76.7756782,76.7756782,78.17391075,11812306.0,944157628.84,1.0803,1,-1.7886,0
2020-12-01,sh.600009,77.7339075,78.4574684,77.25479285,77.93924235,76.7756782,8328179.0,662978066.63,0.7616,1,1.5155,0
2020-12-02,sh.600009,77.7339075,79.005028,77.09834725,77.74368535,77.93924235,8646025.0,689612947.92,0.7907,1,-0.2509,0
2020-12-03,sh.600009,78.05657655,78.99525015,77.74368535,78.418357,77.74368535,8419359.0,673916362.34,0.77,1,0.8678,0
2020-12-04,sh.600009,78.95613875,79.77747815,78.0076873,79.2592521,78.418357,8026450.0,649338785.51,0.734,1,1.0723,0
2020-12-07,sh.600009,79.0441394,79.0441394,77.15701435,77.8903531,79.2592521,9598771.0,764757591.02,0.8778,1,-1.7271,0
2020-12-08,sh.600009,78.027243,78.2032443,76.19878505,77.13745865,77.8903531,8309216.0,654433316.02,0.7599,1,-0.9666,0
2020-12-09,sh.600009,76.7561225,77.245015,74.49743915,74.69299615,77.13745865,12801377.0,988069210.76,1.1707,1,-3.169,0
2020-12-10,sh.600009,74.32143785,74.9961095,73.0209838,73.333875,74.69299615,9974405.0,753358075.68,0.9122,1,-1.8196,0
2020-12-11,sh.600009,73.529432,74.4485499,72.6494255,73.6272105,73.333875,8200130.0,615696438.04,0.7499,1,0.4,0
2020-12-14,sh.600009,73.9401017,75.289445,73.138318,74.507217,73.6272105,9016017.0,685346509.97,0.8245,1,1.1952,0
2020-12-15,sh.600009,75.093888,75.12322155,73.7054333,74.0183245,74.507217,6141210.0,465752788.48,0.5616,1,-0.6562,0
2020-12-16,sh.600009,74.116103,74.47788345,72.99165025,73.7054333,74.0183245,8451412.0,637775063.08,0.7729,1,-0.4227,0
2020-12-17,sh.600009,73.67609975,75.37744565,73.3534307,74.4094385,73.7054333,10427931.0,793416579.55,0.9536,1,0.9552,0
2020-12-18,sh.600009,74.116103,74.69299615,72.2192001,73.94987955,74.4094385,14598399.0,1097571917.25,1.335,1,-0.6176,0
2020-12-21,sh.600009,73.14809585,73.20676295,70.72318905,72.160533,73.94987955,21366163.0,1565043958.71,1.954,1,-2.4197,0
2020-12-22,sh.600009,71.4760835,72.6298698,70.54718775,70.7720783,72.160533,12673048.0,927356337.36,1.159,1,-1.9241,0
2020-12-23,sh.600009,71.1045252,72.1409773,70.9676353,71.4760835,70.7720783,9144827.0,668475247.73,0.8363,1,0.9947,0
2020-12-24,sh.600009,71.46630565,71.4760835,68.68939625,69.11962165,71.4760835,18200495.0,1293395012.27,1.6645,1,-3.2969,0
2020-12-25,sh.600009,69.227178,71.378305,69.031621,71.2218594,69.11962165,8785711.0,630153918.15,0.8035,1,3.0414,0
2020-12-28,sh.600009,71.2805265,72.1409773,69.9116275,69.9116275,71.2218594,11785461.0,854753416.85,1.0778,1,-1.8396,0
2020-12-29,sh.600009,70.8894125,72.7276483,70.62541055,71.32941575,69.9116275,10468082.0,768634862.67,0.9573,1,2.028,0
2020-12-30,sh.600009,71.03608025,72.0627545,70.2636301,71.6325291,71.32941575,10281036.0,749637616.07,0.9402,1,0.4249,0
2020-12-31,sh.600009,72.01386525,75.5632248,71.378305,73.9792131,71.6325291,25506148.0,1918116461.37,2.3326,1,3.276,0
2021-01-04,sh.600009,74.0183245,77.02012445,73.50009845,75.76855965,73.9792131,21988631.0,1697401120.14,2.0109,1,2.4187,0
2021-01-05,sh.600009,75.7783375,75.7783375,74.31166,75.5827805,75.76855965,19566758.0,1500784359.36,1.7894,1,-0.2452,0
2021-01-06,sh.600009,75.39700135,77.7143518,75.093888,75.76855965,75.5827805,20026511.0,1557278810.49,1.8315,1,0.2458,0
2021-01-07,sh.600009,75.9347831,76.2281186,73.333875,74.16499225,75.76855965,22682522.0,1726424818.34,2.0743,1,-2.1164,0
2021-01-08,sh.600009,74.45832775,75.4067792,73.75432255,74.2921043,74.16499225,16197113.0,1231962901.14,1.4812,1,0.1714,0
2021-01-11,sh.600009,74.39966065,74.88855315,71.50541705,71.77919685,74.2921043,22425639.0,1683468353.09,2.0509,1,-3.3825,0
2021-01-12,sh.600009,71.6716405,72.35609,70.42985355,72.0823102,71.77919685,19159244.0,1395853415.32,1.7521,1,0.4223,0
2021-01-13,sh.600009,72.160533,75.9738945,72.09208805,75.86633815,72.0823102,33058019.0,2528709327.96,3.0232,1,5.2496,0
2021-01-14,sh.600009,75.39700135,75.51433555,71.573862,71.64230695,75.86633815,33164966.0,2478337022.63,3.033,1,-5.5677,0
2021-01-15,sh.600009,71.23163725,72.0236431,70.29296365,70.3418529,71.64230695,24785133.0,1796692254.48,2.2666,1,-1.8152,0
2021-01-18,sh.600009,69.9116275,71.27074865,69.2858451,70.596077,70.3418529,13535188.0,975201418.12,1.2378,1,0.3614,0
2021-01-19,sh.600009,70.596077,70.8111897,69.0902881,70.05829525,70.596077,16075148.0,1150025221.17,1.4701,1,-0.7618,0
2021-01-20,sh.600009,69.74540405,69.99962815,69.227178,69.227178,70.05829525,14361431.0,1020413957.81,1.3134,1,-1.1863,0
2021-01-21,sh.600009,68.44495,69.7160705,68.249393,69.3445122,69.227178,17109050.0,1207497502.89,1.5646,1,0.1695,0
2021-01-22,sh.600009,68.9338425,70.40052,68.68939625,69.58895845,69.3445122,14745497.0,1048593870.18,1.3485,1,0.3525,0
2021-01-25,sh.600009,69.37384575,70.9676353,68.3471715,70.41029785,69.58895845,24704324.0,1761961541.86,2.2592,1,1.1803,0
2021-01-26,sh.600009,70.4200757,71.3196379,68.70895195,70.5765213,70.41029785,18169039.0,1301692106.76,1.6616,1,0.2361,0
2021-01-27,sh.600009,70.44940925,75.00588735,69.4031793,74.8005525,70.5765213,34936121.0,2581884876.79,3.195,1,5.985,0
2021-01-28,sh.600009,73.34365285,75.7587818,73.34365285,74.116103,74.8005525,25698793.0,1954227388.93,2.3502,1,-0.915,0
2021-01-29,sh.600009,74.53655055,79.6112547,73.333875,77.245015,74.116103,40332304.0,3167312126.32,3.6884,1,4.2216,0
2021-02-01,sh.600009,69.5205135,69.5205135,69.5205135,69.5205135,77.245015,7840400.0,557452440.0,0.717,1,-10.0,0
2021-02-02,sh.600009,62.56846215,62.56846215,62.56846215,62.56846215,69.5205135,9398300.0,601397217.0,0.8595,1,-10.0,0
2021-02-03,sh.600009,56.31063815,59.058214,56.31063815,57.9826505,62.56846215,194257353.0,11307794338.16,17.7651,1,-7.3293,0
2021-02-04,sh.600009,55.74352285,57.6697593,55.25463035,56.91686485,57.9826505,76482099.0,4402426458.53,6.9944,1,-1.8381,0
2021-02-05,sh.600009,56.71153,58.5106544,56.2226375,57.0830883,56.91686485,45308031.0,2654284296.3,4.1435,1,0.292,0
2021-02-08,sh.600009,56.9853098,56.9853098,53.4848395,54.0715105,57.0830883,56015520.0,3125786324.83,5.1227,1,-5.2758,0
2021-02-09,sh.600009,54.19862255,57.75775995,53.582618,57.1808668,54.0715105,46779613.0,2670034643.74,4.2781,1,5.7505,0
2021-02-10,sh.600009,57.0635326,58.5106544,55.76307855,56.8875313,57.1808668,46333004.0,2701866821.46,4.2372,1,-0.513,0
2021-02-18,sh.600009,58.1782075,60.1924446,56.907087,59.1559925,56.8875313,78498099.0,4721887425.57,7.1788,1,3.9876,0
2021-02-19,sh.600009,58.5693215,59.644885,57.38620165,59.5862179,59.1559925,43299746.0,2599908814.18,3.9598,1,0.7273,0
2021-02-22,sh.600009,59.1559925,61.600455,58.1782075,59.55688435,59.5862179,49636305.0,3032716941.13,4.5393,1,-0.0492,0
2021-02-23,sh.600009,59.55688435,60.22177815,58.3737645,58.75510065,59.55688435,33053656.0,2000208267.17,3.0228,1,-1.3462,0
2021-02-24,sh.600009,59.1559925,60.61289215,58.7844342,59.59599575,58.75510065,35861567.0,2191805055.07,3.2796,1,1.4312,0
2021-02-25,sh.600009,60.18266675,62.86179765,59.86977555,61.6395664,59.59599575,40075928.0,2523389077.44,3.665,1,3.429,0
2021-02-26,sh.600009,60.12399965,62.5195729,59.69377425,60.5053358,61.6395664,29662556.0,1847366080.85,2.7127,1,-1.8401,0
2021-03-01,sh.600009,59.5471065,60.7986713,58.1977632,59.8208863,60.5053358,27654015.0,1685764047.01,2.529,1,-1.1312,0
2021-03-02,sh.600009,59.7426635,59.7622192,57.60131435,58.38354235,59.8208863,28229059.0,1690449243.91,2.5816,1,-2.4027,0
2021-03-03,sh.600009,57.689315,59.1559925,57.298201,59.02888045,58.38354235,21150715.0,1265468413.49,1.9343,1,1.1053,0
2021-03-04,sh.600009,58.3737645,59.40043875,58.26620815,58.69643355,59.02888045,17927906.0,1077379532.53,1.6395,1,-0.5632,0
2021-03-05,sh.600009,58.1782075,59.6253293,58.01198405,59.3319938,58.69643355,16668207.0,1004148476.55,1.5243,1,1.0828,0
2021-03-08,sh.600009,59.32221595,60.0555547,57.2199782,57.48398015,59.3319938,23793753.0,1418438475.13,2.176,1,-3.1147,0
2021-03-09,sh.600009,57.493758,57.7870935,54.31595675,56.1835261,57.48398015,22654262.0,1308108237.92,2.0718,1,-2.2623,0
2021-03-10,sh.600009,56.93642055,57.44486875,56.2030818,56.33019385,56.1835261,13764905.0,798087212.12,1.2588,1,0.2611,0
2021-03-11,sh.600009,56.3399717,57.83598275,55.82174565,57.46442445,56.33019385,14411423.0,842307481.91,1.3179,1,2.0135,0
2021-03-12,sh.600009,57.5915365,58.862657,57.15153325,58.81376775,57.46442445,20122077.0,1196373186.01,1.8402,1,2.3481,0
2021-03-15,sh.600009,58.97021335,60.5053358,58.44220945,59.38088305,58.81376775,23362715.0,1419845349.12,2.1366,1,0.9643,0
2021-03-16,sh.600009,59.644885,60.96489475,59.04843615,60.9160055,59.38088305,24345579.0,1500534245.29,2.2264,1,2.5852,0
2021-03-17,sh.600009,60.14355535,61.19956315,59.7426635,60.47600225,60.9160055,16881182.0,1041671411.6,1.5438,1,-0.7223,0
2021-03-18,sh.600009,60.427113,61.0920068,59.04843615,59.840442,60.47600225,17745229.0,1084607216.52,1.6228,1,-1.0509,0
2021-03-19,sh.600009,59.058214,59.7231078,57.50353585,58.471543,59.840442,20957069.0,1252150945.21,1.9166,1,-2.2876,0
2021-03-22,sh.600009,58.080429,59.00932475,57.7479821,58.9995469,58.471543,12942696.0,775302371.33,1.1836,1,0.903,0
2021-03-23,sh.600009,58.93110195,59.1559925,56.9657541,57.54264725,58.9995469,17292807.0,1022619518.78,1.5815,1,-2.4693,0
2021-03-24,sh.600009,57.298201,57.52309155,56.515973,56.9657541,57.54264725,11181766.0,650840790.13,1.0226,1,-1.0025,0
2021-03-25,sh.600009,56.81908635,57.0830883,56.320416,56.64308505,56.9657541,9597370.0,556224906.07,0.8777,1,-0.5664,0
2021-03-26,sh.600009,56.6919743,57.7284264,56.6919743,57.44486875,56.64308505,14972139.0,877773637.57,1.3692,1,1.4155,0
2021-03-29,sh.600009,57.298201,58.3737645,56.7310857,57.884872,57.44486875,16294811.0,961361317.53,1.4902,1,0.766,0
2021-03-30,sh.600009,57.89464985,58.16842965,57.24931175,57.62087005,57.884872,13007439.0,766028388.1,1.1895,1,-0.4561,0
2021-03-31,sh.600009,57.6110922,57.6110922,56.515973,56.6137515,57.62087005,15316790.0,889985527.49,1.4007,1,-1.7478,0
2021-04-01,sh.600009,56.5550844,57.2004225,56.4573059,57.0048655,56.6137515,9853683.0,572970071.41,0.9011,1,0.6908,0
2021-04-02,sh.600009,57.05375475,57.24931175,56.77997495,57.1808668,57.0048655,12583070.0,733463486.45,1.1507,1,0.3087,0
2021-04-06,sh.600009,57.2199782,58.5497658,57.2199782,57.5719808,57.1808668,15879295.0,939792671.45,1.4522,1,0.684,0
2021-04-07,sh.600009,57.493758,57.83598275,56.7701971,57.8066492,57.5719808,11179790.0,655428485.53,1.0224,1,0.4076,0
2021-04-08,sh.600009,57.1417554,57.6306479,56.8093085,57.01464335,57.8066492,12039596.0,703170430.54,1.101,1,-1.3701,0
2021-04-09,sh.600009,56.81908635,57.01464335,56.07596975,56.1444147,57.01464335,13323091.0,769911068.8,1.2184,1,-1.5263,0
2021-04-12,sh.600009,56.15419255,56.3008603,54.8537385,55.147074,56.1444147,11816050.0,670418523.93,1.0806,1,-1.7764,0
2021-04-13,sh.600009,55.13729615,56.05641405,54.9124056,55.68485575,55.147074,9133562.0,518004160.56,0.8353,1,0.9752,0
2021-04-14,sh.600009,55.4404095,55.82174565,55.05907335,55.31329745,55.68485575,13288708.0,750746716.12,1.2153,1,-0.6673,0
2021-04-15,sh.600009,55.147074,55.1666297,54.55062515,54.6972929,55.31329745,11615058.0,649717412.2,1.0622,1,-1.1137,0
2021-04-16,sh.600009,54.70707075,55.0492955,54.31595675,54.68751505,54.6972929,12954919.0,723675534.5,1.1847,1,-0.0179,0
2021-04-19,sh.600009,54.74618215,55.56752155,54.1497333,55.54796585,54.68751505,19685786.0,1105573330.12,1.8003,1,1.5734,0
2021-04-20,sh.600009,55.13729615,55.78263425,54.8732942,55.17640755,55.54796585,12319947.0,696881025.61,1.1267,1,-0.6689,0
2021-04-21,sh.600009,54.951517,56.09552545,54.76573785,55.82174565,55.17640755,13666535.0,777697153.18,1.2498,1,1.1696,0
2021-04-22,sh.600009,55.82174565,56.05641405,54.9319613,55.09818475,55.82174565,14757005.0,835189928.21,1.3495,1,-1.2962,0
2021-04-23,sh.600009,54.92218345,55.2252968,54.364846,55.1079626,55.09818475,12392124.0,694799499.2,1.1333,1,0.0177,0
2021-04-26,sh.600009,54.02262125,54.02262125,51.46082455,52.06705125,55.1079626,39878318.0,2139849524.17,3.6469,1,-5.5181,0
2021-04-27,sh.600009,51.73460435,51.77371575,47.7941308,48.498136,52.06705125,54248953.0,2731127010.79,4.9611,1,-6.8545,0
2021-04-28,sh.600009,48.1852448,48.9870285,47.0119028,48.88925,48.498136,22080965.0,1089211439.57,2.0193,1,0.8065,0
2021-04-29,sh.600009,47.90168715,48.87947215,47.3052383,47.99946565,48.88925,18488666.0,907438082.81,1.6908,1,-1.82,0
2021-04-30,sh.600009,47.911465,48.39057965,47.5007953,48.0483549,47.99946565,12040864.0,590370886.53,1.1012,1,0.1019,0
2021-05-06,sh.600009,47.5594624,47.5594624,45.4670025,45.6625595,48.0483549,31785390.0,1496697188.01,2.9068,1,-4.9654,0
2021-05-07,sh.600009,45.18344485,45.6038924,44.08832565,44.26432695,45.6625595,25018436.0,1145571684.91,2.288,1,-3.0621,0
2021-05-10,sh.600009,44.26432695,44.4892175,42.97365075,43.4527654,44.26432695,20737483.0,922981970.29,1.8965,1,-1.8334,0
2021-05-11,sh.600009,43.1789856,44.8412201,43.02254,44.42077255,43.4527654,16227833.0,729802315.7,1.4841,1,2.2277,0
2021-05-12,sh.600009,44.2545491,44.6456631,43.83410155,44.5478846,44.42077255,10773237.0,487175711.23,0.9852,1,0.2862,0
2021-05-13,sh.600009,44.30343835,44.8607758,44.000325,44.5087732,44.5478846,8972392.0,407949079.79,0.8205,1,-0.0878,0
2021-05-14,sh.600009,44.57721815,45.39855755,44.5674403,45.32033475,44.5087732,12208345.0,563959147.69,1.1165,1,1.8234,0
2021-05-17,sh.600009,45.4670025,47.35412755,45.369224,46.90434645,45.32033475,20295642.0,968692556.2,1.8561,1,3.4951,0
2021-05-18,sh.600009,46.93368,47.27590475,46.29811975,47.2074598,46.90434645,10948440.0,523988904.14,1.0013,1,0.6462,0
2021-05-19,sh.600009,47.0314585,47.0314585,46.2296748,46.35678685,47.2074598,8196665.0,389594206.81,0.7496,1,-1.802,0
2021-05-20,sh.600009,46.25900835,46.82612365,45.8972279,46.57189955,46.35678685,8837979.0,419527672.11,0.8082,1,0.464,0
2021-05-21,sh.600009,46.6012331,46.88479075,45.98522855,46.1123406,46.57189955,6794874.0,322479610.91,0.6214,1,-0.9868,0
2021-05-24,sh.600009,46.1123406,46.8163458,45.8581165,46.7576787,46.1123406,7327851.0,348506740.98,0.6701,1,1.3995,0
2021-05-25,sh.600009,46.7967901,49.11414055,46.76745655,48.23413405,46.7576787,22294520.0,1100610815.13,2.0389,1,3.1577,0
2021-05-26,sh.600009,48.4785803,48.5372474,47.715908,48.1656891,48.23413405,10499711.0,515728342.83,0.9602,1,-0.1419,0
2021-05-27,sh.600009,48.17546695,48.48835815,48.0287992,48.35146825,48.1656891,8417588.0,415242249.17,0.7698,1,0.3857,0
2021-05-28,sh.600009,48.302579,48.7328044,47.99946565,48.27324545,48.35146825,9364575.0,462905989.1,0.8564,1,-0.1618,0
2021-05-31,sh.600009,47.715908,48.693693,46.7576787,48.39057965,48.27324545,12014115.0,587397939.57,1.0987,1,0.2431,0
2021-06-01,sh.600009,48.3808018,49.44658745,48.2439119,48.88925,48.39057965,13769608.0,688460626.94,1.2593,1,1.0305,0
2021-06-02,sh.600009,49.0456956,49.5150324,48.4785803,48.9283614,48.88925,13018107.0,652236221.57,1.1905,1,0.08,0
2021-06-03,sh.600009,49.0065842,51.67593725,48.76213795,51.0208213,48.9283614,30247623.0,1556596764.87,2.7662,1,4.2766,0
2021-06-04,sh.600009,50.062592,50.649263,49.23147475,49.671478,51.0208213,17785217.0,904293617.06,1.6265,1,-2.6447,0
2021-06-07,sh.600009,48.9870285,49.671478,47.4225725,47.62790735,49.671478,19768388.0,969589432.28,1.8078,1,-4.1142,0
2021-06-08,sh.600009,47.90168715,48.54702525,47.2270155,47.6181295,47.62790735,15751300.0,768685783.84,1.4405,1,-0.0205,0
2021-06-09,sh.600009,47.6181295,47.97990995,47.37368325,47.76479725,47.6181295,7236221.0,352782821.98,0.6618,1,0.308,0
2021-06-10,sh.600009,47.76479725,47.76479725,47.76479725,47.76479725,47.76479725,0.0,0.0,,0,0.0,0
2021-06-11,sh.600009,47.76479725,47.76479725,47.76479725,47.76479725,47.76479725,0.0,0.0,,0,0.0,0
2021-06-15,sh.600009,47.76479725,47.76479725,47.76479725,47.76479725,47.76479725,0.0,0.0,,0,0.0,0
2021-06-16,sh.600009,47.76479725,47.76479725,47.76479725,47.76479725,47.76479725,0.0,0.0,,0,0.0,0
2021-06-17,sh.600009,47.76479725,47.76479725,47.76479725,47.76479725,47.76479725,0.0,0.0,,0,0.0,0
2021-06-18,sh.600009,47.76479725,47.76479725,47.76479725,47.76479725,47.76479725,0.0,0.0,,0,0.0,0
2021-06-21,sh.600009,47.76479725,47.76479725,47.76479725,47.76479725,47.76479725,0.0,0.0,,0,0.0,0
2021-06-22,sh.600009,47.76479725,47.76479725,47.76479725,47.76479725,47.76479725,0.0,0.0,,0,0.0,0
2021-06-23,sh.600009,47.76479725,47.76479725,47.76479725,47.76479725,47.76479725,0.0,0.0,,0,0.0,0
2021-06-24,sh.600009,47.76479725,47.76479725,47.76479725,47.76479725,47.76479725,0.0,0.0,,0,0.0,0
2021-06-25,sh.600009,50.5319288,51.98882845,46.4447875,49.93547995,47.76479725,88413491.0,4365025466.1,8.0855,1,4.5445,0
2021-06-28,sh.600009,48.693693,49.6519223,47.7550194,48.35146825,49.93547995,35276429.0,1753055755.83,3.2261,1,-3.1721,0
2021-06-29,sh.600009,48.05813275,48.107022,46.8359015,46.84567935,48.35146825,25877753.0,1250712255.38,2.3666,1,-3.1143,0
2021-06-30,sh.600009,46.542566,47.8527979,46.43500965,47.06079205,46.84567935,17632163.0,846729599.55,1.6125,1,0.4592,0
2021-07-01,sh.600009,47.08034775,47.21723765,46.20034125,46.5621217,47.06079205,13658692.0,650374820.68,1.2491,1,-1.0596,0
2021-07-02,sh.600009,46.25900835,46.43500965,44.97811,44.9976657,46.5621217,20004910.0,929675089.44,1.8295,1,-3.3599,0
2021-07-05,sh.600009,44.96833215,45.41811325,44.391439,45.1345556,44.9976657,14261496.0,651772944.35,1.3042,1,0.3042,0
2021-07-06,sh.600009,45.06611065,46.55234385,44.6456631,45.8972279,45.1345556,15793211.0,740959206.43,1.4443,1,1.6898,0
2021-07-07,sh.600009,45.8385608,46.3665647,45.4670025,45.955895,45.8972279,11032487.0,518043543.77,1.0089,1,0.1278,0
2021-07-08,sh.600009,45.955895,45.9754507,44.97811,44.97811,45.955895,11938748.0,552029249.87,1.0918,1,-2.1277,0
2021-07-09,sh.600009,44.90966505,45.41811325,44.6261074,45.1149999,44.97811,8345729.0,385087192.65,0.7632,1,0.3043,0
2021-07-12,sh.600009,45.1149999,45.7016709,44.6847745,45.35944615,45.1149999,12773391.0,592479008.57,1.1681,1,0.5418,0
2021-07-13,sh.600009,45.4670025,45.955895,45.2323341,45.32033475,45.35944615,17436852.0,812120415.38,1.5946,1,-0.0862,0
2021-07-14,sh.600009,45.2910012,45.30077905,44.1567706,44.18610415,45.32033475,19441623.0,885181933.7,1.778,1,-2.5027,0
2021-07-15,sh.600009,44.01010285,44.0785478,43.218097,43.69721165,44.18610415,16240867.0,723186868.09,1.4853,1,-1.1064,0
2021-07-16,sh.600009,44.4501061,45.4083354,44.0981035,44.2154377,43.69721165,16504143.0,754081425.28,1.5093,1,1.1859,0
2021-07-19,sh.600009,44.0394364,44.5674403,43.22787485,44.49899535,44.2154377,11834471.0,530942024.0,1.0823,1,0.6413,0
2021-07-20,sh.600009,44.000325,44.44032825,43.804768,44.14699275,44.49899535,6330581.0,285291457.82,0.5789,1,-0.791,0
2021-07-21,sh.600009,43.95143575,44.32299405,43.413654,43.46254325,44.14699275,11807926.0,528025174.95,1.0799,1,-1.5504,0
2021-07-22,sh.600009,43.3158755,43.7461009,43.0420957,43.36476475,43.46254325,8634070.0,383689372.12,0.7896,1,-0.225,0
2021-07-23,sh.600009,43.36476475,43.3745426,42.1620892,42.17186705,43.36476475,15759842.0,685039006.54,1.4413,1,-2.7508,0
2021-07-26,sh.600009,41.7514195,41.80030875,39.9718508,40.00118435,42.17186705,21829710.0,902179904.47,1.9964,1,-5.1472,0
2021-07-27,sh.600009,39.893628,40.54874395,38.63228535,38.71050815,40.00118435,16961530.0,682460790.54,1.5512,1,-3.2266,0
2021-07-28,sh.600009,38.74961955,39.0331772,37.546944,37.9967251,38.71050815,15654583.0,608338508.99,1.4316,1,-1.8439,0
2021-07-29,sh.600009,38.18250425,38.3682834,37.3122756,37.8598352,37.9967251,14317386.0,553131278.26,1.3093,1,-0.3603,0
2021-07-30,sh.600009,37.45894335,37.9576137,36.67671535,37.69361175,37.8598352,14979651.0,570650780.78,1.3699,1,-0.439,0
2021-08-02,sh.600009,36.81360525,37.5860554,35.786931,37.12649645,37.69361175,26404703.0,989631413.93,2.4147,1,-1.5045,0
2021-08-03,sh.600009,36.4909362,37.85005735,36.24648995,37.4100541,37.12649645,16167581.0,616795281.95,1.4785,1,0.7638,0
2021-08-04,sh.600009,37.3904984,37.73272315,36.960273,36.9993844,37.4100541,13405390.0,510443206.5,1.2259,1,-1.0978,0
2021-08-05,sh.600009,36.89182805,37.92828015,36.52026975,37.02871795,36.9993844,14876113.0,567507526.24,1.3604,1,0.0793,0
2021-08-06,sh.600009,37.0580515,37.2536085,36.5300476,36.6864932,37.02871795,9449697.0,355765510.1,0.8642,1,-0.9242,0
2021-08-09,sh.600009,36.4127134,37.8989466,36.26604565,37.6642782,36.6864932,13602743.0,519982737.92,1.244,1,2.6652,0
2021-08-10,sh.600009,37.7229453,37.9185023,37.2536085,37.85005735,37.6642782,11100152.0,427051525.66,1.0151,1,0.4933,0
2021-08-11,sh.600009,37.8402795,39.41451335,37.742501,38.12383715,37.85005735,18888084.0,743105673.24,1.7273,1,0.7233,0
2021-08-12,sh.600009,38.3096163,38.3878391,37.28294205,37.38072055,38.12383715,11465863.0,440496078.51,1.0486,1,-1.9492,0
2021-08-13,sh.600009,37.2144971,37.6251668,36.960273,37.351387,37.38072055,7370335.0,280924037.18,0.674,1,-0.0785,0
2021-08-16,sh.600009,37.18516355,38.0358365,37.0580515,37.6251668,37.351387,7873092.0,302008836.37,0.72,1,0.733,0
2021-08-17,sh.600009,37.7620567,39.47318045,37.5860554,38.6029518,37.6251668,28816412.0,1145075854.56,2.6353,1,2.5988,0
2021-08-18,sh.600009,38.14339285,39.2678456,37.742501,39.23851205,38.6029518,18620953.0,737889300.78,1.7029,1,1.6464,0
2021-08-19,sh.600009,38.7398417,39.19940065,38.524729,38.9745101,39.23851205,11174473.0,443856295.6,1.0219,1,-0.6728,0
2021-08-20,sh.600009,38.8180645,38.8180645,37.83050165,38.133615,38.9745101,12251675.0,478261143.74,1.1204,1,-2.1576,0
2021-08-23,sh.600009,37.65450035,38.3878391,37.6447225,38.04561435,38.133615,7522430.0,292634881.69,0.6879,1,-0.2308,0
2021-08-24,sh.600009,37.9967251,38.41717265,37.79139025,38.133615,38.04561435,10207291.0,397205765.84,0.9335,1,0.2313,0
2021-08-25,sh.600009,38.133615,41.653641,37.98694725,40.97896935,38.133615,38097783.0,1571371771.78,3.4841,1,7.4615,0
2021-08-26,sh.600009,40.74430095,41.38963905,39.62962605,41.3407498,40.97896935,25763407.0,1062060464.2,2.3561,1,0.8828,0
2021-08-27,sh.600009,40.84207945,41.80030875,40.47052115,40.47052115,41.3407498,15177241.0,635755253.85,1.388,1,-2.105,0
2021-08-30,sh.600009,39.8349609,39.98162865,39.1114,39.33629055,40.47052115,14650899.0,591656441.64,1.3398,1,-2.8026,0
2021-08-31,sh.600009,39.1114,42.5336475,39.0722886,42.30875695,39.33629055,31137271.0,1313764956.74,2.8475,1,7.5565,0
2021-09-01,sh.600009,41.9469765,43.02254,41.78075305,42.50431395,42.30875695,23979403.0,1044637208.41,2.193,1,0.4622,0
2021-09-02,sh.600009,42.1229778,42.97365075,41.849198,42.5336475,42.50431395,13708911.0,593279785.75,1.2537,1,0.069,0
2021-09-03,sh.600009,42.4945361,44.391439,41.9469765,44.195882,42.5336475,24277356.0,1085189008.39,2.2202,1,3.908,0
2021-09-06,sh.600009,43.83410155,45.5452253,43.57987745,44.22521555,44.195882,21583712.0,981700945.66,1.9739,1,0.0664,0
2021-09-07,sh.600009,44.195882,45.2910012,43.83410155,45.2127784,44.22521555,18214744.0,834909004.41,1.6658,1,2.233,0
2021-09-08,sh.600009,44.8216644,45.173667,44.0198807,44.53810675,45.2127784,15908969.0,724547528.48,1.4549,1,-1.4922,0
2021-09-09,sh.600009,44.3523276,44.44032825,43.804768,44.08832565,44.53810675,12310537.0,554918394.52,1.1258,1,-1.0099,0
2021-09-10,sh.600009,44.000325,45.7016709,44.000325,44.7629973,44.08832565,18012392.0,827296697.01,1.6473,1,1.5303,0
2021-09-13,sh.600009,44.000325,44.44032825,43.07142925,43.46254325,44.7629973,18359057.0,820342967.43,1.679,1,-2.9052,0
2021-09-14,sh.600009,43.3158755,43.8829908,42.28920125,42.3576462,43.46254325,13028780.0,571858409.41,1.1915,1,-2.5422,0
2021-09-15,sh.600009,42.52386965,42.826983,41.6145296,41.89808725,42.3576462,12305969.0,528724765.39,1.1254,1,-1.0849,0
2021-09-16,sh.600009,41.7905309,42.1425335,41.07674785,41.33097195,41.89808725,12327095.0,521251247.17,1.1273,1,-1.3536,0
2021-09-17,sh.600009,40.871413,42.9247615,40.871413,42.6705374,41.33097195,12749489.0,547097060.48,1.166,1,3.2411,0
2021-09-22,sh.600009,42.044755,42.6705374,41.7514195,42.13275565,42.6705374,6907272.0,297386905.79,0.6317,1,-1.2603,0
2021-09-23,sh.600009,42.64120385,42.9443172,42.13275565,42.30875695,42.13275565,9197550.0,399379748.95,0.8411,1,0.4177,0
2021-09-24,sh.600009,42.5336475,43.5114325,42.3380905,42.9834286,42.30875695,10686197.0,470961376.67,0.9773,1,1.5946,0
2021-09-27,sh.600009,42.826983,43.97099145,42.05453285,43.2376527,42.9834286,12450786.0,546850399.57,1.1386,1,0.5914,0
2021-09-28,sh.600009,42.95409505,43.2963198,42.435869,43.1203185,43.2376527,6699439.0,293533356.59,0.6127,1,-0.2714,0
2021-09-29,sh.600009,42.826983,43.46254325,42.50431395,43.22787485,43.1203185,9826170.0,432952969.12,0.8986,1,0.2494,0
2021-09-30,sh.600009,43.1203185,43.4723211,42.7487602,43.26698625,43.22787485,6800724.0,299268635.58,0.6219,1,0.0905,0
2021-10-08,sh.600009,44.6847745,46.8163458,44.34254975,45.955895,43.26698625,30413700.0,1420855440.96,2.7814,1,6.2147,0
2021-10-11,sh.600009,45.8581165,48.88925,45.55500315,48.52746955,45.955895,33943884.0,1660949338.33,3.1042,1,5.5957,0
2021-10-12,sh.600009,48.2634676,50.40481675,47.64746305,49.2412526,48.52746955,38016360.0,1912601211.15,3.4767,1,1.4709,0
2021-10-13,sh.600009,48.88925,49.3390311,47.8136865,48.9479171,49.2412526,19023023.0,947746633.17,1.7397,1,-0.5957,0
2021-10-14,sh.600009,48.68391515,52.6439444,48.60569235,51.627048,48.9479171,41046818.0,2165369490.01,3.7538,1,5.4734,0
2021-10-15,sh.600009,51.4901581,52.9568356,50.3559275,51.3337125,51.627048,29971555.0,1584482788.72,2.7409,1,-0.5682,0
2021-10-18,sh.600009,50.83504215,51.44126885,49.2608083,49.7692565,51.3337125,25987334.0,1328145535.27,2.3766,1,-3.0476,0
2021-10-19,sh.600009,49.3781425,50.1603705,48.8696943,49.85725715,49.7692565,15556876.0,788267383.24,1.4227,1,0.1768,0
2021-10-20,sh.600009,49.79859005,50.48303955,48.09724415,49.77903435,49.85725715,22054635.0,1111410732.95,2.0169,1,-0.1569,0
2021-10-21,sh.600009,49.48569885,51.20660045,48.99680635,49.58347735,49.77903435,16012871.0,817918256.75,1.4644,1,-0.3929,0
2021-10-22,sh.600009,49.21191905,50.05281415,48.78169365,48.9479171,49.58347735,13767909.0,693617116.18,1.2591,1,-1.2818,0
2021-10-25,sh.600009,47.911465,48.693693,46.8163458,48.60569235,48.9479171,18252553.0,896812708.2,1.6692,1,-0.6992,0
2021-10-26,sh.600009,48.21457835,49.8279236,48.11679985,49.671478,48.60569235,21032521.0,1059410800.03,1.9235,1,2.1927,0
2021-10-27,sh.600009,49.3194754,50.3168161,48.91858355,49.95503565,49.671478,16944149.0,863797502.79,1.5496,1,0.5709,0
2021-10-28,sh.600009,49.6323666,51.36304605,49.1434741,50.13103695,49.95503565,16410748.0,843254003.62,1.5008,1,0.3523,0
2021-10-29,sh.600009,50.1212591,51.94971705,49.64214445,51.627048,50.13103695,20731619.0,1086467433.2,1.8959,1,2.9842,0
2021-11-01,sh.600009,50.71770795,50.7274858,49.0261399,49.93547995,51.627048,19026264.0,967311890.8,1.74,1,-3.2765,0
2021-11-02,sh.600009,49.91592425,50.2972604,48.4785803,49.23147475,49.93547995,15885693.0,801480149.7,1.4528,1,-1.4098,0
2021-11-03,sh.600009,48.9870285,49.85725715,48.60569235,49.13369625,49.23147475,10378414.0,523295063.23,0.9491,1,-0.1986,0
2021-11-04,sh.600009,49.32925325,49.3781425,47.80390865,48.1461334,49.13369625,13909170.0,687363280.47,1.272,1,-2.01,0
2021-11-05,sh.600009,48.0874663,48.91858355,47.8527979,47.94079855,48.1461334,9055853.0,447284454.8,0.8282,1,-0.4265,0
2021-11-08,sh.600009,49.9843692,52.6635001,49.9843692,51.73460435,47.94079855,40564289.0,2155580261.49,3.7097,1,7.9135,0
2021-11-09,sh.600009,51.73460435,52.22349685,48.58613665,48.82080505,51.73460435,35368328.0,1793615243.97,3.2345,1,-5.6322,0
2021-11-10,sh.600009,48.8501386,49.084807,47.5790181,48.03857705,48.82080505,17882815.0,879177148.89,1.6354,1,-1.6022,0
2021-11-11,sh.600009,47.7941308,49.1630298,47.62790735,48.95769495,48.03857705,13119426.0,651049128.23,1.1998,1,1.9133,0
2021-11-12,sh.600009,48.693693,50.30703825,48.31235685,49.6519223,48.95769495,13915004.0,706375435.61,1.2725,1,1.418,0
2021-11-15,sh.600009,49.5541438,49.77903435,48.29280115,48.33191255,49.6519223,14505548.0,723842910.34,1.3266,1,-2.6585,0
2021-11-16,sh.600009,48.5959145,49.13369625,47.7941308,47.9701321,48.33191255,13698384.0,676463177.53,1.2527,1,-0.7485,0
2021-11-17,sh.600009,47.99946565,48.8110272,47.99946565,48.56658095,47.9701321,8647172.0,429182542.39,0.7908,1,1.2434,0
2021-11-18,sh.600009,48.13635555,48.48835815,47.56924025,47.56924025,48.56658095,9841392.0,481156261.67,0.9,1,-2.0536,0
2021-11-19,sh.600009,47.5985738,47.84302005,46.8163458,47.23679335,47.56924025,10483165.0,505561949.21,0.9587,1,-0.6989,0
2021-11-22,sh.600009,47.23679335,47.6376852,46.93368,47.51057315,47.23679335,6375316.0,308962400.74,0.583,1,0.5796,0
2021-11-23,sh.600009,47.9310207,48.35146825,47.29546045,47.4812396,47.51057315,8599510.0,419578516.73,0.7864,1,-0.0617,0
2021-11-24,sh.600009,47.49101745,48.05813275,46.94345785,47.9505764,47.4812396,8029874.0,390197699.14,0.7343,1,0.9885,0
2021-11-25,sh.600009,47.9505764,48.1265777,47.5399067,47.97990995,47.9505764,5813291.0,283935261.49,0.5316,1,0.0612,0
2021-11-26,sh.600009,47.29546045,47.3052383,45.760338,46.08300705,47.97990995,20869390.0,989785905.08,1.9085,1,-3.9535,0
2021-11-29,sh.600009,43.95143575,44.4892175,42.826983,43.01276215,46.08300705,33695892.0,1496468848.1,3.0815,1,-6.6624,0
2021-11-30,sh.600009,43.05187355,43.5505439,42.1229778,42.2012006,43.01276215,16236950.0,707102593.67,1.4849,1,-1.8868,0
2021-12-01,sh.600009,42.9247615,44.36210545,42.5336475,43.8829908,42.2012006,25403483.0,1133764057.43,2.3232,1,3.9852,0
2021-12-02,sh.600009,43.5309882,44.45988395,43.02254,43.6287667,43.8829908,14235097.0,637922077.41,1.3018,1,-0.5793,0
2021-12-03,sh.600009,44.1763263,45.2714455,43.6483224,44.9976657,43.6287667,15524233.0,707849119.5,1.4197,1,3.1376,0
2021-12-06,sh.600009,44.9585543,45.10522205,44.2349934,44.69455235,44.9976657,9412206.0,429640476.03,0.8608,1,-0.6736,0
2021-12-07,sh.600009,45.2714455,46.41545395,45.12477775,45.33989045,44.69455235,17144200.0,802487858.53,1.5679,1,1.4439,0
2021-12-08,sh.600009,45.33989045,46.0536735,45.0954442,45.8385608,45.33989045,12630238.0,590057160.66,1.1551,1,1.0998,0
2021-12-09,sh.600009,45.9363393,46.70878945,45.80922725,45.98522855,45.8385608,12338003.0,582572609.0,1.1283,1,0.32,0
2021-12-10,sh.600009,45.90700575,45.98522855,44.97811,45.43766895,45.98522855,16855658.0,781779069.43,1.5415,1,-1.1907,0
2021-12-13,sh.600009,45.47678035,45.88745005,44.7434416,44.8607758,45.43766895,15630577.0,719282434.32,1.4294,1,-1.2696,0
2021-12-14,sh.600009,44.391439,44.63588525,44.0785478,44.586996,44.8607758,11298532.0,511635996.14,1.0333,1,-0.6103,0
2021-12-15,sh.600009,44.6065517,44.6847745,43.56032175,43.75587875,44.586996,12494309.0,561223896.55,1.1426,1,-1.864,0
2021-12-16,sh.600009,43.56032175,43.9807693,43.16920775,43.3158755,43.75587875,11940101.0,529216825.39,1.0919,1,-1.0056,0
2021-12-17,sh.600009,43.32565335,43.34520905,42.5336475,42.631426,43.3158755,14249507.0,622499312.57,1.3031,1,-1.5801,0
2021-12-20,sh.600009,42.42609115,43.1007628,42.2598677,42.4945361,42.631426,9050415.0,394278171.76,0.8277,1,-0.3211,0
2021-12-21,sh.600009,42.3967576,43.22787485,42.2598677,43.07142925,42.4945361,9457746.0,415654667.49,0.8649,1,1.3576,0
2021-12-22,sh.600009,43.67765595,44.195882,43.11054065,43.13009635,43.07142925,9496265.0,422543185.05,0.8684,1,0.1362,0
2021-12-23,sh.600009,43.2376527,43.5309882,42.58253675,42.89542795,43.13009635,7588063.0,333267980.97,0.6939,1,-0.5441,0
2021-12-24,sh.600009,42.7292045,43.61898885,42.66075955,43.57987745,42.89542795,9689223.0,428539578.61,0.8861,1,1.5956,0
2021-12-27,sh.600009,43.69721165,45.22255625,43.6874338,44.96833215,43.57987745,19564066.0,892778307.55,1.7892,1,3.186,0
2021-12-28,sh.600009,44.97811,45.1932227,44.34254975,44.67499665,44.96833215,9145004.0,418212400.75,0.8363,1,-0.6523,0
2021-12-29,sh.600009,44.67499665,45.94611715,44.49899535,45.45722465,44.67499665,19435397.0,903965821.64,1.7774,1,1.7509,0
2021-12-30,sh.600009,45.2714455,46.76745655,44.8998872,46.3274533,45.45722465,18387834.0,866309065.53,1.6816,1,1.9144,0
2021-12-31,sh.600009,46.5816774,46.6012331,45.57455885,45.65278165,46.3274533,9786408.0,459332967.4,0.895,1,-1.4563,0
2022-01-04,sh.600009,45.369224,47.6181295,45.2714455,47.4421282,45.65278165,20690755.0,991329162.59,1.8922,1,3.9195,0
2022-01-05,sh.600009,47.4030168,49.1825855,47.2465712,47.7550194,47.4421282,25367845.0,1251106912.45,2.3199,1,0.6595,0
2022-01-06,sh.600009,48.09724415,48.302579,46.93368,47.911465,47.7550194,15102053.0,736331684.31,1.3811,1,0.3276,0
2022-01-07,sh.600009,47.911465,49.3781425,47.53012885,48.87947215,47.911465,22984897.0,1147374255.89,2.102,1,2.0204,0
2022-01-10,sh.600009,47.56924025,49.17280765,47.129237,48.87947215,48.87947215,13856447.0,688301365.69,1.2672,1,0.0,0
2022-01-11,sh.600009,48.693693,49.52481025,48.3612461,48.50791385,48.87947215,13213088.0,661509648.78,1.2084,1,-0.7602,0
2022-01-12,sh.600009,48.50791385,49.79859005,48.1656891,48.6350259,48.50791385,9747602.0,488283778.4,0.8914,1,0.262,0
2022-01-13,sh.600009,48.62524805,49.48569885,48.03857705,48.1852448,48.6350259,11107692.0,553151387.06,1.0158,1,-0.9248,0
2022-01-14,sh.600009,47.9310207,48.6545816,47.2074598,47.64746305,48.1852448,12135246.0,593417794.64,1.1098,1,-1.1161,0
2022-01-17,sh.600009,47.66701875,47.94079855,46.72834515,47.2270155,47.64746305,12817395.0,616839460.79,1.1722,1,-0.8824,0
2022-01-18,sh.600009,47.129237,48.6350259,46.76745655,48.27324545,47.2270155,14158261.0,688775004.38,1.2948,1,2.2153,0
2022-01-19,sh.600009,47.97990995,48.84036075,47.5594624,48.56658095,48.27324545,10817690.0,534549387.96,0.9893,1,0.6077,0
2022-01-20,sh.600009,48.4785803,50.7274858,48.3221347,49.91592425,48.56658095,19441306.0,994352532.67,1.7779,1,2.7783,0
2022-01-21,sh.600009,50.84482,54.1106219,50.84482,51.71504865,49.91592425,42776258.0,2307744973.39,3.912,1,3.6043,0
2022-01-24,sh.600009,51.57815875,52.2919418,51.03059915,51.16748905,51.71504865,24352039.0,1284470779.07,2.227,1,-1.0588,0
2022-01-25,sh.600009,50.85459785,52.3897203,50.7470415,50.84482,51.16748905,24570422.0,1295057435.28,2.247,1,-0.6306,0
2022-01-26,sh.600009,51.1381555,51.48038025,49.3390311,49.6910337,50.84482,17985102.0,920990740.73,1.6448,1,-2.2692,0
2022-01-27,sh.600009,48.9870285,50.0430363,48.5959145,48.6741373,49.6910337,14785780.0,746468282.43,1.3522,1,-2.0464,0
2022-01-28,sh.600009,48.2634676,50.3559275,47.9310207,49.36836465,48.6741373,14195401.0,713443702.44,1.2982,1,1.4263,0
2022-02-07,sh.600009,50.1603705,51.71504865,49.48569885,51.040377,49.36836465,19848523.0,1028776988.7,1.8152,1,3.3868,0
2022-02-08,sh.600009,51.3532682,53.04483625,51.3337125,52.9568356,51.040377,23800042.0,1274503364.8,2.1765,1,3.7548,0
2022-02-09,sh.600009,53.4457281,55.0297398,52.7221672,54.4626245,52.9568356,25733410.0,1424108892.79,2.3534,1,2.8434,0
2022-02-10,sh.600009,54.17906685,56.71153,54.04217695,56.50619515,54.4626245,26782543.0,1534741915.28,2.4493,1,3.7522,0
2022-02-11,sh.600009,56.48663945,57.7675378,55.342631,56.124859,56.50619515,27402218.0,1578862085.18,2.506,1,-0.6749,0
2022-02-14,sh.600009,56.70175215,57.493758,55.15685185,56.17374825,56.124859,15345755.0,879692307.5,1.4034,1,0.0871,0
2022-02-15,sh.600009,55.733745,55.74352285,53.90528705,54.364846,56.17374825,19927372.0,1108841216.86,1.8224,1,-3.2202,0
2022-02-16,sh.600009,54.4821802,55.8315235,53.778175,54.8732942,54.364846,13427541.0,751290346.64,1.228,1,0.9353,0
2022-02-17,sh.600009,54.6972929,54.6972929,53.4848395,53.973732,54.8732942,15329463.0,845239246.42,1.4019,1,-1.6393,0
2022-02-18,sh.600009,53.6803965,55.8510792,53.4848395,55.6164108,53.973732,15364896.0,867454707.26,1.4051,1,3.0435,0
2022-02-21,sh.600009,54.8537385,55.538188,54.2670675,55.4208538,55.6164108,9080805.0,511102746.05,0.8305,1,-0.3516,0
2022-02-22,sh.600009,54.70707075,54.9906284,53.78795285,54.2670675,55.4208538,11664691.0,648924825.19,1.0668,1,-2.0819,0
2022-02-23,sh.600009,54.0715105,54.6581815,52.65372225,53.0937255,54.2670675,18474211.0,1004925378.45,1.6895,1,-2.1622,0
2022-02-24,sh.600009,52.81016785,52.995947,50.79593075,51.61727015,53.0937255,20160556.0,1066203414.22,1.8437,1,-2.7808,0
2022-02-25,sh.600009,52.2919418,52.65372225,51.26526755,51.8030493,51.61727015,10607210.0,560842176.6,0.97,1,0.3599,0
2022-02-28,sh.600009,51.431491,51.431491,50.4732617,51.18704475,51.8030493,11653101.0,608121360.0,1.0657,1,-1.1891,0
2022-03-01,sh.600009,51.18704475,53.18172615,51.040377,52.9568356,51.18704475,13803326.0,739825200.0,1.2623,1,3.4575,0
2022-03-02,sh.600009,52.47772095,53.3675053,51.73460435,52.8199457,52.9568356,11625031.0,625105440.0,1.0631,1,-0.2585,0
2022-03-03,sh.600009,53.53372875,55.6164108,53.00572485,55.2448525,52.8199457,24631241.0,1377050784.0,2.2526,1,4.5909,0
2022-03-04,sh.600009,54.7168486,55.03951765,53.88573135,54.21817825,55.2448525,12121229.0,674800384.0,1.1085,1,-1.8584,0
2022-03-07,sh.600009,53.7586193,53.7586193,49.44658745,49.8865907,54.21817825,25409046.0,1318165984.0,2.3237,1,-7.9892,0
2022-03-08,sh.600009,49.85725715,51.57815875,48.84036075,48.8696943,49.8865907,19249464.0,982222000.0,1.7604,1,-2.0384,0
2022-03-09,sh.600009,49.01636205,49.8083679,46.70878945,49.29014185,48.8696943,17291427.0,858867744.0,1.5813,1,0.8603,0
2022-03-10,sh.600009,49.87681285,51.0208213,49.56392165,50.3168161,49.29014185,13184762.0,676815280.0,1.2058,1,2.0829,0
2022-03-11,sh.600009,49.3781425,51.1381555,47.8919093,50.1408148,50.3168161,20407757.0,1028549904.0,1.8663,1,-0.3498,0
2022-03-14,sh.600009,47.6181295,48.44924675,45.96567285,45.9754507,50.1408148,28222292.0,1357964160.0,2.581,1,-8.3073,0
2022-03-15,sh.600009,45.760338,46.8554572,44.49899535,44.7043302,45.9754507,19764081.0,918519664.0,1.8075,1,-2.7648,0
2022-03-16,sh.600009,45.955895,49.03591775,45.955895,48.7914715,44.7043302,26913081.0,1301269168.0,2.4612,1,9.1426,0
2022-03-17,sh.600009,49.93547995,51.48038025,48.76213795,50.5710402,48.7914715,26369638.0,1357036752.0,2.4115,1,3.6473,0
2022-03-18,sh.600009,50.17014835,51.9008278,50.11148125,51.51949165,50.5710402,20679082.0,1083194879.54,1.8911,1,1.8755,0
2022-03-21,sh.600009,51.0208213,51.53904735,50.58081805,51.431491,51.51949165,12407123.0,648442803.62,1.1346,1,-0.1708,0
2022-03-22,sh.600009,49.83770145,51.3337125,49.8083679,50.60037375,51.431491,13264220.0,687768748.87,1.213,1,-1.616,0
2022-03-23,sh.600009,50.5123731,50.81548645,49.1825855,50.1603705,50.60037375,12604788.0,642054208.69,1.1527,1,-0.8696,0
2022-03-24,sh.600009,50.062592,50.52215095,49.0065842,49.3976982,50.1603705,7365460.0,374183771.6,0.6736,1,-1.5205,0
2022-03-25,sh.600009,49.671478,49.72036725,47.5007953,47.62790735,49.3976982,13202196.0,648432510.35,1.2074,1,-3.5827,0
2022-03-28,sh.600009,46.20034125,47.8332422,46.16122985,47.4812396,47.62790735,13057002.0,627770132.75,1.1941,1,-0.3079,0
2022-03-29,sh.600009,47.4030168,48.87947215,47.13901485,47.911465,47.4812396,8323631.0,409129270.68,0.7612,1,0.9061,0
2022-03-30,sh.600009,48.4003575,49.5932552,47.520351,49.40747605,47.911465,10059352.0,502108349.25,0.9199,1,3.1224,0
2022-03-31,sh.600009,49.084807,49.671478,47.66701875,48.107022,49.40747605,10034651.0,496443440.79,0.9177,1,-2.6321,0
2022-04-01,sh.600009,47.8136865,50.07236985,47.520351,49.56392165,48.107022,14285696.0,721518104.39,1.3064,1,3.0285,0
2022-04-06,sh.600009,48.9674728,50.77637505,48.89902785,50.01370275,49.56392165,15644954.0,798479173.9,1.4308,1,0.9075,0
2022-04-07,sh.600009,49.5736995,50.54170665,49.09458485,49.30969755,50.01370275,12177125.0,618947779.63,1.1136,1,-1.4076,0
2022-04-08,sh.600009,49.30969755,49.30969755,49.30969755,49.30969755,49.30969755,,,,0,,0
2022-04-11,sh.600009,49.1434741,49.1825855,46.61101095,46.92390215,49.30969755,16471859.0,801532766.41,1.5064,1,-4.8384,0
2022-04-12,sh.600009,46.94345785,51.5683809,46.94345785,51.235934,46.92390215,24520187.0,1244852713.25,2.2424,1,9.1894,0
2022-04-13,sh.600009,50.5514845,50.84482,48.84036075,49.7888122,51.235934,18963473.0,968370916.93,1.7342,1,-2.8244,0
2022-04-14,sh.600009,50.36570535,52.34083105,49.7692565,50.84482,49.7888122,16747597.0,874402951.29,1.5316,1,2.121,0
2022-04-15,sh.600009,50.453706,51.9986063,49.99414705,51.53904735,50.84482,12614621.0,662351819.73,1.1536,1,1.3654,0
2022-04-18,sh.600009,50.85459785,51.40215745,50.01370275,50.65904085,51.53904735,12289866.0,636667438.91,1.1239,1,-1.7075,0
2022-04-19,sh.600009,50.46348385,50.84482,48.4785803,49.03591775,50.65904085,16589594.0,834868910.81,1.5171,1,-3.204,0
2022-04-20,sh.600009,49.05547345,50.42437245,48.74258225,49.867035,49.03591775,12384593.0,628628707.66,1.1326,1,1.6949,0
2022-04-21,sh.600009,49.42703175,51.10882195,49.19236335,49.671478,49.867035,16195492.0,829367695.16,1.4811,1,-0.3922,0
2022-04-22,sh.600009,49.3781425,50.3559275,48.107022,50.11148125,49.671478,14661712.0,742072141.06,1.3408,1,0.8858,0
2022-04-25,sh.600009,48.88925,48.9088057,47.45190605,47.45190605,50.11148125,15869155.0,780996672.03,1.4513,1,-5.3073,0
2022-04-26,sh.600009,47.51057315,48.0679106,46.0536735,46.9141243,47.45190605,14011269.0,675025693.27,1.2814,1,-1.1333,0
2022-04-27,sh.600009,46.5230103,49.32925325,46.25900835,49.29014185,46.9141243,14972620.0,730161019.93,1.3693,1,5.0646,0
2022-04-28,sh.600009,48.78169365,49.17280765,46.2492305,47.0510142,49.29014185,17024347.0,827858037.22,1.5569,1,-4.5427,0
2022-04-29,sh.600009,46.738123,48.88925,45.77011585,48.302579,47.0510142,16179570.0,784583029.35,1.4796,1,2.66,0
2022-05-05,sh.600009,48.03857705,50.18970405,47.1096813,50.1603705,48.302579,18501826.0,932088645.19,1.692,1,3.8462,0
2022-05-06,sh.600009,48.5959145,48.693693,46.82612365,47.13901485,50.1603705,19331065.0,940018325.06,1.7679,1,-6.0234,0
2022-05-09,sh.600009,46.738123,47.6767966,45.94611715,46.20034125,47.13901485,11823420.0,563430633.99,1.0813,1,-1.9913,0
2022-05-10,sh.600009,45.6625595,46.18078555,44.73366375,46.0732292,46.20034125,15252149.0,709370573.28,1.3948,1,-0.2751,0
2022-05-11,sh.600009,46.08300705,47.68657445,46.08300705,46.61101095,46.0732292,18782202.0,901330787.79,1.7177,1,1.1672,0
2022-05-12,sh.600009,46.10256275,46.3274533,44.782553,45.369224,46.61101095,18077876.0,838953365.76,1.6532,1,-2.6641,0
2022-05-13,sh.600009,44.79233085,45.90700575,44.73366375,45.80922725,45.369224,15109640.0,699866549.89,1.3818,1,0.9698,0
2022-05-16,sh.600009,46.53278815,47.27590475,45.7212266,46.7772344,45.80922725,16906638.0,804189256.39,1.5461,1,2.1131,0
2022-05-17,sh.600009,46.4056761,47.08034775,46.0536735,46.98256925,46.7772344,12801610.0,611011497.95,1.1707,1,0.439,0
2022-05-18,sh.600009,47.0119028,47.39323895,45.8581165,46.0536735,46.98256925,10376599.0,491917840.85,0.949,1,-1.9771,0
2022-05-19,sh.600009,45.30077905,45.8972279,45.02699925,45.71144875,46.0536735,7411147.0,344626871.32,0.6778,1,-0.7431,0
2022-05-20,sh.600009,45.7407823,46.88479075,45.7407823,46.6990116,45.71144875,14755199.0,700509850.92,1.3494,1,2.1604,0
2022-05-23,sh.600009,46.6990116,46.6990116,45.6234481,46.3078976,46.6990116,10928700.0,515951087.56,0.9994,1,-0.8375,0
2022-05-24,sh.600009,46.6012331,47.4225725,46.12211845,46.2101191,46.3078976,15463711.0,739597945.78,1.4142,1,-0.2111,0
2022-05-25,sh.600009,45.96567285,48.2634676,45.71144875,48.107022,46.2101191,23847806.0,1158030260.3,2.1809,1,4.105,0
2022-05-26,sh.600009,47.7550194,48.7914715,47.715908,48.25368975,48.107022,13427875.0,662719416.24,1.228,1,0.3049,0
2022-05-27,sh.600009,48.6741373,48.7914715,47.4225725,47.96035425,48.25368975,9712826.0,477181346.92,0.8883,1,-0.6079,0
2022-05-30,sh.600009,48.74258225,49.4954767,48.5176917,48.89902785,47.96035425,15507549.0,776898016.95,1.4182,1,1.9572,0
2022-05-31,sh.600009,49.07502915,50.03325845,48.5176917,49.29014185,48.89902785,15032325.0,755521569.91,1.3747,1,0.7998,0
2022-06-01,sh.600009,49.29014185,49.83770145,47.4030168,47.80390865,49.29014185,16141244.0,795437998.49,1.4761,1,-3.0153,0
2022-06-02,sh.600009,47.82346435,47.99946565,47.06079205,47.41279465,47.80390865,10322344.0,499757434.68,0.944,1,-0.8182,0
2022-06-06,sh.600009,47.324794,47.80390865,46.45456535,47.80390865,47.41279465,11324683.0,547125347.61,1.0357,1,0.8249,0
2022-06-07,sh.600009,47.8723536,48.33191255,47.23679335,47.520351,47.80390865,11442141.0,557218339.89,1.0464,1,-0.5932,0
2022-06-08,sh.600009,47.520351,48.302579,47.37368325,48.0483549,47.520351,11473166.0,561025892.11,1.0492,1,1.1111,0
2022-06-09,sh.600009,47.82346435,48.23413405,47.520351,47.82346435,48.0483549,11087402.0,542668274.95,1.014,1,-0.4681,0
2022-06-10,sh.600009,47.27590475,47.6181295,46.47412105,47.129237,47.82346435,19143510.0,916122559.9,1.7507,1,-1.4516,0
2022-06-13,sh.600009,46.6403445,46.70878945,45.955895,46.2492305,47.129237,14697344.0,694362564.82,1.3441,1,-1.8672,0
2022-06-14,sh.600009,45.86789435,46.6403445,45.760338,46.6012331,46.2492305,9660702.0,456180068.86,0.8835,1,0.7611,0
2022-06-15,sh.600009,46.542566,47.4225725,46.27856405,46.542566,46.6012331,17573504.0,841755312.07,1.6071,1,-0.1259,0
2022-06-16,sh.600009,46.542566,47.11945915,46.31767545,46.8359015,46.542566,12649280.0,604289443.2,1.1568,1,0.6303,0
2022-06-17,sh.600009,46.5816774,46.93368,46.1318963,46.9141243,46.8359015,13227347.0,630249548.41,1.2097,1,0.167,0
2022-06-20,sh.600009,47.15857055,49.280364,47.13901485,48.74258225,46.9141243,26080279.0,1286467418.53,2.3851,1,3.8975,0
2022-06-21,sh.600009,48.88925,49.8474793,48.35146825,48.97725065,48.74258225,19056567.0,958532824.14,1.7428,1,0.4814,0
2022-06-22,sh.600009,49.2216969,49.3585868,47.92124285,48.07768845,48.97725065,9982216.0,494273998.93,0.9129,1,-1.8367,0
2022-06-23,sh.600009,48.17546695,48.48835815,47.6376852,48.09724415,48.07768845,10575791.0,519639457.11,0.9672,1,0.0407,0
2022-06-24,sh.600009,48.09724415,49.4563653,47.5007953,48.87947215,48.09724415,15363457.0,760764897.69,1.405,1,1.6263,0
2022-06-27,sh.600009,49.36836465,52.2528304,49.36836465,50.91326495,48.87947215,33439613.0,1748985604.32,3.0581,1,4.1608,0
2022-06-28,sh.600009,50.9230428,56.0075248,50.5514845,55.25463035,50.91326495,46366396.0,2531541702.55,4.2403,1,8.527,0
2022-06-29,sh.600009,55.23507465,56.4377502,54.2084004,54.41373525,55.25463035,31018433.0,1752461469.17,2.8367,1,-1.5219,0
2022-06-30,sh.600009,55.8315235,56.29108245,54.7168486,55.4404095,54.41373525,27387809.0,1555335948.95,2.5047,1,1.8868,0
2022-07-01,sh.600009,54.92218345,54.98085055,52.604833,52.94705775,55.4404095,21314416.0,1162342947.13,1.9492,1,-4.4974,0
2022-07-04,sh.600009,52.96661345,53.778175,51.9203835,52.5070545,52.94705775,17914784.0,961163160.94,1.6383,1,-0.831,0
2022-07-05,sh.600009,52.63416655,52.88839065,51.93016135,52.26260825,52.5070545,13044449.0,698295282.27,1.1929,1,-0.4655,0
2022-07-06,sh.600009,51.8812721,52.04749555,50.79593075,51.040377,52.26260825,13863818.0,725995416.69,1.2679,1,-2.3386,0
2022-07-07,sh.600009,50.56126235,51.3141568,50.4145946,50.58081805,51.040377,13146299.0,681969024.95,1.2022,1,-0.9004,0
2022-07-08,sh.600009,51.48038025,52.3506089,50.32659395,50.3754832,50.58081805,14417294.0,752524164.42,1.3185,1,-0.406,0
2022-07-11,sh.600009,49.42703175,49.9648135,48.7719158,49.17280765,50.3754832,14234587.0,715598620.04,1.3018,1,-2.3874,0
2022-07-12,sh.600009,49.05547345,49.85725715,48.9674728,49.42703175,49.17280765,11400268.0,577181772.66,1.0426,1,0.517,0
2022-07-13,sh.600009,49.671478,50.65904085,49.52481025,49.89636855,49.42703175,10801329.0,553361426.53,0.9878,1,0.9496,0
2022-07-14,sh.600009,49.77903435,52.14527405,49.475921,51.14793335,49.89636855,18823608.0,984492115.99,1.7214,1,2.5083,0
2022-07-15,sh.600009,51.0208213,51.7248265,50.46348385,50.649263,51.14793335,12730493.0,665804913.32,1.1642,1,-0.975,0
2022-07-18,sh.600009,50.3559275,50.7470415,49.7105894,50.09192555,50.649263,10476252.0,536946957.69,0.9581,1,-1.1004,0
2022-07-19,sh.600009,50.258149,50.63948515,49.68125585,50.09192555,50.09192555,8982203.0,458881356.82,0.8214,1,0.0,0
2022-07-20,sh.600009,50.2777047,51.30437895,50.1603705,50.42437245,50.09192555,9022793.0,468234398.03,0.8251,1,0.6637,0
2022-07-21,sh.600009,50.34614965,50.649263,49.7888122,49.8474793,50.42437245,7457285.0,382221857.59,0.682,1,-1.1441,0
2022-07-22,sh.600009,49.867035,51.7639379,49.671478,51.18704475,49.8474793,14631907.0,765225682.75,1.3381,1,2.6873,0
2022-07-25,sh.600009,51.20660045,51.20660045,50.1408148,50.40481675,51.18704475,8013157.0,414405265.73,0.7328,1,-1.5282,0
2022-07-26,sh.600009,50.79593075,52.81016785,50.77637505,51.57815875,50.40481675,18044427.0,956127250.64,1.6502,1,2.3278,0
2022-07-27,sh.600009,51.10882195,52.73194505,51.05015485,51.94971705,51.57815875,11548970.0,614364475.47,1.0562,1,0.7204,0
2022-07-28,sh.600009,52.213719,53.2892825,52.04749555,52.2332747,51.94971705,13697014.0,738670889.22,1.2526,1,0.5458,0
2022-07-29,sh.600009,52.018162,52.018162,49.6910337,50.4341503,52.2332747,18983172.0,978880285.48,1.736,1,-3.4444,0
2022-08-01,sh.600009,50.44392815,55.0297398,50.44392815,53.582618,50.4341503,33459326.0,1829752992.35,3.0599,1,6.2427,0
2022-08-02,sh.600009,52.9568356,55.0492955,52.0377177,54.17906685,53.582618,31398118.0,1740430515.84,2.8714,1,1.1131,0
2022-08-03,sh.600009,54.17906685,55.41107595,53.6999522,54.3452903,54.17906685,24053685.0,1348220955.27,2.1997,1,0.3068,0
2022-08-04,sh.600009,54.6581815,55.9684134,53.7977307,55.6750779,54.3452903,23967216.0,1354445353.0,2.1918,1,2.4469,0
2022-08-05,sh.600009,56.17374825,56.3790831,54.560403,55.3621867,55.6750779,15048408.0,851038891.0,1.3762,1,-0.562,0
2022-08-08,sh.600009,54.08128835,56.4964173,53.7586193,55.7533007,55.3621867,14975045.0,853729079.0,1.3695,1,0.7065,0
2022-08-09,sh.600009,55.7141893,56.0075248,54.94173915,55.7141893,55.7533007,10829704.0,615640109.0,0.9904,1,-0.0702,0
2022-08-10,sh.600009,55.70441145,56.21285965,54.45284665,54.64840365,55.7141893,12353716.0,695430796.0,1.1298,1,-1.913,0
2022-08-11,sh.600009,54.7950714,55.8315235,53.8368421,55.4990766,54.64840365,10931916.0,613308795.0,0.9997,1,1.5566,0
2022-08-12,sh.600009,56.2226375,57.19064465,55.342631,56.71153,55.4990766,13576596.0,784068515.0,1.2416,1,2.1846,0
2022-08-15,sh.600009,56.3008603,56.3008603,55.3621867,55.50885445,56.71153,9774293.0,556607372.81,0.8939,1,-2.1207,0
2022-08-16,sh.600009,55.4404095,56.3790831,55.4208538,55.78263425,55.50885445,6857355.0,391717108.06,0.6271,1,0.4932,0
2022-08-17,sh.600009,55.78263425,57.689315,55.58707725,56.21285965,55.78263425,8547709.0,495457220.96,0.7817,1,0.7713,0
2022-08-18,sh.600009,55.88041275,56.2030818,54.49195805,55.4404095,56.21285965,12142822.0,685663703.92,1.1105,1,-1.3742,0
2022-08-19,sh.600009,55.4795209,55.6359665,55.01996195,55.1861854,55.4404095,6571884.0,371440117.87,0.601,1,-0.4586,0
2022-08-22,sh.600009,55.1079626,55.6359665,54.560403,54.8537385,55.1861854,13117329.0,737431135.85,1.1996,1,-0.6024,0
2022-08-23,sh.600009,54.78529355,55.74352285,53.80750855,54.7755157,54.8537385,9251916.0,515844125.45,0.8461,1,-0.1426,0
2022-08-24,sh.600009,54.96129485,55.70441145,54.49195805,54.9319613,54.7755157,7387277.0,416453118.31,0.6756,1,0.2856,0
2022-08-25,sh.600009,54.8146271,56.4964173,54.66795935,56.40841665,54.9319613,9647189.0,551278521.92,0.8822,1,2.6878,0
2022-08-26,sh.600009,56.6137515,58.79421205,56.3008603,56.48663945,56.40841665,17170904.0,1009247512.72,1.5703,1,0.1387,0
2022-08-29,sh.600009,56.0270805,56.60397365,54.96129485,55.7924121,56.48663945,9452025.0,538159143.74,0.8644,1,-1.229,0
2022-08-30,sh.600009,55.72396715,55.8315235,54.7168486,55.0688512,55.7924121,7166603.0,405223662.48,0.6554,1,-1.2969,0
2022-08-31,sh.600009,55.2448525,56.5941958,54.7364043,55.1666297,55.0688512,13009481.0,740505557.63,1.1897,1,0.1776,0
2022-09-01,sh.600009,55.0492955,55.2448525,53.3283939,53.55328445,55.1666297,12018189.0,665281904.44,1.0991,1,-2.9245,0
2022-09-02,sh.600009,53.6999522,54.25728965,53.12305905,53.8563978,53.55328445,5978139.0,327704007.42,0.5467,1,0.566,0
2022-09-05,sh.600009,53.69017435,54.10084405,52.9568356,53.86617565,53.8563978,5909135.0,324207318.28,0.5404,1,0.0182,0
2022-09-06,sh.600009,54.3061789,55.9879691,53.69017435,55.82174565,53.86617565,11216531.0,633799482.17,1.0258,1,3.6304,0
2022-09-07,sh.600009,55.82174565,56.8288642,55.43063165,55.733745,55.82174565,10420590.0,595744003.58,0.953,1,-0.1576,0
2022-09-08,sh.600009,56.2226375,57.87509415,55.86085705,57.4155352,55.733745,12235560.0,717280425.83,1.119,1,3.0175,0
2022-09-09,sh.600009,57.0048655,57.97287265,56.77997495,57.73820425,57.4155352,7765208.0,456954181.16,0.7101,1,0.562,0
2022-09-13,sh.600009,57.7870935,58.71598925,57.2786453,58.1195404,57.73820425,9411264.0,561080715.03,0.8607,1,0.6605,0
2022-09-14,sh.600009,56.71153,58.2173189,56.40841665,57.42531305,58.1195404,7194444.0,423103963.83,0.6579,1,-1.1945,0
2022-09-15,sh.600009,57.42531305,58.471543,56.66264075,57.09286615,57.42531305,7198691.0,421844294.15,0.6583,1,-0.5789,0
2022-09-16,sh.600009,57.05375475,57.7088707,56.1835261,56.52575085,57.09286615,7991722.0,464204867.08,0.7309,1,-0.9933,0
2022-09-19,sh.600009,56.25197105,59.5275508,55.89996845,58.93110195,56.52575085,20861063.0,1251554134.84,1.9078,1,4.2553,0
2022-09-20,sh.600009,59.00932475,59.3124381,58.3150974,59.0191026,58.93110195,8550339.0,514650210.37,0.7819,1,0.1493,0
2022-09-21,sh.600009,59.26354885,59.644885,58.42265375,58.57909935,59.0191026,9109387.0,549925456.89,0.8331,1,-0.7455,0
2022-09-22,sh.600009,58.01198405,58.6671,57.22975605,57.9435391,58.57909935,7434761.0,440428609.03,0.6799,1,-1.085,0
2022-09-23,sh.600009,58.0217619,59.14621465,57.493758,58.12931825,57.9435391,7880487.0,469462018.68,0.7207,1,0.3206,0
2022-09-26,sh.600009,57.9826505,60.3293345,57.9435391,58.52043225,58.12931825,12751731.0,773033184.51,1.1662,1,0.6728,0
2022-09-27,sh.600009,58.01198405,61.19956315,58.01198405,61.04311755,58.52043225,18419205.0,1133557934.57,1.6845,1,4.3108,0
2022-09-28,sh.600009,60.427113,61.6786778,59.18532605,59.53732865,61.04311755,13451829.0,825026218.89,1.2302,1,-2.4668,0
2022-09-29,sh.600009,59.5471065,59.6253293,57.3177567,57.93376125,59.53732865,15618746.0,927270907.43,1.4284,1,-2.6934,0
2022-09-30,sh.600009,57.79687135,57.8066492,55.342631,56.4964173,57.93376125,17128376.0,990612178.45,1.5664,1,-2.481,0
2022-10-10,sh.600009,55.8315235,58.01198405,55.6359665,56.2226375,56.4964173,9798718.0,569808812.94,0.8961,1,-0.4846,0
2022-10-11,sh.600009,56.6137515,56.7897528,53.778175,56.3986388,56.2226375,17080360.0,966330766.12,1.562,1,0.313,0
2022-10-12,sh.600009,55.2448525,55.4404095,52.8981685,54.364846,56.3986388,21718348.0,1198259703.78,1.9862,1,-3.6061,0
2022-10-13,sh.600009,53.88573135,55.70441145,53.69017435,54.96129485,54.364846,12452317.0,699414596.45,1.1388,1,1.0971,0
2022-10-14,sh.600009,54.78529355,56.07596975,53.90528705,54.560403,54.96129485,15646543.0,879626934.15,1.4309,1,-0.7294,0
2022-10-17,sh.600009,54.2670675,56.71153,54.1301776,56.66264075,54.560403,11225271.0,641991399.83,1.0266,1,3.853,0
2022-10-18,sh.600009,57.689315,59.4884394,55.6164108,55.88041275,56.66264075,13775904.0,799471473.39,1.2598,1,-1.3805,0
2022-10-19,sh.600009,56.03685835,56.79953065,55.05907335,55.41107595,55.88041275,7264846.0,415324959.03,0.6644,1,-0.8399,0
2022-10-20,sh.600009,54.96129485,57.6502036,54.364846,55.538188,55.41107595,14959644.0,855934443.04,1.3681,1,0.2294,0
2022-10-21,sh.600009,54.951517,56.7897528,53.86617565,56.0661919,55.538188,10899619.0,620985845.48,0.9968,1,0.9507,0
2022-10-24,sh.600009,55.84130135,56.515973,52.995947,53.39683885,56.0661919,15177509.0,844439464.52,1.388,1,-4.7611,0
2022-10-25,sh.600009,52.8981685,56.29108245,52.8981685,55.2644082,53.39683885,11563567.0,650435018.8,1.0575,1,3.4975,0
2022-10-26,sh.600009,55.3817424,57.298201,55.3817424,56.07596975,55.2644082,11769235.0,678039753.7,1.0763,1,1.4685,0
2022-10-27,sh.600009,56.2813046,56.95597625,55.342631,55.4990766,56.07596975,8922718.0,510815272.34,0.816,1,-1.0288,0
2022-10-28,sh.600009,55.50885445,56.3008603,54.560403,54.9906284,55.4990766,9113571.0,515958403.25,0.8334,1,-0.9161,0
2022-10-31,sh.600009,54.74618215,54.90262775,51.42171315,52.1941633,54.9906284,18275598.0,987215218.84,1.6713,1,-5.0853,0
2022-11-01,sh.600009,52.22349685,56.71153,50.9817099,56.71153,52.1941633,21670671.0,1209112430.29,1.9818,1,8.6549,0
2022-11-02,sh.600009,55.93907985,60.5640029,55.78263425,58.44220945,56.71153,37869897.0,2263656649.92,3.4633,1,3.0517,0
2022-11-03,sh.600009,57.56220295,58.12931825,56.5355287,57.26886745,58.44220945,15180325.0,889403590.42,1.3883,1,-2.0077,0
2022-11-04,sh.600009,57.28842315,60.8964498,57.2004225,59.253771,57.26886745,21353909.0,1295929600.49,1.9528,1,3.4659,0
2022-11-07,sh.600009,57.884872,58.77465635,57.3959795,58.2368746,59.253771,13073499.0,775512952.26,1.1956,1,-1.7162,0
2022-11-08,sh.600009,57.91420555,59.34177165,57.3568681,57.6502036,58.2368746,9314702.0,550897885.76,0.8518,1,-1.0074,0
2022-11-09,sh.600009,57.5915365,58.7648785,57.1613111,57.62087005,57.6502036,5975730.0,354559872.89,0.5465,1,-0.0509,0
2022-11-10,sh.600009,57.0830883,58.5693215,56.77997495,58.26620815,57.62087005,12895150.0,762517992.65,1.1793,1,1.12,0
2022-11-11,sh.600009,59.9577762,60.5640029,54.8341828,55.95863555,58.26620815,47728552.0,2779920926.85,4.3648,1,-3.9604,0
2022-11-14,sh.600009,55.733745,55.733745,52.2332747,52.6243887,55.95863555,43849601.0,2392605129.11,4.0101,1,-5.9584,0
2022-11-15,sh.600009,52.75150075,54.64840365,52.63416655,54.2866232,52.6243887,22609573.0,1242299446.66,2.0677,1,3.1587,0
2022-11-16,sh.600009,54.41373525,54.78529355,53.3088382,53.5043952,54.2866232,13662883.0,753176865.91,1.2495,1,-1.4409,0
2022-11-17,sh.600009,53.18172615,53.778175,52.81016785,53.47506165,53.5043952,11790370.0,643181871.14,1.0782,1,-0.0548,0
2022-11-18,sh.600009,53.2892825,53.63150725,52.16482975,52.5657216,53.47506165,15085900.0,813159555.31,1.3796,1,-1.7005,0
2022-11-21,sh.600009,51.79327145,51.8030493,50.5905959,51.0794884,52.5657216,16070682.0,839809732.47,1.4697,1,-2.8274,0
2022-11-22,sh.600009,51.040377,51.5097138,50.7274858,51.20660045,51.0794884,9515455.0,498003623.94,0.8702,1,0.2489,0
2022-11-23,sh.600009,50.87415355,51.18704475,50.0821477,50.9425985,51.20660045,13148388.0,679680542.8,1.2024,1,-0.5156,0
2022-11-24,sh.600009,50.1603705,51.0990441,50.1603705,50.28748255,50.9425985,9461006.0,488192487.46,0.8652,1,-1.286,0
2022-11-25,sh.600009,50.11148125,50.6101516,49.99414705,50.56126235,50.28748255,7134486.0,367890874.26,0.6525,1,0.5444,0
2022-11-28,sh.600009,49.95503565,52.63416655,49.3781425,52.213719,50.56126235,21108565.0,1110895250.62,1.9304,1,3.2682,0
2022-11-29,sh.600009,52.018162,54.5212916,51.627048,54.29640105,52.213719,30995048.0,1697726167.52,2.8345,1,3.9888,0
2022-11-30,sh.600009,54.02262125,54.2475118,52.45816525,54.2475118,54.29640105,15890812.0,870658038.17,1.4532,1,-0.09,0
2022-12-01,sh.600009,55.733745,56.2226375,52.7808343,53.04483625,54.2475118,27247008.0,1498947807.33,2.4918,1,-2.217,0
2022-12-02,sh.600009,52.8981685,53.14261475,52.04749555,52.51683235,53.04483625,17203071.0,922394089.45,1.5732,1,-0.9954,0
2022-12-05,sh.600009,53.6608408,55.09818475,53.00572485,54.0715105,52.51683235,26840258.0,1487321972.63,2.4546,1,2.9603,0
2022-12-06,sh.600009,53.59239585,55.78263425,53.582618,55.1666297,54.0715105,26558067.0,1495792188.23,2.4288,1,2.0253,0
2022-12-07,sh.600009,55.62618865,57.689315,55.17640755,55.88041275,55.1666297,36180205.0,2077152300.58,3.3087,1,1.2939,0
2022-12-08,sh.600009,56.31063815,57.0048655,55.733745,56.60397365,55.88041275,23658713.0,1364909782.23,2.1636,1,1.2948,0
2022-12-09,sh.600009,56.87775345,58.080429,56.1053033,56.9657541,56.60397365,16835806.0,979525806.89,1.5397,1,0.6391,0
2022-12-12,sh.600009,57.3764238,58.8431013,57.0439769,57.65998145,56.9657541,28278742.0,1681992259.82,2.5861,1,1.2187,0
2022-12-13,sh.600009,57.79687135,59.3124381,57.03419905,57.69909285,57.65998145,21114425.0,1254176299.86,1.9309,1,0.0678,0
2022-12-14,sh.600009,57.5915365,59.3124381,57.56220295,58.7648785,57.69909285,21056010.0,1265333754.48,1.9256,1,1.8471,0
2022-12-15,sh.600009,59.1559925,59.4884394,58.080429,58.38354235,58.7648785,17707632.0,1059918290.4,1.6194,1,-0.6489,0
2022-12-16,sh.600009,58.1782075,59.1559925,57.884872,59.058214,58.38354235,14293117.0,858259660.09,1.3071,1,1.1556,0
2022-12-19,sh.600009,59.04843615,59.77199705,58.01198405,58.862657,59.058214,14402799.0,867702535.07,1.3172,1,-0.3311,0
2022-12-20,sh.600009,58.5693215,58.6475443,56.4181945,56.60397365,58.862657,20513923.0,1196725035.88,1.876,1,-3.8372,0
2022-12-21,sh.600009,56.6919743,58.61821075,56.6919743,58.2173189,56.60397365,18939864.0,1123231632.18,1.7321,1,2.8502,0
2022-12-22,sh.600009,58.471543,58.7844342,57.73820425,58.1195404,58.2173189,10747646.0,641178587.28,0.9829,1,-0.168,0
2022-12-23,sh.600009,57.8653163,59.16577035,57.65998145,58.30531955,58.1195404,10408864.0,622103552.1,0.9519,1,0.3197,0
2022-12-26,sh.600009,58.2564303,59.7622192,57.689315,58.080429,58.30531955,15739943.0,943276659.06,1.4394,1,-0.3857,0
2022-12-27,sh.600009,59.058214,59.14621465,56.7897528,57.9826505,58.080429,18157182.0,1076693333.51,1.6605,1,-0.1684,0
2022-12-28,sh.600009,57.6697593,58.471543,56.68219645,56.8093085,57.9826505,16906344.0,991004856.51,1.5461,1,-2.0236,0
2022-12-29,sh.600009,56.8093085,56.99508765,55.7533007,56.13463685,56.8093085,13515878.0,775530076.48,1.236,1,-1.1876,0
2022-12-30,sh.600009,56.19330395,56.66264075,55.8315235,56.42797235,56.13463685,10167427.0,585486062.98,0.9298,1,0.5226,0
2023-01-03,sh.600009,56.2813046,56.2813046,54.80484925,55.00040625,56.42797235,22797633.0,1288989769.35,2.0849,1,-2.5299,0
2023-01-04,sh.600009,55.0297398,55.23507465,54.2670675,55.17640755,55.00040625,13860215.0,777752785.36,1.2675,1,0.32,0
2023-01-05,sh.600009,55.19596325,57.38620165,54.86351635,57.0439769,55.17640755,22588812.0,1308963830.4,2.0658,1,3.3847,0
2023-01-06,sh.600009,56.907087,56.97553195,55.1666297,55.733745,57.0439769,18506391.0,1055987618.78,1.6924,1,-2.2969,0
2023-01-09,sh.600009,55.8901906,57.3764238,55.72396715,57.22975605,55.733745,19230649.0,1115457986.06,1.7587,1,2.6842,0
2023-01-10,sh.600009,57.2199782,57.2199782,55.93907985,56.71153,57.22975605,13731673.0,793747863.47,1.2558,1,-0.9055,0
2023-01-11,sh.600009,56.6137515,56.6137515,55.4404095,55.8901906,56.71153,15597342.0,890557578.03,1.4264,1,-1.4483,0
2023-01-12,sh.600009,55.733745,56.515973,55.70441145,55.82174565,55.8901906,10781199.0,616570762.2,0.986,1,-0.1225,0
2023-01-13,sh.600009,56.0075248,56.99508765,55.8510792,56.71153,55.82174565,13745095.0,795092118.51,1.257,1,1.594,0
2023-01-16,sh.600009,59.644885,62.382683,59.59599575,61.600455,56.71153,65531404.0,4134658861.89,5.9929,1,8.6207,0
2023-01-17,sh.600009,61.78623415,62.2457931,59.69377425,61.49289865,61.600455,32977342.0,2055312467.69,3.0158,1,-0.1746,0
2023-01-18,sh.600009,61.49289865,62.4609058,61.013784,61.7764563,61.49289865,12051600.0,760935255.17,1.1021,1,0.4611,0
2023-01-19,sh.600009,61.991569,62.2653488,60.035999,60.45644655,61.7764563,19732052.0,1223017908.16,1.8045,1,-2.1368,0
2023-01-20,sh.600009,60.62267,61.57112145,60.37822375,60.61289215,60.45644655,9933152.0,616310646.46,0.9084,1,0.2588,0
2023-01-30,sh.600009,61.4635651,61.5613436,59.14621465,59.644885,60.61289215,21288301.0,1307068579.61,1.9468,1,-1.597,0
2023-01-31,sh.600009,59.83066415,60.02622115,59.00932475,59.1559925,59.644885,13917948.0,844744894.2,1.2728,1,-0.8197,0
2023-02-01,sh.600009,59.53732865,59.8599977,58.57909935,59.14621465,59.1559925,12862344.0,774974108.8,1.1763,1,-0.0165,0
2023-02-02,sh.600009,59.253771,59.85021985,58.85287915,59.16577035,59.14621465,16376777.0,993647626.71,1.4977,1,0.0331,0
2023-02-03,sh.600009,59.1755482,59.6644407,58.61821075,59.41999445,59.16577035,12083734.0,731703054.98,1.1051,1,0.4297,0
2023-02-06,sh.600009,59.3319938,60.06533255,58.7453228,59.644885,59.41999445,10978857.0,668217527.7,1.004,1,0.3785,0
2023-02-07,sh.600009,59.90888695,60.035999,58.862657,58.9799912,59.644885,9717720.0,589325042.95,0.8887,1,-1.1148,0
2023-02-08,sh.600009,59.253771,60.1142218,58.98976905,59.49821725,58.9799912,9451001.0,575548631.92,0.8643,1,0.8786,0
2023-02-09,sh.600009,59.49821725,60.0164433,58.8822127,59.253771,59.49821725,12085351.0,733918982.38,1.1052,1,-0.4108,0
2023-02-10,sh.600009,59.00932475,59.8599977,58.2955417,59.1559925,59.253771,11398732.0,686664088.0,1.0424,1,-0.165,0
2023-02-13,sh.600009,59.1559925,60.5444472,58.46176515,60.41733515,59.1559925,17624844.0,1081073109.74,1.6118,1,2.1322,0
2023-02-14,sh.600009,60.4857801,61.25823025,60.24133385,61.1506739,60.41733515,11756195.0,731117648.28,1.0751,1,1.2138,0
2023-02-15,sh.600009,61.29734165,61.35600875,60.04577685,60.4075573,61.1506739,7896363.0,488364131.21,0.7221,1,-1.2152,0
2023-02-16,sh.600009,60.427113,61.45378725,59.43955015,59.90888695,60.4075573,12393465.0,768536927.48,1.1334,1,-0.8255,0
2023-02-17,sh.600009,59.96755405,60.9551169,58.862657,58.91154625,59.90888695,10761655.0,656176943.94,0.9842,1,-1.6648,0
2023-02-20,sh.600009,59.59599575,60.4857801,59.20488175,60.20222245,58.91154625,10020219.0,615304599.85,0.9164,1,2.1909,0
2023-02-21,sh.600009,60.1337775,60.37822375,58.6671,59.06799185,60.20222245,13799181.0,834507704.74,1.262,1,-1.884,0
2023-02-22,sh.600009,58.67687785,59.16577035,58.3346531,58.471543,59.06799185,8695628.0,520447481.51,0.7952,1,-1.0098,0
2023-02-23,sh.600009,58.46176515,58.63776645,57.493758,57.7675378,58.471543,12256200.0,724107114.83,1.1208,1,-1.204,0
2023-02-24,sh.600009,57.7088707,57.85553845,57.102644,57.3568681,57.7675378,7556887.0,443703665.9,0.6911,1,-0.7109,0
2023-02-27,sh.600009,57.01464335,57.48398015,56.52575085,57.44486875,57.3568681,9681905.0,564249619.78,0.8854,1,0.1534,0
2023-02-28,sh.600009,57.54264725,57.73820425,56.8875313,57.3373124,57.44486875,6756531.0,396108720.95,0.6179,1,-0.1872,0
2023-03-01,sh.600009,57.3373124,57.87509415,57.2004225,57.5133137,57.3373124,6757999.0,397858003.28,0.618,1,0.307,0
2023-03-02,sh.600009,57.5719808,58.1586518,57.493758,57.5915365,57.5133137,7648934.0,452125066.06,0.3969,1,0.136,0
2023-03-03,sh.600009,57.6306479,58.32487525,57.5719808,58.1195404,57.5915365,8512428.0,504872340.09,0.4418,1,0.9168,0
2023-03-06,sh.600009,58.1195404,58.5888772,57.3764238,57.5915365,58.1195404,9726547.0,574411642.87,0.5048,1,-0.9085,0
2023-03-07,sh.600009,57.46442445,57.83598275,56.64308505,56.6724186,57.5915365,7627894.0,445869061.52,0.3959,1,-1.5959,0
2023-03-08,sh.600009,56.62352935,57.2004225,55.9097463,57.0439769,56.6724186,6347304.0,368058067.8,0.3294,1,0.6556,0
2023-03-09,sh.600009,56.99508765,57.3373124,56.4573059,56.76041925,57.0439769,7384593.0,428150999.27,0.3832,1,-0.4971,0
2023-03-10,sh.600009,56.0075248,56.8288642,55.39152025,55.62618865,56.76041925,10763780.0,613896092.33,0.5586,1,-1.9983,0
2023-03-13,sh.600009,55.58707725,56.5550844,55.45018735,56.46708375,55.62618865,8443658.0,484900956.65,0.4382,1,1.5117,0
2023-03-14,sh.600009,56.4573059,56.56486225,55.538188,56.05641405,56.46708375,7022214.0,402786765.44,0.3644,1,-0.7273,0
2023-03-15,sh.600009,56.34974955,57.28842315,55.76307855,55.88041275,56.05641405,8192377.0,472459915.87,0.4251,1,-0.314,0
2023-03-16,sh.600009,55.6359665,56.2421932,54.41373525,54.82440495,55.88041275,10833252.0,610024552.15,0.5622,1,-1.8898,0
2023-03-17,sh.600009,55.0101841,55.5968551,54.0519548,54.31595675,54.82440495,10447157.0,584195349.45,0.5422,1,-0.9274,0
2023-03-20,sh.600009,54.0715105,54.0715105,53.1132812,53.25994895,54.31595675,12182625.0,667208989.51,0.6322,1,-1.9442,0
2023-03-21,sh.600009,53.582618,55.03951765,53.3479496,54.8732942,53.25994895,11668210.0,647325959.33,0.6055,1,3.0292,0
2023-03-22,sh.600009,54.9319613,55.15685185,54.3061789,54.62884795,54.8732942,6624774.0,370230401.51,0.3438,1,-0.4455,0
2023-03-23,sh.600009,54.364846,54.45284665,53.59239585,54.2475118,54.62884795,10669091.0,587596474.14,0.5537,1,-0.698,0
2023-03-24,sh.600009,54.1497333,54.55062515,53.5043952,53.61195155,54.2475118,9622065.0,530166146.83,0.4993,1,-1.1716,0
2023-03-27,sh.600009,53.6412851,53.92484275,52.9372799,53.84661995,53.61195155,13354787.0,728489730.02,0.6931,1,0.4377,0
2023-03-28,sh.600009,53.9150649,54.15951115,52.84927925,52.98616915,53.84661995,10027483.0,545871255.78,0.5204,1,-1.598,0
2023-03-29,sh.600009,52.98616915,53.8955092,52.94705775,53.3283939,52.98616915,8221526.0,449758541.18,0.4267,1,0.6459,0
2023-03-30,sh.600009,53.39683885,55.0297398,53.39683885,54.951517,53.3283939,14075279.0,782683077.81,0.7304,1,3.0436,0
2023-03-31,sh.600009,54.951517,55.19596325,54.3844017,54.49195805,54.951517,9277891.0,518457693.15,0.4815,1,-0.8363,0
2023-04-03,sh.600009,54.560403,55.733745,54.21817825,55.21551895,54.49195805,12567006.0,707550197.13,0.6522,1,1.3278,0
2023-04-04,sh.600009,55.1666297,56.3595274,54.98085055,55.95863555,55.21551895,14122096.0,806424355.62,0.7329,1,1.3458,0
2023-04-06,sh.600009,55.9488577,56.1639704,55.4404095,55.733745,55.95863555,8320990.0,474282294.78,0.4318,1,-0.4019,0
2023-04-07,sh.600009,55.74352285,56.01730265,55.4012981,55.7924121,55.733745,6764800.0,386108950.53,0.3511,1,0.1053,0
2023-04-10,sh.600009,55.7924121,55.82174565,54.92218345,55.03951765,55.7924121,8002599.0,451345542.9,0.4153,1,-1.3495,0
2023-04-11,sh.600009,54.96129485,55.2839639,54.57018085,55.23507465,55.03951765,7388382.0,415844137.66,0.3834,1,0.3553,0
2023-04-12,sh.600009,55.15685185,55.2448525,54.2670675,54.4235131,55.23507465,8177330.0,455947690.8,0.4244,1,-1.4693,0
2023-04-13,sh.600009,54.2670675,54.6386258,53.84661995,54.5408473,54.4235131,7494016.0,414996372.25,0.3889,1,0.2156,0
2023-04-14,sh.600009,54.6777372,54.7168486,53.4457281,53.69017435,54.5408473,11720995.0,644408711.66,0.6083,1,-1.5597,0
2023-04-17,sh.600009,53.72928575,54.64840365,53.72928575,54.37462385,53.69017435,10799837.0,598799474.24,0.5605,1,1.2748,0
2023-04-18,sh.600009,54.53106945,54.55062515,53.47506165,54.06173265,54.37462385,8127049.0,448711303.22,0.4218,1,-0.5754,0
2023-04-19,sh.600009,54.3452903,54.3452903,53.49461735,54.06173265,54.06173265,10458775.0,576963315.8,0.5428,1,0.0,0
2023-04-20,sh.600009,54.12039975,54.45284665,53.37728315,53.6412851,54.06173265,9052975.0,497852744.67,0.4698,1,-0.7777,0
2023-04-21,sh.600009,53.65106295,53.6999522,52.45816525,52.53638805,53.6412851,10837638.0,586752473.69,0.5624,1,-2.0598,0
2023-04-24,sh.600009,52.5070545,52.5266102,50.8252643,51.32393465,52.53638805,13851444.0,728200520.2,0.7188,1,-2.3078,0
2023-04-25,sh.600009,51.38260175,52.00838415,49.87681285,51.03059915,51.32393465,11754327.0,609841747.33,0.61,1,-0.5715,0
2023-04-26,sh.600009,51.040377,51.89104995,51.040377,51.77371575,51.03059915,7633880.0,403123768.94,0.3962,1,1.4562,0
2023-04-27,sh.600009,51.91060565,52.3114975,51.2946011,51.7052708,51.77371575,6785079.0,358649582.84,0.3521,1,-0.1322,0
2023-04-28,sh.600009,51.822605,52.5070545,51.36304605,52.5070545,51.7052708,9641185.0,513025332.07,0.5003,1,1.5507,0
2023-05-04,sh.600009,52.5070545,52.5070545,50.4341503,50.7274858,52.5070545,13035963.0,681416024.85,0.6765,1,-3.3892,0
2023-05-05,sh.600009,50.84482,51.4706024,50.7274858,51.2946011,50.7274858,6446075.0,337413779.25,0.3345,1,1.118,0
2023-05-08,sh.600009,51.5683809,51.6466037,50.0430363,50.2777047,51.2946011,12224261.0,630139050.0,0.6344,1,-1.9825,0
2023-05-09,sh.600009,50.258149,50.95237635,50.05281415,50.17014835,50.2777047,9767073.0,504235036.22,0.5069,1,-0.2139,0
2023-05-10,sh.600009,50.1603705,50.258149,48.89902785,49.13369625,50.17014835,11649540.0,587020932.71,0.6046,1,-2.0659,0
2023-05-11,sh.600009,49.23147475,49.32925325,48.4590246,48.5959145,49.13369625,11071171.0,552905626.9,0.5745,1,-1.0945,0
2023-05-12,sh.600009,48.6545816,48.82080505,47.90168715,48.0287992,48.5959145,7467502.0,368883095.85,0.3875,1,-1.167,0
2023-05-15,sh.600009,48.03857705,48.8696943,47.5985738,48.8501386,48.0287992,7071852.0,349316938.5,0.367,1,1.7101,0
2023-05-16,sh.600009,48.84036075,49.0652513,48.5959145,48.82080505,48.8501386,5732928.0,286363945.6,0.2975,1,-0.06,0
2023-05-17,sh.600009,49.03591775,49.2216969,48.15591125,48.3808018,48.82080505,6362023.0,316803377.83,0.3302,1,-0.9013,0
2023-05-18,sh.600009,48.3808018,48.87947215,47.88213145,48.107022,48.3808018,6323693.0,312337022.89,0.3282,1,-0.5659,0
2023-05-19,sh.600009,48.0092435,48.58613665,47.8332422,48.27324545,48.107022,4118270.0,203219653.53,0.2137,1,0.3455,0
2023-05-22,sh.600009,48.31235685,49.48569885,48.01902135,49.17280765,48.27324545,8592258.0,430423913.89,0.4459,1,1.8635,0
2023-05-23,sh.600009,48.88925,49.13369625,47.78435295,47.8527979,49.17280765,10212763.0,503243953.15,0.53,1,-2.6844,0
2023-05-24,sh.600009,47.53012885,47.54968455,46.2296748,46.23945265,47.8527979,13617771.0,650967243.32,0.7067,1,-3.3715,0
2023-05-25,sh.600009,46.2296748,46.70878945,45.760338,46.31767545,46.23945265,7116543.0,336270853.88,0.3693,1,0.1692,0
2023-05-26,sh.600009,46.3665647,46.4447875,45.61367025,46.2296748,46.31767545,5175700.0,243903627.09,0.2686,1,-0.19,0
2023-05-29,sh.600009,46.2687862,46.53278815,45.90700575,46.06345135,46.2296748,5455987.0,257446234.66,0.2831,1,-0.3596,0
2023-05-30,sh.600009,46.06345135,46.2296748,44.83144225,45.6625595,46.06345135,12213511.0,565977879.72,0.6338,1,-0.8703,0
2023-05-31,sh.600009,45.49633605,45.94611715,44.7043302,45.564781,45.6625595,8920998.0,413078751.13,0.463,1,-0.2141,0
2023-06-01,sh.600009,45.41811325,45.41811325,44.04921425,44.1176592,45.564781,15642062.0,712139391.56,0.8117,1,-3.176,0
2023-06-02,sh.600009,44.1176592,45.1541113,44.1176592,44.96833215,44.1176592,10267928.0,469936113.93,0.5329,1,1.9282,0
2023-06-05,sh.600009,44.96833215,45.32033475,44.4305504,44.782553,44.96833215,6374909.0,292877223.79,0.3308,1,-0.4131,0
2023-06-06,sh.600009,44.8216644,45.02699925,43.8243237,44.18610415,44.782553,10474472.0,475916059.54,0.5436,1,-1.3319,0
2023-06-07,sh.600009,44.18610415,45.4670025,44.12743705,44.8216644,44.18610415,9062402.0,415794171.1,0.4703,1,1.4384,0
2023-06-08,sh.600009,44.9194429,45.75056015,44.83144225,45.59411455,44.8216644,10140785.0,470804657.17,0.5263,1,1.7234,0
2023-06-09,sh.600009,45.760338,45.9363393,45.41811325,45.92656145,45.59411455,10726219.0,501817529.42,0.5566,1,0.7291,0
2023-06-12,sh.600009,45.92656145,46.31767545,45.45722465,45.86789435,45.92656145,7101930.0,333426102.71,0.3686,1,-0.1277,0
2023-06-13,sh.600009,45.67233735,46.06345135,45.51589175,45.77011585,45.86789435,7329428.0,342350333.69,0.3804,1,-0.2132,0
2023-06-14,sh.600009,45.7798937,46.47412105,45.6625595,45.8972279,45.77011585,9306114.0,438118572.7,0.4829,1,0.2777,0
2023-06-15,sh.600009,45.955895,46.88479075,45.71144875,46.5621217,45.8972279,8844621.0,418864755.37,0.459,1,1.4487,0
2023-06-16,sh.600009,46.57189955,46.80656795,46.25900835,46.7185673,46.5621217,7720775.0,367878345.36,0.4007,1,0.336,0
2023-06-19,sh.600009,46.8750129,47.49101745,46.347009,46.76745655,46.7185673,9159127.0,438897628.75,0.4753,1,0.1046,0
2023-06-20,sh.600009,46.7772344,46.9141243,46.06345135,46.1710077,46.76745655,6369847.0,301871273.43,0.3306,1,-1.2754,0
2023-06-21,sh.600009,46.18078555,47.129237,46.16122985,46.23945265,46.1710077,8437629.0,401274365.44,0.4379,1,0.1482,0
2023-06-26,sh.600009,45.94611715,45.94611715,44.69455235,44.7238859,46.23945265,10972693.0,504976894.26,0.5694,1,-3.2776,0
2023-06-27,sh.600009,44.7238859,45.43766895,44.3523276,45.369224,44.7238859,6460635.0,298346549.8,0.3353,1,1.4429,0
2023-06-28,sh.600009,45.53544745,45.5452253,44.9976657,45.3301126,45.369224,6115740.0,283326892.5,0.3174,1,-0.0862,0
2023-06-29,sh.600009,45.369224,45.4474468,44.2936605,44.4109947,45.3301126,9069359.0,413203912.09,0.4707,1,-2.0276,0
2023-06-30,sh.600009,44.3718833,44.57721815,44.1567706,44.4109947,44.4109947,6826886.0,309920694.97,0.3543,1,0.0,0
2023-07-03,sh.600009,44.44032825,46.4838989,44.44032825,45.9950064,44.4109947,17526316.0,820930422.62,0.9095,1,3.5667,0
2023-07-04,sh.600009,45.8581165,46.63056665,45.75056015,46.2883419,45.9950064,10058410.0,475409932.69,0.522,1,0.6378,0
2023-07-05,sh.600009,46.2296748,46.4447875,45.80922725,45.8776722,46.2883419,5126800.0,241013056.3,0.2661,1,-0.8872,0
2023-07-06,sh.600009,45.8581165,46.4252318,45.14433345,45.2518898,45.8776722,8142685.0,379915331.19,0.4226,1,-1.364,0
2023-07-07,sh.600009,45.06611065,45.6038924,45.00744355,45.4670025,45.2518898,4823773.0,223858478.61,0.2503,1,0.4754,0
2023-07-10,sh.600009,45.8385608,46.39589825,45.5452253,46.0341178,45.4670025,8554440.0,402625912.71,0.4439,1,1.2473,0
2023-07-11,sh.600009,46.0341178,46.3665647,45.67233735,46.27856405,46.0341178,6882643.0,324584326.75,0.3572,1,0.531,0
2023-07-12,sh.600009,46.45456535,46.45456535,45.80922725,45.955895,46.27856405,5355308.0,251933410.18,0.2779,1,-0.6972,0
2023-07-13,sh.600009,46.14167415,46.2492305,45.7798937,45.8776722,45.955895,7156658.0,336409646.8,0.3714,1,-0.1702,0
2023-07-14,sh.600009,46.06345135,46.0927849,44.782553,44.8607758,45.8776722,15874061.0,730629090.33,0.8238,1,-2.2165,0
2023-07-17,sh.600009,44.87055365,45.22255625,44.5087732,44.9976657,44.8607758,6149005.0,282612521.1,0.3191,1,0.3051,0
2023-07-18,sh.600009,44.90966505,44.9585543,44.4892175,44.6065517,44.9976657,8570210.0,391655634.85,0.4448,1,-0.8692,0
2023-07-19,sh.600009,44.5674403,44.6065517,43.9025465,43.99054715,44.6065517,12458490.0,561982506.8,0.6465,1,-1.381,0
2023-07-20,sh.600009,43.9612136,44.391439,43.3158755,43.34520905,43.99054715,14331931.0,641496675.79,0.7438,1,-1.467,0
2023-07-21,sh.600009,43.34520905,44.36210545,43.30609765,43.56032175,43.34520905,11972451.0,535968395.12,0.6213,1,0.4963,0
2023-07-24,sh.600009,43.46254325,43.4918768,42.54342535,42.8074273,43.56032175,14585382.0,640984426.03,0.7569,1,-1.7284,0
2023-07-25,sh.600009,43.42343185,43.95143575,43.2376527,43.7656566,42.8074273,17621535.0,786631206.41,0.9145,1,2.2385,0
2023-07-26,sh.600009,43.804768,43.804768,42.7292045,43.0420957,43.7656566,15767953.0,694695004.79,0.8183,1,-1.6533,0
2023-07-27,sh.600009,43.14965205,43.79499015,42.83676085,43.42343185,43.0420957,14986701.0,664816955.54,0.7777,1,0.886,0
2023-07-28,sh.600009,43.2572084,45.43766895,43.0616514,45.4278911,43.42343185,29827690.0,1357565332.94,1.5479,1,4.6161,0
2023-07-31,sh.600009,45.955895,47.84302005,45.955895,46.347009,45.4278911,36159610.0,1723892395.95,1.8765,1,2.0232,0
2023-08-01,sh.600009,46.29811975,46.90434645,45.77011585,45.80922725,46.347009,17585158.0,831245660.84,0.9126,1,-1.1603,0
2023-08-02,sh.600009,45.6625595,46.6599002,45.32033475,46.0536735,45.80922725,13644742.0,643260979.25,0.7081,1,0.5336,0
2023-08-03,sh.600009,45.75056015,46.4252318,45.51589175,46.2296748,46.0536735,12503621.0,587778057.87,0.6489,1,0.3822,0
2023-08-04,sh.600009,46.65012235,46.90434645,45.8385608,45.88745005,46.2296748,11389552.0,538278400.64,0.5911,1,-0.7403,0
2023-08-07,sh.600009,45.80922725,45.80922725,45.26166765,45.3887797,45.88745005,8307483.0,386002607.27,0.4311,1,-1.0867,0
2023-08-08,sh.600009,45.41811325,45.5256696,44.8998872,45.1149999,45.3887797,7949210.0,367316527.17,0.4125,1,-0.6032,0
2023-08-09,sh.600009,44.9194429,45.4670025,44.8607758,45.16388915,45.1149999,6471139.0,299159512.91,0.3358,1,0.1084,0
2023-08-10,sh.600009,45.51589175,46.78701225,45.4278911,46.76745655,45.16388915,23339991.0,1106214056.48,1.2112,1,3.5506,0
2023-08-11,sh.600009,46.7967901,47.2856826,46.0536735,46.08300705,46.76745655,18099273.0,863060552.38,0.9393,1,-1.4635,0
2023-08-14,sh.600009,45.8972279,46.2296748,44.97811,45.55500315,46.08300705,12928305.0,602394068.4,0.6709,1,-1.1458,0
2023-08-15,sh.600009,45.9363393,46.33723115,44.6261074,45.10522205,45.55500315,12522292.0,580648690.21,0.6498,1,-0.9873,0
2023-08-16,sh.600009,45.10522205,45.51589175,44.79233085,44.90966505,45.10522205,6479346.0,299287372.4,0.3362,1,-0.4336,0
2023-08-17,sh.600009,44.87055365,45.173667,44.45988395,45.0758885,44.90966505,10030151.0,460413734.92,0.5205,1,0.3701,0
2023-08-18,sh.600009,45.0758885,45.53544745,44.0981035,44.1176592,45.0758885,13918137.0,637462975.47,0.7223,1,-2.1258,0
2023-08-21,sh.600009,44.0981035,44.0981035,39.70784885,40.33363125,44.1176592,80395108.0,3325142860.47,4.1721,1,-8.5771,0
2023-08-22,sh.600009,39.9522951,39.96207295,38.4269505,39.1896228,40.33363125,43158238.0,1720876436.89,2.2397,1,-2.8364,0
2023-08-23,sh.600009,39.0527329,39.1896228,38.14339285,38.18250425,39.1896228,19574910.0,774125436.14,1.0158,1,-2.5699,0
2023-08-24,sh.600009,38.2313935,38.71050815,37.92828015,38.39761695,38.18250425,15993525.0,627014337.23,0.83,1,0.5634,0
2023-08-25,sh.600009,38.1922821,38.7007303,37.85005735,38.2313935,38.39761695,11371493.0,445391083.72,0.5901,1,-0.4329,0
2023-08-28,sh.600009,40.284742,40.284742,37.6447225,37.8402795,38.2313935,21562726.0,853283564.76,1.119,1,-1.023,0
2023-08-29,sh.600009,37.8793909,38.9940658,37.8402795,38.8962873,37.8402795,15225932.0,601034618.32,0.7902,1,2.7907,0
2023-08-30,sh.600009,38.88650945,39.0918443,38.45628405,38.51495115,38.8962873,13305190.0,526059978.46,0.6905,1,-0.9804,0
2023-08-31,sh.600009,38.5638404,38.94517655,38.329172,38.35850555,38.51495115,11873199.0,468025358.78,0.6162,1,-0.4062,0
2023-09-01,sh.600009,38.4465062,38.8571759,38.3096163,38.61272965,38.35850555,8775742.0,346155528.43,0.4554,1,0.6628,0
2023-09-04,sh.600009,38.61272965,39.14073355,38.39761695,39.14073355,38.61272965,15314596.0,609532509.7,0.7948,1,1.3674,0
2023-09-05,sh.600009,38.9940658,39.0527329,38.65184105,38.76917525,39.14073355,10665456.0,423234538.68,0.5535,1,-0.9493,0
2023-09-06,sh.600009,38.6616189,38.7007303,38.33894985,38.55406255,38.76917525,8586506.0,338053563.01,0.4456,1,-0.5549,0
2023-09-07,sh.600009,38.55406255,38.63228535,38.0162808,38.0358365,38.55406255,10133179.0,395943962.31,0.5259,1,-1.3442,0
2023-09-08,sh.600009,37.92828015,38.4269505,37.7816124,38.3682834,38.0358365,8968228.0,349252664.38,0.4654,1,0.874,0
2023-09-11,sh.600009,38.4073948,38.6225075,38.133615,38.47583975,38.3682834,9659051.0,379744369.41,0.5013,1,0.2803,0
2023-09-12,sh.600009,38.51495115,38.5638404,38.24117135,38.29983845,38.47583975,7592499.0,297883767.64,0.394,1,-0.4574,0
2023-09-13,sh.600009,38.33894985,38.4073948,37.79139025,37.96739155,38.29983845,9877739.0,384110847.15,0.5126,1,-0.868,0
2023-09-14,sh.600009,37.8989466,38.133615,37.351387,37.4882769,37.96739155,12439385.0,478461225.46,0.6455,1,-1.2619,0
2023-09-15,sh.600009,37.5273883,37.8793909,37.15583,37.32205345,37.4882769,12085617.0,463324811.82,0.6272,1,-0.4434,0
2023-09-18,sh.600009,37.2731642,37.96739155,37.20471925,37.6056111,37.32205345,9315165.0,358265935.8,0.4834,1,0.7598,0
2023-09-19,sh.600009,37.6642782,37.83050165,37.0776072,37.3318313,37.6056111,8709752.0,332431320.67,0.452,1,-0.728,0
2023-09-20,sh.600009,37.18516355,37.2340528,36.93093945,36.97005085,37.3318313,7554743.0,286451637.61,0.3921,1,-0.9691,0
2023-09-21,sh.600009,36.9407173,37.14605215,36.67671535,36.8038274,36.97005085,7537524.0,284421735.55,0.3912,1,-0.4496,0
2023-09-22,sh.600009,36.6864932,37.34160915,36.6082704,37.3122756,36.8038274,8368860.0,316681367.92,0.4343,1,1.3815,0
2023-09-25,sh.600009,37.3318313,37.40027625,36.9407173,36.9993844,37.3122756,6641717.0,252128562.43,0.3447,1,-0.8386,0
2023-09-26,sh.600009,37.00916225,37.22427495,36.50071405,36.5104919,36.9993844,9264900.0,347298078.62,0.4808,1,-1.3214,0
2023-09-27,sh.600009,36.50071405,37.4491655,36.50071405,36.7842717,36.5104919,9791879.0,370376466.73,0.5082,1,0.7499,0
2023-09-28,sh.600009,36.8233831,37.1362743,36.4713805,37.04827365,36.7842717,8451965.0,318421415.88,0.4386,1,0.7177,0
2023-10-09,sh.600009,37.0384958,37.0384958,36.18782285,36.24648995,37.04827365,9753725.0,362447046.01,0.5062,1,-2.1642,0
2023-10-10,sh.600009,36.3149349,36.8233831,36.28560135,36.28560135,36.24648995,7928876.0,295871081.16,0.4115,1,0.1079,0
2023-10-11,sh.600009,36.42249125,36.569159,36.09004435,36.0998222,36.28560135,8497078.0,315036123.55,0.441,1,-0.512,0
2023-10-12,sh.600009,36.3149349,36.7060489,36.2171564,36.50071405,36.0998222,7373655.0,274826649.02,0.3827,1,1.1105,0
2023-10-13,sh.600009,36.34426845,36.34426845,35.83582025,35.85537595,36.50071405,9199812.0,338686163.68,0.4774,1,-1.768,0
2023-10-16,sh.600009,35.85537595,35.95315445,35.3175942,35.4349284,35.85537595,7829405.0,284161635.56,0.4063,1,-1.1726,0
2023-10-17,sh.600009,35.4935955,35.6109297,35.2784828,35.52292905,35.4349284,5563241.0,201574670.54,0.2887,1,0.2483,0
2023-10-18,sh.600009,35.395817,35.395817,34.809146,34.83847955,35.52292905,8107774.0,290763258.84,0.4208,1,-1.9268,0
2023-10-19,sh.600009,34.6722561,34.99492515,34.34958705,34.3789206,34.83847955,8927761.0,315708189.65,0.4633,1,-1.3191,0
2023-10-20,sh.600009,34.25180855,34.50603265,34.026918,34.1442522,34.3789206,7791861.0,272693528.46,0.4044,1,-0.6826,0
2023-10-23,sh.600009,34.1442522,34.2615864,33.5966926,33.8118053,34.1442522,8276110.0,286405540.93,0.4295,1,-0.9737,0
2023-10-24,sh.600009,33.8118053,34.4766991,33.6553597,34.46692125,33.8118053,8053312.0,280925472.98,0.4179,1,1.9375,0
2023-10-25,sh.600009,34.7504789,35.54248475,34.7113675,34.8873688,34.46692125,10314818.0,369795224.44,0.5353,1,1.2199,0
2023-10-26,sh.600009,34.7113675,35.20026,34.58425545,35.1024815,34.8873688,6345418.0,226695448.87,0.3293,1,0.6166,0
2023-10-27,sh.600009,35.1024815,35.89448735,34.91670235,35.83582025,35.1024815,10910193.0,396691465.48,0.5662,1,2.0891,0
2023-10-30,sh.600009,36.07048865,36.73538245,36.0215994,36.59849255,35.83582025,14153316.0,526845767.15,0.7345,1,2.1282,0
2023-10-31,sh.600009,36.38337985,36.5300476,36.0215994,36.38337985,36.59849255,8215357.0,304402541.47,0.4263,1,-0.5878,0
2023-11-01,sh.600009,36.18782285,36.5496033,36.0802665,36.26604565,36.38337985,5680653.0,210726455.56,0.2948,1,-0.3225,0
2023-11-02,sh.600009,36.38337985,36.569159,35.89448735,35.9042652,36.26604565,5381495.0,198880817.1,0.2793,1,-0.9976,0
2023-11-03,sh.600009,35.9042652,36.569159,35.9042652,36.44204695,35.9042652,7882262.0,293286829.01,0.4091,1,1.4978,0
2023-11-06,sh.600009,36.52026975,36.9211616,36.40293555,36.8429388,36.44204695,8291168.0,311144795.34,0.4303,1,1.1001,0
2023-11-07,sh.600009,36.6669375,36.7842717,36.36382415,36.5887147,36.8429388,5800291.0,216580694.39,0.301,1,-0.69,0
2023-11-08,sh.600009,36.52026975,36.75493815,36.2953792,36.4322691,36.5887147,5342472.0,199606377.43,0.2772,1,-0.4276,0
2023-11-09,sh.600009,36.4322691,36.764716,36.18782285,36.38337985,36.4322691,5514600.0,205814203.0,0.2862,1,-0.1342,0
2023-11-10,sh.600009,36.28560135,36.3344906,35.95315445,36.26604565,36.38337985,5830354.0,215354935.03,0.3026,1,-0.3225,0
2023-11-13,sh.600009,36.4518248,36.69627105,36.18782285,36.36382415,36.26604565,5420050.0,201715572.39,0.2813,1,0.2696,0
2023-11-14,sh.600009,36.3540463,36.5496033,36.28560135,36.42249125,36.36382415,4404910.0,164027553.09,0.2286,1,0.1613,0
2023-11-15,sh.600009,36.79404955,36.87227235,36.3931577,36.5300476,36.42249125,6337479.0,237202800.66,0.3289,1,0.2953,0
2023-11-16,sh.600009,36.52026975,36.52026975,35.99226585,36.1976007,36.5300476,7068993.0,261551569.03,0.3668,1,-0.9101,0
2023-11-17,sh.600009,36.1976007,36.7060489,36.09004435,36.16826715,36.1976007,10291370.0,382885853.83,0.5341,1,-0.081,0
2023-11-20,sh.600009,36.22693425,36.91138375,36.01182155,36.63760395,36.16826715,12820757.0,479728264.25,0.6653,1,1.2976,0
2023-11-21,sh.600009,36.764716,37.15583,36.6669375,36.79404955,36.63760395,9431897.0,356225865.6,0.4895,1,0.427,0
2023-11-22,sh.600009,36.71582675,36.7451603,36.24648995,36.24648995,36.79404955,6396419.0,238546434.54,0.3319,1,-1.4882,0
2023-11-23,sh.600009,36.18782285,36.3540463,36.0411551,36.30515705,36.24648995,5004788.0,185258660.32,0.2597,1,0.1619,0
2023-11-24,sh.600009,36.3149349,36.3149349,35.81626455,35.89448735,36.30515705,5590081.0,205803478.5,0.2901,1,-1.1312,0
2023-11-27,sh.600009,36.07048865,36.14871145,35.30781635,35.71848605,35.89448735,6955646.0,253130153.55,0.361,1,-0.4903,0
2023-11-28,sh.600009,35.7087082,35.89448735,35.40559485,35.81626455,35.71848605,4665594.0,170274797.93,0.2421,1,0.2737,0
2023-11-29,sh.600009,35.786931,35.8651538,35.1220372,35.2589271,35.81626455,6086758.0,220497688.02,0.3159,1,-1.5561,0
2023-11-30,sh.600009,35.20026,35.4544841,35.05359225,35.0829258,35.2589271,6432701.0,231828269.8,0.3338,1,-0.4992,0
2023-12-01,sh.600009,34.99492515,35.32737205,34.50603265,35.1611486,35.0829258,7738777.0,276251704.56,0.4016,1,0.223,0
2023-12-04,sh.600009,35.17092645,35.40559485,34.8873688,35.0242587,35.1611486,5212746.0,187464123.21,0.2705,1,-0.3893,0
2023-12-05,sh.600009,34.9851473,34.9851473,33.9486952,33.97802875,35.0242587,10986802.0,386292669.22,0.5702,1,-2.9872,0
2023-12-06,sh.600009,34.0073623,34.15403005,33.7335825,33.7531382,33.97802875,10277826.0,356371919.06,0.5334,1,-0.6619,0
2023-12-07,sh.600009,33.6553597,33.7335825,33.05891085,33.23491215,33.7531382,9838993.0,334643499.55,0.5106,1,-1.5353,0
2023-12-08,sh.600009,33.24469,33.9291395,33.24469,33.7335825,33.23491215,10462390.0,360504280.01,0.5429,1,1.5004,0
2023-12-11,sh.600009,33.635804,33.72380465,32.9513545,33.635804,33.7335825,10444530.0,354991516.16,0.542,1,-0.2899,0
2023-12-12,sh.600009,33.48913625,33.72380465,33.3033571,33.3424685,33.635804,7428108.0,254128244.68,0.3855,1,-0.8721,0
2023-12-13,sh.600009,33.19580075,33.23491215,32.3451278,32.3451278,33.3424685,13564289.0,452943334.43,0.7039,1,-2.9912,0
2023-12-14,sh.600009,32.5602405,33.0100216,32.00290305,32.0126809,32.3451278,8836445.0,292594591.29,0.4586,1,-1.0278,0
2023-12-15,sh.600009,32.10068155,32.55046265,32.02245875,32.15934865,32.0126809,6925909.0,228358034.43,0.3594,1,0.4582,0
2023-12-18,sh.600009,32.071348,32.071348,31.3086757,31.39667635,32.15934865,10363318.0,334269400.62,0.5378,1,-2.3715,0
2023-12-19,sh.600009,31.29889785,31.7389011,31.2304529,31.49445485,31.39667635,6067012.0,195248120.71,0.3148,1,0.3114,0
2023-12-20,sh.600009,31.5824555,31.680234,31.0153402,31.0153402,31.49445485,6162232.0,196883090.69,0.3198,1,-1.5213,0
2023-12-21,sh.600009,30.898006,31.55312195,30.71222685,31.39667635,31.0153402,7923192.0,252797548.57,0.4112,1,1.2295,0
2023-12-22,sh.600009,31.33800925,32.0322366,31.1131187,31.57267765,31.39667635,8685200.0,280164291.68,0.4507,1,0.5606,0
2023-12-25,sh.600009,31.65090045,31.8953467,31.45534345,31.76823465,31.57267765,5488820.0,177889456.06,0.2848,1,0.6194,0
2023-12-26,sh.600009,31.7584568,31.76823465,31.29889785,31.35756495,31.76823465,3906331.0,125611111.08,0.2027,1,-1.2927,0
2023-12-27,sh.600009,31.6411226,31.6411226,30.59489265,30.7415604,31.35756495,10770971.0,340696765.32,0.559,1,-1.9645,0
2023-12-28,sh.600009,30.6046705,32.25712715,30.45800275,32.12023725,30.7415604,16358860.0,529935786.53,0.8489,1,4.4847,0
2023-12-29,sh.600009,32.00290305,32.2864607,31.72912325,32.0517923,32.12023725,8593413.0,281199944.23,0.446,1,-0.2131,0
2024-01-02,sh.600009,32.2082379,32.25712715,31.39667635,31.4651213,32.0517923,7846064.0,253541002.21,0.4072,1,-1.8304,0
2024-01-03,sh.600009,31.5628998,31.6215669,31.1913415,31.43578775,31.4651213,5984059.0,192097417.71,0.3105,1,-0.0932,0
2024-01-04,sh.600009,31.3868985,31.4064542,30.8002275,30.96645095,31.43578775,6490787.0,205648827.97,0.3368,1,-1.493,0
2024-01-05,sh.600009,30.9175617,31.33800925,30.67311545,30.75133825,30.96645095,7167529.0,227099220.14,0.372,1,-0.6947,0
2024-01-08,sh.600009,30.75133825,30.8393389,30.0571109,30.20377865,30.75133825,7958232.0,246583953.84,0.413,1,-1.7806,0
2024-01-09,sh.600009,30.26244575,31.14245225,30.12555585,30.73178255,30.20377865,9092060.0,285003363.25,0.4718,1,1.7481,0
2024-01-10,sh.600009,30.55578125,31.093563,30.20377865,30.75133825,30.73178255,6195534.0,194643530.3,0.3215,1,0.0636,0
2024-01-11,sh.600009,30.63400405,31.0544516,30.61444835,30.96645095,30.75133825,7295222.0,230395878.99,0.3786,1,0.6995,0
2024-01-12,sh.600009,30.96645095,31.4260099,30.702449,31.04467375,30.96645095,8169630.0,259989631.2,0.424,1,0.2526,0
2024-01-15,sh.600009,31.0153402,32.23757145,30.86867245,31.9735695,31.04467375,14320904.0,465730334.25,0.7432,1,2.9921,0
2024-01-16,sh.600009,31.875791,32.7362418,31.70956755,32.5211291,31.9735695,16493987.0,546732853.01,0.856,1,1.7125,0
2024-01-17,sh.600009,32.51135125,32.5211291,31.69001185,31.7193454,32.5211291,10801287.0,353326015.87,0.5605,1,-2.4654,0
2024-01-18,sh.600009,31.53356625,32.5211291,31.2108972,32.5211291,31.7193454,14119735.0,459798568.35,0.7327,1,2.5277,0
2024-01-19,sh.600009,32.4429063,32.84379815,32.21801575,32.6971304,32.5211291,11806171.0,393747682.77,0.6127,1,0.5412,0
2024-01-22,sh.600009,32.64824115,32.9513545,31.96379165,32.1691265,32.6971304,14346898.0,477372552.34,0.7445,1,-1.6148,0
2024-01-23,sh.600009,32.15934865,32.31579425,31.680234,32.04201445,32.1691265,9028123.0,295530583.11,0.4685,1,-0.3951,0
2024-01-24,sh.600009,32.15934865,32.90246525,31.6606783,32.7753532,32.04201445,12540388.0,414944301.19,0.6508,1,2.2887,0
2024-01-25,sh.600009,32.853576,33.50869195,32.47223985,33.440247,32.7753532,17914291.0,604471779.8,0.9297,1,2.0286,0
2024-01-26,sh.600009,33.46958055,33.89980595,33.17624505,33.5771369,33.440247,16149712.0,553180278.78,0.8381,1,0.4094,0
2024-01-29,sh.600009,33.82158315,34.809146,33.6749154,34.3984763,33.5771369,23370929.0,822720907.28,1.2128,1,2.4461,0
2024-01-30,sh.600009,33.9682509,34.1833636,33.0295773,33.1664672,34.3984763,15187457.0,520988767.73,0.7882,1,-3.5816,0
2024-01-31,sh.600009,32.853576,33.1078001,32.3451278,32.3646835,33.1664672,12372710.0,412584825.06,0.6421,1,-2.4175,0
2024-02-01,sh.600009,32.266905,32.9513545,32.266905,32.5993519,32.3646835,9226187.0,307144748.98,0.4788,1,0.7251,0
2024-02-02,sh.600009,32.5993519,32.853576,31.28912,32.3451278,32.5993519,12472930.0,411770087.36,0.6473,1,-0.7798,0
2024-02-05,sh.600009,32.071348,32.31579425,31.0740073,32.00290305,32.3451278,14089505.0,458214881.37,0.7312,1,-1.058,0
2024-02-06,sh.600009,32.00290305,33.5771369,31.61178905,33.50869195,32.00290305,14544225.0,487836133.55,0.7548,1,4.7052,0
2024-02-07,sh.600009,33.50869195,34.0464737,33.0295773,33.88025025,33.50869195,15041264.0,517805978.38,0.7806,1,1.1088,0
2024-02-08,sh.600009,34.03669585,34.7895903,34.01714015,34.5158105,33.88025025,18127285.0,637533167.82,0.9407,1,1.8759,0
2024-02-19,sh.600009,35.20026,35.28826065,34.222475,34.4766991,34.5158105,13671480.0,483378510.95,0.7095,1,-0.1133,0
2024-02-20,sh.600009,34.46692125,34.46692125,33.99758445,34.25180855,34.4766991,8489941.0,296812725.84,0.4406,1,-0.6523,0
2024-02-21,sh.600009,34.0660294,35.2784828,33.9486952,34.7504789,34.25180855,15610196.0,555012706.49,0.8101,1,1.4559,0
2024-02-22,sh.600009,34.7504789,34.9851473,34.3984763,34.66247825,34.7504789,9758383.0,345243575.13,0.5064,1,-0.2532,0
2024-02-23,sh.600009,34.6527004,34.6527004,34.2811421,34.5158105,34.66247825,8227898.0,290036125.6,0.427,1,-0.4231,0
2024-02-26,sh.600009,34.3398092,34.4962548,33.9291395,34.07580725,34.5158105,12398553.0,433244188.9,0.6434,1,-1.2748,0
2024-02-27,sh.600009,34.07580725,34.3984763,33.93891735,34.222475,34.07580725,9794532.0,341624017.67,0.5083,1,0.4304,0
2024-02-28,sh.600009,34.27136425,34.87759095,34.03669585,34.0855851,34.222475,15219438.0,535622862.12,0.7898,1,-0.4,0
2024-02-29,sh.600009,34.026918,34.3984763,33.86069455,34.3984763,34.0855851,13314578.0,465337720.51,0.691,1,0.918,0
2024-03-01,sh.600009,34.3984763,34.418032,33.97802875,34.15403005,34.3984763,12922699.0,450791235.9,0.6706,1,-0.7106,0
2024-03-04,sh.600009,34.21269715,35.09270365,34.21269715,34.8873688,34.15403005,18542443.0,656808822.11,0.9623,1,2.1472,0
2024-03-05,sh.600009,34.7113675,34.74070105,34.2811421,34.5940333,34.8873688,13136831.0,463447373.85,0.6817,1,-0.8408,0
2024-03-06,sh.600009,34.56469975,34.7895903,34.44736555,34.5353662,34.5940333,8182694.0,289611008.79,0.4246,1,-0.1696,0
2024-03-07,sh.600009,34.42780985,34.5940333,33.97802875,34.1442522,34.5353662,10949869.0,383032129.71,0.5682,1,-1.1325,0
2024-03-08,sh.600009,34.07580725,34.2029193,33.91936165,34.0855851,34.1442522,8305368.0,289119100.64,0.431,1,-0.1718,0
2024-03-11,sh.600009,34.0855851,34.31047565,33.9486952,34.3006978,34.0855851,8069392.0,282143894.64,0.4188,1,0.6311,0
2024-03-12,sh.600009,34.3006978,35.2784828,34.15403005,35.24914925,34.3006978,22242095.0,794357114.22,1.1543,1,2.7651,0
2024-03-13,sh.600009,35.1024815,35.48381765,34.9851473,35.2198157,35.24914925,10949138.0,394282852.86,0.5682,1,-0.0832,0
2024-03-14,sh.600009,35.36648345,36.63760395,35.2980385,36.2758235,35.2198157,25709959.0,952217995.33,1.3342,1,2.9983,0
2024-03-15,sh.600009,36.36382415,36.6669375,36.0802665,36.3344906,36.2758235,14401626.0,535312061.09,0.7474,1,0.1617,0
2024-03-18,sh.600009,36.24648995,37.00916225,35.982488,36.81360525,36.3344906,13322677.0,500518671.06,0.6914,1,1.3186,0
2024-03-19,sh.600009,36.81360525,36.81360525,36.2758235,36.2953792,36.81360525,10050860.0,374655660.88,0.5216,1,-1.4077,0
2024-03-20,sh.600009,36.32471275,36.42249125,36.05093295,36.05093295,36.2953792,7873624.0,291375651.47,0.4086,1,-0.6735,0
2024-03-21,sh.600009,36.0802665,36.2758235,35.62070755,35.69893035,36.05093295,10457049.0,383647826.55,0.5427,1,-0.9764,0
2024-03-22,sh.600009,35.85537595,35.93359875,35.40559485,35.591374,35.69893035,10371557.0,378405137.42,0.5382,1,-0.3013,0
2024-03-25,sh.600009,35.4740398,36.0607108,35.28826065,35.6500411,35.591374,7974726.0,291277955.01,0.4139,1,0.1648,0
2024-03-26,sh.600009,35.6500411,35.8455981,34.87759095,35.11225935,35.6500411,11279471.0,405804433.73,0.5854,1,-1.5085,0
2024-03-27,sh.600009,35.1024815,35.1415929,34.23225285,34.23225285,35.11225935,11717048.0,414955038.8,0.6081,1,-2.5063,0
2024-03-28,sh.600009,34.13447435,35.09270365,34.1246965,34.8678131,34.23225285,10382393.0,369568082.35,0.5388,1,1.8566,0
2024-03-29,sh.600009,34.74070105,35.58159615,34.5549219,35.4544841,34.8678131,10292564.0,369511301.09,0.5341,1,1.6826,0
2024-04-01,sh.600009,35.67937465,35.9629323,35.32737205,35.83582025,35.4544841,9210876.0,336245056.93,0.478,1,1.0756,0
2024-04-02,sh.600009,35.8455981,36.32471275,35.6891525,35.9238209,35.83582025,11015883.0,405599201.92,0.5717,1,0.2456,0
2024-04-03,sh.600009,36.05093295,36.32471275,35.87493165,35.91404305,35.9238209,8564831.0,315760299.05,0.4445,1,-0.0272,0
2024-04-08,sh.600009,35.8455981,35.9238209,35.2980385,35.4153727,35.91404305,9859077.0,359212019.47,0.5116,1,-1.3885,0
2024-04-09,sh.600009,35.40559485,36.14871145,35.1024815,35.20026,35.4153727,10935917.0,397826885.13,0.5675,1,-0.6074,0
2024-04-10,sh.600009,35.05359225,35.5131512,34.8287017,35.13181505,35.20026,7574505.0,272404507.25,0.3931,1,-0.1944,0
2024-04-11,sh.600009,35.13181505,35.28826065,34.87759095,35.1611486,35.13181505,6038731.0,216964172.16,0.3134,1,0.0835,0
2024-04-12,sh.600009,35.21003785,35.38603915,34.6331447,34.66247825,35.1611486,8581253.0,306600699.63,0.4453,1,-1.4182,0
2024-04-15,sh.600009,34.76025675,35.81626455,34.66247825,35.75759745,34.66247825,12815953.0,464126935.63,0.6651,1,3.1594,0
2024-04-16,sh.600009,35.85537595,36.1976007,35.5522626,35.60115185,35.75759745,13825664.0,507703514.69,0.7175,1,-0.4375,0
2024-04-17,sh.600009,35.44470625,36.03137725,35.1807043,36.01182155,35.60115185,9478493.0,346438670.39,0.4919,1,1.1535,0
2024-04-18,sh.600009,35.85537595,36.42249125,35.8455981,35.9629323,36.01182155,11396340.0,421215390.41,0.5914,1,-0.1358,0
2024-04-19,sh.600009,35.8455981,35.8455981,35.30781635,35.4935955,35.9629323,9591155.0,348449103.03,0.4977,1,-1.3051,0
2024-04-22,sh.600009,35.4935955,36.03137725,35.44470625,35.9629323,35.4935955,8515474.0,311907225.26,0.4419,1,1.3223,0
2024-04-23,sh.600009,35.9629323,36.0215994,35.4935955,35.64026325,35.9629323,9099833.0,331827482.7,0.4722,1,-0.8972,0
2024-04-24,sh.600009,35.6500411,35.85537595,35.34692775,35.6695968,35.64026325,7441939.0,270933229.23,0.3862,1,0.0823,0
2024-04-25,sh.600009,35.6695968,36.373602,35.591374,36.16826715,35.6695968,12111093.0,446768868.82,0.6285,1,1.398,0
2024-04-26,sh.600009,36.16826715,36.6669375,36.01182155,36.6669375,36.16826715,14325481.0,532993720.86,0.7434,1,1.3788,0
2024-04-29,sh.600009,36.6864932,36.8038274,36.2171564,36.79404955,36.6669375,18210281.0,681316406.05,0.945,1,0.3467,0
2024-04-30,sh.600009,36.0607108,36.89182805,35.38603915,36.8038274,36.79404955,22996153.0,849199493.28,1.1934,1,0.0266,0
2024-05-06,sh.600009,37.00916225,37.0189401,36.52026975,36.6278261,36.8038274,17385217.0,652966831.64,0.9022,1,-0.4782,0
2024-05-07,sh.600009,36.7256046,36.7256046,36.1389336,36.4713805,36.6278261,11908968.0,442416336.12,0.618,1,-0.4271,0
2024-05-08,sh.600009,36.38337985,36.5496033,36.2367121,36.34426845,36.4713805,6004002.0,223147211.94,0.3116,1,-0.3485,0
2024-05-09,sh.600009,36.32471275,36.52026975,36.2758235,36.36382415,36.34426845,7717820.0,287216275.0,0.4005,1,0.0538,0
2024-05-10,sh.600009,36.3931577,36.44204695,35.99226585,36.16826715,36.36382415,8423722.0,311692308.93,0.4372,1,-0.5378,0
2024-05-13,sh.600009,36.0020437,36.3149349,35.69893035,36.1193779,36.16826715,7304876.0,269538687.55,0.3791,1,-0.1352,0
2024-05-14,sh.600009,36.0411551,36.24648995,35.9238209,36.0215994,36.1193779,5755581.0,212267462.73,0.2987,1,-0.2707,0
2024-05-15,sh.600009,35.89448735,35.91404305,35.48381765,35.4935955,36.0215994,10193853.0,371538852.4,0.529,1,-1.4658,0
2024-05-16,sh.600009,35.5131512,35.56204045,34.89714665,34.95581375,35.4935955,13273985.0,476674493.9,0.6889,1,-1.5152,0
2024-05-17,sh.600009,34.85803525,35.591374,34.79936815,35.58159615,34.95581375,10708436.0,386081765.65,0.5557,1,1.7902,0
2024-05-20,sh.600009,35.64026325,36.1389336,35.5131512,35.982488,35.58159615,11277349.0,414156824.74,0.5852,1,1.1267,0
2024-05-21,sh.600009,35.95315445,35.9629323,35.3371499,35.4349284,35.982488,9006678.0,327630241.94,0.4674,1,-1.5217,0
2024-05-22,sh.600009,35.4740398,35.71848605,35.3567056,35.6304854,35.4349284,5365273.0,195128338.47,0.2784,1,0.5519,0
2024-05-23,sh.600009,35.5522626,35.5522626,34.91670235,34.99492515,35.6304854,8272001.0,297200546.86,0.4293,1,-1.7838,0
2024-05-24,sh.600009,34.9069245,35.2198157,34.8482574,34.93625805,34.99492515,6380233.0,228380809.09,0.3311,1,-0.1676,0
2024-05-27,sh.600009,34.9655916,35.05359225,34.7700346,34.9851473,34.93625805,4562464.0,162864838.26,0.2368,1,0.1399,0
2024-05-28,sh.600009,34.9655916,34.9851473,34.31047565,34.3984763,34.9851473,8105999.0,286306997.3,0.4207,1,-1.6769,0
2024-05-29,sh.600009,34.418032,34.62336685,34.21269715,34.44736555,34.3984763,5141214.0,180787723.22,0.2668,1,0.1421,0
2024-05-30,sh.600009,34.33003135,34.48647695,34.17358575,34.3593649,34.44736555,4473927.0,156834585.26,0.2322,1,-0.2555,0
2024-05-31,sh.600009,34.31047565,34.5353662,33.9486952,33.97802875,34.3593649,9549721.0,333547762.05,0.4956,1,-1.1098,0
2024-06-03,sh.600009,33.89980595,33.9095838,33.41091345,33.80202745,33.97802875,9047808.0,311554631.12,0.4695,1,-0.518,0
2024-06-04,sh.600009,33.64558185,33.80202745,33.50869195,33.72380465,33.80202745,9157450.0,315475572.24,0.4752,1,-0.2314,0
2024-06-05,sh.600009,33.635804,34.09536295,33.60647045,33.86069455,33.72380465,7489089.0,259557602.71,0.3886,1,0.4059,0
2024-06-06,sh.600009,33.8900281,33.9486952,33.2642457,33.3424685,33.86069455,8043471.0,275397522.07,0.4174,1,-1.5305,0
2024-06-07,sh.600009,33.4989141,33.50869195,32.853576,33.440247,33.3424685,10904773.0,370443431.72,0.5659,1,0.2933,0
2024-06-11,sh.600009,33.4598027,33.62602615,33.24469,33.50869195,33.440247,5174341.0,177354286.22,0.2685,1,0.2047,0
2024-06-12,sh.600009,33.5575812,33.5966926,33.049133,33.049133,33.50869195,8198901.0,278277246.1,0.4255,1,-1.3715,0
2024-06-13,sh.600009,32.9513545,33.0882444,32.29623855,32.45268415,33.049133,11465354.0,381339386.48,0.595,1,-1.8047,0
2024-06-14,sh.600009,32.3646835,32.74601965,32.2277936,32.6384633,32.45268415,7815655.0,259610159.52,0.4056,1,0.5725,0
2024-06-17,sh.600009,32.4429063,32.9317988,32.43312845,32.7753532,32.6384633,5123105.0,171646846.9,0.2659,1,0.4194,0
2024-06-18,sh.600009,32.7949089,33.4793584,32.7949089,33.37180205,32.7753532,7210123.0,245441536.93,0.3742,1,1.8198,0
2024-06-19,sh.600009,33.43046915,33.5184698,32.94157665,33.00024375,33.37180205,4656472.0,157573457.52,0.2416,1,-1.1134,0
2024-06-20,sh.600009,32.86335385,33.11757795,32.29623855,32.29623855,33.00024375,5614299.0,187194821.59,0.2914,1,-2.1333,0
2024-06-21,sh.600009,32.266905,32.462462,31.6411226,31.9735695,32.29623855,8580199.0,280375181.11,0.4453,1,-0.9991,0
2024-06-24,sh.600009,31.78779035,31.90512455,31.484677,31.61178905,31.9735695,7407135.0,239998412.87,0.3844,1,-1.1315,0
2024-06-25,sh.600009,31.7193454,31.875791,31.1131187,31.3086757,31.61178905,7633896.0,245295956.83,0.3962,1,-0.9589,0
2024-06-26,sh.600009,31.3086757,31.67045615,31.0740073,31.6020112,31.3086757,6148172.0,197127410.16,0.3191,1,0.9369,0
2024-06-27,sh.600009,31.55312195,31.6020112,31.24023075,31.28912,31.6020112,4334000.0,139009837.52,0.2249,1,-0.9901,0
2024-06-28,sh.600009,31.28912,31.8171239,31.16200795,31.53356625,31.28912,6444614.0,207922744.75,0.3344,1,0.7813,0
2024-07-01,sh.600009,31.5042327,32.06157015,31.484677,31.8562353,31.53356625,5880734.0,191204827.63,0.3052,1,1.0233,0
2024-07-02,sh.600009,31.74867895,32.19846005,31.57267765,31.9735695,31.8562353,6225001.0,203689583.65,0.323,1,0.3683,0
2024-07-03,sh.600009,32.0126809,33.23491215,31.7780125,32.84379815,31.9735695,15217772.0,507719480.91,0.7897,1,2.7217,0
2024-07-04,sh.600009,32.62868545,32.6384633,32.1691265,32.266905,32.84379815,9278024.0,306679949.48,0.4815,1,-1.7565,0
2024-07-05,sh.600009,32.0909037,32.51135125,31.9931252,32.1886822,32.266905,7035341.0,231854948.29,0.3651,1,-0.2424,0
2024-07-08,sh.600009,32.1886822,32.4233506,31.6411226,31.7389011,32.1886822,5878030.0,191883424.2,0.305,1,-1.3973,0
2024-07-09,sh.600009,32.071348,33.09802225,31.96379165,33.049133,31.7389011,17243193.0,575582498.71,0.8948,1,4.1282,0
2024-07-10,sh.600009,32.9122431,33.5575812,32.76557535,33.21535645,33.049133,11587190.0,393372353.31,0.6013,1,0.503,0
2024-07-11,sh.600009,33.52824765,33.89980595,33.3229128,33.8118053,33.21535645,12322971.0,425200854.86,0.6395,1,1.7957,0
2024-07-12,sh.600009,33.78247175,34.07580725,33.5380255,33.8509167,33.8118053,8893461.0,307918097.83,0.4615,1,0.1157,0
2024-07-15,sh.600009,33.64558185,34.0073623,33.54780335,33.7140268,33.8509167,6587788.0,227636518.83,0.3419,1,-0.4044,0
2024-07-16,sh.600009,33.6162483,33.95847305,33.46958055,33.84113885,33.7140268,6296699.0,217535910.05,0.3268,1,0.377,0
2024-07-17,sh.600009,33.9095838,34.54514405,33.84113885,34.36914275,33.84113885,12576530.0,441036925.26,0.6527,1,1.5602,0
2024-07-18,sh.600009,34.2811421,34.4571434,33.93891735,34.27136425,34.36914275,9215317.0,322168744.73,0.4782,1,-0.2845,0
2024-07-19,sh.600009,34.1438112,35.04646368,34.094754,34.94834928,34.27135992,13105970.0,464356728.8,0.6801,1,1.9754,0
2024-07-22,sh.600009,34.91891496,35.4192984,34.84042344,35.01702936,34.94834928,11446958.0,409511709.55,0.594,1,0.1965,0
2024-07-23,sh.600009,35.26231536,35.26231536,34.4872116,34.49702304,35.01702936,9226832.0,327622277.6,0.4788,1,-1.485,0
2024-07-24,sh.600009,34.49702304,34.66381752,34.0456968,34.15362264,34.49702304,9501312.0,332353227.74,0.4931,1,-0.9954,0
2024-07-25,sh.600009,34.18305696,34.80117768,34.08494256,34.60494888,34.15362264,8252483.0,290493962.37,0.4283,1,1.3215,0
2024-07-26,sh.600009,34.66381752,34.830612,34.22230272,34.41853152,34.60494888,7097961.0,248866934.7,0.3684,1,-0.5387,0
2024-07-29,sh.600009,34.35966288,34.35966288,33.1626672,33.3098388,34.41853152,18611071.0,635094562.66,0.9658,1,-3.2212,0
2024-07-30,sh.600009,33.0645528,33.4079532,33.0154956,33.2117244,33.3098388,6703504.0,226759625.17,0.3479,1,-0.2946,0
2024-07-31,sh.600009,33.2117244,33.9966396,33.20191296,33.92795952,33.2117244,9915062.0,341050744.38,0.5145,1,2.1566,0
2024-08-01,sh.600009,33.92795952,33.97701672,33.56493624,33.76116504,33.92795952,6509001.0,223992494.69,0.3378,1,-0.4916,0
2024-08-02,sh.600009,33.58455912,33.9475824,33.5060676,33.68267352,33.76116504,4936236.0,169787725.32,0.2562,1,-0.2325,0
2024-08-05,sh.600009,33.68267352,34.71287472,33.56493624,34.06531968,33.68267352,13703940.0,478260853.86,0.7112,1,1.136,0
2024-08-06,sh.600009,34.13399976,34.70306328,33.74154216,34.07513112,34.06531968,8748469.0,304245348.51,0.454,1,0.0288,0
2024-08-07,sh.600009,33.8985252,34.07513112,33.77097648,33.77097648,34.07513112,3999273.0,138136405.47,0.2075,1,-0.8926,0
2024-08-08,sh.600009,33.76116504,33.8985252,33.44719896,33.66305064,33.77097648,4804900.0,164891932.99,0.2494,1,-0.3196,0
2024-08-09,sh.600009,33.81022224,33.92795952,33.358896,33.358896,33.66305064,4586639.0,157069239.49,0.238,1,-0.9035,0
2024-08-12,sh.600009,33.358896,33.49625616,33.19210152,33.2607816,33.358896,3456000.0,117438961.0,0.1794,1,-0.2941,0
2024-08-13,sh.600009,33.30002736,33.34908456,32.78002104,33.20191296,33.2607816,3904028.0,131489018.12,0.2026,1,-0.177,0
2024-08-14,sh.600009,33.22153584,33.2607816,32.74077528,32.80945536,33.20191296,4387110.0,147276242.4,0.2277,1,-1.182,0
2024-08-15,sh.600009,32.7702096,33.61399344,32.7702096,33.604182,32.80945536,7158237.0,243199725.72,0.3715,1,2.4222,0
2024-08-16,sh.600009,33.58455912,33.62380488,33.17247864,33.37851888,33.604182,5496985.0,187150136.34,0.2853,1,-0.6715,0
2024-08-19,sh.600009,33.29021592,33.29021592,32.4268092,32.94681552,33.37851888,9815207.0,329002859.42,0.5094,1,-1.2934,0
2024-08-20,sh.600009,32.93700408,33.08417568,32.78983248,32.89775832,32.94681552,4771150.0,160118945.12,0.2476,1,-0.1489,0
2024-08-21,sh.600009,32.64266088,33.08417568,32.58379224,32.868324,32.89775832,4501268.0,150996032.4,0.2336,1,-0.0895,0
2024-08-22,sh.600009,32.7702096,32.9173812,32.04416304,32.16190032,32.868324,7188134.0,236890460.46,0.373,1,-2.1493,0
2024-08-23,sh.600009,32.17171176,32.51511216,31.9852944,32.4268092,32.16190032,3169955.0,104409622.85,0.1645,1,0.8237,0
2024-08-26,sh.600009,32.4268092,32.65247232,32.1815232,32.43662064,32.4268092,2978709.0,98206808.37,0.1546,1,0.0303,0
2024-08-27,sh.600009,32.41699776,32.43662064,31.94604864,32.0343516,32.43662064,3373409.0,110271424.56,0.1751,1,-1.2402,0
2024-08-28,sh.600009,32.16190032,32.36794056,31.80868848,31.85774568,32.0343516,3886681.0,126822115.27,0.2017,1,-0.5513,0
2024-08-29,sh.600009,31.7400084,32.12265456,31.71057408,32.0343516,31.85774568,4348100.0,141739966.81,0.2256,1,0.5544,0
2024-08-30,sh.600009,31.9852944,32.79964392,31.9852944,32.50530072,32.0343516,8254721.0,273702812.5,0.4284,1,1.4701,0
2024-09-02,sh.600009,32.48567784,32.49548928,31.60264824,31.641894,32.50530072,7686251.0,249843671.08,0.3989,1,-2.6562,0
2024-09-03,sh.600009,31.5928368,31.88718,31.41623088,31.76944272,31.641894,3824904.0,123638419.29,0.1985,1,0.4031,0
2024-09-04,sh.600009,31.62227112,31.89699144,31.58302536,31.72038552,31.76944272,3511468.0,113655600.6,0.1822,1,-0.1544,0
2024-09-05,sh.600009,31.63208256,31.96567152,31.63208256,31.94604864,31.72038552,4172140.0,135514731.08,0.2165,1,0.7114,0
2024-09-06,sh.600009,32.0343516,32.05397448,31.75963128,31.82831136,31.94604864,2754047.0,89553941.26,0.1429,1,-0.3686,0
2024-09-09,sh.600009,31.51334754,31.83812595,31.07046789,31.24761975,31.82828418,5966162.0,190297916.53,0.3096,1,-1.8244,0
2024-09-10,sh.600009,31.24761975,31.37556276,30.36186045,30.84410718,31.24761975,6801540.0,212157083.8,0.353,1,-1.2913,0
2024-09-11,sh.600009,30.79489833,30.87363249,30.37170222,30.63743001,30.84410718,4286526.0,133376664.2,0.2225,1,-0.6701,0
2024-09-12,sh.600009,30.69648063,30.75553125,30.4110693,30.47996169,30.63743001,3639650.0,112959491.5,0.1889,1,-0.514,0
2024-09-13,sh.600009,30.509487,30.58822116,30.29296806,30.30280983,30.47996169,3408750.0,105244630.5,0.1769,1,-0.5812,0
2024-09-18,sh.600009,30.30280983,30.39138576,29.26942398,29.76151248,30.30280983,7549196.0,227250175.91,0.3918,1,-1.7863,0
2024-09-19,sh.600009,29.94850611,30.69648063,29.63356947,30.40122753,29.76151248,7380443.0,227212163.99,0.383,1,2.1495,0
2024-09-20,sh.600009,30.29296806,30.76537302,30.09613266,30.509487,30.40122753,5107969.0,157905236.55,0.2651,1,0.3561,0
2024-09-23,sh.600009,30.509487,30.67679709,30.37170222,30.52917054,30.509487,3791613.0,117590231.82,0.1968,1,0.0645,0
2024-09-24,sh.600009,30.76537302,31.76923356,30.64727178,31.76923356,30.52917054,10993713.0,350096362.71,0.5705,1,4.0619,0
2024-09-25,sh.600009,31.94638542,32.59594224,31.82828418,31.9857525,31.76923356,12292098.0,402728738.53,0.6379,1,0.6815,0
2024-09-26,sh.600009,31.97591073,33.37344207,31.82828418,33.33407499,31.9857525,13978805.0,464234042.89,0.7254,1,4.2154,0
2024-09-27,sh.600009,33.63916986,35.32211253,33.62932809,35.1351189,33.33407499,18475499.0,648139081.3,0.9588,1,5.403,0
2024-09-30,sh.600009,36.414549,38.17622583,35.97166935,37.81208034,35.1351189,49748006.0,1878777178.28,2.5817,1,7.619,0
2024-10-08,sh.600009,41.35511754,41.59132002,36.58185909,38.31401061,37.81208034,62507209.0,2490458916.98,3.2438,1,1.3274,0
2024-10-09,sh.600009,37.64477025,37.64477025,34.91859996,34.92844173,38.31401061,34801563.0,1277715512.58,1.806,1,-8.8364,0
2024-10-10,sh.600009,35.01701766,36.0208782,34.69223925,35.3319543,34.92844173,20514937.0,738324068.67,1.0646,1,1.1553,0
2024-10-11,sh.600009,35.32211253,35.6272074,34.45603677,34.71192279,35.3319543,13884112.0,493751699.16,0.7205,1,-1.7549,0
2024-10-14,sh.600009,34.71192279,34.87923288,33.98363181,34.5446127,34.71192279,15729234.0,550021962.2,0.8198,1,-0.482,0
2024-10-15,sh.600009,34.52492916,34.80049872,34.03284066,34.03284066,34.5446127,10714194.0,375053335.1,0.5584,1,-1.4815,0
2024-10-16,sh.600009,33.79663818,34.13125836,33.48170154,33.71790402,34.03284066,10170992.0,348761456.85,0.5301,1,-0.9254,0
2024-10-17,sh.600009,33.73758756,33.89505588,33.34391676,33.39312561,33.71790402,9839221.0,336094284.17,0.5128,1,-0.9632,0
2024-10-18,sh.600009,33.39312561,34.71192279,33.13723959,34.2493596,33.39312561,16783325.0,577028379.55,0.8747,1,2.5641,0
2024-10-21,sh.600009,34.47572031,34.9382835,34.09189128,34.42651146,34.2493596,15409407.0,540066623.58,0.8031,1,0.5172,0
2024-10-22,sh.600009,34.42651146,34.58397978,34.12141659,34.5446127,34.42651146,10611741.0,370877733.41,0.5531,1,0.3431,0
2024-10-23,sh.600009,34.56429624,35.20401129,34.45603677,35.0367012,34.5446127,14425794.0,511807534.68,0.7519,1,1.4245,0
2024-10-24,sh.600009,34.96780881,35.16464421,34.46587854,34.53477093,35.0367012,8534974.0,301416817.5,0.4448,1,-1.4326,0
2024-10-25,sh.600009,34.5446127,34.96780881,34.5446127,34.76113164,34.53477093,10000996.0,353212061.1,0.5212,1,0.6555,0
2024-10-28,sh.600009,34.78081518,35.15480244,34.6430304,35.09575182,34.76113164,9753574.0,346500557.15,0.5083,1,0.9626,0
2024-10-29,sh.600009,35.22369483,35.30242899,34.60366332,34.71192279,35.09575182,10761425.0,381108732.04,0.5609,1,-1.0937,0
2024-10-30,sh.600009,34.5446127,34.90875819,34.39698615,34.70208102,34.71192279,8615105.0,303313522.8,0.449,1,-0.0284,0
2024-10-31,sh.600009,34.58397978,34.58397978,33.9541065,34.40682792,34.70208102,13081940.0,456017809.9,0.6818,1,-0.8508,0
2024-11-01,sh.600009,34.40682792,34.51508739,33.97379004,34.36746084,34.40682792,12040629.0,419739058.27,0.6275,1,-0.1144,0
2024-11-04,sh.600009,34.36746084,34.5446127,34.22967606,34.5446127,34.36746084,8976988.0,313596528.55,0.4679,1,0.5155,0
2024-11-05,sh.600009,34.55445447,35.18432775,34.3477773,35.17448598,34.5446127,16200801.0,575527569.65,0.8444,1,1.8234,0
2024-11-06,sh.600009,35.1351189,35.5287897,34.97765058,35.15480244,35.17448598,14731371.0,526875306.19,0.7678,1,-0.056,0
2024-11-07,sh.600009,34.9382835,36.19803006,34.89891642,36.18818829,35.15480244,21015222.0,763519723.01,1.0953,1,2.9395,0
2024-11-08,sh.600009,36.5129667,36.60154263,35.79451749,35.95198581,36.18818829,16974251.0,622551268.45,0.8847,1,-0.6527,0
2024-11-11,sh.600009,35.7256251,36.16850475,35.59768209,36.01103643,35.95198581,12396500.0,451921155.42,0.6461,1,0.1642,0
2024-11-12,sh.600009,35.93230227,36.50312493,35.60752386,35.77483395,36.01103643,18077877.0,662975650.72,0.9422,1,-0.6559,0
2024-11-13,sh.600009,35.66657448,36.17834652,35.57799855,35.83388457,35.77483395,11173086.0,407170969.56,0.5823,1,0.1651,0
2024-11-14,sh.600009,35.83388457,35.88309342,35.430372,35.44021377,35.83388457,10958100.0,397105795.39,0.5711,1,-1.0986,0
2024-11-15,sh.600009,35.41068846,36.38502369,35.3319543,35.71578333,35.44021377,14688923.0,535301482.23,0.7656,1,0.7776,0
2024-11-18,sh.600009,35.71578333,36.26692245,35.45989731,35.60752386,35.71578333,15467834.0,565073435.98,0.8062,1,-0.3031,0
2024-11-19,sh.600009,35.70594156,35.79451749,34.90875819,35.39100492,35.60752386,12559599.0,451012887.25,0.6546,1,-0.6081,0
2024-11-20,sh.600009,35.3319543,35.67641625,35.08591005,35.45005554,35.39100492,8280400.0,297618297.6,0.4316,1,0.1669,0
2024-11-21,sh.600009,35.430372,35.59768209,35.0367012,35.26306191,35.45005554,7564002.0,270743968.46,0.3942,1,-0.5275,0
2024-11-22,sh.600009,35.14496067,35.430372,34.25920137,34.26904314,35.26306191,10778000.0,381564711.85,0.5617,1,-2.8189,0
2024-11-25,sh.600009,34.06236597,34.83002403,33.58011924,33.90489765,34.26904314,13255758.0,460577887.26,0.6909,1,-1.0626,0
2024-11-26,sh.600009,33.90489765,34.5446127,33.80647995,34.00331535,33.90489765,9130812.0,317215036.68,0.4759,1,0.2903,0
2024-11-27,sh.600009,34.00331535,34.2493596,33.76711287,34.23951783,34.00331535,8599465.0,297119200.68,0.4482,1,0.6946,0
2024-11-28,sh.600009,34.2493596,34.49540385,34.10173305,34.26904314,34.23951783,7326396.0,255429333.58,0.3818,1,0.0862,0
2024-11-29,sh.600009,34.23951783,34.57413801,34.17062544,34.35761907,34.26904314,8450856.0,295229352.96,0.4404,1,0.2585,0
2024-12-02,sh.600009,34.39698615,35.38116315,34.38714438,35.12527713,34.35761907,12438197.0,442239949.25,0.6483,1,2.2343,0
2024-12-03,sh.600009,35.00717589,35.32211253,34.85954934,35.10559359,35.12527713,6454916.0,229780258.08,0.3364,1,-0.056,0
2024-12-04,sh.600009,35.09575182,35.16464421,34.446195,34.52492916,35.10559359,7115977.0,251000004.84,0.3709,1,-1.6541,0
2024-12-05,sh.600009,34.39698615,34.59382155,34.36746084,34.446195,34.52492916,4858887.0,170177362.26,0.2532,1,-0.2281,0
2024-12-06,sh.600009,34.50524562,34.99733412,34.50524562,34.95796704,34.446195,7820904.0,276638916.0,0.4076,1,1.4857,0
2024-12-09,sh.600009,34.8398658,35.41068846,34.82018226,34.96780881,34.95796704,10147700.0,361605093.04,0.5289,1,0.0282,0
2024-12-10,sh.600009,35.7256251,35.97166935,34.98749235,35.02685943,34.96780881,15739044.0,566416040.99,0.8203,1,0.1689,0
2024-12-11,sh.600009,34.9382835,35.32211253,34.9382835,35.27290368,35.02685943,7155214.0,255886948.55,0.3729,1,0.7024,0
2024-12-12,sh.600009,35.28274545,35.57799855,35.14496067,35.57799855,35.27290368,10545091.0,379818860.46,0.5496,1,0.865,0
2024-12-13,sh.600009,35.40084669,35.5287897,35.11543536,35.16464421,35.57799855,11511990.0,412850006.85,0.6,1,-1.1618,0
2024-12-16,sh.600009,35.31227076,35.38116315,34.63318863,34.75128987,35.16464421,6997460.0,248422724.02,0.3647,1,-1.1755,0
2024-12-17,sh.600009,34.76113164,34.92844173,34.37730261,34.41666969,34.75128987,8041600.0,282603139.71,0.4191,1,-0.9629,0
2024-12-18,sh.600009,34.62334686,34.72176456,34.20999252,34.30841022,34.41666969,7214837.0,252596023.08,0.376,1,-0.3146,0
2024-12-19,sh.600009,34.25920137,34.26904314,33.51122685,33.91473942,34.30841022,11887323.0,408674109.03,0.6196,1,-1.1474,0
2024-12-20,sh.600009,33.90489765,34.13125836,33.77695464,33.96394827,33.91473942,6041873.0,208643240.12,0.3149,1,0.1451,0
2024-12-23,sh.600009,34.31825199,34.96780881,34.08204951,34.12141659,33.96394827,10622212.0,371949018.28,0.5536,1,0.4636,0
2024-12-24,sh.600009,34.12141659,34.60366332,33.96394827,34.56429624,34.12141659,7627677.0,266368280.63,0.3975,1,1.298,0
2024-12-25,sh.600009,34.5446127,34.79065695,34.26904314,34.7414481,34.56429624,8064858.0,283177573.33,0.4203,1,0.5125,0
2024-12-26,sh.600009,34.7414481,34.87923288,34.38714438,34.40682792,34.7414481,6877964.0,241534548.14,0.3585,1,-0.9632,0
2024-12-27,sh.600009,34.42651146,34.80049872,34.33793553,34.68239748,34.40682792,6640420.0,233595963.46,0.3461,1,0.8009,0
2024-12-30,sh.600009,34.60366332,34.73160633,34.20015075,34.25920137,34.68239748,8458419.0,295388892.77,0.4408,1,-1.2202,0
2024-12-31,sh.600009,34.27888491,34.33793553,33.58996101,33.60964455,34.25920137,10929500.0,376797268.17,0.5696,1,-1.896,0
2025-01-02,sh.600009,33.70806225,33.82616349,32.56641693,32.78293587,33.60964455,14327978.0,481880159.25,0.7468,1,-2.4597,0
2025-01-03,sh.600009,32.8715118,32.93056242,32.477841,32.5762587,32.78293587,8352744.0,277615987.88,0.4353,1,-0.6304,0
2025-01-06,sh.600009,32.58610047,32.82230295,32.39910684,32.5762587,32.5762587,7948948.0,262985607.48,0.4143,1,0.0,0
2025-01-07,sh.600009,32.5762587,32.69435994,32.07432843,32.48768277,32.5762587,8596110.0,282640655.8,0.448,1,-0.2719,0
2025-01-08,sh.600009,32.477841,32.53689162,32.02511958,32.35973976,32.48768277,5959100.0,195498256.0,0.3106,1,-0.3938,0
2025-01-09,sh.600009,32.36958153,32.40894861,32.09401197,32.15306259,32.35973976,5448041.0,178353099.13,0.2839,1,-0.6387,0
2025-01-10,sh.600009,32.21211321,32.45815746,31.85780949,31.85780949,32.15306259,5398831.0,176259802.66,0.2814,1,-0.9183,0
2025-01-13,sh.600009,31.72986648,31.97591073,31.67081586,31.8873348,31.85780949,5190210.0,167881700.56,0.2705,1,0.0927,0
2025-01-14,sh.600009,31.8873348,32.74356879,31.86765126,32.68451817,31.8873348,8897676.0,293502869.03,0.4637,1,2.5,0
2025-01-15,sh.600009,32.62546755,32.95024596,32.55657516,32.81246118,32.68451817,6765232.0,225217106.44,0.3526,1,0.3914,0
2025-01-16,sh.600009,32.8715118,33.13723959,32.52704985,32.6746764,32.81246118,6014383.0,200449276.3,0.3135,1,-0.4199,0
2025-01-17,sh.600009,32.5762587,32.95024596,32.49752454,32.6746764,32.6746764,4887010.0,162557997.3,0.2547,1,0.0,0
2025-01-20,sh.600009,32.90103711,33.14708136,32.53689162,32.56641693,32.6746764,6954775.0,231925112.7,0.3625,1,-0.3313,0
2025-01-21,sh.600009,32.74356879,32.8715118,32.55657516,32.6746764,32.56641693,4330351.0,143728845.83,0.2257,1,0.3324,0
2025-01-22,sh.600009,32.72388525,32.95024596,32.60578401,32.80261941,32.6746764,6522658.0,217207131.47,0.34,1,0.3916,0
2025-01-23,sh.600009,32.9699295,33.22581552,32.71404348,32.72388525,32.80261941,7579241.0,253974248.13,0.395,1,-0.24,0
2025-01-24,sh.600009,32.62546755,32.85182826,32.51720808,32.81246118,32.72388525,7320198.0,243556805.77,0.3815,1,0.2707,0
2025-01-27,sh.600009,32.83214472,33.01913835,32.61562578,32.63530932,32.81246118,7023211.0,234169050.87,0.366,1,-0.5399,0
2025-02-05,sh.600009,32.82230295,32.86167003,32.38926507,32.48768277,32.63530932,6013981.0,198668272.9,0.3134,1,-0.4524,0
2025-02-06,sh.600009,32.38926507,32.6746764,32.19242967,32.59594224,32.48768277,6347730.0,209367317.43,0.3308,1,0.3332,0
2025-02-07,sh.600009,32.59594224,32.89119534,32.45815746,32.7730941,32.59594224,8844513.0,293979534.35,0.461,1,0.5435,0
2025-02-10,sh.600009,32.76325233,33.03882189,32.65499286,32.95024596,32.7730941,8542007.0,285442861.52,0.4452,1,0.5405,0
2025-02-11,sh.600009,32.95024596,33.00929658,32.48768277,32.50736631,32.95024596,8680747.0,287579609.25,0.4524,1,-1.3441,0
2025-02-12,sh.600009,32.48768277,32.55657516,32.32037268,32.51720808,32.50736631,7344189.0,241939927.47,0.3828,1,0.0303,0
2025-02-13,sh.600009,32.477841,32.63530932,32.42863215,32.48768277,32.51720808,8039694.0,265867186.34,0.419,1,-0.0908,0
2025-02-14,sh.600009,32.45815746,32.55657516,32.25148029,32.46799923,32.48768277,7736518.0,254727536.97,0.4032,1,-0.0606,0
2025-02-17,sh.600009,32.46799923,32.52704985,32.33021445,32.3794233,32.46799923,8243289.0,271362885.32,0.4296,1,-0.2728,0
2025-02-18,sh.600009,32.3794233,32.41879038,32.04480312,32.0841702,32.3794233,8900467.0,291656703.96,0.4639,1,-0.9119,0
2025-02-19,sh.600009,32.07432843,32.15306259,31.86765126,32.03496135,32.0841702,7860066.0,255583508.4,0.4097,1,-0.1534,0
2025-02-20,sh.600009,31.9857525,32.13337905,31.80860064,32.03496135,32.03496135,6462897.0,209884939.36,0.3368,1,0.0,0
2025-02-21,sh.600009,32.01527781,32.27116383,31.96606896,32.20227144,32.03496135,8956638.0,292539552.43,0.4668,1,0.5223,0
2025-02-24,sh.600009,32.21211321,32.45815746,32.12353728,32.32037268,32.20227144,10351934.0,339414989.69,0.5395,1,0.3667,0
2025-02-25,sh.600009,32.14322082,32.1825879,31.8873348,31.95622719,32.32037268,9834592.0,319865752.01,0.5126,1,-1.1267,0
2025-02-26,sh.600009,31.9857525,32.03496135,31.80860064,32.00543604,31.95622719,7226985.0,234316397.62,0.3767,1,0.154,0
2025-02-27,sh.600009,31.9857525,32.35973976,31.96606896,32.29084737,32.00543604,10859087.0,355529263.57,0.566,1,0.8918,0
2025-02-28,sh.600009,32.1825879,32.36958153,31.83812595,31.97591073,32.29084737,8988414.0,293022201.11,0.4685,1,-0.9753,0
2025-03-03,sh.600009,31.97591073,32.06448666,31.80860064,31.86765126,31.97591073,7149870.0,231958629.61,0.3726,1,-0.3386,0
2025-03-04,sh.600009,31.7889171,31.8873348,31.70034117,31.8873348,31.86765126,5030810.0,162473615.72,0.2622,1,0.0618,0
2025-03-05,sh.600009,31.8873348,31.93654365,31.64129055,31.74955002,31.8873348,6299738.0,203203456.12,0.3283,1,-0.4321,0
2025-03-06,sh.600009,31.82828418,31.86765126,31.5920817,31.83812595,31.74955002,9528596.0,307663887.25,0.4966,1,0.279,0
2025-03-07,sh.600009,31.77907533,31.84796772,31.62160701,31.68065763,31.83812595,8059100.0,259663134.52,0.42,1,-0.4946,0
2025-03-10,sh.600009,31.68065763,31.70034117,31.55271462,31.63144878,31.68065763,6643259.0,213253460.13,0.3462,1,-0.1553,0
2025-03-11,sh.600009,31.50350577,31.71018294,31.47398046,31.71018294,31.63144878,7415662.0,238070184.12,0.3865,1,0.2489,0
2025-03-12,sh.600009,31.77907533,31.79875887,31.60192347,31.62160701,31.71018294,6552606.0,210824332.95,0.3415,1,-0.2793,0
2025-03-13,sh.600009,31.65113232,31.71018294,31.45429692,31.51334754,31.62160701,8277900.0,265326437.22,0.4314,1,-0.3424,0
2025-03-14,sh.600009,31.52318931,31.96606896,31.50350577,31.95622719,31.51334754,12595349.0,407247937.82,0.6565,1,1.4054,0
2025-03-17,sh.600009,32.06448666,32.41879038,32.06448666,32.17274613,31.95622719,10857708.0,355542805.51,0.5659,1,0.6775,0
2025-03-18,sh.600009,32.19242967,32.29084737,32.0841702,32.14322082,32.17274613,6025637.0,196998145.95,0.314,1,-0.0918,0
2025-03-19,sh.600009,32.14322082,32.25148029,31.96606896,32.05464489,32.14322082,6484783.0,211674937.6,0.338,1,-0.2756,0
2025-03-20,sh.600009,32.00543604,32.15306259,31.92670188,31.96606896,32.05464489,5251177.0,170881624.76,0.2737,1,-0.2763,0
2025-03-21,sh.600009,31.97591073,32.25148029,31.7889171,31.85780949,31.96606896,9007094.0,292947040.5,0.4694,1,-0.3387,0
2025-03-24,sh.600009,31.83812595,32.11369551,31.75939179,31.95622719,31.85780949,6834038.0,221665820.85,0.3562,1,0.3089,0
2025-03-25,sh.600009,31.97591073,32.40894861,31.75939179,32.34005622,31.95622719,10063474.0,328822770.45,0.5245,1,1.2011,0
2025-03-26,sh.600009,32.34005622,32.3794233,32.15306259,32.17274613,32.34005622,6366035.0,208516533.1,0.3318,1,-0.5173,0
2025-03-27,sh.600009,32.17274613,32.25148029,32.03496135,32.1825879,32.17274613,5138341.0,167837819.79,0.2678,1,0.0306,0
2025-03-28,sh.600009,32.19242967,32.23179675,31.93654365,31.9857525,32.1825879,5025119.0,163671322.2,0.2619,1,-0.6116,0
2025-03-31,sh.600009,32.0841702,32.26132206,31.75939179,31.81844241,31.9857525,6817012.0,221365835.48,0.3553,1,-0.5231,0
2025-04-01,sh.600009,31.86765126,32.12353728,31.77907533,32.0841702,31.81844241,6220262.0,202259726.58,0.3242,1,0.8351,0
2025-04-02,sh.600009,32.06448666,32.07432843,31.74955002,31.87749303,32.0841702,6736200.0,218081862.65,0.3511,1,-0.6442,0
2025-04-03,sh.600009,31.70034117,32.0841702,31.6904994,31.86765126,31.87749303,6672767.0,216314337.79,0.3478,1,-0.0309,0
2025-04-07,sh.600009,30.8047401,31.17872736,29.21037336,30.17486682,31.86765126,24883305.0,760422409.9,1.2969,1,-5.3119,0
2025-04-08,sh.600009,30.0173985,31.12951851,29.99771496,31.12951851,30.17486682,17384326.0,539535900.26,0.906,1,3.1637,0
2025-04-09,sh.600009,30.9031578,32.96008773,30.51932877,32.63530932,31.12951851,28921887.0,938177934.94,1.5074,1,4.8372,0
2025-04-10,sh.600009,32.6746764,32.74356879,31.7889171,32.49752454,32.63530932,22722925.0,748029633.19,1.1843,1,-0.4222,0
2025-04-11,sh.600009,32.31053091,32.32037268,32.03496135,32.14322082,32.49752454,10046673.0,328528993.2,0.5236,1,-1.0902,0
2025-04-14,sh.600009,32.10385374,32.26132206,32.06448666,32.13337905,32.14322082,7427501.0,242575623.02,0.3871,1,-0.0306,0
2025-04-15,sh.600009,32.04480312,32.0841702,31.54287285,31.67081586,32.13337905,9378500.0,302115424.0,0.4888,1,-1.4395,0
2025-04-16,sh.600009,31.56255639,32.1825879,31.50350577,32.1825879,31.67081586,11379719.0,368910024.19,0.5931,1,1.6159,0
2025-04-17,sh.600009,32.09401197,32.42863215,31.92670188,32.42863215,32.1825879,9303519.0,304039764.47,0.4849,1,0.7645,0
2025-04-18,sh.600009,32.2810056,32.2810056,31.89717657,32.00543604,32.42863215,5786500.0,188429433.9,0.3016,1,-1.305,0
2025-04-21,sh.600009,32.00543604,32.0841702,31.71018294,31.8873348,32.00543604,4899593.0,158573335.32,0.2554,1,-0.369,0
2025-04-22,sh.600009,31.84796772,31.9857525,31.73970825,31.79875887,31.8873348,4392265.0,142094688.64,0.2289,1,-0.2778,0
2025-04-23,sh.600009,31.83812595,31.94638542,31.56255639,31.57239816,31.79875887,6045242.0,194605545.44,0.3151,1,-0.7119,0
2025-04-24,sh.600009,31.60192347,31.76923356,31.53303108,31.58223993,31.57239816,4364621.0,140291291.97,0.2275,1,0.0312,0
2025-04-25,sh.600009,31.57239816,31.77907533,31.53303108,31.74955002,31.58223993,4873187.0,156621563.13,0.254,1,0.5298,0
2025-04-28,sh.600009,31.80860064,31.8873348,31.62160701,31.67081586,31.74955002,5659678.0,182516799.99,0.295,1,-0.248,0
2025-04-29,sh.600009,31.67081586,31.6904994,31.51334754,31.57239816,31.67081586,4835712.0,155187500.96,0.252,1,-0.3108,0
2025-04-30,sh.600009,31.54287285,31.71018294,31.37556276,31.5920817,31.57239816,5320779.0,170799767.69,0.2773,1,0.0623,0
2025-05-06,sh.600009,31.66097409,31.93654365,31.61176524,31.73970825,31.5920817,6901409.0,222495435.18,0.3597,1,0.4673,0
2025-05-07,sh.600009,31.9857525,32.02511958,31.66097409,31.82828418,31.73970825,8801396.0,284143573.01,0.4587,1,0.2791,0
2025-05-08,sh.600009,31.67081586,31.85780949,31.54287285,31.80860064,31.82828418,5127654.0,165439731.66,0.2672,1,-0.0618,0
2025-05-09,sh.600009,31.79875887,31.83812595,31.57239816,31.57239816,31.80860064,5107000.0,164231162.7,0.2662,1,-0.7426,0
2025-05-12,sh.600009,31.67081586,31.73970825,31.55271462,31.73970825,31.57239816,6874318.0,220857658.4,0.3583,1,0.5299,0
2025-05-13,sh.600009,31.83812595,31.94638542,31.73970825,31.73970825,31.73970825,7275310.0,235249446.4,0.3792,1,0.0,0
2025-05-14,sh.600009,31.62160701,32.04480312,31.58223993,32.04480312,31.73970825,9695352.0,313591541.36,0.5053,1,0.9612,0
2025-05-15,sh.600009,32.03496135,32.35973976,31.96606896,32.0841702,32.04480312,9974299.0,325936129.63,0.5198,1,0.1229,0
2025-05-16,sh.600009,32.17274613,32.1825879,31.87749303,32.03496135,32.0841702,5466786.0,177577540.2,0.2849,1,-0.1534,0
2025-05-19,sh.600009,32.03496135,32.23179675,31.89717657,32.15306259,32.03496135,5745635.0,187565348.11,0.2995,1,0.3687,0
2025-05-20,sh.600009,32.16290436,32.27116383,31.97591073,32.15306259,32.15306259,5673124.0,184972171.51,0.2957,1,0.0,0
2025-05-21,sh.600009,32.10385374,32.27116383,32.00543604,32.1825879,32.15306259,6506930.0,212817021.4,0.3391,1,0.0918,0
2025-05-22,sh.600009,32.16290436,32.35973976,32.14322082,32.27116383,32.1825879,7056320.0,231372756.25,0.3678,1,0.2752,0
2025-05-23,sh.600009,32.26132206,32.35973976,31.87749303,31.87749303,32.27116383,6807669.0,222176877.62,0.3548,1,-1.2199,0
2025-05-26,sh.600009,31.85780949,32.13337905,31.77907533,32.04480312,31.87749303,5010477.0,162865309.9,0.2611,1,0.5249,0
2025-05-27,sh.600009,31.97591073,32.29084737,31.97591073,32.05464489,32.04480312,5479896.0,179042299.91,0.2856,1,0.0307,0
2025-05-28,sh.600009,32.12353728,32.1825879,31.89717657,32.09401197,32.05464489,4738527.0,154230233.78,0.247,1,0.1228,0
2025-05-29,sh.600009,32.13337905,32.22195498,31.89717657,32.01527781,32.09401197,5715273.0,185793131.62,0.2979,1,-0.2453,0
2025-05-30,sh.600009,31.93654365,32.10385374,31.84796772,31.84796772,32.01527781,4813331.0,156471658.41,0.2509,1,-0.5226,0
2025-06-03,sh.600009,31.83812595,32.01527781,31.72002471,31.9857525,31.84796772,5706005.0,185024173.77,0.2974,1,0.4326,0
2025-06-04,sh.600009,31.97591073,32.03496135,31.81844241,31.99559427,31.9857525,5663351.0,183689138.5,0.2952,1,0.0308,0
2025-06-05,sh.600009,31.9857525,32.17274613,31.93654365,31.95622719,31.99559427,6731650.0,219113416.32,0.3508,1,-0.123,0
2025-06-06,sh.600009,31.95622719,32.00543604,31.73970825,31.86765126,31.95622719,6857761.0,221915320.69,0.3574,1,-0.2772,0
2025-06-09,sh.600009,31.86765126,32.0841702,31.81844241,32.04480312,31.86765126,6042101.0,196288638.49,0.3149,1,0.5559,0
2025-06-10,sh.600009,32.03496135,32.0841702,31.81844241,31.86765126,32.04480312,5716763.0,185551256.29,0.298,1,-0.5528,0
2025-06-11,sh.600009,31.8873348,32.33021445,31.81844241,32.26132206,31.86765126,9397479.0,306921239.2,0.4898,1,1.2353,0
2025-06-12,sh.600009,32.09401197,32.24163852,31.93654365,31.9857525,32.26132206,6608050.0,214900588.0,0.3444,1,-0.8542,0
2025-06-13,sh.600009,31.80860064,31.93654365,31.56255639,31.57239816,31.9857525,9847329.0,317154890.56,0.5132,1,-1.2923,0
2025-06-16,sh.600009,31.55271462,31.57239816,31.30667037,31.41492984,31.57239816,6297671.0,201133908.71,0.3282,1,-0.4988,0
2025-06-17,sh.600009,31.3952463,31.51334754,31.21809444,31.28698683,31.41492984,6767633.0,215521094.36,0.3527,1,-0.4073,0
2025-06-18,sh.600009,31.2968286,31.32635391,31.0015755,31.06062612,31.28698683,7056875.0,222847910.67,0.3678,1,-0.7235,0
2025-06-19,sh.600009,31.01141727,31.14920205,30.78505656,30.83426541,31.06062612,5250090.0,165048405.88,0.2736,1,-0.7288,0
2025-06-20,sh.600009,30.86379072,31.09015143,30.83426541,30.88347426,30.83426541,4090012.0,128637727.51,0.2132,1,0.1596,0
2025-06-23,sh.600009,30.78505656,30.94252488,30.57837939,30.79489833,30.88347426,5836335.0,182059446.71,0.3042,1,-0.2868,0
2025-06-24,sh.600009,30.99173373,31.24761975,30.96220842,31.17872736,30.79489833,7176877.0,227016079.54,0.374,1,1.2464,0
2025-06-25,sh.600009,31.17872736,31.31651214,31.08030966,31.2968286,31.17872736,6405288.0,203041663.92,0.3338,1,0.3788,0
2025-06-26,sh.600009,31.28698683,31.35587922,31.15904382,31.26730329,31.2968286,4495600.0,142805020.67,0.2343,1,-0.0943,0
2025-06-27,sh.600009,31.1984109,31.34603745,31.15904382,31.26730329,31.26730329,5376900.0,170716603.0,0.2802,1,0.0,0
2025-06-30,sh.600009,31.2968286,31.33619568,31.15904382,31.26730329,31.26730329,5285225.0,167801990.34,0.2755,1,0.0,0
2025-07-01,sh.600009,31.30667037,31.30667037,31.07046789,31.10983497,31.26730329,5981284.0,189164607.98,0.3117,1,-0.5036,0
2025-07-02,sh.600009,31.10983497,31.14920205,30.98189196,31.05078435,31.10983497,4031557.0,127212546.6,0.2101,1,-0.1898,0
2025-07-03,sh.600009,31.06062612,31.15904382,31.03110081,31.14920205,31.05078435,3665100.0,115881673.0,0.191,1,0.317,0
2025-07-04,sh.600009,31.17872736,31.25746152,31.07046789,31.07046789,31.14920205,6086300.0,192610004.98,0.3172,1,-0.2528,0
2025-07-07,sh.600009,31.08030966,31.13936028,30.94252488,30.98189196,31.07046789,4945202.0,155977055.04,0.2577,1,-0.2851,0
2025-07-08,sh.600009,30.98189196,31.0999932,30.96220842,31.09015143,30.98189196,5088687.0,160515456.84,0.2652,1,0.3494,0
2025-07-09,sh.600009,31.0999932,31.27714506,31.02125904,31.18856913,31.09015143,6232228.0,197494292.15,0.3248,1,0.3166,0
2025-07-10,sh.600009,31.1984109,31.31651214,31.10983497,31.22793621,31.18856913,6758432.0,214348131.34,0.3522,1,0.1262,0
2025-07-11,sh.600009,31.22793621,31.54287285,31.1984109,31.1984109,31.22793621,12369525.0,394223734.76,0.6447,1,-0.0945,0
2025-07-14,sh.600009,31.25746152,31.56255639,31.24761975,31.32635391,31.1984109,8667625.0,276647861.18,0.4517,1,0.4101,0
2025-07-15,sh.600009,31.34603745,31.41492984,31.10983497,31.22793621,31.32635391,6960364.0,220841017.54,0.3628,1,-0.3142,0
2025-07-16,sh.600009,31.22793621,31.35587922,31.1984109,31.28698683,31.22793621,4337362.0,137866681.22,0.2261,1,0.1891,0
2025-07-17,sh.600009,31.23777798,31.34603745,31.22793621,31.32635391,31.28698683,4549473.0,144687002.09,0.2371,1,0.1258,0
2025-07-18,sh.600009,31.31651214,31.64129055,31.31651214,31.63144878,31.32635391,8899011.0,284890322.06,0.4638,1,0.9739,0
2025-07-21,sh.600009,31.64129055,31.71018294,31.52318931,31.67081586,31.63144878,7747078.0,249095365.75,0.4038,1,0.1245,0
2025-07-22,sh.600009,31.68065763,31.8873348,31.67081586,31.87749303,31.67081586,10391072.0,335920646.49,0.5416,1,0.6526,0
2025-07-23,sh.600009,31.94638542,32.22195498,31.87749303,31.89717657,31.87749303,13357470.0,435309413.16,0.6962,1,0.0617,0
2025-07-24,sh.600009,31.90701834,32.76325233,31.83812595,32.70420171,31.89717657,26538192.0,875540941.03,1.3831,1,2.5301,0
2025-07-25,sh.600009,32.69435994,32.69435994,32.22195498,32.24163852,32.70420171,16657431.0,548112773.41,0.8682,1,-1.4144,0
2025-07-28,sh.600009,32.30068914,32.41879038,32.06448666,32.21211321,32.24163852,9509702.0,312013351.9,0.4956,1,-0.0916,0
2025-07-29,sh.600009,32.21211321,32.35973976,31.94638542,32.03496135,32.21211321,8664839.0,282361017.73,0.4516,1,-0.55,0
2025-07-30,sh.600009,32.09401197,32.34005622,32.01527781,32.15306259,32.03496135,8316001.0,272022097.82,0.4334,1,0.3687,0
2025-07-31,sh.600009,32.0841702,32.13337905,31.5920817,31.67081586,32.15306259,11087561.0,358002888.61,0.5779,1,-1.4998,0
2025-08-01,sh.600009,31.60192347,31.82828418,31.56255639,31.63144878,31.67081586,6549749.0,210640087.23,0.3414,1,-0.1243,0
2025-08-04,sh.600009,31.63144878,31.70034117,31.48382223,31.60192347,31.63144878,6740857.0,216571714.33,0.3513,1,-0.0933,0
2025-08-05,sh.600009,31.64129055,31.84796772,31.5920817,31.82828418,31.60192347,6654606.0,214891799.75,0.3468,1,0.7163,0
2025-08-06,sh.600009,31.84796772,31.84796772,31.66097409,31.72002471,31.82828418,7249290.0,233684528.42,0.3778,1,-0.3401,0
2025-08-07,sh.600009,31.73970825,31.83812595,31.65113232,31.75939179,31.72002471,7565013.0,243991008.73,0.3943,1,0.1241,0
2025-08-08,sh.600009,31.83888665,31.83888665,31.56073101,31.69980883,31.75941361,5674664.0,181207388.68,0.2958,1,-0.1877,0
2025-08-11,sh.600009,31.6898747,31.82895252,31.61040166,31.6898747,31.69980883,7845857.0,250177522.12,0.4089,1,-0.0313,0
2025-08-12,sh.600009,31.6898747,31.77928187,31.5905334,31.63026992,31.6898747,9069417.0,289175661.04,0.4727,1,-0.1881,0
2025-08-13,sh.600009,31.66007231,31.76934774,31.57066514,31.62033579,31.63026992,10943368.0,348524584.23,0.5704,1,-0.0314,0
2025-08-14,sh.600009,31.66007231,31.73954535,31.55079688,31.65013818,31.62033579,10479494.0,333925624.12,0.5462,1,0.0943,0
2025-08-15,sh.600009,31.56073101,31.81901839,31.40178493,31.5905334,31.65013818,12750710.0,406624768.79,0.6646,1,-0.1883,0
2025-08-18,sh.600009,31.64020405,32.06737164,31.64020405,31.66007231,31.5905334,17610284.0,564583463.47,0.9178,1,0.2201,0
2025-08-19,sh.600009,31.73954535,31.8885573,31.66007231,31.66007231,31.66007231,11885716.0,379776726.14,0.6195,1,0.0,0
2025-08-20,sh.600009,31.67000644,32.07730577,31.55079688,32.07730577,31.66007231,14231125.0,456014508.02,0.7417,1,1.3179,0
2025-08-21,sh.600009,32.1865812,32.47467097,32.13691055,32.25612011,32.07730577,15580527.0,506336596.0,0.812,1,0.5574,0
2025-08-22,sh.600009,32.2859225,32.30579076,32.07730577,32.2859225,32.25612011,11499904.0,372744871.88,0.5994,1,0.0924,0
2025-08-25,sh.600009,32.41506619,32.57401227,32.30579076,32.57401227,32.2859225,15292796.0,499563012.53,0.797,1,0.8923,0
2025-08-26,sh.600009,32.50447336,33.06078464,32.34552728,32.93164095,32.57401227,21036834.0,695091750.4,1.0964,1,1.0979,0
2025-08-27,sh.600009,32.83229965,33.02104812,32.29585663,32.30579076,32.93164095,19118399.0,629145470.83,0.9964,1,-1.9005,0
2025-08-28,sh.600009,32.29585663,32.73295835,32.0872399,32.43493445,32.30579076,15895968.0,518910283.66,0.8285,1,0.3998,0
2025-08-29,sh.600009,32.43493445,32.93164095,32.05743751,32.10710816,32.43493445,22944342.0,750102631.71,1.1958,1,-1.0107,0
2025-09-01,sh.600009,32.1865812,32.46473684,31.95809621,32.14684468,32.10710816,18747443.0,607869000.8,0.9771,1,0.1238,0
2025-09-02,sh.600009,32.15677881,32.22631772,31.81901839,31.95809621,32.14684468,12810849.0,412421303.83,0.6677,1,-0.5871,0
2025-09-03,sh.600009,32.01770099,32.14684468,31.51106036,31.73954535,31.95809621,15753842.0,503129436.23,0.8211,1,-0.6839,0
2025-09-04,sh.600009,31.67000644,31.69980883,31.37198254,31.52099449,31.73954535,13595660.0,431184561.63,0.7086,1,-0.6886,0
2025-09-05,sh.600009,31.5905334,31.72961122,31.47132384,31.70974296,31.52099449,11435454.0,364095572.63,0.596,1,0.5988,0
2025-09-08,sh.600009,31.71967709,32.35546141,31.70974296,32.34552728,31.70974296,18621051.0,602996496.13,0.9705,1,2.005,0
2025-09-09,sh.600009,32.25612011,32.30579076,32.01770099,32.16671294,32.34552728,7871397.0,254656726.42,0.4102,1,-0.5528,0
2025-09-10,sh.600009,32.06737164,32.20644946,31.91835969,31.94816208,32.16671294,7384309.0,237931946.24,0.3849,1,-0.6794,0
2025-09-11,sh.600009,31.92829382,32.03756925,31.70974296,32.02763512,31.94816208,10703489.0,343175156.89,0.5579,1,0.2488,0
2025-09-12,sh.600009,31.97796447,32.22631772,31.77928187,31.86868904,32.02763512,10740921.0,345698163.64,0.5598,1,-0.4963,0
2025-09-15,sh.600009,31.84882078,32.00776686,31.81901839,31.86868904,31.86868904,7481111.0,240089614.08,0.3899,1,0.0,0
2025-09-16,sh.600009,31.89849143,32.03756925,31.76934774,31.84882078,31.86868904,8013355.0,257122318.17,0.4176,1,-0.0623,0
2025-09-17,sh.600009,31.93822795,32.32565902,31.789216,32.17664707,31.84882078,13169730.0,425256657.54,0.6864,1,1.0293,0
2025-09-18,sh.600009,32.14684468,32.16671294,31.62033579,31.72961122,32.17664707,14616384.0,469091797.04,0.7618,1,-1.3893,0
2025-09-19,sh.600009,31.87862317,32.13691055,31.6898747,32.0872399,31.72961122,13349650.0,429019832.0,0.6958,1,1.1271,0
2025-09-22,sh.600009,32.09717403,32.14684468,31.70974296,31.83888665,32.0872399,10555378.0,337810465.44,0.5501,1,-0.774,0
2025-09-23,sh.600009,31.80908426,31.81901839,31.37198254,31.67000644,31.83888665,11654703.0,370312427.96,0.5696,1,-0.5304,0
2025-09-24,sh.600009,31.65013818,31.73954535,31.54086275,31.71967709,31.67000644,6867771.0,218853446.16,0.3356,1,0.1568,0
2025-09-25,sh.600009,31.71967709,31.71967709,31.3918508,31.52099449,31.71967709,10510178.0,333400326.52,0.5136,1,-0.6264,0
2025-09-26,sh.600009,31.47132384,31.57066514,31.36204841,31.45145558,31.52099449,7441418.0,235490484.49,0.3637,1,-0.2206,0
2025-09-29,sh.600009,31.41171906,31.71967709,31.25277298,31.67994057,31.45145558,12139786.0,384078348.91,0.5933,1,0.7265,0
2025-09-30,sh.600009,31.60046753,31.75941361,31.48125797,31.67994057,31.67994057,8410526.0,267822230.19,0.411,1,0.0,0
2025-10-09,sh.600009,31.67994057,31.76934774,31.33224602,31.73954535,31.67994057,12301519.0,390568042.86,0.6012,1,0.1881,0
2025-10-10,sh.600009,31.67000644,31.82895252,31.51106036,31.67000644,31.73954535,9247585.0,295136693.59,0.4519,1,-0.2191,0
2025-10-13,sh.600009,31.21303646,31.54086275,31.07395864,31.31237776,31.67000644,11744789.0,369753077.67,0.574,1,-1.1292,0
2025-10-14,sh.600009,31.36204841,31.60046753,31.2925095,31.38191667,31.31237776,9984868.0,315821285.52,0.488,1,0.2221,0
2025-10-15,sh.600009,31.30244363,31.67000644,31.2925095,31.67000644,31.38191667,9136215.0,289924155.29,0.4465,1,0.918,0
2025-10-16,sh.600009,31.67,31.75,31.51,31.6,31.67,6606750.0,208947609.26,0.3229,1,-0.221,0
2025-10-17,sh.600009,31.64,31.82,31.3,31.32,31.6,9506651.0,299831435.0,0.4646,1,-0.8861,0
2025-10-20,sh.600009,31.56,31.56,31.2,31.43,31.32,8460649.0,265371774.04,0.4135,1,0.3512,0
2025-10-21,sh.600009,31.54,31.54,31.32,31.4,31.43,6977072.0,219219921.9,0.341,1,-0.0955,0
2025-10-22,sh.600009,31.35,31.37,31.24,31.27,31.4,6366003.0,199232622.57,0.3111,1,-0.414,0
2025-10-23,sh.600009,31.26,31.42,31.2,31.38,31.27,6130746.0,191898295.1,0.2996,1,0.3518,0
2025-10-24,sh.600009,31.38,31.48,31.3,31.37,31.38,5184504.0,162636720.93,0.2534,1,-0.0319,0
2025-10-27,sh.600009,31.37,31.43,31.32,31.37,31.37,7166729.0,224913143.12,0.3502,1,0.0,0
2025-10-28,sh.600009,31.42,31.62,31.36,31.5,31.37,8252902.0,260001077.44,0.4033,1,0.4144,0
2025-10-29,sh.600009,31.5,31.61,31.4,31.6,31.5,7123406.0,224598992.06,0.3481,1,0.3175,0
2025-10-30,sh.600009,31.53,31.9,31.51,31.67,31.6,9713444.0,308096124.81,0.4747,1,0.2215,0
2025-10-31,sh.600009,31.95,32.4,31.79,32.29,31.67,22420126.0,720855021.06,1.0957,1,1.9577,0
2025-11-03,sh.600009,32.15,32.3,32.05,32.24,32.29,10807018.0,347698672.06,0.5281,1,-0.1548,0
2025-11-04,sh.600009,32.27,32.54,31.98,32.08,32.24,11577458.0,373240012.68,0.5658,1,-0.4963,0
2025-11-05,sh.600009,31.92,32.44,31.73,32.25,32.08,13910808.0,448350811.14,0.6798,1,0.5299,0
2025-11-06,sh.600009,32.25,32.33,31.95,32.03,32.25,10039063.0,322541215.12,0.4906,1,-0.6822,0
2025-11-07,sh.600009,32.0,32.35,31.96,32.23,32.03,8170409.0,263245663.61,0.3993,1,0.6244,0
2025-11-10,sh.600009,32.3,33.38,32.11,33.26,32.23,35528287.0,1172774209.28,1.7362,1,3.1958,0
2025-11-11,sh.600009,33.13,33.75,33.07,33.53,33.26,28800504.0,964340598.38,1.4075,1,0.8118,0
2025-11-12,sh.600009,33.62,34.66,33.62,33.96,33.53,30478119.0,1041031632.76,1.4894,1,1.2824,0
2025-11-13,sh.600009,33.85,34.58,33.78,34.55,33.96,26420347.0,904677740.28,1.2911,1,1.7373,0
2025-11-14,sh.600009,34.49,34.92,34.13,34.23,34.55,19562870.0,673705840.18,0.956,1,-0.9262,0
2025-11-17,sh.600009,33.84,33.87,33.43,33.59,34.23,17940428.0,603682147.78,0.8767,1,-1.8697,0
2025-11-18,sh.600009,33.72,33.79,32.99,33.14,33.59,14953129.0,497313953.43,0.7307,1,-1.3397,0
2025-11-19,sh.600009,33.29,33.33,32.6,32.64,33.14,14039923.0,460579851.66,0.6861,1,-1.5088,0
2025-11-20,sh.600009,32.75,32.96,32.55,32.58,32.64,11685248.0,382422644.01,0.571,1,-0.1838,0
2025-11-21,sh.600009,32.35,32.71,32.0,32.01,32.58,15526725.0,500827849.72,0.7588,1,-1.7495,0
2025-11-24,sh.600009,32.05,32.21,31.53,31.54,32.01,17575563.0,559288713.96,0.8589,1,-1.4683,0
2025-11-25,sh.600009,31.61,31.74,31.5,31.55,31.54,14330589.0,452600058.18,0.7003,1,0.0317,0
2025-11-26,sh.600009,31.65,31.88,31.58,31.74,31.55,11010903.0,349222959.0,0.5381,1,0.6022,0
2025-11-27,sh.600009,31.74,31.78,31.5,31.64,31.74,8045932.0,254773455.7,0.3932,1,-0.3151,0
2025-11-28,sh.600009,31.54,31.69,31.45,31.66,31.64,6779134.0,214249440.99,0.3313,1,0.0632,0
2025-12-01,sh.600009,31.51,31.94,31.4,31.89,31.66,14795792.0,468093581.31,0.7231,1,0.7265,0
2025-12-02,sh.600009,31.83,31.86,31.63,31.83,31.89,7222240.0,229434899.48,0.3529,1,-0.1881,0
2025-12-03,sh.600009,31.84,32.11,31.7,32.02,31.83,9609454.0,306978169.46,0.4696,1,0.5969,0
2025-12-04,sh.600009,32.0,32.07,31.76,31.89,32.02,7466657.0,238108450.63,0.3649,1,-0.406,0
2025-12-05,sh.600009,31.8,31.89,31.64,31.81,31.89,6983702.0,221785578.36,0.3413,1,-0.2509,0
2025-12-08,sh.600009,32.0,32.22,31.81,32.15,31.81,11133739.0,356418778.55,0.5441,1,1.0688,0
2025-12-09,sh.600009,32.23,32.23,31.82,31.84,32.15,8069950.0,257573266.89,0.3944,1,-0.9642,0
2025-12-10,sh.600009,31.83,32.48,31.8,32.39,31.84,14730001.0,474352829.43,0.7198,1,1.7274,0
2025-12-11,sh.600009,32.25,32.41,31.98,32.01,32.39,9185765.0,295929112.91,0.4489,1,-1.1732,0
2025-12-12,sh.600009,31.88,31.89,30.83,31.02,32.01,37027048.0,1153884763.91,1.8095,1,-3.0928,0
2025-12-15,sh.600009,30.71,31.05,30.71,30.75,31.02,11543907.0,356075680.63,0.5641,1,-0.8704,0
2025-12-16,sh.600009,30.72,30.95,30.56,30.73,30.75,10234138.0,314180570.28,0.5001,1,-0.065,0
2025-12-17,sh.600009,30.85,31.09,30.61,30.91,30.73,8959622.0,276613670.48,0.4378,1,0.5857,0
2025-12-18,sh.600009,31.8,33.16,31.7,33.11,30.91,50592333.0,1645736187.0,2.4724,1,7.1174,0
2025-12-19,sh.600009,33.03,33.72,32.8,33.57,33.11,35845665.0,1193640934.22,1.7517,1,1.3893,0
2025-12-22,sh.600009,33.73,33.98,33.42,33.44,33.57,25438235.0,856511921.14,1.2431,1,-0.3873,0
2025-12-23,sh.600009,33.44,33.65,33.1,33.2,33.44,18979183.0,632196990.26,0.9275,1,-0.7177,0
2025-12-24,sh.600009,33.1,33.83,33.0,33.65,33.2,19660056.0,659544640.52,0.9608,1,1.3554,0
2025-12-25,sh.600009,33.55,34.16,33.55,33.78,33.65,14496467.0,491707888.33,0.7084,1,0.3863,0
2025-12-26,sh.600009,33.65,33.91,33.21,33.38,33.78,12544350.0,419926763.71,0.613,1,-1.1841,0
2025-12-29,sh.600009,33.38,33.78,33.31,33.39,33.38,10747253.0,360504656.95,0.5252,1,0.03,0
2025-12-30,sh.600009,33.3,33.43,32.51,32.79,33.39,15759597.0,517704567.53,0.7702,1,-1.7969,0
2025-12-31,sh.600009,32.7,32.86,32.4,32.76,32.79,9939005.0,324175746.82,0.4857,1,-0.0915,0
2026-01-05,sh.600009,32.76,32.77,32.52,32.7,32.76,11743585.0,383451932.5,0.5739,1,-0.1832,0
2026-01-06,sh.600009,32.71,32.99,32.52,32.97,32.7,12101329.0,397508290.83,0.5914,1,0.8257,0
2026-01-07,sh.600009,33.01,33.06,32.76,32.81,32.97,11354340.0,373583788.36,0.5549,1,-0.4853,0
2026-01-08,sh.600009,32.82,33.01,32.68,32.83,32.81,10005588.0,328094371.8,0.489,1,0.061,0
2026-01-09,sh.600009,32.89,33.03,32.62,32.69,32.83,11566900.0,379017443.96,0.5653,1,-0.4264,0
2026-01-12,sh.600009,32.58,32.74,32.42,32.54,32.69,14075379.0,458371498.4,0.6879,1,-0.4589,0
2026-01-13,sh.600009,32.75,33.19,32.48,32.53,32.54,20679725.0,678077667.97,1.0106,1,-0.0307,0
2026-01-14,sh.600009,32.52,32.68,31.81,31.85,32.53,28591520.0,922198065.77,1.3972,1,-2.0904,0
2026-01-15,sh.600009,31.82,32.2,31.72,31.81,31.85,12334963.0,393547554.91,0.6028,1,-0.1256,0
2026-01-16,sh.600009,31.88,31.94,31.29,31.39,31.81,19259044.0,606835658.78,0.9412,1,-1.3203,0
2026-01-19,sh.600009,31.39,31.9,31.37,31.72,31.39,13577115.0,430134487.45,0.6635,1,1.0513,0
2026-01-20,sh.600009,31.72,32.45,31.67,32.37,31.72,20694679.0,665774732.59,1.0113,1,2.0492,0
2026-01-21,sh.600009,32.37,32.37,31.88,31.96,32.37,13409902.0,429966338.99,0.6553,1,-1.2666,0
2026-01-22,sh.600009,31.98,32.29,31.63,31.65,31.96,20970361.0,667124054.03,1.0248,1,-0.97,0
2026-01-23,sh.600009,31.7,31.87,31.3,31.35,31.65,30427347.0,958033833.68,1.487,1,-0.9479,0
2026-01-26,sh.600009,31.4,31.56,31.03,31.05,31.35,30990008.0,967707992.03,1.5145,1,-0.9569,0
2026-01-27,sh.600009,31.04,31.14,30.85,30.94,31.05,18368718.0,569142353.52,0.8977,1,-0.3543,0
2026-01-28,sh.600009,30.9,30.99,30.58,30.6,30.94,26823408.0,823944903.22,1.3108,1,-1.0989,0
2026-01-29,sh.600009,30.57,31.08,30.37,30.95,30.6,19682564.0,604757879.12,0.9619,1,1.1438,0
2026-01-30,sh.600009,30.95,31.08,30.61,30.8,30.95,14072697.0,434114619.25,0.6877,1,-0.4847,0
2026-02-02,sh.600009,30.7,31.07,30.5,30.51,30.8,16446553.0,506018514.94,0.8037,1,-0.9416,0
2026-02-03,sh.600009,30.62,30.75,30.19,30.54,30.51,18074102.0,549785649.0,0.8833,1,0.0983,0
2026-02-04,sh.600009,30.43,31.2,30.37,31.19,30.54,30104980.0,934290375.55,1.4712,1,2.1284,0
2026-02-05,sh.600009,31.18,31.38,30.96,31.24,31.19,18310410.0,572031039.63,0.8948,1,0.1603,0
2026-02-06,sh.600009,31.05,31.24,30.88,30.94,31.24,14771329.0,458185448.91,0.7219,1,-0.9603,0
2026-02-09,sh.600009,31.02,31.31,30.91,31.26,30.94,12498840.0,389134323.53,0.6108,1,1.0343,0
2026-02-10,sh.600009,31.25,31.33,31.07,31.3,31.26,9143858.0,285148570.96,0.4469,1,0.128,0
2026-02-11,sh.600009,31.34,31.35,31.12,31.25,31.3,7625519.0,238155173.09,0.3727,1,-0.1597,0
2026-02-12,sh.600009,31.2,31.23,30.99,31.02,31.25,9637354.0,299345724.38,0.471,1,-0.736,0
2026-02-13,sh.600009,31.02,31.1,30.73,30.75,31.02,9265929.0,286089396.75,0.4528,1,-0.8704,0
2026-02-24,sh.600009,30.9,30.97,30.69,30.73,30.75,10267652.0,315930688.34,0.5018,1,-0.065,0
2026-02-25,sh.600009,30.71,30.87,30.6,30.62,30.73,11463133.0,352193164.9,0.5602,1,-0.358,0
2026-02-26,sh.600009,30.63,30.69,30.49,30.49,30.62,11304245.0,345270935.39,0.5524,1,-0.4246,0
2026-02-27,sh.600009,30.49,30.56,30.44,30.51,30.49,6711968.0,204728328.32,0.328,1,0.0656,0
2026-03-02,sh.600009,30.16,30.18,29.9,29.96,30.51,18355899.0,550876907.3,0.897,1,-1.8027,0
2026-03-03,sh.600009,29.97,30.18,29.9,29.92,29.96,12251638.0,367606428.21,0.5987,1,-0.1335,0
2026-03-04,sh.600009,29.78,29.78,29.3,29.33,29.92,13919424.0,410175712.24,0.6802,1,-1.9719,0
2026-03-05,sh.600009,29.49,29.62,29.36,29.38,29.33,7921264.0,233367925.57,0.3871,1,0.1705,0
2026-03-06,sh.600009,29.49,29.7,29.34,29.69,29.38,8427391.0,248689435.25,0.4118,1,1.0551,0
2026-03-09,sh.600009,29.37,29.38,29.02,29.13,29.69,12395788.0,361357417.72,0.6058,1,-1.8862,0
2026-03-10,sh.600009,29.31,29.44,29.3,29.4,29.13,7702810.0,226303772.38,0.3764,1,0.9269,0
2026-03-11,sh.600009,29.4,29.47,29.27,29.33,29.4,7778012.0,228128637.72,0.3801,1,-0.2381,0
2026-03-12,sh.600009,29.33,29.41,29.21,29.37,29.33,6165209.0,180644780.77,0.3013,1,0.1364,0
2026-03-13,sh.600009,29.26,29.44,29.17,29.27,29.37,7760347.0,227497978.22,0.3792,1,-0.3405,0
2026-03-16,sh.600009,29.27,29.42,29.17,29.39,29.27,7488786.0,219441466.75,0.366,1,0.41,0
2026-03-17,sh.600009,29.44,29.79,29.43,29.49,29.39,9228417.0,273322857.68,0.451,1,0.3403,0
2026-03-18,sh.600009,29.47,29.48,29.22,29.33,29.49,6808098.0,199481923.94,0.3327,1,-0.5426,0
2026-03-19,sh.600009,29.11,29.2,29.04,29.08,29.33,7943886.0,231193289.24,0.3882,1,-0.8524,0
2026-03-20,sh.600009,29.09,29.15,28.5,28.64,29.08,12524880.0,361285470.87,0.6121,1,-1.5131,0
2026-03-23,sh.600009,28.32,28.32,27.2,27.37,28.64,19524522.0,539918405.44,0.9541,1,-4.4344,0
2026-03-24,sh.600009,27.56,27.65,27.28,27.6,27.37,8426874.0,231563799.74,0.4118,1,0.8403,0
2026-03-25,sh.600009,27.68,27.99,27.62,27.98,27.6,7641832.0,212838570.18,0.3735,1,1.3768,0
2026-03-26,sh.600009,27.98,28.18,27.57,27.59,27.98,6838769.0,190471850.6,0.3342,1,-1.3939,0
2026-03-27,sh.600009,27.41,27.76,27.38,27.7,27.59,6727494.0,185826096.84,0.3288,1,0.3987,0
2026-03-30,sh.600009,27.42,27.77,27.29,27.73,27.7,6656192.0,183314587.88,0.3253,1,0.1083,0
2026-03-31,sh.600009,27.7,28.04,27.6,27.62,27.73,7265885.0,202194403.46,0.3551,1,-0.3967,0
2026-04-01,sh.600009,27.9,28.12,27.76,28.12,27.62,7036638.0,196950135.96,0.3439,1,1.8103,0
2026-04-02,sh.600009,28.01,28.12,27.75,27.88,28.12,6095848.0,170262287.8,0.2979,1,-0.8535,0
2026-04-03,sh.600009,27.88,27.88,27.61,27.69,27.88,3808300.0,105496117.3,0.1861,1,-0.6815,0
2026-04-07,sh.600009,27.69,27.77,27.47,27.5,27.69,4160197.0,114801600.53,0.2033,1,-0.6862,0
2026-04-08,sh.600009,28.0,28.28,27.94,28.09,27.5,10568652.0,296774545.83,0.5165,1,2.1455,0
2026-04-09,sh.600009,27.9,27.91,27.62,27.76,28.09,6944673.0,192457913.91,0.3394,1,-1.1748,0
2026-04-10,sh.600009,27.81,27.88,27.59,27.62,27.76,9975100.0,276551425.98,0.4875,1,-0.5043,0
2026-04-13,sh.600009,27.4,27.44,27.22,27.3,27.62,9973286.0,272398665.68,0.4874,1,-1.1586,0
2026-04-14,sh.600009,27.38,27.49,27.18,27.49,27.3,9084299.0,247867065.32,0.4439,1,0.696,0
2026-04-15,sh.600009,27.59,27.73,27.37,27.4,27.49,8188023.0,225283975.52,0.4001,1,-0.3274,0
2026-04-16,sh.600009,27.39,27.48,27.32,27.43,27.4,5125501.0,140465413.45,0.2505,1,0.1095,0
2026-04-17,sh.600009,27.4,27.41,27.19,27.25,27.43,6693700.0,182352961.91,0.3271,1,-0.6562,0
2026-04-20,sh.600009,27.27,27.58,27.18,27.49,27.25,6887521.0,188623869.9,0.3366,1,0.8807,0
2026-04-21,sh.600009,27.49,27.65,27.35,27.41,27.49,5558100.0,152564130.35,0.2716,1,-0.291,0
2026-04-22,sh.600009,27.36,27.49,27.32,27.38,27.41,4441573.0,121567704.83,0.2171,1,-0.1094,0
2026-04-23,sh.600009,27.39,27.45,27.21,27.22,27.38,7572680.0,206728135.62,0.3701,1,-0.5844,0
2026-04-24,sh.600009,27.22,27.22,27.01,27.04,27.22,8249073.0,223263619.73,0.4031,1,-0.6613,0
2026-04-27,sh.600009,27.04,27.25,26.92,27.14,27.04,7344268.0,198698757.2,0.3589,1,0.3698,0
2026-04-28,sh.600009,27.11,27.28,27.06,27.15,27.14,7139176.0,193966740.84,0.3489,1,0.0368,0
2026-04-29,sh.600009,27.15,27.4,27.06,27.39,27.15,7705856.0,210213779.62,0.3766,1,0.884,0
2026-04-30,sh.600009,27.4,27.44,27.16,27.24,27.39,8764668.0,239007628.73,0.4283,1,-0.5476,0
2026-05-06,sh.600009,27.21,27.4,27.0,27.38,27.24,13200983.0,358553673.77,0.6451,1,0.514,0
2026-05-07,sh.600009,27.44,27.78,27.26,27.26,27.38,14443001.0,396051604.46,0.7058,1,-0.4383,0
2026-05-08,sh.600009,27.22,27.25,27.13,27.19,27.26,9704170.0,263765800.3,0.4742,1,-0.2568,0
2026-05-11,sh.600009,27.18,27.28,27.01,27.23,27.19,11061354.0,299974253.28,0.5406,1,0.1471,0
2026-05-12,sh.600009,27.23,27.25,27.01,27.01,27.23,10045519.0,271776701.55,0.4909,1,-0.8079,0
2026-05-13,sh.600009,27.02,27.06,26.8,26.83,27.01,11994993.0,322345193.26,0.5862,1,-0.6664,0
2026-05-14,sh.600009,26.82,27.0,26.42,26.52,26.83,11456120.0,305136128.94,0.5599,1,-1.1554,0
2026-05-15,sh.600009,26.52,26.65,26.06,26.07,26.52,13437757.0,352807185.66,0.6567,1,-1.6968,0
2026-05-18,sh.600009,26.03,26.03,25.45,25.57,26.07,12355174.0,316660992.81,0.6038,1,-1.9179,0
2026-05-19,sh.600009,25.55,25.75,25.54,25.71,25.57,6877260.0,176369976.08,0.3361,1,0.5475,0
2026-05-20,sh.600009,25.63,25.9,25.19,25.75,25.71,11764590.0,300389779.61,0.5749,1,0.1556,0
2026-05-21,sh.600009,25.81,26.18,25.58,25.6,25.75,12012696.0,311060140.65,0.5871,1,-0.5825,0
2026-05-22,sh.600009,25.58,25.65,25.14,25.2,25.6,10688457.0,270299313.28,0.5223,1,-1.5625,0
2026-05-25,sh.600009,25.48,25.84,25.31,25.55,25.2,10565794.0,270447886.25,0.5163,1,1.3889,0
2026-05-26,sh.600009,25.4,25.86,25.33,25.61,25.55,10161872.0,259641662.32,0.4966,1,0.2348,0
2026-05-27,sh.600009,25.48,25.48,24.92,25.4,25.61,15867875.0,400127065.62,0.7755,1,-0.82,0
2026-05-28,sh.600009,25.3,25.43,24.87,24.88,25.4,12325422.0,309198234.79,0.6023,1,-2.0472,0
2026-05-29,sh.600009,24.85,25.59,24.82,25.07,24.88,22532755.0,567613175.61,1.1012,1,0.7637,0
2026-06-01,sh.600009,25.06,25.18,24.72,24.84,25.07,17459692.0,434404958.44,0.8532,1,-0.9174,0
2026-06-02,sh.600009,24.77,24.77,24.28,24.35,24.84,16461465.0,402428898.81,0.8045,1,-1.9726,0
2026-06-03,sh.600009,24.28,24.28,23.68,23.79,24.35,19596084.0,467628899.09,0.9576,1,-2.2998,0
2026-06-04,sh.600009,23.6,23.78,23.14,23.39,23.79,19692136.0,460386175.09,0.9623,1,-1.6814,0
2026-06-05,sh.600009,23.46,23.94,23.46,23.64,23.39,14596236.0,346070251.87,0.7133,1,1.0688,0
2026-06-08,sh.600009,23.42,23.63,22.92,23.01,23.64,14391707.0,333476322.31,0.7033,1,-2.665,0
2026-06-09,sh.600009,23.03,23.8,23.01,23.72,23.01,15942779.0,373808226.55,0.7791,1,3.0856,0
2026-06-10,sh.600009,23.53,23.95,23.53,23.82,23.72,11330123.0,269092892.01,0.5537,1,0.4216,0
2026-06-11,sh.600009,23.67,23.8,23.35,23.46,23.82,8390974.0,197084015.16,0.4101,1,-1.5113,0
2026-06-12,sh.600009,23.67,24.65,23.61,24.28,23.46,19803491.0,478788818.2,0.9678,1,3.4953,0
2026-06-15,sh.600009,24.48,24.69,24.07,24.2,24.28,13183801.0,320747138.28,0.6443,1,-0.3295,0
2026-06-16,sh.600009,24.2,24.22,23.71,23.79,24.2,8378378.0,199834987.55,0.4094,1,-1.6942,0
2026-06-17,sh.600009,23.79,23.95,23.51,23.6,23.79,7036983.0,166291110.31,0.3439,1,-0.7987,0
2026-06-18,sh.600009,23.52,23.6,23.1,23.16,23.6,8362342.0,194289184.92,0.4087,1,-1.8644,0
2026-06-22,sh.600009,23.11,23.45,22.5,23.34,23.16,15258868.0,350283206.3,0.7457,1,0.7772,0
2026-06-23,sh.600009,23.33,23.66,22.86,22.96,23.34,13525415.0,314104525.48,0.661,1,-1.6281,0
2026-06-24,sh.600009,22.96,23.17,22.46,22.54,22.96,11478439.0,260266861.77,0.5609,1,-1.8293,0
2026-06-25,sh.600009,22.54,23.46,22.5,23.3,22.54,17762363.0,409827094.53,0.868,1,3.3718,0
