date,code,open,high,low,close,preclose,volume,amount,turn,tradestatus,pctChg,isST
2012-01-04,sh.600010,1.44722535,1.49256012,1.42630161,1.44722535,1.43676348,67255953,281269387.0,1.047006,1,0.7282,0
2012-01-05,sh.600010,1.42630161,1.48209825,1.394916,1.4297889,1.44722535,52652482,217733812.0,0.819667,1,-1.2048,0
2012-01-06,sh.600010,1.4297889,1.54138218,1.41583974,1.51348386,1.4297889,78109216,330535927.0,1.215964,1,5.8537,0
2012-01-09,sh.600010,1.50302199,1.56579321,1.47512367,1.56230592,1.51348386,78740646,345722986.0,1.225794,1,3.2258,0
2012-01-10,sh.600010,1.55184405,1.61112798,1.54138218,1.58322966,1.56230592,86590815,390380052.0,1.348002,1,1.3393,0
2012-01-11,sh.600010,1.58671695,1.74015771,1.55184405,1.67041191,1.58322966,135094519,644093351.0,2.103082,1,5.5066,0
2012-01-12,sh.600010,1.63205172,1.71574668,1.62507714,1.66343733,1.67041191,88075879,418826378.0,1.37112,1,-0.4175,0
2012-01-13,sh.600010,1.65995004,1.70179752,1.60066611,1.63553901,1.66343733,67798897,320906912.0,1.055459,1,-1.6771,0
2012-01-16,sh.600010,1.62856443,1.62856443,1.50302199,1.50650928,1.63553901,47893536,215000037.0,0.745582,1,-7.8891,0
2012-01-17,sh.600010,1.50302199,1.65646275,1.50302199,1.65646275,1.50650928,88839599,410674555.0,1.383009,1,9.9537,0
2012-01-18,sh.600010,1.72272126,1.7785179,1.63205172,1.64948817,1.65646275,107557455,525013863.0,1.674399,1,-0.4211,0
2012-01-19,sh.600010,1.64251359,1.69831023,1.63205172,1.66692462,1.64948817,50339072,240272332.0,0.783653,1,1.0571,0
2012-01-20,sh.600010,1.66692462,1.68784836,1.62158985,1.66343733,1.66692462,37270776,177205229.0,0.580212,1,-0.2092,0
2012-01-30,sh.600010,1.66343733,1.69831023,1.63205172,1.65646275,1.66343733,34805857,166299480.0,0.54184,1,-0.4193,0
2012-01-31,sh.600010,1.65646275,1.70179752,1.64251359,1.69831023,1.65646275,50176643,242252583.0,0.781124,1,2.5263,0
2012-02-01,sh.600010,1.69133565,1.69831023,1.6390263,1.64948817,1.69831023,44889620,214526244.0,0.698819,1,-2.8747,0
2012-02-02,sh.600010,1.64600088,1.68784836,1.64251359,1.68436107,1.64948817,39608414,188610810.0,0.616604,1,2.1142,0
2012-02-03,sh.600010,1.67738649,1.69133565,1.64600088,1.68436107,1.68436107,44379840,213249910.0,0.690883,1,0.0,0
2012-02-06,sh.600010,1.68087378,1.70179752,1.65646275,1.68087378,1.68436107,38063649,183745609.0,0.592555,1,-0.207,0
2012-02-07,sh.600010,1.68087378,1.68087378,1.61461527,1.63553901,1.68087378,42076412,198050416.0,0.655024,1,-2.6971,0
2012-02-08,sh.600010,1.63205172,1.72272126,1.62158985,1.7087721,1.63553901,88088154,427292313.0,1.371311,1,4.4776,0
2012-02-09,sh.600010,1.70179752,1.72969584,1.68087378,1.70179752,1.7087721,79224880,387559439.0,1.233332,1,-0.4082,0
2012-02-10,sh.600010,1.70179752,1.86918744,1.69133565,1.77154332,1.70179752,123971668,632002994.0,1.929928,1,4.0984,0
2012-02-13,sh.600010,1.74015771,1.78200519,1.72272126,1.75759416,1.77154332,59015691,296212738.0,0.918726,1,-0.7874,0
2012-02-14,sh.600010,1.75759416,1.76805603,1.73318313,1.74713229,1.75759416,34194478,171384480.0,0.532322,1,-0.5952,0
2012-02-15,sh.600010,1.743645,1.78897977,1.73667042,1.77503061,1.74713229,55851792,283982992.0,0.869472,1,1.5968,0
2012-02-16,sh.600010,1.76456874,1.79246706,1.73667042,1.76108145,1.77503061,47511864,239944527.0,0.73964,1,-0.7859,0
2012-02-17,sh.600010,1.77154332,1.7785179,1.73667042,1.74015771,1.76108145,35171509,176178779.0,0.547532,1,-1.1881,0
2012-02-20,sh.600010,1.77154332,1.78549248,1.72620855,1.72969584,1.74015771,38612251,193701756.0,0.601096,1,-0.6012,0
2012-02-21,sh.600010,1.72969584,1.743645,1.68436107,1.74015771,1.72969584,41216320,202836160.0,0.641635,1,0.6048,0
2012-02-22,sh.600010,1.73667042,1.76456874,1.72272126,1.75410687,1.74015771,45804934,229128314.0,0.713068,1,0.8016,0
2012-02-23,sh.600010,1.75410687,1.80641622,1.75061958,1.77503061,1.75410687,86567601,442619160.0,1.34764,1,1.1928,0
2012-02-24,sh.600010,1.7785179,1.78549248,1.75061958,1.78200519,1.77503061,66559746,338114645.0,1.036168,1,0.3929,0
2012-02-27,sh.600010,1.79595435,1.85872557,1.7785179,1.79944164,1.78200519,127972457,666565731.0,1.99221,1,0.9785,0
2012-02-28,sh.600010,1.79246706,1.84128912,1.77503061,1.82385267,1.79944164,88340800,456791672.0,1.375244,1,1.3566,0
2012-02-29,sh.600010,1.8133908,1.8831366,1.78897977,1.83431454,1.82385267,117606369,621876142.0,1.830836,1,0.5736,0
2012-03-01,sh.600010,1.81687809,1.8482637,1.79944164,1.8133908,1.83431454,59099142,308348851.0,0.920025,1,-1.1407,0
2012-03-02,sh.600010,1.80641622,1.83431454,1.80292893,1.82733996,1.8133908,61277064,319151042.0,0.95393,1,0.7692,0
2012-03-05,sh.600010,1.82733996,1.83431454,1.79944164,1.80641622,1.82733996,54814243,284574993.0,0.85332,1,-1.145,0
2012-03-06,sh.600010,1.79944164,1.80292893,1.75061958,1.75759416,1.80641622,58737131,298115085.0,0.91439,1,-2.7027,0
2012-03-07,sh.600010,1.74015771,1.7785179,1.7087721,1.743645,1.75759416,48773043,243665670.0,0.759274,1,-0.7937,0
2012-03-08,sh.600010,1.73667042,1.82385267,1.73667042,1.78549248,1.743645,90539022,463521159.0,1.409465,1,2.4,0
2012-03-09,sh.600010,1.78897977,1.80990351,1.76805603,1.79595435,1.78549248,55220109,282878163.0,0.859638,1,0.5859,0
2012-03-12,sh.600010,1.78897977,1.83431454,1.78549248,1.82036538,1.79595435,77055225,400370122.0,1.199556,1,1.3592,0
2012-03-13,sh.600010,1.8133908,1.81687809,1.78549248,1.80990351,1.82036538,45918728,236689840.0,0.714839,1,-0.5747,0
2012-03-14,sh.600010,1.8133908,1.99124259,1.80990351,1.99124259,1.80990351,423901606,2383247897.0,6.599083,1,10.0193,0
2012-03-15,sh.600010,1.97031885,2.03309007,1.89359847,1.92498408,1.99124259,281515068,1592300397.0,4.382483,1,-3.3275,0
2012-03-16,sh.600010,1.9180095,2.00867904,1.8831366,1.99124259,1.92498408,176597527,993126353.0,2.74918,1,3.442,0
2012-03-19,sh.600010,1.97031885,2.19001812,1.96334427,2.19001812,1.99124259,309455647,1871849142.0,4.817447,1,9.9825,0
2012-03-20,sh.600010,2.1969927,2.40971739,2.17606896,2.38879365,2.19001812,450355931,3014702078.0,7.010911,1,9.0764,0
2012-03-21,sh.600010,2.41669197,2.46202674,2.2667385,2.35740804,2.38879365,262999923,1786242052.0,4.094248,1,-1.3139,0
2012-03-22,sh.600010,2.32950972,2.36438262,2.27371308,2.33299701,2.35740804,153175399,1017936531.0,2.384556,1,-1.0355,0
2012-03-23,sh.600010,2.29812411,2.49341235,2.28417495,2.36786991,2.33299701,257675381,1768143447.0,4.011359,1,1.4948,0
2012-03-26,sh.600010,2.33299701,2.36089533,2.17955625,2.3016114,2.36786991,175614431,1141945408.0,2.733876,1,-2.7982,0
2012-03-27,sh.600010,2.28417495,2.34345888,2.2667385,2.27022579,2.3016114,138153732,913809833.0,2.150707,1,-1.3636,0
2012-03-28,sh.600010,2.23535289,2.23884018,2.09586129,2.10981045,2.27022579,162691597,1006717748.0,2.5327,1,-7.0661,0
2012-03-29,sh.600010,2.08539942,2.22489102,2.06447568,2.16560709,2.10981045,193195545,1186628988.0,3.007569,1,2.6446,0
2012-03-30,sh.600010,2.16909438,2.17955625,1.9877553,2.07493755,2.16560709,134498148,809530364.0,2.093798,1,-4.1868,0
2012-04-05,sh.600010,2.05052652,2.19001812,2.02611549,2.18653083,2.07493755,141114340,860119959.0,2.196796,1,5.3782,0
2012-04-06,sh.600010,2.1969927,2.35392075,2.18304354,2.22837831,2.18653083,186235885,1208213042.0,2.899225,1,1.9139,0
2012-04-09,sh.600010,2.1969927,2.31904785,2.19001812,2.25627663,2.22837831,131890138,858136528.0,2.053198,1,1.252,0
2012-04-10,sh.600010,2.2318656,2.2667385,2.12027232,2.26325121,2.25627663,123982505,780960409.0,1.930096,1,0.3091,0
2012-04-11,sh.600010,2.21094186,2.25976392,2.17955625,2.23535289,2.26325121,79579286,507239930.0,1.23885,1,-1.2327,0
2012-04-12,sh.600010,2.24232747,2.26325121,2.18304354,2.23884018,2.23535289,102272996,653110934.0,1.592134,1,0.156,0
2012-04-13,sh.600010,2.23884018,2.23884018,2.23884018,2.23884018,2.23884018,0,0.0,,0,0.0,0
2012-04-16,sh.600010,2.20745457,2.24581476,2.15165793,2.16909438,2.23884018,99613171,623570633.0,1.550727,1,-3.1153,0
2012-04-17,sh.600010,2.15514522,2.17606896,2.10981045,2.11678503,2.16909438,89532014,548035572.0,1.393789,1,-2.4116,0
2012-04-18,sh.600010,2.12027232,2.23884018,2.12027232,2.20396728,2.11678503,118928290,744409166.0,1.851415,1,4.1186,0
2012-04-19,sh.600010,2.19350541,2.20396728,2.13073419,2.14468335,2.20396728,92090370,569777593.0,1.433616,1,-2.6899,0
2012-04-20,sh.600010,2.13770877,2.1621198,2.1272469,2.14817064,2.14468335,62267675,383129335.0,0.969351,1,0.1626,0
2012-04-23,sh.600010,2.13422148,2.17606896,2.11678503,2.13073419,2.14817064,66596641,409149374.0,1.036742,1,-0.8117,0
2012-04-24,sh.600010,2.11329774,2.12027232,2.0226282,2.06447568,2.13073419,98828719,585763660.0,1.538515,1,-3.1097,0
2012-04-25,sh.600010,2.03309007,2.17955625,2.01565362,2.14817064,2.06447568,116712358,703230803.0,1.816918,1,4.0541,0
2012-04-26,sh.600010,2.13770877,2.15514522,2.08888671,2.10283587,2.14817064,76443052,463238553.0,1.190026,1,-2.1104,0
2012-04-27,sh.600010,2.09586129,2.13770877,2.08539942,2.10283587,2.10283587,54763868,331979671.0,0.852536,1,0.0,0
2012-05-02,sh.600010,2.12375961,2.23884018,2.10981045,2.17606896,2.10283587,165008504,1031113017.0,2.568768,1,3.4826,0
2012-05-03,sh.600010,2.17955625,2.22140373,2.1621198,2.17606896,2.17606896,89389186,560581890.0,1.391565,1,0.0,0
2012-05-04,sh.600010,2.17606896,2.28417495,2.16560709,2.27022579,2.17606896,178111586,1144284457.0,2.77275,1,4.3269,0
2012-05-07,sh.600010,2.24930205,2.29463682,2.21442915,2.26325121,2.27022579,116141787,747784322.0,1.808036,1,-0.3072,0
2012-05-08,sh.600010,2.25976392,2.3713572,2.19001812,2.29812411,2.26325121,132552218,859969272.0,2.063505,1,1.5408,0
2012-05-09,sh.600010,2.25976392,2.29114953,2.1969927,2.20047999,2.29812411,99838825,642060746.0,1.55424,1,-4.2489,0
2012-05-10,sh.600010,2.19001812,2.42017926,2.17955625,2.42017926,2.20047999,334058050,2283766864.0,5.200445,1,9.9842,0
2012-05-11,sh.600010,2.441103,2.51433609,2.33997159,2.39228094,2.42017926,250268384,1751275620.0,3.89605,1,-1.1527,0
2012-05-14,sh.600010,2.38879365,2.40971739,2.2667385,2.29463682,2.39228094,221257306,1465144694.0,3.444421,1,-4.0816,0
2012-05-15,sh.600010,2.25627663,2.25627663,2.20396728,2.24581476,2.29463682,92502106,591010394.0,1.440025,1,-2.1277,0
2012-05-16,sh.600010,2.23884018,2.31207327,2.21791644,2.24930205,2.24581476,111769134,729179134.0,1.739965,1,0.1553,0
2012-05-17,sh.600010,2.24929836,2.30535564,2.13017664,2.23878762,2.24929836,115475489,728076504.0,1.797663,1,-0.4673,0
2012-05-18,sh.600010,2.2072554,2.277327,2.17572318,2.19324108,2.23878762,69232691,439354104.0,1.077779,1,-2.0344,0
2012-05-21,sh.600010,2.20375182,2.27382342,2.18273034,2.22827688,2.19324108,74687876,475691661.0,1.162703,1,1.5974,0
2012-05-22,sh.600010,2.24579478,2.2598091,2.21075898,2.2422912,2.22827688,50742370,322955503.0,0.789931,1,0.6289,0
2012-05-23,sh.600010,2.23878762,2.24929836,2.1547017,2.18623392,2.2422912,79137083,495511125.0,1.231966,1,-2.5,0
2012-05-24,sh.600010,2.17572318,2.19674466,2.14769454,2.16521244,2.18623392,50722191,313904109.0,0.789617,1,-0.9615,0
2012-05-25,sh.600010,2.16170886,2.21776614,2.14769454,2.16170886,2.16521244,69150844,430882982.0,1.076505,1,-0.1618,0
2012-05-28,sh.600010,2.16521244,2.18623392,2.10915516,2.1722196,2.16170886,68204850,418749581.0,1.061778,1,0.4862,0
2012-05-29,sh.600010,2.18623392,2.30185206,2.16871602,2.2598091,2.1722196,162094358,1045283266.0,2.523402,1,4.0323,0
2012-05-30,sh.600010,2.2422912,2.26681626,2.21426256,2.22827688,2.2598091,76806104,489154888.0,1.195678,1,-1.3953,0
2012-05-31,sh.600010,2.2072554,2.24579478,2.19324108,2.21776614,2.22827688,48980211,310315908.0,0.762499,1,-0.4717,0
2012-06-01,sh.600010,2.2422912,2.30185206,2.23178046,2.25630552,2.21776614,99346640,643860673.0,1.546578,1,1.7378,0
2012-06-04,sh.600010,2.2247733,2.277327,2.19674466,2.19674466,2.25630552,73341575,467072554.0,1.141744,1,-2.6398,0
2012-06-05,sh.600010,2.20024824,2.21776614,2.15820528,2.17922676,2.19674466,60891741,379658432.0,0.947931,1,-0.7974,0
2012-06-06,sh.600010,2.1897375,2.2072554,2.14419096,2.16521244,2.17922676,48601484,301035349.0,0.756603,1,-0.6431,0
2012-06-07,sh.600010,2.20024824,2.2247733,2.1547017,2.1722196,2.16521244,47270126,295094350.0,0.735877,1,0.3236,0
2012-06-08,sh.600010,2.19674466,2.19674466,2.15119812,2.1547017,2.1722196,35564579,220033923.0,0.553651,1,-0.8065,0
2012-06-11,sh.600010,2.1371838,2.18273034,2.12316948,2.16521244,2.1547017,41368405,254106870.0,0.644002,1,0.4878,0
2012-06-12,sh.600010,2.15820528,2.16871602,2.13017664,2.1371838,2.16521244,31070188,190773951.0,0.483685,1,-1.2945,0
2012-06-13,sh.600010,2.1722196,2.1722196,2.12667306,2.16871602,2.1371838,37962539,233005389.0,0.590981,1,1.4754,0
2012-06-14,sh.600010,2.16521244,2.20375182,2.14769454,2.15119812,2.16871602,45322888,281467593.0,0.705564,1,-0.8078,0
2012-06-15,sh.600010,2.1547017,2.16871602,2.0671122,2.11265874,2.15119812,65572055,395461133.0,1.020792,1,-1.7915,0
2012-06-18,sh.600010,2.12316948,2.1371838,2.09514084,2.102148,2.11265874,50595520,305197974.0,0.787645,1,-0.4975,0
2012-06-19,sh.600010,2.10915516,2.11616232,2.0320764,2.03557998,2.102148,63352054,370551860.0,0.986232,1,-3.1667,0
2012-06-20,sh.600010,2.04258714,2.07061578,1.9795227,1.9970406,2.03557998,59719542,345661394.0,0.929683,1,-1.8933,0
2012-06-21,sh.600010,1.9970406,2.01105492,1.926969,1.94098332,1.9970406,57030729,316582519.0,0.887825,1,-2.807,0
2012-06-25,sh.600010,1.91996184,1.91996184,1.75179,1.78332222,1.94098332,100861450,523685399.0,1.570159,1,-8.1227,0
2012-06-26,sh.600010,1.76580432,1.80084012,1.7342721,1.79383296,1.78332222,70183838,353969038.0,1.092586,1,0.5894,0
2012-06-27,sh.600010,1.79032938,1.80784728,1.74127926,1.75879716,1.79383296,45928094,232390669.0,0.714985,1,-1.9531,0
2012-06-28,sh.600010,1.75879716,1.77281148,1.6817184,1.6817184,1.75879716,64930795,317400177.0,1.010809,1,-4.3825,0
2012-06-29,sh.600010,1.66770408,1.72025778,1.62566112,1.70974704,1.6817184,61194190,292987700.0,0.95264,1,1.6667,0
2012-07-02,sh.600010,1.72025778,1.75879716,1.70974704,1.74127926,1.70974704,51981071,258126666.0,0.809215,1,1.8443,0
2012-07-03,sh.600010,1.74478284,1.74828642,1.69222914,1.70624346,1.74127926,44246649,217262227.0,0.688809,1,-2.0121,0
2012-07-04,sh.600010,1.71325062,1.72025778,1.66770408,1.68872556,1.70624346,31696735,153001938.0,0.493439,1,-1.0267,0
2012-07-05,sh.600010,1.67821482,1.67821482,1.61865396,1.62215754,1.68872556,35181234,164077747.0,0.547683,1,-3.9419,0
2012-07-06,sh.600010,1.6642005,1.72726494,1.62215754,1.7167542,1.62215754,52892963,252696661.0,0.823411,1,5.8315,0
2012-07-09,sh.600010,1.70624346,1.73076852,1.67120766,1.68522198,1.7167542,40869073,198723889.0,0.636229,1,-1.8367,0
2012-07-10,sh.600010,1.6817184,1.70273988,1.66069692,1.68522198,1.68522198,29812102,143755630.0,0.4641,1,0.0,0
2012-07-11,sh.600010,1.6817184,1.81485444,1.67471124,1.77981864,1.68522198,62223692,310974412.0,0.968667,1,5.6133,0
2012-07-12,sh.600010,1.75179,1.80784728,1.75179,1.79032938,1.77981864,56963918,289534496.0,0.886785,1,0.5906,0
2012-07-13,sh.600010,1.78332222,1.87091172,1.77631506,1.8043437,1.79032938,63303076,330351228.0,0.98547,1,0.7828,0
2012-07-16,sh.600010,1.79733654,1.81485444,1.72726494,1.7342721,1.8043437,40631874,204598342.0,0.632536,1,-3.8835,0
2012-07-17,sh.600010,1.72376136,1.76230074,1.72025778,1.75529358,1.7342721,25203398,125404405.0,0.392354,1,1.2121,0
2012-07-18,sh.600010,1.75529358,1.78332222,1.72025778,1.76580432,1.75529358,34240053,171425577.0,0.533032,1,0.5988,0
2012-07-19,sh.600010,1.76580432,1.80084012,1.74478284,1.77281148,1.76580432,37941776,192414675.0,0.590658,1,0.3968,0
2012-07-20,sh.600010,1.77981864,1.79032938,1.72726494,1.73076852,1.77281148,32934438,164600879.0,0.512706,1,-2.3715,0
2012-07-23,sh.600010,1.70624346,1.72025778,1.6642005,1.68872556,1.73076852,25959120,125218297.0,0.404118,1,-2.4291,0
2012-07-24,sh.600010,1.67120766,1.74478284,1.66770408,1.70624346,1.68872556,19389594,94757265.0,0.301847,1,1.0373,0
2012-07-25,sh.600010,1.6992363,1.71325062,1.68522198,1.68872556,1.70624346,14816831,71720958.0,0.230661,1,-1.0267,0
2012-07-26,sh.600010,1.69573272,1.85339382,1.69573272,1.79733654,1.68872556,103007830,524441306.0,1.603573,1,6.4315,0
2012-07-27,sh.600010,1.78332222,1.81485444,1.75879716,1.79032938,1.79733654,47265853,241551054.0,0.735811,1,-0.3899,0
2012-07-30,sh.600010,1.7868258,1.80784728,1.6992363,1.72025778,1.79032938,50088774,250071169.0,0.779756,1,-3.9139,0
2012-07-31,sh.600010,1.70974704,1.77281148,1.67120766,1.75179,1.72025778,41240387,203061871.0,0.642009,1,1.833,0
2012-08-01,sh.600010,1.74127926,1.8043437,1.72726494,1.77981864,1.75179,41080574,208180040.0,0.639521,1,1.6,0
2012-08-02,sh.600010,1.77981864,1.83587592,1.75529358,1.7868258,1.77981864,42501767,217748474.0,0.661646,1,0.3937,0
2012-08-03,sh.600010,1.8568974,1.92346542,1.8043437,1.82536518,1.7868258,66836092,351446120.0,1.04047,1,2.1569,0
2012-08-06,sh.600010,1.8218616,2.00755134,1.8043437,2.00755134,1.82536518,173729356,975389984.0,2.70453,1,9.9808,0
2012-08-07,sh.600010,2.04258714,2.09864442,2.02156566,2.09514084,2.00755134,182087593,1070429067.0,2.834647,1,4.363,0
2012-08-08,sh.600010,2.09864442,2.09864442,2.02156566,2.0320764,2.09514084,93277012,546383966.0,1.452089,1,-3.01,0
2012-08-09,sh.600010,2.02156566,2.1547017,2.0145585,2.12316948,2.0320764,143966835,858069351.0,2.241202,1,4.4828,0
2012-08-10,sh.600010,2.1371838,2.33688786,2.09163726,2.21426256,2.12316948,251878378,1610183201.0,3.921114,1,4.2904,0
2012-08-13,sh.600010,2.18623392,2.22126972,2.102148,2.11616232,2.21426256,134810053,831175182.0,2.098654,1,-4.4304,0
2012-08-14,sh.600010,2.16170886,2.17572318,2.03557998,2.11616232,2.11616232,114424161,683120450.0,1.781297,1,0.0,0
2012-08-15,sh.600010,2.09514084,2.21426256,2.07061578,2.13368022,2.11616232,138300062,853755073.0,2.152985,1,0.8278,0
2012-08-16,sh.600010,2.11265874,2.1371838,2.0320764,2.04258714,2.13368022,86944862,514259378.0,1.353513,1,-4.2693,0
2012-08-17,sh.600010,2.0320764,2.14068738,2.0320764,2.11616232,2.04258714,93426817,560689336.0,1.454421,1,3.6021,0
2012-08-20,sh.600010,2.10915516,2.13368022,2.05660146,2.12316948,2.11616232,72224556,432395019.0,1.124355,1,0.3311,0
2012-08-21,sh.600010,2.12316948,2.14068738,2.05660146,2.09864442,2.12316948,95948038,572896242.0,1.49367,1,-1.1551,0
2012-08-22,sh.600010,2.0846301,2.08813368,2.02506924,2.04609072,2.09864442,79436110,464204774.0,1.236621,1,-2.5042,0
2012-08-23,sh.600010,2.06010504,2.1196659,2.04258714,2.08112652,2.04609072,89953807,536607090.0,1.400355,1,1.7123,0
2012-08-24,sh.600010,2.0671122,2.09514084,2.01105492,2.02156566,2.08112652,75028097,436094222.0,1.167999,1,-2.862,0
2012-08-27,sh.600010,1.98302628,1.9970406,1.8218616,1.85339382,2.02156566,108186456,590896328.0,1.684191,1,-8.3189,0
2012-08-28,sh.600010,1.84638666,1.91996184,1.84288308,1.8744153,1.85339382,61691916,331120489.0,0.960388,1,1.1342,0
2012-08-29,sh.600010,1.88492604,1.88492604,1.77981864,1.83587592,1.8744153,81521689,422949078.0,1.269088,1,-2.0561,0
2012-08-30,sh.600010,1.86740814,1.8744153,1.76580432,1.79383296,1.83587592,64289808,333699699.0,1.000831,1,-2.290074,0
2012-08-31,sh.600010,1.8043437,1.81135086,1.77981864,1.79032938,1.79383296,35922627,183886876.0,0.559225,1,-0.1953,0
2012-09-03,sh.600010,1.78332222,1.81135086,1.75179,1.79383296,1.79032938,48678487,248292133.0,0.757802,1,0.1957,0
2012-09-04,sh.600010,1.8043437,1.81135086,1.73777568,1.74828642,1.79383296,63028617,320041942.0,0.981197,1,-2.5391,0
2012-09-05,sh.600010,1.7342721,1.74828642,1.67471124,1.6992363,1.74828642,81821441,398581976.0,1.273754,1,-2.8056,0
2012-09-06,sh.600010,1.69573272,1.72376136,1.68872556,1.71325062,1.6992363,42236680,205811192.0,0.657519,1,0.8247,0
2012-09-07,sh.600010,1.7342721,1.8568974,1.72376136,1.83587592,1.71325062,133878837,689095723.0,2.084157,1,7.1575,0
2012-09-10,sh.600010,1.83587592,1.87091172,1.8043437,1.86040098,1.83587592,95631998,502634780.0,1.48875,1,1.3359,0
2012-09-11,sh.600010,1.84288308,1.91295468,1.83237234,1.8919332,1.86040098,82592634,440767752.0,1.28576,1,1.6949,0
2012-09-12,sh.600010,1.90594752,1.91996184,1.8568974,1.88492604,1.8919332,80762795,435652219.0,1.257274,1,-0.3704,0
2012-09-13,sh.600010,1.88492604,1.8919332,1.8393795,1.8393795,1.88492604,51102002,272246725.0,0.79553,1,-2.4164,0
2012-09-14,sh.600010,1.8919332,1.9094511,1.86040098,1.8744153,1.8393795,62359986,335412778.0,0.970788,1,1.9048,0
2012-09-17,sh.600010,1.87091172,1.87091172,1.79032938,1.79383296,1.8744153,49371610,256500403.0,0.768592,1,-4.2991,0
2012-09-18,sh.600010,1.77981864,1.79733654,1.75879716,1.7868258,1.79383296,34548375,175184831.0,0.537831,1,-0.3906,0
2012-09-19,sh.600010,1.7868258,1.80784728,1.7693079,1.79383296,1.7868258,26794550,136481770.0,0.417124,1,0.3922,0
2012-09-20,sh.600010,1.79032938,1.79032938,1.72025778,1.72726494,1.79383296,35652091,178077885.0,0.555014,1,-3.7109,0
2012-09-21,sh.600010,1.72376136,1.76230074,1.70974704,1.72726494,1.72726494,26193911,129820197.0,0.407773,1,0.0,0
2012-09-24,sh.600010,1.7167542,1.75179,1.6817184,1.72376136,1.72726494,33877430,166049171.0,0.527387,1,-0.2028,0
2012-09-25,sh.600010,1.7167542,1.77981864,1.71325062,1.74127926,1.72376136,37455398,186851045.0,0.583086,1,1.0163,0
2012-09-26,sh.600010,1.73777568,1.75179,1.6992363,1.7167542,1.74127926,24029758,118170411.0,0.374083,1,-1.4085,0
2012-09-27,sh.600010,1.7167542,1.7693079,1.70273988,1.75179,1.7167542,42058927,209304088.0,0.654752,1,2.0408,0
2012-09-28,sh.600010,1.73777568,1.79383296,1.7342721,1.7868258,1.75179,50009085,252835293.0,0.778516,1,2.0,0
2012-10-08,sh.600010,1.79032938,1.8043437,1.74478284,1.76580432,1.7868258,34427957,173865485.0,0.535957,1,-1.1765,0
2012-10-09,sh.600010,1.75879716,1.82886876,1.75179,1.81835802,1.76580432,58118294,299335520.0,0.904756,1,2.9762,0
2012-10-10,sh.600010,1.81835802,1.85339382,1.79032938,1.82886876,1.81835802,56507457,293569686.0,0.879679,1,0.578,0
2012-10-11,sh.600010,1.81135086,1.84288308,1.79032938,1.79383296,1.82886876,38978657,201588209.0,0.6068,1,-1.9157,0
2012-10-12,sh.600010,1.79733654,1.81485444,1.75879716,1.77281148,1.79383296,31592422,160521948.0,0.491815,1,-1.1719,0
2012-10-15,sh.600010,1.77981864,1.78332222,1.73076852,1.75179,1.77281148,29585395,147318506.0,0.46057,1,-1.1858,0
2012-10-16,sh.600010,1.75179,1.76580432,1.73777568,1.75179,1.75179,19788366,99029860.0,0.308055,1,0.0,0
2012-10-17,sh.600010,1.75879716,1.76580432,1.72726494,1.75529358,1.75179,29094111,145195918.0,0.452922,1,0.2,0
2012-10-18,sh.600010,1.75879716,1.84989024,1.74828642,1.82886876,1.75529358,92717370,478294201.0,1.443377,1,4.1916,0
2012-10-19,sh.600010,1.81835802,1.85339382,1.81135086,1.83587592,1.82886876,62072512,325526177.0,0.966313,1,0.383141,0
2012-10-22,sh.600010,1.8218616,1.86040098,1.81135086,1.85339382,1.83587592,51673360,271272945.0,0.804424,1,0.9542,0
2012-10-23,sh.600010,1.84989024,2.03908356,1.84288308,2.03908356,1.85339382,207588450,1155352508.0,3.231631,1,10.0189,0
2012-10-24,sh.600010,2.01806208,2.0671122,1.9795227,2.03557998,2.03908356,236589283,1366123593.0,3.683101,1,-0.1718,0
2012-10-25,sh.600010,2.01806208,2.0671122,1.9094511,1.9970406,2.03557998,200205155,1142770637.0,3.116691,1,-1.8933,0
2012-10-26,sh.600010,1.98302628,2.0145585,1.92346542,1.93397616,1.9970406,128186594,716140474.0,1.995543,1,-3.1579,0
2012-10-29,sh.600010,1.93047258,1.98652986,1.89543678,1.9620048,1.93397616,132117709,736173820.0,2.056741,1,1.4493,0
2012-10-30,sh.600010,1.95499764,2.10915516,1.926969,2.09864442,1.9620048,235704124,1354146791.0,3.669321,1,6.9643,0
2012-10-31,sh.600010,2.06010504,2.09864442,2.0145585,2.0671122,2.09864442,208327082,1216167484.0,3.243129,1,-1.5025,0
2012-11-01,sh.600010,2.04609072,2.09163726,1.99003344,2.0145585,2.0671122,178586353,1039302246.0,2.780141,1,-2.5424,0
2012-11-02,sh.600010,2.01105492,2.03908356,1.926969,1.94799048,2.0145585,137738423,775176233.0,2.144241,1,-3.3043,0
2012-11-05,sh.600010,1.94799048,1.9620048,1.90594752,1.94799048,1.94799048,61438292,340249667.0,0.95644,1,0.0,0
2012-11-06,sh.600010,1.9444869,1.9444869,1.8919332,1.91295468,1.94799048,57409392,313369331.0,0.89372,1,-1.7986,0
2012-11-07,sh.600010,1.91645826,1.9795227,1.91295468,1.93747974,1.91295468,75197106,419379683.0,1.17063,1,1.2821,0
2012-11-08,sh.600010,1.90244394,1.91645826,1.80784728,1.8218616,1.93747974,76749738,407910257.0,1.194801,1,-5.9675,0
2012-11-09,sh.600010,1.81135086,1.8393795,1.80084012,1.81485444,1.8218616,36919137,191918383.0,0.574738,1,-0.3846,0
2012-11-12,sh.600010,1.82536518,1.84638666,1.79383296,1.82536518,1.81485444,37173818,193215405.0,0.578703,1,0.5792,0
2012-11-13,sh.600010,1.82886876,1.88492604,1.81485444,1.84989024,1.82536518,64160609,339201432.0,0.99882,1,1.3436,0
2012-11-14,sh.600010,1.84638666,1.84989024,1.80084012,1.84638666,1.84989024,40251874,210009317.0,0.626621,1,-0.1894,0
2012-11-15,sh.600010,1.83237234,1.87091172,1.8043437,1.80784728,1.84638666,42178101,221773964.0,0.656607,1,-2.0873,0
2012-11-16,sh.600010,1.79733654,1.81485444,1.77281148,1.8043437,1.80784728,30514570,156214049.0,0.475035,1,-0.1938,0
2012-11-19,sh.600010,1.79733654,1.82886876,1.79383296,1.8218616,1.8043437,24346355,126049487.0,0.379012,1,0.9709,0
2012-11-20,sh.600010,1.83237234,1.84989024,1.8043437,1.80784728,1.8218616,30222583,157636277.0,0.47049,1,-0.7692,0
2012-11-21,sh.600010,1.80784728,1.8393795,1.7693079,1.83587592,1.80784728,38806480,200193476.0,0.604119,1,1.5504,0
2012-11-22,sh.600010,1.8218616,1.83237234,1.79733654,1.8043437,1.83587592,21046391,109001470.0,0.327639,1,-1.7176,0
2012-11-23,sh.600010,1.81485444,1.84989024,1.8043437,1.82536518,1.8043437,30704348,160506699.0,0.47799,1,1.165,0
2012-11-26,sh.600010,1.86740814,1.86740814,1.82536518,1.83237234,1.82536518,33158732,174284305.0,0.516198,1,0.3839,0
2012-11-27,sh.600010,1.82886876,1.8393795,1.77281148,1.77981864,1.83237234,36443587,187964352.0,0.567335,1,-2.8681,0
2012-11-28,sh.600010,1.77281148,1.77281148,1.62215754,1.67471124,1.77981864,72354705,347151284.0,1.126381,1,-5.9055,0
2012-11-29,sh.600010,1.6642005,1.70624346,1.65368976,1.67120766,1.67471124,39215414,187597675.0,0.610486,1,-0.2092,0
2012-11-30,sh.600010,1.67471124,1.71325062,1.66069692,1.68872556,1.67120766,29287032,141370647.0,0.455926,1,1.0482,0
2012-12-03,sh.600010,1.68872556,1.70273988,1.59062532,1.5941289,1.68872556,46045473,214714114.0,0.716812,1,-5.6017,0
2012-12-04,sh.600010,1.5941289,1.62215754,1.53456804,1.6116468,1.5941289,52282734,235142360.0,0.813911,1,1.0989,0
2012-12-05,sh.600010,1.6116468,1.72025778,1.59062532,1.68522198,1.6116468,68562924,326355855.0,1.067353,1,4.5652,0
2012-12-06,sh.600010,1.68522198,1.7167542,1.66069692,1.67821482,1.68522198,36318752,174692845.0,0.565392,1,-0.4158,0
2012-12-07,sh.600010,1.6817184,1.72376136,1.6642005,1.7167542,1.67821482,56299766,274300984.0,0.876446,1,2.2965,0
2012-12-10,sh.600010,1.72726494,1.7693079,1.71325062,1.75179,1.7167542,57492515,286148541.0,0.895014,1,2.0408,0
2012-12-11,sh.600010,1.74478284,1.76580432,1.72376136,1.7342721,1.75179,45967640,228230683.0,0.715601,1,-1.0,0
2012-12-12,sh.600010,1.7342721,1.75879716,1.70974704,1.72726494,1.7342721,39150944,193249825.0,0.609482,1,-0.404,0
2012-12-13,sh.600010,1.73076852,1.73076852,1.67471124,1.67821482,1.72726494,39698421,192335443.0,0.618005,1,-2.8398,0
2012-12-14,sh.600010,1.67471124,1.77981864,1.67120766,1.76230074,1.67821482,80431232,401706242.0,1.252112,1,5.0104,0
2012-12-17,sh.600010,1.77281148,1.87791888,1.76580432,1.81485444,1.76230074,106613576,553900313.0,1.659706,1,2.9821,0
2012-12-18,sh.600010,1.80784728,1.90594752,1.77981864,1.84989024,1.81485444,115690923,610593630.0,1.801017,1,1.9305,0
2012-12-19,sh.600010,1.8568974,1.87091172,1.8218616,1.83237234,1.84989024,69099772,363292780.0,1.07571,1,-0.947,0
2012-12-20,sh.600010,1.81485444,1.9795227,1.81135086,1.94098332,1.83237234,172167643,932324568.0,2.680218,1,5.9273,0
2012-12-21,sh.600010,1.926969,1.93747974,1.84989024,1.8568974,1.94098332,129895935,701217548.0,2.022153,1,-4.3321,0
2012-12-24,sh.600010,1.84989024,1.87791888,1.82536518,1.85339382,1.8568974,57619147,304651754.0,0.896985,1,-0.1887,0
2012-12-25,sh.600010,1.84288308,1.89894036,1.82536518,1.88492604,1.85339382,81445284,436261611.0,1.267899,1,1.7013,0
2012-12-26,sh.600010,1.87791888,1.93047258,1.86390456,1.88842962,1.88492604,69949490,377496209.0,1.088938,1,0.1859,0
2012-12-27,sh.600010,1.88842962,1.93747974,1.8568974,1.8744153,1.88842962,96510739,521610660.0,1.50243,1,-0.7421,0
2012-12-28,sh.600010,1.8744153,1.89543678,1.86040098,1.87791888,1.8744153,58084540,311051258.0,0.90423,1,0.1869,0
2012-12-31,sh.600010,1.88142246,1.90244394,1.87091172,1.8919332,1.87791888,55419449,298711373.0,0.862742,1,0.7463,0
2013-01-04,sh.600010,1.93747974,1.94799048,1.8919332,1.90594752,1.8919332,76571721,418976931.0,1.192029,1,0.7407,0
2013-01-07,sh.600010,1.91996184,1.91996184,1.84989024,1.87791888,1.90594752,70273155,375593832.0,1.093977,1,-1.4706,0
2013-01-08,sh.600010,1.86740814,1.89543678,1.8393795,1.88842962,1.87791888,66075774,352493176.0,1.028634,1,0.5597,0
2013-01-09,sh.600010,1.87791888,1.88842962,1.84989024,1.86040098,1.88842962,58597313,311521560.0,0.912213,1,-1.4842,0
2013-01-10,sh.600010,1.8568974,1.99003344,1.8568974,1.91996184,1.86040098,153048724,842489463.0,2.382584,1,3.2015,0
2013-01-11,sh.600010,1.9094511,1.92346542,1.84638666,1.85339382,1.91996184,97921129,523951955.0,1.524386,1,-3.4672,0
2013-01-14,sh.600010,1.84638666,1.90244394,1.83237234,1.8919332,1.85339382,74824051,400055679.0,1.164823,1,2.0794,0
2013-01-15,sh.600010,1.8919332,1.95499764,1.87791888,1.92346542,1.8919332,121163552,664385599.0,1.886212,1,1.6667,0
2013-01-16,sh.600010,1.91645826,1.97601912,1.8919332,1.93747974,1.92346542,112581012,621292463.0,1.752604,1,0.7286,0
2013-01-17,sh.600010,1.93047258,2.02156566,1.92346542,1.9444869,1.93747974,118757432,667236996.0,1.848755,1,0.3617,0
2013-01-18,sh.600010,1.95149406,1.97251554,1.91295468,1.94799048,1.9444869,72116971,399144049.0,1.12268,1,0.1802,0
2013-01-21,sh.600010,1.93047258,1.94799048,1.90244394,1.93397616,1.94799048,68988257,378327453.0,1.073974,1,-0.7194,0
2013-01-22,sh.600010,1.93397616,1.93397616,1.86390456,1.87791888,1.93397616,66757614,360757616.0,1.039248,1,-2.8986,0
2013-01-23,sh.600010,1.87791888,1.91645826,1.86040098,1.8919332,1.87791888,44890617,242273034.0,0.698834,1,0.7463,0
2013-01-24,sh.600010,1.89543678,1.93397616,1.84989024,1.8568974,1.8919332,67364763,364140735.0,1.0487,1,-1.8519,0
2013-01-25,sh.600010,1.86390456,1.87091172,1.83587592,1.8393795,1.8568974,35111031,185598914.0,0.546591,1,-0.9434,0
2013-01-28,sh.600010,1.84638666,1.8919332,1.8393795,1.88142246,1.8393795,49956733,265704270.0,0.777701,1,2.2857,0
2013-01-29,sh.600010,1.88492604,1.89894036,1.85339382,1.88142246,1.88142246,60982325,325515942.0,0.949342,1,0.0,0
2013-01-30,sh.600010,1.87791888,1.88142246,1.83237234,1.8393795,1.88142246,68395734,362587560.0,1.06475,1,-2.2346,0
2013-01-31,sh.600010,1.84638666,1.89543678,1.84638666,1.86390456,1.8393795,55531261,296799524.0,0.864482,1,1.3333,0
2013-02-01,sh.600010,1.87791888,1.88142246,1.78332222,1.8043437,1.86390456,126246458,651963714.0,1.96534,1,-3.1955,0
2013-02-04,sh.600010,1.79383296,1.84989024,1.75529358,1.8218616,1.8043437,93971709,482794518.0,1.462904,1,0.9709,0
2013-02-05,sh.600010,1.81485444,1.84638666,1.80084012,1.83237234,1.8218616,46917175,244899195.0,0.730383,1,0.5769,0
2013-02-06,sh.600010,1.83587592,1.86390456,1.8218616,1.83587592,1.83237234,49474713,260208200.0,0.770197,1,0.1912,0
2013-02-07,sh.600010,1.83587592,1.84288308,1.81135086,1.81485444,1.83587592,42347659,219727280.0,0.659247,1,-1.145,0
2013-02-08,sh.600010,1.81485444,1.83587592,1.81135086,1.82886876,1.81485444,30579946,159565736.0,0.476053,1,0.7722,0
2013-02-18,sh.600010,1.83237234,1.83587592,1.8043437,1.81485444,1.82886876,40893666,211911157.0,0.636612,1,-0.7663,0
2013-02-19,sh.600010,1.81485444,1.8218616,1.77631506,1.7868258,1.81485444,35651373,182447183.0,0.555002,1,-1.5444,0
2013-02-20,sh.600010,1.79383296,1.81135086,1.7868258,1.81135086,1.7868258,28329717,145591230.0,0.441023,1,1.3725,0
2013-02-21,sh.600010,1.80084012,1.80084012,1.74478284,1.75879716,1.81135086,52667841,265688563.0,0.819906,1,-2.9014,0
2013-02-22,sh.600010,1.75879716,1.8043437,1.7342721,1.77281148,1.75879716,43505391,219606427.0,0.67727,1,0.7968,0
2013-02-25,sh.600010,1.7693079,1.7868258,1.75879716,1.76580432,1.77281148,26228345,132432201.0,0.408309,1,-0.3953,0
2013-02-26,sh.600010,1.75529358,1.76580432,1.72726494,1.73076852,1.76580432,35212290,175402233.0,0.548167,1,-1.9841,0
2013-02-27,sh.600010,1.7342721,1.74828642,1.7167542,1.72376136,1.73076852,29965390,147724802.0,0.466486,1,-0.4049,0
2013-02-28,sh.600010,1.7342721,1.76580432,1.72025778,1.75529358,1.72376136,37304165,185884103.0,0.580732,1,1.8293,0
2013-03-01,sh.600010,1.75529358,1.77281148,1.73076852,1.74828642,1.75529358,31948171,159575343.0,0.497353,1,-0.3992,0
2013-03-04,sh.600010,1.74478284,1.74478284,1.67471124,1.67821482,1.74828642,48919489,237346613.0,0.761554,1,-4.008,0
2013-03-05,sh.600010,1.67821482,1.70624346,1.67821482,1.69222914,1.67821482,31193375,150654256.0,0.485603,1,0.8351,0
2013-03-06,sh.600010,1.6992363,1.70624346,1.68522198,1.6992363,1.69222914,35114002,169688445.0,0.546637,1,0.4141,0
2013-03-07,sh.600010,1.69222914,1.72376136,1.67471124,1.70974704,1.6992363,40357514,195684827.0,0.628265,1,0.6186,0
2013-03-08,sh.600010,1.70624346,1.86390456,1.69222914,1.78332222,1.70974704,109166525,558897855.0,1.699449,1,4.3033,0
2013-03-11,sh.600010,1.7693079,1.79733654,1.76230074,1.76580432,1.78332222,47818626,242788737.0,0.744416,1,-0.9823,0
2013-03-12,sh.600010,1.76580432,1.82886876,1.73777568,1.79733654,1.76580432,84921396,433198680.0,1.322013,1,1.7857,0
2013-03-13,sh.600010,1.79383296,1.81485444,1.77981864,1.7868258,1.79733654,51219132,262098294.0,0.797353,1,-0.5848,0
2013-03-14,sh.600010,1.7868258,1.79032938,1.7342721,1.74127926,1.7868258,38674925,193856437.0,0.602071,1,-2.549,0
2013-03-15,sh.600010,1.74127926,1.78332222,1.7342721,1.74127926,1.74127926,34568405,173547226.0,0.538143,1,0.0,0
2013-03-18,sh.600010,1.73076852,1.73076852,1.6817184,1.68872556,1.74127926,40853225,198082624.0,0.635982,1,-3.0181,0
2013-03-19,sh.600010,1.69222914,1.6992363,1.63266828,1.67821482,1.68872556,34054509,162237904.0,0.530143,1,-0.6224,0
2013-03-20,sh.600010,1.6817184,1.73076852,1.67821482,1.71325062,1.67821482,37937747,184216816.0,0.590595,1,2.0877,0
2013-03-21,sh.600010,1.71325062,1.72376136,1.70273988,1.71325062,1.71325062,29812105,145896352.0,0.4641,1,0.0,0
2013-03-22,sh.600010,1.71325062,1.7167542,1.68522198,1.69573272,1.71325062,26259728,127306056.0,0.408798,1,-1.0225,0
2013-03-25,sh.600010,1.69573272,1.86390456,1.69573272,1.86390456,1.69573272,253487607,1324200320.0,3.946165,1,9.9174,0
2013-03-26,sh.600010,1.84288308,1.88142246,1.83237234,1.86740814,1.86390456,230390004,1221977088.0,3.586594,1,0.188,0
2013-03-27,sh.600010,1.86390456,1.89894036,1.82886876,1.8744153,1.86740814,221575395,1179644800.0,3.449372,1,0.3752,0
2013-03-28,sh.600010,1.84288308,1.88842962,1.83237234,1.87091172,1.8744153,207668974,1102043392.0,3.232884,1,-0.1869,0
2013-03-29,sh.600010,1.87091172,1.93397616,1.7868258,1.79383296,1.87091172,258753596,1384721792.0,4.028144,1,-4.1199,0
2013-04-01,sh.600010,1.75179,1.84989024,1.7167542,1.83587592,1.79383296,114967105,584194816.0,1.789749,1,2.3437,0
2013-04-02,sh.600010,1.81485444,1.8568974,1.7868258,1.83237234,1.83587592,148062627,771220800.0,2.304963,1,-0.1908,0
2013-04-03,sh.600010,1.8218616,1.8568974,1.7868258,1.81835802,1.83237234,142233487,739349184.0,2.214218,1,-0.7648,0
2013-04-08,sh.600010,1.7868258,1.81835802,1.75529358,1.81135086,1.81835802,73700983,376298944.0,1.147339,1,-0.3854,0
2013-04-09,sh.600010,1.80784728,1.83237234,1.79383296,1.81485444,1.81135086,87920499,454875424.0,1.368701,1,0.1934,0
2013-04-10,sh.600010,1.8043437,1.81835802,1.76230074,1.77631506,1.81485444,84578490,430736128.0,1.316675,1,-2.1235,0
2013-04-11,sh.600010,1.78332222,1.78332222,1.72025778,1.72376136,1.77631506,69996188,348003168.0,1.089665,1,-2.9586,0
2013-04-12,sh.600010,1.7167542,1.73777568,1.6992363,1.70624346,1.72376136,34688851,169967968.0,0.540018,1,-1.016264,0
2013-04-15,sh.600010,1.68872556,1.70273988,1.6642005,1.67471124,1.70624346,42827455,205761776.0,0.666716,1,-1.848,0
2013-04-16,sh.600010,1.65719334,1.70273988,1.6466826,1.6992363,1.67471124,31068124,149326416.0,0.483653,1,1.464429,0
2013-04-17,sh.600010,1.69573272,1.73076852,1.69222914,1.71325062,1.6992363,26605792,129820536.0,0.414185,1,0.8247,0
2013-04-18,sh.600010,1.70624346,1.73076852,1.6817184,1.68522198,1.71325062,27807104,135397952.0,0.432887,1,-1.636,0
2013-04-19,sh.600010,1.69222914,1.7342721,1.68872556,1.72025778,1.68522198,37991811,186413952.0,0.591437,1,2.079,0
2013-04-22,sh.600010,1.71325062,1.75179,1.70974704,1.72376136,1.72025778,35120713,173542272.0,0.546741,1,0.2037,0
2013-04-23,sh.600010,1.72726494,1.7342721,1.66770408,1.67821482,1.72376136,40492570,195206736.0,0.630368,1,-2.6423,0
2013-04-24,sh.600010,1.67471124,1.70624346,1.67120766,1.69573272,1.67821482,27018112,130274064.0,0.420604,1,1.0438,0
2013-04-25,sh.600010,1.6992363,1.6992363,1.6642005,1.6642005,1.69573272,29811424,142723920.0,0.464089,1,-1.8595,0
2013-04-26,sh.600010,1.6817184,1.68872556,1.6466826,1.65018618,1.6642005,23635522,112258344.0,0.367946,1,-0.842105,0
2013-05-02,sh.600010,1.6466826,1.65719334,1.63266828,1.63967544,1.65018618,21120644,99144896.0,0.328795,1,-0.6369,0
2013-05-03,sh.600010,1.64317902,1.67821482,1.64317902,1.65368976,1.63967544,21389076,101560936.0,0.332974,1,0.8547,0
2013-05-06,sh.600010,1.66069692,1.70273988,1.66069692,1.69222914,1.65368976,33299316,160301536.0,0.518387,1,2.3305,0
2013-05-07,sh.600010,1.68522198,1.75179,1.68522198,1.71325062,1.69222914,47921336,235230016.0,0.746015,1,1.2422,0
2013-05-08,sh.600010,1.7167542,1.72726494,1.69222914,1.70624346,1.71325062,31907540,155078528.0,0.49672,1,-0.409,0
2013-05-09,sh.600010,1.70974704,1.70974704,1.66770408,1.6817184,1.70624346,34859911,167587776.0,0.542681,1,-1.4374,0
2013-05-10,sh.600010,1.67821482,1.69222914,1.66770408,1.6817184,1.6817184,23726454,113668952.0,0.369361,1,0.0,0
2013-05-13,sh.600010,1.6817184,1.69573272,1.67120766,1.67821482,1.6817184,20826746,99907512.0,0.32422,1,-0.2083,0
2013-05-14,sh.600010,1.6817184,1.6817184,1.6466826,1.65719334,1.67821482,24114835,114232344.0,0.375407,1,-1.2526,0
2013-05-15,sh.600010,1.6642005,1.66770408,1.65018618,1.6642005,1.65719334,13156537,62380312.0,0.204814,1,0.4228,0
2013-05-16,sh.600010,1.6642005,1.6817184,1.65018618,1.6817184,1.6642005,29761704,141661744.0,0.463315,1,1.0526,0
2013-05-17,sh.600010,1.6817184,1.70624346,1.67120766,1.6992363,1.6817184,42337083,204587744.0,0.659082,1,1.0417,0
2013-05-20,sh.600010,1.69573272,1.7342721,1.69222914,1.71325062,1.6992363,47587311,232909408.0,0.740815,1,0.8247,0
2013-05-21,sh.600010,1.70974704,1.72726494,1.69573272,1.70974704,1.71325062,40961685,199440288.0,0.637671,1,-0.204494,0
2013-05-22,sh.600010,1.70974704,1.7342721,1.69222914,1.7167542,1.70974704,47227515,230889504.0,0.735214,1,0.4098,0
2013-05-23,sh.600010,1.70624346,1.71325062,1.68522198,1.68872556,1.7167542,37307079,180711200.0,0.580778,1,-1.6327,0
2013-05-24,sh.600010,1.68522198,1.70974704,1.6817184,1.69573272,1.68872556,35470790,171464192.0,0.552191,1,0.4149,0
2013-05-27,sh.600010,1.69573272,1.69573272,1.67120766,1.6817184,1.69573272,34472555,165414912.0,0.536651,1,-0.8264,0
2013-05-28,sh.600010,1.6817184,1.6992363,1.66069692,1.69573272,1.6817184,46639984,223519648.0,0.726067,1,0.8333,0
2013-05-29,sh.600010,1.69573272,1.75879716,1.68872556,1.72726494,1.69573272,102066259,501884480.0,1.588915,1,1.8595,0
2013-05-30,sh.600010,1.7167542,1.73777568,1.70273988,1.70273988,1.72726494,54891014,269092960.0,0.854515,1,-1.4199,0
2013-05-31,sh.600010,1.70974704,1.70974704,1.6817184,1.68522198,1.70273988,34819475,168394496.0,0.542052,1,-1.028811,0
2013-06-03,sh.600010,1.68522198,1.69573272,1.67471124,1.67821482,1.68522198,25873194,124229728.0,0.402781,1,-0.4158,0
2013-06-04,sh.600010,1.67821482,1.67821482,1.65018618,1.65719334,1.67821482,30724462,145690688.0,0.478303,1,-1.2526,0
2013-06-05,sh.600010,1.65719334,1.6817184,1.65368976,1.67120766,1.65719334,20019410,95248048.0,0.311652,1,0.8457,0
2013-06-06,sh.600010,1.67120766,1.67120766,1.6466826,1.6466826,1.67120766,21974451,103657968.0,0.342087,1,-1.4675,0
2013-06-07,sh.600010,1.6466826,1.65368976,1.58712174,1.59763248,1.6466826,33555104,155242624.0,0.522369,1,-2.9787,0
2013-06-13,sh.600010,1.59062532,1.59062532,1.4890215,1.5065394,1.59763248,43947666,190809408.0,0.684155,1,-5.7018,0
2013-06-14,sh.600010,1.51004298,1.59062532,1.49953224,1.576611,1.5065394,39388387,173446432.0,0.613178,1,4.6512,0
2013-06-17,sh.600010,1.576611,1.6291647,1.53456804,1.61865396,1.576611,47027326,214325680.0,0.732097,1,2.6667,0
2013-06-18,sh.600010,1.60113606,1.65368976,1.58361816,1.60814322,1.61865396,43663560,200928448.0,0.679732,1,-0.6494,0
2013-06-19,sh.600010,1.59763248,1.63266828,1.56960384,1.59763248,1.60814322,49691663,226999792.0,0.773574,1,-0.6536,0
2013-06-20,sh.600010,1.576611,1.58361816,1.51705014,1.52055372,1.59763248,24411121,107922368.0,0.38002,1,-4.8246,0
2013-06-21,sh.600010,1.5065394,1.55558952,1.5065394,1.53106446,1.52055372,28036718,122517192.0,0.436461,1,0.6912,0
2013-06-24,sh.600010,1.53106446,1.53456804,1.37690694,1.42245348,1.53106446,38077277,158547280.0,0.592768,1,-7.0938,0
2013-06-25,sh.600010,1.39792842,1.42595706,1.28581386,1.38741768,1.42245348,46596267,181456960.0,0.725387,1,-2.4631,0
2013-06-26,sh.600010,1.39792842,1.4189499,1.3488783,1.37690694,1.38741768,31520550,123710760.0,0.490696,1,-0.7576,0
2013-06-27,sh.600010,1.37690694,1.49953224,1.36289262,1.48201434,1.37690694,94792691,388605792.0,1.475684,1,7.6336,0
2013-06-28,sh.600010,1.44697854,1.47500718,1.42595706,1.4364678,1.48201434,86323191,356351392.0,1.343835,1,-3.0733,0
2013-07-01,sh.600010,1.42946064,1.42946064,1.3663962,1.41194274,1.4364678,37977700,151866512.0,0.591217,1,-1.7073,0
2013-07-02,sh.600010,1.40843916,1.4189499,1.37340336,1.39792842,1.41194274,30951018,123089816.0,0.48183,1,-0.9926,0
2013-07-03,sh.600010,1.39442484,1.41194274,1.37340336,1.38041052,1.39792842,46082248,182514432.0,0.717385,1,-1.2531,0
2013-07-04,sh.600010,1.37690694,1.41544632,1.33836756,1.39092126,1.38041052,73948701,291964288.0,1.151196,1,0.7614,0
2013-07-05,sh.600010,1.3839141,1.4890215,1.37340336,1.4189499,1.39092126,94329261,385273920.0,1.46847,1,2.0151,0
2013-07-08,sh.600010,1.39442484,1.39442484,1.35588546,1.35588546,1.4189499,48519957,189595488.0,0.755334,1,-4.4444,0
2013-07-09,sh.600010,1.3488783,1.37690694,1.3488783,1.35238188,1.35588546,22715023,88218576.0,0.353616,1,-0.2584,0
2013-07-10,sh.600010,1.35238188,1.42595706,1.3488783,1.4189499,1.35238188,70022877,279005088.0,1.09008,1,4.9223,0
2013-07-11,sh.600010,1.42946064,1.5240573,1.40843916,1.4715036,1.4189499,134926013,566958656.0,2.100459,1,3.7037,0
2013-07-12,sh.600010,1.45048212,1.47500718,1.40843916,1.4189499,1.4715036,89066296,366096672.0,1.386539,1,-3.5714,0
2013-07-15,sh.600010,1.4189499,1.44697854,1.40493558,1.42946064,1.4189499,48551545,197461696.0,0.755826,1,0.7407,0
2013-07-16,sh.600010,1.42946064,1.43997138,1.40843916,1.43296422,1.42946064,36078412,146765200.0,0.56165,1,0.2451,0
2013-07-17,sh.600010,1.42595706,1.44697854,1.41544632,1.42245348,1.43296422,42542452,173372800.0,0.662279,1,-0.7335,0
2013-07-18,sh.600010,1.4189499,1.42595706,1.3839141,1.3839141,1.42245348,37763640,151086768.0,0.587885,1,-2.7094,0
2013-07-19,sh.600010,1.38741768,1.39792842,1.3313604,1.33486398,1.3839141,45575680,177545920.0,0.709499,1,-3.5443,0
2013-07-22,sh.600010,1.3313604,1.3663962,1.3138425,1.35938904,1.33486398,25513204,98106584.0,0.397177,1,1.8373,0
2013-07-23,sh.600010,1.36641307,1.41910252,1.35938781,1.38748885,1.35938781,38193389,151598160.0,0.594575,1,2.0672,0
2013-07-24,sh.600010,1.38046359,1.38748885,1.35938781,1.37343833,1.38748885,29882393,116578520.0,0.465194,1,-1.0127,0
2013-07-25,sh.600010,1.38397622,1.43315304,1.37343833,1.38748885,1.37343833,47152681,188484096.0,0.734049,1,1.023,0
2013-07-26,sh.600010,1.3699257,1.3699257,1.34884992,1.35938781,1.38748885,32212363,124631144.0,0.501466,1,-2.0253,0
2013-07-29,sh.600010,1.35587518,1.35587518,1.32777414,1.33128677,1.35938781,26839568,102227296.0,0.417825,1,-2.0672,0
2013-07-30,sh.600010,1.33128677,1.3699257,1.33128677,1.34884992,1.33128677,22639362,87377544.0,0.352438,1,1.3193,0
2013-07-31,sh.600010,1.35236255,1.37695096,1.34884992,1.34884992,1.34884992,18195866,70458456.0,0.283264,1,0.0,0
2013-08-01,sh.600010,1.36290044,1.37343833,1.34884992,1.3699257,1.34884992,34003272,131882240.0,0.529346,1,1.5625,0
2013-08-02,sh.600010,1.37343833,1.37695096,1.35938781,1.36290044,1.3699257,23287078,90587120.0,0.362521,1,-0.5128,0
2013-08-05,sh.600010,1.36290044,1.37695096,1.35587518,1.37695096,1.36290044,20211298,78723312.0,0.314639,1,1.0309,0
2013-08-06,sh.600010,1.36641307,1.39451411,1.36290044,1.38748885,1.37695096,35103289,137776320.0,0.54647,1,0.7653,0
2013-08-07,sh.600010,1.38046359,1.405052,1.37343833,1.38046359,1.38748885,36607587,144608032.0,0.569888,1,-0.5063,0
2013-08-08,sh.600010,1.39451411,1.41207726,1.38046359,1.38748885,1.38046359,34091030,135555648.0,0.530712,1,0.5089,0
2013-08-09,sh.600010,1.39451411,1.46476671,1.39100148,1.43315304,1.38748885,104933314,428534432.0,1.633548,1,3.2911,0
2013-08-12,sh.600010,1.43315304,1.46827934,1.42261515,1.45774145,1.43315304,81605049,336116672.0,1.270386,1,1.7157,0
2013-08-13,sh.600010,1.45071619,1.48935512,1.44369093,1.46125408,1.45774145,59806830,249992208.0,0.931042,1,0.241,0
2013-08-14,sh.600010,1.45071619,1.46125408,1.42261515,1.42964041,1.46125408,48201610,198101056.0,0.750378,1,-2.1635,0
2013-08-15,sh.600010,1.42964041,1.45071619,1.42261515,1.42612778,1.42964041,29474338,120468784.0,0.458841,1,-0.2457,0
2013-08-16,sh.600010,1.41910252,1.57014561,1.39100148,1.40856463,1.42612778,75356053,309285120.0,1.173105,1,-1.2315,0
2013-08-19,sh.600010,1.39451411,1.42612778,1.38397622,1.41558989,1.40856463,37355637,149449632.0,0.581533,1,0.4988,0
2013-08-20,sh.600010,1.41558989,1.41910252,1.38748885,1.39451411,1.41558989,27605655,110217120.0,0.429751,1,-1.4888,0
2013-08-21,sh.600010,1.41207726,1.41207726,1.38748885,1.405052,1.39451411,17604252,70202096.0,0.274054,1,0.7557,0
2013-08-22,sh.600010,1.39802674,1.40856463,1.38748885,1.38748885,1.405052,23209010,92140856.0,0.361306,1,-1.25,0
2013-08-23,sh.600010,1.39802674,1.39802674,1.35587518,1.3699257,1.38748885,24470644,95795712.0,0.380946,1,-1.2658,0
2013-08-26,sh.600010,1.37695096,1.39100148,1.36290044,1.38748885,1.3699257,21875620,86037936.0,0.340548,1,1.2821,0
2013-08-27,sh.600010,1.38748885,1.41558989,1.38046359,1.40153937,1.38748885,28437297,113435352.0,0.442697,1,1.0127,0
2013-08-28,sh.600010,1.39100148,1.41207726,1.37695096,1.39451411,1.40153937,45210126,179919136.0,0.703808,1,-0.5013,0
2013-08-29,sh.600010,1.40153937,1.40856463,1.37695096,1.38748885,1.39451411,29349251,116089440.0,0.456894,1,-0.5038,0
2013-08-30,sh.600010,1.38748885,1.38748885,1.36290044,1.3699257,1.38748885,40229956,157495456.0,0.626279,1,-1.2658,0
2013-09-02,sh.600010,1.3699257,1.38046359,1.35587518,1.37343833,1.3699257,29112569,113379440.0,0.45321,1,0.2564,0
2013-09-03,sh.600010,1.37695096,1.38397622,1.36641307,1.38046359,1.37343833,27027377,105907232.0,0.420748,1,0.5115,0
2013-09-04,sh.600010,1.38046359,1.4401783,1.37343833,1.41910252,1.38046359,91322152,366740608.0,1.421657,1,2.799,0
2013-09-05,sh.600010,1.40856463,1.40856463,1.37695096,1.38397622,1.41910252,43858134,173320544.0,0.682761,1,-2.4752,0
2013-09-06,sh.600010,1.37343833,1.39802674,1.3699257,1.38046359,1.38397622,30548121,119995032.0,0.475558,1,-0.2538,0
2013-09-09,sh.600010,1.38748885,1.40856463,1.38046359,1.39802674,1.38046359,47167374,187315200.0,0.734278,1,1.2723,0
2013-09-10,sh.600010,1.40153937,1.45071619,1.38748885,1.43666567,1.39802674,103599702,420801088.0,1.612787,1,2.7638,0
2013-09-11,sh.600010,1.43315304,1.52799405,1.42964041,1.46827934,1.43666567,150178238,633476464.0,2.337898,1,2.2005,0
2013-09-12,sh.600010,1.45071619,1.45774145,1.42612778,1.44720356,1.46827934,71511051,293103360.0,1.113247,1,-1.4354,0
2013-09-13,sh.600010,1.4401783,1.46827934,1.42612778,1.43666567,1.44720356,56292473,231477842.0,0.876332,1,-0.7282,0
2013-09-16,sh.600010,1.4401783,1.44720356,1.41207726,1.41558989,1.43666567,39823155,161446881.0,0.619947,1,-1.467,0
2013-09-17,sh.600010,1.40856463,1.42612778,1.39451411,1.39802674,1.41558989,33208168,133321662.0,0.516968,1,-1.2407,0
2013-09-18,sh.600010,1.39802674,1.40856463,1.39100148,1.40153937,1.39802674,16883334,67270565.0,0.262831,1,0.2513,0
2013-09-23,sh.600010,1.40153937,1.41558989,1.40153937,1.41207726,1.40153937,26075067,104544874.0,0.405923,1,0.7519,0
2013-09-24,sh.600010,1.40856463,1.41207726,1.37343833,1.38397622,1.41207726,39455999,155860930.0,0.614231,1,-1.99,0
2013-09-25,sh.600010,1.38397622,1.38748885,1.3699257,1.37343833,1.38397622,33896050,132849259.0,0.527676,1,-0.7614,0
2013-09-26,sh.600010,1.3699257,1.39451411,1.36290044,1.36641307,1.37343833,33876015,132469365.0,0.527364,1,-0.5115,0
2013-09-27,sh.600010,1.36641307,1.37695096,1.35938781,1.36641307,1.36641307,20633334,80336836.0,0.321209,1,0.0,0
2013-09-30,sh.600010,1.37343833,1.39451411,1.3699257,1.38046359,1.36641307,25993206,102396377.0,0.404649,1,1.0283,0
2013-10-08,sh.600010,1.37343833,1.43315304,1.37343833,1.43315304,1.38046359,85268331,344882752.0,1.327414,1,3.8168,0
2013-10-09,sh.600010,1.42261515,1.43315304,1.40856463,1.42261515,1.43315304,38183993,154153982.0,0.594429,1,-0.7353,0
2013-10-10,sh.600010,1.41910252,1.42964041,1.405052,1.41558989,1.42261515,35684565,144099655.0,0.555519,1,-0.4938,0
2013-10-11,sh.600010,1.42261515,1.45071619,1.41207726,1.43315304,1.41558989,60905134,249141866.0,0.94814,1,1.2407,0
2013-10-14,sh.600010,1.4401783,1.46827934,1.42964041,1.4401783,1.43315304,51807075,214024840.0,0.806506,1,0.4902,0
2013-10-15,sh.600010,1.4401783,1.45422882,1.42261515,1.42612778,1.4401783,28748115,117248778.0,0.447536,1,-0.9756,0
2013-10-16,sh.600010,1.42612778,1.44720356,1.40856463,1.41207726,1.42612778,35330367,142910646.0,0.550005,1,-0.9852,0
2013-10-17,sh.600010,1.41558989,1.44720356,1.40856463,1.43666567,1.41207726,39235430,159329050.0,0.610797,1,1.7413,0
2013-10-18,sh.600010,1.42964041,1.44720356,1.41910252,1.43315304,1.43666567,35403501,144637903.0,0.551144,1,-0.2445,0
2013-10-21,sh.600010,1.43315304,1.43666567,1.41207726,1.42612778,1.43315304,41985305,170199847.0,0.653606,1,-0.4902,0
2013-10-22,sh.600010,1.42261515,1.42612778,1.39451411,1.405052,1.42612778,43579674,174422390.0,0.678426,1,-1.4778,0
2013-10-23,sh.600010,1.405052,1.42612778,1.39100148,1.39100148,1.405052,37214552,148789671.0,0.579337,1,-1.0,0
2013-10-24,sh.600010,1.38748885,1.39100148,1.37343833,1.38046359,1.39100148,21775849,85606584.0,0.338995,1,-0.7576,0
2013-10-25,sh.600010,1.38046359,1.38397622,1.35236255,1.35938781,1.38046359,31308474,121813735.0,0.487394,1,-1.5267,0
2013-10-28,sh.600010,1.35938781,1.3699257,1.35587518,1.3699257,1.35938781,18384638,71286510.0,0.286203,1,0.7752,0
2013-10-29,sh.600010,1.37343833,1.37695096,1.32074888,1.33831203,1.3699257,29816545,114181275.0,0.464169,1,-2.3077,0
2013-10-30,sh.600010,1.33831203,1.35938781,1.32426151,1.34884992,1.33831203,33736028,128615357.0,0.525185,1,0.7874,0
2013-10-31,sh.600010,1.34884992,1.38046359,1.33128677,1.37695096,1.34884992,46548951,179885930.0,0.72465,1,2.0833,0
2013-11-01,sh.600010,1.37695096,1.37695096,1.37695096,1.37695096,1.37695096,0,0.0,,0,0.0,0
2013-11-04,sh.600010,1.37695096,1.37695096,1.37695096,1.37695096,1.37695096,0,0.0,,0,0.0,0
2013-11-05,sh.600010,1.37695096,1.37695096,1.37695096,1.37695096,1.37695096,0,0.0,,0,0.0,0
2013-11-06,sh.600010,1.37695096,1.37695096,1.37695096,1.37695096,1.37695096,0,0.0,,0,0.0,0
2013-11-07,sh.600010,1.37695096,1.37695096,1.37695096,1.37695096,1.37695096,0,0.0,,0,0.0,0
2013-11-08,sh.600010,1.37695096,1.37695096,1.37695096,1.37695096,1.37695096,0,0.0,,0,0.0,0
2013-11-11,sh.600010,1.37695096,1.37695096,1.37695096,1.37695096,1.37695096,0,0.0,,0,0.0,0
2013-11-12,sh.600010,1.37695096,1.37695096,1.37695096,1.37695096,1.37695096,0,0.0,,0,0.0,0
2013-11-13,sh.600010,1.37695096,1.37695096,1.37695096,1.37695096,1.37695096,0,0.0,,0,0.0,0
2013-11-14,sh.600010,1.37695096,1.37695096,1.37695096,1.37695096,1.37695096,0,0.0,,0,0.0,0
2013-11-15,sh.600010,1.37695096,1.37695096,1.37695096,1.37695096,1.37695096,0,0.0,,0,0.0,0
2013-11-18,sh.600010,1.37695096,1.37695096,1.37695096,1.37695096,1.37695096,0,0.0,,0,0.0,0
2013-11-19,sh.600010,1.37695096,1.37695096,1.37695096,1.37695096,1.37695096,0,0.0,,0,0.0,0
2013-11-20,sh.600010,1.37695096,1.37695096,1.37695096,1.37695096,1.37695096,0,0.0,,0,0.0,0
2013-11-21,sh.600010,1.37695096,1.37695096,1.37695096,1.37695096,1.37695096,0,0.0,,0,0.0,0
2013-11-22,sh.600010,1.37695096,1.37695096,1.37695096,1.37695096,1.37695096,0,0.0,,0,0.0,0
2013-11-25,sh.600010,1.37695096,1.37695096,1.37695096,1.37695096,1.37695096,0,0.0,,0,0.0,0
2013-11-26,sh.600010,1.37695096,1.37695096,1.37695096,1.37695096,1.37695096,0,0.0,,0,0.0,0
2013-11-27,sh.600010,1.37695096,1.37695096,1.37695096,1.37695096,1.37695096,0,0.0,,0,0.0,0
2013-11-28,sh.600010,1.37695096,1.37695096,1.37695096,1.37695096,1.37695096,0,0.0,,0,0.0,0
2013-11-29,sh.600010,1.37695096,1.37695096,1.37695096,1.37695096,1.37695096,0,0.0,,0,0.0,0
2013-12-02,sh.600010,1.37695096,1.37695096,1.37695096,1.37695096,1.37695096,0,0.0,,0,0.0,0
2013-12-03,sh.600010,1.37695096,1.37695096,1.37695096,1.37695096,1.37695096,0,0.0,,0,0.0,0
2013-12-04,sh.600010,1.37695096,1.37695096,1.37695096,1.37695096,1.37695096,0,0.0,,0,0.0,0
2013-12-05,sh.600010,1.37695096,1.37695096,1.37695096,1.37695096,1.37695096,0,0.0,,0,0.0,0
2013-12-06,sh.600010,1.37695096,1.37695096,1.37695096,1.37695096,1.37695096,0,0.0,,0,0.0,0
2013-12-09,sh.600010,1.37695096,1.37695096,1.37695096,1.37695096,1.37695096,0,0.0,,0,0.0,0
2013-12-10,sh.600010,1.37695096,1.37695096,1.37695096,1.37695096,1.37695096,0,0.0,,0,0.0,0
2013-12-11,sh.600010,1.37695096,1.37695096,1.37695096,1.37695096,1.37695096,0,0.0,,0,0.0,0
2013-12-12,sh.600010,1.37695096,1.37695096,1.37695096,1.37695096,1.37695096,0,0.0,,0,0.0,0
2013-12-13,sh.600010,1.37695096,1.37695096,1.37695096,1.37695096,1.37695096,0,0.0,,0,0.0,0
2013-12-16,sh.600010,1.37695096,1.37695096,1.37695096,1.37695096,1.37695096,0,0.0,,0,0.0,0
2013-12-17,sh.600010,1.37695096,1.37695096,1.37695096,1.37695096,1.37695096,0,0.0,,0,0.0,0
2013-12-18,sh.600010,1.37695096,1.37695096,1.37695096,1.37695096,1.37695096,0,0.0,,0,0.0,0
2013-12-19,sh.600010,1.37695096,1.37695096,1.37695096,1.37695096,1.37695096,0,0.0,,0,0.0,0
2013-12-20,sh.600010,1.37695096,1.37695096,1.37695096,1.37695096,1.37695096,0,0.0,,0,0.0,0
2013-12-23,sh.600010,1.37695096,1.37695096,1.37695096,1.37695096,1.37695096,0,0.0,,0,0.0,0
2013-12-24,sh.600010,1.37695096,1.37695096,1.37695096,1.37695096,1.37695096,0,0.0,,0,0.0,0
2013-12-25,sh.600010,1.37695096,1.37695096,1.37695096,1.37695096,1.37695096,0,0.0,,0,0.0,0
2013-12-26,sh.600010,1.37695096,1.37695096,1.37695096,1.37695096,1.37695096,0,0.0,,0,0.0,0
2013-12-27,sh.600010,1.37695096,1.37695096,1.37695096,1.37695096,1.37695096,0,0.0,,0,0.0,0
2013-12-30,sh.600010,1.37695096,1.37695096,1.37695096,1.37695096,1.37695096,0,0.0,,0,0.0,0
2013-12-31,sh.600010,1.51394353,1.51394353,1.51394353,1.51394353,1.37695096,16771001,72283014.0,0.261082,1,9.949,0
2014-01-02,sh.600010,1.66498662,1.66498662,1.66498662,1.66498662,1.51394353,24833249,117709600.0,0.386591,1,9.9768,0
2014-01-03,sh.600010,1.83008023,1.83008023,1.76334026,1.83008023,1.66498662,429567936,2207682160.0,6.687294,1,9.9156,0
2014-01-06,sh.600010,1.87925705,1.87925705,1.70713818,1.7211887,1.83008023,241165015,1220565568.0,3.754334,1,-5.9501,0
2014-01-07,sh.600010,1.71416344,1.73875185,1.62634769,1.67903714,1.7211887,155801934,742832192.0,2.425445,1,-2.449,0
2014-01-08,sh.600010,1.65796136,1.70362555,1.60175928,1.61932243,1.67903714,112977465,529849376.0,1.758775,1,-3.5565,0
2014-01-09,sh.600010,1.60527191,1.64742347,1.56312035,1.57365824,1.61932243,94424131,430561264.0,1.469947,1,-2.82,0
2014-01-10,sh.600010,1.55960772,1.57717087,1.50340564,1.51394353,1.57365824,98972115,432097136.0,1.540747,1,-3.7946,0
2014-01-13,sh.600010,1.5104309,1.54906983,1.50691827,1.52096879,1.51394353,70920463,307805808.0,1.104054,1,0.464,0
2014-01-14,sh.600010,1.51394353,1.54204457,1.46125408,1.53150668,1.52096879,94398461,402110976.0,1.469547,1,0.6928,0
2014-01-15,sh.600010,1.51394353,1.52096879,1.48232986,1.48935512,1.53150668,52577272,223664591.0,0.818496,1,-2.7523,0
2014-01-16,sh.600010,1.5104309,1.58419613,1.49638038,1.53853194,1.48935512,111857353,492740400.0,1.741338,1,3.3019,0
2014-01-17,sh.600010,1.51394353,1.6158098,1.5104309,1.56312035,1.53853194,99921438,448457664.0,1.555526,1,1.5982,0
2014-01-20,sh.600010,1.55258246,1.57014561,1.52799405,1.54906983,1.56312035,42802911,188410067.0,0.666334,1,-0.8989,0
2014-01-21,sh.600010,1.53853194,1.56663298,1.52096879,1.53150668,1.54906983,48080380,211185540.0,0.748491,1,-1.1338,0
2014-01-22,sh.600010,1.52096879,1.56663298,1.51745616,1.56663298,1.53150668,58102913,256082863.0,0.904516,1,2.2936,0
2014-01-23,sh.600010,1.56312035,1.56312035,1.51745616,1.52448142,1.56663298,57633498,251854638.0,0.897209,1,-2.6906,0
2014-01-24,sh.600010,1.5104309,1.52096879,1.48935512,1.50691827,1.52448142,56265470,241417993.0,0.875912,1,-1.1521,0
2014-01-27,sh.600010,1.47179197,1.48935512,1.46125408,1.46827934,1.50691827,47845181,200849141.0,0.744829,1,-2.5641,0
2014-01-28,sh.600010,1.4753046,1.48584249,1.46125408,1.47179197,1.46827934,24147932,101101032.0,0.375923,1,0.2392,0
2014-01-29,sh.600010,1.47179197,1.47881723,1.45071619,1.45774145,1.47179197,28157506,117123674.0,0.438342,1,-0.9547,0
2014-01-30,sh.600010,1.40856463,1.45774145,1.36290044,1.40153937,1.45774145,92619015,369807616.0,1.17671,1,-3.8554,0
2014-02-07,sh.600010,1.39100148,1.41558989,1.38748885,1.405052,1.40153937,44059847,176201934.0,0.559774,1,0.2506,0
2014-02-10,sh.600010,1.405052,1.46476671,1.405052,1.45774145,1.405052,77312397,318511264.0,0.982242,1,3.75,0
2014-02-11,sh.600010,1.45071619,1.46476671,1.43315304,1.45071619,1.45774145,60178334,247471002.0,0.764556,1,-0.4819,0
2014-02-12,sh.600010,1.44720356,1.4753046,1.44369093,1.46125408,1.45071619,48526342,201957130.0,0.61652,1,0.7264,0
2014-02-13,sh.600010,1.45774145,1.47179197,1.43315304,1.43666567,1.46125408,49096786,203276579.0,0.623767,1,-1.6827,0
2014-02-14,sh.600010,1.43666567,1.49638038,1.43666567,1.4753046,1.43666567,78627471,329660032.0,0.99895,1,2.6895,0
2014-02-17,sh.600010,1.47881723,1.49286775,1.46476671,1.48232986,1.4753046,55784214,234705169.0,0.70873,1,0.4762,0
2014-02-18,sh.600010,1.48232986,1.48232986,1.45071619,1.45774145,1.48232986,46984004,195773317.0,0.596925,1,-1.6588,0
2014-02-19,sh.600010,1.45422882,1.52096879,1.42261515,1.5104309,1.45774145,141920454,599431072.0,1.803078,1,3.6145,0
2014-02-20,sh.600010,1.52096879,1.59473402,1.49989301,1.50340564,1.5104309,222938625,982933536.0,2.832401,1,-0.4651,0
2014-02-21,sh.600010,1.49286775,1.51394353,1.47179197,1.47179197,1.50340564,58996689,249384437.0,0.749544,1,-2.1028,0
2014-02-24,sh.600010,1.4753046,1.55960772,1.44369093,1.52448142,1.47179197,114075868,491673232.0,1.449316,1,3.58,0
2014-02-25,sh.600010,1.52448142,1.54204457,1.4753046,1.49286775,1.52448142,89650161,386460944.0,1.138992,1,-2.0737,0
2014-02-26,sh.600010,1.48232986,1.54204457,1.4753046,1.53501931,1.49286775,71411503,307689312.0,0.907272,1,2.8235,0
2014-02-27,sh.600010,1.52799405,1.57014561,1.51745616,1.53501931,1.53501931,106511808,467097792.0,1.353216,1,0.0,0
2014-02-28,sh.600010,1.52448142,1.5455572,1.50340564,1.53501931,1.53501931,59703513,259411763.0,0.758524,1,0.0,0
2014-03-03,sh.600010,1.52799405,1.5455572,1.50691827,1.52096879,1.53501931,57125493,247579504.0,0.725771,1,-0.9153,0
2014-03-04,sh.600010,1.50691827,1.53150668,1.48584249,1.49638038,1.52096879,60930169,261060743.0,0.774108,1,-1.6166,0
2014-03-05,sh.600010,1.50340564,1.52799405,1.48584249,1.50691827,1.49638038,66882000,286855088.0,0.849726,1,0.7042,0
2014-03-06,sh.600010,1.49638038,1.5104309,1.48232986,1.50691827,1.50691827,59554992,253285123.0,0.756637,1,0.0,0
2014-03-07,sh.600010,1.49638038,1.53150668,1.49286775,1.50691827,1.50691827,54221796,232870805.0,0.68888,1,0.0,0
2014-03-10,sh.600010,1.48935512,1.49638038,1.42612778,1.42964041,1.50691827,66119625,276362608.0,0.84004,1,-5.1282,0
2014-03-11,sh.600010,1.42612778,1.45071619,1.40153937,1.41207726,1.42964041,55338091,224542164.0,0.703062,1,-1.2285,0
2014-03-12,sh.600010,1.405052,1.43315304,1.40153937,1.42261515,1.41207726,37449331,150975095.0,0.475788,1,0.7463,0
2014-03-13,sh.600010,1.42261515,1.46476671,1.41910252,1.46125408,1.42261515,70732254,290372320.0,0.898642,1,2.716,0
2014-03-14,sh.600010,1.45071619,1.46827934,1.42964041,1.44369093,1.46125408,41529501,171352512.0,0.527626,1,-1.2019,0
2014-03-17,sh.600010,1.45774145,1.45774145,1.41207726,1.44369093,1.44369093,40827326,166443020.0,0.518705,1,0.0,0
2014-03-18,sh.600010,1.44369093,1.44369093,1.42261515,1.42612778,1.44369093,37437057,152237792.0,0.475632,1,-1.2165,0
2014-03-19,sh.600010,1.42261515,1.42261515,1.405052,1.41558989,1.42612778,47569205,191287426.0,0.604359,1,-0.7389,0
2014-03-20,sh.600010,1.41207726,1.42261515,1.39100148,1.39100148,1.41558989,37145496,148708551.0,0.471928,1,-1.737,0
2014-03-21,sh.600010,1.39100148,1.42964041,1.3699257,1.42261515,1.39100148,47602251,189796435.0,0.604779,1,2.2727,0
2014-03-24,sh.600010,1.42261515,1.45422882,1.41207726,1.43666567,1.42261515,68823834,280899520.0,0.874396,1,0.9877,0
2014-03-25,sh.600010,1.42612778,1.44369093,1.42261515,1.42964041,1.43666567,32934802,134182386.0,0.418432,1,-0.489,0
2014-03-26,sh.600010,1.42964041,1.47179197,1.42964041,1.44720356,1.42964041,62406460,257062105.0,0.792864,1,1.2285,0
2014-03-27,sh.600010,1.4401783,1.45774145,1.42964041,1.43666567,1.44720356,44665539,183461078.0,0.567469,1,-0.7281,0
2014-03-28,sh.600010,1.43666567,1.45774145,1.42612778,1.43666567,1.43666567,33896088,138928227.0,0.430645,1,0.0,0
2014-03-31,sh.600010,1.4401783,1.4401783,1.40153937,1.41207726,1.43666567,34670627,139868269.0,0.440485,1,-1.7115,0
2014-04-01,sh.600010,1.41207726,1.42964041,1.40856463,1.41910252,1.41207726,21911235,88502987.0,0.278379,1,0.4975,0
2014-04-02,sh.600010,1.41910252,1.44369093,1.40856463,1.42612778,1.41910252,38851785,158060361.0,0.493606,1,0.495,0
2014-04-03,sh.600010,1.42964041,1.43666567,1.39802674,1.405052,1.42612778,50166927,201767038.0,0.637363,1,-1.4778,0
2014-04-04,sh.600010,1.405052,1.44369093,1.39802674,1.42964041,1.405052,57013579,231992512.0,0.724349,1,1.75,0
2014-04-08,sh.600010,1.42261515,1.4401783,1.41910252,1.43666567,1.42964041,39961916,162943821.0,0.50771,1,0.4914,0
2014-04-09,sh.600010,1.43666567,1.44720356,1.42964041,1.4401783,1.43666567,36876047,151083414.0,0.468505,1,0.2445,0
2014-04-10,sh.600010,1.4401783,1.45071619,1.42612778,1.44720356,1.4401783,79122363,324320240.0,1.005237,1,0.4878,0
2014-04-11,sh.600010,1.4401783,1.44720356,1.42964041,1.43666567,1.44720356,45053292,184570430.0,0.572395,1,-0.7281,0
2014-04-14,sh.600010,1.42964041,1.43315304,1.41558989,1.42612778,1.43666567,50961948,206556717.0,0.647464,1,-0.7335,0
2014-04-15,sh.600010,1.42261515,1.42261515,1.405052,1.41207726,1.42612778,44359472,178210970.0,0.56358,1,-0.9852,0
2014-04-16,sh.600010,1.41207726,1.41558989,1.40153937,1.41207726,1.41207726,34997786,140085200.0,0.444641,1,0.0,0
2014-04-17,sh.600010,1.41558989,1.41558989,1.39802674,1.40153937,1.41207726,23744224,94963154.0,0.301667,1,-0.7463,0
2014-04-18,sh.600010,1.40153937,1.41207726,1.39451411,1.41207726,1.40153937,28482640,113882493.0,0.361868,1,0.7519,0
2014-04-21,sh.600010,1.405052,1.41207726,1.38046359,1.38046359,1.41207726,24342905,96748813.0,0.309273,1,-2.2388,0
2014-04-22,sh.600010,1.3699257,1.38046359,1.36290044,1.37343833,1.38046359,27164937,106016286.0,0.345126,1,-0.5089,0
2014-04-23,sh.600010,1.37343833,1.38397622,1.36290044,1.3699257,1.37343833,20239870,79010757.0,0.257144,1,-0.2558,0
2014-04-24,sh.600010,1.36641307,1.37343833,1.35587518,1.35587518,1.3699257,20582150,80067209.0,0.261493,1,-1.0256,0
2014-04-25,sh.600010,1.35587518,1.36290044,1.32426151,1.32777414,1.35587518,32516707,124079495.0,0.41312,1,-2.0725,0
2014-04-28,sh.600010,1.3347994,1.34533729,1.28913521,1.2996731,1.32777414,31246327,117221742.0,0.39698,1,-2.1164,0
2014-04-29,sh.600010,1.2996731,1.30318573,1.27859732,1.29264784,1.2996731,30851364,113135087.0,0.391962,1,-0.5405,0
2014-04-30,sh.600010,1.29264784,1.29264784,1.2645468,1.28210995,1.29264784,40237774,145869383.0,0.511215,1,-0.8152,0
2014-05-05,sh.600010,1.27157206,1.28210995,1.26805943,1.27859732,1.28210995,31954154,116025297.0,0.405973,1,-0.274,0
2014-05-06,sh.600010,1.28562258,1.405052,1.28210995,1.3699257,1.27859732,262332926,1026813184.0,3.3329,1,7.1429,0
2014-05-07,sh.600010,1.3347994,1.34533729,1.29264784,1.30669836,1.3699257,116846348,439631760.0,1.484515,1,-4.6154,0
2014-05-08,sh.600010,1.30669836,1.32074888,1.28913521,1.29616047,1.30669836,53314004,197472751.0,0.677346,1,-0.8065,0
2014-05-09,sh.600010,1.29264784,1.32074888,1.28913521,1.30318573,1.29616047,48953536,182044369.0,0.621947,1,0.542,0
2014-05-12,sh.600010,1.31021099,1.39802674,1.2996731,1.3699257,1.30318573,132542859,511909728.0,1.683937,1,5.1213,0
2014-05-13,sh.600010,1.35587518,1.36290044,1.3347994,1.33831203,1.3699257,68528611,262674972.0,0.870645,1,-2.3077,0
2014-05-14,sh.600010,1.34533729,1.3699257,1.3347994,1.35587518,1.33831203,50788698,195871123.0,0.645263,1,1.3123,0
2014-05-15,sh.600010,1.34182466,1.35236255,1.32074888,1.34533729,1.35587518,47025750,179207010.0,0.597455,1,-0.7772,0
2014-05-16,sh.600010,1.33477357,1.34533906,1.31364259,1.31716442,1.34533906,31147905,117365922.0,0.395729,1,-2.0942,0
2014-05-19,sh.600010,1.31364259,1.31716442,1.29955527,1.30659893,1.31716442,21212565,78708879.0,0.269502,1,-0.8021,0
2014-05-20,sh.600010,1.31716442,1.32068625,1.29251161,1.29955527,1.30659893,18028793,66782612.0,0.229053,1,-0.5391,0
2014-05-21,sh.600010,1.29603344,1.33125174,1.28546795,1.32068625,1.29955527,32460691,120626911.0,0.412408,1,1.626,0
2014-05-22,sh.600010,1.31364259,1.33125174,1.29955527,1.3030771,1.32068625,33634612,125250584.0,0.427323,1,-1.3333,0
2014-05-23,sh.600010,1.29955527,1.31012076,1.29603344,1.3030771,1.3030771,20451378,75581095.0,0.259832,1,0.0,0
2014-05-26,sh.600010,1.31364259,1.31716442,1.3030771,1.31716442,1.3030771,28767871,106984362.0,0.365491,1,1.0811,0
2014-05-27,sh.600010,1.31364259,1.31716442,1.3030771,1.30659893,1.31716442,17604063,65342440.0,0.223657,1,-0.8021,0
2014-05-28,sh.600010,1.30659893,1.31364259,1.29603344,1.31012076,1.30659893,36530338,135336021.0,0.464112,1,0.2695,0
2014-05-29,sh.600010,1.31012076,1.31364259,1.28898978,1.29251161,1.31012076,24193990,89293728.0,0.307381,1,-1.3441,0
2014-05-30,sh.600010,1.29251161,1.31012076,1.28898978,1.3030771,1.29251161,26046281,96110757.0,0.330914,1,0.8174,0
2014-06-03,sh.600010,1.29955527,1.31012076,1.29603344,1.29955527,1.3030771,14993495,55449428.0,0.19049,1,-0.2703,0
2014-06-04,sh.600010,1.3030771,1.3030771,1.28546795,1.28898978,1.29955527,17030354,62358911.0,0.216368,1,-0.813,0
2014-06-05,sh.600010,1.29251161,1.31716442,1.28898978,1.30659893,1.28898978,32321115,119841040.0,0.410635,1,1.3661,0
2014-06-06,sh.600010,1.3030771,1.30659893,1.28194612,1.29251161,1.30659893,30917257,113376688.0,0.392799,1,-1.0782,0
2014-06-09,sh.600010,1.29251161,1.31364259,1.28898978,1.29603344,1.29251161,25755768,95187828.0,0.327223,1,0.2725,0
2014-06-10,sh.600010,1.29251161,1.3030771,1.27842429,1.29603344,1.29603344,34635140,126813568.0,0.440034,1,0.0,0
2014-06-11,sh.600010,1.29251161,1.30659893,1.28194612,1.29955527,1.29603344,28195723,103677920.0,0.358222,1,0.2717,0
2014-06-12,sh.600010,1.29251161,1.31012076,1.28546795,1.3030771,1.29955527,48736249,179486923.0,0.619187,1,0.271,0
2014-06-13,sh.600010,1.29603344,1.31012076,1.29251161,1.30659893,1.3030771,43311397,160015383.0,0.550265,1,0.2703,0
2014-06-16,sh.600010,1.3030771,1.30659893,1.29251161,1.29955527,1.30659893,35068625,129353094.0,0.445541,1,-0.5391,0
2014-06-17,sh.600010,1.29603344,1.29955527,1.28546795,1.28898978,1.29955527,38691663,141799112.0,0.491572,1,-0.813,0
2014-06-18,sh.600010,1.28546795,1.29603344,1.27490246,1.28546795,1.28898978,46664974,170143377.0,0.592871,1,-0.2732,0
2014-06-19,sh.600010,1.27842429,1.28546795,1.22911867,1.23616233,1.28546795,61978544,222122693.0,0.787428,1,-3.8356,0
2014-06-20,sh.600010,1.2326405,1.26433697,1.22207501,1.22559684,1.23616233,49074186,171812776.0,0.62348,1,-0.8547,0
2014-06-23,sh.600010,1.22911867,1.23616233,1.1974222,1.22911867,1.22559684,37161288,128798131.0,0.472128,1,0.2874,0
2014-06-24,sh.600010,1.22911867,1.27138063,1.22207501,1.26433697,1.22911867,59584409,212062109.0,0.757011,1,2.8653,0
2014-06-25,sh.600010,1.25024965,1.25377148,1.2326405,1.24320599,1.26433697,34363692,120992595.0,0.436585,1,-1.6713,0
2014-06-26,sh.600010,1.24320599,1.25729331,1.23616233,1.24320599,1.24320599,27080055,95879289.0,0.344048,1,0.0,0
2014-06-27,sh.600010,1.23968416,1.29603344,1.23616233,1.27490246,1.24320599,79863089,289072752.0,1.014648,1,2.5496,0
2014-06-30,sh.600010,1.2678588,1.28898978,1.26433697,1.27490246,1.27490246,40972497,148669044.0,0.520549,1,0.0,0
2014-07-01,sh.600010,1.27490246,1.28546795,1.26433697,1.2678588,1.27490246,34936476,126156397.0,0.443863,1,-0.5525,0
2014-07-02,sh.600010,1.2678588,1.27138063,1.26081514,1.2678588,1.2678588,34562573,124111013.0,0.439112,1,0.0,0
2014-07-03,sh.600010,1.2678588,1.27490246,1.25729331,1.26433697,1.2678588,41594105,149513361.0,0.528447,1,-0.2778,0
2014-07-04,sh.600010,1.27138063,1.27842429,1.25377148,1.26433697,1.26433697,45303823,162833654.0,0.575578,1,0.0,0
2014-07-07,sh.600010,1.26081514,1.26433697,1.24672782,1.25024965,1.26433697,29634385,105497991.0,0.3765,1,-1.1142,0
2014-07-08,sh.600010,1.25377148,1.25377148,1.2326405,1.24320599,1.25024965,21580422,76135373.0,0.274176,1,-0.5634,0
2014-07-09,sh.600010,1.24320599,1.27138063,1.23616233,1.24672782,1.24320599,49077635,174922410.0,0.623524,1,0.2833,0
2014-07-10,sh.600010,1.23968416,1.26433697,1.23616233,1.24672782,1.24672782,45696791,162240728.0,0.580571,1,0.0,0
2014-07-11,sh.600010,1.25377148,1.2678588,1.24672782,1.26081514,1.24672782,42903315,153219637.0,0.54508,1,1.1299,0
2014-07-14,sh.600010,1.26433697,1.27138063,1.25024965,1.2678588,1.26081514,46845751,167913061.0,0.595168,1,0.5587,0
2014-07-15,sh.600010,1.2678588,1.39464468,1.26081514,1.33125174,1.2678588,217497712,829606384.0,2.763275,1,5.0,0
2014-07-16,sh.600010,1.29955527,1.33477357,1.28898978,1.31012076,1.33125174,112696350,419032512.0,1.43179,1,-1.5873,0
2014-07-17,sh.600010,1.30659893,1.30659893,1.28898978,1.29603344,1.31012076,57995731,213466308.0,0.736827,1,-1.0753,0
2014-07-18,sh.600010,1.29251161,1.3030771,1.28898978,1.28898978,1.29603344,36748291,135120421.0,0.466881,1,-0.5435,0
2014-07-21,sh.600010,1.29251161,1.31012076,1.28898978,1.29955527,1.28898978,44872052,165576966.0,0.570093,1,0.8197,0
2014-07-22,sh.600010,1.29603344,1.33125174,1.29251161,1.31716442,1.29955527,75562125,282010400.0,0.960005,1,1.355,0
2014-07-23,sh.600010,1.31012076,1.35238272,1.31012076,1.33125174,1.31716442,92260168,349123952.0,1.172151,1,1.0695,0
2014-07-24,sh.600010,1.32420808,1.36999187,1.32420808,1.35590455,1.33125174,105528958,403936928.0,1.340729,1,1.8519,0
2014-07-25,sh.600010,1.35238272,1.41225383,1.35238272,1.38055736,1.35590455,190924107,753571168.0,2.425661,1,1.8182,0
2014-07-28,sh.600010,1.37703553,1.42634115,1.3735137,1.40168834,1.38055736,154964475,616541440.0,1.9688,1,1.5306,0
2014-07-29,sh.600010,1.39464468,1.408732,1.36647004,1.38407919,1.40168834,116848650,458237072.0,1.484544,1,-1.2563,0
2014-07-30,sh.600010,1.37703553,1.39464468,1.36647004,1.38055736,1.38407919,74593178,292280128.0,0.947695,1,-0.2545,0
2014-07-31,sh.600010,1.37703553,1.408732,1.3735137,1.40168834,1.38055736,103212073,408748272.0,1.311294,1,1.5306,0
2014-08-01,sh.600010,1.39816651,1.49677775,1.39464468,1.44747213,1.40168834,234447928,969782896.0,2.978625,1,3.2663,0
2014-08-04,sh.600010,1.46155945,1.5143869,1.45099396,1.50029958,1.44747213,178399935,748179296.0,2.266544,1,3.6496,0
2014-08-05,sh.600010,1.5143869,1.56721435,1.47564677,1.50734324,1.50029958,167102814,721055648.0,2.123016,1,0.4695,0
2014-08-06,sh.600010,1.49677775,1.6552601,1.47564677,1.61651997,1.50734324,274844096,1230668800.0,3.491852,1,7.243,0
2014-08-07,sh.600010,1.73978402,1.77852415,1.69400023,1.77852415,1.61651997,596896080,2981781936.0,7.583473,1,10.0218,0
2014-08-08,sh.600010,1.7256967,1.75034951,1.68695657,1.71865304,1.77852415,383774640,1869967968.0,4.875798,1,-3.3663,0
2014-08-11,sh.600010,1.71865304,1.74330585,1.68343474,1.72217487,1.71865304,273558576,1335003984.0,3.47552,1,0.2049,0
2014-08-12,sh.600010,1.72921853,1.81726428,1.71513121,1.74682768,1.72217487,306816528,1536771904.0,3.898057,1,1.4315,0
2014-08-13,sh.600010,1.72921853,1.86304807,1.69400023,1.85248258,1.74682768,370613792,1864876400.0,4.708591,1,6.0484,0
2014-08-14,sh.600010,1.8313516,1.88065722,1.76443683,1.77852415,1.85248258,324962016,1689512480.0,4.128593,1,-3.9924,0
2014-08-15,sh.600010,1.7961333,1.86304807,1.76795866,1.80317696,1.77852415,234028070,1207360016.0,2.973291,1,1.3861,0
2014-08-18,sh.600010,1.81726428,1.85600441,1.78908964,1.83839526,1.80317696,208857231,1082183280.0,2.653499,1,1.9531,0
2014-08-19,sh.600010,1.82430794,1.85952624,1.80669879,1.84896075,1.83839526,195029715,1013688496.0,2.477823,1,0.5747,0
2014-08-20,sh.600010,1.83487343,1.85248258,1.78908964,1.83487343,1.84896075,206117043,1068608160.0,2.618685,1,-0.7619,0
2014-08-21,sh.600010,1.83839526,1.85600441,1.78204598,1.7961333,1.83487343,271206720,1399876448.0,3.44564,1,-2.1113,0
2014-08-22,sh.600010,1.78204598,1.81374245,1.71513121,1.81022062,1.7961333,276696544,1391750928.0,3.515387,1,0.7843,0
2014-08-25,sh.600010,1.77852415,1.81022062,1.74330585,1.74330585,1.81022062,292533456,1474710448.0,3.716593,1,-3.6965,0
2014-08-26,sh.600010,1.75034951,1.76795866,1.7256967,1.75387134,1.74330585,191153262,952296352.0,2.428573,1,0.6061,0
2014-08-27,sh.600010,1.760915,1.76443683,1.73626219,1.760915,1.75387134,111016393,553308272.0,1.410446,1,0.4016,0
2014-08-28,sh.600010,1.73978402,1.75387134,1.70456572,1.72921853,1.760915,109904601,538795744.0,1.396321,1,-1.8,0
2014-08-29,sh.600010,1.71865304,1.73626219,1.67991291,1.6904784,1.72921853,223590814,1084339328.0,2.840687,1,-2.2403,0
2014-09-01,sh.600010,1.67991291,1.70808755,1.66934742,1.6904784,1.6904784,110886009,531817504.0,1.40879,1,0.0,0
2014-09-02,sh.600010,1.70808755,1.74330585,1.68695657,1.73626219,1.6904784,153908994,749170592.0,1.95539,1,2.7083,0
2014-09-03,sh.600010,1.73978402,1.760915,1.72217487,1.75739317,1.73626219,155463766,768373824.0,1.975143,1,1.217,0
2014-09-04,sh.600010,1.75387134,1.77852415,1.73978402,1.76795866,1.75739317,121677526,607728064.0,1.545894,1,0.6012,0
2014-09-05,sh.600010,1.76795866,1.78908964,1.75739317,1.77852415,1.76795866,150766249,758109152.0,1.915462,1,0.5976,0
2014-09-09,sh.600010,1.76795866,1.82430794,1.76795866,1.79261147,1.77852415,192783322,984711744.0,2.449283,1,0.7921,0
2014-09-10,sh.600010,1.78908964,1.81374245,1.77852415,1.78908964,1.79261147,154434926,787182304.0,1.962072,1,-0.1965,0
2014-09-11,sh.600010,1.78908964,1.79965513,1.75034951,1.760915,1.78908964,146465916,738030928.0,1.860827,1,-1.5748,0
2014-09-12,sh.600010,1.75387134,1.81374245,1.74330585,1.81022062,1.760915,210183113,1068754640.0,2.670344,1,2.8,0
2014-09-15,sh.600010,1.79965513,1.95109382,1.78908964,1.91235369,1.81022062,330790416,1759257408.0,4.202641,1,5.642,0
2014-09-16,sh.600010,1.89826637,1.9722248,1.87361356,1.87713539,1.91235369,286167808,1563205488.0,3.635718,1,-1.8416,0
2014-09-17,sh.600010,1.88770088,1.94757199,1.87009173,1.92291918,1.87713539,156328106,849014544.0,1.986125,1,2.439,0
2014-09-18,sh.600010,1.92291918,1.9370065,1.81726428,1.8313516,1.92291918,220877733,1170646768.0,2.806218,1,-4.7619,0
2014-09-19,sh.600010,1.83839526,1.85600441,1.79261147,1.82078611,1.8313516,134203411,693521568.0,1.705034,1,-0.5769,0
2014-09-22,sh.600010,1.7961333,1.82782977,1.78908964,1.80317696,1.82078611,94332625,483728112.0,1.198482,1,-0.9671,0
2014-09-23,sh.600010,1.85952624,1.88065722,1.81022062,1.8313516,1.80317696,137241036,715389056.0,1.743626,1,1.5625,0
2014-09-24,sh.600010,1.82782977,2.01448676,1.81374245,1.95461565,1.8313516,356985888,1966169248.0,4.535451,1,6.7308,0
2014-09-25,sh.600010,1.96518114,2.06027055,1.94757199,1.98279029,1.95461565,278738848,1580813216.0,3.541334,1,1.4414,0
2014-09-26,sh.600010,1.99335578,2.02153042,1.95109382,2.00392127,1.98279029,254032191,1436068912.0,3.22744,1,1.0657,0
2014-09-29,sh.600010,2.03214528,2.05331346,1.99686498,2.03214528,2.00392104,381998832,1094514272.0,2.426618,1,1.4085,0
2014-09-30,sh.600010,1.98980892,1.99686498,1.9404165,1.96864074,2.03214528,438030752,1222888928.0,2.782557,1,-3.125,0
2014-10-08,sh.600010,1.98275286,2.0109771,1.95452862,1.99686498,1.96864074,320707504,900907248.0,2.03727,1,1.4337,0
2014-10-09,sh.600010,1.98980892,2.0815377,1.96864074,2.06742558,1.99686498,606469136,1738167008.0,3.852549,1,3.5336,0
2014-10-10,sh.600010,2.0462574,2.05331346,1.99686498,2.03214528,2.06742558,399505360,1148305712.0,2.537827,1,-1.7065,0
2014-10-13,sh.600010,2.03214528,2.05331346,2.00392104,2.02508922,2.03214528,274038464,786093712.0,1.740808,1,-0.3472,0
2014-10-14,sh.600010,2.03214528,2.0462574,1.99686498,2.01803316,2.02508922,288221712,826725616.0,1.830906,1,-0.3484,0
2014-10-15,sh.600010,2.0109771,2.06036952,1.9756968,2.03214528,2.01803316,383833024,1097851808.0,2.43827,1,0.6993,0
2014-10-16,sh.600010,1.99686498,2.03214528,1.96864074,1.96864074,2.03214528,355512976,1007327488.0,2.258369,1,-3.125,0
2014-10-17,sh.600010,1.96158468,1.99686498,1.9404165,1.9756968,1.96864074,282688528,786359872.0,1.795757,1,0.3584,0
2014-10-20,sh.600010,1.9756968,1.98980892,1.94747256,1.96864074,1.9756968,205614149,572813408.0,1.306148,1,-0.3571,0
2014-10-21,sh.600010,1.96158468,1.96864074,1.9051362,1.91219226,1.96864074,268017727,736230864.0,1.702562,1,-2.8674,0
2014-10-22,sh.600010,1.91219226,1.92630438,1.8345756,1.84868772,1.91219226,278165456,737501264.0,1.767025,1,-3.321,0
2014-10-23,sh.600010,1.8345756,1.8345756,1.77812712,1.79223924,1.84868772,221886555,567865584.0,1.409517,1,-3.0534,0
2014-10-24,sh.600010,1.79223924,1.84868772,1.79223924,1.82046348,1.79223924,178608926,462194672.0,1.134599,1,1.5748,0
2014-10-27,sh.600010,1.80635136,1.81340742,1.78518318,1.80635136,1.82046348,102829040,261931036.0,0.653214,1,-0.7752,0
2014-10-28,sh.600010,1.80635136,1.8698559,1.7992953,1.86279984,1.80635136,189453533,494836176.0,1.203489,1,3.125,0
2014-10-29,sh.600010,1.85574378,1.93336044,1.84163166,1.91924832,1.86279984,309942080,831652336.0,1.968883,1,3.0303,0
2014-10-30,sh.600010,1.89808014,1.96158468,1.89102408,1.95452862,1.91924832,388072128,1066943808.0,2.465198,1,1.8382,0
2014-10-31,sh.600010,1.95452862,2.03214528,1.95452862,1.98275286,1.95452862,539406816,1524439216.0,3.42654,1,1.444,0
2014-11-03,sh.600010,1.98980892,2.01803316,1.95452862,2.00392104,1.98275286,464785584,1315413008.0,2.952515,1,1.0676,0
2014-11-04,sh.600010,1.98980892,2.00392104,1.96158468,1.9756968,2.00392104,343086288,961719536.0,2.179429,1,-1.4084,0
2014-11-05,sh.600010,1.96864074,2.00392104,1.9404165,1.95452862,1.9756968,302335504,844881040.0,1.920563,1,-1.0714,0
2014-11-06,sh.600010,1.96158468,1.96158468,1.89808014,1.93336044,1.95452862,268937472,733567728.0,1.708405,1,-1.083,0
2014-11-07,sh.600010,1.92630438,1.93336044,1.89102408,1.9051362,1.93336044,204964484,556102688.0,1.302021,1,-1.4599,0
2014-11-10,sh.600010,1.9051362,1.98980892,1.89808014,1.98980892,1.9051362,394885536,1096319968.0,2.50848,1,4.4444,0
2014-11-11,sh.600010,1.98980892,2.01803316,1.91219226,1.9404165,1.98980892,356886032,993139104.0,2.267091,1,-2.4823,0
2014-11-12,sh.600010,1.93336044,1.98275286,1.91219226,1.9756968,1.9404165,220140665,609016048.0,1.398427,1,1.8182,0
2014-11-13,sh.600010,1.9756968,2.17326648,1.92630438,2.17326648,1.9756968,987669280,2924814224.0,6.274093,1,10.0,0
2014-11-14,sh.600010,2.17326648,2.2932195,2.14504224,2.16621042,2.17326648,1216549648,3804880240.0,7.728038,1,-0.3247,0
2014-11-17,sh.600010,2.18032254,2.18032254,2.06036952,2.06742558,2.16621042,574985264,1706053136.0,3.65255,1,-4.5603,0
2014-11-18,sh.600010,2.05331346,2.10270588,2.01803316,2.0815377,2.06742558,423865664,1239968864.0,2.692574,1,0.6826,0
2014-11-19,sh.600010,2.06036952,2.15915436,2.0462574,2.10976194,2.0815377,379243984,1128769712.0,2.409118,1,1.3559,0
2014-11-20,sh.600010,2.08859376,2.14504224,2.06742558,2.0815377,2.10976194,296137728,880653936.0,1.881192,1,-1.3378,0
2014-11-21,sh.600010,2.07448164,2.10976194,2.06036952,2.10270588,2.0815377,274014784,809416176.0,1.740658,1,1.0169,0
2014-11-24,sh.600010,2.13093012,2.2226589,2.09564982,2.17326648,2.10270588,600542160,1837077056.0,3.814898,1,3.3557,0
2014-11-25,sh.600010,2.16621042,2.22971496,2.14504224,2.1873786,2.17326648,511428016,1588481392.0,3.248807,1,0.6494,0
2014-11-26,sh.600010,2.18032254,2.19443466,2.13798618,2.17326648,2.1873786,421630688,1291000464.0,2.678377,1,-0.6452,0
2014-11-27,sh.600010,2.17326648,2.25088314,2.13798618,2.20854678,2.17326648,534904224,1661306000.0,3.397938,1,1.6234,0
2014-11-28,sh.600010,2.2226589,2.2579392,2.17326648,2.22971496,2.20854678,587602368,1842051472.0,3.732699,1,0.9585,0
2014-12-01,sh.600010,2.21560284,2.33555586,2.20854678,2.30027556,2.22971496,791421968,2540766032.0,5.027447,1,3.1646,0
2014-12-02,sh.600010,2.28616344,2.35672404,2.27205132,2.32144374,2.30027556,564684784,1851945376.0,3.587117,1,0.9202,0
2014-12-03,sh.600010,2.32144374,2.55429372,2.30733162,2.47667706,2.32144374,1188165440,4144587344.0,7.54773,1,6.6869,0
2014-12-04,sh.600010,2.49784524,2.66719068,2.46256494,2.63896644,2.47667706,1014170464,3661627872.0,6.44244,1,6.5527,0
2014-12-05,sh.600010,2.62485432,2.73069522,2.46256494,2.53312554,2.63896644,974591056,3555984992.0,6.191015,1,-4.0107,0
2014-12-08,sh.600010,2.51195736,2.7871437,2.42022858,2.7871437,2.53312554,1141111488,4305300736.0,7.248823,1,10.0279,0
2014-12-09,sh.600010,2.80125582,3.0693861,2.6813028,2.73775128,2.7871437,1414379280,5804557824.0,8.984736,1,-1.7722,0
2014-12-10,sh.600010,2.7518634,3.01293762,2.61779826,2.9635452,2.73775128,1009046752,4060672064.0,6.409892,1,8.2474,0
2014-12-11,sh.600010,2.95648914,3.175227,2.90004066,3.1399467,2.9635452,1102226096,4747116032.0,7.001807,1,5.9524,0
2014-12-12,sh.600010,3.16111488,3.19639518,3.04116186,3.0693861,3.1399467,691485088,3028491600.0,4.392606,1,-2.2472,0
2014-12-15,sh.600010,3.0341058,3.06233004,2.90004066,2.97060126,3.0693861,705705824,2967715280.0,4.482942,1,-3.2184,0
2014-12-16,sh.600010,2.94943308,3.09761034,2.9282649,3.0341058,2.97060126,601470128,2562236432.0,3.820793,1,2.1378,0
2014-12-17,sh.600010,3.00588156,3.0341058,2.90709672,2.9635452,3.0341058,472834656,1990937088.0,3.003646,1,-2.3256,0
2014-12-18,sh.600010,2.97765732,3.20345124,2.94943308,3.1046664,2.9635452,909706016,3996069200.0,5.778838,1,4.7619,0
2014-12-19,sh.600010,3.08349822,3.2457876,3.04116186,3.20345124,3.1046664,807420832,3617811952.0,5.129079,1,3.1818,0
2014-12-22,sh.600010,3.23167548,3.40807698,3.09055428,3.11172246,3.20345124,797903696,3645832480.0,5.068622,1,-2.8634,0
2014-12-23,sh.600010,3.06233004,3.09761034,2.83653612,2.9282649,3.11172246,511883472,2160652320.0,3.2517,1,-5.8957,0
2014-12-24,sh.600010,2.9282649,2.98471338,2.7871437,2.8577043,2.9282649,485138992,1967003776.0,3.081808,1,-2.4096,0
2014-12-25,sh.600010,2.84359218,2.9635452,2.84359218,2.9635452,2.8577043,340793584,1407163472.0,2.164865,1,3.7037,0
2014-12-26,sh.600010,3.0341058,3.08349822,2.9635452,3.00588156,2.9635452,442378256,1888919568.0,2.810174,1,1.4286,0
2014-12-29,sh.600010,2.9988255,3.0693861,2.9282649,2.9635452,3.00588156,452169264,1926089744.0,2.872371,1,-1.4085,0
2014-12-30,sh.600010,2.94943308,2.9635452,2.822424,2.8577043,2.9635452,434186448,1764381936.0,2.758136,1,-3.5714,0
2014-12-31,sh.600010,2.86476036,2.8929846,2.85064824,2.87887248,2.8577043,276183952,1124220064.0,1.754437,1,0.7407,0
2015-01-05,sh.600010,2.88592854,3.06233004,2.85064824,3.05527398,2.87887248,630493200,2671583552.0,4.00516,1,6.1275,0
2015-01-06,sh.600010,3.0341058,3.04821792,2.90709672,2.97765732,3.05527398,378271408,1598859072.0,2.40294,1,-2.5404,0
2015-01-07,sh.600010,2.9635452,3.09761034,2.93532096,3.02704974,2.97765732,421052240,1810982928.0,2.674702,1,1.6588,0
2015-01-08,sh.600010,3.02704974,3.05527398,2.94943308,2.97765732,3.02704974,286052800,1209181008.0,1.817128,1,-1.6317,0
2015-01-09,sh.600010,2.9635452,3.01999368,2.92120884,2.94943308,2.97765732,315758912,1329508464.0,2.005834,1,-0.9479,0
2015-01-12,sh.600010,2.9282649,2.9988255,2.91415278,2.94237702,2.94943308,254052074,1064213184.0,1.613846,1,-0.2392,0
2015-01-13,sh.600010,2.93532096,2.9635452,2.8929846,2.91415278,2.94237702,192847098,799099168.0,1.225046,1,-0.9592,0
2015-01-14,sh.600010,2.90709672,2.90709672,2.79419976,2.82948006,2.91415278,289213568,1167702288.0,1.837207,1,-2.9056,0
2015-01-15,sh.600010,2.85064824,2.91415278,2.822424,2.91415278,2.82948006,212967673,863461968.0,1.352861,1,2.9925,0
2015-01-16,sh.600010,2.9282649,3.02704974,2.90709672,3.01293762,2.91415278,394081040,1662371920.0,2.50337,1,3.3898,0
2015-01-19,sh.600010,2.86476036,2.97060126,2.70952704,2.74480734,3.01293762,458245648,1846179104.0,2.91097,1,-8.8993,0
2015-01-20,sh.600010,2.78008764,2.87887248,2.78008764,2.85064824,2.74480734,260865298,1049516672.0,1.657127,1,3.856,0
2015-01-21,sh.600010,2.86476036,2.94237702,2.8577043,2.93532096,2.85064824,297738752,1225430784.0,1.891363,1,2.9703,0
2015-01-22,sh.600010,2.93532096,3.19639518,2.91415278,3.11172246,2.93532096,650032384,2850181696.0,4.129281,1,6.0096,0
2015-01-23,sh.600010,3.2105073,3.40102092,3.18228306,3.25989972,3.11172246,823649392,3803941184.0,5.23217,1,4.7619,0
2015-01-26,sh.600010,3.3163482,3.58447848,3.26695578,3.58447848,3.25989972,1109592832,5505352448.0,7.048603,1,9.9567,0
2015-01-27,sh.600010,3.66209514,3.69737544,3.47158152,3.57742242,3.58447848,999605184,5063195904.0,6.349915,1,-0.1968,0
2015-01-28,sh.600010,3.52097394,3.65503908,3.4574694,3.58447848,3.57742242,579024864,2933598864.0,3.678211,1,0.1972,0
2015-01-29,sh.600010,3.59153454,3.64798302,3.49980576,3.54919818,3.58447848,469044032,2373588448.0,2.979566,1,-0.9842,0
2015-01-30,sh.600010,3.55625424,3.61270272,3.51391788,3.52803,3.54919818,382721024,1926336400.0,2.431206,1,-0.5964,0
2015-02-02,sh.600010,3.45041334,3.85966482,3.42924516,3.76087998,3.52803,778374624,4059310176.0,4.944565,1,6.6,0
2015-02-03,sh.600010,3.75382392,3.8455527,3.7044315,3.74676786,3.76087998,400091120,2134483760.0,2.541548,1,-0.3752,0
2015-02-04,sh.600010,3.76793604,3.9161133,3.75382392,3.76087998,3.74676786,485601632,2633744720.0,3.084747,1,0.3766,0
2015-02-05,sh.600010,3.78910422,3.81732846,3.4574694,3.51391788,3.76087998,521587056,2712807648.0,3.313342,1,-6.5666,0
2015-02-06,sh.600010,3.48569364,3.55625424,3.23873154,3.34457244,3.51391788,614978560,2910769664.0,3.906604,1,-4.8193,0
2015-02-09,sh.600010,3.3163482,3.37985274,3.25284366,3.33046032,3.34457244,275520080,1296077552.0,1.75022,1,-0.4219,0
2015-02-10,sh.600010,3.32340426,3.45041334,3.30929214,3.41513304,3.33046032,243654379,1172203280.0,1.547796,1,2.5424,0
2015-02-11,sh.600010,3.4221891,3.55625424,3.40807698,3.54214212,3.41513304,276425568,1374077568.0,1.755972,1,3.719,0
2015-02-12,sh.600010,3.53508606,3.53508606,3.36574062,3.43630122,3.54214212,299828768,1466243328.0,1.904639,1,-2.988,0
2015-02-13,sh.600010,3.43630122,3.52803,3.43630122,3.45041334,3.43630122,277977872,1373040496.0,1.765833,1,0.4107,0
2015-02-16,sh.600010,3.47158152,3.49980576,3.36574062,3.4574694,3.45041334,273848672,1332870480.0,1.739603,1,0.2045,0
2015-02-17,sh.600010,3.46452546,3.48569364,3.42924516,3.45041334,3.4574694,191658501,938946464.0,1.217496,1,-0.2041,0
2015-02-25,sh.600010,3.4574694,3.4927497,3.41513304,3.4574694,3.45041334,175581797,858587376.0,1.11537,1,0.2045,0
2015-02-26,sh.600010,3.46452546,3.60564666,3.4221891,3.59153454,3.4574694,340706176,1702648112.0,2.16431,1,3.8776,0
2015-02-27,sh.600010,3.59153454,3.69737544,3.5633103,3.62681484,3.59153454,376790704,1945163952.0,2.393534,1,0.9823,0
2015-03-02,sh.600010,3.6691512,3.75382392,3.62681484,3.67620726,3.62681484,372693632,1945481872.0,2.367508,1,1.3619,0
2015-03-03,sh.600010,3.6691512,3.6691512,3.53508606,3.57036636,3.67620726,350732960,1789820912.0,2.228004,1,-2.8791,0
2015-03-04,sh.600010,3.57036636,3.59153454,3.49980576,3.55625424,3.57036636,220343852,1107396512.0,1.399717,1,-0.3953,0
2015-03-05,sh.600010,3.52803,3.52803,3.46452546,3.48569364,3.55625424,231524516,1141979648.0,1.470742,1,-1.9841,0
2015-03-06,sh.600010,3.47863758,3.73265574,3.44335728,3.64092696,3.48569364,519731504,2666054944.0,3.301554,1,4.4534,0
2015-03-09,sh.600010,3.61270272,3.65503908,3.53508606,3.6338709,3.64092696,251961668,1287489568.0,1.600567,1,-0.1938,0
2015-03-10,sh.600010,3.65503908,3.78204816,3.6338709,3.66209514,3.6338709,273585232,1430501184.0,1.737929,1,0.7767,0
2015-03-11,sh.600010,3.69031938,3.72559968,3.60564666,3.65503908,3.66209514,215406724,1116657808.0,1.368355,1,-0.1927,0
2015-03-12,sh.600010,3.6691512,3.76793604,3.62681484,3.74676786,3.65503908,365124192,1917532384.0,2.319423,1,2.5097,0
2015-03-13,sh.600010,3.78204816,4.12073904,3.74676786,4.10662692,3.74676786,688623872,3804807792.0,4.37443,1,9.6045,0
2015-03-16,sh.600010,4.17718752,4.34653296,4.0219542,4.25480418,4.10662692,658167472,3908857760.0,4.180958,1,3.6082,0
2015-03-17,sh.600010,4.26186024,4.34653296,4.18424358,4.22657994,4.25480418,519275440,3134780544.0,3.298657,1,-0.6634,0
2015-03-18,sh.600010,4.21952388,4.47354204,4.1983557,4.3394769,4.22657994,542628944,3341837328.0,3.447009,1,2.6711,0
2015-03-19,sh.600010,4.3394769,4.4453178,4.24774812,4.41709356,4.3394769,536001440,3301132656.0,3.404908,1,1.7886,0
2015-03-20,sh.600010,4.41709356,4.52293446,4.3041966,4.35358902,4.41709356,486166416,3022917888.0,3.088335,1,-1.4377,0
2015-03-23,sh.600010,4.29714054,4.40298144,4.233636,4.3394769,4.35358902,499853456,3055819600.0,3.175281,1,-0.3241,0
2015-03-24,sh.600010,4.36064508,4.55821476,4.29008448,4.42414962,4.3394769,715178704,4467332096.0,4.543118,1,1.9512,0
2015-03-25,sh.600010,4.3747572,4.41709356,4.28302842,4.31125266,4.42414962,413327088,2536514480.0,2.625629,1,-2.5518,0
2015-03-26,sh.600010,4.29714054,4.42414962,4.17718752,4.3747572,4.31125266,482610224,2958612208.0,3.065744,1,1.473,0
2015-03-27,sh.600010,4.36064508,4.52999052,4.3394769,4.43826174,4.3747572,476898960,2999892176.0,3.029464,1,1.4516,0
2015-03-30,sh.600010,4.6569996,4.70639202,4.25480418,4.32536478,4.43826174,1042959776,6530056192.0,6.625322,1,-2.5437,0
2015-03-31,sh.600010,4.27597236,4.28302842,4.14896328,4.17718752,4.32536478,781779344,4662593024.0,4.966193,1,-3.4258,0
2015-04-01,sh.600010,4.15601934,4.27597236,4.13485116,4.21246782,4.17718752,512277584,3048800224.0,3.254204,1,0.8446,0
2015-04-02,sh.600010,4.22657994,4.24774812,4.12073904,4.1630754,4.21246782,465933408,2756610384.0,2.959806,1,-1.1725,0
2015-04-03,sh.600010,4.14190722,4.233636,4.10662692,4.21246782,4.1630754,456712384,2708545024.0,2.90123,1,1.1864,0
2015-04-07,sh.600010,4.1983557,4.27597236,4.18424358,4.24069206,4.21246782,557928512,3346736976.0,3.544198,1,0.67,0
2015-04-08,sh.600010,4.25480418,4.29714054,4.1630754,4.28302842,4.24069206,656535920,3948546672.0,4.170594,1,0.9983,0
2015-04-09,sh.600010,4.32536478,4.36064508,4.17013146,4.24069206,4.28302842,534139472,3214454016.0,3.39308,1,-0.9885,0
2015-04-10,sh.600010,4.24069206,4.29714054,4.19129964,4.26186024,4.24069206,484329328,2920539152.0,3.076665,1,0.4992,0
2015-04-13,sh.600010,4.29714054,4.31830872,4.233636,4.3041966,4.26186024,602913536,3655137136.0,3.829962,1,0.9934,0
2015-04-14,sh.600010,4.31830872,4.72050414,4.2689163,4.57938294,4.3041966,1027919472,6513583616.0,6.52978,1,6.3934,0
2015-04-15,sh.600010,4.52999052,4.54410264,4.31125266,4.31830872,4.57938294,568901184,3559173568.0,3.613901,1,-5.7011,0
2015-04-16,sh.600010,4.3041966,4.34653296,4.19129964,4.3041966,4.31830872,442760592,2683666032.0,2.812603,1,-0.3268,0
2015-04-17,sh.600010,4.33242084,4.5511587,4.31125266,4.43120568,4.3041966,780596896,4883555840.0,4.958682,1,2.9508,0
2015-04-20,sh.600010,4.38886932,4.64288748,4.31125266,4.4805981,4.43120568,975273504,6224620032.0,6.19535,1,1.1146,0
2015-04-21,sh.600010,4.4805981,4.93218594,4.45237386,4.93218594,4.4805981,1305893280,8861692928.0,8.295587,1,10.0787,0
2015-04-22,sh.600010,4.939242,5.12975562,4.8686814,4.98863442,4.93218594,1222792432,8624586240.0,7.767695,1,1.1445,0
2015-04-23,sh.600010,4.98863442,5.292045,4.87573746,5.13681168,4.98863442,1067823744,7704919296.0,6.783268,1,2.9703,0
2015-04-24,sh.600010,5.06625108,5.24265258,5.00274654,5.05213896,5.13681168,768767936,5549664512.0,4.883539,1,-1.6484,0
2015-04-27,sh.600010,5.08741926,5.14386774,4.939242,5.0450829,5.05213896,697453440,4967845888.0,4.430519,1,-0.1397,0
2015-04-28,sh.600010,5.0098026,5.0098026,4.67816778,4.75578444,5.0450829,738714992,5081203712.0,4.69263,1,-5.7343,0
2015-04-29,sh.600010,4.8334011,5.06625108,4.82634504,4.89690564,4.75578444,589513664,4131996752.0,3.74484,1,2.9674,0
2015-04-30,sh.600010,4.9039617,4.9745223,4.75578444,4.77695262,4.89690564,436539264,2979707552.0,2.773082,1,-2.4496,0
2015-05-04,sh.600010,4.77695262,4.96041018,4.7275602,4.87573746,4.77695262,459954608,3165453184.0,2.921826,1,2.0679,0
2015-05-05,sh.600010,4.85456928,4.93218594,4.5158784,4.59349506,4.87573746,504069328,3369864992.0,3.202062,1,-5.7887,0
2015-05-06,sh.600010,4.7628405,4.82634504,4.49471022,4.59349506,4.59349506,455078976,3026117632.0,2.890854,1,0.0,0
2015-05-07,sh.600010,4.55821476,4.55821476,4.17013146,4.21246782,4.59349506,495012352,3018782864.0,3.144528,1,-8.2949,0
2015-05-08,sh.600010,4.233636,4.31125266,4.07840268,4.2689163,4.21246782,503842272,2999399312.0,3.200619,1,1.34,0
2015-05-11,sh.600010,4.31125266,4.3394769,4.18424358,4.33242084,4.2689163,519406208,3146347088.0,3.299488,1,1.4876,0
2015-05-12,sh.600010,4.32536478,4.3394769,4.25480418,4.31125266,4.33242084,470655648,2863144208.0,2.989804,1,-0.4886,0
2015-05-13,sh.600010,4.29008448,4.45942992,4.24069206,4.3394769,4.31125266,569803408,3517678848.0,3.619632,1,0.6547,0
2015-05-14,sh.600010,4.3041966,4.77695262,4.22657994,4.77695262,4.3394769,973842320,6194892288.0,6.186259,1,10.0813,0
2015-05-15,sh.600010,5.0450829,5.24970864,4.8686814,4.89690564,4.77695262,1539722208,11052937472.0,9.780967,1,2.5111,0
2015-05-18,sh.600010,4.7275602,4.79106474,4.61466324,4.64288748,4.89690564,647312112,4317604864.0,4.112,1,-5.1873,0
2015-05-19,sh.600010,4.63583142,4.85456928,4.586439,4.7275602,4.64288748,519935792,3493128912.0,3.302852,1,1.8237,0
2015-05-20,sh.600010,4.72050414,4.86162534,4.66405566,4.75578444,4.7275602,582357648,3926271744.0,3.699382,1,0.597,0
2015-05-21,sh.600010,4.74872838,4.74872838,4.6569996,4.7275602,4.75578444,418709056,2788444768.0,2.659817,1,-0.5935,0
2015-05-22,sh.600010,4.75578444,4.93218594,4.7275602,4.85456928,4.7275602,631420496,4335981824.0,4.01105,1,2.6866,0
2015-05-25,sh.600010,4.8686814,5.10153138,4.81928898,4.99569048,4.85456928,736182112,5174807552.0,4.67654,1,2.907,0
2015-05-26,sh.600010,5.00274654,5.07330714,4.8686814,5.01685866,4.99569048,805194608,5688178944.0,5.114937,1,0.4237,0
2015-05-27,sh.600010,5.01685866,5.0803632,4.9039617,5.03802684,5.01685866,847916064,6000058368.0,5.386322,1,0.4219,0
2015-05-28,sh.600010,5.0450829,5.24970864,4.53704658,4.586439,5.03802684,1041767664,7375430912.0,6.617749,1,-8.9636,0
2015-05-29,sh.600010,4.56527082,4.6922799,4.24069206,4.4805981,4.586439,668286704,4247703920.0,4.24524,1,-2.3077,0
2015-06-01,sh.600010,4.50882234,4.68522384,4.42414962,4.66405566,4.4805981,540366000,3502422480.0,3.432634,1,4.0945,0
2015-06-02,sh.600010,4.6569996,4.7275602,4.57938294,4.6922799,4.66405566,551752256,3638349984.0,3.504964,1,0.6051,0
2015-06-03,sh.600010,4.6922799,4.6922799,4.48765416,4.586439,4.6922799,552438688,3594119360.0,3.509324,1,-2.2556,0
2015-06-04,sh.600010,4.57232688,4.6217193,4.24069206,4.57232688,4.586439,545056832,3468332016.0,3.462432,1,-0.3077,0
2015-06-05,sh.600010,4.63583142,4.8334011,4.57232688,4.76989656,4.57232688,862863296,5776569344.0,5.481273,1,4.321,0
2015-06-08,sh.600010,4.77695262,4.939242,4.74167232,4.93218594,4.76989656,887999488,6105480192.0,5.640949,1,3.4024,0
2015-06-09,sh.600010,4.9745223,5.03097078,4.80517686,4.94629806,4.93218594,812499984,5678251008.0,5.161344,1,0.2861,0
2015-06-10,sh.600010,4.89690564,4.96746624,4.81928898,4.89690564,4.94629806,607992288,4225449024.0,3.862224,1,-0.9986,0
2015-06-11,sh.600010,4.9039617,5.17209198,4.9039617,5.0450829,4.89690564,950957088,6822504960.0,6.040882,1,3.0259,0
2015-06-12,sh.600010,5.05919502,5.05919502,4.88279352,4.98863442,5.0450829,826829536,5822964224.0,5.252371,1,-1.1189,0
2015-06-15,sh.600010,5.01685866,5.17914804,4.86162534,5.03802684,4.98863442,931680352,6618033152.0,5.918428,1,0.9901,0
2015-06-16,sh.600010,4.92512988,4.96746624,4.62877536,4.67816778,5.03802684,588614800,4021986224.0,3.73913,1,-7.1429,0
2015-06-17,sh.600010,4.67111172,4.76989656,4.4453178,4.74872838,4.67816778,508903968,3342722672.0,3.232773,1,1.5083,0
2015-06-18,sh.600010,4.71344808,4.86162534,4.60760718,4.62877536,4.74872838,475657648,3192484528.0,3.021579,1,-2.526,0
2015-06-19,sh.600010,4.48765416,4.57938294,4.21952388,4.233636,4.62877536,467079232,2914272672.0,2.967085,1,-8.5366,0
2015-06-23,sh.600010,4.24069206,4.29008448,3.83849664,4.2689163,4.233636,442113824,2600859376.0,2.808494,1,0.8333,0
2015-06-24,sh.600010,4.29008448,4.4453178,4.25480418,4.4100375,4.2689163,497825616,3075293232.0,3.162399,1,3.3058,0
2015-06-25,sh.600010,4.41709356,4.41709356,4.09957086,4.17013146,4.4100375,458870464,2794628224.0,2.914939,1,-5.44,0
2015-06-26,sh.600010,4.07134662,4.07134662,3.75382392,3.75382392,4.17013146,514374400,2845104464.0,3.267524,1,-9.9831,0
2015-06-29,sh.600010,3.8455527,3.85260876,3.37985274,3.3869088,3.75382392,647911968,3280491408.0,4.115811,1,-9.7744,0
2015-06-30,sh.600010,3.42924516,3.6691512,3.05527398,3.66209514,3.3869088,704929040,3382533280.0,4.478008,1,8.125,0
2015-07-01,sh.600010,3.61270272,3.7044315,3.3869088,3.40807698,3.66209514,546438480,2777896960.0,3.471208,1,-6.9364,0
2015-07-02,sh.600010,3.43630122,3.50686182,3.1046664,3.15405882,3.40807698,511812864,2392961648.0,3.251252,1,-7.4534,0
2015-07-03,sh.600010,3.14700276,3.23873154,2.83653612,2.85064824,3.15405882,612642032,2582638384.0,3.891761,1,-9.6197,0
2015-07-06,sh.600010,3.13289064,3.13289064,2.94943308,3.0693861,2.85064824,902642944,3875675264.0,5.73397,1,7.6733,0
2015-07-07,sh.600010,2.94943308,3.29518002,2.76597552,3.23167548,3.0693861,1049145408,4547906304.0,6.664616,1,5.2874,0
2015-07-08,sh.600010,2.93532096,3.4221891,2.90709672,3.2105073,3.23167548,1025291120,4633997568.0,6.513083,1,-0.655,0
2015-07-09,sh.600010,3.2105073,3.53508606,3.11877852,3.53508606,3.2105073,639604144,3077774880.0,4.063036,1,10.1099,0
2015-07-10,sh.600010,3.58447848,3.88788906,3.48569364,3.88788906,3.53508606,843721264,4559870720.0,5.359675,1,9.98,0
2015-07-13,sh.600010,3.87377694,4.1277951,3.74676786,3.9513936,3.88788906,896931872,5022297600.0,5.697691,1,1.6334,0
2015-07-14,sh.600010,3.83849664,3.880833,3.57036636,3.62681484,3.9513936,665175584,3535483152.0,4.225477,1,-8.2143,0
2015-07-15,sh.600010,3.58447848,3.66209514,3.29518002,3.64798302,3.62681484,459373008,2289996784.0,2.918132,1,0.5837,0
2015-07-16,sh.600010,3.64798302,3.73265574,3.52097394,3.64092696,3.64798302,311697920,1612671408.0,1.980037,1,-0.1934,0
2015-07-17,sh.600010,3.64092696,3.78910422,3.5985906,3.7397118,3.64092696,399005984,2094393232.0,2.534655,1,2.7132,0
2015-07-20,sh.600010,3.69031938,3.7397118,3.61975878,3.65503908,3.7397118,356525584,1854320624.0,2.264801,1,-2.2642,0
2015-07-21,sh.600010,3.60564666,3.7044315,3.54919818,3.61975878,3.65503908,277711680,1422548176.0,1.764142,1,-0.9652,0
2015-07-22,sh.600010,3.5985906,3.65503908,3.49980576,3.57036636,3.61975878,277426864,1405882464.0,1.762333,1,-1.3645,0
2015-07-23,sh.600010,3.58447848,3.7749921,3.54919818,3.69031938,3.57036636,434952544,2262438816.0,2.763003,1,3.3597,0
2015-07-24,sh.600010,3.66209514,3.76087998,3.59153454,3.60564666,3.69031938,447136384,2325752512.0,2.8404,1,-2.2945,0
2015-07-27,sh.600010,3.55625424,3.6338709,3.2457876,3.2457876,3.60564666,378100256,1854423232.0,2.401853,1,-9.9804,0
2015-07-28,sh.600010,3.16111488,3.22461942,2.93532096,3.06233004,3.2457876,348417232,1512429584.0,2.213294,1,-5.6522,0
2015-07-29,sh.600010,3.1046664,3.2457876,3.0341058,3.23167548,3.06233004,252904306,1122170400.0,1.606555,1,5.5299,0
2015-07-30,sh.600010,3.23167548,3.28812396,3.0693861,3.08349822,3.23167548,251179640,1140756192.0,1.595599,1,-4.5852,0
2015-07-31,sh.600010,3.0341058,3.12583458,3.01999368,3.09055428,3.08349822,184457246,799952832.0,1.17175,1,0.2288,0
2015-08-03,sh.600010,3.02704974,3.175227,2.94237702,3.15405882,3.09055428,235577898,1018313184.0,1.496491,1,2.0548,0
2015-08-04,sh.600010,3.12583458,3.25989972,3.08349822,3.2457876,3.15405882,190821689,861710400.0,1.21218,1,2.9083,0
2015-08-05,sh.600010,3.22461942,3.2810679,3.16111488,3.175227,3.2457876,165125580,752204800.0,1.048948,1,-2.1739,0
2015-08-06,sh.600010,3.11877852,3.22461942,3.09055428,3.13289064,3.175227,138017776,619684256.0,0.876747,1,-1.3333,0
2015-08-07,sh.600010,3.19639518,3.26695578,3.1399467,3.2105073,3.13289064,205903859,934411984.0,1.307988,1,2.4775,0
2015-08-10,sh.600010,3.23873154,3.52097394,3.2105073,3.43630122,3.2105073,389419856,1861971536.0,2.47376,1,7.033,0
2015-08-11,sh.600010,3.45041334,3.55625424,3.3869088,3.42924516,3.43630122,390429136,1908785280.0,2.480171,1,-0.2053,0
2015-08-12,sh.600010,3.35868456,3.47863758,3.32340426,3.3516285,3.42924516,228889874,1103263952.0,1.454005,1,-2.2634,0
2015-08-13,sh.600010,3.37279668,3.54919818,3.33751638,3.54214212,3.3516285,338958768,1654730976.0,2.15321,1,5.6842,0
2015-08-14,sh.600010,3.54214212,3.54919818,3.44335728,3.4574694,3.54214212,311142816,1540360656.0,1.976511,1,-2.3904,0
2015-08-17,sh.600010,3.4927497,3.6338709,3.44335728,3.57742242,3.4574694,361177152,1814369056.0,2.29435,1,3.4694,0
2015-08-18,sh.600010,3.54919818,3.57742242,3.21756336,3.21756336,3.57742242,362265680,1747350896.0,2.301265,1,-10.0592,0
2015-08-19,sh.600010,3.13289064,3.40102092,3.07644216,3.33751638,3.21756336,299389296,1366217456.0,1.901848,1,3.7281,0
2015-08-20,sh.600010,3.28812396,3.3516285,3.18228306,3.19639518,3.33751638,201378716,933197344.0,1.279243,1,-4.2283,0
2015-08-21,sh.600010,3.16111488,3.23873154,3.0341058,3.09055428,3.19639518,188879126,840601296.0,1.19984,1,-3.3113,0
2015-08-24,sh.600010,2.9635452,2.97060126,2.78008764,2.78008764,3.09055428,248862295,993726752.0,1.580879,1,-10.0457,0
2015-08-25,sh.600010,2.52606948,2.6107422,2.5049013,2.5049013,2.78008764,215438882,771264544.0,1.368559,1,-9.8985,0
2015-08-26,sh.600010,2.4343407,2.56840584,2.2579392,2.27205132,2.5049013,346695472,1183177824.0,2.202356,1,-9.2958,0
2015-08-27,sh.600010,2.34966798,2.3990604,2.22971496,2.39200434,2.27205132,259991106,858584928.0,1.651574,1,5.2795,0
2015-08-28,sh.600010,2.4343407,2.56840584,2.37789222,2.55429372,2.39200434,296481056,1032900528.0,1.883373,1,6.7847,0
2015-08-31,sh.600010,2.51195736,2.80831188,2.38494828,2.79419976,2.55429372,315223872,1126713664.0,2.002435,1,9.3923,0
2015-09-01,sh.600010,2.67424674,2.97060126,2.58251796,2.91415278,2.79419976,540953248,2153901952.0,3.436364,1,4.2929,0
2015-09-02,sh.600010,2.7518634,3.0693861,2.72363916,3.04116186,2.91415278,582169840,2451656880.0,3.698189,1,4.3583,0
2015-09-07,sh.600010,3.00588156,3.11877852,2.8577043,2.86476036,3.04116186,203722764,865601104.0,1.294133,1,-5.8005,0
2015-09-08,sh.600010,2.8577043,2.92120884,2.70247098,2.88592854,2.86476036,151110468,606603680.0,0.959918,1,0.7389,0
2015-09-09,sh.600010,2.8929846,2.9988255,2.8577043,2.92120884,2.88592854,163695836,677904432.0,1.039865,1,1.2225,0
2015-09-10,sh.600010,2.86476036,2.92120884,2.82948006,2.8577043,2.92120884,93292348,380065760.0,0.592632,1,-2.1739,0
2015-09-11,sh.600010,2.86476036,2.95648914,2.83653612,2.90004066,2.8577043,101825967,418498992.0,0.646842,1,1.4815,0
2015-09-14,sh.600010,2.90709672,2.90709672,2.6460225,2.65307856,2.90004066,127292420,500347312.0,0.808615,1,-8.5158,0
2015-09-15,sh.600010,2.56134978,2.6460225,2.3990604,2.42022858,2.65307856,117305643,420011728.0,0.745175,1,-8.7766,0
2015-09-16,sh.600010,2.469621,2.66013462,2.4343407,2.6460225,2.42022858,127811257,460276416.0,0.811911,1,9.3294,0
2015-09-17,sh.600010,2.59663008,2.78008764,2.59663008,2.62485432,2.6460225,148625132,567753840.0,0.94413,1,-0.8,0
2015-09-18,sh.600010,2.63896644,2.76597552,2.62485432,2.69541492,2.62485432,164611226,630591952.0,1.04568,1,2.6882,0
2015-09-21,sh.600010,2.6460225,2.74480734,2.63191038,2.73069522,2.69541492,89861957,345515600.0,0.570841,1,1.3089,0
2015-09-22,sh.600010,2.74480734,2.78008764,2.70247098,2.73775128,2.73069522,104681315,406761888.0,0.66498,1,0.2584,0
2015-09-23,sh.600010,2.67424674,2.70247098,2.6107422,2.62485432,2.73775128,95305302,358952800.0,0.60542,1,-4.1237,0
2015-09-24,sh.600010,2.6107422,2.66719068,2.6107422,2.6460225,2.62485432,55137573,206567911.0,0.350257,1,0.8065,0
2015-09-25,sh.600010,2.63191038,2.66719068,2.54723766,2.56840584,2.6460225,60486857,223005774.0,0.384238,1,-2.9333,0
2015-09-28,sh.600010,2.58957402,2.6107422,2.53312554,2.58251796,2.56840584,34519799,125944415.0,0.219284,1,0.5494,0
2015-09-29,sh.600010,2.53312554,2.5401816,2.469621,2.49078918,2.58251796,66740494,236192891.0,0.423964,1,-3.5519,0
2015-09-30,sh.600010,2.5049013,2.53312554,2.47667706,2.5049013,2.49078918,53250282,188991261.0,0.338268,1,0.5666,0
2015-10-08,sh.600010,2.58957402,2.6107422,2.53312554,2.56840584,2.5049013,77545248,282068128.0,0.4926,1,2.5352,0
2015-10-09,sh.600010,2.5754619,2.65307856,2.54723766,2.6107422,2.56840584,100250234,370310944.0,0.636832,1,1.6484,0
2015-10-12,sh.600010,2.6107422,2.76597552,2.60368614,2.72363916,2.6107422,154241409,589713600.0,0.979807,1,4.3243,0
2015-10-13,sh.600010,2.72363916,2.77303158,2.69541492,2.73069522,2.72363916,121441531,468495472.0,0.771448,1,0.2591,0
2015-10-14,sh.600010,2.7518634,3.00588156,2.70952704,2.9635452,2.73069522,484662880,2040155216.0,3.078784,1,8.5271,0
2015-10-15,sh.600010,2.8929846,2.9635452,2.86476036,2.95648914,2.9635452,291762864,1204507200.0,1.853401,1,-0.2381,0
2015-10-16,sh.600010,2.9635452,2.97765732,2.90004066,2.93532096,2.95648914,217774509,906098384.0,1.383396,1,-0.716,0
2015-10-19,sh.600010,2.92120884,2.9282649,2.81536794,2.8577043,2.93532096,186361719,760024544.0,1.183849,1,-2.6442,0
2015-10-20,sh.600010,2.85064824,2.9282649,2.80831188,2.90004066,2.8577043,155318486,633205648.0,0.986649,1,1.4815,0
2015-10-21,sh.600010,2.90004066,3.01999368,2.69541492,2.75891946,2.90004066,277154832,1132897312.0,1.760605,1,-4.8662,0
2015-10-22,sh.600010,2.78008764,2.94237702,2.75891946,2.90709672,2.75891946,263097721,1068562704.0,1.671308,1,5.3708,0
2015-10-23,sh.600010,2.90004066,2.94943308,2.8577043,2.92120884,2.90709672,205498182,845563248.0,1.305411,1,0.4854,0
2015-10-26,sh.600010,2.94943308,2.94943308,2.83653612,2.88592854,2.92120884,186570631,765606176.0,1.185176,1,-1.2077,0
2015-10-27,sh.600010,2.86476036,2.87181642,2.78008764,2.8577043,2.88592854,133621071,533976944.0,0.848818,1,-0.978,0
2015-10-28,sh.600010,2.84359218,2.91415278,2.81536794,2.822424,2.8577043,129192897,524169520.0,0.820688,1,-1.2346,0
2015-10-29,sh.600010,2.81536794,2.85064824,2.79419976,2.80831188,2.822424,91765264,366463328.0,0.582932,1,-0.5,0
2015-10-30,sh.600010,2.79419976,2.80831188,2.7518634,2.78008764,2.80831188,83204702,327705536.0,0.528551,1,-1.005,0
2015-11-02,sh.600010,2.7518634,2.80125582,2.70247098,2.7165831,2.78008764,108841437,423647200.0,0.691407,1,-2.2843,0
2015-11-03,sh.600010,2.72363916,2.74480734,2.68835886,2.70247098,2.7165831,85953214,330456320.0,0.546011,1,-0.5195,0
2015-11-04,sh.600010,2.70952704,2.81536794,2.70247098,2.80831188,2.70247098,147497500,579749376.0,0.936967,1,3.9165,0
2015-11-05,sh.600010,2.80125582,2.9635452,2.79419976,2.8929846,2.80831188,336866944,1378337840.0,2.139921,1,3.0151,0
2015-11-06,sh.600010,2.88592854,2.9635452,2.86476036,2.93532096,2.8929846,271223344,1125183904.0,1.722925,1,1.4634,0
2015-11-09,sh.600010,2.92120884,3.0693861,2.87181642,2.9635452,2.93532096,323279136,1352533328.0,2.053606,1,0.9615,0
2015-11-10,sh.600010,2.9282649,3.0341058,2.92120884,3.00588156,2.9635452,287550736,1214810528.0,1.826644,1,1.4286,0
2015-11-11,sh.600010,2.99176944,3.13289064,2.98471338,3.00588156,3.00588156,318564912,1373218128.0,2.023659,1,0.0,0
2015-11-12,sh.600010,3.01999368,3.2105073,3.01999368,3.07644216,3.00588156,339820960,1500087424.0,2.158687,1,2.3474,0
2015-11-13,sh.600010,3.02704974,3.0341058,2.87887248,2.90709672,3.07644216,259157617,1083112160.0,1.646279,1,-5.5046,0
2015-11-16,sh.600010,2.84359218,2.94237702,2.83653612,2.92120884,2.90709672,105298126,432232144.0,0.668898,1,0.4854,0
2015-11-17,sh.600010,2.9282649,3.00588156,2.90709672,2.92120884,2.92120884,159875413,667732720.0,1.015596,1,0.0,0
2015-11-18,sh.600010,2.91415278,2.92120884,2.83653612,2.8577043,2.92120884,119959762,490443536.0,0.762035,1,-2.1739,0
2015-11-19,sh.600010,2.86476036,2.8929846,2.84359218,2.88592854,2.8577043,86549219,352009680.0,0.549797,1,0.9877,0
2015-11-20,sh.600010,2.8929846,2.9282649,2.87887248,2.90709672,2.88592854,122388356,503726656.0,0.777463,1,0.7335,0
2015-11-23,sh.600010,2.90709672,2.90709672,2.822424,2.85064824,2.90709672,114921138,467319136.0,0.730028,1,-1.9417,0
2015-11-24,sh.600010,2.85064824,2.8577043,2.7871437,2.84359218,2.85064824,89633034,357775312.0,0.569387,1,-0.2475,0
2015-11-25,sh.600010,2.84359218,2.86476036,2.822424,2.86476036,2.84359218,93534015,377026736.0,0.594168,1,0.7444,0
2015-11-26,sh.600010,2.86476036,2.93532096,2.85064824,2.86476036,2.86476036,157643529,645256208.0,1.001418,1,0.0,0
2015-11-27,sh.600010,2.86476036,2.87181642,2.61779826,2.66719068,2.86476036,167024067,654271728.0,1.061008,1,-6.8966,0
2015-11-30,sh.600010,2.6813028,2.70952704,2.56134978,2.6460225,2.66719068,105828128,397153872.0,0.672265,1,-0.7937,0
2015-12-01,sh.600010,2.67424674,2.6813028,2.62485432,2.6460225,2.6460225,72182739,271385616.0,0.458535,1,0.0,0
2015-12-02,sh.600010,2.63896644,2.73775128,2.61779826,2.73775128,2.6460225,115489918,438321872.0,0.733641,1,3.4667,0
2015-12-03,sh.600010,2.70952704,2.7518634,2.69541492,2.73775128,2.73775128,90055963,347508640.0,0.572074,1,0.0,0
2015-12-04,sh.600010,2.70952704,2.72363916,2.66719068,2.69541492,2.73775128,85806943,327176704.0,0.545082,1,-1.5464,0
2015-12-07,sh.600010,2.68835886,2.70247098,2.6460225,2.67424674,2.69541492,59334079,224329055.0,0.376915,1,-0.7853,0
2015-12-08,sh.600010,2.66013462,2.66719068,2.58957402,2.60368614,2.67424674,75051920,278374048.0,0.476762,1,-2.6385,0
2015-12-09,sh.600010,2.58251796,2.62485432,2.58251796,2.58957402,2.60368614,48547325,179131262.0,0.308393,1,-0.542,0
2015-12-10,sh.600010,2.60368614,2.60368614,2.5401816,2.5401816,2.58957402,65526837,238538469.0,0.416254,1,-1.9074,0
2015-12-11,sh.600010,2.5401816,2.6107422,2.49784524,2.56134978,2.5401816,81476820,294673680.0,0.517575,1,0.8333,0
2015-12-14,sh.600010,2.53312554,2.6460225,2.51901342,2.63896644,2.56134978,88242967,323968576.0,0.560557,1,3.0303,0
2015-12-15,sh.600010,2.63191038,2.63191038,2.5754619,2.58251796,2.63896644,59646189,219836130.0,0.378898,1,-2.139,0
2015-12-16,sh.600010,2.60368614,2.62485432,2.58251796,2.59663008,2.58251796,49687719,183263274.0,0.315637,1,0.5464,0
2015-12-17,sh.600010,2.59663008,2.68835886,2.59663008,2.65307856,2.59663008,115683868,435123760.0,0.734873,1,2.1739,0
2015-12-18,sh.600010,2.65307856,2.65307856,2.6107422,2.61779826,2.65307856,68704547,255898782.0,0.43644,1,-1.3298,0
2015-12-21,sh.600010,2.61779826,2.7165831,2.60368614,2.68835886,2.61779826,125071081,474345792.0,0.794504,1,2.6954,0
2015-12-22,sh.600010,2.70952704,2.7518634,2.68835886,2.72363916,2.68835886,143284201,552236672.0,0.910202,1,1.3123,0
2015-12-23,sh.600010,2.69541492,2.70952704,2.6460225,2.65307856,2.72363916,100015930,379401760.0,0.635344,1,-2.5907,0
2015-12-24,sh.600010,2.66013462,2.6813028,2.61779826,2.62485432,2.65307856,72595213,271875728.0,0.461156,1,-1.0638,0
2015-12-25,sh.600010,2.62485432,2.63896644,2.59663008,2.61779826,2.62485432,48459106,179632534.0,0.307833,1,-0.2688,0
2015-12-28,sh.600010,2.61779826,2.63191038,2.54723766,2.55429372,2.61779826,75072602,274743680.0,0.476893,1,-2.4259,0
2015-12-29,sh.600010,2.5401816,2.58251796,2.53312554,2.5754619,2.55429372,54666622,198172635.0,0.347266,1,0.8287,0
2015-12-30,sh.600010,2.58251796,2.59663008,2.5401816,2.56840584,2.5754619,57027438,207363928.0,0.362262,1,-0.274,0
2015-12-31,sh.600010,2.56134978,2.58957402,2.54723766,2.54723766,2.56840584,50614472,184064928.0,0.321525,1,-0.8242,0
2016-01-04,sh.600010,2.55429372,2.56134978,2.2932195,2.30027556,2.54723766,69437299,242332015.0,0.441095,1,-9.6953,0
2016-01-05,sh.600010,2.25088314,2.40611646,2.20149072,2.35672404,2.30027556,114924349,378947392.0,0.730048,1,2.454,0
2016-01-06,sh.600010,2.37789222,2.58251796,2.34261192,2.55429372,2.35672404,183924166,648683936.0,1.168364,1,8.3832,0
2016-01-07,sh.600010,2.48373312,2.51195736,2.30027556,2.30733162,2.55429372,51144318,173416793.0,0.32489,1,-9.6685,0
2016-01-08,sh.600010,2.38494828,2.5401816,2.30733162,2.5049013,2.30733162,269896416,947258112.0,1.714496,1,8.5627,0
2016-01-11,sh.600010,2.46256494,2.46256494,2.31438768,2.33555586,2.5049013,196359568,661641872.0,1.247359,1,-6.7606,0
2016-01-12,sh.600010,2.33555586,2.35672404,2.20854678,2.27910738,2.33555586,98270625,317175040.0,0.624257,1,-2.4169,0
2016-01-13,sh.600010,2.30733162,2.42728464,2.26499526,2.28616344,2.27910738,125690384,417415520.0,0.798439,1,0.3096,0
2016-01-14,sh.600010,2.20149072,2.35672404,2.18032254,2.32144374,2.28616344,98322435,316861968.0,0.624586,1,1.5432,0
2016-01-15,sh.600010,2.2932195,2.30027556,2.20149072,2.20854678,2.32144374,93528953,297474688.0,0.594135,1,-4.8632,0
2016-01-18,sh.600010,2.20149072,2.24382708,2.17326648,2.21560284,2.20854678,64590691,202761382.0,0.410307,1,0.3195,0
2016-01-19,sh.600010,2.22971496,2.27910738,2.20854678,2.26499526,2.21560284,96680129,307322496.0,0.614153,1,2.2293,0
2016-01-20,sh.600010,2.23677102,2.30733162,2.21560284,2.23677102,2.26499526,101959509,324735312.0,0.64769,1,-1.2461,0
2016-01-21,sh.600010,2.19443466,2.24382708,2.1520983,2.15915436,2.23677102,87420957,272307120.0,0.555335,1,-3.47,0
2016-01-22,sh.600010,2.19443466,2.22971496,2.13093012,2.21560284,2.15915436,80863272,251230116.0,0.513678,1,2.6144,0
2016-01-25,sh.600010,2.23677102,2.25088314,2.20149072,2.21560284,2.21560284,63713723,201200229.0,0.404737,1,0.0,0
2016-01-26,sh.600010,2.19443466,2.21560284,1.99686498,2.06036952,2.21560284,113888133,344049088.0,0.723466,1,-7.0064,0
2016-01-27,sh.600010,2.0815377,2.10270588,2.00392104,2.0815377,2.06036952,103701991,302859888.0,0.658759,1,1.0274,0
2016-01-28,sh.600010,2.05331346,2.06036952,1.87691196,1.89808014,2.0815377,97593135,272647840.0,0.619953,1,-8.8136,0
2016-01-29,sh.600010,1.91219226,2.08859376,1.88396802,2.08859376,1.89808014,197683573,572679184.0,1.25577,1,10.0372,0
2016-02-01,sh.600010,2.06036952,2.07448164,1.9404165,1.98980892,2.08859376,131984720,375889728.0,0.838423,1,-4.7297,0
2016-02-02,sh.600010,1.96864074,2.14504224,1.96864074,2.03920134,1.98980892,108175246,315234688.0,0.687175,1,2.4823,0
2016-02-03,sh.600010,2.0109771,2.03214528,1.96158468,1.99686498,2.03920134,91365909,258485037.0,0.580395,1,-2.0761,0
2016-02-04,sh.600010,2.0109771,2.06742558,1.99686498,2.03214528,1.99686498,83281507,240504290.0,0.529039,1,1.7668,0
2016-02-05,sh.600010,2.05331346,2.06742558,1.99686498,2.00392104,2.03214528,52837897,151741470.0,0.335649,1,-1.3889,0
2016-02-15,sh.600010,1.9404165,2.03214528,1.91219226,2.0109771,2.00392104,58809771,164621275.0,0.373585,1,0.3521,0
2016-02-16,sh.600010,2.00392104,2.07448164,1.98980892,2.06742558,2.0109771,93010401,271062480.0,0.590841,1,2.807,0
2016-02-17,sh.600010,2.06036952,2.13093012,2.0462574,2.08859376,2.06742558,115949211,342859232.0,0.736558,1,1.0239,0
2016-02-18,sh.600010,2.10270588,2.12387406,2.06742558,2.0815377,2.08859376,99191116,294640880.0,0.630104,1,-0.3378,0
2016-02-19,sh.600010,2.06742558,2.09564982,2.05331346,2.07448164,2.0815377,58237732,170913543.0,0.369951,1,-0.339,0
2016-02-22,sh.600010,2.08859376,2.24382708,2.08859376,2.16621042,2.07448164,186481355,572852864.0,1.184608,1,4.4218,0
2016-02-23,sh.600010,2.15915436,2.18032254,2.10976194,2.14504224,2.16621042,114485057,347516880.0,0.727258,1,-0.9772,0
2016-02-24,sh.600010,2.12387406,2.1520983,2.10270588,2.13798618,2.14504224,67447851,203344637.0,0.428457,1,-0.3289,0
2016-02-25,sh.600010,2.13093012,2.13798618,1.92630438,1.96158468,2.13798618,130598424,375016608.0,0.829616,1,-8.2508,0
2016-02-26,sh.600010,1.98980892,2.03214528,1.96158468,2.0109771,1.96158468,80994004,229196200.0,0.514508,1,2.518,0
2016-02-29,sh.600010,1.98980892,1.99686498,1.87691196,1.9404165,2.0109771,82231582,225195480.0,0.52237,1,-3.5088,0
2016-03-01,sh.600010,1.96158468,1.99686498,1.92630438,1.98980892,1.9404165,67118379,188177538.0,0.426364,1,2.5455,0
2016-03-02,sh.600010,1.99686498,2.17326648,1.98980892,2.12387406,1.98980892,178038642,527912368.0,1.130977,1,6.7376,0
2016-03-03,sh.600010,2.116818,2.1873786,2.09564982,2.10270588,2.12387406,177775431,539857456.0,1.129305,1,-0.9967,0
2016-03-04,sh.600010,2.116818,2.17326648,2.05331346,2.10976194,2.10270588,152764194,458233984.0,0.970423,1,0.3356,0
2016-03-07,sh.600010,2.1873786,2.24382708,2.12387406,2.21560284,2.10976194,226917220,701399456.0,1.441474,1,5.0167,0
2016-03-08,sh.600010,2.27205132,2.2932195,2.16621042,2.19443466,2.21560284,200763841,628524944.0,1.275337,1,-0.9554,0
2016-03-09,sh.600010,2.116818,2.12387406,2.0462574,2.06742558,2.19443466,129988118,384384928.0,0.82574,1,-5.7878,0
2016-03-10,sh.600010,2.08859376,2.09564982,2.03214528,2.03920134,2.06742558,64329881,188570270.0,0.408651,1,-1.3652,0
2016-03-11,sh.600010,2.01803316,2.06036952,2.00392104,2.0462574,2.03920134,46210569,133944423.0,0.293549,1,0.346,0
2016-03-14,sh.600010,2.07448164,2.116818,2.06036952,2.08859376,2.0462574,76267728,226257804.0,0.484485,1,2.069,0
2016-03-15,sh.600010,2.0815377,2.08859376,2.0462574,2.06036952,2.08859376,55143336,161174186.0,0.350294,1,-1.3514,0
2016-03-16,sh.600010,2.06036952,2.07448164,2.02508922,2.03920134,2.06036952,59189762,171650366.0,0.375998,1,-1.0274,0
2016-03-17,sh.600010,2.06036952,2.08859376,2.03920134,2.07448164,2.03920134,67735966,198384690.0,0.430288,1,1.7301,0
2016-03-18,sh.600010,2.08859376,2.14504224,2.0815377,2.12387406,2.07448164,140288725,420932272.0,0.891173,1,2.3809,0
2016-03-21,sh.600010,2.13798618,2.17326648,2.12387406,2.15915436,2.12387406,122543744,373490944.0,0.77845,1,1.6611,0
2016-03-22,sh.600010,2.1520983,2.1520983,2.116818,2.13093012,2.15915436,84601698,255857960.0,0.537426,1,-1.3072,0
2016-03-23,sh.600010,2.13093012,2.20149072,2.12387406,2.17326648,2.13093012,146207609,448699344.0,0.928773,1,1.9868,0
2016-03-24,sh.600010,2.13798618,2.14504224,2.08859376,2.10270588,2.17326648,122548741,367187696.0,0.778481,1,-3.2468,0
2016-03-25,sh.600010,2.10976194,2.116818,2.07448164,2.09564982,2.10270588,64821896,192122061.0,0.411776,1,-0.3356,0
2016-03-28,sh.600010,2.09564982,2.116818,2.07448164,2.0815377,2.09564982,56431714,167843255.0,0.358478,1,-0.6734,0
2016-03-29,sh.600010,2.0815377,2.10976194,2.05331346,2.06036952,2.0815377,56761596,166827866.0,0.360574,1,-1.0169,0
2016-03-30,sh.600010,2.0815377,2.10976194,2.06742558,2.10270588,2.06036952,64089331,189868142.0,0.407123,1,2.0548,0
2016-03-31,sh.600010,2.10270588,2.10976194,2.07448164,2.08859376,2.10270588,52593910,156186896.0,0.334099,1,-0.6711,0
2016-04-01,sh.600010,2.0815377,2.13798618,2.07448164,2.13093012,2.08859376,101388996,302954480.0,0.644066,1,2.027,0
2016-04-05,sh.600010,2.116818,2.15915436,2.09564982,2.1520983,2.13093012,111586856,337288624.0,0.708847,1,0.9934,0
2016-04-06,sh.600010,2.13798618,2.1520983,2.116818,2.13093012,2.1520983,71049150,214783481.0,0.451334,1,-0.9836,0
2016-04-07,sh.600010,2.14504224,2.19443466,2.10976194,2.13798618,2.13093012,129281830,393688064.0,0.821253,1,0.3311,0
2016-04-08,sh.600010,2.116818,2.13798618,2.09564982,2.10976194,2.13798618,80761315,241811720.0,0.51303,1,-1.3201,0
2016-04-11,sh.600010,2.12387406,2.20149072,2.12387406,2.17326648,2.10976194,196046426,604543984.0,1.24537,1,3.01,0
2016-04-12,sh.600010,2.15915436,2.19443466,2.14504224,2.15915436,2.17326648,115876948,355317344.0,0.736099,1,-0.6494,0
2016-04-13,sh.600010,2.1873786,2.37083616,2.18032254,2.27205132,2.15915436,454851648,1472491632.0,2.88941,1,5.2288,0
2016-04-14,sh.600010,2.26499526,2.28616344,2.20854678,2.24382708,2.27205132,212660251,672551056.0,1.350908,1,-1.2422,0
2016-04-15,sh.600010,2.21560284,2.24382708,2.20149072,2.21560284,2.24382708,102509193,322830752.0,0.651182,1,-1.2579,0
2016-04-18,sh.600010,2.20149072,2.20854678,2.17326648,2.20149072,2.21560284,84399118,261174106.0,0.536139,1,-0.6369,0
2016-04-19,sh.600010,2.22971496,2.27910738,2.20854678,2.22971496,2.20149072,141727882,451339840.0,0.900315,1,1.2821,0
2016-04-20,sh.600010,2.2579392,2.28616344,2.13798618,2.22971496,2.22971496,233389222,734549296.0,1.482587,1,0.0,0
2016-04-21,sh.600010,2.21560284,2.42022858,2.1873786,2.31438768,2.22971496,386043072,1267731056.0,2.452309,1,3.7975,0
2016-04-22,sh.600010,2.24382708,2.27205132,2.18032254,2.2226589,2.31438768,221880739,697524608.0,1.40948,1,-3.9634,0
2016-04-25,sh.600010,2.20854678,2.21560284,2.16621042,2.19443466,2.2226589,84057679,261229395.0,0.53397,1,-1.2698,0
2016-04-26,sh.600010,2.19443466,2.20854678,2.17326648,2.20149072,2.19443466,63041554,195739573.0,0.400467,1,0.3215,0
2016-04-27,sh.600010,2.20854678,2.20854678,2.14504224,2.15915436,2.20149072,79148715,243586655.0,0.502786,1,-1.9231,0
2016-04-28,sh.600010,2.1520983,2.16621042,2.10270588,2.13798618,2.15915436,82391368,248661076.0,0.523385,1,-0.9804,0
2016-04-29,sh.600010,2.12387406,2.15915436,2.116818,2.14504224,2.13798618,52182575,158557539.0,0.331486,1,0.33,0
2016-05-03,sh.600010,2.1520983,2.19443466,2.13093012,2.18032254,2.14504224,73033764,224576759.0,0.463941,1,1.6447,0
2016-05-04,sh.600010,2.16621042,2.17326648,2.13798618,2.1520983,2.18032254,63825400,194937661.0,0.405446,1,-1.2945,0
2016-05-05,sh.600010,2.1520983,2.1873786,2.13798618,2.16621042,2.1520983,54572241,167008151.0,0.346666,1,0.6557,0
2016-05-06,sh.600010,2.15915436,2.19443466,2.10270588,2.10976194,2.16621042,104624525,318468816.0,0.664619,1,-2.6059,0
2016-05-09,sh.600010,2.09564982,2.09564982,1.95452862,1.98980892,2.10976194,115921815,331433648.0,0.736384,1,-5.6856,0
2016-05-10,sh.600010,1.98980892,2.00392104,1.9756968,2.00392104,1.98980892,38411499,108558577.0,0.244006,1,0.7092,0
2016-05-11,sh.600010,2.0109771,2.01803316,1.98275286,1.98980892,2.00392104,36192432,102407358.0,0.22991,1,-0.7042,0
2016-05-12,sh.600010,1.9756968,2.03920134,1.9404165,2.01803316,1.98980892,66958705,188822460.0,0.42535,1,1.4184,0
2016-05-13,sh.600010,2.00392104,2.01803316,1.96864074,1.98275286,2.01803316,58943796,166637560.0,0.374436,1,-1.7483,0
2016-05-16,sh.600010,1.96864074,2.02508922,1.94747256,2.0109771,1.98275286,86523288,244500346.0,0.549633,1,1.4235,0
2016-05-17,sh.600010,2.01803316,2.10270588,2.00392104,2.03920134,2.0109771,147160879,429420400.0,0.934828,1,1.4035,0
2016-05-18,sh.600010,1.99686498,2.00392104,1.96158468,1.98275286,2.03920134,83749568,235228030.0,0.532013,1,-2.7682,0
2016-05-19,sh.600010,1.98275286,2.15915436,1.9756968,2.06742558,1.98275286,157308248,457909552.0,0.999289,1,4.2705,0
2016-05-20,sh.600010,2.03214528,2.06742558,2.0109771,2.03920134,2.06742558,108839249,313784016.0,0.691393,1,-1.3652,0
2016-05-23,sh.600010,2.03214528,2.05331346,2.00392104,2.02508922,2.03920134,69670090,200114963.0,0.442574,1,-0.692,0
2016-05-24,sh.600010,2.00392104,2.01803316,1.9756968,1.99686498,2.02508922,51851108,146644185.0,0.32938,1,-1.3937,0
2016-05-25,sh.600010,2.00392104,2.01803316,1.98275286,1.98980892,1.99686498,42553332,120510144.0,0.270317,1,-0.3534,0
2016-05-26,sh.600010,1.98275286,2.02508922,1.95452862,2.02508922,1.98980892,79466402,224349375.0,0.504804,1,1.773,0
2016-05-27,sh.600010,2.0109771,2.02508922,1.98980892,2.0109771,2.02508922,52271697,148621062.0,0.332052,1,-0.6969,0
2016-05-30,sh.600010,1.98275286,2.07448164,1.96864074,2.0109771,2.0109771,111225171,316711920.0,0.706549,1,0.0,0
2016-05-31,sh.600010,2.00392104,2.17326648,1.99686498,2.1520983,2.0109771,285426384,846712656.0,1.813149,1,7.0175,0
2016-06-01,sh.600010,2.12387406,2.17326648,2.10270588,2.10976194,2.1520983,205314226,619236992.0,1.304243,1,-1.9672,0
2016-06-02,sh.600010,2.09564982,2.13093012,2.07448164,2.116818,2.10976194,113559043,337769312.0,0.721375,1,0.3344,0
2016-06-03,sh.600010,2.116818,2.13093012,2.08859376,2.10270588,2.116818,91965817,274580928.0,0.584206,1,-0.6667,0
2016-06-06,sh.600010,2.10270588,2.10976194,2.07448164,2.0815377,2.10270588,64593745,191543144.0,0.410327,1,-1.0067,0
2016-06-07,sh.600010,2.0815377,2.10976194,2.07448164,2.10270588,2.0815377,82230318,243994097.0,0.522362,1,1.0169,0
2016-06-08,sh.600010,2.0815377,2.08859376,2.0462574,2.06036952,2.10270588,81836213,239231977.0,0.519858,1,-2.0134,0
2016-06-13,sh.600010,2.03920134,2.0462574,1.98275286,1.98980892,2.06036952,81186293,232294879.0,0.51573,1,-3.4247,0
2016-06-14,sh.600010,1.98275286,2.0109771,1.9756968,1.99686498,1.98980892,37368636,105622782.0,0.237381,1,0.3546,0
2016-06-15,sh.600010,1.9756968,2.0462574,1.96864074,2.03214528,1.99686498,58234690,166475755.0,0.369931,1,1.7668,0
2016-06-16,sh.600010,2.01803316,2.0462574,1.98980892,1.99686498,2.03214528,64390803,183899719.0,0.409038,1,-1.7361,0
2016-06-17,sh.600010,1.99686498,2.0462574,1.99686498,2.01803316,1.99686498,76337160,219116797.0,0.484926,1,1.0601,0
2016-06-20,sh.600010,2.01803316,2.02508922,1.98980892,2.0109771,2.01803316,42557357,120714601.0,0.270342,1,-0.3497,0
2016-06-21,sh.600010,2.01803316,2.02508922,1.9756968,1.98980892,2.0109771,49049474,139044640.0,0.311583,1,-1.0526,0
2016-06-22,sh.600010,1.98980892,2.0109771,1.98275286,2.00392104,1.98980892,31969688,90637066.0,0.203085,1,0.7092,0
2016-06-23,sh.600010,2.00392104,2.00392104,1.9756968,1.98980892,2.00392104,39834129,112200843.0,0.253043,1,-0.7042,0
2016-06-24,sh.600010,1.9756968,1.99686498,1.9404165,1.96158468,1.98980892,65234745,182012650.0,0.414399,1,-1.4184,0
2016-06-27,sh.600010,1.96158468,2.00392104,1.95452862,2.00392104,1.96158468,62725436,177044358.0,0.398459,1,2.1583,0
2016-06-28,sh.600010,1.99686498,2.00392104,1.9756968,1.99686498,2.00392104,56758095,159869048.0,0.360551,1,-0.3521,0
2016-06-29,sh.600010,2.00392104,2.0815377,1.98980892,2.03214528,1.99686498,126937270,365045424.0,0.806359,1,1.7668,0
2016-06-30,sh.600010,2.01803316,2.03214528,2.00392104,2.01803316,2.03214528,55589903,158973518.0,0.353131,1,-0.6945,0
2016-07-01,sh.600010,2.01803316,2.02508922,1.99686498,2.00392104,2.01803316,46665896,132951846.0,0.296442,1,-0.6993,0
2016-07-04,sh.600010,1.99686498,2.05331346,1.98980892,2.03214528,2.00392104,104258312,300786432.0,0.662293,1,1.4085,0
2016-07-05,sh.600010,2.03214528,2.06742558,2.02508922,2.0462574,2.03214528,93091711,269896704.0,0.591358,1,0.6944,0
2016-07-06,sh.600010,2.03920134,2.06036952,2.01803316,2.0462574,2.0462574,70542337,203624403.0,0.448115,1,0.0,0
2016-07-07,sh.600010,2.0462574,2.12387406,2.03920134,2.0815377,2.0462574,217527615,643228144.0,1.381827,1,1.7241,0
2016-07-08,sh.600010,2.06742558,2.06742558,2.02508922,2.0462574,2.0815377,123565071,358393920.0,0.784938,1,-1.6949,0
2016-07-11,sh.600010,2.06036952,2.16621042,2.0462574,2.08859376,2.0462574,244171797,730041584.0,1.551083,1,2.069,0
2016-07-12,sh.600010,2.07448164,2.13798618,2.07448164,2.13093012,2.08859376,233329817,699698576.0,1.48221,1,2.027,0
2016-07-13,sh.600010,2.13798618,2.15915436,2.10976194,2.12387406,2.13093012,138719104,417779968.0,0.881202,1,-0.3311,0
2016-07-14,sh.600010,2.12387406,2.12387406,2.08859376,2.10270588,2.12387406,91687815,273210080.0,0.58244,1,-0.9967,0
2016-07-15,sh.600010,2.09564982,2.1520983,2.09564982,2.12387406,2.10270588,144370481,434701072.0,0.917102,1,1.0067,0
2016-07-18,sh.600010,2.10976194,2.13798618,2.08859376,2.09564982,2.12387406,90778879,271371488.0,0.576666,1,-1.3289,0
2016-07-19,sh.600010,2.09564982,2.10976194,2.06742558,2.09564982,2.09564982,75159750,221890256.0,0.477447,1,0.0,0
2016-07-20,sh.600010,2.0815377,2.10976194,2.06742558,2.0815377,2.09564982,59742566,176780696.0,0.37951,1,-0.6734,0
2016-07-21,sh.600010,2.0815377,2.09564982,2.06742558,2.07448164,2.0815377,64536497,190329282.0,0.409963,1,-0.339,0
2016-07-22,sh.600010,2.0815377,2.08859376,2.06036952,2.06742558,2.07448164,54009029,158428250.0,0.343088,1,-0.3401,0
2016-07-25,sh.600010,2.06036952,2.07448164,2.05331346,2.06742558,2.06742558,35674401,104413738.0,0.226619,1,0.0,0
2016-07-26,sh.600010,2.06036952,2.0815377,2.06036952,2.0815377,2.06742558,43832030,128632092.0,0.27844,1,0.6826,0
2016-07-27,sh.600010,2.07448164,2.09564982,1.98980892,2.0109771,2.0815377,131393608,378565008.0,0.834668,1,-3.3898,0
2016-07-28,sh.600010,2.00392104,2.03214528,1.99686498,2.0109771,2.0109771,74959469,213632384.0,0.476174,1,0.0,0
2016-07-29,sh.600010,2.00392104,2.0109771,1.98980892,1.98980892,2.0109771,36075897,102235213.0,0.229169,1,-1.0526,0
2016-08-01,sh.600010,1.98980892,1.99686498,1.96158468,1.98275286,1.98980892,52019295,145891042.0,0.330449,1,-0.3546,0
2016-08-02,sh.600010,1.98275286,1.99686498,1.9756968,1.99686498,1.98275286,28774171,81170329.0,0.182786,1,0.7117,0
2016-08-03,sh.600010,1.98980892,2.00392104,1.98275286,1.99686498,1.99686498,29694295,84021487.0,0.188631,1,0.0,0
2016-08-04,sh.600010,1.99686498,2.00392104,1.98275286,1.99686498,1.99686498,30930708,87371010.0,0.196485,1,0.0,0
2016-08-05,sh.600010,1.99686498,2.00392104,1.98980892,1.99686498,1.99686498,39029655,110518154.0,0.247933,1,0.0,0
2016-08-08,sh.600010,1.99686498,2.03920134,1.98980892,2.01803316,1.99686498,57581968,164448670.0,0.365785,1,1.0601,0
2016-08-09,sh.600010,2.01803316,2.03920134,2.01803316,2.02508922,2.01803316,42587323,122239787.0,0.270533,1,0.3497,0
2016-08-10,sh.600010,2.02508922,2.07448164,2.02508922,2.03920134,2.02508922,88000028,255706412.0,0.559013,1,0.6969,0
2016-08-11,sh.600010,2.03214528,2.03920134,2.01803316,2.01803316,2.03920134,50470440,145095767.0,0.32061,1,-1.0381,0
2016-08-12,sh.600010,2.02508922,2.0462574,2.01803316,2.03920134,2.01803316,39982030,115156718.0,0.253983,1,1.049,0
2016-08-15,sh.600010,2.03920134,2.07448164,2.03214528,2.06742558,2.03920134,121937919,355274576.0,0.774601,1,1.3841,0
2016-08-16,sh.600010,2.06742558,2.0815377,2.05331346,2.07448164,2.06742558,85492813,250618892.0,0.543087,1,0.3413,0
2016-08-17,sh.600010,2.07448164,2.10976194,2.06036952,2.09564982,2.07448164,139154412,412916672.0,0.883968,1,1.0204,0
2016-08-18,sh.600010,2.0815377,2.08859376,2.06742558,2.06742558,2.09564982,73917225,217508530.0,0.469553,1,-1.3468,0
2016-08-19,sh.600010,2.06742558,2.07448164,2.0462574,2.07448164,2.06742558,64392248,188216719.0,0.409047,1,0.3413,0
2016-08-22,sh.600010,2.06742558,2.07448164,2.03214528,2.03214528,2.07448164,60409666,175379249.0,0.383748,1,-2.0408,0
2016-08-23,sh.600010,2.03214528,2.05331346,2.03214528,2.03920134,2.03214528,41306155,119514806.0,0.262394,1,0.3472,0
2016-08-24,sh.600010,2.0462574,2.06036952,2.03214528,2.03920134,2.03920134,37792148,109667019.0,0.240072,1,0.0,0
2016-08-25,sh.600010,2.03214528,2.06742558,2.02508922,2.05331346,2.03920134,69850417,202786445.0,0.443719,1,0.692,0
2016-08-26,sh.600010,2.05331346,2.06036952,2.03920134,2.05331346,2.05331346,46148663,134029644.0,0.293156,1,0.0,0
2016-08-29,sh.600010,2.0462574,2.06036952,2.03920134,2.05331346,2.05331346,37751399,109667064.0,0.239813,1,0.0,0
2016-08-30,sh.600010,2.06036952,2.07448164,2.05331346,2.06742558,2.05331346,69268411,202599293.0,0.440022,1,0.6873,0
2016-08-31,sh.600010,2.06036952,2.06742558,2.05331346,2.06036952,2.06742558,34218189,99959305.0,0.217368,1,-0.3413,0
2016-09-01,sh.600010,2.06036952,2.06742558,2.02508922,2.03214528,2.06036952,53423600,154849026.0,0.339369,1,-1.3699,0
2016-09-02,sh.600010,2.02508922,2.03920134,2.01803316,2.03214528,2.03214528,39172963,112758638.0,0.248843,1,0.0,0
2016-09-05,sh.600010,2.03214528,2.06036952,2.03214528,2.0462574,2.03214528,49792324,144840162.0,0.316302,1,0.694444,0
2016-09-06,sh.600010,2.05331346,2.06742558,2.0462574,2.06036952,2.0462574,54444215,158669461.0,0.345853,1,0.689654,0
2016-09-07,sh.600010,2.05331346,2.06742558,2.0462574,2.06036952,2.06036952,53268909,155394954.0,0.338387,1,0.0,0
2016-09-08,sh.600010,2.05331346,2.06742558,2.03920134,2.06742558,2.06036952,49327178,143612405.0,0.313347,1,0.342465,0
2016-09-09,sh.600010,2.06036952,2.06742558,2.03214528,2.03920134,2.06742558,69533402,201595922.0,0.441706,1,-1.365186,0
2016-09-12,sh.600010,2.02508922,2.02508922,1.9756968,1.9756968,2.03920134,94923081,268481632.0,0.602992,1,-3.114192,0
2016-09-13,sh.600010,1.98980892,1.98980892,1.96158468,1.96864074,1.9756968,82809951,231771493.0,0.526044,1,-0.357142,0
2016-09-14,sh.600010,1.96158468,1.96864074,1.93336044,1.94747256,1.96864074,144558383,399105728.0,0.918296,1,-1.075268,0
2016-09-19,sh.600010,1.94747256,1.96864074,1.94747256,1.96864074,1.94747256,48396904,134618229.0,0.307438,1,1.086956,0
2016-09-20,sh.600010,1.96864074,1.96864074,1.95452862,1.96158468,1.96864074,35454142,98412602.0,0.22522,1,-0.358423,0
2016-09-21,sh.600010,1.96158468,2.02508922,1.96158468,1.98275286,1.96158468,72659784,205484335.0,0.461566,1,1.079136,0
2016-09-22,sh.600010,1.98980892,1.99686498,1.96864074,1.9756968,1.98275286,48685880,136620800.0,0.309273,1,-0.355872,0
2016-09-23,sh.600010,1.98275286,1.98980892,1.96864074,1.9756968,1.9756968,36763605,103114966.0,0.233538,1,0.0,0
2016-09-26,sh.600010,1.9756968,1.9756968,1.93336044,1.9404165,1.9756968,51996112,143621827.0,0.330301,1,-1.785713,0
2016-09-27,sh.600010,1.9404165,1.95452862,1.93336044,1.95452862,1.9404165,28891081,79411598.0,0.183528,1,0.727272,0
2016-09-28,sh.600010,1.95452862,1.95452862,1.93336044,1.9404165,1.95452862,20774923,57182845.0,0.131971,1,-0.722021,0
2016-09-29,sh.600010,1.9404165,1.9756968,1.9404165,1.96864074,1.9404165,51179245,141992272.0,0.325112,1,1.454544,0
2016-09-30,sh.600010,1.96158468,1.96864074,1.95452862,1.96158468,1.96864074,24738944,68712749.0,0.157152,1,-0.358423,0
2016-10-10,sh.600010,1.9756968,1.98980892,1.96864074,1.98980892,1.96158468,39265798,110264246.0,0.249433,1,1.438848,0
2016-10-11,sh.600010,1.98980892,1.98980892,1.9756968,1.98980892,1.98980892,36872038,103583045.0,0.234227,1,0.0,0
2016-10-12,sh.600010,1.98275286,1.98980892,1.96864074,1.9756968,1.98980892,22558832,63108595.0,0.143303,1,-0.709219,0
2016-10-13,sh.600010,1.9756968,1.98275286,1.96864074,1.98275286,1.9756968,27784284,77841099.0,0.176498,1,0.357142,0
2016-10-14,sh.600010,1.9756968,1.98275286,1.96158468,1.9756968,1.98275286,23289423,65039864.0,0.147944,1,-0.355872,0
2016-10-17,sh.600010,1.9756968,1.98275286,1.96158468,1.96864074,1.9756968,31839854,89084863.0,0.20226,1,-0.357142,0
2016-10-18,sh.600010,1.96864074,1.98980892,1.95452862,1.98980892,1.96864074,58678503,164433220.0,0.372751,1,1.075268,0
2016-10-19,sh.600010,1.99686498,2.00392104,1.98275286,1.98980892,1.98980892,75380539,213130616.0,0.478849,1,0.0,0
2016-10-20,sh.600010,1.99686498,1.99686498,1.9756968,1.98275286,1.98980892,50609782,142449409.0,0.321495,1,-0.35461,0
2016-10-21,sh.600010,1.98275286,1.99686498,1.96864074,1.98980892,1.98275286,55249926,155333255.0,0.350971,1,0.355872,0
2016-10-24,sh.600010,1.98980892,2.02508922,1.98275286,2.0109771,1.98980892,112971324,321340496.0,0.717642,1,1.063829,0
2016-10-25,sh.600010,2.0109771,2.02508922,1.99686498,2.01803316,2.0109771,79445809,226411155.0,0.504673,1,0.350877,0
2016-10-26,sh.600010,2.01803316,2.01803316,1.98980892,1.99686498,2.01803316,53106400,150730376.0,0.337354,1,-1.04895,0
2016-10-27,sh.600010,1.99686498,2.02508922,1.98275286,2.0109771,1.99686498,67327099,191226831.0,0.42769,1,0.706713,0
2016-10-28,sh.600010,2.00392104,2.0109771,1.98275286,1.98980892,2.0109771,50158029,141925279.0,0.318625,1,-1.052631,0
2016-10-31,sh.600010,1.98980892,1.98980892,1.9756968,1.98275286,1.98980892,29535044,83023521.0,0.187619,1,-0.35461,0
2016-11-01,sh.600010,1.98980892,2.00392104,1.98275286,1.99686498,1.98275286,41253336,116399644.0,0.262059,1,0.711743,0
2016-11-02,sh.600010,1.98980892,1.99686498,1.96864074,1.9756968,1.99686498,53622901,150351842.0,0.340635,1,-1.06007,0
2016-11-03,sh.600010,1.96864074,1.98980892,1.96158468,1.98275286,1.9756968,57364533,160647232.0,0.364404,1,0.357142,0
2016-11-04,sh.600010,1.9756968,2.0109771,1.9756968,1.98275286,1.98275286,98936083,279208192.0,0.628484,1,0.0,0
2016-11-07,sh.600010,1.98275286,2.03214528,1.9756968,2.02508922,1.98275286,143604693,407763904.0,0.912238,1,2.135229,0
2016-11-08,sh.600010,2.01803316,2.02508922,1.99686498,2.0109771,2.02508922,84196726,239327455.0,0.534853,1,-0.696863,0
2016-11-09,sh.600010,2.00392104,2.0109771,1.9756968,1.99686498,2.0109771,94759388,267876046.0,0.601952,1,-0.701754,0
2016-11-10,sh.600010,2.0109771,2.03920134,2.0109771,2.01803316,1.99686498,134513916,385101024.0,0.854489,1,1.06007,0
2016-11-11,sh.600010,2.01803316,2.09564982,2.0109771,2.08859376,2.01803316,352646656,1029576704.0,2.240161,1,3.496509,0
2016-11-14,sh.600010,2.06742558,2.08859376,2.0462574,2.0815377,2.08859376,213135688,625032992.0,1.353928,1,-0.337838,0
2016-11-15,sh.600010,2.07448164,2.116818,2.05331346,2.06036952,2.0815377,148732684,437437888.0,0.944813,1,-1.016948,0
2016-11-16,sh.600010,2.0462574,2.13798618,2.03214528,2.116818,2.06036952,406777200,1209374576.0,2.584021,1,2.739723,0
2016-11-17,sh.600010,2.10270588,2.10270588,2.0815377,2.09564982,2.116818,161270815,477916848.0,1.02446,1,-0.999999,0
2016-11-18,sh.600010,2.08859376,2.116818,2.07448164,2.08859376,2.09564982,108666447,322200112.0,0.690295,1,-0.3367,0
2016-11-21,sh.600010,2.0815377,2.116818,2.07448164,2.08859376,2.08859376,114557751,339795856.0,0.727719,1,0.0,0
2016-11-22,sh.600010,2.08859376,2.12387406,2.08859376,2.116818,2.08859376,167943832,502591472.0,1.06685,1,1.35135,0
2016-11-23,sh.600010,2.116818,2.13093012,2.0815377,2.09564982,2.116818,101154491,301503024.0,0.642576,1,-0.999999,0
2016-11-24,sh.600010,2.08859376,2.10976194,2.0815377,2.09564982,2.09564982,91680268,272503712.0,0.582392,1,0.0,0
2016-11-25,sh.600010,2.10976194,2.116818,2.06036952,2.116818,2.09564982,172758963,512616640.0,1.097438,1,1.0101,0
2016-11-28,sh.600010,2.116818,2.13093012,2.09564982,2.116818,2.116818,149050063,446304576.0,0.946829,1,0.0,0
2016-11-29,sh.600010,2.116818,2.16621042,2.10270588,2.13798618,2.116818,285636000,869041776.0,1.814481,1,0.999999,0
2016-11-30,sh.600010,2.12387406,2.13798618,2.08859376,2.10270588,2.13798618,118658206,354947136.0,0.753767,1,-1.650164,0
2016-12-01,sh.600010,2.10270588,2.16621042,2.09564982,2.16621042,2.10270588,187748293,569961344.0,1.192657,1,3.020131,0
2016-12-02,sh.600010,2.15915436,2.1873786,2.13093012,2.13798618,2.16621042,152353477,464076128.0,0.967814,1,-1.30293,0
2016-12-05,sh.600010,2.10270588,2.13093012,2.0815377,2.08859376,2.13798618,117903892,351497456.0,0.748975,1,-2.310229,0
2016-12-06,sh.600010,2.09564982,2.10270588,2.07448164,2.0815377,2.08859376,58917294,174115596.0,0.374268,1,-0.337838,0
2016-12-07,sh.600010,2.08859376,2.13798618,2.0815377,2.13093012,2.0815377,156476359,469002608.0,0.994004,1,2.372879,0
2016-12-08,sh.600010,2.13093012,2.13093012,2.08859376,2.08859376,2.13093012,117791919,351791904.0,0.748264,1,-1.986753,0
2016-12-09,sh.600010,2.08859376,2.12387406,2.0815377,2.09564982,2.08859376,115871897,343863520.0,0.736067,1,0.337838,0
2016-12-12,sh.600010,2.10976194,2.13798618,2.02508922,2.03920134,2.09564982,206053246,609641440.0,1.308937,1,-2.6936,0
2016-12-13,sh.600010,2.02508922,2.05331346,2.0109771,2.0462574,2.03920134,83568115,241203238.0,0.53086,1,0.34602,0
2016-12-14,sh.600010,2.0462574,2.0462574,1.98980892,2.00392104,2.0462574,101446171,290766752.0,0.644429,1,-2.068972,0
2016-12-15,sh.600010,1.98980892,2.01803316,1.98980892,2.0109771,2.00392104,55941526,158843455.0,0.355364,1,0.352112,0
2016-12-16,sh.600010,2.00392104,2.0109771,1.98980892,2.0109771,2.0109771,53356473,151462498.0,0.338943,1,0.0,0
2016-12-19,sh.600010,2.0109771,2.02508922,1.99686498,1.99686498,2.0109771,55753284,158820548.0,0.354168,1,-0.701754,0
2016-12-20,sh.600010,2.00392104,2.00392104,1.9756968,1.98275286,1.99686498,60642763,170695495.0,0.385228,1,-0.706713,0
2016-12-21,sh.600010,1.98980892,2.00392104,1.98275286,2.00392104,1.98275286,70177026,198392797.0,0.445794,1,1.067615,0
2016-12-22,sh.600010,1.99686498,2.00392104,1.98275286,1.98980892,2.00392104,52148443,146992360.0,0.331269,1,-0.704225,0
2016-12-23,sh.600010,1.98980892,1.98980892,1.96864074,1.98275286,1.98980892,51380195,144042025.0,0.326389,1,-0.35461,0
2016-12-26,sh.600010,1.9756968,1.98275286,1.95452862,1.98275286,1.98275286,54378359,151634805.0,0.345434,1,0.0,0
2016-12-27,sh.600010,1.9756968,1.98980892,1.96864074,1.9756968,1.98275286,29679659,83301045.0,0.188538,1,-0.355872,0
2016-12-28,sh.600010,1.98275286,1.98275286,1.96158468,1.96864074,1.9756968,31189281,87149698.0,0.198128,1,-0.357142,0
2016-12-29,sh.600010,1.96158468,1.98275286,1.95452862,1.96864074,1.96864074,31461786,87826414.0,0.199859,1,0.0,0
2016-12-30,sh.600010,1.96864074,1.9756968,1.95452862,1.96864074,1.96864074,36529644,101796632.0,0.232052,1,0.0,0
2017-01-03,sh.600010,1.99686498,2.02508922,1.99686498,2.00392104,1.96864074,101009822,287190432.0,0.641657,1,1.792113,0
2017-01-04,sh.600010,1.98980892,2.00392104,1.98980892,2.00392104,2.00392104,57528469,162697748.0,0.365445,1,0.0,0
2017-01-05,sh.600010,1.99686498,2.0109771,1.98980892,2.0109771,2.00392104,52459066,148706927.0,0.333242,1,0.352112,0
2017-01-06,sh.600010,2.00392104,2.01803316,2.00392104,2.0109771,2.0109771,54541414,155376315.0,0.34647,1,0.0,0
2017-01-09,sh.600010,2.0109771,2.01803316,1.99686498,2.01803316,2.0109771,51974093,148002673.0,0.330161,1,0.350877,0
2017-01-10,sh.600010,2.0109771,2.03920134,2.00392104,2.02508922,2.01803316,78606814,225589295.0,0.499344,1,0.34965,0
2017-01-11,sh.600010,2.01803316,2.06742558,2.0109771,2.02508922,2.02508922,103783628,300131152.0,0.659278,1,0.0,0
2017-01-12,sh.600010,2.01803316,2.03214528,1.99686498,2.00392104,2.02508922,53950727,154003793.0,0.342718,1,-1.045295,0
2017-01-13,sh.600010,2.00392104,2.0109771,1.98980892,2.0109771,2.00392104,42122030,119447226.0,0.267577,1,0.352112,0
2017-01-16,sh.600010,2.00392104,2.0462574,1.9756968,2.03214528,2.0109771,167749123,478670720.0,1.065613,1,1.052639,0
2017-01-17,sh.600010,2.01803316,2.02508922,2.00392104,2.01803316,2.03214528,41411005,118228554.0,0.26306,1,-0.694452,0
2017-01-18,sh.600010,2.02508922,2.0462574,2.01803316,2.03920134,2.01803316,62704515,180659642.0,0.398326,1,1.048958,0
2017-01-19,sh.600010,2.03214528,2.03920134,2.0109771,2.01803316,2.03920134,41130154,118145491.0,0.261276,1,-1.038069,0
2017-01-20,sh.600010,2.01803316,2.03920134,2.0109771,2.03214528,2.01803316,44485402,128055855.0,0.28259,1,0.699308,0
2017-01-23,sh.600010,2.03214528,2.06036952,2.02508922,2.0462574,2.03214528,65875000,190709075.0,0.418466,1,0.694444,0
2017-01-24,sh.600010,2.03920134,2.0815377,2.03214528,2.05331346,2.0462574,94716885,276372224.0,0.601682,1,0.344827,0
2017-01-25,sh.600010,2.0462574,2.05331346,2.03214528,2.0462574,2.05331346,57293082,165919864.0,0.36395,1,-0.343642,0
2017-01-26,sh.600010,2.05331346,2.0815377,2.03920134,2.07448164,2.0462574,100979619,295891536.0,0.641465,1,1.379309,0
2017-02-03,sh.600010,2.06742558,2.07448164,2.0462574,2.06036952,2.07448164,41265319,120343926.0,0.262135,1,-0.680271,0
2017-02-06,sh.600010,2.05331346,2.06036952,2.03920134,2.05331346,2.06036952,44108354,128082542.0,0.280195,1,-0.342465,0
2017-02-07,sh.600010,2.05331346,2.06036952,2.03920134,2.05331346,2.05331346,40684391,118065515.0,0.258444,1,0.0,0
2017-02-08,sh.600010,2.05331346,2.05331346,2.03214528,2.05331346,2.05331346,48842347,141444841.0,0.310267,1,0.0,0
2017-02-09,sh.600010,2.05331346,2.09564982,2.0462574,2.0815377,2.05331346,127348864,374546080.0,0.808974,1,1.374569,0
2017-02-10,sh.600010,2.07448164,2.14504224,2.06742558,2.12387406,2.0815377,289839344,867956640.0,1.841182,1,2.033896,0
2017-02-13,sh.600010,2.13093012,2.14504224,2.10270588,2.10976194,2.12387406,177041567,530285728.0,1.124643,1,-0.664451,0
2017-02-14,sh.600010,2.10976194,2.16621042,2.09564982,2.13798618,2.10976194,188919998,570953472.0,1.2001,1,1.337791,0
2017-02-15,sh.600010,2.13093012,2.13798618,2.10976194,2.116818,2.13798618,138038059,415589904.0,0.876876,1,-0.990098,0
2017-02-16,sh.600010,2.10976194,2.3284998,2.10270588,2.21560284,2.116818,493083456,1555822896.0,3.132275,1,4.66667,0
2017-02-17,sh.600010,2.1873786,2.20149072,2.1520983,2.15915436,2.21560284,262611332,809140400.0,1.668218,1,-2.547776,0
2017-02-20,sh.600010,2.16621042,2.20149072,2.16621042,2.1873786,2.15915436,157942574,488721168.0,1.003318,1,1.307188,0
2017-02-21,sh.600010,2.19443466,2.2226589,2.1873786,2.20149072,2.1873786,126758629,395256832.0,0.805224,1,0.645161,0
2017-02-22,sh.600010,2.19443466,2.24382708,2.1873786,2.22971496,2.20149072,170995289,537886944.0,1.086234,1,1.282058,0
2017-02-23,sh.600010,2.2226589,2.24382708,2.1873786,2.20854678,2.22971496,139092888,437301360.0,0.883577,1,-0.949366,0
2017-02-24,sh.600010,2.20149072,2.2226589,2.1873786,2.21560284,2.20854678,99899114,311263344.0,0.634601,1,0.319489,0
2017-02-27,sh.600010,2.21560284,2.23677102,2.20149072,2.21560284,2.21560284,123520928,388632624.0,0.784657,1,0.0,0
2017-02-28,sh.600010,2.20149072,2.2226589,2.19443466,2.19443466,2.21560284,85203154,266059635.0,0.541246,1,-0.955421,0
2017-03-01,sh.600010,2.19443466,2.20854678,2.16621042,2.19443466,2.19443466,74256614,230123869.0,0.471709,1,0.0,0
2017-03-02,sh.600010,2.19443466,2.22971496,2.18032254,2.1873786,2.19443466,89494971,279701936.0,0.56851,1,-0.321543,0
2017-03-03,sh.600010,2.17326648,2.20854678,2.15915436,2.1873786,2.1873786,85424341,264339586.0,0.542652,1,0.0,0
2017-03-06,sh.600010,2.1873786,2.2226589,2.1873786,2.2226589,2.1873786,85533627,268307231.0,0.543346,1,1.61291,0
2017-03-07,sh.600010,2.2226589,2.22971496,2.20149072,2.20854678,2.2226589,56653110,177700243.0,0.359885,1,-0.63492,0
2017-03-08,sh.600010,2.21560284,2.22971496,2.20854678,2.2226589,2.20854678,82783197,260245162.0,0.525874,1,0.638977,0
2017-03-09,sh.600010,2.21560284,2.2226589,2.1873786,2.20149072,2.2226589,63068689,196659222.0,0.400639,1,-0.952388,0
2017-03-10,sh.600010,2.19443466,2.20854678,2.1873786,2.19443466,2.20149072,36568904,113840004.0,0.232301,1,-0.320512,0
2017-03-13,sh.600010,2.19443466,2.20149072,2.17326648,2.1873786,2.19443466,67710926,209445115.0,0.430128,1,-0.321543,0
2017-03-14,sh.600010,2.1873786,2.20149072,2.18032254,2.1873786,2.1873786,51088028,158482012.0,0.324533,1,0.0,0
2017-03-15,sh.600010,2.18032254,2.20854678,2.17326648,2.20149072,2.1873786,68637952,213422796.0,0.436017,1,0.645161,0
2017-03-16,sh.600010,2.20149072,2.21560284,2.19443466,2.20854678,2.20149072,59005553,184223635.0,0.374828,1,0.32052,0
2017-03-17,sh.600010,2.20854678,2.21560284,2.15915436,2.16621042,2.20854678,88060883,272474752.0,0.5594,1,-1.916939,0
2017-03-20,sh.600010,2.16621042,2.17326648,2.13093012,2.14504224,2.16621042,66103029,201502720.0,0.419914,1,-0.977198,0
2017-03-21,sh.600010,2.14504224,2.1520983,2.12387406,2.13093012,2.14504224,45206987,136591938.0,0.287174,1,-0.657894,0
2017-03-22,sh.600010,2.116818,2.13093012,2.10976194,2.10976194,2.13093012,51234804,153783933.0,0.325465,1,-0.993376,0
2017-03-23,sh.600010,2.10976194,2.15915436,2.10976194,2.13798618,2.10976194,62578898,189466501.0,0.397528,1,1.337791,0
2017-03-24,sh.600010,2.13798618,2.20149072,2.12387406,2.17326648,2.13798618,156432920,480752000.0,0.993728,1,1.650164,0
2017-03-27,sh.600010,2.16621042,2.17326648,2.14504224,2.1520983,2.17326648,46044745,140723667.0,0.292496,1,-0.974025,0
2017-03-28,sh.600010,2.1520983,2.18032254,2.14504224,2.16621042,2.1520983,67487472,206787802.0,0.428709,1,0.655737,0
2017-03-29,sh.600010,2.15915436,2.19443466,2.15915436,2.17326648,2.16621042,68642196,211806951.0,0.436044,1,0.325733,0
2017-03-30,sh.600010,2.15915436,2.17326648,2.116818,2.12387406,2.17326648,88658320,267911679.0,0.563195,1,-2.272725,0
2017-03-31,sh.600010,2.12387406,2.14504224,2.12387406,2.13798618,2.12387406,42477492,128516944.0,0.269835,1,0.664451,0
2017-04-05,sh.600010,2.13798618,2.1873786,2.13798618,2.18032254,2.13798618,74156277,227986297.0,0.471072,1,1.980196,0
2017-04-06,sh.600010,2.17326648,2.19443466,2.16621042,2.18032254,2.18032254,70707105,218573942.0,0.449161,1,0.0,0
2017-04-07,sh.600010,2.18032254,2.19443466,2.16621042,2.1873786,2.18032254,74315858,229935983.0,0.472086,1,0.323624,0
2017-04-10,sh.600010,2.18032254,2.2226589,2.18032254,2.19443466,2.1873786,101237919,315828144.0,0.643106,1,0.32258,0
2017-04-11,sh.600010,2.1873786,2.21560284,2.1520983,2.20149072,2.19443466,121562853,375590336.0,0.772219,1,0.321543,0
2017-04-12,sh.600010,2.1873786,2.33555586,2.15915436,2.23677102,2.20149072,266830798,844771760.0,1.695022,1,1.60257,0
2017-04-13,sh.600010,2.23677102,2.23677102,2.20854678,2.2226589,2.23677102,112709098,354513184.0,0.715976,1,-0.630914,0
2017-04-14,sh.600010,2.2226589,2.34261192,2.21560284,2.28616344,2.2226589,314050320,1022567680.0,1.994981,1,2.85714,0
2017-04-17,sh.600010,2.26499526,2.28616344,2.22971496,2.27910738,2.28616344,145675451,465504432.0,0.925392,1,-0.308642,0
2017-04-18,sh.600010,2.26499526,2.27205132,2.20854678,2.20854678,2.27910738,125616865,397192512.0,0.797971,1,-3.095972,0
2017-04-19,sh.600010,2.19443466,2.20149072,2.13798618,2.1520983,2.20854678,117571821,360411168.0,0.746866,1,-2.555916,0
2017-04-20,sh.600010,2.1520983,2.16621042,2.116818,2.15915436,2.1520983,109231669,331612896.0,0.693886,1,0.327869,0
2017-04-21,sh.600010,2.18032254,2.20149072,2.15915436,2.16621042,2.15915436,75762242,233816052.0,0.481274,1,0.326797,0
2017-04-24,sh.600010,2.15915436,2.16621042,2.116818,2.116818,2.16621042,74069065,223577529.0,0.470518,1,-2.280128,0
2017-04-25,sh.600010,2.12387406,2.1520983,2.116818,2.13093012,2.116818,44964914,135871406.0,0.285636,1,0.666666,0
2017-04-26,sh.600010,2.13093012,2.13798618,2.09564982,2.116818,2.13093012,51824019,155421535.0,0.329208,1,-0.662251,0
2017-04-27,sh.600010,2.10976194,2.116818,2.07448164,2.10976194,2.116818,69806943,206996092.0,0.443443,1,-0.333333,0
2017-04-28,sh.600010,2.10976194,2.13798618,2.10270588,2.13093012,2.10976194,68515116,205874173.0,0.435237,1,1.003343,0
2017-05-02,sh.600010,2.12387406,2.13798618,2.10976194,2.116818,2.13093012,38211202,114870006.0,0.242734,1,-0.662251,0
2017-05-03,sh.600010,2.10976194,2.116818,2.0462574,2.06036952,2.116818,100974577,297620512.0,0.641433,1,-2.666664,0
2017-05-04,sh.600010,2.05331346,2.0815377,2.0462574,2.06742558,2.06036952,48689148,142708077.0,0.309294,1,0.342465,0
2017-05-05,sh.600010,2.06742558,2.07448164,2.00392104,2.06742558,2.06742558,76285759,220929084.0,0.484599,1,0.0,0
2017-05-08,sh.600010,2.05331346,2.09564982,2.03920134,2.08859376,2.06742558,50758961,148208480.0,0.322442,1,1.02389,0
2017-05-09,sh.600010,2.06742558,2.10270588,2.02508922,2.0815377,2.08859376,69597084,203549726.0,0.44211,1,-0.337838,0
2017-05-10,sh.600010,2.06742558,2.10270588,2.05331346,2.05331346,2.0815377,37571398,110714417.0,0.238669,1,-1.355931,0
2017-05-11,sh.600010,2.03920134,2.06036952,2.0109771,2.05331346,2.05331346,53461031,154257170.0,0.339607,1,0.0,0
2017-05-12,sh.600010,2.0462574,2.06742558,2.03920134,2.05331346,2.05331346,34309028,99822312.0,0.217945,1,0.0,0
2017-05-15,sh.600010,2.05331346,2.06742558,2.0462574,2.05331346,2.05331346,28590981,83362842.0,0.181622,1,0.0,0
2017-05-16,sh.600010,2.05331346,2.07448164,2.03214528,2.07448164,2.05331346,40470590,117777717.0,0.257086,1,1.030927,0
2017-05-17,sh.600010,2.06742558,2.08859376,2.06036952,2.06742558,2.07448164,30034917,88289820.0,0.190795,1,-0.340136,0
2017-05-18,sh.600010,2.06036952,2.0815377,2.05331346,2.07448164,2.06742558,38921536,114115612.0,0.247246,1,0.341297,0
2017-05-19,sh.600010,2.06742558,2.0815377,2.06036952,2.06742558,2.07448164,26779031,78525299.0,0.170112,1,-0.340136,0
2017-05-22,sh.600010,2.07448164,2.08859376,2.0462574,2.06742558,2.06742558,54586713,160426618.0,0.346758,1,0.0,0
2017-05-23,sh.600010,2.06742558,2.08859376,2.03920134,2.08859376,2.06742558,66594263,194759922.0,0.423035,1,1.02389,0
2017-05-24,sh.600010,2.0815377,2.08859376,2.06036952,2.08859376,2.08859376,30720005,90400929.0,0.195146,1,0.0,0
2017-05-25,sh.600010,2.08859376,2.116818,2.07448164,2.10976194,2.08859376,57066031,169926035.0,0.362508,1,1.013512,0
2017-05-26,sh.600010,2.10976194,2.12387406,2.10270588,2.10976194,2.10976194,35948732,107487238.0,0.228362,1,0.0,0
2017-05-31,sh.600010,2.1294792,2.1886314,2.1294792,2.1590553,2.1097618,82623921,181280186.0,0.374902,1,2.336446,0
2017-06-01,sh.600010,2.1393379,2.1491966,2.0900444,2.1196205,2.1590553,101315142,216763309.0,0.459712,1,-1.826482,0
2017-06-02,sh.600010,2.1097618,2.1196205,2.0801857,2.1097618,2.1196205,42297609,90257996.0,0.191923,1,-0.465116,0
2017-06-05,sh.600010,2.1097618,2.1294792,2.1097618,2.1196205,2.1097618,48944181,105160238.0,0.222082,1,0.467289,0
2017-06-06,sh.600010,2.1196205,2.1491966,2.1097618,2.1294792,2.1196205,56530896,122556250.0,0.256506,1,0.465116,0
2017-06-07,sh.600010,2.1393379,2.168914,2.1294792,2.1590553,2.1294792,84841601,185047746.0,0.384964,1,1.388888,0
2017-06-08,sh.600010,2.1590553,2.1590553,2.1393379,2.1590553,2.1590553,53808464,117306054.0,0.244153,1,0.0,0
2017-06-09,sh.600010,2.1491966,2.1590553,2.1393379,2.1393379,2.1590553,47175831,102603399.0,0.214058,1,-0.913241,0
2017-06-12,sh.600010,2.1294792,2.1393379,2.1097618,2.1196205,2.1393379,47234657,101625794.0,0.214325,1,-0.921658,0
2017-06-13,sh.600010,2.1097618,2.1491966,2.1097618,2.1491966,2.1196205,39786831,85975616.0,0.180531,1,1.395347,0
2017-06-14,sh.600010,2.1491966,2.168914,2.1294792,2.1393379,2.1491966,47975762,104584397.0,0.217687,1,-0.458715,0
2017-06-15,sh.600010,2.1393379,2.1590553,2.1294792,2.1491966,2.1393379,47919687,104177704.0,0.217433,1,0.460829,0
2017-06-16,sh.600010,2.1393379,2.1590553,2.1393379,2.1491966,2.1491966,52347471,114206452.0,0.237524,1,0.0,0
2017-06-19,sh.600010,2.1491966,2.1590553,2.1393379,2.1590553,2.1491966,35908483,78292659.0,0.162933,1,0.458715,0
2017-06-20,sh.600010,2.1590553,2.1787727,2.1491966,2.168914,2.1590553,78708005,172658695.0,0.357133,1,0.456621,0
2017-06-21,sh.600010,2.168914,2.1787727,2.1491966,2.1590553,2.168914,61763843,135623062.0,0.28025,1,-0.454545,0
2017-06-22,sh.600010,2.1590553,2.168914,2.1393379,2.1393379,2.1590553,54450657,119230864.0,0.247067,1,-0.913241,0
2017-06-23,sh.600010,2.1393379,2.1491966,2.1097618,2.1393379,2.1393379,66163996,142740648.0,0.300216,1,0.0,0
2017-06-26,sh.600010,2.1393379,2.1590553,2.1196205,2.1590553,2.1393379,57901135,125856234.0,0.262723,1,0.921658,0
2017-06-27,sh.600010,2.1491966,2.1590553,2.1393379,2.1491966,2.1590553,47573899,103789266.0,0.215864,1,-0.456621,0
2017-06-28,sh.600010,2.1491966,2.1886314,2.1393379,2.168914,2.1491966,115869828,255058801.0,0.525753,1,0.91743,0
2017-06-29,sh.600010,2.168914,2.1787727,2.1590553,2.1787727,2.168914,61733655,135805274.0,0.280113,1,0.454545,0
2017-06-30,sh.600010,2.168914,2.168914,2.1491966,2.1590553,2.1787727,40091769,87888960.0,0.181914,1,-0.904976,0
2017-07-03,sh.600010,2.1590553,2.2083488,2.1590553,2.2083488,2.1590553,149219997,331830944.0,0.677078,1,2.283103,0
2017-07-04,sh.600010,2.2083488,2.2083488,2.168914,2.1886314,2.2083488,90476073,201027073.0,0.41053,1,-0.892856,0
2017-07-05,sh.600010,2.1787727,2.2083488,2.1787727,2.1984901,2.1886314,72155745,160600154.0,0.327403,1,0.45045,0
2017-07-06,sh.600010,2.1984901,2.2576423,2.1886314,2.2576423,2.1984901,182321411,411662352.0,0.827273,1,2.69058,0
2017-07-07,sh.600010,2.2379249,2.4055228,2.2182075,2.3463706,2.2576423,358895760,839066832.0,1.62847,1,3.930138,0
2017-07-10,sh.600010,2.3266532,2.3858054,2.3069358,2.3463706,2.3463706,267217770,635957792.0,1.212486,1,0.0,0
2017-07-11,sh.600010,2.3266532,2.3463706,2.2872184,2.2970771,2.3463706,166991392,392306640.0,0.757714,1,-2.100848,0
2017-07-12,sh.600010,2.2970771,2.3167945,2.2477836,2.2872184,2.2970771,130387960,302087504.0,0.591628,1,-0.429184,0
2017-07-13,sh.600010,2.2970771,2.4153815,2.2773597,2.3858054,2.2872184,379229904,910847040.0,1.720735,1,4.310351,0
2017-07-14,sh.600010,2.3562293,2.3759467,2.3365119,2.3562293,2.3858054,157221151,375319520.0,0.713382,1,-1.239668,0
2017-07-17,sh.600010,2.366088,2.4153815,2.2773597,2.3167945,2.3562293,291310016,694297968.0,1.321803,1,-1.673648,0
2017-07-18,sh.600010,2.3069358,2.4548163,2.2872184,2.4449576,2.3167945,358706112,864721984.0,1.627609,1,5.53192,0
2017-07-19,sh.600010,2.4350989,2.5336859,2.4153815,2.4942511,2.4449576,429304928,1085519632.0,1.947948,1,2.016127,0
2017-07-20,sh.600010,2.4843924,2.5238272,2.4449576,2.5041098,2.4942511,296113680,745923760.0,1.3436,1,0.395257,0
2017-07-21,sh.600010,2.4942511,2.4942511,2.4449576,2.4745337,2.5041098,184371361,462157680.0,0.836575,1,-1.181101,0
2017-07-24,sh.600010,2.464675,2.5041098,2.4449576,2.4548163,2.4745337,161693072,405385520.0,0.733673,1,-0.796812,0
2017-07-25,sh.600010,2.4548163,2.4745337,2.4153815,2.4350989,2.4548163,178242145,441334640.0,0.808764,1,-0.803212,0
2017-07-26,sh.600010,2.4449576,2.4942511,2.4252402,2.4843924,2.4350989,265729785,664057856.0,1.205734,1,2.02429,0
2017-07-27,sh.600010,2.464675,2.5435446,2.4449576,2.464675,2.4843924,276372272,696464608.0,1.254024,1,-0.79365,0
2017-07-28,sh.600010,2.4449576,2.563262,2.3858054,2.5139685,2.464675,360246016,904980960.0,1.634597,1,1.999998,0
2017-07-31,sh.600010,2.5041098,2.7702947,2.4942511,2.7702947,2.5139685,806890320,2196065168.0,3.661221,1,10.19608,0
2017-08-01,sh.600010,2.8491643,2.859023,2.6914251,2.7308599,2.7702947,629197920,1765949904.0,2.854951,1,-1.423486,0
2017-08-02,sh.600010,2.7308599,2.9477513,2.7012838,2.8491643,2.7308599,728909360,2090538784.0,3.307386,1,4.332135,0
2017-08-03,sh.600010,2.7998708,2.9181752,2.7801534,2.8787404,2.8491643,460315504,1337099504.0,2.088656,1,1.038061,0
2017-08-04,sh.600010,2.8787404,3.1252079,2.859023,2.8984578,2.8787404,666856064,2018000560.0,3.025823,1,0.684931,0
2017-08-07,sh.600010,2.9674687,3.0266209,2.7900121,3.0069035,2.8984578,615792800,1837256976.0,2.794126,1,3.741493,0
2017-08-08,sh.600010,2.9773274,3.0956318,2.8984578,2.9181752,3.0069035,561026352,1697081328.0,2.545626,1,-2.950817,0
2017-08-09,sh.600010,2.859023,2.95761,2.8195882,2.9477513,2.9181752,414754560,1211630032.0,1.881926,1,1.013512,0
2017-08-10,sh.600010,2.9083165,2.9280339,2.8491643,2.8688817,2.9477513,305323280,895533072.0,1.385388,1,-2.675583,0
2017-08-11,sh.600010,2.7998708,2.8195882,2.5928381,2.6322729,2.8688817,449393568,1236749264.0,2.039099,1,-8.247422,0
2017-08-14,sh.600010,2.6224142,2.7407186,2.6224142,2.7012838,2.6322729,299362416,817884224.0,1.358341,1,2.62172,0
2017-08-15,sh.600010,2.6914251,2.7308599,2.6717077,2.7111425,2.7012838,227348634,622528944.0,1.031582,1,0.364963,0
2017-08-16,sh.600010,2.7012838,2.7111425,2.6519903,2.661849,2.7111425,213187209,579917216.0,0.967325,1,-1.81818,0
2017-08-17,sh.600010,2.7012838,2.7210012,2.661849,2.6815664,2.661849,158378340,430963936.0,0.718633,1,0.74074,0
2017-08-18,sh.600010,2.6519903,2.6519903,2.6026968,2.6322729,2.6815664,182305192,486193488.0,0.8272,1,-1.838233,0
2017-08-21,sh.600010,2.6322729,2.7012838,2.6224142,2.6914251,2.6322729,147676388,399045968.0,0.670074,1,2.247189,0
2017-08-22,sh.600010,2.6914251,2.6914251,2.6421316,2.661849,2.6914251,122951629,332706752.0,0.557886,1,-1.0989,0
2017-08-23,sh.600010,2.6224142,2.6421316,2.5731207,2.6125555,2.661849,173709771,459226416.0,0.788199,1,-1.85185,0
2017-08-24,sh.600010,2.6519903,2.661849,2.6026968,2.6026968,2.6125555,151012880,403088144.0,0.685213,1,-0.377358,0
2017-08-25,sh.600010,2.6125555,2.661849,2.6026968,2.661849,2.6026968,175997753,471508256.0,0.79858,1,2.272725,0
2017-08-28,sh.600010,2.6421316,2.7012838,2.6224142,2.6815664,2.661849,163132248,441228512.0,0.740204,1,0.74074,0
2017-08-29,sh.600010,2.6717077,2.7210012,2.661849,2.6815664,2.6815664,155679357,425306256.0,0.706387,1,0.0,0
2017-08-30,sh.600010,2.661849,2.7801534,2.661849,2.760436,2.6815664,280995248,776937776.0,1.275001,1,2.941174,0
2017-08-31,sh.600010,2.7407186,2.760436,2.7111425,2.7505773,2.760436,180893912,501497680.0,0.820796,1,-0.357142,0
2017-09-01,sh.600010,2.7505773,2.9773274,2.7407186,2.8491643,2.7505773,499430368,1450693760.0,2.266138,1,3.584234,0
2017-09-04,sh.600010,2.8491643,2.9181752,2.8195882,2.859023,2.8491643,297619568,864101552.0,1.350432,1,0.34602,0
2017-09-05,sh.600010,2.859023,2.859023,2.7900121,2.8195882,2.859023,165379353,472583600.0,0.7504,1,-1.379317,0
2017-09-06,sh.600010,2.7998708,2.859023,2.7702947,2.8393056,2.8195882,185317972,532488896.0,0.84087,1,0.699308,0
2017-09-07,sh.600010,2.8195882,2.8294469,2.7702947,2.7801534,2.8393056,151113535,427447696.0,0.685669,1,-2.083339,0
2017-09-08,sh.600010,2.760436,2.7998708,2.7505773,2.760436,2.7801534,98474545,276900960.0,0.446823,1,-0.709219,0
2017-09-11,sh.600010,2.7407186,2.7998708,2.7308599,2.7998708,2.760436,122119703,343242528.0,0.554111,1,1.42857,0
2017-09-12,sh.600010,2.7998708,2.9378926,2.7998708,2.859023,2.7998708,380360320,1107720951.0,1.725864,1,2.112683,0
2017-09-13,sh.600010,2.8393056,2.8787404,2.8195882,2.8491643,2.859023,173037307,499919666.0,0.785147,1,-0.344827,0
2017-09-14,sh.600010,2.8393056,2.859023,2.7801534,2.7900121,2.8491643,155132558,442656751.0,0.703905,1,-2.076131,0
2017-09-15,sh.600010,2.7900121,2.7900121,2.7012838,2.7210012,2.7900121,161413142,446861373.0,0.732403,1,-2.473496,0
2017-09-18,sh.600010,2.7111425,2.7505773,2.6815664,2.7210012,2.7210012,77294707,213217945.0,0.35072,1,0.0,0
2017-09-19,sh.600010,2.7210012,2.7407186,2.661849,2.6717077,2.7210012,113429780,309557984.0,0.514681,1,-1.811592,0
2017-09-20,sh.600010,2.6717077,2.7012838,2.6421316,2.6914251,2.6717077,98586699,267494303.0,0.447332,1,0.738007,0
2017-09-21,sh.600010,2.6815664,2.7111425,2.661849,2.6717077,2.6914251,91138214,247501447.0,0.413535,1,-0.7326,0
2017-09-22,sh.600010,2.6519903,2.6717077,2.6224142,2.661849,2.6717077,103540493,278301455.0,0.469809,1,-0.369003,0
2017-09-25,sh.600010,2.6421316,2.661849,2.6125555,2.6224142,2.661849,88911628,238163785.0,0.403432,1,-1.48148,0
2017-09-26,sh.600010,2.6224142,2.661849,2.6224142,2.661849,2.6224142,77231599,207578909.0,0.350434,1,1.503758,0
2017-09-27,sh.600010,2.6717077,2.7111425,2.6421316,2.6815664,2.661849,105071021,286286538.0,0.476754,1,0.74074,0
2017-09-28,sh.600010,2.6815664,2.6914251,2.6519903,2.661849,2.6815664,70315783,189847731.0,0.319054,1,-0.735293,0
2017-09-29,sh.600010,2.661849,2.6815664,2.6322729,2.661849,2.661849,69126093,186104263.0,0.313656,1,0.0,0
2017-10-09,sh.600010,2.6914251,2.7012838,2.661849,2.6815664,2.661849,67321238,182553015.0,0.305466,1,0.74074,0
2017-10-10,sh.600010,2.6717077,2.6717077,2.6125555,2.6519903,2.6815664,95126131,254338699.0,0.43163,1,-1.10294,0
2017-10-11,sh.600010,2.6421316,2.6519903,2.6224142,2.6322729,2.6519903,58479924,155993291.0,0.265349,1,-0.743494,0
2017-10-12,sh.600010,2.6322729,2.6421316,2.5829794,2.6322729,2.6322729,83783297,222470956.0,0.380162,1,0.0,0
2017-10-13,sh.600010,2.6322729,2.6421316,2.6125555,2.6224142,2.6322729,56458135,150296036.0,0.256176,1,-0.374532,0
2017-10-16,sh.600010,2.6322729,2.6519903,2.6125555,2.6224142,2.6224142,73005572,194718486.0,0.331259,1,0.0,0
2017-10-17,sh.600010,2.6125555,2.6224142,2.5928381,2.6026968,2.6224142,45312047,119563018.0,0.205601,1,-0.751879,0
2017-10-18,sh.600010,2.6026968,2.6026968,2.5435446,2.5435446,2.6026968,76195348,198866302.0,0.345732,1,-2.272734,0
2017-10-19,sh.600010,2.5336859,2.5336859,2.464675,2.4745337,2.5435446,99512120,251276860.0,0.451531,1,-2.713176,0
2017-10-20,sh.600010,2.464675,2.5336859,2.4449576,2.5238272,2.4745337,75493220,190992748.0,0.342546,1,1.99203,0
2017-10-23,sh.600010,2.5238272,2.5336859,2.5041098,2.5238272,2.5238272,40169903,102848927.0,0.182269,1,0.0,0
2017-10-24,sh.600010,2.5238272,2.5829794,2.5139685,2.5731207,2.5238272,62158946,161460115.0,0.282043,1,1.953123,0
2017-10-25,sh.600010,2.5829794,2.6125555,2.563262,2.5928381,2.5731207,70387903,185123011.0,0.319381,1,0.766292,0
2017-10-26,sh.600010,2.5928381,2.6224142,2.5829794,2.6125555,2.5928381,49019171,129472739.0,0.222422,1,0.760455,0
2017-10-27,sh.600010,2.6125555,2.6914251,2.6125555,2.6421316,2.6125555,113959596,306671779.0,0.517085,1,1.132074,0
2017-10-30,sh.600010,2.6421316,2.6421316,2.563262,2.5731207,2.6421316,81059549,212651403.0,0.367803,1,-2.611947,0
2017-10-31,sh.600010,2.563262,2.5928381,2.5435446,2.563262,2.5731207,67211186,174741017.0,0.304967,1,-0.383141,0
2017-11-01,sh.600010,2.5731207,2.6026968,2.563262,2.5928381,2.563262,62437900,163790181.0,0.283309,1,1.153854,0
2017-11-02,sh.600010,2.5928381,2.5928381,2.5435446,2.5534033,2.5928381,50082195,130342159.0,0.227245,1,-1.52092,0
2017-11-03,sh.600010,2.5534033,2.563262,2.4843924,2.5041098,2.5534033,65732484,166964746.0,0.298258,1,-1.9305,0
2017-11-06,sh.600010,2.5041098,2.5829794,2.4942511,2.5731207,2.5041098,94485291,243109508.0,0.428722,1,2.755903,0
2017-11-07,sh.600010,2.5534033,2.6421316,2.5534033,2.6322729,2.5731207,113489585,301073402.0,0.514953,1,2.298858,0
2017-11-08,sh.600010,2.6224142,2.661849,2.6026968,2.6421316,2.6322729,106826669,286069733.0,0.48472,1,0.374532,0
2017-11-09,sh.600010,2.6421316,2.661849,2.6125555,2.6224142,2.6421316,51972050,138756334.0,0.23582,1,-0.746268,0
2017-11-10,sh.600010,2.6125555,2.6224142,2.5829794,2.6125555,2.6224142,53641059,141518141.0,0.243393,1,-0.375939,0
2017-11-13,sh.600010,2.6125555,2.6519903,2.5829794,2.6519903,2.6125555,96474179,257081222.0,0.437746,1,1.509433,0
2017-11-14,sh.600010,2.661849,2.6914251,2.6322729,2.6421316,2.6519903,103915229,280751606.0,0.47151,1,-0.371747,0
2017-11-15,sh.600010,2.6224142,2.6322729,2.5928381,2.6026968,2.6421316,63329630,167167278.0,0.287355,1,-1.492536,0
2017-11-16,sh.600010,2.6026968,2.6026968,2.563262,2.5731207,2.6026968,63148304,165566143.0,0.286532,1,-1.136371,0
2017-11-17,sh.600010,2.563262,2.5731207,2.4843924,2.5041098,2.5731207,103577580,265163834.0,0.469978,1,-2.68199,0
2017-11-20,sh.600010,2.5041098,2.5336859,2.4350989,2.5336859,2.5041098,66259342,167388720.0,0.300648,1,1.181101,0
2017-11-21,sh.600010,2.5336859,2.5534033,2.5041098,2.5238272,2.5336859,61227650,156916989.0,0.277817,1,-0.389105,0
2017-11-22,sh.600010,2.5336859,2.5534033,2.5238272,2.5534033,2.5238272,59418560,153144910.0,0.269608,1,1.171874,0
2017-11-23,sh.600010,2.5534033,2.563262,2.4942511,2.5041098,2.5534033,66730572,171655757.0,0.302786,1,-1.9305,0
2017-11-24,sh.600010,2.4843924,2.5435446,2.4745337,2.5336859,2.5041098,63139533,160545058.0,0.286492,1,1.181101,0
2017-11-27,sh.600010,2.5238272,2.5435446,2.4843924,2.4942511,2.5336859,72488288,185214761.0,0.328912,1,-1.556419,0
2017-11-28,sh.600010,2.4942511,2.563262,2.4745337,2.5435446,2.4942511,98534738,252576920.0,0.447096,1,1.976283,0
2017-11-29,sh.600010,2.5534033,2.6026968,2.5336859,2.6026968,2.5435446,143222652,374399380.0,0.649865,1,2.325588,0
2017-11-30,sh.600010,2.5928381,2.6026968,2.5534033,2.563262,2.6026968,79489688,207827279.0,0.36068,1,-1.515159,0
2017-12-01,sh.600010,2.563262,2.5928381,2.5238272,2.5829794,2.563262,92002208,239518195.0,0.417455,1,0.76923,0
2017-12-04,sh.600010,2.5928381,2.6322729,2.5731207,2.6125555,2.5829794,111484675,294116644.0,0.505856,1,1.145046,0
2017-12-05,sh.600010,2.6026968,2.6026968,2.5041098,2.5139685,2.6125555,119460444,308566340.0,0.542045,1,-3.77359,0
2017-12-06,sh.600010,2.4942511,2.5139685,2.464675,2.5139685,2.5139685,90737525,229004429.0,0.411717,1,0.0,0
2017-12-07,sh.600010,2.5041098,2.5139685,2.4745337,2.4843924,2.5139685,40430083,102308186.0,0.183449,1,-1.176469,0
2017-12-08,sh.600010,2.4843924,2.5336859,2.4745337,2.5139685,2.4843924,60124740,153008296.0,0.272813,1,1.190475,0
2017-12-11,sh.600010,2.5139685,2.5829794,2.5041098,2.5731207,2.5139685,105551583,271863691.0,0.478935,1,2.352939,0
2017-12-12,sh.600010,2.563262,2.5829794,2.5534033,2.5534033,2.5731207,78714720,204832627.0,0.357164,1,-0.766283,0
2017-12-13,sh.600010,2.5534033,2.563262,2.5336859,2.5534033,2.5534033,58131002,150184870.0,0.263766,1,0.0,0
2017-12-14,sh.600010,2.5534033,2.5534033,2.5238272,2.5336859,2.5534033,39308871,101003394.0,0.178362,1,-0.7722,0
2017-12-15,sh.600010,2.5238272,2.5336859,2.4942511,2.5041098,2.5336859,47079580,119706832.0,0.213621,1,-1.167314,0
2017-12-18,sh.600010,2.5139685,2.5435446,2.4942511,2.5041098,2.5041098,61815822,157959501.0,0.280486,1,0.0,0
2017-12-19,sh.600010,2.5041098,2.5139685,2.4843924,2.5139685,2.5041098,42848831,108593103.0,0.194424,1,0.3937,0
2017-12-20,sh.600010,2.5041098,2.5041098,2.464675,2.4745337,2.5139685,58598614,147698963.0,0.265888,1,-1.568626,0
2017-12-21,sh.600010,2.464675,2.5041098,2.464675,2.4843924,2.4745337,39563706,99693973.0,0.179518,1,0.398406,0
2017-12-22,sh.600010,2.4843924,2.5139685,2.464675,2.4745337,2.4843924,57005483,143683514.0,0.258659,1,-0.396825,0
2017-12-25,sh.600010,2.464675,2.4745337,2.366088,2.3759467,2.4745337,94913339,233896332.0,0.430664,1,-3.98406,0
2017-12-26,sh.600010,2.366088,2.3956641,2.3562293,2.3858054,2.3759467,67207948,162128709.0,0.304952,1,0.414937,0
2017-12-27,sh.600010,2.3858054,2.4153815,2.3759467,2.3956641,2.3858054,43957930,107037187.0,0.199457,1,0.413223,0
2017-12-28,sh.600010,2.3858054,2.4449576,2.3858054,2.4350989,2.3956641,78576304,192937497.0,0.356536,1,1.646089,0
2017-12-29,sh.600010,2.4252402,2.4350989,2.3956641,2.4252402,2.4350989,64477666,157779707.0,0.292564,1,-0.404858,0
2018-01-02,sh.600010,2.4252402,2.4745337,2.4153815,2.464675,2.4252402,81626535,202762528.0,0.370376,1,1.626015,0
2018-01-03,sh.600010,2.4548163,2.4843924,2.4449576,2.4745337,2.464675,66821799,167198102.0,0.3032,1,0.4,0
2018-01-04,sh.600010,2.464675,2.4745337,2.4449576,2.464675,2.4745337,62793532,156639140.0,0.284922,1,-0.398406,0
2018-01-05,sh.600010,2.4745337,2.4745337,2.4548163,2.464675,2.464675,47594214,119118101.0,0.215956,1,0.0,0
2018-01-08,sh.600010,2.464675,2.5139685,2.4548163,2.5041098,2.464675,104855678,264602833.0,0.475777,1,1.599998,0
2018-01-09,sh.600010,2.5041098,2.5238272,2.4745337,2.5139685,2.5041098,84130570,213519217.0,0.381738,1,0.3937,0
2018-01-10,sh.600010,2.5139685,2.5139685,2.4745337,2.4843924,2.5139685,57232260,144731268.0,0.259688,1,-1.176469,0
2018-01-11,sh.600010,2.4843924,2.4843924,2.4449576,2.4548163,2.4843924,55684540,139018041.0,0.252666,1,-1.190475,0
2018-01-12,sh.600010,2.4548163,2.4745337,2.4252402,2.464675,2.4548163,68059976,169549313.0,0.308818,1,0.401606,0
2018-01-15,sh.600010,2.4548163,2.4548163,2.3858054,2.4055228,2.464675,75199114,184848245.0,0.341212,1,-2.399998,0
2018-01-16,sh.600010,2.3956641,2.4153815,2.3858054,2.4153815,2.4055228,47071748,114796728.0,0.213585,1,0.409836,0
2018-01-17,sh.600010,2.4055228,2.4252402,2.3858054,2.4252402,2.4153815,50574834,123613184.0,0.229481,1,0.408163,0
2018-01-18,sh.600010,2.4252402,2.4745337,2.4153815,2.4548163,2.4252402,73708463,183472064.0,0.334448,1,1.219511,0
2018-01-19,sh.600010,2.4548163,2.464675,2.4252402,2.4350989,2.4548163,51753618,128481862.0,0.234829,1,-0.803212,0
2018-01-22,sh.600010,2.4350989,2.4745337,2.4252402,2.464675,2.4350989,62491037,155659067.0,0.28355,1,1.214574,0
2018-01-23,sh.600010,2.464675,2.464675,2.4350989,2.4548163,2.464675,42950956,106656087.0,0.194888,1,-0.4,0
2018-01-24,sh.600010,2.4449576,2.4548163,2.4350989,2.4548163,2.4548163,46604082,115543923.0,0.211463,1,0.0,0
2018-01-25,sh.600010,2.5041098,2.5534033,2.4942511,2.5139685,2.4548163,152537226,389591828.0,0.692129,1,2.409636,0
2018-01-26,sh.600010,2.4942511,2.5041098,2.4745337,2.4843924,2.5139685,64407370,162475949.0,0.292245,1,-1.176469,0
2018-01-29,sh.600010,2.4942511,2.5336859,2.4843924,2.5041098,2.4843924,92421096,235181766.0,0.419356,1,0.79365,0
2018-01-30,sh.600010,2.4942511,2.5041098,2.4745337,2.4843924,2.5041098,55679936,140500182.0,0.252645,1,-0.787401,0
2018-01-31,sh.600010,2.4843924,2.4843924,2.4252402,2.4449576,2.4843924,70831393,175782926.0,0.321394,1,-1.5873,0
2018-02-01,sh.600010,2.4449576,2.4942511,2.3956641,2.4055228,2.4449576,99938592,247596590.0,0.453466,1,-1.612902,0
2018-02-02,sh.600010,2.3956641,2.464675,2.3167945,2.464675,2.4055228,93544090,227913529.0,0.424451,1,2.459014,0
2018-02-05,sh.600010,2.4252402,2.5041098,2.4153815,2.4843924,2.464675,97280388,243420558.0,0.441404,1,0.799999,0
2018-02-06,sh.600010,2.464675,2.464675,2.366088,2.3956641,2.4843924,118017387,289676011.0,0.535497,1,-3.571425,0
2018-02-07,sh.600010,2.4153815,2.4449576,2.3562293,2.3956641,2.3956641,85511636,208790061.0,0.388004,1,0.0,0
2018-02-08,sh.600010,2.3858054,2.4055228,2.3562293,2.3858054,2.3956641,64807362,156451917.0,0.29406,1,-0.411522,0
2018-02-09,sh.600010,2.3463706,2.3562293,2.1886314,2.2477836,2.3858054,168143347,385381751.0,0.762941,1,-5.785128,0
2018-02-12,sh.600010,2.2576423,2.2773597,2.2280662,2.267501,2.2477836,70367263,161119577.0,0.319288,1,0.877192,0
2018-02-13,sh.600010,2.2773597,2.2872184,2.2576423,2.2773597,2.267501,48084715,110875600.0,0.218182,1,0.434782,0
2018-02-14,sh.600010,2.2773597,2.2970771,2.2576423,2.2872184,2.2773597,39889319,92212081.0,0.180996,1,0.4329,0
2018-02-22,sh.600010,2.2872184,2.3463706,2.2872184,2.3266532,2.2872184,81392419,191455193.0,0.369314,1,1.724136,0
2018-02-23,sh.600010,2.3266532,2.3266532,2.2773597,2.3167945,2.3266532,82421140,191942051.0,0.373981,1,-0.423728,0
2018-02-26,sh.600010,2.3069358,2.3463706,2.2970771,2.3365119,2.3167945,81943454,192910075.0,0.371814,1,0.851063,0
2018-02-27,sh.600010,2.3266532,2.3266532,2.2970771,2.3167945,2.3365119,49843159,116911933.0,0.226161,1,-0.843881,0
2018-02-28,sh.600010,2.2970771,2.3562293,2.2773597,2.3365119,2.3167945,79977499,187973356.0,0.362894,1,0.851063,0
2018-03-01,sh.600010,2.3167945,2.3365119,2.3069358,2.3266532,2.3365119,39985600,94081196.0,0.181432,1,-0.42194,0
2018-03-02,sh.600010,2.3069358,2.3365119,2.2872184,2.3069358,2.3266532,56523612,132230195.0,0.256473,1,-0.847457,0
2018-03-05,sh.600010,2.2970771,2.3069358,2.267501,2.2872184,2.3069358,48984683,113445141.0,0.222265,1,-0.8547,0
2018-03-06,sh.600010,2.2773597,2.3167945,2.267501,2.3069358,2.2872184,56027835,130176523.0,0.254223,1,0.862068,0
2018-03-07,sh.600010,2.3069358,2.3069358,2.2773597,2.2872184,2.3069358,39830954,92696029.0,0.180731,1,-0.8547,0
2018-03-08,sh.600010,2.2872184,2.3069358,2.2773597,2.2970771,2.2872184,32532863,75654233.0,0.147616,1,0.431034,0
2018-03-09,sh.600010,2.2970771,2.2970771,2.267501,2.2970771,2.2970771,56077922,129912606.0,0.25445,1,0.0,0
2018-03-12,sh.600010,2.2872184,2.3069358,2.2773597,2.3069358,2.2970771,76184544,177106655.0,0.345683,1,0.429184,0
2018-03-13,sh.600010,2.2970771,2.2970771,2.267501,2.2773597,2.3069358,77658979,179661862.0,0.352373,1,-1.28205,0
2018-03-14,sh.600010,2.267501,2.3069358,2.267501,2.2872184,2.2773597,109344304,254043020.0,0.496144,1,0.4329,0
2018-03-15,sh.600010,2.2773597,2.2872184,2.2477836,2.267501,2.2872184,82340830,188854657.0,0.373617,1,-0.862068,0
2018-03-16,sh.600010,2.2576423,2.267501,2.2477836,2.2576423,2.267501,41170386,94191590.0,0.186808,1,-0.434782,0
2018-03-19,sh.600010,2.2576423,2.2576423,2.2280662,2.2379249,2.2576423,99901472,227053211.0,0.453297,1,-0.873362,0
2018-03-20,sh.600010,2.2280662,2.2379249,2.2083488,2.2379249,2.2379249,53392985,120446885.0,0.242268,1,0.0,0
2018-03-21,sh.600010,2.2379249,2.2576423,2.2182075,2.2280662,2.2379249,51838902,117725247.0,0.235216,1,-0.440528,0
2018-03-22,sh.600010,2.2280662,2.2379249,2.2083488,2.2280662,2.2280662,35577289,80078451.0,0.16143,1,0.0,0
2018-03-23,sh.600010,2.1984901,2.1984901,2.0801857,2.1196205,2.2280662,112830231,245118541.0,0.511961,1,-4.867252,0
2018-03-26,sh.600010,2.0900444,2.1491966,2.0506096,2.1393379,2.1196205,78955593,169198992.0,0.358257,1,0.930232,0
2018-03-27,sh.600010,2.1393379,2.1787727,2.1294792,2.1590553,2.1393379,71859482,156866338.0,0.326058,1,0.921658,0
2018-03-28,sh.600010,2.1393379,2.1491966,2.1196205,2.1393379,2.1590553,44363378,95908339.0,0.201296,1,-0.913241,0
2018-03-29,sh.600010,2.1393379,2.1787727,2.1196205,2.1590553,2.1393379,81151998,176988348.0,0.368223,1,0.921658,0
2018-03-30,sh.600010,2.1590553,2.168914,2.1393379,2.1491966,2.1590553,40411195,88291884.0,0.183364,1,-0.456621,0
2018-04-02,sh.600010,2.1590553,2.1787727,2.1491966,2.1590553,2.1491966,55447116,121508192.0,0.251588,1,0.458715,0
2018-04-03,sh.600010,2.1491966,2.1491966,2.1196205,2.1393379,2.1590553,50180424,108794588.0,0.227691,1,-0.913241,0
2018-04-04,sh.600010,2.1294792,2.1491966,2.1294792,2.1491966,2.1393379,37236234,80964864.0,0.168957,1,0.460829,0
2018-04-09,sh.600010,2.1491966,2.1491966,2.1491966,2.1491966,2.1491966,0,0.0,,0,0.0,0
2018-04-10,sh.600010,2.1491966,2.1491966,2.1491966,2.1491966,2.1491966,0,0.0,,0,0.0,0
2018-04-11,sh.600010,2.1491966,2.1491966,2.1491966,2.1491966,2.1491966,0,0.0,,0,0.0,0
2018-04-12,sh.600010,2.1491966,2.1491966,2.1491966,2.1491966,2.1491966,0,0.0,,0,0.0,0
2018-04-13,sh.600010,2.1491966,2.1491966,2.1491966,2.1491966,2.1491966,0,0.0,,0,0.0,0
2018-04-16,sh.600010,2.1491966,2.1491966,2.1491966,2.1491966,2.1491966,0,0.0,,0,0.0,0
2018-04-17,sh.600010,2.1491966,2.1491966,2.1491966,2.1491966,2.1491966,0,0.0,,0,0.0,0
2018-04-18,sh.600010,2.1491966,2.1491966,2.1491966,2.1491966,2.1491966,0,0.0,,0,0.0,0
2018-04-19,sh.600010,2.1491966,2.1491966,2.1491966,2.1491966,2.1491966,0,0.0,,0,0.0,0
2018-04-20,sh.600010,2.1886314,2.1886314,2.0604683,2.0999031,2.1491966,101261414,217074222.0,0.459468,1,-2.293576,0
2018-04-23,sh.600010,2.0801857,2.0900444,2.0407509,2.0604683,2.0999031,66243415,138479085.0,0.300576,1,-1.877944,0
2018-04-24,sh.600010,2.0604683,2.0999031,2.0506096,2.0900444,2.0604683,48983511,103515924.0,0.22226,1,1.435405,0
2018-04-25,sh.600010,2.070327,2.0801857,2.0604683,2.0801857,2.0900444,37659833,79139019.0,0.170879,1,-0.471698,0
2018-04-26,sh.600010,2.070327,2.0801857,2.0506096,2.070327,2.0801857,33750104,70501831.0,0.153139,1,-0.473933,0
2018-04-27,sh.600010,2.0604683,2.070327,2.0308922,2.0506096,2.070327,55467892,115185714.0,0.251683,1,-0.95238,0
2018-05-02,sh.600010,2.0407509,2.0506096,1.9914574,2.0111748,2.0506096,69936580,142522511.0,0.317333,1,-1.923075,0
2018-05-03,sh.600010,2.0013161,2.0111748,1.9618813,2.0111748,2.0111748,63581281,128073413.0,0.288497,1,0.0,0
2018-05-04,sh.600010,2.0013161,2.0111748,1.97174,1.9914574,2.0111748,51617527,104062937.0,0.234212,1,-0.980391,0
2018-05-07,sh.600010,1.9815987,2.0013161,1.97174,2.0013161,1.9914574,64960696,130920771.0,0.294756,1,0.495049,0
2018-05-08,sh.600010,1.9914574,2.0013161,1.9815987,2.0013161,2.0013161,42622038,86143419.0,0.193395,1,0.0,0
2018-05-09,sh.600010,1.9914574,2.0013161,1.97174,1.9914574,2.0013161,68018176,136749607.0,0.308629,1,-0.49261,0
2018-05-10,sh.600010,1.9914574,1.9914574,1.97174,1.9914574,1.9914574,47823293,95931495.0,0.216996,1,0.0,0
2018-05-11,sh.600010,1.9815987,1.9914574,1.97174,1.9914574,1.9914574,45709153,91914103.0,0.207403,1,0.0,0
2018-05-14,sh.600010,1.9815987,1.9914574,1.97174,1.9815987,1.9914574,50220923,100756639.0,0.227875,1,-0.495049,0
2018-05-15,sh.600010,1.9815987,1.9914574,1.97174,1.9914574,1.9815987,45123784,90739482.0,0.204747,1,0.497512,0
2018-05-16,sh.600010,1.9914574,1.9914574,1.97174,1.9815987,1.9914574,35829561,72102346.0,0.162575,1,-0.495049,0
2018-05-17,sh.600010,1.9815987,1.9914574,1.9618813,1.9815987,1.9815987,71407606,142933622.0,0.324008,1,0.0,0
2018-05-18,sh.600010,1.97174,1.9815987,1.9618813,1.9815987,1.9815987,38124467,76392976.0,0.172988,1,0.0,0
2018-05-21,sh.600010,1.9914574,2.0407509,1.9815987,2.0308922,1.9815987,131823423,270705939.0,0.598142,1,2.48756,0
2018-05-22,sh.600010,2.0210335,2.0308922,2.0111748,2.0308922,2.0308922,72598238,148861549.0,0.329411,1,0.0,0
2018-05-23,sh.600010,2.0210335,2.0308922,1.9914574,1.9914574,2.0308922,71863406,146060368.0,0.326076,1,-1.941746,0
2018-05-24,sh.600010,1.9815987,2.0013161,1.9815987,1.9815987,1.9914574,51411352,103806853.0,0.233276,1,-0.495049,0
2018-05-25,sh.600010,1.9914574,1.9914574,1.97174,1.9815987,1.9815987,54912382,110354345.0,0.249162,1,0.0,0
2018-05-28,sh.600010,1.97174,1.9815987,1.7844247,1.7844247,1.9815987,536470240,995058581.0,1.693553,1,-9.950252,0
2018-05-29,sh.600010,1.7154138,1.7647073,1.6464029,1.7351312,1.7844247,304168752,527523476.0,0.960213,1,-2.762429,0
2018-05-30,sh.600010,1.6956964,1.7154138,1.6464029,1.6562616,1.7351312,216193425,368900133.0,0.682489,1,-4.545457,0
2018-05-31,sh.600010,1.675979,1.6956964,1.6365442,1.6858377,1.6562616,211752932,356361520.0,0.668471,1,1.78572,0
2018-06-01,sh.600010,1.6661203,1.6858377,1.6464029,1.6661203,1.6858377,131144573,221897428.0,0.414003,1,-1.16959,0
2018-06-04,sh.600010,1.6562616,1.675979,1.6365442,1.6562616,1.6661203,132980435,222553084.0,0.419798,1,-0.591722,0
2018-06-05,sh.600010,1.6464029,1.6562616,1.6266855,1.6562616,1.6562616,168718495,280757991.0,0.532618,1,0.0,0
2018-06-06,sh.600010,1.6365442,1.6562616,1.6266855,1.6562616,1.6562616,115079540,191813963.0,0.363288,1,0.0,0
2018-06-07,sh.600010,1.6464029,1.7055551,1.6464029,1.675979,1.6562616,248031278,423132339.0,0.782996,1,1.190482,0
2018-06-08,sh.600010,1.6661203,1.675979,1.6464029,1.6661203,1.675979,135197472,227956300.0,0.426797,1,-0.588235,0
2018-06-11,sh.600010,1.6562616,1.6858377,1.6464029,1.675979,1.6661203,104763720,177358374.0,0.330723,1,0.591715,0
2018-06-12,sh.600010,1.6661203,1.675979,1.6464029,1.675979,1.675979,121002444,203800407.0,0.381986,1,0.0,0
2018-06-13,sh.600010,1.6562616,1.6858377,1.6562616,1.6661203,1.675979,119739714,202417872.0,0.378,1,-0.588235,0
2018-06-14,sh.600010,1.6562616,1.7055551,1.6464029,1.6858377,1.6661203,243007630,413581694.0,0.767137,1,1.183431,0
2018-06-15,sh.600010,1.675979,1.6858377,1.6562616,1.675979,1.6858377,190470746,322008875.0,0.601286,1,-0.584795,0
2018-06-19,sh.600010,1.6562616,1.6562616,1.5083811,1.5083811,1.675979,320521424,503704924.0,1.011836,1,-10.0,0
2018-06-20,sh.600010,1.4689463,1.4985224,1.4295115,1.4886637,1.5083811,297833504,442968955.0,0.940214,1,-1.307188,0
2018-06-21,sh.600010,1.4689463,1.6365442,1.4590876,1.5872507,1.4886637,561788128,904016248.0,1.773477,1,6.622518,0
2018-06-22,sh.600010,1.5379572,1.5872507,1.4985224,1.577392,1.5872507,360853872,562523037.0,1.139159,1,-0.621117,0
2018-06-25,sh.600010,1.577392,1.577392,1.5083811,1.5182398,1.577392,226633077,353834512.0,0.715445,1,-3.750004,0
2018-06-26,sh.600010,1.4886637,1.5280985,1.4689463,1.5280985,1.5182398,174983377,266074768.0,0.552395,1,0.64935,0
2018-06-27,sh.600010,1.5182398,1.5379572,1.478805,1.4985224,1.5280985,183220139,279686522.0,0.578397,1,-1.935482,0
2018-06-28,sh.600010,1.4985224,1.5280985,1.4886637,1.4985224,1.4985224,124010791,189676852.0,0.391483,1,0.0,0
2018-06-29,sh.600010,1.4985224,1.5379572,1.4886637,1.5280985,1.4985224,163653751,251737879.0,0.516629,1,1.973682,0
2018-07-02,sh.600010,1.5182398,1.5280985,1.478805,1.4985224,1.5280985,143843854,218768021.0,0.454093,1,-1.935482,0
2018-07-03,sh.600010,1.4886637,1.5083811,1.4689463,1.5083811,1.4985224,128085470,193388111.0,0.404346,1,0.657894,0
2018-07-04,sh.600010,1.4985224,1.5478159,1.4886637,1.5182398,1.5083811,184303998,283547043.0,0.581819,1,0.653594,0
2018-07-05,sh.600010,1.4886637,1.5083811,1.4590876,1.4689463,1.5182398,158572279,238260331.0,0.500588,1,-3.24675,0
2018-07-06,sh.600010,1.4590876,1.478805,1.4393702,1.4689463,1.4689463,151069986,223404469.0,0.476904,1,0.0,0
2018-07-09,sh.600010,1.4689463,1.4985224,1.4590876,1.4985224,1.4689463,107967743,162720312.0,0.340837,1,2.013421,0
2018-07-10,sh.600010,1.4886637,1.5182398,1.4886637,1.5083811,1.4985224,117561175,179283967.0,0.371122,1,0.657894,0
2018-07-11,sh.600010,1.478805,1.4985224,1.4590876,1.4886637,1.5083811,121732553,182565074.0,0.384291,1,-1.307188,0
2018-07-12,sh.600010,1.478805,1.5182398,1.478805,1.5083811,1.4886637,160594759,245524061.0,0.506973,1,1.324502,0
2018-07-13,sh.600010,1.5083811,1.5280985,1.4985224,1.5182398,1.5083811,131655487,202728269.0,0.415616,1,0.653594,0
2018-07-16,sh.600010,1.5182398,1.5280985,1.5083811,1.5280985,1.5182398,82730184,127318261.0,0.261166,1,0.64935,0
2018-07-17,sh.600010,1.5182398,1.5280985,1.4985224,1.5182398,1.5280985,72931017,111683490.0,0.230232,1,-0.645161,0
2018-07-18,sh.600010,1.5083811,1.5182398,1.4985224,1.4985224,1.5182398,77153684,118002441.0,0.243562,1,-1.2987,0
2018-07-19,sh.600010,1.4985224,1.5280985,1.4985224,1.5182398,1.4985224,148596620,227920877.0,0.469096,1,1.315788,0
2018-07-20,sh.600010,1.5083811,1.5280985,1.4886637,1.5280985,1.5182398,171029736,261945822.0,0.539914,1,0.64935,0
2018-07-23,sh.600010,1.5083811,1.5478159,1.5083811,1.5478159,1.5280985,232707092,361479549.0,0.73462,1,1.290329,0
2018-07-24,sh.600010,1.5379572,1.6069681,1.5379572,1.5872507,1.5478159,324882576,520778765.0,1.025603,1,2.547768,0
2018-07-25,sh.600010,1.577392,1.6562616,1.5576746,1.6168268,1.5872507,392121728,637974786.0,1.237867,1,1.863352,0
2018-07-26,sh.600010,1.6069681,1.6464029,1.5872507,1.6266855,1.6168268,287590000,471589426.0,0.907877,1,0.609756,0
2018-07-27,sh.600010,1.6266855,1.6956964,1.6168268,1.6858377,1.6266855,380964672,637256426.0,1.202646,1,3.636368,0
2018-07-30,sh.600010,1.675979,1.7351312,1.6266855,1.6464029,1.6858377,433076272,737909631.0,1.367154,1,-2.339186,0
2018-07-31,sh.600010,1.6266855,1.6562616,1.6069681,1.6464029,1.6464029,174382401,288740491.0,0.550498,1,0.0,0
2018-08-01,sh.600010,1.6464029,1.6661203,1.5971094,1.6069681,1.6464029,190152257,315305573.0,0.600281,1,-2.395207,0
2018-08-02,sh.600010,1.5971094,1.6069681,1.5379572,1.5872507,1.6069681,225327007,358953068.0,0.711322,1,-1.226993,0
2018-08-03,sh.600010,1.577392,1.6069681,1.5478159,1.5576746,1.5872507,173793153,278547811.0,0.548638,1,-1.863352,0
2018-08-06,sh.600010,1.5478159,1.577392,1.5379572,1.5576746,1.5576746,155068464,244804744.0,0.489527,1,0.0,0
2018-08-07,sh.600010,1.5675333,1.6168268,1.5576746,1.6069681,1.5576746,180465808,290088349.0,0.569702,1,3.164554,0
2018-08-08,sh.600010,1.5971094,1.6562616,1.5971094,1.6365442,1.6069681,283230656,468577211.0,0.894115,1,1.840489,0
2018-08-09,sh.600010,1.6266855,1.6562616,1.6168268,1.6464029,1.6365442,230414093,383170335.0,0.727381,1,0.602409,0
2018-08-10,sh.600010,1.6365442,1.6464029,1.5971094,1.6266855,1.6464029,148372547,244063528.0,0.468389,1,-1.197604,0
2018-08-13,sh.600010,1.6069681,1.6266855,1.5872507,1.6266855,1.6266855,172445719,280425710.0,0.544384,1,0.0,0
2018-08-14,sh.600010,1.6168268,1.6168268,1.5971094,1.6069681,1.6266855,118921920,193872813.0,0.375418,1,-1.21212,0
2018-08-15,sh.600010,1.5971094,1.6069681,1.5576746,1.5675333,1.6069681,147130549,235522191.0,0.464468,1,-2.453985,0
2018-08-16,sh.600010,1.5478159,1.577392,1.5379572,1.5576746,1.5675333,124051344,195993888.0,0.391611,1,-0.62893,0
2018-08-17,sh.600010,1.5675333,1.577392,1.5280985,1.5280985,1.5576746,122000541,191865208.0,0.385137,1,-1.89874,0
2018-08-20,sh.600010,1.5280985,1.5478159,1.5182398,1.5478159,1.5280985,114631570,178200721.0,0.361874,1,1.290329,0
2018-08-21,sh.600010,1.5379572,1.5675333,1.5379572,1.5576746,1.5478159,100389685,158030222.0,0.316915,1,0.636942,0
2018-08-22,sh.600010,1.5478159,1.5576746,1.5379572,1.5379572,1.5576746,64817398,101744752.0,0.204618,1,-1.265829,0
2018-08-23,sh.600010,1.5379572,1.5478159,1.5182398,1.5379572,1.5379572,83638489,130109310.0,0.264034,1,0.0,0
2018-08-24,sh.600010,1.5379572,1.5478159,1.5280985,1.5379572,1.5379572,60974547,94948141.0,0.192487,1,0.0,0
2018-08-27,sh.600010,1.5379572,1.5675333,1.5280985,1.5576746,1.5379572,155238776,244144941.0,0.490065,1,1.282058,0
2018-08-28,sh.600010,1.5576746,1.5675333,1.5478159,1.5478159,1.5576746,98942225,156289118.0,0.312345,1,-0.632911,0
2018-08-29,sh.600010,1.5478159,1.5576746,1.5379572,1.5379572,1.5478159,80867241,126835947.0,0.255285,1,-0.63695,0
2018-08-30,sh.600010,1.5379572,1.5478159,1.4985224,1.4985224,1.5379572,122201893,188466772.0,0.385772,1,-2.5641,0
2018-08-31,sh.600010,1.4886637,1.5083811,1.478805,1.4886637,1.4985224,134434988,203870393.0,0.42439,1,-0.657894,0
2018-09-03,sh.600010,1.4886637,1.4985224,1.478805,1.4985224,1.4886637,64819318,97985618.0,0.204624,1,0.662251,0
2018-09-04,sh.600010,1.4985224,1.5182398,1.4886637,1.5083811,1.4985224,76318536,116527868.0,0.240926,1,0.657894,0
2018-09-05,sh.600010,1.5083811,1.5083811,1.4886637,1.4886637,1.5083811,62320894,94748270.0,0.196737,1,-1.307188,0
2018-09-06,sh.600010,1.4886637,1.4985224,1.4689463,1.478805,1.4886637,94670277,142587321.0,0.298859,1,-0.662251,0
2018-09-07,sh.600010,1.478805,1.4985224,1.4689463,1.4689463,1.478805,85650828,128835122.0,0.270386,1,-0.666666,0
2018-09-10,sh.600010,1.478805,1.478805,1.4590876,1.4689463,1.4689463,72149960,107584045.0,0.227766,1,0.0,0
2018-09-11,sh.600010,1.4689463,1.478805,1.4492289,1.478805,1.4689463,95208060,141351928.0,0.300557,1,0.67114,0
2018-09-12,sh.600010,1.4689463,1.478805,1.4590876,1.4689463,1.478805,78324280,116558938.0,0.247257,1,-0.666666,0
2018-09-13,sh.600010,1.4689463,1.4886637,1.4590876,1.4689463,1.4689463,122622293,182991655.0,0.387099,1,0.0,0
2018-09-14,sh.600010,1.4689463,1.478805,1.4590876,1.478805,1.4689463,129635735,193457668.0,0.40924,1,0.67114,0
2018-09-17,sh.600010,1.4689463,1.4689463,1.4295115,1.4393702,1.478805,138012220,202591503.0,0.435683,1,-2.666664,0
2018-09-18,sh.600010,1.4295115,1.4689463,1.4196528,1.4590876,1.4393702,131638343,193099231.0,0.415562,1,1.369862,0
2018-09-19,sh.600010,1.4492289,1.478805,1.4492289,1.4689463,1.4590876,128955809,192075057.0,0.407093,1,0.675675,0
2018-09-20,sh.600010,1.4689463,1.4886637,1.4590876,1.478805,1.4689463,150139570,224784414.0,0.473967,1,0.67114,0
2018-09-21,sh.600010,1.478805,1.4985224,1.4590876,1.4886637,1.478805,163459487,245473880.0,0.516016,1,0.666666,0
2018-09-25,sh.600010,1.478805,1.4886637,1.4689463,1.4689463,1.4886637,81210855,121704197.0,0.25637,1,-1.324502,0
2018-09-26,sh.600010,1.478805,1.5182398,1.4689463,1.4985224,1.4689463,199434353,302812637.0,0.629583,1,2.013421,0
2018-09-27,sh.600010,1.4985224,1.5083811,1.478805,1.4886637,1.4985224,110806767,167557620.0,0.3498,1,-0.657894,0
2018-09-28,sh.600010,1.4886637,1.6365442,1.478805,1.6365442,1.4886637,934108160,1516933770.0,2.948833,1,9.933773,0
2018-10-08,sh.600010,1.6069681,1.6661203,1.5872507,1.6365442,1.6365442,704114208,1163429078.0,2.222778,1,0.0,0
2018-10-09,sh.600010,1.6266855,1.6562616,1.6069681,1.6365442,1.6365442,348301840,576525999.0,1.099534,1,0.0,0
2018-10-10,sh.600010,1.6365442,1.6365442,1.5675333,1.5971094,1.6365442,397678320,644997533.0,1.255408,1,-2.409636,0
2018-10-11,sh.600010,1.5478159,1.5675333,1.478805,1.4985224,1.5971094,437139648,674187420.0,1.379981,1,-6.172841,0
2018-10-12,sh.600010,1.4985224,1.5576746,1.4886637,1.5379572,1.4985224,351899008,543145138.0,1.11089,1,2.631577,0
2018-10-15,sh.600010,1.5478159,1.577392,1.5182398,1.5478159,1.5379572,249789668,391175992.0,0.788547,1,0.641033,0
2018-10-16,sh.600010,1.5280985,1.5675333,1.5083811,1.5182398,1.5478159,184065032,286363867.0,0.581065,1,-1.910834,0
2018-10-17,sh.600010,1.5379572,1.5478159,1.4985224,1.5182398,1.5182398,183310637,281714694.0,0.578683,1,0.0,0
2018-10-18,sh.600010,1.5083811,1.5083811,1.4393702,1.4492289,1.5182398,269200880,399425252.0,0.849825,1,-4.54545,0
2018-10-19,sh.600010,1.4295115,1.4886637,1.4196528,1.478805,1.4492289,222151892,328781802.0,0.701299,1,2.040814,0
2018-10-22,sh.600010,1.478805,1.5675333,1.478805,1.5478159,1.478805,307632976,475611435.0,0.971149,1,4.66667,0
2018-10-23,sh.600010,1.5379572,1.5379572,1.4886637,1.4985224,1.5478159,243502969,373297295.0,0.768701,1,-3.184718,0
2018-10-24,sh.600010,1.4985224,1.5280985,1.4886637,1.5083811,1.4985224,174876215,266881789.0,0.552057,1,0.657894,0
2018-10-25,sh.600010,1.4689463,1.5083811,1.4492289,1.5083811,1.5083811,187740374,281583926.0,0.592667,1,0.0,0
2018-10-26,sh.600010,1.5083811,1.5576746,1.5083811,1.5280985,1.5083811,271643520,422496742.0,0.857536,1,1.307188,0
2018-10-29,sh.600010,1.5182398,1.5280985,1.4886637,1.4985224,1.5280985,176098160,270041143.0,0.555914,1,-1.935482,0
2018-10-30,sh.600010,1.4985224,1.5872507,1.478805,1.5576746,1.4985224,338460832,526597689.0,1.068468,1,3.947373,0
2018-10-31,sh.600010,1.5576746,1.6464029,1.5379572,1.5971094,1.5576746,493745760,800737773.0,1.558678,1,2.531643,0
2018-11-01,sh.600010,1.5872507,1.5971094,1.5576746,1.5675333,1.5971094,294326592,470789710.0,0.929143,1,-1.85185,0
2018-11-02,sh.600010,1.577392,1.6069681,1.5675333,1.5971094,1.5675333,252623381,406899904.0,0.797492,1,1.886791,0
2018-11-05,sh.600010,1.5872507,1.5971094,1.5576746,1.577392,1.5971094,218991002,350421241.0,0.69132,1,-1.234567,0
2018-11-06,sh.600010,1.5675333,1.577392,1.5576746,1.5675333,1.577392,117221943,186282581.0,0.370051,1,-0.624999,0
2018-11-07,sh.600010,1.5675333,1.5971094,1.5576746,1.5675333,1.5675333,191014279,305840528.0,0.603002,1,0.0,0
2018-11-08,sh.600010,1.577392,1.5872507,1.5576746,1.577392,1.5675333,162747468,259404562.0,0.513768,1,0.62893,0
2018-11-09,sh.600010,1.5576746,1.5675333,1.5379572,1.5478159,1.577392,119671700,188540496.0,0.377785,1,-1.874998,0
2018-11-12,sh.600010,1.5379572,1.5872507,1.5280985,1.577392,1.5478159,189555421,300688582.0,0.598397,1,1.910826,0
2018-11-13,sh.600010,1.5576746,1.6365442,1.5576746,1.6266855,1.577392,437784352,712415704.0,1.382017,1,3.124997,0
2018-11-14,sh.600010,1.6168268,1.7154138,1.6069681,1.6464029,1.6266855,685152864,1154610625.0,2.16292,1,1.21212,0
2018-11-15,sh.600010,1.6365442,1.6562616,1.6168268,1.6562616,1.6464029,261229265,433175638.0,0.82466,1,0.598802,0
2018-11-16,sh.600010,1.6464029,1.6562616,1.6168268,1.6266855,1.6562616,227336020,376946356.0,0.717664,1,-1.785713,0
2018-11-19,sh.600010,1.6266855,1.6464029,1.6069681,1.6464029,1.6266855,184386269,303456930.0,0.582079,1,1.21212,0
2018-11-20,sh.600010,1.6266855,1.6365442,1.5971094,1.5971094,1.6464029,211191871,346256476.0,0.6667,1,-2.994009,0
2018-11-21,sh.600010,1.577392,1.6069681,1.5478159,1.5971094,1.5971094,331434208,530257951.0,1.046286,1,0.0,0
2018-11-22,sh.600010,1.5872507,1.6069681,1.577392,1.5971094,1.5971094,150794338,243228320.0,0.476034,1,0.0,0
2018-11-23,sh.600010,1.5872507,1.5971094,1.5379572,1.5478159,1.5971094,197687282,313162997.0,0.624068,1,-3.086417,0
2018-11-26,sh.600010,1.5379572,1.5675333,1.5379572,1.5576746,1.5478159,104901976,165283203.0,0.331159,1,0.636942,0
2018-11-27,sh.600010,1.5576746,1.5675333,1.5379572,1.5478159,1.5576746,95656800,150777044.0,0.301974,1,-0.632911,0
2018-11-28,sh.600010,1.5478159,1.5675333,1.5280985,1.5576746,1.5478159,124622569,195521644.0,0.393414,1,0.636942,0
2018-11-29,sh.600010,1.5576746,1.577392,1.5280985,1.5379572,1.5576746,221794905,349854239.0,0.700172,1,-1.265829,0
2018-11-30,sh.600010,1.5280985,1.5379572,1.478805,1.5083811,1.5379572,326621664,498042914.0,1.031093,1,-1.923075,0
2018-12-03,sh.600010,1.5280985,1.5576746,1.5182398,1.5478159,1.5083811,262350463,409559747.0,0.828199,1,2.614384,0
2018-12-04,sh.600010,1.5478159,1.5675333,1.5280985,1.5576746,1.5478159,190828736,300947940.0,0.602416,1,0.636942,0
2018-12-05,sh.600010,1.5280985,1.5576746,1.5182398,1.5379572,1.5576746,188313812,293396592.0,0.594477,1,-1.265829,0
2018-12-06,sh.600010,1.5379572,1.5478159,1.5083811,1.5182398,1.5379572,132190707,204751823.0,0.417305,1,-1.28205,0
2018-12-07,sh.600010,1.5083811,1.5280985,1.5083811,1.5182398,1.5182398,72947149,112504282.0,0.230283,1,0.0,0
2018-12-10,sh.600010,1.5083811,1.5182398,1.4985224,1.5083811,1.5182398,74952365,114781730.0,0.236613,1,-0.64935,0
2018-12-11,sh.600010,1.5182398,1.5182398,1.4985224,1.5182398,1.5083811,91750170,140533157.0,0.289641,1,0.653594,0
2018-12-12,sh.600010,1.5182398,1.5280985,1.5083811,1.5182398,1.5182398,79331620,122404913.0,0.250438,1,0.0,0
2018-12-13,sh.600010,1.5379572,1.577392,1.5280985,1.5576746,1.5182398,222860141,351333480.0,0.703535,1,2.597408,0
2018-12-14,sh.600010,1.5576746,1.5872507,1.5379572,1.5379572,1.5576746,257872491,408878793.0,0.814063,1,-1.265829,0
2018-12-17,sh.600010,1.5379572,1.5576746,1.5280985,1.5478159,1.5379572,140453740,220124196.0,0.44339,1,0.641033,0
2018-12-18,sh.600010,1.5379572,1.5576746,1.5280985,1.5379572,1.5478159,92135264,143975829.0,0.290857,1,-0.63695,0
2018-12-19,sh.600010,1.5478159,1.5478159,1.5280985,1.5280985,1.5379572,71748494,111791819.0,0.226499,1,-0.641025,0
2018-12-20,sh.600010,1.5280985,1.5379572,1.5182398,1.5280985,1.5280985,82558101,127917031.0,0.260623,1,0.0,0
2018-12-21,sh.600010,1.5280985,1.5379572,1.5182398,1.5280985,1.5280985,78943752,122415794.0,0.249213,1,0.0,0
2018-12-24,sh.600010,1.5280985,1.5280985,1.5083811,1.5182398,1.5280985,80941232,124774777.0,0.255519,1,-0.645161,0
2018-12-25,sh.600010,1.5083811,1.5182398,1.4689463,1.4985224,1.5182398,193804523,292730722.0,0.611811,1,-1.2987,0
2018-12-26,sh.600010,1.4886637,1.4985224,1.478805,1.4886637,1.4985224,78444573,118416704.0,0.247637,1,-0.657894,0
2018-12-27,sh.600010,1.478805,1.4886637,1.4492289,1.4492289,1.4886637,226700302,337099627.0,0.715657,1,-2.649004,0
2018-12-28,sh.600010,1.4393702,1.4689463,1.4295115,1.4590876,1.4492289,98392614,144522643.0,0.31061,1,0.680271,0
2019-01-02,sh.600010,1.4590876,1.4689463,1.4393702,1.4492289,1.4590876,72259638,106396061.0,0.228112,1,-0.675675,0
2019-01-03,sh.600010,1.4492289,1.478805,1.4393702,1.4689463,1.4492289,71869262,106495746.0,0.22688,1,1.360543,0
2019-01-04,sh.600010,1.4492289,1.4985224,1.4492289,1.4985224,1.4689463,137059229,205465895.0,0.432675,1,2.013421,0
2019-01-07,sh.600010,1.4985224,1.5083811,1.478805,1.4985224,1.4985224,136815238,207936293.0,0.431904,1,0.0,0
2019-01-08,sh.600010,1.4985224,1.5083811,1.478805,1.4886637,1.4985224,92958568,140886392.0,0.293456,1,-0.657894,0
2019-01-09,sh.600010,1.4886637,1.5182398,1.4886637,1.4886637,1.4886637,137557562,209737496.0,0.434248,1,0.0,0
2019-01-10,sh.600010,1.4886637,1.4985224,1.478805,1.4886637,1.4886637,91098586,137752038.0,0.287584,1,0.0,0
2019-01-11,sh.600010,1.4886637,1.5083811,1.478805,1.5083811,1.4886637,90871034,138134336.0,0.286866,1,1.324502,0
2019-01-14,sh.600010,1.4985224,1.5280985,1.4985224,1.5083811,1.5083811,145927098,224057915.0,0.460669,1,0.0,0
2019-01-15,sh.600010,1.5083811,1.5182398,1.4886637,1.5083811,1.5083811,101629943,154688101.0,0.32083,1,0.0,0
2019-01-16,sh.600010,1.5083811,1.5083811,1.4886637,1.4985224,1.5083811,74848089,113684972.0,0.236284,1,-0.653594,0
2019-01-17,sh.600010,1.4886637,1.5478159,1.4886637,1.5083811,1.4985224,231365025,356763399.0,0.730383,1,0.657894,0
2019-01-18,sh.600010,1.5083811,1.5478159,1.4985224,1.5478159,1.5083811,301051056,467340536.0,0.950371,1,2.614384,0
2019-01-21,sh.600010,1.5379572,1.5478159,1.5182398,1.5280985,1.5478159,152420353,236538814.0,0.481167,1,-1.273892,0
2019-01-22,sh.600010,1.5280985,1.5280985,1.478805,1.4886637,1.5280985,178406117,271239810.0,0.5632,1,-2.580643,0
2019-01-23,sh.600010,1.4886637,1.4985224,1.478805,1.4886637,1.4886637,67139779,101365649.0,0.21195,1,0.0,0
2019-01-24,sh.600010,1.4886637,1.4985224,1.478805,1.4886637,1.4886637,49300630,74465958.0,0.155634,1,0.0,0
2019-01-25,sh.600010,1.4985224,1.5083811,1.4886637,1.4886637,1.4886637,82583699,125382771.0,0.260704,1,0.0,0
2019-01-28,sh.600010,1.4985224,1.5083811,1.478805,1.478805,1.4886637,85262040,129069629.0,0.269159,1,-0.662251,0
2019-01-29,sh.600010,1.478805,1.4886637,1.4492289,1.4689463,1.478805,133453982,198520514.0,0.421293,1,-0.666666,0
2019-01-30,sh.600010,1.4689463,1.478805,1.4590876,1.4590876,1.4689463,64631719,96470106.0,0.204032,1,-0.67114,0
2019-01-31,sh.600010,1.4689463,1.478805,1.4492289,1.4492289,1.4590876,121204248,179750439.0,0.382623,1,-0.675675,0
2019-02-01,sh.600010,1.4590876,1.4886637,1.4492289,1.478805,1.4492289,91258750,136181451.0,0.28809,1,2.040814,0
2019-02-11,sh.600010,1.478805,1.5083811,1.478805,1.4985224,1.478805,139683723,212288543.0,0.44096,1,1.333332,0
2019-02-12,sh.600010,1.4985224,1.5280985,1.4886637,1.5182398,1.4985224,178899617,274222790.0,0.564758,1,1.315788,0
2019-02-13,sh.600010,1.5182398,1.5478159,1.4985224,1.5478159,1.5182398,326398352,506688416.0,1.030389,1,1.948058,0
2019-02-14,sh.600010,1.5379572,1.5478159,1.5280985,1.5379572,1.5478159,230149109,358898120.0,0.726545,1,-0.63695,0
2019-02-15,sh.600010,1.5379572,1.5379572,1.5182398,1.5182398,1.5379572,165913737,256976690.0,0.523764,1,-1.28205,0
2019-02-18,sh.600010,1.5280985,1.5576746,1.5182398,1.5576746,1.5182398,297290352,464798060.0,0.938499,1,2.597408,0
2019-02-19,sh.600010,1.5478159,1.5872507,1.5379572,1.5576746,1.5576746,361886144,573559662.0,1.142418,1,0.0,0
2019-02-20,sh.600010,1.5576746,1.5872507,1.5379572,1.5576746,1.5576746,266598129,422747046.0,0.841609,1,0.0,0
2019-02-21,sh.600010,1.5675333,1.577392,1.5379572,1.5478159,1.5576746,282528256,445808248.0,0.891897,1,-0.632911,0
2019-02-22,sh.600010,1.5379572,1.5675333,1.5280985,1.5675333,1.5478159,309442736,484924066.0,0.976862,1,1.273884,0
2019-02-25,sh.600010,1.5675333,1.675979,1.5675333,1.6661203,1.5675333,891938672,1470407155.0,2.815711,1,6.28931,0
2019-02-26,sh.600010,1.6562616,1.8337182,1.6266855,1.7942834,1.6661203,1501809632,2676564868.0,4.740978,1,7.692307,0
2019-02-27,sh.600010,1.7449899,1.8534356,1.7351312,1.7647073,1.7942834,1014476368,1833537114.0,3.202543,1,-1.648357,0
2019-02-28,sh.600010,1.7647073,1.7942834,1.7252725,1.7449899,1.7647073,593050528,1057042515.0,1.872168,1,-1.117317,0
2019-03-01,sh.600010,1.7449899,1.7844247,1.7154138,1.774566,1.7449899,501349456,893176470.0,1.582682,1,1.694914,0
2019-03-04,sh.600010,1.7844247,1.8435769,1.774566,1.8041421,1.774566,689971184,1259909768.0,2.178131,1,1.666672,0
2019-03-05,sh.600010,1.7844247,1.8140008,1.774566,1.8140008,1.8041421,470306224,853643084.0,1.484683,1,0.546448,0
2019-03-06,sh.600010,1.8041421,1.9914574,1.7942834,1.9914574,1.8140008,1811059952,3569165809.0,5.717233,1,9.782605,0
2019-03-07,sh.600010,1.9914574,2.0801857,1.9520226,2.0407509,1.9914574,1613816528,3300932383.0,5.094566,1,2.475245,0
2019-03-08,sh.600010,1.9815987,1.9914574,1.873153,1.8830117,2.0407509,1029201744,2034464586.0,3.249029,1,-7.729467,0
2019-03-11,sh.600010,1.873153,1.9520226,1.8632943,1.9323052,1.8830117,670126928,1302627491.0,2.115486,1,2.617805,0
2019-03-12,sh.600010,1.9421639,1.9618813,1.8928704,1.9224465,1.9323052,671457600,1314556533.0,2.119687,1,-0.510204,0
2019-03-13,sh.600010,1.9125878,1.9323052,1.873153,1.9027291,1.9224465,552303936,1062888273.0,1.743537,1,-1.025646,0
2019-03-14,sh.600010,1.8830117,1.9224465,1.8041421,1.8337182,1.9027291,605432448,1147135473.0,1.911255,1,-3.62694,0
2019-03-15,sh.600010,1.8435769,1.8632943,1.8238595,1.8435769,1.8337182,393312112,735531057.0,1.241625,1,0.537634,0
2019-03-18,sh.600010,1.873153,1.9323052,1.8632943,1.9224465,1.8435769,603483856,1167312171.0,1.905104,1,4.278077,0
2019-03-19,sh.600010,1.9125878,1.9224465,1.8830117,1.8928704,1.9224465,343447264,661614330.0,1.084209,1,-1.538466,0
2019-03-20,sh.600010,1.8928704,1.8928704,1.8534356,1.8830117,1.8928704,318808304,606489516.0,1.006428,1,-0.520833,0
2019-03-21,sh.600010,1.8830117,1.9027291,1.873153,1.8928704,1.8830117,355299184,681492888.0,1.121624,1,0.52356,0
2019-03-22,sh.600010,1.8830117,1.8928704,1.8534356,1.8830117,1.8928704,321807728,610143549.0,1.015897,1,-0.520833,0
2019-03-25,sh.600010,1.8435769,1.8632943,1.8238595,1.8337182,1.8830117,340588528,636529040.0,1.075185,1,-2.617799,0
2019-03-26,sh.600010,1.8337182,1.8435769,1.7647073,1.774566,1.8337182,368474496,671937017.0,1.163216,1,-3.22581,0
2019-03-27,sh.600010,1.7844247,1.7942834,1.7548486,1.7647073,1.774566,243439620,436301509.0,0.768501,1,-0.555555,0
2019-03-28,sh.600010,1.7548486,1.7647073,1.7252725,1.7351312,1.7647073,232575180,412092580.0,0.734203,1,-1.675976,0
2019-03-29,sh.600010,1.7351312,1.8041421,1.7252725,1.8041421,1.7351312,368843280,665690991.0,1.164381,1,3.977276,0
2019-04-01,sh.600010,1.8140008,1.8830117,1.8041421,1.8632943,1.8041421,440357664,828081240.0,1.39014,1,3.278685,0
2019-04-02,sh.600010,1.873153,1.8830117,1.8238595,1.873153,1.8632943,406066192,763735536.0,1.281887,1,0.5291,0
2019-04-03,sh.600010,1.8534356,1.8928704,1.8435769,1.873153,1.873153,367134736,695442717.0,1.158987,1,0.0,0
2019-04-04,sh.600010,1.8830117,1.8928704,1.8534356,1.8632943,1.873153,457891200,868959330.0,1.445491,1,-0.526315,0
2019-04-08,sh.600010,1.873153,1.9224465,1.8632943,1.9125878,1.8632943,778555680,1493187846.0,2.457778,1,2.645507,0
2019-04-09,sh.600010,1.9027291,1.9027291,1.8632943,1.873153,1.9125878,412065648,784201181.0,1.300827,1,-2.06186,0
2019-04-10,sh.600010,1.8632943,1.873153,1.8238595,1.8534356,1.873153,355542928,665037918.0,1.122393,1,-1.052631,0
2019-04-11,sh.600010,1.8435769,1.8534356,1.8140008,1.8238595,1.8534356,258770318,480846569.0,0.816897,1,-1.595743,0
2019-04-12,sh.600010,1.8140008,1.8238595,1.7942834,1.8140008,1.8238595,217423416,399045952.0,0.686372,1,-0.54054,0
2019-04-15,sh.600010,1.8337182,1.8435769,1.8041421,1.8140008,1.8140008,260803884,483189386.0,0.823317,1,0.0,0
2019-04-16,sh.600010,1.8041421,1.8435769,1.7844247,1.8337182,1.8140008,318552144,587174027.0,1.005619,1,1.086955,0
2019-04-17,sh.600010,1.8337182,1.8435769,1.8140008,1.8337182,1.8337182,240004630,444813502.0,0.757657,1,0.0,0
2019-04-18,sh.600010,1.8337182,1.8337182,1.8041421,1.8140008,1.8337182,174590966,322196799.0,0.551156,1,-1.075268,0
2019-04-19,sh.600010,1.8238595,1.8435769,1.7942834,1.8337182,1.8140008,272167632,501948742.0,0.859191,1,1.086955,0
2019-04-22,sh.600010,1.8435769,1.8435769,1.7942834,1.8041421,1.8337182,225286438,415093099.0,0.711194,1,-1.612902,0
2019-04-23,sh.600010,1.8041421,1.8238595,1.774566,1.7942834,1.8041421,270861824,493458295.0,0.855068,1,-0.546448,0
2019-04-24,sh.600010,1.7942834,1.7942834,1.7548486,1.7844247,1.7942834,258159372,465357559.0,0.814969,1,-0.549457,0
2019-04-25,sh.600010,1.774566,1.8041421,1.7449899,1.7548486,1.7844247,311993744,562556129.0,0.984915,1,-1.657457,0
2019-04-26,sh.600010,1.7351312,1.7449899,1.7055551,1.7055551,1.7548486,279880528,488494617.0,0.883539,1,-2.808986,0
2019-04-29,sh.600010,1.7055551,1.7154138,1.6365442,1.6562616,1.7055551,250833760,425007845.0,0.791843,1,-2.890177,0
2019-04-30,sh.600010,1.6464029,1.6858377,1.6464029,1.675979,1.6562616,133732333,226526953.0,0.422172,1,1.190482,0
2019-05-06,sh.600010,1.6464029,1.6464029,1.5280985,1.5675333,1.675979,334668800,541461785.0,1.056497,1,-6.470589,0
2019-05-07,sh.600010,1.577392,1.5971094,1.5675333,1.5872507,1.5675333,220418317,353787828.0,0.695826,1,1.25786,0
2019-05-08,sh.600010,1.5675333,1.5971094,1.5478159,1.577392,1.5872507,154674109,247323983.0,0.488282,1,-0.621117,0
2019-05-09,sh.600010,1.5675333,1.5971094,1.5576746,1.5971094,1.577392,166776912,266776042.0,0.526489,1,1.249999,0
2019-05-10,sh.600010,1.5872507,1.6266855,1.577392,1.6266855,1.5971094,281839952,459597494.0,0.889725,1,1.85185,0
2019-05-13,sh.600010,1.6069681,1.6069681,1.577392,1.5872507,1.6266855,150497100,243259093.0,0.475096,1,-2.42424,0
2019-05-14,sh.600010,1.5675333,1.5971094,1.5576746,1.577392,1.5872507,161648147,258562658.0,0.510298,1,-0.621117,0
2019-05-15,sh.600010,1.577392,1.5971094,1.5675333,1.5872507,1.577392,147559988,236883948.0,0.465824,1,0.624999,0
2019-05-16,sh.600010,1.577392,1.7449899,1.577392,1.7351312,1.5872507,789327888,1355383127.0,2.491785,1,9.316769,0
2019-05-17,sh.600010,1.7055551,1.7055551,1.5971094,1.6168268,1.7351312,564902960,947468230.0,1.78331,1,-6.818182,0
2019-05-20,sh.600010,1.5971094,1.6858377,1.577392,1.6562616,1.6168268,392652192,648603517.0,1.239542,1,2.439022,0
2019-05-21,sh.600010,1.6464029,1.8238595,1.6365442,1.7548486,1.6562616,979803232,1731665035.0,3.093085,1,5.952383,0
2019-05-22,sh.600010,1.7252725,1.7548486,1.6858377,1.6858377,1.7548486,606593040,1055286202.0,1.914919,1,-3.932581,0
2019-05-23,sh.600010,1.675979,1.7252725,1.6464029,1.675979,1.6858377,449841968,770871720.0,1.420081,1,-0.584795,0
2019-05-24,sh.600010,1.6464029,1.7154138,1.6365442,1.6464029,1.675979,395293072,669496809.0,1.247878,1,-1.764711,0
2019-05-27,sh.600010,1.6365442,1.6661203,1.5971094,1.6562616,1.6464029,494599024,822409047.0,1.561372,1,0.598802,0
2019-05-28,sh.600010,1.6464029,1.6661203,1.6365442,1.6661203,1.6562616,436953776,733201352.0,1.379395,1,0.595245,0
2019-05-29,sh.600010,1.6858377,1.7449899,1.675979,1.7252725,1.6661203,759644448,1322991840.0,2.398079,1,3.550292,0
2019-05-30,sh.600010,1.7055551,1.7154138,1.6562616,1.6956964,1.7252725,492206512,842543627.0,1.553819,1,-1.714284,0
2019-05-31,sh.600010,1.675979,1.8041421,1.6661203,1.7351312,1.6956964,732494096,1294428008.0,2.312369,1,2.325579,0
2019-06-03,sh.600010,1.7154138,1.7449899,1.7055551,1.7154138,1.7351312,503376272,881472894.0,1.58908,1,-1.136363,0
2019-06-04,sh.600010,1.7055551,1.7154138,1.6562616,1.6661203,1.7154138,338525936,575870307.0,1.068673,1,-2.87356,0
2019-06-05,sh.600010,1.6956964,1.7055551,1.6661203,1.675979,1.6661203,245232790,419157131.0,0.774162,1,0.591715,0
2019-06-06,sh.600010,1.6661203,1.7252725,1.6661203,1.6858377,1.675979,396345440,680538334.0,1.251201,1,0.588235,0
2019-06-10,sh.600010,1.6956964,1.7055551,1.6562616,1.675979,1.6858377,290528128,494030588.0,0.917152,1,-0.584795,0
2019-06-11,sh.600010,1.675979,1.7548486,1.675979,1.7351312,1.675979,699589392,1224014269.0,2.208494,1,3.529408,0
2019-06-12,sh.600010,1.7351312,1.8238595,1.7252725,1.7548486,1.7351312,1212836688,2192186830.0,3.828736,1,1.136363,0
2019-06-13,sh.600010,1.7252725,1.7449899,1.6956964,1.7351312,1.7548486,616966560,1076302010.0,1.947667,1,-1.123595,0
2019-06-14,sh.600010,1.7252725,1.7351312,1.675979,1.6956964,1.7351312,440787248,763833110.0,1.391496,1,-2.272725,0
2019-06-17,sh.600010,1.6956964,1.7351312,1.6858377,1.7055551,1.6956964,322777504,560990277.0,1.018958,1,0.581395,0
2019-06-18,sh.600010,1.6956964,1.6956964,1.6661203,1.675979,1.7055551,393485056,670706028.0,1.242171,1,-1.734102,0
2019-06-19,sh.600010,1.6956964,1.7055551,1.675979,1.6858377,1.675979,338696416,581124949.0,1.069212,1,0.588235,0
2019-06-20,sh.600010,1.6858377,1.6956964,1.6661203,1.6956964,1.6858377,406011728,692539427.0,1.281715,1,0.584795,0
2019-06-21,sh.600010,1.6858377,1.7154138,1.6858377,1.7154138,1.6956964,421310992,727659245.0,1.330013,1,1.16279,0
2019-06-24,sh.600010,1.7055551,1.7449899,1.6956964,1.7252725,1.7154138,376821552,658759426.0,1.189567,1,0.574712,0
2019-06-25,sh.600010,1.7154138,1.7252725,1.675979,1.6956964,1.7252725,341881552,586232668.0,1.079267,1,-1.714284,0
2019-06-26,sh.600010,1.6858377,1.6956964,1.675979,1.675979,1.6956964,156567934,267111647.0,0.49426,1,-1.16279,0
2019-06-27,sh.600010,1.675979,1.6956964,1.6661203,1.675979,1.675979,240330060,409846707.0,0.758684,1,0.0,0
2019-06-28,sh.600010,1.675979,1.6858377,1.6464029,1.6661203,1.675979,253013967,426707309.0,0.798726,1,-0.588235,0
2019-07-01,sh.600010,1.6858377,1.6956964,1.6661203,1.6858377,1.6661203,270939440,462341510.0,0.855313,1,1.183431,0
2019-07-02,sh.600010,1.6858377,1.6858377,1.6562616,1.6661203,1.6858377,261129820,442321862.0,0.824346,1,-1.16959,0
2019-07-03,sh.600010,1.6661203,1.6661203,1.6365442,1.6464029,1.6661203,289170016,484510203.0,0.912864,1,-1.183438,0
2019-07-04,sh.600010,1.6464029,1.6562616,1.6365442,1.6464029,1.6464029,197907976,330316253.0,0.624765,1,0.0,0
2019-07-05,sh.600010,1.6464029,1.6562616,1.6365442,1.6464029,1.6464029,98845775,164909357.0,0.312041,1,0.0,0
2019-07-08,sh.600010,1.6464029,1.6464029,1.5872507,1.5971094,1.6464029,298925840,487771750.0,0.943662,1,-2.994009,0
2019-07-09,sh.600010,1.5971094,1.6069681,1.5872507,1.6069681,1.5971094,129248862,209474009.0,0.408018,1,0.617283,0
2019-07-10,sh.600010,1.5971094,1.6069681,1.5872507,1.5971094,1.6069681,102860370,166396696.0,0.324714,1,-0.613496,0
2019-07-11,sh.600010,1.5971094,1.6069681,1.5872507,1.5872507,1.5971094,90850595,147072413.0,0.286801,1,-0.617283,0
2019-07-12,sh.600010,1.59717152,1.60709184,1.5872512,1.59717152,1.5872512,94816899,152725471.0,0.299322,1,0.624999,0
2019-07-15,sh.600010,1.5872512,1.60709184,1.56741056,1.59717152,1.59717152,170034399,272552861.0,0.536772,1,0.0,0
2019-07-16,sh.600010,1.59717152,1.60709184,1.5872512,1.59717152,1.59717152,80699205,130042622.0,0.254755,1,0.0,0
2019-07-17,sh.600010,1.59717152,1.62693248,1.5872512,1.60709184,1.59717152,177886455,288931053.0,0.56156,1,0.621117,0
2019-07-18,sh.600010,1.60709184,1.6368528,1.59717152,1.60709184,1.60709184,182347151,296821304.0,0.575641,1,0.0,0
2019-07-19,sh.600010,1.59717152,1.61701216,1.59717152,1.60709184,1.60709184,123578373,200342574.0,0.390118,1,0.0,0
2019-07-22,sh.600010,1.59717152,1.60709184,1.55749024,1.56741056,1.60709184,220511455,350477965.0,0.69612,1,-2.469133,0
2019-07-23,sh.600010,1.55749024,1.5872512,1.55749024,1.57733088,1.56741056,107378915,170235942.0,0.338978,1,0.632911,0
2019-07-24,sh.600010,1.57733088,1.59717152,1.56741056,1.5872512,1.57733088,94877578,151763167.0,0.299514,1,0.62893,0
2019-07-25,sh.600010,1.57733088,1.5872512,1.57733088,1.5872512,1.5872512,62791913,100031753.0,0.198224,1,0.0,0
2019-07-26,sh.600010,1.57733088,1.5872512,1.56741056,1.57733088,1.5872512,78056824,124122941.0,0.2464,1,-0.625,0
2019-07-29,sh.600010,1.57733088,1.5872512,1.56741056,1.56741056,1.57733088,63428174,100516714.0,0.200233,1,-0.62893,0
2019-07-30,sh.600010,1.57733088,1.5872512,1.56741056,1.57733088,1.56741056,133005046,211424093.0,0.4199,1,0.6329,0
2019-07-31,sh.600010,1.57733088,1.57733088,1.55749024,1.56741056,1.57733088,95784574,151437782.0,0.3024,1,-0.6289,0
2019-08-01,sh.600010,1.55749024,1.56741056,1.54756992,1.54756992,1.56741056,88743977,139076060.0,0.2802,1,-1.2658,0
2019-08-02,sh.600010,1.54756992,1.59717152,1.54756992,1.5872512,1.54756992,334771344,529638415.0,1.0568,1,2.5641,0
2019-08-05,sh.600010,1.56741056,1.5872512,1.5376496,1.54756992,1.5872512,211799017,333353821.0,0.6686,1,-2.5,0
2019-08-06,sh.600010,1.51780896,1.51780896,1.46820736,1.488048,1.54756992,290204416,435867520.0,0.9161,1,-3.8462,0
2019-08-07,sh.600010,1.488048,1.52772928,1.47812768,1.50788864,1.488048,215873777,326140954.0,0.6815,1,1.3333,0
2019-08-08,sh.600010,1.49796832,1.50788864,1.488048,1.49796832,1.50788864,139670609,210907287.0,0.4409,1,-0.6579,0
2019-08-09,sh.600010,1.49796832,1.50788864,1.47812768,1.47812768,1.49796832,94004340,141388604.0,0.2968,1,-1.3245,0
2019-08-12,sh.600010,1.47812768,1.49796832,1.46820736,1.488048,1.47812768,81551470,121964161.0,0.2574,1,0.6711,0
2019-08-13,sh.600010,1.488048,1.488048,1.46820736,1.47812768,1.488048,76472283,114122628.0,0.2414,1,-0.6667,0
2019-08-14,sh.600010,1.488048,1.49796832,1.47812768,1.47812768,1.47812768,71431510,106975208.0,0.2255,1,0.0,0
2019-08-15,sh.600010,1.45828704,1.488048,1.44836672,1.47812768,1.47812768,133844786,198062312.0,0.4225,1,0.0,0
2019-08-16,sh.600010,1.47812768,1.488048,1.47812768,1.47812768,1.47812768,80009233,119615669.0,0.2526,1,0.0,0
2019-08-19,sh.600010,1.47812768,1.50788864,1.47812768,1.50788864,1.47812768,150758194,227111097.0,0.4759,1,2.0134,0
2019-08-20,sh.600010,1.49796832,1.51780896,1.49796832,1.50788864,1.50788864,137113028,208245879.0,0.4328,1,0.0,0
2019-08-21,sh.600010,1.49796832,1.50788864,1.488048,1.49796832,1.50788864,80238538,120822105.0,0.2533,1,-0.6579,0
2019-08-22,sh.600010,1.49796832,1.49796832,1.47812768,1.488048,1.49796832,104859255,157082832.0,0.331,1,-0.6623,0
2019-08-23,sh.600010,1.488048,1.49796832,1.47812768,1.488048,1.488048,79987905,120156688.0,0.2525,1,0.0,0
2019-08-26,sh.600010,1.47812768,1.488048,1.46820736,1.47812768,1.488048,86209957,128606519.0,0.2722,1,-0.6667,0
2019-08-27,sh.600010,1.488048,1.50788864,1.47812768,1.49796832,1.47812768,217265451,327439397.0,0.6859,1,1.3423,0
2019-08-28,sh.600010,1.49796832,1.50788864,1.47812768,1.49796832,1.49796832,187311021,282056378.0,0.5913,1,0.0,0
2019-08-29,sh.600010,1.49796832,1.49796832,1.47812768,1.47812768,1.49796832,135430686,203064925.0,0.4275,1,-1.3245,0
2019-08-30,sh.600010,1.488048,1.49796832,1.46820736,1.488048,1.47812768,172988336,258616320.0,0.5461,1,0.6711,0
2019-09-02,sh.600010,1.488048,1.50788864,1.47812768,1.49796832,1.488048,186610778,281300277.0,0.5891,1,0.6667,0
2019-09-03,sh.600010,1.49796832,1.50788864,1.488048,1.50788864,1.49796832,132933706,200627818.0,0.4197,1,0.6623,0
2019-09-04,sh.600010,1.49796832,1.51780896,1.488048,1.51780896,1.50788864,205338345,311489618.0,0.6482,1,0.6579,0
2019-09-05,sh.600010,1.51780896,1.54756992,1.50788864,1.52772928,1.51780896,274578720,423844416.0,0.8668,1,0.6536,0
2019-09-06,sh.600010,1.52772928,1.5376496,1.50788864,1.51780896,1.52772928,129931899,198740669.0,0.4102,1,-0.6494,0
2019-09-09,sh.600010,1.52772928,1.5376496,1.51780896,1.5376496,1.51780896,141685891,218190570.0,0.4473,1,1.3072,0
2019-09-10,sh.600010,1.5376496,1.5376496,1.51780896,1.52772928,1.5376496,122158216,187826511.0,0.3856,1,-0.6452,0
2019-09-11,sh.600010,1.5376496,1.5376496,1.51780896,1.52772928,1.52772928,124753695,192147628.0,0.3938,1,0.0,0
2019-09-12,sh.600010,1.5376496,1.5376496,1.51780896,1.52772928,1.52772928,193686244,297636165.0,0.6114,1,0.0,0
2019-09-16,sh.600010,1.52772928,1.52772928,1.50788864,1.51780896,1.52772928,131707782,201756085.0,0.4158,1,-0.6494,0
2019-09-17,sh.600010,1.51780896,1.51780896,1.47812768,1.47812768,1.51780896,256034114,385041084.0,0.8083,1,-2.6144,0
2019-09-18,sh.600010,1.47812768,1.49796832,1.47812768,1.488048,1.47812768,133037956,199355503.0,0.42,1,0.6711,0
2019-09-19,sh.600010,1.488048,1.50788864,1.47812768,1.488048,1.488048,167026451,250947675.0,0.5273,1,0.0,0
2019-09-20,sh.600010,1.49796832,1.49796832,1.47812768,1.488048,1.488048,139254266,209093321.0,0.4396,1,0.0,0
2019-09-23,sh.600010,1.488048,1.49796832,1.46820736,1.47812768,1.488048,104205390,155400727.0,0.329,1,-0.6667,0
2019-09-24,sh.600010,1.488048,1.488048,1.46820736,1.47812768,1.47812768,70724748,105478564.0,0.2233,1,0.0,0
2019-09-25,sh.600010,1.46820736,1.47812768,1.45828704,1.46820736,1.47812768,84024705,124486306.0,0.2653,1,-0.6711,0
2019-09-26,sh.600010,1.46820736,1.47812768,1.44836672,1.45828704,1.46820736,112306577,165573025.0,0.3545,1,-0.6757,0
2019-09-27,sh.600010,1.45828704,1.46820736,1.44836672,1.44836672,1.45828704,97782375,143562656.0,0.3087,1,-0.6803,0
2019-09-30,sh.600010,1.44836672,1.45828704,1.44836672,1.44836672,1.44836672,68559875,100319192.0,0.2164,1,0.0,0
2019-10-08,sh.600010,1.45828704,1.46820736,1.44836672,1.45828704,1.44836672,80456037,118360490.0,0.254,1,0.6849,0
2019-10-09,sh.600010,1.45828704,1.46820736,1.44836672,1.46820736,1.45828704,53023334,77992562.0,0.1674,1,0.6803,0
2019-10-10,sh.600010,1.46820736,1.46820736,1.45828704,1.46820736,1.46820736,63280456,93281311.0,0.1998,1,0.0,0
2019-10-11,sh.600010,1.46820736,1.47812768,1.45828704,1.46820736,1.46820736,108556622,160472821.0,0.3427,1,0.0,0
2019-10-14,sh.600010,1.46820736,1.488048,1.46820736,1.47812768,1.46820736,149488728,222799997.0,0.4719,1,0.6757,0
2019-10-15,sh.600010,1.47812768,1.47812768,1.45828704,1.45828704,1.47812768,92562783,136864252.0,0.2922,1,-1.3423,0
2019-10-16,sh.600010,1.46820736,1.46820736,1.45828704,1.45828704,1.45828704,69237844,101968218.0,0.2186,1,0.0,0
2019-10-17,sh.600010,1.45828704,1.46820736,1.44836672,1.45828704,1.45828704,59918517,88068108.0,0.1892,1,0.0,0
2019-10-18,sh.600010,1.45828704,1.46820736,1.4384464,1.4384464,1.45828704,107624166,157450236.0,0.3398,1,-1.3605,0
2019-10-21,sh.600010,1.4384464,1.44836672,1.42852608,1.4384464,1.4384464,125382617,181560241.0,0.3958,1,0.0,0
2019-10-22,sh.600010,1.4384464,1.44836672,1.42852608,1.4384464,1.4384464,52597233,76380905.0,0.166,1,0.0,0
2019-10-23,sh.600010,1.4384464,1.44836672,1.42852608,1.4384464,1.4384464,59458107,86244593.0,0.1877,1,0.0,0
2019-10-24,sh.600010,1.4384464,1.44836672,1.42852608,1.4384464,1.4384464,76956062,111380100.0,0.2429,1,0.0,0
2019-10-25,sh.600010,1.4384464,1.45828704,1.42852608,1.44836672,1.4384464,142888244,207608430.0,0.4511,1,0.6897,0
2019-10-28,sh.600010,1.44836672,1.45828704,1.4384464,1.44836672,1.44836672,118446027,172793317.0,0.3739,1,0.0,0
2019-10-29,sh.600010,1.44836672,1.45828704,1.42852608,1.42852608,1.44836672,97515567,141241235.0,0.3078,1,-1.3699,0
2019-10-30,sh.600010,1.42852608,1.4384464,1.39876512,1.40868544,1.42852608,167493658,238480175.0,0.5288,1,-1.3889,0
2019-10-31,sh.600010,1.40868544,1.40868544,1.34916352,1.35908384,1.40868544,273841360,379636469.0,0.8645,1,-3.5211,0
2019-11-01,sh.600010,1.34916352,1.36900416,1.31940256,1.35908384,1.35908384,157617117,214390418.0,0.4976,1,0.0,0
2019-11-04,sh.600010,1.35908384,1.36900416,1.34916352,1.34916352,1.35908384,108759987,148843287.0,0.3433,1,-0.7299,0
2019-11-05,sh.600010,1.34916352,1.35908384,1.3392432,1.34916352,1.34916352,128847602,175143875.0,0.4068,1,0.0,0
2019-11-06,sh.600010,1.3392432,1.34916352,1.32932288,1.32932288,1.34916352,80960626,109411608.0,0.2556,1,-1.4706,0
2019-11-07,sh.600010,1.3392432,1.3392432,1.31940256,1.32932288,1.32932288,139173218,186662807.0,0.4393,1,0.0,0
2019-11-08,sh.600010,1.32932288,1.3392432,1.29956192,1.30948224,1.32932288,243655340,324231261.0,0.7692,1,-1.4925,0
2019-11-11,sh.600010,1.30948224,1.30948224,1.24996032,1.25988064,1.30948224,236241747,303716148.0,0.7458,1,-3.7879,0
2019-11-12,sh.600010,1.24996032,1.25988064,1.21027904,1.24004,1.25988064,232965226,290826796.0,0.7354,1,-1.5748,0
2019-11-13,sh.600010,1.24004,1.24004,1.20035872,1.21027904,1.24004,301662912,369024439.0,0.9523,1,-2.4,0
2019-11-14,sh.600010,1.21027904,1.23011968,1.20035872,1.22019936,1.21027904,193959389,238137510.0,0.6123,1,0.8197,0
2019-11-15,sh.600010,1.23011968,1.30948224,1.22019936,1.26980096,1.22019936,479427856,614290629.0,1.5135,1,4.065,0
2019-11-18,sh.600010,1.25988064,1.2896416,1.24996032,1.25988064,1.26980096,189456162,242045151.0,0.5981,1,-0.7812,0
2019-11-19,sh.600010,1.26980096,1.27972128,1.25988064,1.26980096,1.25988064,127125387,162575397.0,0.4013,1,0.7874,0
2019-11-20,sh.600010,1.26980096,1.27972128,1.24996032,1.25988064,1.26980096,127391771,162120666.0,0.4022,1,-0.7812,0
2019-11-21,sh.600010,1.26980096,1.27972128,1.25988064,1.27972128,1.25988064,142275209,182191726.0,0.4491,1,1.5748,0
2019-11-22,sh.600010,1.26980096,1.29956192,1.26980096,1.2896416,1.27972128,243821532,315852516.0,0.7697,1,0.7752,0
2019-11-25,sh.600010,1.27972128,1.34916352,1.27972128,1.32932288,1.2896416,408881104,545067009.0,1.2908,1,3.0769,0
2019-11-26,sh.600010,1.32932288,1.32932288,1.2896416,1.30948224,1.32932288,280002960,369066961.0,0.8839,1,-1.4925,0
2019-11-27,sh.600010,1.29956192,1.30948224,1.2896416,1.2896416,1.30948224,116896195,152773537.0,0.369,1,-1.5152,0
2019-11-28,sh.600010,1.2896416,1.29956192,1.24996032,1.25988064,1.2896416,159225959,203863180.0,0.5027,1,-2.3077,0
2019-11-29,sh.600010,1.25988064,1.27972128,1.25988064,1.26980096,1.25988064,99757103,127595373.0,0.3149,1,0.7874,0
2019-12-02,sh.600010,1.26980096,1.27972128,1.25988064,1.26980096,1.26980096,73714411,94273131.0,0.2327,1,0.0,0
2019-12-03,sh.600010,1.25988064,1.26980096,1.24996032,1.26980096,1.26980096,82661145,105208447.0,0.2609,1,0.0,0
2019-12-04,sh.600010,1.25988064,1.2896416,1.25988064,1.27972128,1.26980096,159242744,204646725.0,0.5027,1,0.7812,0
2019-12-05,sh.600010,1.27972128,1.2896416,1.26980096,1.27972128,1.27972128,110574445,142841956.0,0.3491,1,0.0,0
2019-12-06,sh.600010,1.27972128,1.2896416,1.26980096,1.27972128,1.27972128,85348821,110061606.0,0.2694,1,0.0,0
2019-12-09,sh.600010,1.27972128,1.29956192,1.27972128,1.29956192,1.27972128,175347274,228090359.0,0.5535,1,1.5504,0
2019-12-10,sh.600010,1.2896416,1.29956192,1.27972128,1.27972128,1.29956192,79349598,102664006.0,0.2505,1,-1.5267,0
2019-12-11,sh.600010,1.27972128,1.29956192,1.27972128,1.2896416,1.27972128,143273169,186087137.0,0.4523,1,0.7752,0
2019-12-12,sh.600010,1.27972128,1.2896416,1.26980096,1.26980096,1.2896416,123746170,159456196.0,0.3906,1,-1.5385,0
2019-12-13,sh.600010,1.27972128,1.29956192,1.26980096,1.2896416,1.26980096,179062186,232696417.0,0.5653,1,1.5625,0
2019-12-16,sh.600010,1.2896416,1.29956192,1.27972128,1.29956192,1.2896416,139728767,182166022.0,0.4411,1,0.7692,0
2019-12-17,sh.600010,1.29956192,1.32932288,1.2896416,1.30948224,1.29956192,371179696,490997925.0,1.1718,1,0.7634,0
2019-12-18,sh.600010,1.31940256,1.34916352,1.30948224,1.32932288,1.30948224,320699936,429588057.0,1.0124,1,1.5152,0
2019-12-19,sh.600010,1.31940256,1.32932288,1.30948224,1.31940256,1.32932288,178048221,236535118.0,0.5621,1,-0.7463,0
2019-12-20,sh.600010,1.31940256,1.32932288,1.29956192,1.30948224,1.31940256,214003566,283822816.0,0.6756,1,-0.7519,0
2019-12-23,sh.600010,1.30948224,1.30948224,1.27972128,1.27972128,1.30948224,179202615,233722087.0,0.5657,1,-2.2727,0
2019-12-24,sh.600010,1.27972128,1.29956192,1.27972128,1.29956192,1.27972128,95952201,124759571.0,0.3029,1,1.5504,0
2019-12-25,sh.600010,1.29956192,1.29956192,1.27972128,1.2896416,1.29956192,119114023,154817392.0,0.376,1,-0.7634,0
2019-12-26,sh.600010,1.27972128,1.29956192,1.27972128,1.2896416,1.2896416,98428060,127862050.0,0.3107,1,0.0,0
2019-12-27,sh.600010,1.2896416,1.32932288,1.2896416,1.30948224,1.2896416,322803328,425647333.0,1.019,1,1.5385,0
2019-12-30,sh.600010,1.29956192,1.31940256,1.2896416,1.30948224,1.30948224,224179015,294836352.0,0.7077,1,0.0,0
2019-12-31,sh.600010,1.30948224,1.31940256,1.29956192,1.30948224,1.30948224,150119198,198182139.0,0.4739,1,0.0,0
2020-01-02,sh.600010,1.31940256,1.32932288,1.30948224,1.31940256,1.30948224,204217823,272334002.0,0.6447,1,0.7576,0
2020-01-03,sh.600010,1.32932288,1.3392432,1.31940256,1.32932288,1.31940256,246387842,330344470.0,0.7778,1,0.7519,0
2020-01-06,sh.600010,1.32932288,1.34916352,1.31940256,1.3392432,1.32932288,287032976,386598525.0,0.9061,1,0.7463,0
2020-01-07,sh.600010,1.3392432,1.37892448,1.32932288,1.35908384,1.3392432,352476160,482354526.0,1.1127,1,1.4815,0
2020-01-08,sh.600010,1.34916352,1.35908384,1.31940256,1.32932288,1.35908384,289199072,390556372.0,0.913,1,-2.1898,0
2020-01-09,sh.600010,1.3392432,1.34916352,1.32932288,1.3392432,1.32932288,181782738,245097484.0,0.5739,1,0.7463,0
2020-01-10,sh.600010,1.3392432,1.34916352,1.31940256,1.32932288,1.3392432,148922937,199664443.0,0.4701,1,-0.7407,0
2020-01-13,sh.600010,1.32932288,1.32932288,1.30948224,1.32932288,1.32932288,154383578,205286995.0,0.4874,1,0.0,0
2020-01-14,sh.600010,1.32932288,1.3392432,1.31940256,1.32932288,1.32932288,170595832,228664122.0,0.5385,1,0.0,0
2020-01-15,sh.600010,1.32932288,1.32932288,1.30948224,1.31940256,1.32932288,131859307,175188220.0,0.4163,1,-0.7463,0
2020-01-16,sh.600010,1.31940256,1.31940256,1.29956192,1.29956192,1.31940256,141699112,186899845.0,0.4473,1,-1.5038,0
2020-01-17,sh.600010,1.30948224,1.30948224,1.2896416,1.2896416,1.29956192,114717919,150060543.0,0.3621,1,-0.7634,0
2020-01-20,sh.600010,1.2896416,1.29956192,1.27972128,1.29956192,1.2896416,92910676,120904005.0,0.2933,1,0.7692,0
2020-01-21,sh.600010,1.2896416,1.29956192,1.26980096,1.27972128,1.29956192,146658284,189707234.0,0.463,1,-1.5267,0
2020-01-22,sh.600010,1.27972128,1.27972128,1.25988064,1.26980096,1.27972128,144366221,184574677.0,0.4557,1,-0.7752,0
2020-01-23,sh.600010,1.25988064,1.26980096,1.23011968,1.24004,1.26980096,272354816,342737259.0,0.8598,1,-2.3437,0
2020-02-03,sh.600010,1.12099616,1.1408368,1.12099616,1.12099616,1.24004,409715696,463448124.0,1.2934,1,-9.6,0
2020-02-04,sh.600010,1.0912352,1.1408368,1.0912352,1.13091648,1.12099616,339947872,384679308.0,1.0732,1,0.885,0
2020-02-05,sh.600010,1.12099616,1.17059776,1.12099616,1.15075712,1.13091648,291431536,337543913.0,0.92,1,1.7544,0
2020-02-06,sh.600010,1.16067744,1.16067744,1.13091648,1.15075712,1.15075712,244640305,282951515.0,0.7723,1,0.0,0
2020-02-07,sh.600010,1.15075712,1.16067744,1.1408368,1.16067744,1.15075712,232010253,268728594.0,0.7324,1,0.8621,0
2020-02-10,sh.600010,1.15075712,1.17059776,1.1408368,1.17059776,1.16067744,221395710,258441686.0,0.6989,1,0.8547,0
2020-02-11,sh.600010,1.16067744,1.23011968,1.16067744,1.1904384,1.17059776,346280192,417533577.0,1.0932,1,1.6949,0
2020-02-12,sh.600010,1.18051808,1.1904384,1.17059776,1.1904384,1.1904384,182561459,217285122.0,0.5763,1,0.0,0
2020-02-13,sh.600010,1.1904384,1.1904384,1.17059776,1.17059776,1.1904384,160690850,191019464.0,0.5073,1,-1.6667,0
2020-02-14,sh.600010,1.17059776,1.20035872,1.16067744,1.1904384,1.17059776,206353606,246349666.0,0.6514,1,1.6949,0
2020-02-17,sh.600010,1.18051808,1.21027904,1.17059776,1.21027904,1.1904384,240486598,290066640.0,0.7592,1,1.6667,0
2020-02-18,sh.600010,1.21027904,1.22019936,1.20035872,1.21027904,1.21027904,250628486,305813013.0,0.7912,1,0.0,0
2020-02-19,sh.600010,1.21027904,1.21027904,1.1904384,1.1904384,1.21027904,216505313,261996812.0,0.6835,1,-1.6393,0
2020-02-20,sh.600010,1.20035872,1.22019936,1.1904384,1.21027904,1.1904384,259018163,314373808.0,0.8177,1,1.6667,0
2020-02-21,sh.600010,1.20035872,1.23011968,1.20035872,1.21027904,1.21027904,281979984,345559705.0,0.8902,1,0.0,0
2020-02-24,sh.600010,1.20035872,1.21027904,1.1904384,1.20035872,1.21027904,254831513,308231612.0,0.8045,1,-0.8197,0
2020-02-25,sh.600010,1.18051808,1.1904384,1.16067744,1.18051808,1.20035872,359200736,426263572.0,1.1339,1,-1.6529,0
2020-02-26,sh.600010,1.17059776,1.24004,1.16067744,1.21027904,1.18051808,584273840,707730310.0,1.8445,1,2.521,0
2020-02-27,sh.600010,1.20035872,1.21027904,1.1904384,1.1904384,1.21027904,284734656,344174988.0,0.8989,1,-1.6393,0
2020-02-28,sh.600010,1.17059776,1.18051808,1.15075712,1.16067744,1.1904384,378412256,444528184.0,1.1946,1,-2.5,0
2020-03-02,sh.600010,1.16067744,1.21027904,1.16067744,1.20035872,1.16067744,381084608,457543991.0,1.203,1,3.4188,0
2020-03-03,sh.600010,1.21027904,1.22019936,1.1904384,1.20035872,1.20035872,371518096,452208926.0,1.1728,1,0.0,0
2020-03-04,sh.600010,1.1904384,1.22019936,1.1904384,1.21027904,1.20035872,306676368,373111542.0,0.9681,1,0.8264,0
2020-03-05,sh.600010,1.22019936,1.24996032,1.21027904,1.23011968,1.21027904,487344560,604323880.0,1.5385,1,1.6393,0
2020-03-06,sh.600010,1.22019936,1.23011968,1.20035872,1.21027904,1.23011968,256029568,312561895.0,0.8082,1,-1.6129,0
2020-03-09,sh.600010,1.1904384,1.1904384,1.17059776,1.18051808,1.21027904,293264304,349450334.0,0.9258,1,-2.459,0
2020-03-10,sh.600010,1.17059776,1.20035872,1.16067744,1.1904384,1.18051808,296123568,352061614.0,0.9348,1,0.8403,0
2020-03-11,sh.600010,1.1904384,1.20035872,1.18051808,1.18051808,1.1904384,208559045,249862247.0,0.6584,1,-0.8333,0
2020-03-12,sh.600010,1.17059776,1.18051808,1.16067744,1.17059776,1.18051808,198701634,234474162.0,0.6273,1,-0.8403,0
2020-03-13,sh.600010,1.15075712,1.16067744,1.13091648,1.16067744,1.17059776,277655920,320879557.0,0.8765,1,-0.8475,0
2020-03-16,sh.600010,1.17059776,1.17059776,1.1408368,1.1408368,1.16067744,239753000,279466083.0,0.7569,1,-1.7094,0
2020-03-17,sh.600010,1.1408368,1.16067744,1.13091648,1.15075712,1.1408368,177829170,204732752.0,0.5614,1,0.8696,0
2020-03-18,sh.600010,1.15075712,1.16067744,1.13091648,1.13091648,1.15075712,162822729,188252403.0,0.514,1,-1.7241,0
2020-03-19,sh.600010,1.13091648,1.1408368,1.12099616,1.13091648,1.13091648,203138439,231369113.0,0.6413,1,0.0,0
2020-03-20,sh.600010,1.1408368,1.15075712,1.13091648,1.1408368,1.13091648,134208791,154032164.0,0.4237,1,0.8772,0
2020-03-23,sh.600010,1.13091648,1.13091648,1.11107584,1.12099616,1.1408368,189532928,214289924.0,0.5983,1,-1.7391,0
2020-03-24,sh.600010,1.1408368,1.1408368,1.13091648,1.1408368,1.12099616,148516460,170193739.0,0.4688,1,1.7699,0
2020-03-25,sh.600010,1.15075712,1.16067744,1.1408368,1.15075712,1.1408368,198263017,229843024.0,0.6259,1,0.8696,0
2020-03-26,sh.600010,1.1408368,1.15075712,1.13091648,1.13091648,1.15075712,128083845,147444234.0,0.4043,1,-1.7241,0
2020-03-27,sh.600010,1.1408368,1.15075712,1.13091648,1.1408368,1.13091648,131622376,151590037.0,0.4155,1,0.8772,0
2020-03-30,sh.600010,1.13091648,1.1408368,1.12099616,1.13091648,1.1408368,147571513,167732050.0,0.4659,1,-0.8696,0
2020-03-31,sh.600010,1.13091648,1.15075712,1.12099616,1.1408368,1.13091648,202420514,232068414.0,0.639,1,0.8772,0
2020-04-01,sh.600010,1.1408368,1.15075712,1.13091648,1.13091648,1.1408368,158616218,181630109.0,0.5007,1,-0.8696,0
2020-04-02,sh.600010,1.12099616,1.1408368,1.12099616,1.1408368,1.13091648,118089610,134676938.0,0.3728,1,0.8772,0
2020-04-03,sh.600010,1.13091648,1.1408368,1.12099616,1.13091648,1.1408368,119490796,136318097.0,0.3772,1,-0.8696,0
2020-04-07,sh.600010,1.1408368,1.15075712,1.13091648,1.15075712,1.13091648,180248524,207601188.0,0.569,1,1.7544,0
2020-04-08,sh.600010,1.1408368,1.15075712,1.13091648,1.1408368,1.15075712,117823465,135467007.0,0.372,1,-0.8621,0
2020-04-09,sh.600010,1.1408368,1.15075712,1.1408368,1.1408368,1.1408368,92106847,106171317.0,0.2908,1,0.0,0
2020-04-10,sh.600010,1.1408368,1.15075712,1.13091648,1.13091648,1.1408368,96161645,110054634.0,0.3036,1,-0.8696,0
2020-04-13,sh.600010,1.13091648,1.1408368,1.12099616,1.13091648,1.13091648,86469866,98194601.0,0.273,1,0.0,0
2020-04-14,sh.600010,1.13091648,1.1408368,1.12099616,1.1408368,1.13091648,122521824,139637881.0,0.3868,1,0.8772,0
2020-04-15,sh.600010,1.13091648,1.1408368,1.12099616,1.12099616,1.1408368,106221688,121033666.0,0.3353,1,-1.7391,0
2020-04-16,sh.600010,1.12099616,1.13091648,1.12099616,1.12099616,1.12099616,68680953,77799206.0,0.2168,1,0.0,0
2020-04-17,sh.600010,1.13091648,1.13091648,1.12099616,1.13091648,1.12099616,68617663,77951896.0,0.2166,1,0.885,0
2020-04-20,sh.600010,1.12099616,1.13091648,1.12099616,1.13091648,1.13091648,73989351,83911383.0,0.2336,1,0.0,0
2020-04-21,sh.600010,1.13091648,1.13091648,1.11107584,1.11107584,1.13091648,129089683,145372013.0,0.4075,1,-1.7544,0
2020-04-22,sh.600010,1.11107584,1.12099616,1.10115552,1.12099616,1.11107584,112208018,125999022.0,0.3542,1,0.8929,0
2020-04-23,sh.600010,1.12099616,1.12099616,1.11107584,1.11107584,1.12099616,108771410,122153700.0,0.3434,1,-0.885,0
2020-04-24,sh.600010,1.11107584,1.12099616,1.0912352,1.10115552,1.11107584,195666857,217694446.0,0.6177,1,-0.8929,0
2020-04-27,sh.600010,1.10115552,1.10115552,1.0912352,1.0912352,1.10115552,154592482,170429086.0,0.488,1,-0.9009,0
2020-04-28,sh.600010,1.08131488,1.0912352,1.0416336,1.06147424,1.0912352,307359920,328812522.0,0.9703,1,-2.7273,0
2020-04-29,sh.600010,1.05155392,1.06147424,1.03171328,1.0416336,1.06147424,221380652,233492837.0,0.6989,1,-1.8692,0
2020-04-30,sh.600010,1.03171328,1.08131488,1.03171328,1.07139456,1.0416336,337159568,359220136.0,1.0644,1,2.8572,0
2020-05-06,sh.600010,1.05155392,1.10115552,1.05155392,1.0912352,1.07139456,323197488,351162266.0,1.0203,1,1.8518,0
2020-05-07,sh.600010,1.12099616,1.15075712,1.11107584,1.12099616,1.0912352,474576224,539442442.0,1.4982,1,2.7273,0
2020-05-08,sh.600010,1.12099616,1.12099616,1.10115552,1.11107584,1.12099616,242796095,271933552.0,0.7665,1,-0.885,0
2020-05-11,sh.600010,1.11107584,1.12099616,1.0912352,1.10115552,1.11107584,222355896,246884984.0,0.7019,1,-0.8929,0
2020-05-12,sh.600010,1.10115552,1.13091648,1.0912352,1.11107584,1.10115552,314700016,352974272.0,0.9935,1,0.9009,0
2020-05-13,sh.600010,1.11107584,1.11107584,1.0912352,1.10115552,1.11107584,158295978,175853844.0,0.4997,1,-0.8929,0
2020-05-14,sh.600010,1.0912352,1.11107584,1.0912352,1.0912352,1.10115552,110288297,122043433.0,0.3482,1,-0.9009,0
2020-05-15,sh.600010,1.10115552,1.10115552,1.08131488,1.0912352,1.0912352,169784177,186845597.0,0.536,1,0.0,0
2020-05-18,sh.600010,1.0912352,1.12099616,1.08131488,1.11107584,1.0912352,393698096,438543608.0,1.2428,1,1.8182,0
2020-05-19,sh.600010,1.11107584,1.11107584,1.0912352,1.0912352,1.11107584,197084337,218145138.0,0.6222,1,-1.7857,0
2020-05-20,sh.600010,1.0912352,1.10115552,1.07139456,1.07139456,1.0912352,230562429,251272978.0,0.7278,1,-1.8182,0
2020-05-21,sh.600010,1.08131488,1.08131488,1.06147424,1.07139456,1.07139456,184337947,199142064.0,0.5819,1,0.0,0
2020-05-22,sh.600010,1.06147424,1.07139456,1.05155392,1.06147424,1.07139456,239115499,255510035.0,0.7549,1,-0.9259,0
2020-05-25,sh.600010,1.06147424,1.06147424,1.0416336,1.05155392,1.06147424,187439178,198939523.0,0.5917,1,-0.9346,0
2020-05-26,sh.600010,1.05155392,1.06147424,1.0416336,1.06147424,1.05155392,165986339,176235375.0,0.524,1,0.9434,0
2020-05-27,sh.600010,1.05155392,1.11107584,1.0416336,1.10115552,1.06147424,551054000,598547667.0,1.7396,1,3.7383,0
2020-05-28,sh.600010,1.0912352,1.10115552,1.07139456,1.0912352,1.10115552,356396512,391196926.0,1.1251,1,-0.9009,0
2020-05-29,sh.600010,1.0912352,1.0912352,1.07139456,1.0912352,1.0912352,264257146,288964181.0,0.8342,1,0.0,0
2020-06-01,sh.600010,1.0912352,1.10115552,1.08131488,1.0912352,1.0912352,213450426,234822104.0,0.6738,1,0.0,0
2020-06-02,sh.600010,1.10115552,1.10115552,1.08131488,1.0912352,1.0912352,186812814,205469511.0,0.5897,1,0.0,0
2020-06-03,sh.600010,1.0912352,1.10115552,1.08131488,1.08131488,1.0912352,132121208,144914544.0,0.4171,1,-0.9091,0
2020-06-04,sh.600010,1.0912352,1.0912352,1.07139456,1.08131488,1.08131488,122152907,132663903.0,0.3856,1,0.0,0
2020-06-05,sh.600010,1.08131488,1.08131488,1.06147424,1.07139456,1.08131488,143436795,155088531.0,0.4528,1,-0.9174,0
2020-06-08,sh.600010,1.07139456,1.0912352,1.07139456,1.08131488,1.07139456,234669059,255651761.0,0.7408,1,0.9259,0
2020-06-09,sh.600010,1.08131488,1.08131488,1.07139456,1.08131488,1.08131488,89173713,96593539.0,0.2815,1,0.0,0
2020-06-10,sh.600010,1.08131488,1.0912352,1.06147424,1.07139456,1.08131488,200969383,218133039.0,0.6344,1,-0.9174,0
2020-06-11,sh.600010,1.07139456,1.0912352,1.07139456,1.08131488,1.07139456,178338072,193765675.0,0.563,1,0.9259,0
2020-06-12,sh.600010,1.06147424,1.08131488,1.06147424,1.07139456,1.08131488,188932820,203750931.0,0.5964,1,-0.9174,0
2020-06-15,sh.600010,1.07139456,1.07139456,1.05155392,1.06147424,1.07139456,237444760,254780917.0,0.7496,1,-0.9259,0
2020-06-16,sh.600010,1.06147424,1.0912352,1.06147424,1.0912352,1.06147424,348880048,379215654.0,1.1014,1,2.8037,0
2020-06-17,sh.600010,1.07139456,1.12099616,1.07139456,1.10115552,1.0912352,531921840,589167904.0,1.6792,1,0.9091,0
2020-06-18,sh.600010,1.0912352,1.17059776,1.0912352,1.1408368,1.10115552,908570688,1041636503.0,2.8682,1,3.6036,0
2020-06-19,sh.600010,1.12099616,1.13091648,1.0912352,1.10115552,1.1408368,558123584,623760569.0,1.7619,1,-3.4783,0
2020-06-22,sh.600010,1.10115552,1.10115552,1.08131488,1.08131488,1.10115552,286977024,314647352.0,0.9059,1,-1.8018,0
2020-06-23,sh.600010,1.08131488,1.0912352,1.07139456,1.08131488,1.08131488,236732822,257557052.0,0.7473,1,0.0,0
2020-06-24,sh.600010,1.08131488,1.0912352,1.07139456,1.07139456,1.08131488,138282414,149962564.0,0.4365,1,-0.9174,0
2020-06-29,sh.600010,1.07139456,1.08131488,1.06147424,1.06147424,1.07139456,197592015,213214024.0,0.6238,1,-0.9259,0
2020-06-30,sh.600010,1.07139456,1.08131488,1.06147424,1.07139456,1.06147424,199558791,215500584.0,0.63,1,0.9346,0
2020-07-01,sh.600010,1.07139456,1.08131488,1.06147424,1.07139456,1.07139456,179028190,193250753.0,0.5652,1,0.0,0
2020-07-02,sh.600010,1.07139456,1.10115552,1.07139456,1.10115552,1.07139456,399377840,438065135.0,1.2608,1,2.7778,0
2020-07-03,sh.600010,1.10115552,1.13091648,1.0912352,1.11107584,1.10115552,558580496,627103875.0,1.7634,1,0.9009,0
2020-07-06,sh.600010,1.12099616,1.1904384,1.12099616,1.18051808,1.11107584,1029797632,1202452915.0,3.2509,1,6.25,0
2020-07-07,sh.600010,1.20035872,1.23011968,1.17059776,1.17059776,1.18051808,975176352,1176416986.0,3.0785,1,-0.8403,0
2020-07-08,sh.600010,1.16067744,1.24996032,1.15075712,1.23011968,1.17059776,1163965280,1413700005.0,3.6745,1,5.0848,0
2020-07-09,sh.600010,1.22019936,1.26980096,1.20035872,1.25988064,1.23011968,1060773744,1320236489.0,3.3487,1,2.4194,0
2020-07-10,sh.600010,1.24004,1.24996032,1.20035872,1.21027904,1.25988064,727918480,901554891.0,2.2979,1,-3.937,0
2020-07-13,sh.600010,1.21027904,1.24004,1.20035872,1.23011968,1.21027904,632934128,779903267.0,1.9981,1,1.6393,0
2020-07-14,sh.600010,1.24004,1.25988064,1.20035872,1.21027904,1.23011968,603236672,746695584.0,1.9043,1,-1.6129,0
2020-07-15,sh.600010,1.22019936,1.23011968,1.17059776,1.18051808,1.21027904,509833168,612392688.0,1.6095,1,-2.459,0
2020-07-16,sh.600010,1.18051808,1.20035872,1.1408368,1.15075712,1.18051808,470776944,555598741.0,1.4862,1,-2.521,0
2020-07-17,sh.600010,1.15075712,1.16067744,1.12099616,1.13091648,1.15075712,363674064,417048246.0,1.1481,1,-1.7241,0
2020-07-20,sh.600010,1.1408368,1.20035872,1.13091648,1.1904384,1.13091648,603889104,709105975.0,1.9064,1,5.2632,0
2020-07-21,sh.600010,1.1904384,1.20035872,1.16067744,1.17059776,1.1904384,295995328,350439502.26,0.9344,1,-1.6667,0
2020-07-22,sh.600010,1.18051808,1.20035872,1.17059776,1.18051808,1.17059776,405105680,483974002.99,1.2789,1,0.8475,0
2020-07-23,sh.600010,1.18051808,1.22019936,1.17059776,1.1904384,1.18051808,594218304,714117646.79,1.8759,1,0.8403,0
2020-07-24,sh.600010,1.18051808,1.1904384,1.1408368,1.15075712,1.1904384,440963568,517756430.04,1.3921,1,-3.3333,0
2020-07-27,sh.600010,1.15075712,1.16067744,1.1408368,1.15075712,1.15075712,228278859,264708631.81,0.7206,1,0.0,0
2020-07-28,sh.600010,1.16067744,1.18051808,1.15075712,1.16067744,1.15075712,309004816,363256483.8,0.9755,1,0.8621,0
2020-07-29,sh.600010,1.16067744,1.18051808,1.1408368,1.17059776,1.16067744,327791264,383147015.86,1.0348,1,0.8547,0
2020-07-30,sh.600010,1.17059776,1.17059776,1.15075712,1.16067744,1.17059776,258837175,302758622.6,0.8171,1,-0.8475,0
2020-07-31,sh.600010,1.15075712,1.17059776,1.1408368,1.16067744,1.16067744,259916767,302868107.99,0.8205,1,0.0,0
2020-08-03,sh.600010,1.16067744,1.18051808,1.16067744,1.17059776,1.16067744,349296048,411710573.25,1.1027,1,0.8547,0
2020-08-04,sh.600010,1.17059776,1.18051808,1.16067744,1.17059776,1.17059776,259184586,305633773.59,0.8182,1,0.0,0
2020-08-05,sh.600010,1.17059776,1.21027904,1.15075712,1.1904384,1.17059776,611356080,727693492.74,1.93,1,1.6949,0
2020-08-06,sh.600010,1.18051808,1.20035872,1.17059776,1.1904384,1.1904384,512798464,611870794.24,1.6188,1,0.0,0
2020-08-07,sh.600010,1.1904384,1.1904384,1.16067744,1.18051808,1.1904384,417707344,495901188.98,1.3186,1,-0.8333,0
2020-08-10,sh.600010,1.17059776,1.18051808,1.16067744,1.17059776,1.18051808,273719376,323109232.69,0.8641,1,-0.8403,0
2020-08-11,sh.600010,1.18051808,1.1904384,1.16067744,1.16067744,1.17059776,381149296,452127528.76,1.2032,1,-0.8475,0
2020-08-12,sh.600010,1.16067744,1.16067744,1.1408368,1.15075712,1.16067744,351753632,408231045.85,1.1104,1,-0.8547,0
2020-08-13,sh.600010,1.16067744,1.1904384,1.15075712,1.18051808,1.15075712,510366176,605127499.18,1.6111,1,2.5862,0
2020-08-14,sh.600010,1.18051808,1.18051808,1.16067744,1.18051808,1.18051808,294681664,348373369.46,0.9303,1,0.0,0
2020-08-17,sh.600010,1.17059776,1.20035872,1.17059776,1.1904384,1.18051808,494150096,591750156.61,1.56,1,0.8403,0
2020-08-18,sh.600010,1.20035872,1.20035872,1.18051808,1.1904384,1.1904384,346582528,415986192.8,1.0941,1,0.0,0
2020-08-19,sh.600010,1.1904384,1.20035872,1.17059776,1.18051808,1.1904384,324418624,386644124.02,1.0241,1,-0.8333,0
2020-08-20,sh.600010,1.18051808,1.1904384,1.16067744,1.17059776,1.18051808,338656016,401226147.56,1.0691,1,-0.8403,0
2020-08-21,sh.600010,1.17059776,1.18051808,1.16067744,1.17059776,1.17059776,213349095,251732267.94,0.6735,1,0.0,0
2020-08-24,sh.600010,1.17059776,1.18051808,1.16067744,1.16067744,1.17059776,112187372,131646491.64,0.3542,1,-0.8475,0
2020-08-25,sh.600010,1.16067744,1.17059776,1.15075712,1.15075712,1.16067744,208771248,244094249.11,0.6591,1,-0.8547,0
2020-08-26,sh.600010,1.16067744,1.16067744,1.1408368,1.15075712,1.15075712,220212616,255219810.74,0.6952,1,0.0,0
2020-08-27,sh.600010,1.15075712,1.16067744,1.1408368,1.15075712,1.15075712,165019894,191339121.49,0.5209,1,0.0,0
2020-08-28,sh.600010,1.15075712,1.17059776,1.1408368,1.17059776,1.15075712,216997045,253614308.6,0.685,1,1.7241,0
2020-08-31,sh.600010,1.16067744,1.17059776,1.15075712,1.15075712,1.17059776,186560976,218245680.16,0.5889,1,-1.6949,0
2020-09-01,sh.600010,1.15075712,1.16067744,1.15075712,1.15075712,1.15075712,74146252,86200541.32,0.2341,1,0.0,0
2020-09-02,sh.600010,1.15075712,1.16067744,1.1408368,1.15075712,1.15075712,169171463,196286455.22,0.534,1,0.0,0
2020-09-03,sh.600010,1.15075712,1.17059776,1.15075712,1.15075712,1.15075712,192018171,223972060.8,0.6062,1,0.0,0
2020-09-04,sh.600010,1.1408368,1.15075712,1.1408368,1.1408368,1.15075712,125987559,145272172.85,0.3977,1,-0.8621,0
2020-09-07,sh.600010,1.1408368,1.16067744,1.1408368,1.15075712,1.1408368,188143955,218102805.35,0.5939,1,0.8696,0
2020-09-08,sh.600010,1.1408368,1.1904384,1.1408368,1.18051808,1.15075712,610923152,721048325.43,1.9286,1,2.5862,0
2020-09-09,sh.600010,1.17059776,1.29956192,1.16067744,1.2896416,1.18051808,1606390480,2006023625.27,5.0711,1,9.2437,0
2020-09-10,sh.600010,1.25988064,1.26980096,1.18051808,1.1904384,1.2896416,1069603152,1314539738.69,3.3766,1,-7.6923,0
2020-09-11,sh.600010,1.17059776,1.1904384,1.16067744,1.17059776,1.1904384,413598544,488895539.94,1.3057,1,-1.6667,0
2020-09-14,sh.600010,1.17059776,1.20035872,1.16067744,1.18051808,1.17059776,393314912,467082479.65,1.2416,1,0.8475,0
2020-09-15,sh.600010,1.18051808,1.18051808,1.16067744,1.17059776,1.18051808,258763031,305531258.18,0.8169,1,-0.8403,0
2020-09-16,sh.600010,1.17059776,1.18051808,1.16067744,1.17059776,1.17059776,196963938,232150673.56,0.6218,1,0.0,0
2020-09-17,sh.600010,1.16067744,1.17059776,1.15075712,1.16067744,1.17059776,244833626,286446114.22,0.7729,1,-0.8475,0
2020-09-18,sh.600010,1.16067744,1.18051808,1.15075712,1.17059776,1.16067744,239270566,281578502.74,0.7553,1,0.8547,0
2020-09-21,sh.600010,1.17059776,1.18051808,1.16067744,1.16067744,1.17059776,155103297,182735661.89,0.4896,1,-0.8475,0
2020-09-22,sh.600010,1.16067744,1.17059776,1.15075712,1.16067744,1.16067744,173943539,203219211.43,0.5491,1,0.0,0
2020-09-23,sh.600010,1.16067744,1.16067744,1.15075712,1.15075712,1.16067744,132921667,154492200.72,0.4196,1,-0.8547,0
2020-09-24,sh.600010,1.15075712,1.16067744,1.1408368,1.1408368,1.15075712,177262485,204787823.55,0.5596,1,-0.8621,0
2020-09-25,sh.600010,1.1408368,1.15075712,1.13091648,1.1408368,1.1408368,137979670,158853836.7,0.4356,1,0.0,0
2020-09-28,sh.600010,1.1408368,1.15075712,1.13091648,1.1408368,1.1408368,120523019,138640857.19,0.3805,1,0.0,0
2020-09-29,sh.600010,1.1408368,1.15075712,1.13091648,1.1408368,1.1408368,88891680,102348701.4,0.2806,1,0.0,0
2020-09-30,sh.600010,1.1408368,1.15075712,1.13091648,1.1408368,1.1408368,105383472,121018711.08,0.3327,1,0.0,0
2020-10-09,sh.600010,1.15075712,1.16067744,1.1408368,1.15075712,1.1408368,161196716,187275288.27,0.5089,1,0.8696,0
2020-10-12,sh.600010,1.15075712,1.18051808,1.15075712,1.17059776,1.15075712,289024352,339412723.06,0.9124,1,1.7241,0
2020-10-13,sh.600010,1.17059776,1.18051808,1.16067744,1.17059776,1.17059776,153329895,180640309.15,0.484,1,0.0,0
2020-10-14,sh.600010,1.16067744,1.17059776,1.15075712,1.15075712,1.17059776,155477361,181868891.9,0.4908,1,-1.6949,0
2020-10-15,sh.600010,1.15075712,1.17059776,1.15075712,1.16067744,1.15075712,179151512,209342183.61,0.5656,1,0.8621,0
2020-10-16,sh.600010,1.16067744,1.17059776,1.15075712,1.16067744,1.16067744,158338943,185675130.51,0.4999,1,0.0,0
2020-10-19,sh.600010,1.17059776,1.18051808,1.16067744,1.17059776,1.16067744,152042139,179118415.21,0.48,1,0.8547,0
2020-10-20,sh.600010,1.16067744,1.17059776,1.15075712,1.17059776,1.17059776,144360885,168777935.22,0.4557,1,0.0,0
2020-10-21,sh.600010,1.17059776,1.17059776,1.15075712,1.16067744,1.17059776,100016403,116932602.51,0.3157,1,-0.8475,0
2020-10-22,sh.600010,1.15075712,1.16067744,1.15075712,1.15075712,1.16067744,82317928,95799997.48,0.2599,1,-0.8547,0
2020-10-23,sh.600010,1.16067744,1.16067744,1.1408368,1.15075712,1.15075712,162328937,188547477.09,0.5124,1,0.0,0
2020-10-26,sh.600010,1.15075712,1.16067744,1.1408368,1.16067744,1.15075712,105774605,122730595.97,0.3339,1,0.8621,0
2020-10-27,sh.600010,1.15075712,1.16067744,1.1408368,1.15075712,1.16067744,98044832,113620557.0,0.3095,1,-0.8547,0
2020-10-28,sh.600010,1.15075712,1.16067744,1.1408368,1.15075712,1.15075712,100131623,116170134.28,0.3161,1,0.0,0
2020-10-29,sh.600010,1.15075712,1.15075712,1.1408368,1.1408368,1.15075712,96616169,111619888.35,0.305,1,-0.8621,0
2020-10-30,sh.600010,1.15075712,1.15075712,1.13091648,1.13091648,1.1408368,169993530,195123832.68,0.5366,1,-0.8696,0
2020-11-02,sh.600010,1.13091648,1.1408368,1.12099616,1.12099616,1.13091648,159289923,181160891.62,0.5029,1,-0.8772,0
2020-11-03,sh.600010,1.13091648,1.16067744,1.12099616,1.1408368,1.12099616,230916363,265235091.62,0.729,1,1.7699,0
2020-11-04,sh.600010,1.1408368,1.15075712,1.13091648,1.1408368,1.1408368,150824561,173137082.55,0.4761,1,0.0,0
2020-11-05,sh.600010,1.1408368,1.16067744,1.13091648,1.15075712,1.1408368,249357387,288308887.58,0.7872,1,0.8696,0
2020-11-06,sh.600010,1.15075712,1.15075712,1.1408368,1.1408368,1.15075712,141839516,163704704.4,0.4478,1,-0.8621,0
2020-11-09,sh.600010,1.15075712,1.17059776,1.1408368,1.16067744,1.1408368,336296208,393269582.22,1.0616,1,1.7391,0
2020-11-10,sh.600010,1.17059776,1.18051808,1.15075712,1.16067744,1.16067744,298468848,351400613.84,0.9422,1,0.0,0
2020-11-11,sh.600010,1.16067744,1.18051808,1.15075712,1.17059776,1.16067744,370185728,437048557.68,1.1686,1,0.8547,0
2020-11-12,sh.600010,1.16067744,1.17059776,1.15075712,1.16067744,1.17059776,208035511,243575423.69,0.6567,1,-0.8475,0
2020-11-13,sh.600010,1.16067744,1.18051808,1.15075712,1.17059776,1.16067744,368747616,434528026.49,1.1641,1,0.8547,0
2020-11-16,sh.600010,1.17059776,1.21027904,1.16067744,1.20035872,1.17059776,625484720,751124045.14,1.9746,1,2.5424,0
2020-11-17,sh.600010,1.1904384,1.20035872,1.17059776,1.18051808,1.20035872,344311168,410011051.01,1.0869,1,-1.6529,0
2020-11-18,sh.600010,1.18051808,1.1904384,1.17059776,1.1904384,1.18051808,289215184,344201230.38,0.913,1,0.8403,0
2020-11-19,sh.600010,1.18051808,1.1904384,1.17059776,1.18051808,1.1904384,194329709,230973829.2,0.6135,1,-0.8333,0
2020-11-20,sh.600010,1.18051808,1.20035872,1.16067744,1.1904384,1.18051808,392692080,468026368.3,1.2397,1,0.8403,0
2020-11-23,sh.600010,1.1904384,1.24996032,1.1904384,1.22019936,1.1904384,758838592,931257875.57,2.3955,1,2.5,0
2020-11-24,sh.600010,1.21027904,1.26980096,1.20035872,1.24996032,1.22019936,798788496,990506034.22,2.5217,1,2.439,0
2020-11-25,sh.600010,1.24996032,1.25988064,1.21027904,1.21027904,1.24996032,648397872,806564567.53,2.0469,1,-3.1746,0
2020-11-26,sh.600010,1.22019936,1.22019936,1.1904384,1.20035872,1.21027904,345072896,418345379.33,1.0893,1,-0.8197,0
2020-11-27,sh.600010,1.20035872,1.22019936,1.1904384,1.20035872,1.20035872,334862576,406146365.05,1.0571,1,0.0,0
2020-11-30,sh.600010,1.20035872,1.23011968,1.1904384,1.20035872,1.20035872,378895808,462543534.71,1.1961,1,0.0,0
2020-12-01,sh.600010,1.20035872,1.21027904,1.1904384,1.20035872,1.20035872,189453200,229677736.2,0.5981,1,0.0,0
2020-12-02,sh.600010,1.20035872,1.22019936,1.20035872,1.21027904,1.20035872,272830784,332735044.69,0.8613,1,0.8264,0
2020-12-03,sh.600010,1.21027904,1.21027904,1.18051808,1.1904384,1.21027904,316443360,380981577.82,0.999,1,-1.6393,0
2020-12-04,sh.600010,1.1904384,1.1904384,1.17059776,1.18051808,1.1904384,179360731,213816043.08,0.5662,1,-0.8333,0
2020-12-07,sh.600010,1.1904384,1.1904384,1.17059776,1.18051808,1.18051808,172106187,204655047.92,0.5433,1,0.0,0
2020-12-08,sh.600010,1.17059776,1.18051808,1.16067744,1.17059776,1.18051808,220668355,260444815.05,0.6966,1,-0.8403,0
2020-12-09,sh.600010,1.16067744,1.18051808,1.16067744,1.16067744,1.17059776,236572600,278046718.6,0.7468,1,-0.8475,0
2020-12-10,sh.600010,1.16067744,1.18051808,1.15075712,1.18051808,1.16067744,241603100,285415267.8,0.7627,1,1.7094,0
2020-12-11,sh.600010,1.18051808,1.1904384,1.15075712,1.16067744,1.18051808,266987009,314710313.88,0.8428,1,-1.6807,0
2020-12-14,sh.600010,1.16067744,1.16067744,1.1408368,1.16067744,1.16067744,187439336,217700671.16,0.5917,1,0.0,0
2020-12-15,sh.600010,1.15075712,1.16067744,1.1408368,1.15075712,1.16067744,164207985,189867459.41,0.5184,1,-0.8547,0
2020-12-16,sh.600010,1.15075712,1.16067744,1.1408368,1.15075712,1.15075712,116430016,134827877.59,0.3676,1,0.0,0
2020-12-17,sh.600010,1.15075712,1.17059776,1.1408368,1.16067744,1.15075712,252005073,293310941.22,0.7955,1,0.8621,0
2020-12-18,sh.600010,1.16067744,1.18051808,1.16067744,1.18051808,1.16067744,281023344,331974734.08,0.8871,1,1.7094,0
2020-12-21,sh.600010,1.18051808,1.1904384,1.17059776,1.18051808,1.18051808,262242098,311524448.02,0.8279,1,0.0,0
2020-12-22,sh.600010,1.18051808,1.18051808,1.1408368,1.15075712,1.18051808,284716960,333809829.12,0.8988,1,-2.521,0
2020-12-23,sh.600010,1.15075712,1.17059776,1.1408368,1.15075712,1.15075712,190220050,221971808.7,0.6005,1,0.0,0
2020-12-24,sh.600010,1.16067744,1.16067744,1.1408368,1.15075712,1.15075712,161250794,187447317.04,0.509,1,0.0,0
2020-12-25,sh.600010,1.15075712,1.17059776,1.1408368,1.17059776,1.15075712,214146736,250868147.92,0.676,1,1.7241,0
2020-12-28,sh.600010,1.17059776,1.17059776,1.15075712,1.16067744,1.17059776,156769050,183581976.0,0.4949,1,-0.8475,0
2020-12-29,sh.600010,1.16067744,1.17059776,1.15075712,1.15075712,1.16067744,129783137,151632009.03,0.4097,1,-0.8547,0
2020-12-30,sh.600010,1.15075712,1.17059776,1.15075712,1.16067744,1.15075712,177448496,207160030.36,0.5602,1,0.8621,0
2020-12-31,sh.600010,1.15075712,1.17059776,1.15075712,1.16067744,1.16067744,201853203,236115728.23,0.6372,1,0.0,0
2021-01-04,sh.600010,1.16067744,1.17059776,1.15075712,1.17059776,1.16067744,294106352,345535105.3,0.9284,1,0.8547,0
2021-01-05,sh.600010,1.17059776,1.17059776,1.15075712,1.16067744,1.17059776,291692608,340952512.69,0.9208,1,-0.8475,0
2021-01-06,sh.600010,1.16067744,1.16067744,1.15075712,1.16067744,1.16067744,101512692,118190964.72,0.3205,1,0.0,0
2021-01-07,sh.600010,1.16067744,1.18051808,1.15075712,1.16067744,1.16067744,479867744,564671042.02,1.5149,1,0.0,0
2021-01-08,sh.600010,1.16067744,1.17059776,1.1408368,1.16067744,1.16067744,286723456,333693962.6,0.9051,1,0.0,0
2021-01-11,sh.600010,1.16067744,1.17059776,1.1408368,1.15075712,1.16067744,378516400,439896424.2,1.1949,1,-0.8547,0
2021-01-12,sh.600010,1.1408368,1.15075712,1.13091648,1.1408368,1.15075712,318701696,366153420.98,1.0061,1,-0.8621,0
2021-01-13,sh.600010,1.1408368,1.15075712,1.13091648,1.13091648,1.1408368,280122720,321505639.3,0.8843,1,-0.8696,0
2021-01-14,sh.600010,1.13091648,1.15075712,1.13091648,1.1408368,1.13091648,260959561,299867957.25,0.8238,1,0.8772,0
2021-01-15,sh.600010,1.1408368,1.15075712,1.13091648,1.1408368,1.1408368,163477856,187864640.4,0.5161,1,0.0,0
2021-01-18,sh.600010,1.15075712,1.18051808,1.1408368,1.15075712,1.1408368,416192480,486489773.67,1.3139,1,0.8696,0
2021-01-19,sh.600010,1.15075712,1.16067744,1.1408368,1.15075712,1.15075712,271810496,314497352.7,0.8581,1,0.0,0
2021-01-20,sh.600010,1.15075712,1.20035872,1.1408368,1.1904384,1.15075712,759675280,894104449.09,2.3982,1,3.4483,0
2021-01-21,sh.600010,1.18051808,1.26980096,1.17059776,1.23011968,1.1904384,1528978464,1890069370.37,4.8267,1,3.3333,0
2021-01-22,sh.600010,1.21027904,1.21027904,1.17059776,1.17059776,1.23011968,897569280,1074022752.63,2.8335,1,-4.8387,0
2021-01-25,sh.600010,1.17059776,1.1904384,1.16067744,1.16067744,1.17059776,470233280,555179991.07,1.4845,1,-0.8475,0
2021-01-26,sh.600010,1.15075712,1.18051808,1.15075712,1.17059776,1.16067744,465462400,545048294.8,1.4694,1,0.8547,0
2021-01-27,sh.600010,1.16067744,1.17059776,1.15075712,1.16067744,1.17059776,268365533,312540926.28,0.8472,1,-0.8475,0
2021-01-28,sh.600010,1.15075712,1.16067744,1.1408368,1.1408368,1.16067744,277397648,320678160.35,0.8757,1,-1.7094,0
2021-01-29,sh.600010,1.15075712,1.15075712,1.13091648,1.1408368,1.1408368,303120288,348479434.62,0.9569,1,0.0,0
2021-02-01,sh.600010,1.1408368,1.1408368,1.12099616,1.12099616,1.1408368,348336560,397090950.47,1.0996,1,-1.7391,0
2021-02-02,sh.600010,1.12099616,1.1408368,1.12099616,1.13091648,1.12099616,327764512,372979880.78,1.0347,1,0.885,0
2021-02-03,sh.600010,1.13091648,1.24004,1.12099616,1.1904384,1.13091648,1504390048,1790709423.29,4.7491,1,5.2632,0
2021-02-04,sh.600010,1.17059776,1.18051808,1.13091648,1.16067744,1.1904384,794297952,921289892.23,2.5075,1,-2.5,0
2021-02-05,sh.600010,1.15075712,1.16067744,1.12099616,1.12099616,1.16067744,549188816,628358543.66,1.7337,1,-3.4188,0
2021-02-08,sh.600010,1.12099616,1.1408368,1.11107584,1.13091648,1.12099616,413022048,468348401.63,1.3038,1,0.885,0
2021-02-09,sh.600010,1.12099616,1.1408368,1.11107584,1.13091648,1.13091648,332180064,377980950.73,1.0486,1,0.0,0
2021-02-10,sh.600010,1.12099616,1.16067744,1.12099616,1.1408368,1.13091648,447320224,514214794.34,1.4121,1,0.8772,0
2021-02-18,sh.600010,1.16067744,1.21027904,1.15075712,1.1904384,1.1408368,856802992,1016264014.12,2.7048,1,4.3478,0
2021-02-19,sh.600010,1.18051808,1.21027904,1.16067744,1.1904384,1.1904384,618783136,737789020.85,1.9534,1,0.0,0
2021-02-22,sh.600010,1.21027904,1.30948224,1.20035872,1.30948224,1.1904384,1773770272,2298250961.86,5.5995,1,10.0,0
2021-02-23,sh.600010,1.3392432,1.4384464,1.2896416,1.4384464,1.30948224,2267554512,3110289894.7,7.1583,1,9.8485,0
2021-02-24,sh.600010,1.42852608,1.49796832,1.36900416,1.39876512,1.4384464,1939822720,2785663620.13,6.1237,1,-2.7586,0
2021-02-25,sh.600010,1.45828704,1.5376496,1.41860576,1.488048,1.39876512,2549156496,3869756160.69,8.0473,1,6.383,0
2021-02-26,sh.600010,1.3888448,1.60709184,1.34916352,1.52772928,1.488048,2144842816,3218527683.59,6.7709,1,2.6667,0
2021-03-01,sh.600010,1.51780896,1.67653408,1.488048,1.67653408,1.52772928,1714629840,2757754409.04,5.4128,1,9.7403,0
2021-03-02,sh.600010,1.7856576,1.84517952,1.71621536,1.74597632,1.67653408,3113115488,5650219554.25,9.8276,1,4.142,0
2021-03-03,sh.600010,1.6864544,1.92454208,1.67653408,1.92454208,1.74597632,2693407344,4969306745.7,8.5027,1,10.2273,0
2021-03-04,sh.600010,1.90470144,2.11302816,1.86502016,2.11302816,1.92454208,3496153296,7152252380.27,11.0368,1,9.7938,0
2021-03-05,sh.600010,2.1328688,2.21223136,1.984064,2.06342656,2.11302816,2898865488,6160562793.55,9.1513,1,-2.3474,0
2021-03-08,sh.600010,2.1328688,2.22215168,1.85509984,1.92454208,2.06342656,3607391024,7432449922.03,11.388,1,-6.7308,0
2021-03-09,sh.600010,1.82533888,2.00390464,1.79557792,1.8352592,1.92454208,2848038928,5437615693.62,8.9908,1,-4.6392,0
2021-03-10,sh.600010,1.85509984,1.85509984,1.69637472,1.77573728,1.8352592,2441524432,4315750062.0,7.7075,1,-3.2432,0
2021-03-11,sh.600010,1.75589664,1.8848608,1.72613568,1.84517952,1.77573728,2221940992,4071574664.37,7.0143,1,3.9106,0
2021-03-12,sh.600010,1.84517952,1.89478112,1.76581696,1.7856576,1.84517952,1958473392,3577446721.62,6.1826,1,-3.2258,0
2021-03-15,sh.600010,1.75589664,1.95430304,1.74597632,1.89478112,1.7856576,2658486928,5035944675.85,8.3924,1,6.1111,0
2021-03-16,sh.600010,1.86502016,1.8848608,1.7856576,1.8352592,1.89478112,1701019712,3135267798.89,5.3699,1,-3.1414,0
2021-03-17,sh.600010,1.80549824,1.82533888,1.75589664,1.7856576,1.8352592,1118424640,2011721707.83,3.5307,1,-2.7027,0
2021-03-18,sh.600010,1.7856576,1.79557792,1.736056,1.74597632,1.7856576,1149883264,2036145248.98,3.63,1,-2.2222,0
2021-03-19,sh.600010,1.70629504,1.74597632,1.66661376,1.69637472,1.74597632,1149673904,1974537176.79,3.6293,1,-2.8409,0
2021-03-22,sh.600010,1.69637472,1.72613568,1.6368528,1.66661376,1.69637472,1216347328,2055509636.71,3.8398,1,-1.7544,0
2021-03-23,sh.600010,1.65669344,1.66661376,1.57733088,1.5872512,1.66661376,1247333904,2023953229.09,3.9376,1,-4.7619,0
2021-03-24,sh.600010,1.56741056,1.5872512,1.51780896,1.52772928,1.5872512,1068813664,1666476635.53,3.3741,1,-3.75,0
2021-03-25,sh.600010,1.52772928,1.6368528,1.51780896,1.56741056,1.52772928,1233258592,1961036915.23,3.8932,1,2.5974,0
2021-03-26,sh.600010,1.54756992,1.61701216,1.5376496,1.59717152,1.56741056,1138910848,1807263008.9,3.5954,1,1.8987,0
2021-03-29,sh.600010,1.59717152,1.60709184,1.55749024,1.56741056,1.59717152,778993472,1241254916.66,2.4592,1,-1.8634,0
2021-03-30,sh.600010,1.54756992,1.64677312,1.50788864,1.61701216,1.56741056,1363365232,2183784337.97,4.3039,1,3.1646,0
2021-03-31,sh.600010,1.5872512,1.5872512,1.5376496,1.54756992,1.61701216,804703104,1263101735.29,2.5403,1,-4.2945,0
2021-04-01,sh.600010,1.54756992,1.57733088,1.50788864,1.57733088,1.54756992,898517968,1399148099.62,2.8365,1,1.9231,0
2021-04-02,sh.600010,1.55749024,1.55749024,1.51780896,1.52772928,1.57733088,651392720,1006007410.13,2.0563,1,-3.1447,0
2021-04-06,sh.600010,1.52772928,1.56741056,1.52772928,1.5376496,1.52772928,508710320,793578270.05,1.6059,1,0.6494,0
2021-04-07,sh.600010,1.5376496,1.62693248,1.52772928,1.62693248,1.5376496,1343236864,2144783672.88,4.2404,1,5.8065,0
2021-04-08,sh.600010,1.61701216,1.6864544,1.59717152,1.61701216,1.62693248,1540589360,2542641470.38,4.8634,1,-0.6098,0
2021-04-09,sh.600010,1.62693248,1.64677312,1.57733088,1.59717152,1.61701216,888530048,1438039143.24,2.805,1,-1.227,0
2021-04-12,sh.600010,1.5872512,1.6368528,1.56741056,1.62693248,1.59717152,1000531584,1624622966.0,3.1585,1,1.8634,0
2021-04-13,sh.600010,1.60709184,1.60709184,1.54756992,1.55749024,1.62693248,785923136,1241601602.48,2.481,1,-4.2683,0
2021-04-14,sh.600010,1.5376496,1.5872512,1.5376496,1.56741056,1.55749024,552190000,870377393.78,1.7432,1,0.6369,0
2021-04-15,sh.600010,1.56741056,1.5872512,1.54756992,1.56741056,1.56741056,500349968,789115412.32,1.5795,1,0.0,0
2021-04-16,sh.600010,1.55749024,1.57733088,1.54756992,1.55749024,1.56741056,525781648,827608171.44,1.6598,1,-0.6329,0
2021-04-19,sh.600010,1.55749024,1.57733088,1.5376496,1.56741056,1.55749024,604997520,952612084.43,1.9099,1,0.6369,0
2021-04-20,sh.600010,1.55749024,1.61701216,1.54756992,1.59717152,1.56741056,985325424,1576482606.02,3.1105,1,1.8987,0
2021-04-21,sh.600010,1.57733088,1.57733088,1.5376496,1.54756992,1.59717152,759349872,1191812830.7,2.3971,1,-3.1056,0
2021-04-22,sh.600010,1.54756992,1.57733088,1.5376496,1.55749024,1.54756992,523650880,824760850.39,1.6531,1,0.641,0
2021-04-23,sh.600010,1.55749024,1.56741056,1.5376496,1.54756992,1.55749024,528663424,824903379.22,1.6689,1,-0.6369,0
2021-04-26,sh.600010,1.55749024,1.56741056,1.5376496,1.5376496,1.54756992,418797488,655174416.01,1.3221,1,-0.641,0
2021-04-27,sh.600010,1.5376496,1.54756992,1.46820736,1.47812768,1.5376496,742519920,1122510456.94,2.344,1,-3.871,0
2021-04-28,sh.600010,1.47812768,1.52772928,1.44836672,1.50788864,1.47812768,586811280,877217499.21,1.8525,1,2.0134,0
2021-04-29,sh.600010,1.49796832,1.49796832,1.45828704,1.47812768,1.50788864,498477360,741579495.83,1.5736,1,-1.9737,0
2021-04-30,sh.600010,1.47812768,1.49796832,1.44836672,1.45828704,1.47812768,494973424,734922008.66,1.5626,1,-1.3423,0
2021-05-06,sh.600010,1.46820736,1.52772928,1.46820736,1.51780896,1.45828704,890172320,1349350664.16,2.8101,1,4.0816,0
2021-05-07,sh.600010,1.51780896,1.66661376,1.50788864,1.66661376,1.51780896,1351775360,2182700162.56,4.2673,1,9.8039,0
2021-05-10,sh.600010,1.736056,1.8352592,1.71621536,1.8352592,1.66661376,2482732544,4473797090.0,7.8376,1,10.119,0
2021-05-11,sh.600010,1.79557792,1.81541856,1.72613568,1.77573728,1.8352592,1746158544,3126070072.82,5.5123,1,-3.2432,0
2021-05-12,sh.600010,1.75589664,1.8848608,1.74597632,1.8352592,1.77573728,1421265744,2616916679.29,4.4867,1,3.352,0
2021-05-13,sh.600010,1.7856576,1.79557792,1.67653408,1.70629504,1.8352592,1396962512,2436934479.41,4.41,1,-7.027,0
2021-05-14,sh.600010,1.6864544,1.71621536,1.64677312,1.67653408,1.70629504,898498688,1518878411.05,2.8364,1,-1.7442,0
2021-05-17,sh.600010,1.66661376,1.69637472,1.62693248,1.66661376,1.67653408,822075520,1371986968.56,2.5952,1,-0.5917,0
2021-05-18,sh.600010,1.67653408,1.70629504,1.65669344,1.66661376,1.66661376,621629392,1053030075.41,1.9624,1,0.0,0
2021-05-19,sh.600010,1.64677312,1.65669344,1.61701216,1.6368528,1.66661376,643173616,1059380488.37,2.0304,1,-1.7857,0
2021-05-20,sh.600010,1.5872512,1.5872512,1.52772928,1.55749024,1.6368528,894612640,1398648886.29,2.8242,1,-4.8485,0
2021-05-21,sh.600010,1.54756992,1.64677312,1.5376496,1.60709184,1.55749024,780668800,1255905876.71,2.4644,1,3.1847,0
2021-05-24,sh.600010,1.56741056,1.61701216,1.55749024,1.57733088,1.60709184,488462560,778838945.15,1.542,1,-1.8519,0
2021-05-25,sh.600010,1.57733088,1.60709184,1.55749024,1.5872512,1.57733088,490150816,783183028.72,1.5473,1,0.6289,0
2021-05-26,sh.600010,1.57733088,1.62693248,1.56741056,1.60709184,1.5872512,667372160,1074861275.03,2.1068,1,1.25,0
2021-05-27,sh.600010,1.59717152,1.6368528,1.5872512,1.59717152,1.60709184,564876832,914517907.13,1.7832,1,-0.6173,0
2021-05-28,sh.600010,1.62693248,1.6368528,1.57733088,1.5872512,1.59717152,556311760,901826853.56,1.7562,1,-0.6211,0
2021-05-31,sh.600010,1.59717152,1.6368528,1.5872512,1.62693248,1.5872512,597062352,972697010.51,1.8848,1,2.5,0
2021-06-01,sh.600010,1.60709184,1.61701216,1.56741056,1.60709184,1.62693248,582612384,934231955.69,1.8392,1,-1.2195,0
2021-06-02,sh.600010,1.60709184,1.61701216,1.57733088,1.5872512,1.60709184,467301392,751160985.14,1.4752,1,-1.2346,0
2021-06-03,sh.600010,1.57733088,1.70629504,1.57733088,1.65669344,1.5872512,1369875872,2267961591.38,4.3245,1,4.375,0
2021-06-04,sh.600010,1.62693248,1.62693248,1.60709184,1.61701216,1.65669344,675500416,1101179494.5,2.1324,1,-2.3952,0
2021-06-07,sh.600010,1.61701216,1.6368528,1.59717152,1.60709184,1.61701216,470619552,764781749.2,1.4857,1,-0.6135,0
2021-06-08,sh.600010,1.59717152,1.60709184,1.57733088,1.5872512,1.60709184,449881216,722310557.98,1.4202,1,-1.2346,0
2021-06-09,sh.600010,1.59717152,1.62693248,1.5872512,1.60709184,1.5872512,453848848,737781917.14,1.4327,1,1.25,0
2021-06-10,sh.600010,1.60709184,1.61701216,1.5872512,1.59717152,1.60709184,429898528,693695302.28,1.3571,1,-0.6173,0
2021-06-11,sh.600010,1.59717152,1.60709184,1.57733088,1.59717152,1.59717152,479705712,770741945.84,1.5144,1,0.0,0
2021-06-15,sh.600010,1.5872512,1.59717152,1.54756992,1.55749024,1.59717152,484429008,764554021.96,1.5293,1,-2.4845,0
2021-06-16,sh.600010,1.56741056,1.5872512,1.55749024,1.55749024,1.55749024,355717808,563606848.09,1.1229,1,0.0,0
2021-06-17,sh.600010,1.55749024,1.56741056,1.5376496,1.5376496,1.55749024,345750448,539277987.14,1.0915,1,-1.2739,0
2021-06-18,sh.600010,1.52772928,1.54756992,1.49796832,1.5376496,1.5376496,430610976,660578879.19,1.3594,1,0.0,0
2021-06-21,sh.600010,1.5376496,1.57733088,1.5376496,1.54756992,1.5376496,426370128,667800445.8,1.346,1,0.6452,0
2021-06-22,sh.600010,1.5376496,1.57733088,1.52772928,1.55749024,1.54756992,454288256,709683208.28,1.4341,1,0.641,0
2021-06-23,sh.600010,1.54756992,1.55749024,1.52772928,1.54756992,1.55749024,371941856,578461865.6,1.1742,1,-0.6369,0
2021-06-24,sh.600010,1.54756992,1.55749024,1.52772928,1.5376496,1.54756992,379438288,590078238.58,1.1978,1,-0.641,0
2021-06-25,sh.600010,1.5376496,1.59717152,1.52772928,1.5872512,1.5376496,834220944,1323070389.24,2.6335,1,3.2258,0
2021-06-28,sh.600010,1.57733088,1.5872512,1.54756992,1.57733088,1.5872512,585149632,921518678.93,1.8472,1,-0.625,0
2021-06-29,sh.600010,1.56741056,1.56741056,1.5376496,1.5376496,1.57733088,529116240,825372237.09,1.6703,1,-2.5157,0
2021-06-30,sh.600010,1.5376496,1.55749024,1.52772928,1.5376496,1.5376496,252359913,393196543.25,0.7967,1,0.0,0
2021-07-01,sh.600010,1.5376496,1.54756992,1.50788864,1.51780896,1.5376496,372362544,573815412.5,1.1755,1,-1.2903,0
2021-07-02,sh.600010,1.50788864,1.54756992,1.49796832,1.51780896,1.51780896,435285584,667718505.45,1.3741,1,0.0,0
2021-07-05,sh.600010,1.51780896,1.57733088,1.50788864,1.56741056,1.51780896,736190336,1153158010.87,2.324,1,3.268,0
2021-07-06,sh.600010,1.56741056,1.5872512,1.5376496,1.55749024,1.56741056,662398304,1043037733.82,2.0911,1,-0.6329,0
2021-07-07,sh.600010,1.54756992,1.71621536,1.5376496,1.6864544,1.55749024,2275642768,3805218502.86,7.1838,1,8.2803,0
2021-07-08,sh.600010,1.66661376,1.77573728,1.65669344,1.67653408,1.6864544,2066181104,3581519239.32,6.5226,1,-0.5882,0
2021-07-09,sh.600010,1.65669344,1.84517952,1.64677312,1.84517952,1.67653408,2320042224,4160433975.56,7.324,1,10.0592,0
2021-07-12,sh.600010,1.92454208,2.0336656,1.90470144,1.96422336,1.84517952,2993669520,5996642106.14,9.4505,1,6.4516,0
2021-07-13,sh.600010,2.0336656,2.16262976,1.9344624,2.16262976,1.96422336,2192653152,4541858707.37,6.9219,1,10.101,0
2021-07-14,sh.600010,2.22215168,2.29159392,2.06342656,2.07334688,2.16262976,3011623696,6592169863.61,9.5072,1,-4.1284,0
2021-07-15,sh.600010,2.06342656,2.2816736,1.97414368,2.232072,2.07334688,3083836224,6601371380.11,9.7352,1,7.6555,0
2021-07-16,sh.600010,2.16262976,2.25191264,2.10310784,2.1328688,2.232072,2260138768,4963746153.46,7.1349,1,-4.4444,0
2021-07-19,sh.600010,2.0832672,2.232072,2.07334688,2.10310784,2.1328688,1715696752,3721187732.6,5.4162,1,-1.3953,0
2021-07-20,sh.600010,2.0832672,2.20231104,2.07334688,2.1328688,2.10310784,1323475712,2845222162.47,4.178,1,1.4151,0
2021-07-21,sh.600010,2.16262976,2.35111584,2.11302816,2.35111584,2.1328688,2419960720,5536152813.46,7.6394,1,10.2326,0
2021-07-22,sh.600010,2.40071744,2.58920352,2.36103616,2.58920352,2.35111584,2774628368,6967248588.37,8.7591,1,10.1266,0
2021-07-23,sh.600010,2.68840672,2.83721152,2.51976128,2.66856608,2.58920352,3472217952,9360797053.98,10.9612,1,3.0651,0
2021-07-26,sh.600010,2.65864576,2.68840672,2.46023936,2.56936288,2.66856608,2381113648,6212685939.23,7.5168,1,-3.7175,0
2021-07-27,sh.600010,2.56936288,2.75784896,2.4304784,2.50984096,2.56936288,2741055584,7246457864.8,8.6531,1,-2.3166,0
2021-07-28,sh.600010,2.44039872,2.55944256,2.26183296,2.41063776,2.50984096,1869200592,4563473473.72,5.9008,1,-3.9526,0
2021-07-29,sh.600010,2.50984096,2.64872544,2.44039872,2.64872544,2.41063776,2019911440,5255445198.66,6.3765,1,9.8765,0
2021-07-30,sh.600010,2.68840672,2.90665376,2.59912384,2.8272912,2.64872544,2749217904,7542543520.46,8.6789,1,6.7416,0
2021-08-02,sh.600010,2.7776896,2.81737088,2.59912384,2.66856608,2.8272912,2439509792,6634730642.16,7.7012,1,-5.614,0
2021-08-03,sh.600010,2.60904416,2.65864576,2.41063776,2.48008,2.66856608,1972838672,5010697872.98,6.2279,1,-7.0632,0
2021-08-04,sh.600010,2.46023936,2.728088,2.44039872,2.728088,2.48008,2487864944,6664604352.82,7.8538,1,10.0,0
2021-08-05,sh.600010,2.6784864,2.74792864,2.53960192,2.69832704,2.728088,2255900240,6013052900.07,7.1215,1,-1.0909,0
2021-08-06,sh.600010,2.6784864,2.84713184,2.66856608,2.74792864,2.69832704,1898017120,5301526111.99,5.9917,1,1.8382,0
2021-08-09,sh.600010,2.6784864,2.73800832,2.60904416,2.69832704,2.74792864,1480964320,3985547210.78,4.6752,1,-1.8051,0
2021-08-10,sh.600010,2.64872544,2.728088,2.58920352,2.65864576,2.69832704,1255414352,3357013834.17,3.9631,1,-1.4706,0
2021-08-11,sh.600010,2.6288848,2.73800832,2.5792832,2.65864576,2.65864576,1447899888,3874545472.5,4.5708,1,0.0,0
2021-08-12,sh.600010,2.64872544,2.8768928,2.58920352,2.76776928,2.65864576,1831850272,5071817862.92,5.7829,1,4.1045,0
2021-08-13,sh.600010,2.728088,2.85705216,2.6784864,2.75784896,2.76776928,1675337952,4680271663.41,5.2888,1,-0.3584,0
2021-08-16,sh.600010,2.68840672,2.7776896,2.61896448,2.64872544,2.75784896,1619070288,4384893953.78,5.1112,1,-3.9568,0
2021-08-17,sh.600010,2.64872544,2.71816768,2.59912384,2.61896448,2.64872544,1213697248,3249503577.3,3.8315,1,-1.1236,0
2021-08-18,sh.600010,2.59912384,2.64872544,2.56936288,2.59912384,2.61896448,966346880,2536453151.18,3.0506,1,-0.7576,0
2021-08-19,sh.600010,2.56936288,2.60904416,2.48008,2.53960192,2.59912384,1255056096,3196886072.94,3.962,1,-2.2901,0
2021-08-20,sh.600010,2.50984096,2.58920352,2.47015968,2.58920352,2.53960192,1026901504,2626911984.92,3.2418,1,1.9531,0
2021-08-23,sh.600010,2.60904416,2.73800832,2.56936288,2.69832704,2.58920352,1545918032,4136451973.15,4.8802,1,4.2146,0
2021-08-24,sh.600010,2.68840672,2.96617568,2.66856608,2.96617568,2.69832704,2742817232,7963098400.93,8.6586,1,9.9265,0
2021-08-25,sh.600010,3.0256976,3.11498048,2.93641472,3.03561792,2.96617568,2408561312,7339835871.8,7.6035,1,2.3411,0
2021-08-26,sh.600010,3.03561792,3.34314784,3.0256976,3.28362592,3.03561792,2446628960,7895982036.5,7.7236,1,8.1699,0
2021-08-27,sh.600010,3.3233072,3.41259008,3.18442272,3.29354624,3.28362592,2027969360,6755815799.28,6.402,1,0.3021,0
2021-08-30,sh.600010,3.34314784,3.5217136,3.2737056,3.39274944,3.29354624,2104067872,7173434898.36,6.6422,1,3.012,0
2021-08-31,sh.600010,3.34314784,3.73004032,3.33322752,3.73004032,3.39274944,1550756016,5631181415.07,4.8955,1,9.9415,0
2021-09-01,sh.600010,4.10701248,4.10701248,3.73004032,3.7697216,3.73004032,4114453024,16328002483.63,12.9887,1,1.0638,0
2021-09-02,sh.600010,3.7697216,4.09709216,3.63083712,3.92844672,3.7697216,2899276560,11251976983.41,9.1526,1,4.2105,0
2021-09-03,sh.600010,3.8689248,4.02764992,3.53163392,3.64075744,3.92844672,3174896640,11916412011.7,10.0227,1,-7.3232,0
2021-09-06,sh.600010,3.55147456,3.6209168,3.34314784,3.55147456,3.64075744,2182522944,7659067480.72,6.8899,1,-2.4523,0
2021-09-07,sh.600010,3.54155424,3.79948256,3.5217136,3.72012,3.55147456,2289382576,8416441220.76,7.2272,1,4.7486,0
2021-09-08,sh.600010,3.6705184,3.94828736,3.6209168,3.77964192,3.72012,2064639728,7922311278.52,6.5177,1,1.6,0
2021-09-09,sh.600010,3.72012,3.89868576,3.71019968,3.85900448,3.77964192,1949496608,7472753691.19,6.1543,1,2.0997,0
2021-09-10,sh.600010,3.8193232,3.84908416,3.6705184,3.72012,3.85900448,1762691520,6659051591.77,5.5645,1,-3.599,0
2021-09-13,sh.600010,3.6705184,3.90860608,3.63083712,3.77964192,3.72012,1750696464,6688326832.32,5.5267,1,1.6,0
2021-09-14,sh.600010,3.7697216,3.77964192,3.55147456,3.63083712,3.77964192,1630588224,6012311189.28,5.1475,1,-3.937,0
2021-09-15,sh.600010,3.6209168,3.70027936,3.59115584,3.64075744,3.63083712,1072876496,3936458649.51,3.3869,1,0.2732,0
2021-09-16,sh.600010,3.69035904,3.8193232,3.58123552,3.59115584,3.64075744,1739021280,6490095628.4,5.4898,1,-1.3624,0
2021-09-17,sh.600010,3.5217136,3.6209168,3.23402432,3.35306816,3.59115584,2035530192,6982186096.54,6.4259,1,-6.6298,0
2021-09-22,sh.600010,3.2737056,3.40266976,3.18442272,3.38282912,3.35306816,1083927952,3644470785.48,3.4218,1,0.8876,0
2021-09-23,sh.600010,3.41259008,3.72012,3.38282912,3.72012,3.38282912,2600060288,9489866938.31,8.208,1,9.9707,0
2021-09-24,sh.600010,3.73996064,3.77964192,3.472112,3.5217136,3.72012,2140620176,7796083274.49,6.7576,1,-5.3333,0
2021-09-27,sh.600010,3.44235104,3.45227136,3.1745024,3.1745024,3.5217136,1638131968,5350639188.34,5.1713,1,-9.8592,0
2021-09-28,sh.600010,3.06537888,3.20426336,3.0256976,3.16458208,3.1745024,1137632928,3571601725.82,3.5913,1,-0.3125,0
2021-09-29,sh.600010,3.10506016,3.19434304,2.95625536,3.05545856,3.16458208,1246054656,3863004169.19,3.9336,1,-3.4483,0
2021-09-30,sh.600010,3.0752992,3.19434304,3.06537888,3.14474144,3.05545856,955721040,3021051413.97,3.0171,1,2.9221,0
2021-10-08,sh.600010,3.224104,3.24394464,3.01577728,3.05545856,3.14474144,902490896,2807524702.29,2.849,1,-2.8391,0
2021-10-11,sh.600010,3.01577728,3.05545856,2.85705216,2.99593664,3.05545856,946868768,2829120874.68,2.9891,1,-1.9481,0
2021-10-12,sh.600010,2.96617568,3.0256976,2.78760992,2.84713184,2.99593664,1024853824,2972850895.91,3.2353,1,-4.9669,0
2021-10-13,sh.600010,2.8272912,2.94633504,2.78760992,2.88681312,2.84713184,786911632,2268233986.83,2.4842,1,1.3937,0
2021-10-14,sh.600010,2.84713184,2.93641472,2.79753024,2.8768928,2.88681312,635897040,1845038330.54,2.0074,1,-0.3436,0
2021-10-15,sh.600010,2.89673344,2.91657408,2.84713184,2.88681312,2.8768928,570538192,1658333958.53,1.8011,1,0.3448,0
2021-10-18,sh.600010,2.86697248,2.9264944,2.83721152,2.89673344,2.88681312,738969024,2148819942.45,2.3328,1,0.3436,0
2021-10-19,sh.600010,2.8768928,2.9264944,2.80745056,2.89673344,2.89673344,752492672,2175316486.87,2.3755,1,0.0,0
2021-10-20,sh.600010,2.85705216,3.05545856,2.8272912,2.98601632,2.89673344,1324621632,3962863516.35,4.1816,1,3.0822,0
2021-10-21,sh.600010,2.99593664,3.14474144,2.93641472,3.03561792,2.98601632,1573909104,4840620504.35,4.9686,1,1.6611,0
2021-10-22,sh.600010,2.976096,2.99593664,2.83721152,2.85705216,3.03561792,1231363376,3607086245.76,3.8872,1,-5.8824,0
2021-10-25,sh.600010,2.81737088,2.93641472,2.728088,2.91657408,2.85705216,1233188688,3516007121.71,3.893,1,2.0833,0
2021-10-26,sh.600010,2.88681312,3.05545856,2.86697248,2.976096,2.91657408,1256577824,3781401118.67,3.9668,1,2.0408,0
2021-10-27,sh.600010,2.94633504,3.0256976,2.90665376,2.95625536,2.976096,875376400,2623858002.3,2.7634,1,-0.6667,0
2021-10-28,sh.600010,2.9264944,2.94633504,2.73800832,2.74792864,2.95625536,1219184528,3456470112.28,3.8488,1,-7.047,0
2021-10-29,sh.600010,2.74792864,2.79753024,2.71816768,2.78760992,2.74792864,677125040,1887362334.72,2.1376,1,1.444,0
2021-11-01,sh.600010,2.7776896,2.78760992,2.65864576,2.68840672,2.78760992,1074349024,2944117237.25,3.3916,1,-3.5587,0
2021-11-02,sh.600010,2.65864576,2.70824736,2.54952224,2.59912384,2.68840672,961136560,2540459541.09,3.0342,1,-3.321,0
2021-11-03,sh.600010,2.59912384,2.65864576,2.53960192,2.6288848,2.59912384,836977360,2196822430.73,2.6422,1,1.145,0
2021-11-04,sh.600010,2.61896448,2.63880512,2.5792832,2.61896448,2.6288848,560114176,1472597720.62,1.7682,1,-0.3774,0
2021-11-05,sh.600010,2.59912384,2.59912384,2.49000032,2.49000032,2.61896448,896139904,2297666489.0,2.829,1,-4.9242,0
2021-11-08,sh.600010,2.49992064,2.728088,2.49992064,2.65864576,2.49000032,1443662720,3851593423.79,4.5574,1,6.7729,0
2021-11-09,sh.600010,2.6288848,2.63880512,2.56936288,2.5792832,2.65864576,896989792,2348321123.18,2.8317,1,-2.9851,0
2021-11-10,sh.600010,2.55944256,2.5792832,2.49000032,2.54952224,2.5792832,782021104,1994891059.53,2.4687,1,-1.1538,0
2021-11-11,sh.600010,2.55944256,2.61896448,2.53960192,2.5792832,2.54952224,792822736,2055843696.23,2.5028,1,1.1673,0
2021-11-12,sh.600010,2.56936288,2.63880512,2.55944256,2.5792832,2.5792832,863819792,2263849644.37,2.7269,1,0.0,0
2021-11-15,sh.600010,2.55944256,2.56936288,2.47015968,2.49992064,2.5792832,725557696,1828109174.66,2.2905,1,-3.0769,0
2021-11-16,sh.600010,2.49000032,2.51976128,2.39079712,2.40071744,2.49992064,861781872,2129288715.05,2.7205,1,-3.9683,0
2021-11-17,sh.600010,2.40071744,2.48008,2.39079712,2.44039872,2.40071744,730306928,1798171008.55,2.3055,1,1.6529,0
2021-11-18,sh.600010,2.4304784,2.50984096,2.42055808,2.48008,2.44039872,809044240,2015422306.83,2.554,1,1.626,0
2021-11-19,sh.600010,2.47015968,2.49992064,2.42055808,2.49992064,2.48008,644124080,1598227733.02,2.0334,1,0.8,0
2021-11-22,sh.600010,2.49992064,2.59912384,2.48008,2.5792832,2.49992064,994522256,2553979316.38,3.1396,1,3.1746,0
2021-11-23,sh.600010,2.69832704,2.83721152,2.69832704,2.75784896,2.5792832,2542750288,7150279567.78,8.0271,1,6.9231,0
2021-11-24,sh.600010,2.6784864,2.95625536,2.6784864,2.8768928,2.75784896,2247129136,6450187773.38,7.0938,1,4.3165,0
2021-11-25,sh.600010,2.88681312,2.9264944,2.80745056,2.81737088,2.8768928,1324818432,3818536521.84,4.1822,1,-2.069,0
2021-11-26,sh.600010,2.7776896,3.05545856,2.75784896,3.01577728,2.81737088,1889320832,5642683422.12,5.9643,1,7.0423,0
2021-11-29,sh.600010,2.9264944,2.98601632,2.88681312,2.94633504,3.01577728,1334955296,3949514591.57,4.2142,1,-2.3026,0
2021-11-30,sh.600010,2.976096,3.01577728,2.85705216,2.86697248,2.94633504,1093345744,3203462314.01,3.4515,1,-2.6936,0
2021-12-01,sh.600010,2.84713184,2.89673344,2.79753024,2.84713184,2.86697248,750533376,2149352472.29,2.3693,1,-0.692,0
2021-12-02,sh.600010,2.83721152,2.96617568,2.79753024,2.91657408,2.84713184,1267442464,3674770131.12,4.0011,1,2.439,0
2021-12-03,sh.600010,2.88681312,2.89673344,2.78760992,2.84713184,2.91657408,860073680,2461058487.02,2.7151,1,-2.381,0
2021-12-06,sh.600010,2.83721152,2.90665376,2.8272912,2.84713184,2.84713184,806961216,2327081073.29,2.5475,1,0.0,0
2021-12-07,sh.600010,2.86697248,2.8768928,2.728088,2.7776896,2.84713184,879676800,2471657208.47,2.777,1,-2.439,0
2021-12-08,sh.600010,2.7776896,2.90665376,2.75784896,2.85705216,2.7776896,980079744,2814137053.72,3.094,1,2.8571,0
2021-12-09,sh.600010,2.85705216,3.13482112,2.84713184,3.01577728,2.85705216,1742480224,5280992464.76,5.5007,1,5.5556,0
2021-12-10,sh.600010,2.976096,2.98601632,2.89673344,2.93641472,3.01577728,1194805568,3525657487.55,3.7718,1,-2.6316,0
2021-12-13,sh.600010,2.91657408,2.976096,2.85705216,2.96617568,2.93641472,1023739760,3006592784.12,3.2318,1,1.0135,0
2021-12-14,sh.600010,2.95625536,3.01577728,2.89673344,2.91657408,2.96617568,910523952,2705497039.86,2.8744,1,-1.6722,0
2021-12-15,sh.600010,2.88681312,3.0752992,2.8768928,3.01577728,2.91657408,1691916016,5124641790.93,5.3411,1,3.4014,0
2021-12-16,sh.600010,2.99593664,3.09513984,2.98601632,3.09513984,3.01577728,1305388912,4003941876.38,4.1209,1,2.6316,0
2021-12-17,sh.600010,3.08521952,3.18442272,3.05545856,3.05545856,3.09513984,1266695312,3974322904.99,3.9988,1,-1.2821,0
2021-12-20,sh.600010,3.06537888,3.19434304,3.05545856,3.08521952,3.05545856,1248566528,3926182335.45,3.9415,1,0.974,0
2021-12-21,sh.600010,3.06537888,3.11498048,2.98601632,3.06537888,3.08521952,784985680,2405936869.79,2.4781,1,-0.6431,0
2021-12-22,sh.600010,3.0752992,3.08521952,2.976096,2.98601632,3.06537888,858928672,2611785911.4,2.7115,1,-2.589,0
2021-12-23,sh.600010,2.99593664,3.05545856,2.976096,3.0256976,2.98601632,862998000,2625492118.04,2.7243,1,1.3289,0
2021-12-24,sh.600010,3.0256976,3.03561792,2.84713184,2.85705216,3.0256976,1235315584,3616647936.02,3.8997,1,-5.5738,0
2021-12-27,sh.600010,2.7776896,2.8272912,2.68840672,2.75784896,2.85705216,817854864,2275778933.36,2.5818,1,-3.4722,0
2021-12-28,sh.600010,2.74792864,2.81737088,2.728088,2.81737088,2.75784896,655486624,1836067878.14,2.0693,1,2.1583,0
2021-12-29,sh.600010,2.80745056,2.8272912,2.73800832,2.75784896,2.81737088,618704752,1731515379.37,1.9532,1,-2.1127,0
2021-12-30,sh.600010,2.76776928,2.80745056,2.73800832,2.74792864,2.75784896,542521248,1513984971.07,1.7127,1,-0.3597,0
2021-12-31,sh.600010,2.728088,2.7776896,2.728088,2.76776928,2.74792864,480959168,1334136034.96,1.5183,1,0.722,0
2022-01-04,sh.600010,2.7776896,2.80745056,2.74792864,2.76776928,2.76776928,548999616,1533193774.39,1.7331,1,0.0,0
2022-01-05,sh.600010,2.76776928,2.76776928,2.60904416,2.64872544,2.76776928,871508176,2350819373.55,2.7512,1,-4.3011,0
2022-01-06,sh.600010,2.6288848,2.74792864,2.61896448,2.69832704,2.64872544,758459504,2067432777.91,2.3943,1,1.8727,0
2022-01-07,sh.600010,2.69832704,2.79753024,2.69832704,2.76776928,2.69832704,1020988160,2852775379.71,3.2231,1,2.5735,0
2022-01-10,sh.600010,2.85705216,2.85705216,2.74792864,2.80745056,2.76776928,1090332224,3084514533.41,3.442,1,1.4337,0
2022-01-11,sh.600010,2.81737088,2.88681312,2.78760992,2.8272912,2.80745056,816981328,2343485297.27,2.5791,1,0.7067,0
2022-01-12,sh.600010,2.70824736,2.728088,2.63880512,2.70824736,2.8272912,1347488496,3641615187.9,4.2538,1,-4.2105,0
2022-01-13,sh.600010,2.6784864,2.68840672,2.6288848,2.64872544,2.70824736,694118816,1855273630.47,2.1912,1,-2.1978,0
2022-01-14,sh.600010,2.63880512,2.63880512,2.5792832,2.60904416,2.64872544,738022736,1937805637.66,2.3298,1,-1.4981,0
2022-01-17,sh.600010,2.5792832,2.58920352,2.50984096,2.53960192,2.60904416,676714928,1734164424.44,2.1363,1,-2.6616,0
2022-01-18,sh.600010,2.53960192,2.58920352,2.5296816,2.55944256,2.53960192,366372560,946392796.4,1.1566,1,0.7813,0
2022-01-19,sh.600010,2.56936288,2.58920352,2.5296816,2.54952224,2.55944256,449149984,1160308053.26,1.4179,1,-0.3876,0
2022-01-20,sh.600010,2.55944256,2.5792832,2.48008,2.50984096,2.54952224,514260704,1307966401.19,1.6234,1,-1.5564,0
2022-01-21,sh.600010,2.49992064,2.49992064,2.44039872,2.44039872,2.50984096,503626432,1253893284.36,1.5899,1,-2.7668,0
2022-01-24,sh.600010,2.4304784,2.50984096,2.40071744,2.49000032,2.44039872,462873008,1151780702.87,1.4612,1,2.0325,0
2022-01-25,sh.600010,2.47015968,2.50984096,2.39079712,2.39079712,2.49000032,520276000,1277060702.71,1.6424,1,-3.9841,0
2022-01-26,sh.600010,2.39079712,2.44039872,2.39079712,2.41063776,2.39079712,326273696,793109804.27,1.03,1,0.8299,0
2022-01-27,sh.600010,2.41063776,2.42055808,2.30151424,2.32135488,2.41063776,554144448,1312851269.49,1.7493,1,-3.7037,0
2022-01-28,sh.600010,2.3312752,2.36103616,2.26183296,2.32135488,2.32135488,513805680,1196331036.6,1.622,1,0.0,0
2022-02-07,sh.600010,2.36103616,2.49000032,2.36103616,2.48008,2.32135488,738713760,1823451693.92,2.332,1,6.8376,0
2022-02-08,sh.600010,2.49000032,2.51976128,2.44039872,2.51976128,2.48008,636558512,1592299204.37,2.0095,1,1.6,0
2022-02-09,sh.600010,2.51976128,2.55944256,2.49992064,2.53960192,2.51976128,640250192,1634768768.11,2.0212,1,0.7874,0
2022-02-10,sh.600010,2.53960192,2.56936288,2.49992064,2.5296816,2.53960192,523310912,1335928761.9,1.652,1,-0.3906,0
2022-02-11,sh.600010,2.50984096,2.53960192,2.48008,2.49000032,2.5296816,440679184,1115494043.73,1.3912,1,-1.5686,0
2022-02-14,sh.600010,2.48008,2.51976128,2.45031904,2.48008,2.49000032,410298464,1028012321.33,1.2952,1,-0.3984,0
2022-02-15,sh.600010,2.49000032,2.50984096,2.46023936,2.48008,2.48008,441242240,1104271499.76,1.3929,1,0.0,0
2022-02-16,sh.600010,2.49000032,2.59912384,2.48008,2.55944256,2.48008,802598000,2069434503.77,2.5337,1,3.2,0
2022-02-17,sh.600010,2.54952224,2.61896448,2.53960192,2.58920352,2.55944256,802799120,2087098672.43,2.5343,1,1.1628,0
2022-02-18,sh.600010,2.55944256,2.59912384,2.54952224,2.58920352,2.58920352,527670176,1369078989.18,1.6658,1,0.0,0
2022-02-21,sh.600010,2.58920352,2.60904416,2.53960192,2.56936288,2.58920352,491260256,1270560187.55,1.5508,1,-0.7663,0
2022-02-22,sh.600010,2.54952224,2.56936288,2.49992064,2.54952224,2.56936288,522396528,1332928444.79,1.6491,1,-0.7722,0
2022-02-23,sh.600010,2.53960192,2.55944256,2.51976128,2.55944256,2.54952224,454525328,1166079288.8,1.4349,1,0.3891,0
2022-02-24,sh.600010,2.53960192,2.60904416,2.45031904,2.49000032,2.55944256,876418064,2237244199.26,2.7667,1,-2.7132,0
2022-02-25,sh.600010,2.50984096,2.728088,2.49992064,2.63880512,2.49000032,1780110976,4750369751.04,5.6195,1,5.9761,0
2022-02-28,sh.600010,2.6288848,2.65864576,2.59912384,2.65864576,2.63880512,951364848,2521211952.0,3.0033,1,0.7519,0
2022-03-01,sh.600010,2.65864576,2.65864576,2.58920352,2.61896448,2.65864576,650504384,1717842272.0,2.0535,1,-1.4925,0
2022-03-02,sh.600010,2.59912384,2.63880512,2.5792832,2.60904416,2.61896448,502243856,1324251408.0,1.5855,1,-0.3788,0
2022-03-03,sh.600010,2.61896448,2.64872544,2.59912384,2.61896448,2.60904416,666794880,1762319200.0,2.105,1,0.3802,0
2022-03-04,sh.600010,2.59912384,2.59912384,2.5296816,2.55944256,2.61896448,640359840,1656679040.0,2.0215,1,-2.2727,0
2022-03-07,sh.600010,2.49992064,2.53960192,2.46023936,2.48008,2.55944256,762827808,1920144080.0,2.4081,1,-3.1008,0
2022-03-08,sh.600010,2.47015968,2.49000032,2.3808768,2.39079712,2.48008,639242432,1559482608.0,2.018,1,-3.6,0
2022-03-09,sh.600010,2.40071744,2.41063776,2.26183296,2.36103616,2.39079712,691209152,1629375536.0,2.182,1,-1.2448,0
2022-03-10,sh.600010,2.39079712,2.41063776,2.36103616,2.3808768,2.36103616,428961152,1031544992.0,1.3542,1,0.8403,0
2022-03-11,sh.600010,2.35111584,2.3808768,2.30151424,2.37095648,2.3808768,453948736,1066690480.0,1.433,1,-0.4167,0
2022-03-14,sh.600010,2.34119552,2.36103616,2.29159392,2.29159392,2.37095648,392275936,919410688.0,1.2384,1,-3.3473,0
2022-03-15,sh.600010,2.27175328,2.27175328,2.11302816,2.11302816,2.29159392,761001984,1680967520.0,2.4024,1,-7.7922,0
2022-03-16,sh.600010,2.14278912,2.232072,2.09318752,2.22215168,2.11302816,723559504,1578340928.0,2.2842,1,5.1643,0
2022-03-17,sh.600010,2.25191264,2.29159392,2.24199232,2.25191264,2.22215168,579542816,1325073536.0,1.8295,1,1.3393,0
2022-03-18,sh.600010,2.25191264,2.27175328,2.232072,2.26183296,2.25191264,407136880,925000851.87,1.2853,1,0.4405,0
2022-03-21,sh.600010,2.27175328,2.2816736,2.232072,2.25191264,2.26183296,399310272,909455945.06,1.2606,1,-0.4386,0
2022-03-22,sh.600010,2.25191264,2.30151424,2.232072,2.2816736,2.25191264,514062704,1178594856.12,1.6228,1,1.3216,0
2022-03-23,sh.600010,2.2816736,2.2816736,2.24199232,2.26183296,2.2816736,378558464,861808735.38,1.195,1,-0.8696,0
2022-03-24,sh.600010,2.24199232,2.26183296,2.21223136,2.232072,2.26183296,368403008,829103692.25,1.163,1,-1.3158,0
2022-03-25,sh.600010,2.24199232,2.25191264,2.20231104,2.20231104,2.232072,296243344,664902887.42,0.9352,1,-1.3333,0
2022-03-28,sh.600010,2.1824704,2.232072,2.14278912,2.232072,2.20231104,393139536,868538990.9,1.2411,1,1.3514,0
2022-03-29,sh.600010,2.22215168,2.232072,2.19239072,2.20231104,2.232072,266637717,594210260.97,0.8417,1,-1.3333,0
2022-03-30,sh.600010,2.22215168,2.25191264,2.21223136,2.232072,2.20231104,345579824,777177799.34,1.0909,1,1.3514,0
2022-03-31,sh.600010,2.232072,2.24199232,2.21223136,2.21223136,2.232072,287151600,643522389.32,0.9065,1,-0.8889,0
2022-04-01,sh.600010,2.20231104,2.232072,2.19239072,2.22215168,2.21223136,267746690,596991608.57,0.8452,1,0.4484,0
2022-04-06,sh.600010,2.22215168,2.31143456,2.20231104,2.30151424,2.22215168,688199696,1571130080.51,2.1725,1,3.5714,0
2022-04-07,sh.600010,2.2816736,2.3312752,2.25191264,2.26183296,2.30151424,640326112,1479443254.54,2.0214,1,-1.7241,0
2022-04-08,sh.600010,2.25191264,2.2816736,2.19239072,2.26183296,2.26183296,503341792,1135864802.05,1.589,1,0.0,0
2022-04-11,sh.600010,2.25191264,2.25191264,2.14278912,2.16262976,2.26183296,617970896,1364365682.1,1.9508,1,-4.386,0
2022-04-12,sh.600010,2.15270944,2.20231104,2.14278912,2.19239072,2.16262976,390880384,856241297.36,1.2339,1,1.3761,0
2022-04-13,sh.600010,2.1824704,2.21223136,2.15270944,2.1824704,2.19239072,373917712,822668395.68,1.1804,1,-0.4525,0
2022-04-14,sh.600010,2.19239072,2.22215168,2.1824704,2.21223136,2.1824704,336111488,746723771.22,1.0611,1,1.3636,0
2022-04-15,sh.600010,2.20231104,2.29159392,2.19239072,2.22215168,2.21223136,531497408,1201715415.8,1.6779,1,0.4484,0
2022-04-18,sh.600010,2.20231104,2.20231104,2.16262976,2.17255008,2.22215168,395152592,865684786.58,1.2474,1,-2.2321,0
2022-04-19,sh.600010,2.17255008,2.20231104,2.16262976,2.19239072,2.17255008,325281312,715744328.74,1.0269,1,0.9132,0
2022-04-20,sh.600010,2.1824704,2.19239072,2.11302816,2.12294848,2.19239072,495394256,1069390238.9,1.5639,1,-3.1674,0
2022-04-21,sh.600010,2.11302816,2.11302816,2.01382496,2.02374528,2.12294848,478742992,994190964.89,1.5113,1,-4.6729,0
2022-04-22,sh.600010,2.00390464,2.01382496,1.95430304,1.99398432,2.02374528,361053312,723379274.05,1.1398,1,-1.4706,0
2022-04-25,sh.600010,1.95430304,1.96422336,1.81541856,1.82533888,1.99398432,584723760,1111532761.52,1.8459,1,-8.4577,0
2022-04-26,sh.600010,1.80549824,1.85509984,1.76581696,1.77573728,1.82533888,495343312,900091150.42,1.5637,1,-2.7174,0
2022-04-27,sh.600010,1.74597632,1.86502016,1.736056,1.86502016,1.77573728,581895328,1057613535.36,1.837,1,5.0279,0
2022-04-28,sh.600010,1.84517952,1.84517952,1.7856576,1.80549824,1.86502016,462063936,844327721.32,1.4587,1,-3.1915,0
2022-04-29,sh.600010,1.81541856,1.87494048,1.81541856,1.86502016,1.80549824,480222384,893014949.7,1.516,1,3.2967,0
2022-05-05,sh.600010,1.84517952,1.8848608,1.8352592,1.84517952,1.86502016,421549728,789799162.16,1.3308,1,-1.0638,0
2022-05-06,sh.600010,1.80549824,1.80549824,1.76581696,1.7856576,1.84517952,325744336,587436101.24,1.0283,1,-3.2258,0
2022-05-09,sh.600010,1.77573728,1.85509984,1.76581696,1.82533888,1.7856576,355500432,655875397.24,1.1223,1,2.2222,0
2022-05-10,sh.600010,1.80549824,1.84517952,1.7856576,1.8352592,1.82533888,364751792,668015028.75,1.1515,1,0.5435,0
2022-05-11,sh.600010,1.8352592,1.92454208,1.82533888,1.87494048,1.8352592,718975648,1361826163.35,2.2697,1,2.1622,0
2022-05-12,sh.600010,1.85509984,1.87494048,1.82533888,1.84517952,1.87494048,538119408,1001736519.78,1.6988,1,-1.5873,0
2022-05-13,sh.600010,1.84517952,1.85509984,1.81541856,1.8352592,1.84517952,298912768,552446786.0,0.9436,1,-0.5376,0
2022-05-16,sh.600010,1.84517952,1.86502016,1.82533888,1.84517952,1.8352592,268731040,499545013.26,0.8483,1,0.5405,0
2022-05-17,sh.600010,1.84517952,1.86502016,1.82533888,1.86502016,1.84517952,337931056,629947837.16,1.0668,1,1.0753,0
2022-05-18,sh.600010,1.85509984,1.86502016,1.8352592,1.84517952,1.86502016,280824560,523235932.26,0.8865,1,-1.0638,0
2022-05-19,sh.600010,1.81541856,1.84517952,1.79557792,1.84517952,1.84517952,389417312,715575234.32,1.2293,1,0.0,0
2022-05-20,sh.600010,1.84517952,1.89478112,1.84517952,1.8848608,1.84517952,573821936,1083442127.14,1.8115,1,2.1505,0
2022-05-23,sh.600010,1.90470144,2.07334688,1.8848608,2.07334688,1.8848608,1332313840,2738238268.05,4.2059,1,10.0,0
2022-05-24,sh.600010,2.07334688,2.14278912,2.0336656,2.0336656,2.07334688,1467055520,3083729364.98,4.6313,1,-1.9139,0
2022-05-25,sh.600010,2.0336656,2.05350624,1.99398432,2.01382496,2.0336656,746085536,1519473062.02,2.3553,1,-0.9756,0
2022-05-26,sh.600010,2.01382496,2.02374528,1.94438272,1.99398432,2.01382496,669083968,1338191649.14,2.1122,1,-0.9852,0
2022-05-27,sh.600010,2.00390464,2.01382496,1.95430304,1.984064,1.99398432,497581872,995788158.09,1.5708,1,-0.4975,0
2022-05-30,sh.600010,1.99398432,2.02374528,1.96422336,1.984064,1.984064,434481648,871283732.09,1.3716,1,0.0,0
2022-05-31,sh.600010,1.984064,2.00390464,1.96422336,1.99398432,1.984064,413057376,826959586.87,1.304,1,0.5,0
2022-06-01,sh.600010,1.99398432,2.00390464,1.96422336,1.984064,1.99398432,361755312,723972892.31,1.142,1,-0.4975,0
2022-06-02,sh.600010,1.96422336,2.07334688,1.96422336,2.05350624,1.984064,815489168,1673540363.62,2.5744,1,3.5,0
2022-06-06,sh.600010,2.0336656,2.12294848,2.02374528,2.11302816,2.05350624,875897264,1832354007.03,2.7651,1,2.8986,0
2022-06-07,sh.600010,2.10310784,2.11302816,2.06342656,2.07334688,2.11302816,594434544,1249287232.6,1.8765,1,-1.8779,0
2022-06-08,sh.600010,2.07334688,2.1328688,2.06342656,2.12294848,2.07334688,797366144,1692170102.7,2.5172,1,2.3923,0
2022-06-09,sh.600010,2.11302816,2.15270944,2.09318752,2.09318752,2.12294848,602451104,1284442083.93,1.9018,1,-1.4019,0
2022-06-10,sh.600010,2.07334688,2.1328688,2.06342656,2.12294848,2.09318752,810516144,1725087157.12,2.5587,1,1.4218,0
2022-06-13,sh.600010,2.10310784,2.17255008,2.09318752,2.14278912,2.12294848,790459376,1700845321.3,2.4954,1,0.9346,0
2022-06-14,sh.600010,2.11302816,2.15270944,2.0832672,2.15270944,2.14278912,629027440,1341691228.22,1.9857,1,0.463,0
2022-06-15,sh.600010,2.14278912,2.16262976,2.10310784,2.12294848,2.15270944,568610736,1221252192.62,1.795,1,-1.3825,0
2022-06-16,sh.600010,2.11302816,2.17255008,2.10310784,2.10310784,2.12294848,593975568,1277417613.66,1.8751,1,-0.9346,0
2022-06-17,sh.600010,2.0832672,2.12294848,2.07334688,2.11302816,2.10310784,470314272,995121029.55,1.4847,1,0.4717,0
2022-06-20,sh.600010,2.10310784,2.12294848,2.0832672,2.0832672,2.11302816,410333152,866570491.28,1.2954,1,-1.4085,0
2022-06-21,sh.600010,2.09318752,2.29159392,2.07334688,2.21223136,2.0832672,1860840768,4148973711.49,5.8744,1,6.1905,0
2022-06-22,sh.600010,2.25191264,2.4304784,2.232072,2.4304784,2.21223136,2321916960,5513695383.71,7.3299,1,9.8655,0
2022-06-23,sh.600010,2.45031904,2.54952224,2.34119552,2.4304784,2.4304784,2694188176,6621622080.63,8.5051,1,0.0,0
2022-06-24,sh.600010,2.3808768,2.66856608,2.37095648,2.61896448,2.4304784,2480146912,6389088772.0,7.8294,1,7.7551,0
2022-06-27,sh.600010,2.64872544,2.68840672,2.56936288,2.6288848,2.61896448,1817037072,4816908085.15,5.7361,1,0.3788,0
2022-06-28,sh.600010,2.6288848,2.63880512,2.45031904,2.49000032,2.6288848,1723308416,4351568276.39,5.4402,1,-5.283,0
2022-06-29,sh.600010,2.47,2.49,2.36,2.37,2.49,1131144752,2729965710.97,3.5708,1,-4.8193,0
2022-06-30,sh.600010,2.38,2.43,2.33,2.35,2.37,936865296,2222948474.38,2.9575,1,-0.8439,0
2022-07-01,sh.600010,2.33,2.54,2.29,2.49,2.35,1324844496,3173623940.78,4.1823,1,5.9574,0
2022-07-04,sh.600010,2.45,2.48,2.4,2.41,2.49,822351168,1997515080.05,2.596,1,-3.2129,0
2022-07-05,sh.600010,2.37,2.52,2.35,2.44,2.41,1083544192,2647893436.76,3.4206,1,1.2448,0
2022-07-06,sh.600010,2.4,2.42,2.35,2.37,2.44,696791376,1656625596.88,2.1997,1,-2.8689,0
2022-07-07,sh.600010,2.35,2.42,2.35,2.37,2.37,549465200,1313411243.54,1.7346,1,0.0,0
2022-07-08,sh.600010,2.38,2.41,2.35,2.36,2.37,481919276,1145352956.2,1.5213,1,-0.4219,0
2022-07-11,sh.600010,2.35,2.36,2.25,2.28,2.36,670296509,1534914038.79,2.116,1,-3.3898,0
2022-07-12,sh.600010,2.27,2.31,2.25,2.26,2.28,430817984,981873700.74,1.36,1,-0.8772,0
2022-07-13,sh.600010,2.26,2.28,2.24,2.26,2.26,359243168,811129969.63,1.1341,1,0.0,0
2022-07-14,sh.600010,2.25,2.26,2.2,2.22,2.26,487601892,1084298133.13,1.5393,1,-1.7699,0
2022-07-15,sh.600010,2.15,2.21,2.11,2.13,2.22,658961616,1420035785.76,2.0802,1,-4.0541,0
2022-07-18,sh.600010,2.09,2.17,2.07,2.16,2.13,519926377,1113184281.79,1.6413,1,1.4085,0
2022-07-19,sh.600010,2.16,2.25,2.15,2.18,2.16,574035627,1265802148.51,1.8121,1,0.9259,0
2022-07-20,sh.600010,2.18,2.21,2.16,2.17,2.18,368297337,800864333.74,1.1627,1,-0.4587,0
2022-07-21,sh.600010,2.16,2.23,2.14,2.18,2.17,581598510,1269495353.09,1.836,1,0.4608,0
2022-07-22,sh.600010,2.17,2.19,2.13,2.14,2.18,389057077,837740092.89,1.2282,1,-1.8349,0
2022-07-25,sh.600010,2.14,2.17,2.13,2.14,2.14,273558978,587467544.35,0.8636,1,0.0,0
2022-07-26,sh.600010,2.14,2.17,2.13,2.16,2.14,248955743,535971405.25,0.7859,1,0.9346,0
2022-07-27,sh.600010,2.15,2.18,2.13,2.16,2.16,318712706,686053336.44,1.0061,1,0.0,0
2022-07-28,sh.600010,2.16,2.21,2.16,2.19,2.16,476317558,1042384753.49,1.5037,1,1.3889,0
2022-07-29,sh.600010,2.21,2.32,2.21,2.26,2.19,833039827,1890206192.93,2.6298,1,3.1963,0
2022-08-01,sh.600010,2.23,2.24,2.17,2.19,2.26,468760238,1027754908.99,1.4798,1,-3.0973,0
2022-08-02,sh.600010,2.16,2.17,2.07,2.1,2.19,622023723,1309653340.1,1.9636,1,-4.1096,0
2022-08-03,sh.600010,2.09,2.17,2.08,2.12,2.1,527926191,1126349053.87,1.6666,1,0.9524,0
2022-08-04,sh.600010,2.12,2.14,2.09,2.11,2.12,323806314,683666693.0,1.0222,1,-0.4717,0
2022-08-05,sh.600010,2.11,2.15,2.09,2.14,2.11,411139407,871967956.0,1.2979,1,1.4218,0
2022-08-08,sh.600010,2.13,2.16,2.12,2.14,2.14,299526105,642075921.0,0.9456,1,0.0,0
2022-08-09,sh.600010,2.14,2.18,2.13,2.16,2.14,290030964,626844908.0,0.9156,1,0.9346,0
2022-08-10,sh.600010,2.16,2.19,2.14,2.15,2.16,363680345,787112942.0,1.1481,1,-0.463,0
2022-08-11,sh.600010,2.15,2.18,2.15,2.17,2.15,294844439,638434602.0,0.9308,1,0.9302,0
2022-08-12,sh.600010,2.17,2.2,2.16,2.19,2.17,312016235,683197502.0,0.985,1,0.9217,0
2022-08-15,sh.600010,2.19,2.24,2.18,2.22,2.19,330651957,733127092.53,1.0438,1,1.3699,0
2022-08-16,sh.600010,2.21,2.22,2.18,2.19,2.22,337460841,739856630.72,1.0653,1,-1.3514,0
2022-08-17,sh.600010,2.19,2.19,2.16,2.18,2.19,254732545,553167887.22,0.8042,1,-0.4566,0
2022-08-18,sh.600010,2.17,2.18,2.13,2.13,2.18,337115758,724565025.35,1.0642,1,-2.2936,0
2022-08-19,sh.600010,2.13,2.15,2.13,2.13,2.13,236772779,506197395.55,0.7475,1,0.0,0
2022-08-22,sh.600010,2.12,2.15,2.1,2.13,2.13,289007428,614709465.92,0.9124,1,0.0,0
2022-08-23,sh.600010,2.13,2.14,2.11,2.12,2.13,236357307,501003328.55,0.7461,1,-0.4695,0
2022-08-24,sh.600010,2.11,2.14,2.07,2.07,2.12,417131636,874530461.66,1.3168,1,-2.3585,0
2022-08-25,sh.600010,2.07,2.09,2.05,2.08,2.07,263902703,546507305.85,0.8331,1,0.4831,0
2022-08-26,sh.600010,2.08,2.11,2.07,2.09,2.08,233751420,488513667.2,0.7379,1,0.4808,0
2022-08-29,sh.600010,2.07,2.08,2.05,2.07,2.09,236223047,486961534.36,0.7457,1,-0.9569,0
2022-08-30,sh.600010,2.06,2.08,2.03,2.04,2.07,247070477,506479150.78,0.78,1,-1.4493,0
2022-08-31,sh.600010,2.03,2.04,1.99,2.01,2.04,339980808,683077449.28,1.0733,1,-1.4706,0
2022-09-01,sh.600010,2.0,2.03,1.99,2.0,2.01,195048729,391911003.2,0.6157,1,-0.4975,0
2022-09-02,sh.600010,2.0,2.01,1.99,2.0,2.0,137527628,275244227.24,0.4342,1,0.0,0
2022-09-05,sh.600010,2.01,2.04,1.99,2.03,2.0,228756070,461706659.01,0.7221,1,1.5,0
2022-09-06,sh.600010,2.04,2.06,2.03,2.05,2.03,232859680,476653383.34,0.7351,1,0.9852,0
2022-09-07,sh.600010,2.05,2.07,2.04,2.06,2.05,206333614,424422530.94,0.6514,1,0.4878,0
2022-09-08,sh.600010,2.06,2.07,2.04,2.04,2.06,227532924,467467096.12,0.7183,1,-0.9709,0
2022-09-09,sh.600010,2.05,2.07,2.04,2.06,2.04,172336671,355025001.29,0.544,1,0.9804,0
2022-09-13,sh.600010,2.07,2.08,2.05,2.05,2.06,161942519,333661005.54,0.5112,1,-0.4854,0
2022-09-14,sh.600010,2.03,2.04,2.01,2.02,2.05,198338224,401651428.96,0.6261,1,-1.4634,0
2022-09-15,sh.600010,2.02,2.04,1.99,2.0,2.02,258782428,519714210.09,0.8169,1,-0.9901,0
2022-09-16,sh.600010,2.0,2.0,1.96,1.96,2.0,285084717,563289258.39,0.9,1,-2.0,0
2022-09-19,sh.600010,1.95,1.96,1.89,1.91,1.96,364851354,699264532.03,1.1518,1,-2.551,0
2022-09-20,sh.600010,1.92,1.98,1.91,1.95,1.91,281670218,548298941.59,0.8892,1,2.0942,0
2022-09-21,sh.600010,1.94,2.0,1.93,1.98,1.95,316729536,622572934.31,0.9999,1,1.5385,0
2022-09-22,sh.600010,1.97,2.01,1.95,1.96,1.98,265573334,525506666.46,0.8384,1,-1.0101,0
2022-09-23,sh.600010,1.96,1.99,1.94,1.96,1.96,243792286,478985607.72,0.7696,1,0.0,0
2022-09-26,sh.600010,1.95,1.95,1.9,1.91,1.96,267975670,515063154.95,0.846,1,-2.551,0
2022-09-27,sh.600010,1.91,1.93,1.88,1.91,1.91,211339577,402092523.92,0.6672,1,0.0,0
2022-09-28,sh.600010,1.9,1.91,1.84,1.84,1.91,256311861,478232102.44,0.8091,1,-3.6649,0
2022-09-29,sh.600010,1.86,1.87,1.82,1.84,1.84,175095962,323987335.72,0.5528,1,0.0,0
2022-09-30,sh.600010,1.84,1.86,1.83,1.84,1.84,130181371,240939582.26,0.411,1,0.0,0
2022-10-10,sh.600010,1.85,1.88,1.82,1.83,1.84,211478632,391651747.42,0.6676,1,-0.5435,0
2022-10-11,sh.600010,1.82,1.84,1.8,1.83,1.83,154992020,282756841.69,0.4893,1,0.0,0
2022-10-12,sh.600010,1.84,1.87,1.81,1.86,1.83,216461848,397844234.01,0.6833,1,1.6393,0
2022-10-13,sh.600010,1.86,1.91,1.85,1.89,1.86,272725001,514553663.11,0.861,1,1.6129,0
2022-10-14,sh.600010,1.9,1.91,1.89,1.89,1.89,211717439,402362275.03,0.6684,1,0.0,0
2022-10-17,sh.600010,1.89,1.93,1.87,1.91,1.89,240873353,456954513.82,0.7604,1,1.0582,0
2022-10-18,sh.600010,1.92,1.93,1.89,1.89,1.91,146625841,278800089.8,0.4629,1,-1.0471,0
2022-10-19,sh.600010,1.89,1.89,1.86,1.86,1.89,164195991,307708498.56,0.5183,1,-1.5873,0
2022-10-20,sh.600010,1.85,1.88,1.84,1.86,1.86,180699339,335776775.75,0.5704,1,0.0,0
2022-10-21,sh.600010,1.86,1.88,1.85,1.85,1.86,154376094,287384402.24,0.4873,1,-0.5376,0
2022-10-24,sh.600010,1.85,1.88,1.81,1.81,1.85,248571240,458048377.18,0.7847,1,-2.1622,0
2022-10-25,sh.600010,1.81,1.83,1.78,1.82,1.81,217572186,392412327.32,0.6868,1,0.5525,0
2022-10-26,sh.600010,1.85,1.94,1.85,1.89,1.82,448190356,851840293.83,1.4149,1,3.8462,0
2022-10-27,sh.600010,1.88,1.9,1.86,1.86,1.89,250395339,470738210.55,0.7905,1,-1.5873,0
2022-10-28,sh.600010,1.81,1.81,1.78,1.79,1.86,296599303,533382195.14,0.9363,1,-3.7634,0
2022-10-31,sh.600010,1.78,1.8,1.75,1.76,1.79,227175794,402814622.28,0.7172,1,-1.676,0
2022-11-01,sh.600010,1.76,1.83,1.76,1.82,1.76,336289433,607329186.24,1.0616,1,3.4091,0
2022-11-02,sh.600010,1.82,1.89,1.8,1.86,1.82,411526431,758509091.62,1.2991,1,2.1978,0
2022-11-03,sh.600010,1.84,1.86,1.82,1.82,1.86,258891007,475451217.52,0.8173,1,-2.1505,0
2022-11-04,sh.600010,1.82,1.88,1.81,1.87,1.82,414082403,769258087.55,1.3072,1,2.7473,0
2022-11-07,sh.600010,1.87,1.97,1.86,1.93,1.87,654611793,1270008643.08,2.0665,1,3.2086,0
2022-11-08,sh.600010,1.93,1.97,1.92,1.94,1.93,417135744,810604476.92,1.3168,1,0.5181,0
2022-11-09,sh.600010,1.98,2.0,1.93,1.93,1.94,334630587,653415953.86,1.0564,1,-0.5155,0
2022-11-10,sh.600010,2.01,2.12,1.99,2.12,1.93,1589676252,3292004730.31,5.0184,1,9.8446,0
2022-11-11,sh.600010,2.16,2.2,2.04,2.06,2.12,1459644789,3081925787.8,4.6079,1,-2.8302,0
2022-11-14,sh.600010,2.05,2.06,1.97,1.98,2.06,789073411,1581239932.16,2.491,1,-3.8835,0
2022-11-15,sh.600010,1.97,2.0,1.96,1.98,1.98,464378882,919571377.78,1.466,1,0.0,0
2022-11-16,sh.600010,1.98,1.99,1.95,1.96,1.98,329720579,648522216.5,1.0409,1,-1.0101,0
2022-11-17,sh.600010,1.95,1.96,1.94,1.95,1.96,275507994,536985793.5,0.8697,1,-0.5102,0
2022-11-18,sh.600010,1.95,2.01,1.95,1.97,1.95,404048530,799253480.81,1.2755,1,1.0256,0
2022-11-21,sh.600010,1.95,1.95,1.92,1.93,1.97,281672720,543960762.54,0.8892,1,-2.0305,0
2022-11-22,sh.600010,1.94,1.98,1.93,1.96,1.93,376961426,736304700.38,1.19,1,1.5544,0
2022-11-23,sh.600010,1.95,1.98,1.94,1.96,1.96,301215692,592716102.29,0.9509,1,0.0,0
2022-11-24,sh.600010,1.97,1.98,1.95,1.95,1.96,195565857,383029365.82,0.6174,1,-0.5102,0
2022-11-25,sh.600010,1.95,1.98,1.94,1.97,1.95,273293127,536852568.48,0.8627,1,1.0256,0
2022-11-28,sh.600010,1.95,1.96,1.92,1.95,1.97,264981463,514038829.42,0.8365,1,-1.0152,0
2022-11-29,sh.600010,1.95,1.99,1.95,1.98,1.95,376576490,744337700.38,1.1888,1,1.5385,0
2022-11-30,sh.600010,1.99,2.01,1.98,1.99,1.98,382038895,762236155.28,1.206,1,0.5051,0
2022-12-01,sh.600010,2.0,2.01,1.98,1.98,1.99,297130064,591707189.73,0.938,1,-0.5025,0
2022-12-02,sh.600010,1.98,1.99,1.97,1.98,1.98,152639261,301645397.26,0.4819,1,0.0,0
2022-12-05,sh.600010,1.99,2.07,1.98,2.06,1.98,681261638,1383795890.83,2.1506,1,4.0404,0
2022-12-06,sh.600010,2.05,2.06,2.02,2.04,2.06,347749934,709496348.12,1.0978,1,-0.9709,0
2022-12-07,sh.600010,2.03,2.03,1.99,2.0,2.04,375925275,754912423.19,1.1867,1,-1.9608,0
2022-12-08,sh.600010,2.0,2.01,1.99,2.0,2.0,184586309,369055836.4,0.5827,1,0.0,0
2022-12-09,sh.600010,2.0,2.03,1.98,2.02,2.0,348223508,699871979.82,1.0993,1,1.0,0
2022-12-12,sh.600010,2.02,2.02,1.96,1.97,2.02,324275848,643935662.84,1.0237,1,-2.4752,0
2022-12-13,sh.600010,2.03,2.09,2.03,2.04,1.97,647788168,1331185852.1,2.045,1,3.5533,0
2022-12-14,sh.600010,2.02,2.04,1.99,2.0,2.04,323743599,651662920.14,1.022,1,-1.9608,0
2022-12-15,sh.600010,1.99,2.0,1.97,1.98,2.0,264407405,523789678.57,0.8347,1,-1.0,0
2022-12-16,sh.600010,1.97,2.0,1.96,1.98,1.98,236812768,469432969.3,0.7476,1,0.0,0
2022-12-19,sh.600010,1.98,1.99,1.92,1.93,1.98,354844956,691119300.02,1.1202,1,-2.5253,0
2022-12-20,sh.600010,1.92,1.95,1.92,1.93,1.93,192778994,372758343.1,0.6086,1,0.0,0
2022-12-21,sh.600010,1.93,1.94,1.91,1.91,1.93,127592809,245334491.0,0.4028,1,-1.0363,0
2022-12-22,sh.600010,1.93,1.93,1.87,1.88,1.91,205942639,390837438.74,0.6501,1,-1.5707,0
2022-12-23,sh.600010,1.87,1.9,1.86,1.89,1.88,130880382,246340351.43,0.4132,1,0.5319,0
2022-12-26,sh.600010,1.89,1.93,1.89,1.91,1.89,142657661,272678513.75,0.4503,1,1.0582,0
2022-12-27,sh.600010,1.93,1.97,1.92,1.96,1.91,231835504,450254928.91,0.7319,1,2.6178,0
2022-12-28,sh.600010,1.96,1.97,1.95,1.96,1.96,163924366,321620073.92,0.5175,1,0.0,0
2022-12-29,sh.600010,1.98,1.99,1.92,1.93,1.96,241655914,470279324.59,0.7629,1,-1.5306,0
2022-12-30,sh.600010,1.93,1.94,1.91,1.92,1.93,148757956,285577033.44,0.4696,1,-0.5181,0
2023-01-03,sh.600010,1.92,1.95,1.91,1.93,1.92,197091166,380977037.43,0.6222,1,0.5208,0
2023-01-04,sh.600010,1.94,1.95,1.93,1.94,1.93,182004753,353127655.67,0.5746,1,0.5181,0
2023-01-05,sh.600010,1.95,1.95,1.93,1.93,1.94,132396034,256569196.51,0.418,1,-0.5155,0
2023-01-06,sh.600010,1.94,1.95,1.93,1.93,1.93,145017452,281107608.22,0.4578,1,0.0,0
2023-01-09,sh.600010,1.94,1.97,1.93,1.95,1.93,350430312,681344158.03,1.1063,1,1.0363,0
2023-01-10,sh.600010,1.94,1.95,1.91,1.91,1.95,196912085,377588880.75,0.6216,1,-2.0513,0
2023-01-11,sh.600010,1.92,1.93,1.91,1.91,1.91,193187402,370333145.56,0.6099,1,0.0,0
2023-01-12,sh.600010,1.91,1.92,1.89,1.9,1.91,195095331,370978609.51,0.6159,1,-0.5236,0
2023-01-13,sh.600010,1.9,1.92,1.89,1.91,1.9,147087534,280238553.57,0.4643,1,0.5263,0
2023-01-16,sh.600010,1.91,1.94,1.91,1.93,1.91,205062769,394553951.79,0.6474,1,1.0471,0
2023-01-17,sh.600010,1.93,1.94,1.91,1.93,1.93,146730165,282429793.58,0.4632,1,0.0,0
2023-01-18,sh.600010,1.93,1.94,1.92,1.93,1.93,144612369,279151592.58,0.4565,1,0.0,0
2023-01-19,sh.600010,1.93,1.95,1.92,1.94,1.93,211525023,409734508.59,0.6678,1,0.5181,0
2023-01-20,sh.600010,1.95,2.01,1.94,2.01,1.94,549512438,1092620844.66,1.7347,1,3.6082,0
2023-01-30,sh.600010,2.03,2.07,2.02,2.04,2.01,547429370,1118578138.03,1.7281,1,1.4925,0
2023-01-31,sh.600010,2.01,2.05,2.0,2.04,2.04,366899452,742008985.25,1.1582,1,0.0,0
2023-02-01,sh.600010,2.04,2.14,2.03,2.1,2.04,752503916,1580002493.48,2.3755,1,2.9412,0
2023-02-02,sh.600010,2.1,2.13,2.07,2.1,2.1,523480654,1099650058.39,1.6525,1,0.0,0
2023-02-03,sh.600010,2.09,2.1,2.06,2.09,2.1,417494416,866651332.46,1.318,1,-0.4762,0
2023-02-06,sh.600010,2.07,2.09,2.04,2.05,2.09,263321657,543117054.82,0.8313,1,-1.9139,0
2023-02-07,sh.600010,2.06,2.08,2.05,2.06,2.05,221236490,456365657.24,0.6984,1,0.4878,0
2023-02-08,sh.600010,2.07,2.08,2.04,2.04,2.06,182313450,374996474.03,0.5755,1,-0.9709,0
2023-02-09,sh.600010,2.05,2.07,2.04,2.07,2.04,191040547,393621942.18,0.6031,1,1.4706,0
2023-02-10,sh.600010,2.06,2.07,2.04,2.04,2.07,158848616,325805717.47,0.5015,1,-1.4493,0
2023-02-13,sh.600010,2.04,2.05,2.03,2.04,2.04,222669925,454286810.34,0.7029,1,0.0,0
2023-02-14,sh.600010,2.05,2.07,2.04,2.06,2.04,205824848,423265909.8,0.6498,1,0.9804,0
2023-02-15,sh.600010,2.06,2.06,2.02,2.03,2.06,275594020,561553071.8,0.87,1,-1.4563,0
2023-02-16,sh.600010,2.03,2.05,1.98,1.99,2.03,391403304,790278008.61,1.2356,1,-1.9704,0
2023-02-17,sh.600010,2.0,2.04,1.99,2.0,1.99,313654989,632933226.57,0.9902,1,0.5025,0
2023-02-20,sh.600010,2.01,2.04,2.0,2.04,2.0,306052858,620074544.37,0.9662,1,2.0,0
2023-02-21,sh.600010,2.04,2.1,2.03,2.1,2.04,631369432,1311719573.51,1.9931,1,2.9412,0
2023-02-22,sh.600010,2.09,2.09,2.06,2.07,2.1,252336943,523887187.37,0.7966,1,-1.4286,0
2023-02-23,sh.600010,2.08,2.08,2.05,2.06,2.07,199607787,411601906.85,0.6301,1,-0.4831,0
2023-02-24,sh.600010,2.05,2.06,2.02,2.04,2.06,280167720,571410395.4,0.8844,1,-0.9709,0
2023-02-27,sh.600010,2.04,2.1,2.03,2.05,2.04,386017576,799891084.94,1.2186,1,0.4902,0
2023-02-28,sh.600010,2.05,2.06,2.03,2.05,2.05,244155966,499021391.42,0.7708,1,0.0,0
2023-03-01,sh.600010,2.06,2.08,2.04,2.07,2.05,237187193,489216155.08,0.7488,1,0.9756,0
2023-03-02,sh.600010,2.04,2.06,2.03,2.04,2.07,281600677,575433056.24,0.889,1,-1.4493,0
2023-03-03,sh.600010,2.05,2.07,2.04,2.06,2.04,249824795,513463423.56,0.7887,1,0.9804,0
2023-03-06,sh.600010,2.07,2.07,2.04,2.04,2.06,175884453,360142528.15,0.5552,1,-0.9709,0
2023-03-07,sh.600010,2.04,2.05,2.0,2.01,2.04,315442225,639977124.71,0.9958,1,-1.4706,0
2023-03-08,sh.600010,2.0,2.02,1.99,2.01,2.01,226259281,453453492.4,0.7143,1,0.0,0
2023-03-09,sh.600010,2.01,2.02,1.99,2.0,2.01,198641316,397671819.74,0.6271,1,-0.4975,0
2023-03-10,sh.600010,1.99,1.99,1.96,1.96,2.0,291559563,574481089.88,0.9204,1,-2.0,0
2023-03-13,sh.600010,1.97,1.99,1.95,1.96,1.96,242026545,475625250.07,0.764,1,0.0,0
2023-03-14,sh.600010,1.96,1.98,1.92,1.94,1.96,287304918,559607695.65,0.907,1,-1.0204,0
2023-03-15,sh.600010,1.96,1.98,1.95,1.97,1.94,249518125,490868395.79,0.7877,1,1.5464,0
2023-03-16,sh.600010,1.96,1.97,1.92,1.92,1.97,286508602,555148119.76,0.9045,1,-2.5381,0
2023-03-17,sh.600010,1.93,1.95,1.92,1.93,1.92,204412503,395821531.87,0.6453,1,0.5208,0
2023-03-20,sh.600010,1.93,1.95,1.92,1.92,1.93,205754914,397888017.71,0.6495,1,-0.5181,0
2023-03-21,sh.600010,1.93,1.94,1.92,1.93,1.92,183138236,352903848.99,0.5781,1,0.5208,0
2023-03-22,sh.600010,1.94,1.94,1.92,1.93,1.93,148392005,286202333.41,0.4685,1,0.0,0
2023-03-23,sh.600010,1.93,1.93,1.91,1.92,1.93,209630340,402210308.97,0.6618,1,-0.5181,0
2023-03-24,sh.600010,1.92,1.93,1.91,1.92,1.92,169109883,324079394.52,0.5339,1,0.0,0
2023-03-27,sh.600010,1.92,1.93,1.89,1.9,1.92,253353596,482480170.9,0.7998,1,-1.0417,0
2023-03-28,sh.600010,1.9,1.91,1.88,1.88,1.9,176544504,333363315.0,0.5573,1,-1.0526,0
2023-03-29,sh.600010,1.89,1.9,1.87,1.87,1.88,154878819,291735264.91,0.4889,1,-0.5319,0
2023-03-30,sh.600010,1.87,1.88,1.84,1.87,1.87,256775488,478053077.86,0.8106,1,0.0,0
2023-03-31,sh.600010,1.88,1.9,1.87,1.89,1.87,144461880,272769748.4,0.456,1,1.0695,0
2023-04-03,sh.600010,1.89,1.91,1.88,1.9,1.89,162751109,308833466.27,0.5138,1,0.5291,0
2023-04-04,sh.600010,1.9,1.92,1.89,1.9,1.9,167972406,319649313.34,0.5303,1,0.0,0
2023-04-06,sh.600010,1.89,1.9,1.87,1.89,1.9,197866263,373126241.08,0.6246,1,-0.5263,0
2023-04-07,sh.600010,1.89,1.9,1.88,1.89,1.89,108521337,204784794.08,0.3426,1,0.0,0
2023-04-10,sh.600010,1.88,1.88,1.86,1.87,1.89,159464600,298416055.4,0.5034,1,-1.0582,0
2023-04-11,sh.600010,1.86,1.89,1.86,1.89,1.87,165036287,309727376.96,0.521,1,1.0695,0
2023-04-12,sh.600010,1.89,1.91,1.88,1.9,1.89,171597063,326031478.08,0.5417,1,0.5291,0
2023-04-13,sh.600010,1.9,1.92,1.89,1.89,1.9,179235020,341458063.0,0.5658,1,-0.5263,0
2023-04-14,sh.600010,1.89,1.91,1.89,1.9,1.89,162179748,307874028.39,0.512,1,0.5291,0
2023-04-17,sh.600010,1.9,1.92,1.89,1.92,1.9,218271294,416532549.85,0.689,1,1.0526,0
2023-04-18,sh.600010,1.92,1.92,1.9,1.9,1.92,118279758,225581647.97,0.3734,1,-1.0417,0
2023-04-19,sh.600010,1.91,1.91,1.89,1.89,1.9,142050120,269720592.8,0.4484,1,-0.5263,0
2023-04-20,sh.600010,1.89,1.9,1.87,1.88,1.89,190799742,358273977.54,0.6023,1,-0.5291,0
2023-04-21,sh.600010,1.87,1.89,1.84,1.84,1.88,263846228,490427660.97,0.8329,1,-2.1277,0
2023-04-24,sh.600010,1.84,1.84,1.8,1.81,1.84,216533529,392415770.1,0.6836,1,-1.6304,0
2023-04-25,sh.600010,1.81,1.82,1.77,1.78,1.81,216032051,386369423.17,0.682,1,-1.6575,0
2023-04-26,sh.600010,1.77,1.81,1.77,1.8,1.78,161246368,288959960.43,0.509,1,1.1236,0
2023-04-27,sh.600010,1.8,1.81,1.79,1.79,1.8,128201859,230432352.21,0.4047,1,-0.5556,0
2023-04-28,sh.600010,1.8,1.82,1.8,1.82,1.79,177687271,322144795.31,0.5609,1,1.676,0
2023-05-04,sh.600010,1.81,1.83,1.81,1.82,1.82,146403880,266728470.0,0.4622,1,0.0,0
2023-05-05,sh.600010,1.82,1.83,1.8,1.8,1.82,180757124,327261723.2,0.5706,1,-1.0989,0
2023-05-08,sh.600010,1.8,1.86,1.8,1.85,1.8,311874316,572638227.0,0.9845,1,2.7778,0
2023-05-09,sh.600010,1.87,1.91,1.86,1.87,1.85,449901275,849332587.44,1.4284,1,1.0811,0
2023-05-10,sh.600010,1.87,1.89,1.86,1.87,1.87,225230798,422236244.85,0.7151,1,0.0,0
2023-05-11,sh.600010,1.87,1.88,1.85,1.86,1.87,148575694,276276315.1,0.4717,1,-0.5348,0
2023-05-12,sh.600010,1.86,1.86,1.83,1.83,1.86,154053882,283709036.86,0.4891,1,-1.6129,0
2023-05-15,sh.600010,1.83,1.86,1.82,1.86,1.83,166391843,306680192.95,0.5283,1,1.6393,0
2023-05-16,sh.600010,1.86,1.86,1.83,1.84,1.86,159374402,293783046.7,0.506,1,-1.0753,0
2023-05-17,sh.600010,1.83,1.86,1.83,1.84,1.84,117719309,216974407.28,0.3737,1,0.0,0
2023-05-18,sh.600010,1.85,1.86,1.83,1.83,1.84,120748532,222451321.16,0.3834,1,-0.5435,0
2023-05-19,sh.600010,1.83,1.85,1.82,1.84,1.83,143092858,262261546.33,0.4543,1,0.5464,0
2023-05-22,sh.600010,1.83,1.88,1.83,1.86,1.84,227465046,421871255.06,0.7222,1,1.087,0
2023-05-23,sh.600010,1.85,1.86,1.82,1.83,1.86,140257235,257762642.4,0.4453,1,-1.6129,0
2023-05-24,sh.600010,1.83,1.84,1.82,1.83,1.83,109559193,200194283.68,0.3478,1,0.0,0
2023-05-25,sh.600010,1.82,1.84,1.81,1.83,1.83,161862247,294752223.57,0.5139,1,0.0,0
2023-05-26,sh.600010,1.83,1.84,1.81,1.83,1.83,91029492,166206393.72,0.289,1,0.0,0
2023-05-29,sh.600010,1.83,1.84,1.82,1.83,1.83,88730477,162174243.94,0.2817,1,0.0,0
2023-05-30,sh.600010,1.82,1.83,1.8,1.81,1.83,134327253,243387941.19,0.4265,1,-1.0929,0
2023-05-31,sh.600010,1.81,1.83,1.8,1.83,1.81,163435808,296456726.17,0.5189,1,1.105,0
2023-06-01,sh.600010,1.82,1.85,1.81,1.84,1.83,150535654,276241351.7,0.4779,1,0.5464,0
2023-06-02,sh.600010,1.85,1.87,1.84,1.86,1.84,211191993,392465311.07,0.6705,1,1.087,0
2023-06-05,sh.600010,1.86,1.87,1.84,1.85,1.86,114182020,211253593.8,0.3625,1,-0.5376,0
2023-06-06,sh.600010,1.84,1.85,1.81,1.81,1.85,187236519,341911562.1,0.5945,1,-2.1622,0
2023-06-07,sh.600010,1.81,1.83,1.8,1.81,1.81,105148014,190507266.1,0.3338,1,0.0,0
2023-06-08,sh.600010,1.81,1.82,1.8,1.81,1.81,101924714,184437183.14,0.3236,1,0.0,0
2023-06-09,sh.600010,1.81,1.83,1.81,1.82,1.81,96325611,175367821.42,0.3058,1,0.5525,0
2023-06-12,sh.600010,1.82,1.83,1.81,1.81,1.82,111013582,201812528.26,0.3525,1,-0.5495,0
2023-06-13,sh.600010,1.82,1.82,1.8,1.81,1.81,107582026,194682276.66,0.3416,1,0.0,0
2023-06-14,sh.600010,1.81,1.82,1.8,1.8,1.81,86093035,155633977.0,0.2733,1,-0.5525,0
2023-06-15,sh.600010,1.8,1.82,1.8,1.82,1.8,101385794,183518664.62,0.3219,1,1.1111,0
2023-06-16,sh.600010,1.82,1.83,1.81,1.83,1.82,110995805,202547762.3,0.3524,1,0.5495,0
2023-06-19,sh.600010,1.83,1.83,1.81,1.81,1.83,106577498,193852271.38,0.3384,1,-1.0929,0
2023-06-20,sh.600010,1.82,1.82,1.8,1.81,1.81,144318951,260989117.98,0.4582,1,0.0,0
2023-06-21,sh.600010,1.81,1.81,1.79,1.79,1.81,131155453,236060548.95,0.4164,1,-1.105,0
2023-06-26,sh.600010,1.79,1.79,1.77,1.78,1.79,129000283,229711455.54,0.4096,1,-0.5587,0
2023-06-27,sh.600010,1.78,1.8,1.77,1.79,1.78,164812376,294747346.17,0.5233,1,0.5618,0
2023-06-28,sh.600010,1.79,1.8,1.77,1.78,1.79,139863666,249207641.68,0.4441,1,-0.5587,0
2023-06-29,sh.600010,1.78,1.79,1.77,1.78,1.78,79867763,142315420.14,0.2536,1,0.0,0
2023-06-30,sh.600010,1.78,1.8,1.78,1.79,1.78,113755249,203867258.22,0.3612,1,0.5618,0
2023-07-03,sh.600010,1.8,1.82,1.79,1.8,1.79,181557235,327861033.21,0.5764,1,0.5587,0
2023-07-04,sh.600010,1.81,1.84,1.81,1.83,1.8,242316860,441552250.2,0.7693,1,1.6667,0
2023-07-05,sh.600010,1.81,1.92,1.81,1.91,1.83,768541681,1442568901.49,2.44,1,4.3716,0
2023-07-06,sh.600010,1.89,1.9,1.84,1.85,1.91,384588684,714538723.67,1.221,1,-3.1414,0
2023-07-07,sh.600010,1.84,1.87,1.83,1.85,1.85,294899824,544878363.76,0.9363,1,0.0,0
2023-07-10,sh.600010,1.83,1.85,1.82,1.84,1.85,216168154,396866702.84,0.6863,1,-0.5405,0
2023-07-11,sh.600010,1.84,1.85,1.82,1.83,1.84,205260483,375751462.09,0.6517,1,-0.5435,0
2023-07-12,sh.600010,1.84,1.84,1.82,1.82,1.83,141057157,257782663.59,0.4478,1,-0.5464,0
2023-07-13,sh.600010,1.83,1.84,1.82,1.83,1.82,145649096,266600778.51,0.4624,1,0.5495,0
2023-07-14,sh.600010,1.82,1.84,1.82,1.82,1.83,94362282,172089189.24,0.2996,1,-0.5464,0
2023-07-17,sh.600010,1.82,1.82,1.79,1.8,1.82,193643185,348613249.79,0.6148,1,-1.0989,0
2023-07-18,sh.600010,1.8,1.81,1.79,1.8,1.8,127504778,229194308.42,0.4048,1,0.0,0
2023-07-19,sh.600010,1.8,1.81,1.79,1.81,1.8,125502441,226244636.79,0.3985,1,0.5556,0
2023-07-20,sh.600010,1.81,1.82,1.8,1.8,1.81,116654454,211130461.02,0.3704,1,-0.5525,0
2023-07-21,sh.600010,1.8,1.81,1.79,1.8,1.8,105500857,189942425.77,0.335,1,0.0,0
2023-07-24,sh.600010,1.8,1.81,1.79,1.79,1.8,69114825,124316929.88,0.2194,1,-0.5556,0
2023-07-25,sh.600010,1.81,1.83,1.8,1.82,1.79,212849579,386813875.32,0.6758,1,1.676,0
2023-07-26,sh.600010,1.82,1.88,1.81,1.86,1.82,347674695,642026348.85,1.1038,1,2.1978,0
2023-07-27,sh.600010,1.85,1.89,1.84,1.86,1.86,432299870,805733746.04,1.3725,1,0.0,0
2023-07-28,sh.600010,1.86,1.9,1.85,1.89,1.86,442785979,834601675.8,1.4058,1,1.6129,0
2023-07-31,sh.600010,1.89,1.91,1.89,1.89,1.89,292064441,554381369.9,0.9273,1,0.0,0
2023-08-01,sh.600010,1.89,1.97,1.88,1.93,1.89,666319943,1288698983.83,2.1155,1,2.1164,0
2023-08-02,sh.600010,1.92,1.93,1.9,1.91,1.93,378104822,724574999.17,1.2004,1,-1.0363,0
2023-08-03,sh.600010,1.91,1.93,1.9,1.92,1.91,278226403,532810218.46,0.8833,1,0.5236,0
2023-08-04,sh.600010,1.94,1.95,1.9,1.91,1.92,248232855,478057770.97,0.7881,1,-0.5208,0
2023-08-07,sh.600010,1.91,1.92,1.89,1.9,1.91,188618685,359484965.7,0.5988,1,-0.5236,0
2023-08-08,sh.600010,1.9,1.91,1.88,1.89,1.9,178503798,338075121.99,0.5667,1,-0.5263,0
2023-08-09,sh.600010,1.89,1.91,1.88,1.89,1.89,171093103,323952197.2,0.5432,1,0.0,0
2023-08-10,sh.600010,1.89,1.9,1.87,1.88,1.89,160553412,302382789.77,0.5097,1,-0.5291,0
2023-08-11,sh.600010,1.89,1.89,1.84,1.84,1.88,198530523,368887727.48,0.6303,1,-2.1277,0
2023-08-14,sh.600010,1.83,1.85,1.82,1.84,1.84,194051188,355902072.69,0.6161,1,0.0,0
2023-08-15,sh.600010,1.84,1.86,1.81,1.84,1.84,242955900,445733582.2,0.7714,1,0.0,0
2023-08-16,sh.600010,1.83,1.85,1.82,1.83,1.84,150476255,275886541.22,0.4777,1,-0.5435,0
2023-08-17,sh.600010,1.83,1.84,1.81,1.83,1.83,147170791,268236608.65,0.4673,1,0.0,0
2023-08-18,sh.600010,1.83,1.84,1.81,1.81,1.83,161072156,293748548.07,0.5114,1,-1.0929,0
2023-08-21,sh.600010,1.81,1.83,1.8,1.8,1.81,183806711,333083228.01,0.5836,1,-0.5525,0
2023-08-22,sh.600010,1.8,1.82,1.78,1.8,1.8,248282460,445819540.0,0.7883,1,0.0,0
2023-08-23,sh.600010,1.8,1.8,1.78,1.78,1.8,151219463,270458132.08,0.4801,1,-1.1111,0
2023-08-24,sh.600010,1.78,1.8,1.77,1.77,1.78,162613228,290160151.64,0.5163,1,-0.5618,0
2023-08-25,sh.600010,1.77,1.79,1.76,1.77,1.77,204134527,362411399.43,0.6481,1,0.0,0
2023-08-28,sh.600010,1.85,1.87,1.78,1.78,1.77,324187346,588250847.78,1.0293,1,0.565,0
2023-08-29,sh.600010,1.79,1.81,1.78,1.8,1.78,213546628,383286088.46,0.678,1,1.1236,0
2023-08-30,sh.600010,1.8,1.81,1.78,1.79,1.8,217962639,391187917.81,0.692,1,-0.5556,0
2023-08-31,sh.600010,1.79,1.8,1.78,1.79,1.79,127203267,227563052.78,0.4039,1,0.0,0
2023-09-01,sh.600010,1.79,1.81,1.79,1.8,1.79,160921949,289705917.2,0.5109,1,0.5587,0
2023-09-04,sh.600010,1.81,1.85,1.8,1.83,1.8,324223711,592470762.05,1.0294,1,1.6667,0
2023-09-05,sh.600010,1.83,1.83,1.81,1.82,1.83,189735307,345467453.45,0.6024,1,-0.5464,0
2023-09-06,sh.600010,1.82,1.82,1.8,1.8,1.82,106066172,191634040.6,0.3367,1,-1.0989,0
2023-09-07,sh.600010,1.8,1.81,1.78,1.78,1.8,163404037,292784497.55,0.5188,1,-1.1111,0
2023-09-08,sh.600010,1.78,1.79,1.77,1.78,1.78,113146444,201506344.52,0.3592,1,0.0,0
2023-09-11,sh.600010,1.78,1.8,1.77,1.78,1.78,118842312,212240238.96,0.3773,1,0.0,0
2023-09-12,sh.600010,1.78,1.8,1.78,1.79,1.78,99891340,178607008.4,0.3171,1,0.5618,0
2023-09-13,sh.600010,1.79,1.8,1.77,1.78,1.79,160153179,285109404.83,0.5085,1,-0.5587,0
2023-09-14,sh.600010,1.78,1.79,1.77,1.78,1.78,134713361,239653247.98,0.4277,1,0.0,0
2023-09-15,sh.600010,1.79,1.8,1.77,1.78,1.78,227300579,405648131.41,0.7217,1,0.0,0
2023-09-18,sh.600010,1.78,1.79,1.77,1.78,1.78,173318183,308301774.3,0.5503,1,0.0,0
2023-09-19,sh.600010,1.78,1.79,1.77,1.78,1.78,114182262,203137230.73,0.3625,1,0.0,0
2023-09-20,sh.600010,1.78,1.78,1.76,1.77,1.78,158115803,280227659.31,0.502,1,-0.5618,0
2023-09-21,sh.600010,1.77,1.78,1.73,1.74,1.77,214237239,375804128.43,0.6802,1,-1.6949,0
2023-09-22,sh.600010,1.74,1.75,1.71,1.75,1.74,204695753,354956243.22,0.6499,1,0.5747,0
2023-09-25,sh.600010,1.75,1.75,1.73,1.73,1.75,132791484,230547040.92,0.4216,1,-1.1429,0
2023-09-26,sh.600010,1.73,1.74,1.71,1.71,1.73,112809874,194009365.28,0.3582,1,-1.1561,0
2023-09-27,sh.600010,1.71,1.73,1.71,1.71,1.71,107734090,184988853.8,0.342,1,0.0,0
2023-09-28,sh.600010,1.72,1.73,1.71,1.72,1.71,112379640,193358456.0,0.3568,1,0.5848,0
2023-10-09,sh.600010,1.72,1.73,1.71,1.72,1.72,106856569,184036992.93,0.3393,1,0.0,0
2023-10-10,sh.600010,1.73,1.74,1.71,1.71,1.72,138338803,238457509.39,0.4392,1,-0.5814,0
2023-10-11,sh.600010,1.72,1.73,1.71,1.71,1.71,102037528,175032948.68,0.324,1,0.0,0
2023-10-12,sh.600010,1.72,1.73,1.71,1.72,1.71,110307072,189980340.44,0.3502,1,0.5848,0
2023-10-13,sh.600010,1.72,1.73,1.71,1.72,1.72,80738309,138502034.39,0.2563,1,0.0,0
2023-10-16,sh.600010,1.72,1.72,1.69,1.69,1.72,143276281,243775465.29,0.4549,1,-1.7442,0
2023-10-17,sh.600010,1.7,1.71,1.68,1.68,1.69,136549500,230634851.0,0.4335,1,-0.5917,0
2023-10-18,sh.600010,1.68,1.69,1.62,1.62,1.68,264988095,434137293.9,0.8413,1,-3.5714,0
2023-10-19,sh.600010,1.6,1.63,1.59,1.6,1.62,211220650,339062177.87,0.6706,1,-1.2346,0
2023-10-20,sh.600010,1.59,1.61,1.58,1.59,1.6,189526250,302604078.5,0.6017,1,-0.625,0
2023-10-23,sh.600010,1.59,1.59,1.52,1.54,1.59,292816047,453977193.51,0.9297,1,-3.1447,0
2023-10-24,sh.600010,1.53,1.62,1.53,1.58,1.54,391702090,615814354.97,1.2436,1,2.5974,0
2023-10-25,sh.600010,1.59,1.64,1.59,1.61,1.58,328662499,530258657.97,1.0435,1,1.8987,0
2023-10-26,sh.600010,1.6,1.62,1.58,1.61,1.61,178066492,285142048.54,0.5653,1,0.0,0
2023-10-27,sh.600010,1.62,1.64,1.61,1.64,1.61,191106255,311837831.55,0.6067,1,1.8634,0
2023-10-30,sh.600010,1.63,1.65,1.62,1.64,1.64,172498454,282819712.73,0.5477,1,0.0,0
2023-10-31,sh.600010,1.64,1.65,1.61,1.62,1.64,169227604,275182844.42,0.5373,1,-1.2195,0
2023-11-01,sh.600010,1.63,1.63,1.61,1.61,1.62,140056568,226557165.41,0.4447,1,-0.6173,0
2023-11-02,sh.600010,1.61,1.63,1.6,1.6,1.61,163477954,263657287.0,0.519,1,-0.6211,0
2023-11-03,sh.600010,1.61,1.63,1.6,1.61,1.6,148029539,239225138.18,0.47,1,0.625,0
2023-11-06,sh.600010,1.62,1.64,1.62,1.64,1.61,216095131,352746582.33,0.6861,1,1.8634,0
2023-11-07,sh.600010,1.64,1.64,1.62,1.63,1.64,115533420,188426639.0,0.3668,1,-0.6098,0
2023-11-08,sh.600010,1.63,1.63,1.6,1.61,1.63,179701192,289978768.4,0.5705,1,-1.227,0
2023-11-09,sh.600010,1.61,1.62,1.59,1.6,1.61,196920334,316040015.47,0.6252,1,-0.6211,0
2023-11-10,sh.600010,1.59,1.6,1.58,1.59,1.6,131149284,208596527.05,0.4164,1,-0.625,0
2023-11-13,sh.600010,1.6,1.62,1.59,1.62,1.59,236761380,380402529.31,0.7517,1,1.8868,0
2023-11-14,sh.600010,1.62,1.63,1.6,1.61,1.62,172811630,278865343.86,0.5487,1,-0.6173,0
2023-11-15,sh.600010,1.62,1.63,1.61,1.62,1.61,161440740,261839801.0,0.5126,1,0.6211,0
2023-11-16,sh.600010,1.62,1.63,1.6,1.6,1.62,140510480,225671700.92,0.4461,1,-1.2346,0
2023-11-17,sh.600010,1.6,1.61,1.58,1.6,1.6,152775760,243467429.8,0.485,1,0.0,0
2023-11-20,sh.600010,1.6,1.61,1.58,1.6,1.6,176608040,281966086.0,0.5607,1,0.0,0
2023-11-21,sh.600010,1.6,1.62,1.59,1.6,1.6,205500846,330401137.02,0.6524,1,0.0,0
2023-11-22,sh.600010,1.6,1.6,1.58,1.58,1.6,139471623,221583081.3,0.4428,1,-1.25,0
2023-11-23,sh.600010,1.58,1.59,1.57,1.58,1.58,132778864,209421592.76,0.4216,1,0.0,0
2023-11-24,sh.600010,1.58,1.6,1.57,1.58,1.58,204289673,323833528.34,0.6486,1,0.0,0
2023-11-27,sh.600010,1.57,1.58,1.56,1.56,1.58,136040761,213110448.96,0.4319,1,-1.2658,0
2023-11-28,sh.600010,1.56,1.57,1.55,1.56,1.56,123672040,192738447.4,0.3926,1,0.0,0
2023-11-29,sh.600010,1.56,1.57,1.54,1.55,1.56,172485226,267838486.84,0.5476,1,-0.641,0
2023-11-30,sh.600010,1.55,1.55,1.53,1.53,1.55,134317896,206537569.94,0.4264,1,-1.2903,0
2023-12-01,sh.600010,1.53,1.55,1.52,1.55,1.53,179349733,276173316.78,0.5694,1,1.3072,0
2023-12-04,sh.600010,1.55,1.56,1.54,1.55,1.55,133164390,206244491.57,0.4228,1,0.0,0
2023-12-05,sh.600010,1.55,1.55,1.53,1.54,1.55,148462790,228369969.81,0.4714,1,-0.6452,0
2023-12-06,sh.600010,1.53,1.55,1.52,1.54,1.54,192865908,296977829.12,0.6123,1,0.0,0
2023-12-07,sh.600010,1.55,1.55,1.52,1.53,1.54,220935876,338060302.81,0.7014,1,-0.6494,0
2023-12-08,sh.600010,1.53,1.59,1.52,1.57,1.53,629142625,981532814.64,1.9975,1,2.6144,0
2023-12-11,sh.600010,1.57,1.57,1.52,1.54,1.57,478871275,734732890.59,1.5204,1,-1.9108,0
2023-12-12,sh.600010,1.53,1.54,1.52,1.53,1.54,238692426,364558786.92,0.7578,1,-0.6494,0
2023-12-13,sh.600010,1.52,1.53,1.49,1.49,1.53,364709433,548822086.66,1.1579,1,-2.6144,0
2023-12-14,sh.600010,1.5,1.5,1.47,1.47,1.49,220479652,327035401.28,0.7,1,-1.3423,0
2023-12-15,sh.600010,1.47,1.48,1.46,1.46,1.47,171412571,251572592.76,0.5442,1,-0.6803,0
2023-12-18,sh.600010,1.45,1.46,1.42,1.42,1.46,240872219,345128476.3,0.7647,1,-2.7397,0
2023-12-19,sh.600010,1.42,1.45,1.41,1.42,1.42,266186392,379551078.88,0.8451,1,0.0,0
2023-12-20,sh.600010,1.42,1.43,1.39,1.39,1.42,234248996,330420342.72,0.7437,1,-2.1127,0
2023-12-21,sh.600010,1.38,1.42,1.37,1.41,1.39,309316925,431460354.79,0.982,1,1.4388,0
2023-12-22,sh.600010,1.41,1.43,1.39,1.42,1.41,241871551,341429070.09,0.7679,1,0.7092,0
2023-12-25,sh.600010,1.42,1.44,1.41,1.43,1.42,133155288,190242821.16,0.4228,1,0.7042,0
2023-12-26,sh.600010,1.43,1.43,1.4,1.41,1.43,151718120,214673334.2,0.4817,1,-1.3986,0
2023-12-27,sh.600010,1.41,1.42,1.39,1.4,1.41,137695721,192864756.6,0.4372,1,-0.7092,0
2023-12-28,sh.600010,1.4,1.46,1.39,1.46,1.4,335404908,482268378.66,1.0649,1,4.2857,0
2023-12-29,sh.600010,1.45,1.47,1.45,1.46,1.46,204678449,298771546.66,0.6498,1,0.0,0
2024-01-02,sh.600010,1.47,1.47,1.45,1.45,1.46,139438021,203074212.85,0.4427,1,-0.6849,0
2024-01-03,sh.600010,1.45,1.46,1.44,1.46,1.45,114101632,165766327.05,0.3623,1,0.6897,0
2024-01-04,sh.600010,1.46,1.46,1.43,1.44,1.46,181947500,262260198.0,0.5777,1,-1.3699,0
2024-01-05,sh.600010,1.44,1.46,1.43,1.43,1.44,192231165,277478605.66,0.6103,1,-0.6944,0
2024-01-08,sh.600010,1.43,1.44,1.4,1.41,1.43,195053366,276526680.06,0.6193,1,-1.3986,0
2024-01-09,sh.600010,1.41,1.42,1.4,1.41,1.41,129680021,183032737.81,0.4117,1,0.0,0
2024-01-10,sh.600010,1.41,1.43,1.4,1.42,1.41,145827900,206736973.43,0.463,1,0.7092,0
2024-01-11,sh.600010,1.41,1.44,1.41,1.43,1.42,165835804,236484801.63,0.5265,1,0.7042,0
2024-01-12,sh.600010,1.43,1.45,1.42,1.43,1.43,147334367,211523328.29,0.4678,1,0.0,0
2024-01-15,sh.600010,1.43,1.44,1.41,1.43,1.43,136215060,194498078.64,0.4325,1,0.0,0
2024-01-16,sh.600010,1.42,1.44,1.41,1.44,1.43,184198589,263082774.53,0.5848,1,0.6993,0
2024-01-17,sh.600010,1.44,1.44,1.41,1.42,1.44,131086405,186741940.25,0.4162,1,-1.3889,0
2024-01-18,sh.600010,1.41,1.42,1.38,1.42,1.42,278132690,388388345.65,0.883,1,0.0,0
2024-01-19,sh.600010,1.41,1.42,1.4,1.41,1.42,139275627,196475328.27,0.4422,1,-0.7042,0
2024-01-22,sh.600010,1.41,1.42,1.38,1.39,1.41,221226349,310364517.08,0.7024,1,-1.4184,0
2024-01-23,sh.600010,1.38,1.4,1.37,1.39,1.39,136542448,189641787.06,0.4335,1,0.0,0
2024-01-24,sh.600010,1.4,1.43,1.38,1.42,1.39,216306221,303890950.18,0.6867,1,2.1583,0
2024-01-25,sh.600010,1.43,1.47,1.42,1.47,1.42,335517403,486511463.1,1.0652,1,3.5211,0
2024-01-26,sh.600010,1.47,1.49,1.46,1.47,1.47,291955771,429942442.13,0.9269,1,0.0,0
2024-01-29,sh.600010,1.48,1.49,1.46,1.46,1.47,185572503,272857948.81,0.5892,1,-0.6803,0
2024-01-30,sh.600010,1.46,1.47,1.44,1.44,1.46,188089273,274189145.22,0.5972,1,-1.3699,0
2024-01-31,sh.600010,1.44,1.45,1.42,1.42,1.44,211241242,302202422.82,0.6707,1,-1.3889,0
2024-02-01,sh.600010,1.41,1.44,1.4,1.42,1.42,179335450,254908147.0,0.5694,1,0.0,0
2024-02-02,sh.600010,1.42,1.44,1.38,1.41,1.42,277118652,391613698.4,0.8798,1,-0.7042,0
2024-02-05,sh.600010,1.41,1.41,1.36,1.39,1.41,306455913,425098882.7,0.973,1,-1.4184,0
2024-02-06,sh.600010,1.39,1.47,1.37,1.47,1.39,382000326,547712563.99,1.2128,1,5.7554,0
2024-02-07,sh.600010,1.47,1.54,1.47,1.52,1.47,502429825,756833085.66,1.5952,1,3.4014,0
2024-02-08,sh.600010,1.53,1.55,1.49,1.52,1.52,461410148,698075470.32,1.4649,1,0.0,0
2024-02-19,sh.600010,1.52,1.53,1.5,1.52,1.52,277839656,420307859.2,0.8821,1,0.0,0
2024-02-20,sh.600010,1.51,1.52,1.49,1.51,1.52,219176272,330019272.82,0.6959,1,-0.6579,0
2024-02-21,sh.600010,1.5,1.55,1.49,1.52,1.51,353462628,539796960.23,1.1222,1,0.6623,0
2024-02-22,sh.600010,1.52,1.53,1.51,1.53,1.52,206071823,313472953.78,0.6543,1,0.6579,0
2024-02-23,sh.600010,1.53,1.54,1.52,1.53,1.53,188676760,288400709.31,0.599,1,0.0,0
2024-02-26,sh.600010,1.53,1.54,1.51,1.52,1.53,211366482,322503869.81,0.6711,1,-0.6536,0
2024-02-27,sh.600010,1.52,1.53,1.51,1.53,1.52,200837151,305269763.28,0.6376,1,0.6579,0
2024-02-28,sh.600010,1.53,1.56,1.52,1.52,1.53,401780516,618610416.7,1.2756,1,-0.6536,0
2024-02-29,sh.600010,1.51,1.54,1.51,1.54,1.52,234222496,357734963.68,0.7436,1,1.3158,0
2024-03-01,sh.600010,1.54,1.55,1.52,1.53,1.54,183327623,281159663.59,0.582,1,-0.6494,0
2024-03-04,sh.600010,1.53,1.53,1.51,1.51,1.53,163542139,248242008.89,0.5192,1,-1.3072,0
2024-03-05,sh.600010,1.51,1.54,1.5,1.52,1.51,263568340,401644858.88,0.8368,1,0.6623,0
2024-03-06,sh.600010,1.52,1.53,1.5,1.51,1.52,232888746,353333126.23,0.7394,1,-0.6579,0
2024-03-07,sh.600010,1.52,1.6,1.51,1.56,1.51,655168054,1022999942.19,2.0801,1,3.3113,0
2024-03-08,sh.600010,1.55,1.56,1.52,1.54,1.56,331166899,509644573.67,1.0514,1,-1.2821,0
2024-03-11,sh.600010,1.53,1.55,1.53,1.54,1.54,221417714,341010401.54,0.703,1,0.0,0
2024-03-12,sh.600010,1.54,1.55,1.53,1.53,1.54,148725271,228460364.46,0.4722,1,-0.6494,0
2024-03-13,sh.600010,1.54,1.54,1.52,1.53,1.53,148241925,226902650.0,0.4707,1,0.0,0
2024-03-14,sh.600010,1.52,1.54,1.51,1.52,1.53,221112656,337461827.72,0.702,1,-0.6536,0
2024-03-15,sh.600010,1.52,1.59,1.51,1.58,1.52,505645471,784885196.78,1.6054,1,3.9474,0
2024-03-18,sh.600010,1.57,1.59,1.56,1.58,1.58,287646786,453605412.16,0.9132,1,0.0,0
2024-03-19,sh.600010,1.58,1.74,1.57,1.7,1.58,1270339069,2152466927.89,4.0332,1,7.5949,0
2024-03-20,sh.600010,1.66,1.68,1.64,1.65,1.7,708876518,1174116953.66,2.2506,1,-2.9412,0
2024-03-21,sh.600010,1.66,1.67,1.62,1.63,1.65,410721194,672523517.61,1.304,1,-1.2121,0
2024-03-22,sh.600010,1.63,1.63,1.58,1.61,1.63,428385244,687864407.7,1.3601,1,-1.227,0
2024-03-25,sh.600010,1.6,1.64,1.59,1.6,1.61,338195500,545191380.6,1.0737,1,-0.6211,0
2024-03-26,sh.600010,1.6,1.61,1.57,1.59,1.6,269943924,428762184.28,0.857,1,-0.625,0
2024-03-27,sh.600010,1.58,1.6,1.57,1.57,1.59,192013978,303506079.55,0.6096,1,-1.2579,0
2024-03-28,sh.600010,1.57,1.6,1.56,1.59,1.57,257351183,407437802.52,0.8171,1,1.2739,0
2024-03-29,sh.600010,1.58,1.6,1.58,1.6,1.59,178429465,283904078.44,0.5665,1,0.6289,0
2024-04-01,sh.600010,1.6,1.64,1.59,1.63,1.6,293449554,477334644.89,0.9317,1,1.875,0
2024-04-02,sh.600010,1.63,1.66,1.62,1.63,1.63,309467389,507340408.19,0.9825,1,0.0,0
2024-04-03,sh.600010,1.64,1.72,1.63,1.67,1.63,605312167,1010593004.42,1.9218,1,2.454,0
2024-04-08,sh.600010,1.67,1.72,1.66,1.67,1.67,602030793,1019098626.55,1.9114,1,0.0,0
2024-04-09,sh.600010,1.67,1.73,1.66,1.72,1.67,661218830,1123519989.22,2.0993,1,2.994,0
2024-04-10,sh.600010,1.69,1.7,1.64,1.65,1.72,542823999,902778071.31,1.7234,1,-4.0698,0
2024-04-11,sh.600010,1.64,1.68,1.62,1.66,1.65,357811906,591917937.27,1.136,1,0.6061,0
2024-04-12,sh.600010,1.66,1.67,1.63,1.64,1.66,284814925,468240462.43,0.9043,1,-1.2048,0
2024-04-15,sh.600010,1.63,1.65,1.59,1.63,1.64,335799725,545837967.05,1.0661,1,-0.6098,0
2024-04-16,sh.600010,1.62,1.64,1.6,1.6,1.63,282521002,457319882.11,0.897,1,-1.8405,0
2024-04-17,sh.600010,1.6,1.64,1.6,1.63,1.6,267200789,432846725.71,0.8483,1,1.875,0
2024-04-18,sh.600010,1.63,1.65,1.62,1.64,1.63,211692788,346731062.84,0.6721,1,0.6135,0
2024-04-19,sh.600010,1.64,1.66,1.61,1.62,1.64,276074498,451342587.43,0.8765,1,-1.2195,0
2024-04-22,sh.600010,1.62,1.64,1.61,1.62,1.62,228892042,371083320.62,0.7267,1,0.0,0
2024-04-23,sh.600010,1.62,1.62,1.59,1.59,1.62,246008660,393457731.2,0.7811,1,-1.8519,0
2024-04-24,sh.600010,1.59,1.61,1.58,1.6,1.59,152882140,244018341.6,0.4854,1,0.6289,0
2024-04-25,sh.600010,1.6,1.62,1.59,1.6,1.6,150807451,242123596.54,0.4788,1,0.0,0
2024-04-26,sh.600010,1.6,1.62,1.6,1.62,1.6,173548961,279379694.34,0.551,1,1.25,0
2024-04-29,sh.600010,1.61,1.63,1.6,1.62,1.62,238087008,385265787.93,0.7559,1,0.0,0
2024-04-30,sh.600010,1.62,1.63,1.6,1.6,1.62,184087586,295986659.4,0.5845,1,-1.2346,0
2024-05-06,sh.600010,1.61,1.62,1.6,1.62,1.6,182382503,294091018.43,0.579,1,1.25,0
2024-05-07,sh.600010,1.62,1.64,1.62,1.63,1.62,245239286,399205708.49,0.7786,1,0.6173,0
2024-05-08,sh.600010,1.62,1.63,1.61,1.61,1.63,126173351,203792343.91,0.4006,1,-1.227,0
2024-05-09,sh.600010,1.61,1.63,1.6,1.62,1.61,203744588,329647029.08,0.6469,1,0.6211,0
2024-05-10,sh.600010,1.62,1.63,1.61,1.61,1.62,145637383,235119427.23,0.4624,1,-0.6173,0
2024-05-13,sh.600010,1.61,1.61,1.59,1.59,1.61,188888571,302024725.67,0.5997,1,-1.2422,0
2024-05-14,sh.600010,1.6,1.61,1.59,1.6,1.59,151749334,242803271.09,0.4818,1,0.6289,0
2024-05-15,sh.600010,1.6,1.6,1.58,1.59,1.6,158582820,252258265.4,0.5035,1,-0.625,0
2024-05-16,sh.600010,1.59,1.61,1.58,1.59,1.59,196626101,314377886.51,0.6243,1,0.0,0
2024-05-17,sh.600010,1.6,1.61,1.59,1.61,1.59,124485142,199088951.48,0.3952,1,1.2579,0
2024-05-20,sh.600010,1.61,1.62,1.6,1.61,1.61,191975096,309691167.16,0.6095,1,0.0,0
2024-05-21,sh.600010,1.61,1.62,1.59,1.6,1.61,165630375,265380232.05,0.5259,1,-0.6211,0
2024-05-22,sh.600010,1.6,1.61,1.59,1.6,1.6,141035649,225725911.6,0.4478,1,0.0,0
2024-05-23,sh.600010,1.6,1.6,1.57,1.57,1.6,237969662,376411990.62,0.7555,1,-1.875,0
2024-05-24,sh.600010,1.57,1.58,1.56,1.56,1.57,139620070,218896887.3,0.4433,1,-0.6369,0
2024-05-27,sh.600010,1.57,1.58,1.56,1.56,1.56,95332206,149101864.36,0.3027,1,0.0,0
2024-05-28,sh.600010,1.56,1.57,1.55,1.55,1.56,162912298,253436663.9,0.5172,1,-0.641,0
2024-05-29,sh.600010,1.55,1.57,1.54,1.56,1.55,147790178,230073185.5,0.4692,1,0.6452,0
2024-05-30,sh.600010,1.55,1.57,1.54,1.55,1.56,173118085,269098983.98,0.5496,1,-0.641,0
2024-05-31,sh.600010,1.55,1.56,1.54,1.54,1.55,129845331,200685253.74,0.4122,1,-0.6452,0
2024-06-03,sh.600010,1.54,1.54,1.48,1.49,1.54,265355411,399867557.23,0.8425,1,-3.2468,0
2024-06-04,sh.600010,1.49,1.49,1.47,1.48,1.49,155042059,229503881.52,0.4922,1,-0.6711,0
2024-06-05,sh.600010,1.48,1.49,1.46,1.46,1.48,136323593,200894227.74,0.4328,1,-1.3514,0
2024-06-06,sh.600010,1.46,1.47,1.41,1.42,1.46,277046496,396655067.81,0.8796,1,-2.7397,0
2024-06-07,sh.600010,1.43,1.46,1.42,1.46,1.42,216373328,312595426.35,0.687,1,2.8169,0
2024-06-11,sh.600010,1.45,1.46,1.44,1.44,1.46,112941549,163381135.79,0.3586,1,-1.3699,0
2024-06-12,sh.600010,1.44,1.45,1.43,1.44,1.44,119273874,171719120.7,0.3787,1,0.0,0
2024-06-13,sh.600010,1.44,1.45,1.41,1.42,1.44,147175858,209792126.54,0.4673,1,-1.3889,0
2024-06-14,sh.600010,1.42,1.44,1.42,1.43,1.42,117547580,168262147.0,0.3732,1,0.7042,0
2024-06-17,sh.600010,1.43,1.44,1.41,1.42,1.43,116295748,165634199.04,0.3692,1,-0.6993,0
2024-06-18,sh.600010,1.42,1.44,1.41,1.43,1.42,105087518,150183104.67,0.3336,1,0.7042,0
2024-06-19,sh.600010,1.43,1.44,1.42,1.42,1.43,70041440,99813431.6,0.2224,1,-0.6993,0
2024-06-20,sh.600010,1.42,1.43,1.39,1.4,1.42,166282039,234048079.81,0.5279,1,-1.4085,0
2024-06-21,sh.600010,1.4,1.41,1.39,1.4,1.4,122899558,172088258.54,0.3902,1,0.0,0
2024-06-24,sh.600010,1.4,1.4,1.37,1.38,1.4,156303737,216186137.49,0.4962,1,-1.4286,0
2024-06-25,sh.600010,1.38,1.39,1.37,1.38,1.38,133012144,183545152.16,0.4223,1,0.0,0
2024-06-26,sh.600010,1.38,1.41,1.37,1.41,1.38,146142077,203556292.89,0.464,1,2.1739,0
2024-06-27,sh.600010,1.4,1.41,1.39,1.39,1.41,106545455,148988724.85,0.3383,1,-1.4184,0
2024-06-28,sh.600010,1.39,1.43,1.38,1.4,1.39,267505259,375769774.26,0.8493,1,0.7194,0
2024-07-01,sh.600010,1.42,1.47,1.42,1.45,1.4,349206397,505162824.81,1.1087,1,3.5714,0
2024-07-02,sh.600010,1.44,1.45,1.42,1.43,1.45,215995028,309670826.04,0.6858,1,-1.3793,0
2024-07-03,sh.600010,1.43,1.44,1.42,1.43,1.43,91233680,130552821.8,0.2897,1,0.0,0
2024-07-04,sh.600010,1.43,1.44,1.4,1.41,1.43,151116655,214009768.72,0.4798,1,-1.3986,0
2024-07-05,sh.600010,1.4,1.42,1.4,1.42,1.41,109548560,154752892.6,0.3478,1,0.7092,0
2024-07-08,sh.600010,1.41,1.42,1.4,1.4,1.42,118369204,166656242.4,0.3758,1,-1.4085,0
2024-07-09,sh.600010,1.41,1.42,1.4,1.42,1.4,111710866,157603415.78,0.3547,1,1.4286,0
2024-07-10,sh.600010,1.42,1.42,1.4,1.41,1.42,91240960,128628968.4,0.2897,1,-0.7042,0
2024-07-11,sh.600010,1.42,1.43,1.41,1.43,1.41,127955536,182177999.12,0.4062,1,1.4184,0
2024-07-12,sh.600010,1.43,1.44,1.41,1.43,1.43,122412700,174242267.8,0.3886,1,0.0,0
2024-07-15,sh.600010,1.42,1.43,1.41,1.41,1.43,95281142,135225605.66,0.3025,1,-1.3986,0
2024-07-16,sh.600010,1.41,1.43,1.41,1.42,1.41,76670637,109159476.54,0.2434,1,0.7092,0
2024-07-17,sh.600010,1.42,1.43,1.41,1.42,1.42,97196322,138421275.24,0.3086,1,0.0,0
2024-07-18,sh.600010,1.42,1.44,1.41,1.44,1.42,152182210,217448658.9,0.4832,1,1.4085,0
2024-07-19,sh.600010,1.43,1.45,1.42,1.45,1.44,132457761,190334668.72,0.4205,1,0.6944,0
2024-07-22,sh.600010,1.44,1.45,1.43,1.44,1.45,102842689,148285523.38,0.3265,1,-0.6897,0
2024-07-23,sh.600010,1.44,1.45,1.42,1.42,1.44,98734640,141576189.8,0.3135,1,-1.3889,0
2024-07-24,sh.600010,1.42,1.43,1.41,1.42,1.42,85875629,121858623.98,0.2726,1,0.0,0
2024-07-25,sh.600010,1.41,1.43,1.41,1.41,1.42,107230444,151914244.66,0.3404,1,-0.7042,0
2024-07-26,sh.600010,1.41,1.43,1.41,1.43,1.41,77180770,109791004.6,0.245,1,1.4184,0
2024-07-29,sh.600010,1.43,1.44,1.42,1.43,1.43,86920926,124403860.51,0.276,1,0.0,0
2024-07-30,sh.600010,1.43,1.44,1.42,1.44,1.43,64771700,92886501.0,0.2056,1,0.6993,0
2024-07-31,sh.600010,1.44,1.46,1.43,1.46,1.44,189489231,274855247.55,0.6016,1,1.3889,0
2024-08-01,sh.600010,1.45,1.47,1.45,1.45,1.46,123578401,180442657.85,0.3923,1,-0.6849,0
2024-08-02,sh.600010,1.45,1.5,1.44,1.46,1.45,226806455,333623858.96,0.7201,1,0.6897,0
2024-08-05,sh.600010,1.46,1.48,1.45,1.45,1.46,171302528,250178506.05,0.5439,1,-0.6849,0
2024-08-06,sh.600010,1.46,1.47,1.44,1.46,1.45,124305723,180600393.35,0.3947,1,0.6897,0
2024-08-07,sh.600010,1.45,1.47,1.45,1.45,1.46,74988247,109195783.75,0.2381,1,-0.6849,0
2024-08-08,sh.600010,1.45,1.46,1.44,1.45,1.45,83717680,121484045.8,0.2658,1,0.0,0
2024-08-09,sh.600010,1.46,1.46,1.44,1.44,1.45,57457693,83252241.63,0.1824,1,-0.6897,0
2024-08-12,sh.600010,1.44,1.45,1.43,1.43,1.44,59815347,85873895.21,0.1899,1,-0.6944,0
2024-08-13,sh.600010,1.43,1.44,1.42,1.43,1.43,89743980,128351557.6,0.2849,1,0.0,0
2024-08-14,sh.600010,1.43,1.44,1.42,1.42,1.43,63340487,90514643.66,0.2011,1,-0.6993,0
2024-08-15,sh.600010,1.42,1.44,1.42,1.43,1.42,95450307,136841466.34,0.303,1,0.7042,0
2024-08-16,sh.600010,1.44,1.45,1.43,1.44,1.43,106192563,153519848.72,0.3372,1,0.6993,0
2024-08-19,sh.600010,1.44,1.46,1.44,1.44,1.44,87747100,127031828.0,0.2786,1,0.0,0
2024-08-20,sh.600010,1.44,1.45,1.42,1.44,1.44,94927138,136075279.06,0.3014,1,0.0,0
2024-08-21,sh.600010,1.43,1.44,1.42,1.43,1.44,76171260,109048869.8,0.2418,1,-0.6944,0
2024-08-22,sh.600010,1.43,1.44,1.42,1.43,1.43,88187463,126284027.66,0.28,1,0.0,0
2024-08-23,sh.600010,1.42,1.44,1.41,1.42,1.43,120297007,171141167.41,0.3819,1,-0.6993,0
2024-08-26,sh.600010,1.42,1.44,1.42,1.44,1.42,112621327,161156486.61,0.3576,1,1.4085,0
2024-08-27,sh.600010,1.43,1.44,1.42,1.42,1.44,79551970,113472920.4,0.2526,1,-1.3889,0
2024-08-28,sh.600010,1.42,1.43,1.41,1.42,1.42,81108620,115298226.8,0.2575,1,0.0,0
2024-08-29,sh.600010,1.43,1.43,1.41,1.42,1.42,60800880,86535929.2,0.193,1,0.0,0
2024-08-30,sh.600010,1.42,1.44,1.42,1.44,1.42,133095348,190825109.24,0.4226,1,1.4085,0
2024-09-02,sh.600010,1.44,1.45,1.42,1.42,1.44,82351713,117805312.76,0.2615,1,-1.3889,0
2024-09-03,sh.600010,1.42,1.44,1.41,1.42,1.42,117370284,167126777.28,0.3726,1,0.0,0
2024-09-04,sh.600010,1.42,1.43,1.41,1.41,1.42,80191801,113730815.81,0.2546,1,-0.7042,0
2024-09-05,sh.600010,1.41,1.43,1.41,1.42,1.41,86973878,123282452.71,0.2761,1,0.7092,0
2024-09-06,sh.600010,1.42,1.43,1.41,1.41,1.42,64123862,90703801.87,0.2036,1,-0.7042,0
2024-09-09,sh.600010,1.41,1.42,1.39,1.4,1.41,122217813,171170190.6,0.388,1,-0.7092,0
2024-09-10,sh.600010,1.4,1.4,1.37,1.39,1.4,134736880,186355322.17,0.4278,1,-0.7143,0
2024-09-11,sh.600010,1.39,1.4,1.37,1.38,1.39,86385625,119527447.1,0.2743,1,-0.7194,0
2024-09-12,sh.600010,1.38,1.39,1.37,1.38,1.38,99248460,137204525.09,0.3151,1,0.0,0
2024-09-13,sh.600010,1.38,1.4,1.38,1.39,1.38,83065767,115244544.93,0.2637,1,0.7246,0
2024-09-18,sh.600010,1.39,1.39,1.37,1.38,1.39,103364969,142461866.22,0.3282,1,-0.7194,0
2024-09-19,sh.600010,1.38,1.41,1.37,1.4,1.38,128023751,178321993.09,0.4065,1,1.4493,0
2024-09-20,sh.600010,1.4,1.4,1.38,1.39,1.4,110864565,154218883.15,0.352,1,-0.7143,0
2024-09-23,sh.600010,1.39,1.4,1.38,1.4,1.39,57753171,80378101.47,0.1834,1,0.7194,0
2024-09-24,sh.600010,1.4,1.45,1.39,1.44,1.4,322945511,461153432.0,1.0253,1,2.8571,0
2024-09-25,sh.600010,1.46,1.51,1.45,1.47,1.44,436300427,646123693.46,1.3852,1,2.0833,0
2024-09-26,sh.600010,1.47,1.53,1.46,1.52,1.47,393256652,588821708.91,1.2485,1,3.4014,0
2024-09-27,sh.600010,1.55,1.58,1.54,1.57,1.52,355917700,555521967.81,1.13,1,3.2895,0
2024-09-30,sh.600010,1.63,1.73,1.63,1.73,1.57,962494548,1628961739.52,3.0558,1,10.1911,0
2024-10-08,sh.600010,1.9,1.9,1.76,1.83,1.73,1161975725,2142870505.28,3.6891,1,5.7803,0
2024-10-09,sh.600010,1.81,1.81,1.66,1.66,1.83,748669935,1285244607.82,2.3769,1,-9.2896,0
2024-10-10,sh.600010,1.66,1.73,1.63,1.7,1.66,507788915,858463722.33,1.6122,1,2.4096,0
2024-10-11,sh.600010,1.69,1.71,1.63,1.65,1.7,340131392,566966964.44,1.0799,1,-2.9412,0
2024-10-14,sh.600010,1.66,1.68,1.65,1.67,1.65,275615395,458999758.1,0.875,1,1.2121,0
2024-10-15,sh.600010,1.66,1.68,1.63,1.63,1.67,296352231,489019587.75,0.9409,1,-2.3952,0
2024-10-16,sh.600010,1.61,1.66,1.61,1.63,1.63,307146038,501455896.21,0.9752,1,0.0,0
2024-10-17,sh.600010,1.63,1.64,1.58,1.58,1.63,314020538,505455249.84,0.997,1,-3.0675,0
2024-10-18,sh.600010,1.58,1.65,1.56,1.63,1.58,417492687,668230797.08,1.3255,1,3.1646,0
2024-10-21,sh.600010,1.64,1.64,1.6,1.61,1.63,328848688,531636878.68,1.0441,1,-1.227,0
2024-10-22,sh.600010,1.61,1.64,1.6,1.62,1.61,272186587,440959817.95,0.8642,1,0.6211,0
2024-10-23,sh.600010,1.62,1.66,1.61,1.65,1.62,417296300,684433328.79,1.3249,1,1.8519,0
2024-10-24,sh.600010,1.63,1.65,1.62,1.63,1.65,225031521,366655851.7,0.7145,1,-1.2121,0
2024-10-25,sh.600010,1.63,1.69,1.62,1.68,1.63,491828913,814882101.63,1.5615,1,3.0675,0
2024-10-28,sh.600010,1.67,1.76,1.66,1.75,1.68,740398069,1284992549.56,2.3507,1,4.1667,0
2024-10-29,sh.600010,1.75,1.76,1.67,1.68,1.75,533284852,909257380.59,1.6931,1,-4.0,0
2024-10-30,sh.600010,1.67,1.72,1.66,1.7,1.68,373736983,633908989.87,1.1866,1,1.1905,0
2024-10-31,sh.600010,1.68,1.73,1.67,1.71,1.7,520128267,887942922.9,1.6514,1,0.5882,0
2024-11-01,sh.600010,1.72,1.88,1.71,1.88,1.71,1167011125,2158618784.89,3.7051,1,9.9415,0
2024-11-04,sh.600010,1.95,1.96,1.81,1.83,1.88,1685378171,3145083867.25,5.3509,1,-2.6596,0
2024-11-05,sh.600010,1.8,2.01,1.79,2.01,1.83,2200956775,4327507763.76,6.9878,1,9.8361,0
2024-11-06,sh.600010,2.0,2.2,1.98,2.16,2.01,2978111949,6253128066.14,9.4552,1,7.4627,0
2024-11-07,sh.600010,2.1,2.19,2.05,2.13,2.16,1843685687,3888650870.26,5.8535,1,-1.3889,0
2024-11-08,sh.600010,2.13,2.33,2.09,2.2,2.13,1913293562,4244229652.19,6.0745,1,3.2864,0
2024-11-11,sh.600010,2.2,2.24,2.13,2.16,2.2,1260651705,2726152773.21,4.0024,1,-1.8182,0
2024-11-12,sh.600010,2.15,2.15,2.04,2.07,2.16,1181403045,2466529486.09,3.7508,1,-4.1667,0
2024-11-13,sh.600010,2.05,2.15,2.04,2.07,2.07,835502790,1745523181.69,2.6526,1,0.0,0
2024-11-14,sh.600010,2.05,2.06,1.95,1.96,2.07,928530325,1855150764.42,2.948,1,-5.314,0
2024-11-15,sh.600010,1.95,1.98,1.89,1.9,1.96,655656071,1267917966.22,2.0816,1,-3.0612,0
2024-11-18,sh.600010,1.91,2.0,1.91,1.92,1.9,844365557,1645401284.8,2.6808,1,1.0526,0
2024-11-19,sh.600010,1.91,1.93,1.85,1.92,1.92,681104167,1287094848.78,2.1624,1,0.0,0
2024-11-20,sh.600010,1.91,1.95,1.9,1.94,1.92,476580441,919813963.33,1.5131,1,1.0417,0
2024-11-21,sh.600010,1.93,1.94,1.9,1.92,1.94,402134107,771046466.17,1.2767,1,-1.0309,0
2024-11-22,sh.600010,1.95,2.0,1.9,1.94,1.92,979322004,1912634640.46,3.1092,1,1.0417,0
2024-11-25,sh.600010,1.93,2.04,1.91,1.99,1.94,921663060,1831729825.55,2.9262,1,2.5773,0
2024-11-26,sh.600010,1.98,2.02,1.95,1.96,1.99,515865807,1015304411.16,1.6378,1,-1.5075,0
2024-11-27,sh.600010,1.95,1.96,1.86,1.93,1.96,614817942,1166838938.16,1.952,1,-1.5306,0
2024-11-28,sh.600010,1.92,1.95,1.91,1.93,1.93,441232574,850277631.05,1.4009,1,0.0,0
2024-11-29,sh.600010,1.92,1.94,1.88,1.92,1.93,445802959,851896600.09,1.4154,1,-0.5181,0
2024-12-02,sh.600010,1.91,1.99,1.91,1.98,1.92,713194509,1395871012.03,2.2643,1,3.125,0
2024-12-03,sh.600010,1.97,2.0,1.95,1.97,1.98,514334649,1012153999.02,1.633,1,-0.5051,0
2024-12-04,sh.600010,2.0,2.03,1.96,1.97,1.97,658339619,1309748015.25,2.0902,1,0.0,0
2024-12-05,sh.600010,1.96,1.98,1.94,1.97,1.97,428684690,839665789.9,1.361,1,0.0,0
2024-12-06,sh.600010,1.97,2.07,1.96,2.05,1.97,1051813562,2123997754.37,3.3394,1,4.0609,0
2024-12-09,sh.600010,2.08,2.15,2.01,2.03,2.05,961768382,1986880454.25,3.0535,1,-0.9756,0
2024-12-10,sh.600010,2.11,2.21,2.04,2.1,2.03,1370973916,2910866729.94,4.3527,1,3.4483,0
2024-12-11,sh.600010,2.07,2.15,2.05,2.11,2.1,968302325,2038917289.98,3.0743,1,0.4762,0
2024-12-12,sh.600010,2.11,2.12,2.03,2.06,2.11,815348890,1685088253.06,2.5886,1,-2.3697,0
2024-12-13,sh.600010,2.05,2.08,2.0,2.01,2.06,636211113,1288954882.91,2.0199,1,-2.4272,0
2024-12-16,sh.600010,2.01,2.01,1.98,1.98,2.01,372089762,740154313.09,1.1813,1,-1.4925,0
2024-12-17,sh.600010,1.98,1.99,1.94,1.95,1.98,393696933,769954530.05,1.2499,1,-1.5152,0
2024-12-18,sh.600010,1.95,2.0,1.95,1.98,1.95,372269920,737267979.0,1.1819,1,1.5385,0
2024-12-19,sh.600010,1.96,1.97,1.93,1.96,1.98,379249328,739260339.75,1.2041,1,-1.0101,0
2024-12-20,sh.600010,1.96,1.97,1.94,1.95,1.96,283254803,552425850.28,0.8993,1,-0.5102,0
2024-12-23,sh.600010,1.95,1.95,1.9,1.9,1.95,371174688,713375202.31,1.1784,1,-2.5641,0
2024-12-24,sh.600010,1.9,1.92,1.9,1.92,1.9,251710564,481011506.08,0.7992,1,1.0526,0
2024-12-25,sh.600010,1.92,1.93,1.88,1.89,1.92,280669076,532632874.09,0.8911,1,-1.5625,0
2024-12-26,sh.600010,1.89,1.91,1.89,1.89,1.89,192186415,364836445.15,0.6102,1,0.0,0
2024-12-27,sh.600010,1.89,1.95,1.89,1.92,1.89,409256535,786753579.88,1.2993,1,1.5873,0
2024-12-30,sh.600010,1.92,1.92,1.89,1.9,1.92,288825655,549041885.75,0.917,1,-1.0417,0
2024-12-31,sh.600010,1.9,1.91,1.86,1.86,1.9,317389360,597087359.8,1.0077,1,-2.1053,0
2025-01-02,sh.600010,1.86,1.88,1.8,1.81,1.86,423627237,779031988.82,1.345,1,-2.6882,0
2025-01-03,sh.600010,1.82,1.84,1.76,1.78,1.81,450381737,812040009.93,1.4299,1,-1.6575,0
2025-01-06,sh.600010,1.78,1.84,1.76,1.8,1.78,393642106,707160599.78,1.2498,1,1.1236,0
2025-01-07,sh.600010,1.8,1.85,1.79,1.83,1.8,371400174,678411089.53,1.1792,1,1.6667,0
2025-01-08,sh.600010,1.82,1.83,1.75,1.8,1.83,392583660,701669658.27,1.2464,1,-1.6393,0
2025-01-09,sh.600010,1.79,1.82,1.78,1.79,1.8,235435790,423686073.4,0.7475,1,-0.5556,0
2025-01-10,sh.600010,1.8,1.82,1.77,1.77,1.79,302112937,540912675.09,0.9592,1,-1.1173,0
2025-01-13,sh.600010,1.76,1.8,1.75,1.79,1.77,272715188,484682819.24,0.8658,1,1.1299,0
2025-01-14,sh.600010,1.79,1.85,1.78,1.84,1.79,412265728,750060380.83,1.3089,1,2.7933,0
2025-01-15,sh.600010,1.83,1.85,1.8,1.82,1.84,337387655,614106234.73,1.0712,1,-1.087,0
2025-01-16,sh.600010,1.83,1.86,1.8,1.82,1.82,384235766,704273792.92,1.2199,1,0.0,0
2025-01-17,sh.600010,1.82,1.83,1.79,1.82,1.82,273587180,495674663.0,0.8686,1,0.0,0
2025-01-20,sh.600010,1.83,1.84,1.8,1.8,1.82,252823183,457790756.0,0.8027,1,-1.0989,0
2025-01-21,sh.600010,1.81,1.82,1.78,1.78,1.8,201356720,360229851.6,0.6393,1,-1.1111,0
2025-01-22,sh.600010,1.79,1.79,1.76,1.77,1.78,202339462,358899120.57,0.6424,1,-0.5618,0
2025-01-23,sh.600010,1.79,1.82,1.77,1.77,1.77,318863735,572421704.27,1.0124,1,0.0,0
2025-01-24,sh.600010,1.77,1.81,1.76,1.8,1.77,377506457,675130634.16,1.1985,1,1.6949,0
2025-01-27,sh.600010,1.8,1.86,1.77,1.78,1.8,450405590,816028337.2,1.43,1,-1.1111,0
2025-02-05,sh.600010,1.8,1.84,1.78,1.81,1.78,369135393,668351492.13,1.172,1,1.6854,0
2025-02-06,sh.600010,1.81,1.89,1.8,1.87,1.81,729228696,1347084906.19,2.3152,1,3.3149,0
2025-02-07,sh.600010,1.86,1.9,1.85,1.89,1.87,523263136,982823169.68,1.6613,1,1.0695,0
2025-02-10,sh.600010,1.89,1.92,1.87,1.89,1.89,411751643,777928639.64,1.3073,1,0.0,0
2025-02-11,sh.600010,1.89,1.89,1.85,1.86,1.89,370609230,690815416.6,1.1766,1,-1.5873,0
2025-02-12,sh.600010,1.86,1.87,1.83,1.85,1.86,308103388,568841809.32,0.9782,1,-0.5376,0
2025-02-13,sh.600010,1.86,1.87,1.84,1.84,1.85,322705903,597272420.43,1.0246,1,-0.5405,0
2025-02-14,sh.600010,1.84,1.85,1.81,1.82,1.84,335024797,611867550.35,1.0637,1,-1.087,0
2025-02-17,sh.600010,1.81,1.84,1.81,1.82,1.82,339686049,619375221.11,1.0785,1,0.0,0
2025-02-18,sh.600010,1.82,1.83,1.78,1.78,1.82,342923385,616603893.5,1.0887,1,-2.1978,0
2025-02-19,sh.600010,1.78,1.8,1.77,1.8,1.78,260769487,466798547.53,0.8279,1,1.1236,0
2025-02-20,sh.600010,1.81,1.92,1.81,1.86,1.8,848721873,1588010988.49,2.6946,1,3.3333,0
2025-02-21,sh.600010,1.85,1.9,1.83,1.84,1.86,469399215,871981756.46,1.4903,1,-1.0753,0
2025-02-24,sh.600010,1.84,1.88,1.84,1.85,1.84,338521662,627907474.9,1.0748,1,0.5435,0
2025-02-25,sh.600010,1.84,1.87,1.82,1.85,1.85,400637353,738339899.36,1.272,1,0.0,0
2025-02-26,sh.600010,1.86,1.92,1.85,1.91,1.85,804522730,1524739062.3,2.5543,1,3.2432,0
2025-02-27,sh.600010,1.91,1.92,1.84,1.86,1.91,535395400,1000223027.17,1.6998,1,-2.6178,0
2025-02-28,sh.600010,1.85,1.87,1.81,1.81,1.86,391823476,720341118.24,1.244,1,-2.6882,0
2025-03-03,sh.600010,1.84,1.88,1.83,1.84,1.81,482051331,893595605.7,1.5305,1,1.6575,0
2025-03-04,sh.600010,1.85,1.9,1.84,1.87,1.84,582440041,1091797142.18,1.8492,1,1.6304,0
2025-03-05,sh.600010,1.86,1.87,1.82,1.84,1.87,440369645,809296087.16,1.4033,1,-1.6043,0
2025-03-06,sh.600010,1.84,1.86,1.83,1.84,1.84,321484835,591920062.6,1.0245,1,0.0,0
2025-03-07,sh.600010,1.84,1.88,1.83,1.86,1.84,470075754,874508756.83,1.498,1,1.087,0
2025-03-10,sh.600010,1.86,1.87,1.83,1.86,1.86,369493506,681045867.01,1.1775,1,0.0,0
2025-03-11,sh.600010,1.84,1.91,1.83,1.91,1.86,777236240,1463724157.0,2.4768,1,2.6882,0
2025-03-12,sh.600010,1.91,1.97,1.89,1.9,1.91,661264115,1274719218.05,2.1072,1,-0.5236,0
2025-03-13,sh.600010,1.9,1.97,1.88,1.91,1.9,680104891,1307752205.23,2.1673,1,0.5263,0
2025-03-14,sh.600010,1.93,1.94,1.87,1.9,1.91,527804209,1000013779.32,1.6819,1,-0.5236,0
2025-03-17,sh.600010,1.9,1.93,1.88,1.89,1.9,477156468,907374086.91,1.5205,1,-0.5263,0
2025-03-18,sh.600010,1.89,1.91,1.88,1.89,1.89,375506623,709508534.44,1.1966,1,0.0,0
2025-03-19,sh.600010,1.88,1.89,1.86,1.87,1.89,321396838,601189275.48,1.0242,1,-1.0582,0
2025-03-20,sh.600010,1.86,1.89,1.86,1.87,1.87,292567176,548537940.12,0.9323,1,0.0,0
2025-03-21,sh.600010,1.86,1.89,1.85,1.86,1.87,376018238,702542967.92,1.1982,1,-0.5348,0
2025-03-24,sh.600010,1.86,1.87,1.83,1.85,1.86,380100293,701569552.32,1.2113,1,-0.5376,0
2025-03-25,sh.600010,1.85,1.88,1.84,1.86,1.85,318061981,592365631.06,1.0136,1,0.5405,0
2025-03-26,sh.600010,1.87,1.89,1.85,1.87,1.86,339744954,636794942.07,1.0827,1,0.5376,0
2025-03-27,sh.600010,1.87,1.87,1.84,1.85,1.87,313485642,580621431.05,0.999,1,-1.0695,0
2025-03-28,sh.600010,1.85,1.86,1.81,1.83,1.85,428856564,783578612.85,1.3666,1,-1.0811,0
2025-03-31,sh.600010,1.82,1.83,1.78,1.79,1.83,351782123,632377703.04,1.121,1,-2.1858,0
2025-04-01,sh.600010,1.79,1.81,1.79,1.8,1.79,205008940,369019428.81,0.6533,1,0.5587,0
2025-04-02,sh.600010,1.8,1.81,1.79,1.79,1.8,160283265,288164039.7,0.5108,1,-0.5556,0
2025-04-03,sh.600010,1.79,1.81,1.78,1.8,1.79,193430729,348004315.4,0.6164,1,0.5587,0
2025-04-07,sh.600010,1.78,1.79,1.62,1.65,1.8,792821766,1333607769.49,2.5265,1,-8.3333,0
2025-04-08,sh.600010,1.64,1.72,1.63,1.71,1.65,572028579,960100198.77,1.8229,1,3.6364,0
2025-04-09,sh.600010,1.68,1.75,1.63,1.75,1.71,596600036,1011721157.8,1.9012,1,2.3392,0
2025-04-10,sh.600010,1.75,1.78,1.73,1.76,1.75,428576111,754673467.74,1.3657,1,0.5714,0
2025-04-11,sh.600010,1.76,1.81,1.75,1.78,1.76,479134137,851959665.18,1.5268,1,1.1364,0
2025-04-14,sh.600010,1.78,1.8,1.76,1.77,1.78,304315986,541914042.03,0.9698,1,-0.5618,0
2025-04-15,sh.600010,1.77,1.78,1.73,1.75,1.77,269218007,470940307.41,0.8579,1,-1.1299,0
2025-04-16,sh.600010,1.75,1.76,1.73,1.76,1.75,245104445,427633293.0,0.7811,1,0.5714,0
2025-04-17,sh.600010,1.75,1.77,1.74,1.77,1.76,200719612,353206692.9,0.6396,1,0.5682,0
2025-04-18,sh.600010,1.76,1.77,1.74,1.76,1.77,145647129,255234327.55,0.4641,1,-0.565,0
2025-04-21,sh.600010,1.77,1.82,1.76,1.79,1.76,383509822,689375994.98,1.2221,1,1.7045,0
2025-04-22,sh.600010,1.8,1.81,1.78,1.78,1.79,184194712,329676335.36,0.587,1,-0.5587,0
2025-04-23,sh.600010,1.79,1.8,1.76,1.77,1.78,233052651,413397274.07,0.7427,1,-0.5618,0
2025-04-24,sh.600010,1.77,1.78,1.75,1.76,1.77,181259714,319994987.82,0.5776,1,-0.565,0
2025-04-25,sh.600010,1.77,1.8,1.76,1.79,1.76,259201008,461233259.89,0.826,1,1.7045,0
2025-04-28,sh.600010,1.78,1.8,1.77,1.78,1.79,220058863,391690429.71,0.7013,1,-0.5587,0
2025-04-29,sh.600010,1.77,1.78,1.75,1.76,1.78,252918270,445945322.18,0.806,1,-1.1236,0
2025-04-30,sh.600010,1.76,1.77,1.73,1.73,1.76,208550750,363334506.7,0.6646,1,-1.7045,0
2025-05-06,sh.600010,1.75,1.85,1.74,1.83,1.73,748862448,1353027730.84,2.3864,1,5.7803,0
2025-05-07,sh.600010,1.84,1.85,1.8,1.83,1.83,389945743,709777848.43,1.2426,1,0.0,0
2025-05-08,sh.600010,1.82,1.83,1.81,1.82,1.83,224837408,408768343.28,0.7165,1,-0.5464,0
2025-05-09,sh.600010,1.82,1.82,1.79,1.8,1.82,259449329,466911109.31,0.8268,1,-1.0989,0
2025-05-12,sh.600010,1.8,1.82,1.78,1.81,1.8,311755695,560229060.48,0.9935,1,0.5556,0
2025-05-13,sh.600010,1.82,1.83,1.79,1.8,1.81,235804923,424573474.86,0.7514,1,-0.5525,0
2025-05-14,sh.600010,1.79,1.83,1.78,1.81,1.8,373597354,676408301.54,1.1905,1,0.5556,0
2025-05-15,sh.600010,1.81,1.84,1.8,1.81,1.81,415575752,755992093.28,1.3243,1,0.0,0
2025-05-16,sh.600010,1.8,1.81,1.78,1.8,1.81,303169778,544103285.22,0.9661,1,-0.5525,0
2025-05-19,sh.600010,1.79,1.8,1.78,1.79,1.8,180834487,323670461.28,0.5763,1,-0.5556,0
2025-05-20,sh.600010,1.79,1.8,1.78,1.79,1.79,182552440,326630275.6,0.5817,1,0.0,0
2025-05-21,sh.600010,1.79,1.8,1.78,1.78,1.79,164005860,293116580.2,0.5226,1,-0.5587,0
2025-05-22,sh.600010,1.78,1.79,1.75,1.76,1.78,274314346,485090838.02,0.8741,1,-1.1236,0
2025-05-23,sh.600010,1.76,1.77,1.74,1.75,1.76,178634809,313840238.55,0.5692,1,-0.5682,0
2025-05-26,sh.600010,1.75,1.76,1.74,1.75,1.75,156269806,273706547.9,0.498,1,0.0,0
2025-05-27,sh.600010,1.76,1.76,1.74,1.75,1.75,113679811,198690468.52,0.3623,1,0.0,0
2025-05-28,sh.600010,1.75,1.76,1.73,1.74,1.75,151205507,263081969.11,0.4818,1,-0.5714,0
2025-05-29,sh.600010,1.74,1.76,1.73,1.75,1.74,169983282,297235425.58,0.5417,1,0.5747,0
2025-05-30,sh.600010,1.75,1.76,1.73,1.74,1.75,145107726,252659519.78,0.4624,1,-0.5714,0
2025-06-03,sh.600010,1.74,1.75,1.73,1.73,1.74,177059881,307485266.13,0.5642,1,-0.5747,0
2025-06-04,sh.600010,1.73,1.77,1.73,1.76,1.73,287260339,503649958.45,0.9154,1,1.7341,0
2025-06-05,sh.600010,1.76,1.77,1.74,1.75,1.76,216695058,380365685.5,0.6905,1,-0.5682,0
2025-06-06,sh.600010,1.75,1.76,1.74,1.75,1.75,161024360,281783556.6,0.5131,1,0.0,0
2025-06-09,sh.600010,1.76,1.8,1.76,1.79,1.75,451660994,803371048.86,1.4393,1,2.2857,0
2025-06-10,sh.600010,1.79,1.79,1.76,1.77,1.79,277253550,491489496.7,0.8835,1,-1.1173,0
2025-06-11,sh.600010,1.77,1.86,1.76,1.83,1.77,754437463,1370528928.95,2.4041,1,3.3898,0
2025-06-12,sh.600010,1.82,1.87,1.81,1.84,1.83,631417452,1159200439.36,2.0121,1,0.5464,0
2025-06-13,sh.600010,1.84,1.85,1.8,1.81,1.84,402750504,731637319.16,1.2834,1,-1.6304,0
2025-06-16,sh.600010,1.81,1.85,1.8,1.82,1.81,331083642,603363810.44,1.0551,1,0.5525,0
2025-06-17,sh.600010,1.82,1.83,1.8,1.81,1.82,268017090,486158251.13,0.8541,1,-0.5495,0
2025-06-18,sh.600010,1.81,1.81,1.77,1.77,1.81,260939375,465430890.38,0.8315,1,-2.2099,0
2025-06-19,sh.600010,1.77,1.78,1.74,1.74,1.77,297813300,522298101.8,0.949,1,-1.6949,0
2025-06-20,sh.600010,1.75,1.76,1.73,1.74,1.74,222908224,388674067.32,0.7103,1,0.0,0
2025-06-23,sh.600010,1.73,1.76,1.73,1.75,1.74,200605244,350593478.8,0.6393,1,0.5747,0
2025-06-24,sh.600010,1.75,1.77,1.74,1.77,1.75,222731165,392405235.4,0.7098,1,1.1429,0
2025-06-25,sh.600010,1.77,1.8,1.76,1.79,1.77,329658870,588691897.99,1.0505,1,1.1299,0
2025-06-26,sh.600010,1.79,1.8,1.77,1.77,1.79,212469029,379103269.74,0.6771,1,-1.1173,0
2025-06-27,sh.600010,1.78,1.82,1.77,1.77,1.77,364333714,652585381.74,1.161,1,0.0,0
2025-06-30,sh.600010,1.78,1.8,1.77,1.79,1.77,274532902,491462728.75,0.8748,1,1.1299,0
2025-07-01,sh.600010,1.79,1.8,1.77,1.79,1.79,229984560,410562170.6,0.7329,1,0.0,0
2025-07-02,sh.600010,1.79,1.84,1.78,1.83,1.79,584236081,1059217747.36,1.8618,1,2.2346,0
2025-07-03,sh.600010,1.82,1.83,1.79,1.82,1.83,384818285,696821545.84,1.2263,1,-0.5464,0
2025-07-04,sh.600010,1.82,1.85,1.81,1.81,1.82,353826255,646643062.95,1.1275,1,-0.5495,0
2025-07-07,sh.600010,1.81,1.82,1.79,1.8,1.81,226981474,409247807.35,0.7233,1,-0.5525,0
2025-07-08,sh.600010,1.8,1.85,1.79,1.84,1.8,548866062,1003243261.43,1.7491,1,2.2222,0
2025-07-09,sh.600010,1.85,1.86,1.81,1.82,1.84,401397823,735047669.86,1.2791,1,-1.087,0
2025-07-10,sh.600010,1.86,1.94,1.84,1.9,1.82,1261843648,2381912897.81,4.0211,1,4.3956,0
2025-07-11,sh.600010,1.99,2.09,1.97,2.09,1.9,1395559825,2862864852.46,4.4472,1,10.0,0
2025-07-14,sh.600010,2.2,2.29,2.1,2.12,2.09,2897175492,6321177806.24,9.2323,1,1.4354,0
2025-07-15,sh.600010,2.12,2.16,2.01,2.03,2.12,1720292948,3555552761.61,5.482,1,-4.2453,0
2025-07-16,sh.600010,2.03,2.05,1.98,2.0,2.03,1054865998,2117121756.21,3.3615,1,-1.4778,0
2025-07-17,sh.600010,1.99,2.04,1.97,2.01,2.0,904222458,1807937896.16,2.8815,1,0.5,0
2025-07-18,sh.600010,2.02,2.2,2.01,2.14,2.01,2164730862,4591689416.5,6.8983,1,6.4677,0
2025-07-21,sh.600010,2.15,2.25,2.15,2.2,2.14,1930482298,4251690201.22,6.1518,1,2.8037,0
2025-07-22,sh.600010,2.19,2.23,2.16,2.19,2.2,1348697865,2955466324.41,4.2978,1,-0.4545,0
2025-07-23,sh.600010,2.19,2.41,2.17,2.29,2.19,2732266155,6352205820.4,8.7068,1,4.5662,0
2025-07-24,sh.600010,2.24,2.52,2.22,2.52,2.29,2693263068,6569046505.63,8.5825,1,10.0437,0
2025-07-25,sh.600010,2.59,2.64,2.43,2.47,2.52,3341242453,8385899848.14,10.6474,1,-1.9841,0
2025-07-28,sh.600010,2.5,2.58,2.47,2.52,2.47,2122111937,5346001474.78,6.7625,1,2.0243,0
2025-07-29,sh.600010,2.51,2.71,2.48,2.65,2.52,2375568780,6208287486.7,7.5701,1,5.1587,0
2025-07-30,sh.600010,2.75,2.92,2.66,2.92,2.65,3617746433,10191375884.09,11.5285,1,10.1887,0
2025-07-31,sh.600010,2.89,2.9,2.67,2.69,2.92,3131253719,8581661901.05,9.9782,1,-7.8767,0
2025-08-01,sh.600010,2.61,2.66,2.52,2.53,2.69,2151444151,5542951784.44,6.8559,1,-5.948,0
2025-08-04,sh.600010,2.49,2.56,2.47,2.51,2.53,1283880047,3223533331.51,4.0913,1,-0.7905,0
2025-08-05,sh.600010,2.5,2.62,2.5,2.59,2.51,1552419201,4003159689.13,4.947,1,3.1873,0
2025-08-06,sh.600010,2.59,2.61,2.51,2.53,2.59,1241883857,3149996236.81,3.9575,1,-2.3166,0
2025-08-07,sh.600010,2.54,2.67,2.43,2.62,2.53,2175528945,5505766284.68,6.9327,1,3.5573,0
2025-08-08,sh.600010,2.56,2.61,2.53,2.58,2.62,1272242526,3270159941.43,4.0542,1,-1.5267,0
2025-08-11,sh.600010,2.62,2.64,2.56,2.57,2.58,1116829459,2884795756.5,3.559,1,-0.3876,0
2025-08-12,sh.600010,2.55,2.56,2.5,2.51,2.57,1023918844,2574589625.67,3.2629,1,-2.3346,0
2025-08-13,sh.600010,2.51,2.53,2.49,2.51,2.51,928453890,2329024596.5,2.9587,1,0.0,0
2025-08-14,sh.600010,2.51,2.54,2.49,2.5,2.51,1088158727,2735926360.0,3.4676,1,-0.3984,0
2025-08-15,sh.600010,2.47,2.55,2.47,2.51,2.5,1123459802,2825212615.04,3.5801,1,0.4,0
2025-08-18,sh.600010,2.54,2.72,2.5,2.68,2.51,2322474483,6113620456.56,7.4009,1,6.7729,0
2025-08-19,sh.600010,2.68,2.75,2.63,2.66,2.68,1934510472,5172038854.94,6.1646,1,-0.7463,0
2025-08-20,sh.600010,2.63,2.72,2.58,2.64,2.66,1501253428,3967837295.52,4.784,1,-0.7519,0
2025-08-21,sh.600010,2.62,2.82,2.61,2.68,2.64,1910885998,5189160895.33,6.0893,1,1.5152,0
2025-08-22,sh.600010,2.67,2.77,2.66,2.72,2.68,1835188556,5003484828.41,5.8481,1,1.4925,0
2025-08-25,sh.600010,2.75,2.99,2.73,2.99,2.72,2122825075,6195590906.83,6.7647,1,9.9265,0
2025-08-26,sh.600010,2.99,2.99,2.77,2.77,2.99,3060638346,8678786108.63,9.7532,1,-7.3579,0
2025-08-27,sh.600010,2.78,2.9,2.74,2.79,2.77,2518928302,7099385671.87,8.027,1,0.722,0
2025-08-28,sh.600010,2.75,2.89,2.74,2.8,2.79,1979121775,5555558410.99,6.3068,1,0.3584,0
2025-08-29,sh.600010,2.81,2.92,2.78,2.79,2.8,2061454621,5832630758.57,6.5692,1,-0.3571,0
2025-09-01,sh.600010,2.81,2.81,2.69,2.75,2.79,1680290498,4601052091.1,5.3545,1,-1.4337,0
2025-09-02,sh.600010,2.72,2.73,2.62,2.65,2.75,1477122770,3929679297.78,4.7071,1,-3.6364,0
2025-09-03,sh.600010,2.65,2.68,2.53,2.56,2.65,1242908835,3222673197.83,3.9607,1,-3.3962,0
2025-09-04,sh.600010,2.54,2.57,2.39,2.44,2.56,1301310750,3228887962.05,4.1468,1,-4.6875,0
2025-09-05,sh.600010,2.43,2.49,2.39,2.48,2.44,1005364022,2457878592.42,3.2038,1,1.6393,0
2025-09-08,sh.600010,2.48,2.52,2.45,2.46,2.48,811492085,2008740397.79,2.586,1,-0.8065,0
2025-09-09,sh.600010,2.45,2.5,2.43,2.44,2.46,883767330,2174633377.94,2.8163,1,-0.813,0
2025-09-10,sh.600010,2.42,2.48,2.41,2.43,2.44,756111129,1845135221.01,2.4095,1,-0.4098,0
2025-09-11,sh.600010,2.43,2.49,2.4,2.48,2.43,969037702,2376883178.49,3.088,1,2.0576,0
2025-09-12,sh.600010,2.48,2.54,2.46,2.52,2.48,1215258718,3043145779.13,3.8726,1,1.6129,0
2025-09-15,sh.600010,2.52,2.56,2.49,2.51,2.52,826010180,2076089416.76,2.6322,1,-0.3968,0
2025-09-16,sh.600010,2.51,2.52,2.43,2.5,2.51,947906147,2335167905.62,3.0207,1,-0.3984,0
2025-09-17,sh.600010,2.46,2.48,2.44,2.48,2.5,645526710,1590457176.18,2.0571,1,-0.8,0
2025-09-18,sh.600010,2.47,2.49,2.39,2.41,2.48,944021483,2307925350.96,3.0083,1,-2.8226,0
2025-09-19,sh.600010,2.41,2.45,2.38,2.38,2.41,624673649,1503851671.25,1.9906,1,-1.2448,0
2025-09-22,sh.600010,2.38,2.39,2.33,2.38,2.38,673645572,1591271567.72,2.1467,1,0.0,0
2025-09-23,sh.600010,2.37,2.38,2.27,2.3,2.38,792701007,1831435514.19,2.5261,1,-3.3613,0
2025-09-24,sh.600010,2.3,2.34,2.28,2.31,2.3,500058362,1156651157.3,1.5935,1,0.4348,0
2025-09-25,sh.600010,2.31,2.34,2.3,2.31,2.31,517376410,1198485994.79,1.6487,1,0.0,0
2025-09-26,sh.600010,2.31,2.35,2.28,2.28,2.31,547396568,1266707754.97,1.7444,1,-1.2987,0
2025-09-29,sh.600010,2.28,2.35,2.26,2.34,2.28,785547125,1816910547.67,2.5033,1,2.6316,0
2025-09-30,sh.600010,2.34,2.42,2.34,2.38,2.34,785505317,1870868763.92,2.5031,1,1.7094,0
2025-10-09,sh.600010,2.46,2.61,2.42,2.58,2.38,1936841828,4935404093.07,6.1721,1,8.4034,0
2025-10-10,sh.600010,2.56,2.56,2.49,2.54,2.58,1271309241,3219211172.42,4.0512,1,-1.5504,0
2025-10-13,sh.600010,2.79,2.79,2.7,2.79,2.54,2559651612,7104522818.35,8.1567,1,9.8425,0
2025-10-14,sh.600010,2.93,3.07,2.88,2.91,2.79,5171252926,15530844264.92,16.479,1,4.3011,0
2025-10-15,sh.600010,2.92,2.98,2.67,2.77,2.91,3463425238,9691838230.54,11.0368,1,-4.811,0
2025-10-16,sh.600010,2.72,2.82,2.68,2.73,2.77,1807763489,4970662944.26,5.7607,1,-1.444,0
2025-10-17,sh.600010,2.73,2.89,2.7,2.71,2.73,2230219201,6212598233.0,7.107,1,-0.7326,0
2025-10-20,sh.600010,2.7,2.72,2.62,2.66,2.71,1550008820,4127225071.02,4.9394,1,-1.845,0
2025-10-21,sh.600010,2.64,2.69,2.62,2.67,2.66,995777684,2650982149.68,3.1732,1,0.3759,0
2025-10-22,sh.600010,2.63,2.66,2.59,2.63,2.67,900241800,2365740177.34,2.8688,1,-1.4981,0
2025-10-23,sh.600010,2.63,2.66,2.58,2.64,2.63,723302394,1892717975.12,2.3049,1,0.3802,0
2025-10-24,sh.600010,2.64,2.67,2.62,2.63,2.64,824563926,2177256300.97,2.6276,1,-0.3788,0
2025-10-27,sh.600010,2.64,2.69,2.64,2.67,2.63,1061326591,2834982588.65,3.3821,1,1.5209,0
2025-10-28,sh.600010,2.67,2.68,2.58,2.59,2.67,1106462296,2891745169.99,3.5259,1,-2.9963,0
2025-10-29,sh.600010,2.58,2.62,2.56,2.62,2.59,701438551,1816986140.04,2.2352,1,1.1583,0
2025-10-30,sh.600010,2.6,2.72,2.59,2.62,2.62,1474414050,3903383585.27,4.6985,1,0.0,0
2025-10-31,sh.600010,2.6,2.6,2.54,2.54,2.62,1067446678,2733654068.78,3.4016,1,-3.0534,0
2025-11-03,sh.600010,2.75,2.76,2.63,2.66,2.54,1853231834,4984648275.93,5.9056,1,4.7244,0
2025-11-04,sh.600010,2.67,2.87,2.66,2.8,2.66,2513930847,7001107019.3,8.011,1,5.2632,0
2025-11-05,sh.600010,2.73,2.74,2.67,2.72,2.8,1614812284,4367496122.04,5.1459,1,-2.8571,0
2025-11-06,sh.600010,2.72,2.75,2.69,2.72,2.72,1183174446,3217091264.87,3.7704,1,0.0,0
2025-11-07,sh.600010,2.71,2.74,2.68,2.7,2.72,881943840,2385993344.64,2.8105,1,-0.7353,0
2025-11-10,sh.600010,2.7,2.72,2.66,2.67,2.7,879231198,2356303335.05,2.8018,1,-1.1111,0
2025-11-11,sh.600010,2.66,2.68,2.62,2.64,2.67,704491987,1858710434.63,2.245,1,-1.1236,0
2025-11-12,sh.600010,2.63,2.64,2.59,2.6,2.64,615702208,1606104256.75,1.962,1,-1.5152,0
2025-11-13,sh.600010,2.6,2.65,2.59,2.64,2.6,769410957,2022682069.71,2.4519,1,1.5385,0
2025-11-14,sh.600010,2.62,2.68,2.6,2.65,2.64,785175518,2071832516.41,2.5021,1,0.3788,0
2025-11-17,sh.600010,2.65,2.68,2.62,2.63,2.65,603456328,1594917902.52,1.923,1,-0.7547,0
2025-11-18,sh.600010,2.62,2.63,2.54,2.55,2.63,836273524,2149731236.65,2.6649,1,-3.0418,0
2025-11-19,sh.600010,2.55,2.56,2.51,2.56,2.55,656567726,1664458641.2,2.0923,1,0.3922,0
2025-11-20,sh.600010,2.55,2.58,2.53,2.53,2.56,469649157,1198186153.4,1.4966,1,-1.1719,0
2025-11-21,sh.600010,2.5,2.51,2.41,2.41,2.53,766809345,1878194463.05,2.4436,1,-4.7431,0
2025-11-24,sh.600010,2.42,2.45,2.4,2.44,2.41,521503789,1264117058.23,1.6619,1,1.2448,0
2025-11-25,sh.600010,2.44,2.47,2.43,2.45,2.44,363902971,890910060.54,1.1596,1,0.4098,0
2025-11-26,sh.600010,2.44,2.45,2.42,2.42,2.45,328847713,800480569.22,1.0479,1,-1.2245,0
2025-11-27,sh.600010,2.42,2.44,2.41,2.42,2.42,284792288,690826827.88,0.9075,1,0.0,0
2025-11-28,sh.600010,2.41,2.44,2.38,2.43,2.42,431105256,1040277720.41,1.3738,1,0.4132,0
2025-12-01,sh.600010,2.44,2.5,2.43,2.49,2.43,630211885,1561118731.72,2.0083,1,2.4691,0
2025-12-02,sh.600010,2.48,2.49,2.43,2.45,2.49,420955835,1030071236.08,1.3414,1,-1.6064,0
2025-12-03,sh.600010,2.45,2.47,2.43,2.44,2.45,414023784,1015097239.44,1.3194,1,-0.4082,0
2025-12-04,sh.600010,2.44,2.45,2.41,2.42,2.44,318150518,772086911.16,1.0138,1,-0.8197,0
2025-12-05,sh.600010,2.42,2.48,2.41,2.47,2.42,467162764,1141370172.39,1.4887,1,2.0661,0
2025-12-08,sh.600010,2.46,2.47,2.44,2.45,2.47,397072283,973641923.0,1.2653,1,-0.8097,0
2025-12-09,sh.600010,2.44,2.45,2.4,2.41,2.45,432673121,1045530837.33,1.3788,1,-1.6327,0
2025-12-10,sh.600010,2.4,2.41,2.38,2.4,2.41,312587231,747811421.27,0.9961,1,-0.4149,0
2025-12-11,sh.600010,2.41,2.42,2.36,2.36,2.4,400479824,954964757.42,1.2762,1,-1.6667,0
2025-12-12,sh.600010,2.37,2.4,2.36,2.39,2.36,402611023,959393878.17,1.283,1,1.2712,0
2025-12-15,sh.600010,2.39,2.41,2.37,2.38,2.39,288655784,690510794.16,0.9198,1,-0.4184,0
2025-12-16,sh.600010,2.38,2.39,2.31,2.32,2.38,461647844,1075339975.89,1.4711,1,-2.521,0
2025-12-17,sh.600010,2.31,2.36,2.3,2.35,2.32,398470031,926375810.58,1.2698,1,1.2931,0
2025-12-18,sh.600010,2.34,2.37,2.33,2.34,2.35,275743003,646979203.0,0.8787,1,-0.4255,0
2025-12-19,sh.600010,2.34,2.38,2.33,2.37,2.34,417889336,987903474.19,1.3317,1,1.2821,0
2025-12-22,sh.600010,2.37,2.42,2.37,2.4,2.37,418230712,1004443014.36,1.3328,1,1.2658,0
2025-12-23,sh.600010,2.4,2.41,2.37,2.38,2.4,427037568,1018600034.71,1.3608,1,-0.8333,0
2025-12-24,sh.600010,2.38,2.39,2.36,2.38,2.38,341679754,811956607.99,1.0888,1,0.0,0
2025-12-25,sh.600010,2.38,2.4,2.37,2.39,2.38,301286390,719068542.06,0.9601,1,0.4202,0
2025-12-26,sh.600010,2.39,2.42,2.38,2.4,2.39,409424172,983394566.94,1.3047,1,0.4184,0
2025-12-29,sh.600010,2.41,2.43,2.39,2.4,2.4,388099737,933421160.42,1.2367,1,0.0,0
2025-12-30,sh.600010,2.38,2.4,2.36,2.38,2.4,377598638,900028667.91,1.2033,1,-0.8333,0
2025-12-31,sh.600010,2.38,2.4,2.37,2.38,2.38,335108376,798200375.97,1.0679,1,0.0,0
2026-01-05,sh.600010,2.39,2.44,2.39,2.43,2.38,646644703,1566572912.17,2.0606,1,2.1008,0
2026-01-06,sh.600010,2.43,2.52,2.43,2.52,2.43,950651999,2369929152.52,3.0294,1,3.7037,0
2026-01-07,sh.600010,2.56,2.62,2.52,2.58,2.52,1490283955,3831775653.51,4.749,1,2.381,0
2026-01-08,sh.600010,2.55,2.57,2.52,2.53,2.58,812469072,2064255221.28,2.5891,1,-1.938,0
2026-01-09,sh.600010,2.53,2.6,2.52,2.6,2.53,900157379,2319669744.66,2.8685,1,2.7668,0
2026-01-12,sh.600010,2.68,2.71,2.64,2.69,2.6,1696480847,4533256469.28,5.4061,1,3.4615,0
2026-01-13,sh.600010,2.68,2.68,2.58,2.61,2.69,1009669806,2653148802.11,3.2175,1,-2.974,0
2026-01-14,sh.600010,2.59,2.64,2.53,2.54,2.61,1250794689,3237465214.26,3.9859,1,-2.682,0
2026-01-15,sh.600010,2.54,2.6,2.53,2.54,2.54,760268773,1948069070.39,2.4227,1,0.0,0
2026-01-16,sh.600010,2.55,2.6,2.48,2.5,2.54,1150444599,2913118180.23,3.6661,1,-1.5748,0
2026-01-19,sh.600010,2.25,2.41,2.25,2.37,2.5,2097965611,4917868879.27,6.6855,1,-5.2,0
2026-01-20,sh.600010,2.33,2.4,2.31,2.37,2.37,1287090864,3021951266.42,4.1015,1,0.0,0
2026-01-21,sh.600010,2.36,2.5,2.36,2.43,2.37,1298251324,3166385403.36,4.1371,1,2.5316,0
2026-01-22,sh.600010,2.44,2.63,2.43,2.49,2.43,2235893752,5653310243.94,7.125,1,2.4691,0
2026-01-23,sh.600010,2.49,2.58,2.47,2.58,2.49,1337620653,3381855860.54,4.2625,1,3.6145,0
2026-01-26,sh.600010,2.59,2.62,2.54,2.57,2.58,1065841692,2747354635.39,3.3965,1,-0.3876,0
2026-01-27,sh.600010,2.57,2.62,2.5,2.54,2.57,956197546,2428994676.54,3.0471,1,-1.1673,0
2026-01-28,sh.600010,2.53,2.63,2.48,2.6,2.54,1471757813,3769882211.56,4.69,1,2.3622,0
2026-01-29,sh.600010,2.62,2.74,2.57,2.68,2.6,2532542582,6736208668.91,8.0704,1,3.0769,0
2026-01-30,sh.600010,2.6,2.6,2.43,2.51,2.68,2106351949,5258026036.83,6.7122,1,-6.3433,0
2026-02-02,sh.600010,2.42,2.45,2.34,2.36,2.51,1256493049,3012269333.89,4.004,1,-5.9761,0
2026-02-03,sh.600010,2.39,2.46,2.36,2.45,2.36,907998551,2180252972.78,2.8935,1,3.8136,0
2026-02-04,sh.600010,2.44,2.47,2.43,2.46,2.45,666459551,1634033579.42,2.1238,1,0.4082,0
2026-02-05,sh.600010,2.43,2.45,2.38,2.39,2.46,646445570,1553264820.94,2.06,1,-2.8455,0
2026-02-06,sh.600010,2.37,2.42,2.35,2.38,2.39,592857938,1413871539.32,1.8892,1,-0.4184,0
2026-02-09,sh.600010,2.41,2.55,2.4,2.53,2.38,1568941777,3901226189.47,4.9997,1,6.3025,0
2026-02-10,sh.600010,2.54,2.63,2.53,2.61,2.53,1582202746,4091318411.67,5.0419,1,3.1621,0
2026-02-11,sh.600010,2.59,2.71,2.58,2.67,2.61,1476176176,3922632884.52,4.7041,1,2.2989,0
2026-02-12,sh.600010,2.65,2.7,2.63,2.68,2.67,1141586721,3050506046.56,3.6379,1,0.3745,0
2026-02-13,sh.600010,2.64,2.66,2.59,2.62,2.68,1005991234,2631508981.57,3.2058,1,-2.2388,0
2026-02-24,sh.600010,2.68,2.7,2.62,2.66,2.62,1023484584,2726255344.72,3.2615,1,1.5267,0
2026-02-25,sh.600010,2.67,2.93,2.66,2.93,2.66,2076299789,5880190532.45,6.6165,1,10.1504,0
2026-02-26,sh.600010,3.0,3.0,2.89,2.98,2.93,3099828415,9126965812.65,9.8781,1,1.7065,0
2026-02-27,sh.600010,2.96,3.28,2.95,3.24,2.98,4077861966,13033075613.91,12.9948,1,8.7248,0
2026-03-02,sh.600010,3.25,3.41,3.13,3.32,3.24,3360457181,11021266194.14,10.7086,1,2.4691,0
2026-03-03,sh.600010,3.27,3.31,2.99,3.01,3.32,2832596171,8824403310.73,9.0265,1,-9.3373,0
2026-03-04,sh.600010,2.96,3.25,2.95,3.09,3.01,2160187298,6710149583.2,6.8838,1,2.6578,0
2026-03-05,sh.600010,3.15,3.24,3.06,3.1,3.09,1548720987,4834324286.61,4.9353,1,0.3236,0
2026-03-06,sh.600010,3.07,3.12,2.98,3.06,3.1,1311051614,3993949461.5,4.1779,1,-1.2903,0
2026-03-09,sh.600010,3.0,3.05,2.96,3.04,3.06,1183476715,3555293342.47,3.7713,1,-0.6536,0
2026-03-10,sh.600010,3.07,3.09,3.01,3.03,3.04,1229807149,3740403747.6,3.919,1,-0.3289,0
2026-03-11,sh.600010,3.0,3.03,2.93,2.96,3.03,1241787454,3682075300.53,3.9572,1,-2.3102,0
2026-03-12,sh.600010,2.95,2.97,2.92,2.95,2.96,824592245,2428306110.29,2.6277,1,-0.3378,0
2026-03-13,sh.600010,2.93,3.0,2.84,2.87,2.95,1445408936,4227243400.88,4.606,1,-2.7119,0
2026-03-16,sh.600010,2.85,2.87,2.72,2.82,2.87,1293733907,3604420682.24,4.1227,1,-1.7422,0
2026-03-17,sh.600010,2.82,2.87,2.76,2.78,2.82,808377437,2279511469.11,2.576,1,-1.4184,0
2026-03-18,sh.600010,2.78,2.79,2.7,2.75,2.78,689134831,1887465862.22,2.196,1,-1.0791,0
2026-03-19,sh.600010,2.7,2.71,2.59,2.61,2.75,979843836,2586761069.78,3.1224,1,-5.0909,0
2026-03-20,sh.600010,2.62,2.64,2.53,2.54,2.61,755233000,1952533699.2,2.4067,1,-2.682,0
2026-03-23,sh.600010,2.48,2.56,2.44,2.47,2.54,929154840,2317372456.28,2.9609,1,-2.7559,0
2026-03-24,sh.600010,2.51,2.53,2.45,2.51,2.47,764577814,1897878188.26,2.4365,1,1.6194,0
2026-03-25,sh.600010,2.54,2.59,2.53,2.58,2.51,882961703,2261878599.36,2.8137,1,2.7888,0
2026-03-26,sh.600010,2.57,2.58,2.49,2.5,2.58,627537166,1586003302.22,1.9997,1,-3.1008,0
2026-03-27,sh.600010,2.47,2.56,2.46,2.55,2.5,597350187,1512814032.9,1.9036,1,2.0,0
2026-03-30,sh.600010,2.52,2.57,2.49,2.56,2.55,605427080,1530737865.54,1.9293,1,0.3922,0
2026-03-31,sh.600010,2.56,2.58,2.5,2.51,2.56,624338820,1583932846.12,1.9896,1,-1.9531,0
2026-04-01,sh.600010,2.55,2.68,2.51,2.63,2.51,1428524407,3713937282.61,4.5522,1,4.7809,0
2026-04-02,sh.600010,2.6,2.67,2.57,2.62,2.63,1104007382,2881502856.73,3.5181,1,-0.3802,0
2026-04-03,sh.600010,2.62,2.75,2.6,2.66,2.62,1427485150,3822131531.27,4.5489,1,1.5267,0
2026-04-07,sh.600010,2.66,2.8,2.64,2.79,2.66,1388861015,3780326285.89,4.4258,1,4.8872,0
2026-04-08,sh.600010,2.81,2.84,2.76,2.83,2.79,1387315439,3893039680.81,4.4209,1,1.4337,0
2026-04-09,sh.600010,2.8,2.91,2.78,2.87,2.83,1178855552,3369375128.36,3.7566,1,1.4134,0
2026-04-10,sh.600010,2.92,2.94,2.8,2.83,2.87,1224082580,3487580784.25,3.9007,1,-1.3937,0
2026-04-13,sh.600010,2.95,3.07,2.89,2.98,2.83,2230811179,6627322590.74,7.1088,1,5.3004,0
2026-04-14,sh.600010,2.96,2.97,2.8,2.86,2.98,1840911292,5259858785.72,5.8664,1,-4.0268,0
2026-04-15,sh.600010,2.84,2.91,2.82,2.82,2.86,980678451,2800934635.45,3.1251,1,-1.3986,0
2026-04-16,sh.600010,2.82,2.88,2.82,2.88,2.82,923633091,2632929962.85,2.9433,1,2.1277,0
2026-04-17,sh.600010,2.86,2.9,2.85,2.86,2.88,702690139,2016684973.62,2.2392,1,-0.6944,0
2026-04-20,sh.600010,2.84,2.9,2.77,2.88,2.86,1129012050,3208662185.44,3.5978,1,0.6993,0
2026-04-21,sh.600010,2.87,2.9,2.85,2.87,2.88,695318630,1996620362.81,2.2157,1,-0.3472,0
2026-04-22,sh.600010,2.86,2.92,2.83,2.9,2.87,839910041,2413011460.21,2.6765,1,1.0453,0
2026-04-23,sh.600010,2.89,2.89,2.76,2.77,2.9,1188651519,3329544611.8,3.7878,1,-4.4828,0
2026-04-24,sh.600010,2.76,2.76,2.7,2.74,2.77,667440728,1821022136.52,2.1269,1,-1.083,0
2026-04-27,sh.600010,2.73,2.75,2.68,2.7,2.74,579494043,1570387641.7,1.8467,1,-1.4599,0
2026-04-28,sh.600010,2.69,2.77,2.66,2.74,2.7,757043815,2061234035.67,2.4124,1,1.4815,0
2026-04-29,sh.600010,2.6,2.79,2.56,2.76,2.74,1449326217,3920623535.29,4.6185,1,0.7299,0
2026-04-30,sh.600010,2.74,2.76,2.69,2.7,2.76,870216220,2361024154.35,2.7731,1,-2.1739,0
2026-05-06,sh.600010,2.72,2.83,2.7,2.82,2.7,1158670258,3215515370.97,3.6923,1,4.4444,0
2026-05-07,sh.600010,2.81,2.85,2.77,2.8,2.82,714667222,1998644666.59,2.2774,1,-0.7092,0
2026-05-08,sh.600010,2.8,2.8,2.72,2.77,2.8,718600317,1982250260.74,2.2899,1,-1.0714,0
2026-05-11,sh.600010,2.79,2.9,2.78,2.88,2.77,1404850290,4021090354.22,4.4768,1,3.9711,0
2026-05-12,sh.600010,2.88,2.89,2.75,2.77,2.88,1061617974,2965783971.94,3.383,1,-3.8194,0
2026-05-13,sh.600010,2.75,2.82,2.74,2.8,2.77,750545184,2094374370.39,2.3917,1,1.083,0
2026-05-14,sh.600010,2.78,2.8,2.68,2.68,2.8,823585544,2243922796.59,2.6245,1,-4.2857,0
2026-05-15,sh.600010,2.69,2.75,2.65,2.65,2.68,856247006,2296095527.34,2.7286,1,-1.1194,0
2026-05-18,sh.600010,2.63,2.64,2.58,2.59,2.65,537828196,1401281133.27,1.7139,1,-2.2642,0
2026-05-19,sh.600010,2.59,2.62,2.56,2.61,2.59,499887806,1292984522.2,1.593,1,0.7722,0
2026-05-20,sh.600010,2.6,2.64,2.56,2.6,2.61,505860325,1312667075.2,1.612,1,-0.3831,0
2026-05-21,sh.600010,2.6,2.63,2.53,2.54,2.6,616388213,1592531877.48,1.9642,1,-2.3077,0
2026-05-22,sh.600010,2.52,2.55,2.5,2.53,2.54,506650336,1279276268.15,1.6145,1,-0.3937,0
2026-05-25,sh.600010,2.54,2.57,2.51,2.53,2.53,502127662,1271199515.22,1.6033,1,0.0,0
2026-05-26,sh.600010,2.52,2.52,2.46,2.48,2.53,714543020,1772347484.55,2.2816,1,-1.9763,0
2026-05-27,sh.600010,2.47,2.48,2.37,2.38,2.48,752001258,1814268099.22,2.4012,1,-4.0323,0
2026-05-28,sh.600010,2.38,2.44,2.36,2.43,2.38,625905125,1502781843.52,1.9985,1,2.1008,0
2026-05-29,sh.600010,2.42,2.44,2.35,2.36,2.43,595433754,1420747462.42,1.9012,1,-2.8807,0
2026-06-01,sh.600010,2.36,2.39,2.36,2.37,2.36,348981608,828871325.87,1.1143,1,0.4237,0
2026-06-02,sh.600010,2.37,2.39,2.32,2.37,2.37,486499889,1147366388.65,1.5534,1,0.0,0
2026-06-03,sh.600010,2.36,2.46,2.35,2.41,2.37,672770558,1622788096.98,2.1482,1,1.6878,0
2026-06-04,sh.600010,2.39,2.43,2.36,2.42,2.41,529214691,1267467542.85,1.6898,1,0.4149,0
2026-06-05,sh.600010,2.4,2.45,2.4,2.42,2.42,564712526,1372791634.06,1.8031,1,0.0,0
2026-06-08,sh.600010,2.38,2.42,2.33,2.33,2.42,592968024,1403532278.62,1.8934,1,-3.719,0
2026-06-09,sh.600010,2.34,2.39,2.33,2.37,2.33,502369136,1182842526.84,1.6041,1,1.7167,0
2026-06-10,sh.600010,2.35,2.39,2.3,2.32,2.37,579252332,1355546432.12,1.8496,1,-2.1097,0
2026-06-11,sh.600010,2.3,2.33,2.27,2.31,2.32,463448718,1066351878.58,1.4798,1,-0.431,0
2026-06-12,sh.600010,2.34,2.44,2.33,2.39,2.31,893429203,2133300057.59,2.8527,1,3.4632,0
2026-06-15,sh.600010,2.42,2.45,2.38,2.41,2.39,664610615,1604426644.79,2.1221,1,0.8368,0
2026-06-16,sh.600010,2.4,2.51,2.38,2.47,2.41,957075412,2359463187.4,3.056,1,2.4896,0
2026-06-17,sh.600010,2.44,2.45,2.39,2.4,2.47,634471271,1531766170.88,2.0259,1,-2.834,0
2026-06-18,sh.600010,2.39,2.49,2.38,2.43,2.4,698867569,1700635999.09,2.2315,1,1.25,0
2026-06-22,sh.600010,2.44,2.52,2.4,2.52,2.43,1295532083,3197591214.83,4.1367,1,3.7037,0
2026-06-23,sh.600010,2.5,2.51,2.33,2.35,2.52,1249113158,3009561689.1,3.9885,1,-6.746,0
2026-06-24,sh.600010,2.33,2.35,2.3,2.33,2.35,513991001,1193317821.73,1.6412,1,-0.8511,0
2026-06-25,sh.600010,2.32,2.33,2.28,2.29,2.33,504531050,1160150361.38,1.611,1,-1.7167,0
