date,code,open,high,low,close,preclose,volume,amount,turn,tradestatus,pctChg,isST
2012-01-04,sh.600016,2.19203355,2.19571764,2.15519265,2.15887674,2.16992901,70526871,415385326.0,0.312237,1,-0.5093,0
2012-01-05,sh.600016,2.15887674,2.23255854,2.15519265,2.19940173,2.15887674,164240688,983763396.0,0.727128,1,1.8771,0
2012-01-06,sh.600016,2.19940173,2.23255854,2.18834946,2.22150627,2.19940173,103442709,619191358.0,0.457962,1,1.005,0
2012-01-09,sh.600016,2.21413809,2.2841358,2.20676991,2.27676762,2.22150627,186985475,1143391635.0,0.827823,1,2.4876,0
2012-01-10,sh.600016,2.28045171,2.29887216,2.25834717,2.29518807,2.27676762,178081907,1102145671.0,0.788406,1,0.8091,0
2012-01-11,sh.600016,2.29150398,2.30255625,2.26939944,2.27308353,2.29518807,93949807,581992529.0,0.415935,1,-0.9631,0
2012-01-12,sh.600016,2.26939944,2.3209767,2.26571535,2.29518807,2.27308353,135617720,846758328.0,0.600408,1,0.9724,0
2012-01-13,sh.600016,2.29518807,2.32466079,2.26939944,2.29518807,2.29518807,134864435,841730867.0,0.597073,1,0.0,0
2012-01-16,sh.600016,2.28045171,2.30992443,2.26939944,2.27676762,2.29518807,75163221,467583621.0,0.332763,1,-0.8026,0
2012-01-17,sh.600016,2.28045171,2.33939715,2.23255854,2.33571306,2.27676762,192902657,1200940085.0,0.85402,1,2.589,0
2012-01-18,sh.600016,2.32466079,2.34308124,2.29887216,2.30624034,2.33571306,91847825,578363631.0,0.406629,1,-1.2618,0
2012-01-19,sh.600016,2.31729261,2.37623805,2.29887216,2.37255396,2.30624034,166922025,1065433850.0,0.738998,1,2.8754,0
2012-01-20,sh.600016,2.3946585,2.41307895,2.3578176,2.40571077,2.37255396,166880702,1081917516.0,0.738815,1,1.3975,0
2012-01-30,sh.600016,2.40939486,2.41307895,2.34308124,2.35044942,2.40571077,141160194,910829649.0,0.624945,1,-2.2971,0
2012-01-31,sh.600016,2.35413351,2.37992214,2.34308124,2.36518578,2.35044942,70546631,451691810.0,0.312325,1,0.627,0
2012-02-01,sh.600016,2.35413351,2.37623805,2.31360852,2.31729261,2.36518578,96910689,615890304.0,0.429044,1,-2.0249,0
2012-02-02,sh.600016,2.32466079,2.3946585,2.31360852,2.39097441,2.31729261,139284882,891355845.0,0.616643,1,3.1797,0
2012-02-03,sh.600016,2.37992214,2.42781531,2.37623805,2.41307895,2.39097441,149273063,974835685.0,0.660863,1,0.9245,0
2012-02-06,sh.600016,2.41307895,2.43886758,2.39097441,2.40939486,2.41307895,123127023,804658738.0,0.545109,1,-0.1527,0
2012-02-07,sh.600016,2.3946585,2.3946585,2.35413351,2.36886987,2.40939486,110649454,712873937.0,0.489868,1,-1.682,0
2012-02-08,sh.600016,2.36886987,2.43518349,2.3578176,2.4314994,2.36886987,139801969,912881979.0,0.618932,1,2.6439,0
2012-02-09,sh.600016,2.42781531,2.43518349,2.40571077,2.41307895,2.4314994,97501338,640754762.0,0.431659,1,-0.7576,0
2012-02-10,sh.600016,2.40571077,2.43518349,2.38729032,2.3946585,2.41307895,127104745,831105365.0,0.562719,1,-0.7634,0
2012-02-13,sh.600016,2.36518578,2.39834259,2.34676533,2.36518578,2.3946585,136547775,878230121.0,0.604525,1,-1.2308,0
2012-02-14,sh.600016,2.36150169,2.36518578,2.33939715,2.36150169,2.36518578,92936456,593085616.0,0.411449,1,-0.1558,0
2012-02-15,sh.600016,2.35413351,2.38729032,2.34676533,2.36518578,2.36150169,104801472,673198723.0,0.463978,1,0.156,0
2012-02-16,sh.600016,2.36518578,2.37623805,2.34308124,2.3578176,2.36518578,111173115,712176614.0,0.492186,1,-0.3115,0
2012-02-17,sh.600016,2.37623805,2.37992214,2.3578176,2.37255396,2.3578176,70394819,453121419.0,0.311652,1,0.625,0
2012-02-20,sh.600016,2.41307895,2.42044713,2.37255396,2.38360623,2.37255396,120743795,785612796.0,0.534558,1,0.4658,0
2012-02-21,sh.600016,2.38360623,2.3946585,2.35044942,2.38360623,2.38360623,93483898,601557330.0,0.413873,1,0.0,0
2012-02-22,sh.600016,2.37992214,2.39097441,2.35413351,2.38360623,2.38360623,137090584,882125318.0,0.606928,1,0.0,0
2012-02-23,sh.600016,2.37992214,2.38729032,2.36150169,2.37623805,2.38360623,132825901,855496952.0,0.588048,1,-0.3091,0
2012-02-24,sh.600016,2.37992214,2.40939486,2.36150169,2.40571077,2.37623805,211027275,1364752284.0,0.934262,1,1.2403,0
2012-02-27,sh.600016,2.40939486,2.42413122,2.3946585,2.3946585,2.40571077,187409964,1226089530.0,0.829703,1,-0.4594,0
2012-02-28,sh.600016,2.38729032,2.44255167,2.38729032,2.42781531,2.3946585,203280867,1336723536.0,0.899967,1,1.3846,0
2012-02-29,sh.600016,2.42781531,2.43886758,2.40939486,2.42781531,2.42781531,114859041,755909923.0,0.508505,1,0.0,0
2012-03-01,sh.600016,2.41676304,2.43886758,2.41307895,2.42781531,2.42781531,74648819,491895278.0,0.330486,1,0.0,0
2012-03-02,sh.600016,2.42413122,2.4683403,2.42044713,2.46465621,2.42781531,166655874,1108448703.0,0.73782,1,1.5175,0
2012-03-05,sh.600016,2.4683403,2.47202439,2.42413122,2.4314994,2.46465621,161121723,1072368030.0,0.713319,1,-1.3453,0
2012-03-06,sh.600016,2.42781531,2.4314994,2.38729032,2.39097441,2.4314994,132397353,864213998.0,0.586151,1,-1.6667,0
2012-03-07,sh.600016,2.37992214,2.3946585,2.36150169,2.36150169,2.39097441,90563118,584460721.0,0.400942,1,-1.2327,0
2012-03-08,sh.600016,2.37623805,2.38729032,2.36150169,2.36886987,2.36150169,110751816,713403168.0,0.490321,1,0.312,0
2012-03-09,sh.600016,2.37255396,2.38729032,2.3578176,2.38360623,2.36886987,102735881,661137069.0,0.454833,1,0.6221,0
2012-03-12,sh.600016,2.37255396,2.37992214,2.33202897,2.35044942,2.38360623,149324074,953119660.0,0.661089,1,-1.391,0
2012-03-13,sh.600016,2.34676533,2.38360623,2.34308124,2.37623805,2.35044942,95822222,616339972.0,0.424225,1,1.0972,0
2012-03-14,sh.600016,2.38360623,2.40571077,2.33939715,2.34308124,2.37623805,199154805,1283026442.0,0.8817,1,-1.3953,0
2012-03-15,sh.600016,2.34676533,2.37992214,2.33939715,2.34308124,2.34308124,139873922,895466364.0,0.619251,1,0.0,0
2012-03-16,sh.600016,2.34308124,2.3578176,2.32466079,2.34676533,2.34308124,115687082,735037123.0,0.512171,1,0.1572,0
2012-03-19,sh.600016,2.34676533,2.34676533,2.3209767,2.33202897,2.34676533,96547742,610554770.0,0.427437,1,-0.6279,0
2012-03-20,sh.600016,2.32466079,2.33202897,2.2841358,2.2841358,2.33202897,122726919,765520745.0,0.543338,1,-2.0537,0
2012-03-21,sh.600016,2.29887216,2.30624034,2.27308353,2.2841358,2.2841358,112566694,699525789.0,0.498356,1,0.0,0
2012-03-22,sh.600016,2.28781989,2.33202897,2.28045171,2.30992443,2.2841358,104675085,654985429.0,0.463418,1,1.129,0
2012-03-23,sh.600016,2.3209767,2.33939715,2.30624034,2.3209767,2.30992443,135479583,853703207.0,0.599796,1,0.4785,0
2012-03-26,sh.600016,2.3209767,2.3209767,2.3209767,2.3209767,2.3209767,0,0.0,,0,0.0,0
2012-03-27,sh.600016,2.33571306,2.34676533,2.30992443,2.32466079,2.3209767,107247316,676108225.0,0.474806,1,0.1587,0
2012-03-28,sh.600016,2.3209767,2.3209767,2.26203126,2.28045171,2.32466079,129950574,808772714.0,0.575318,1,-1.9017,0
2012-03-29,sh.600016,2.27676762,2.28045171,2.23992672,2.25466308,2.28045171,139580192,856707288.0,0.61795,1,-1.1309,0
2012-03-30,sh.600016,2.25834717,2.31360852,2.25834717,2.30992443,2.25466308,132762711,825802004.0,0.587768,1,2.451,0
2012-04-05,sh.600016,2.28781989,2.3209767,2.26939944,2.30992443,2.30992443,137454551,857085756.0,0.60854,1,0.0,0
2012-04-06,sh.600016,2.30255625,2.31729261,2.28045171,2.31360852,2.30992443,97721020,609066118.0,0.432631,1,0.1595,0
2012-04-09,sh.600016,2.30255625,2.30624034,2.27308353,2.27676762,2.31360852,69324501,430117618.0,0.306914,1,-1.5924,0
2012-04-10,sh.600016,2.27676762,2.27676762,2.27676762,2.27676762,2.27676762,0,0.0,,0,0.0,0
2012-04-11,sh.600016,2.28781989,2.30992443,2.28045171,2.30255625,2.27676762,145165073,904461057.0,0.642676,1,1.1327,0
2012-04-12,sh.600016,2.29887216,2.3578176,2.29150398,2.35413351,2.30255625,151595797,958740594.0,0.671146,1,2.24,0
2012-04-13,sh.600016,2.3578176,2.36150169,2.33939715,2.35413351,2.35413351,101340150,646649088.0,0.448654,1,0.0,0
2012-04-16,sh.600016,2.34308124,2.36150169,2.33939715,2.35044942,2.35413351,54966547,350366299.0,0.243348,1,-0.1565,0
2012-04-17,sh.600016,2.35413351,2.3578176,2.33571306,2.33939715,2.35044942,63753666,405797562.0,0.282251,1,-0.4702,0
2012-04-18,sh.600016,2.35044942,2.38360623,2.33939715,2.37255396,2.33939715,99775126,640681889.0,0.441725,1,1.4173,0
2012-04-19,sh.600016,2.36518578,2.38729032,2.36150169,2.37623805,2.37255396,74002706,477392645.0,0.327625,1,0.1553,0
2012-04-20,sh.600016,2.37255396,2.41307895,2.36886987,2.41307895,2.37623805,103536590,674425480.0,0.458378,1,1.5504,0
2012-04-23,sh.600016,2.40571077,2.41676304,2.38729032,2.38729032,2.41307895,85122017,554499336.0,0.376853,1,-1.0687,0
2012-04-24,sh.600016,2.38729032,2.4683403,2.38360623,2.42413122,2.38729032,210406557,1387249351.0,0.931513,1,1.5432,0
2012-04-25,sh.600016,2.42413122,2.44623576,2.40939486,2.42781531,2.42413122,86213466,567346356.0,0.381685,1,0.152,0
2012-04-26,sh.600016,2.44623576,2.46097212,2.41307895,2.4314994,2.42781531,112711209,744097704.0,0.498996,1,0.1517,0
2012-04-27,sh.600016,2.44255167,2.46465621,2.43518349,2.44991985,2.4314994,122416241,814439572.0,0.541962,1,0.7576,0
2012-05-02,sh.600016,2.48307666,2.52360165,2.4683403,2.5051812,2.44991985,243517965,1651386809.0,1.078105,1,2.2556,0
2012-05-03,sh.600016,2.5051812,2.5051812,2.5051812,2.5051812,2.5051812,0,0.0,,0,0.0,0
2012-05-04,sh.600016,2.49412893,2.51991756,2.4683403,2.51254938,2.5051812,170153903,1152718401.0,0.753307,1,0.2941,0
2012-05-07,sh.600016,2.49781302,2.51991756,2.48676075,2.51254938,2.51254938,129704681,881218550.0,0.57423,1,0.0,0
2012-05-08,sh.600016,2.5051812,2.51623347,2.47570848,2.49412893,2.51254938,143911302,975890686.0,0.637125,1,-0.7331,0
2012-05-09,sh.600016,2.48307666,2.49412893,2.46097212,2.47570848,2.49412893,127697057,858097019.0,0.565341,1,-0.7386,0
2012-05-10,sh.600016,2.47202439,2.48307666,2.43518349,2.44991985,2.47570848,104619711,698567016.0,0.463173,1,-1.0417,0
2012-05-11,sh.600016,2.44623576,2.47570848,2.44255167,2.44623576,2.44991985,66689385,445406768.0,0.295248,1,-0.1504,0
2012-05-14,sh.600016,2.46465621,2.4683403,2.43886758,2.43886758,2.44623576,89206117,593977418.0,0.394934,1,-0.3012,0
2012-05-15,sh.600016,2.4314994,2.43886758,2.40571077,2.42413122,2.43886758,95922791,629786631.0,0.42467,1,-0.6042,0
2012-05-16,sh.600016,2.42413122,2.42413122,2.36518578,2.37992214,2.42413122,96380282,626985804.0,0.426695,1,-1.8237,0
2012-05-17,sh.600016,2.37992214,2.42781531,2.37255396,2.41307895,2.37992214,80879554,527294065.0,0.358071,1,1.3932,0
2012-05-18,sh.600016,2.3946585,2.40571077,2.37623805,2.3946585,2.41307895,89305898,579815003.0,0.395376,1,-0.7634,0
2012-05-21,sh.600016,2.38729032,2.42781531,2.38729032,2.41676304,2.3946585,66183957,433091879.0,0.29301,1,0.9231,0
2012-05-22,sh.600016,2.4314994,2.45360394,2.41676304,2.44623576,2.41676304,69664038,460921324.0,0.308417,1,1.2195,0
2012-05-23,sh.600016,2.44255167,2.44623576,2.40202668,2.41307895,2.44623576,70750346,465308493.0,0.313226,1,-1.3554,0
2012-05-24,sh.600016,2.41307895,2.41676304,2.34308124,2.3578176,2.41307895,149143078,962694261.0,0.660287,1,-2.2901,0
2012-05-25,sh.600016,2.36150169,2.36518578,2.31360852,2.33202897,2.3578176,129567260,820637379.0,0.573621,1,-1.0938,0
2012-05-28,sh.600016,2.32834488,2.36150169,2.31729261,2.3578176,2.33202897,106006694,673434823.0,0.469314,1,1.1058,0
2012-05-29,sh.600016,2.3578176,2.39097441,2.33571306,2.38360623,2.3578176,115147484,738332453.0,0.509782,1,1.0938,0
2012-05-30,sh.600016,2.37992214,2.37992214,2.33939715,2.36518578,2.38360623,111367679,711903354.0,0.493048,1,-0.7728,0
2012-05-31,sh.600016,2.34676533,2.3578176,2.33939715,2.34676533,2.36518578,63659215,405909715.0,0.281833,1,-0.7788,0
2012-06-01,sh.600016,2.34676533,2.36150169,2.33202897,2.33571306,2.34676533,85792039,545354337.0,0.379819,1,-0.471,0
2012-06-04,sh.600016,2.31360852,2.31729261,2.26571535,2.26939944,2.33571306,117021619,729094463.0,0.518079,1,-2.8391,0
2012-06-05,sh.600016,2.28045171,2.31360852,2.25834717,2.29887216,2.26939944,98406019,611414895.0,0.435664,1,1.2987,0
2012-06-06,sh.600016,2.29887216,2.33571306,2.29887216,2.31729261,2.29887216,73418676,461977169.0,0.32504,1,0.8013,0
2012-06-07,sh.600016,2.33939715,2.35044942,2.31360852,2.32466079,2.31729261,68397956,432317564.0,0.302812,1,0.318,0
2012-06-08,sh.600016,2.3209767,2.3209767,2.22519036,2.23992672,2.32466079,267299383,1630720911.0,1.18339,1,-3.645,0
2012-06-11,sh.600016,2.2472949,2.25097899,2.21782218,2.22887445,2.23992672,114511163,694715924.0,0.506965,1,-0.4934,0
2012-06-12,sh.600016,2.23255854,2.23992672,2.20308582,2.22150627,2.22887445,114636554,690534811.0,0.50752,1,-0.3306,0
2012-06-13,sh.600016,2.22887445,2.25097899,2.21782218,2.2472949,2.22150627,80242679,487440396.0,0.355251,1,1.1609,0
2012-06-14,sh.600016,2.24361081,2.24361081,2.20676991,2.21413809,2.2472949,80871167,488490330.0,0.358033,1,-1.4754,0
2012-06-15,sh.600016,2.21413809,2.21413809,2.21413809,2.21413809,2.21413809,0,0.0,,0,0.0,0
2012-06-18,sh.600016,2.27676762,2.28045171,2.25097899,2.26203126,2.21413809,125152553,769259152.0,0.554076,1,2.1631,0
2012-06-19,sh.600016,2.26571535,2.29887216,2.25834717,2.28781989,2.26203126,111866708,691496341.0,0.495257,1,1.1401,0
2012-06-20,sh.600016,2.29150398,2.32834488,2.28781989,2.30992443,2.28781989,94087364,590924727.0,0.416544,1,0.9662,0
2012-06-21,sh.600016,2.31360852,2.31360852,2.27676762,2.29887216,2.30992443,66800802,415379808.0,0.295741,1,-0.4785,0
2012-06-25,sh.600016,2.2841358,2.3209767,2.2841358,2.30624034,2.29887216,145128284,909893383.0,0.642513,1,0.3205,0
2012-06-26,sh.600016,2.30623988,2.32558753,2.29850082,2.31010941,2.30623988,69251467,413714024.0,0.306591,1,0.1678,0
2012-06-27,sh.600016,2.31010941,2.32558753,2.27141411,2.28689223,2.31010941,73217112,434191954.0,0.324147,1,-1.005,0
2012-06-28,sh.600016,2.2830227,2.29076176,2.25593599,2.27141411,2.28689223,62350791,365752449.0,0.27604,1,-0.6768,0
2012-06-29,sh.600016,2.27915317,2.32945706,2.27528364,2.31784847,2.27141411,101744092,607708201.0,0.450442,1,2.0443,0
2012-07-02,sh.600016,2.32558753,2.32945706,2.29463129,2.31397894,2.31784847,59399567,354751021.0,0.262974,1,-0.1669,0
2012-07-03,sh.600016,2.31397894,2.37202189,2.30623988,2.34106565,2.31397894,87509953,530653758.0,0.387425,1,1.1706,0
2012-07-04,sh.600016,2.35267424,2.37976095,2.34106565,2.3604133,2.34106565,70265585,428750039.0,0.31108,1,0.8264,0
2012-07-05,sh.600016,2.35267424,2.3604133,2.33719612,2.35267424,2.3604133,50020783,303495319.0,0.221452,1,-0.3279,0
2012-07-06,sh.600016,2.31397894,2.34493518,2.29076176,2.33719612,2.35267424,114176769,684213320.0,0.505484,1,-0.6579,0
2012-07-09,sh.600016,2.32558753,2.34106565,2.24819693,2.26367505,2.33719612,120380677,713560822.0,0.53295,1,-3.1457,0
2012-07-10,sh.600016,2.26367505,2.2830227,2.25980552,2.27141411,2.26367505,55235954,324336515.0,0.244541,1,0.3419,0
2012-07-11,sh.600016,2.27141411,2.28689223,2.25980552,2.27528364,2.27141411,51338141,301962197.0,0.227285,1,0.1704,0
2012-07-12,sh.600016,2.27141411,2.30237035,2.2443274,2.27915317,2.27528364,91654804,537131919.0,0.405775,1,0.1701,0
2012-07-13,sh.600016,2.27915317,2.33332659,2.27915317,2.31010941,2.27915317,69005715,411372599.0,0.305503,1,1.3582,0
2012-07-16,sh.600016,2.31784847,2.321718,2.28689223,2.29850082,2.31010941,67614764,402660279.0,0.299345,1,-0.5025,0
2012-07-17,sh.600016,2.29463129,2.32945706,2.29463129,2.32558753,2.29850082,71100732,426454161.0,0.314778,1,1.1785,0
2012-07-18,sh.600016,2.32945706,2.32945706,2.27528364,2.30623988,2.32558753,64180339,381513454.0,0.28414,1,-0.8319,0
2012-07-19,sh.600016,2.30237035,2.31397894,2.27528364,2.30237035,2.30623988,65554811,389620096.0,0.290225,1,-0.1678,0
2012-07-20,sh.600016,2.29463129,2.30237035,2.2830227,2.29076176,2.30237035,40600009,240234532.0,0.179745,1,-0.5042,0
2012-07-23,sh.600016,2.27141411,2.27141411,2.2443274,2.25206646,2.29076176,63516336,370288650.0,0.2812,1,-1.6892,0
2012-07-24,sh.600016,2.2443274,2.27141411,2.24045787,2.2443274,2.25206646,52040168,302628972.0,0.230393,1,-0.3436,0
2012-07-25,sh.600016,2.2443274,2.26367505,2.24045787,2.2443274,2.2443274,39274604,228177385.0,0.173877,1,0.0,0
2012-07-26,sh.600016,2.25206646,2.25206646,2.21337116,2.23271881,2.2443274,52589900,303147037.0,0.232826,1,-0.5172,0
2012-07-27,sh.600016,2.24045787,2.29850082,2.23271881,2.26367505,2.23271881,79837953,468251746.0,0.353459,1,1.3865,0
2012-07-30,sh.600016,2.26754458,2.30623988,2.26754458,2.2830227,2.26367505,79298293,469784552.0,0.35107,1,0.8547,0
2012-07-31,sh.600016,2.29463129,2.32945706,2.29076176,2.32558753,2.2830227,114718993,687224431.0,0.507885,1,1.8644,0
2012-08-01,sh.600016,2.32558753,2.34880471,2.30623988,2.32558753,2.32558753,60040358,360565253.0,0.265811,1,0.0,0
2012-08-02,sh.600016,2.321718,2.33719612,2.31784847,2.32945706,2.32558753,60043896,360892283.0,0.265827,1,0.1664,0
2012-08-03,sh.600016,2.33332659,2.33719612,2.31010941,2.31784847,2.32945706,41357627,247982107.0,0.183099,1,-0.4983,0
2012-08-06,sh.600016,2.321718,2.33332659,2.31010941,2.321718,2.31784847,62237534,372966031.0,0.275538,1,0.1669,0
2012-08-07,sh.600016,2.31784847,2.32558753,2.31010941,2.31397894,2.321718,42939118,257148602.0,0.1901,1,-0.3333,0
2012-08-08,sh.600016,2.321718,2.34493518,2.31784847,2.32945706,2.31397894,53881288,324756089.0,0.238544,1,0.6689,0
2012-08-09,sh.600016,2.32945706,2.33719612,2.31784847,2.33332659,2.32945706,36425324,219164497.0,0.161262,1,0.1661,0
2012-08-10,sh.600016,2.34880471,2.37202189,2.33719612,2.34493518,2.33332659,70840691,431373228.0,0.313626,1,0.4975,0
2012-08-13,sh.600016,2.34493518,2.35654377,2.33332659,2.34106565,2.34493518,56161253,340486118.0,0.248638,1,-0.165,0
2012-08-14,sh.600016,2.34106565,2.3604133,2.33719612,2.34880471,2.34106565,40606797,246268914.0,0.179775,1,0.3306,0
2012-08-15,sh.600016,2.34493518,2.35267424,2.29463129,2.30237035,2.34880471,54541743,326303575.0,0.241468,1,-1.9769,0
2012-08-16,sh.600016,2.30237035,2.30623988,2.28689223,2.29463129,2.30237035,31837909,188958984.0,0.140953,1,-0.3361,0
2012-08-17,sh.600016,2.29463129,2.31784847,2.29076176,2.31010941,2.29463129,45189645,268942640.0,0.200064,1,0.6745,0
2012-08-20,sh.600016,2.29463129,2.30237035,2.26754458,2.29076176,2.31010941,30881111,181990573.0,0.136717,1,-0.8375,0
2012-08-21,sh.600016,2.28689223,2.29850082,2.27528364,2.28689223,2.29076176,47828421,282428002.0,0.211746,1,-0.1689,0
2012-08-22,sh.600016,2.2830227,2.2830227,2.25206646,2.26367505,2.28689223,60555266,354588530.0,0.268091,1,-1.0152,0
2012-08-23,sh.600016,2.26754458,2.28689223,2.24819693,2.27528364,2.26367505,51762337,303731888.0,0.229163,1,0.5128,0
2012-08-24,sh.600016,2.2830227,2.2830227,2.26367505,2.27141411,2.27528364,57527247,337841037.0,0.254685,1,-0.1701,0
2012-08-27,sh.600016,2.27141411,2.28689223,2.25593599,2.26367505,2.27141411,62992835,369654584.0,0.278882,1,-0.3407,0
2012-08-28,sh.600016,2.26754458,2.31010941,2.26367505,2.30623988,2.26367505,59997586,355181584.0,0.265622,1,1.8803,0
2012-08-29,sh.600016,2.30237035,2.321718,2.29463129,2.31397894,2.30623988,51170233,305682397.0,0.226541,1,0.3356,0
2012-08-30,sh.600016,2.30237035,2.33332659,2.29850082,2.321718,2.31397894,86467742,519001894.0,0.382811,1,0.334448,0
2012-08-31,sh.600016,2.31784847,2.32558753,2.30623988,2.31010941,2.321718,50533799,302451502.0,0.223724,1,-0.5,0
2012-09-03,sh.600016,2.31407858,2.3220171,2.29423228,2.29423228,2.31010932,65111151,378490910.0,0.288261,1,-0.6873,0
2012-09-04,sh.600016,2.29423228,2.30614006,2.2426319,2.25453968,2.29423228,106403982,607962073.0,0.471072,1,-1.7301,0
2012-09-05,sh.600016,2.25057042,2.25057042,2.13943114,2.17118522,2.25453968,229946446,1257106507.0,1.018021,1,-3.6972,0
2012-09-06,sh.600016,2.183093,2.25850894,2.15927744,2.25453968,2.17118522,234683865,1307072137.0,1.038994,1,3.8391,0
2012-09-07,sh.600016,2.24660116,2.33789414,2.2426319,2.31407858,2.25453968,176289969,1020580411.0,0.780472,1,2.6408,0
2012-09-10,sh.600016,2.31010932,2.31804784,2.27041672,2.28629376,2.31407858,101774461,585456215.0,0.450577,1,-1.2007,0
2012-09-11,sh.600016,2.27438598,2.27835524,2.25057042,2.27835524,2.28629376,42064242,239876253.0,0.186227,1,-0.3472,0
2012-09-12,sh.600016,2.28629376,2.29423228,2.25057042,2.27041672,2.27835524,52896718,302340776.0,0.234185,1,-0.3484,0
2012-09-13,sh.600016,2.25850894,2.26644746,2.2426319,2.25057042,2.27041672,42066406,238996224.0,0.186237,1,-0.8741,0
2012-09-14,sh.600016,2.26644746,2.28629376,2.2426319,2.27835524,2.25057042,62235242,355729671.0,0.275528,1,1.2346,0
2012-09-17,sh.600016,2.27041672,2.27041672,2.2426319,2.2426319,2.27835524,44751814,254415437.0,0.198126,1,-1.5679,0
2012-09-18,sh.600016,2.22675486,2.23469338,2.183093,2.19897004,2.2426319,60451857,336324662.0,0.267633,1,-1.9469,0
2012-09-19,sh.600016,2.19897004,2.20690856,2.183093,2.19103152,2.19897004,42401791,233970785.0,0.187722,1,-0.361,0
2012-09-20,sh.600016,2.183093,2.18706226,2.1632467,2.17118522,2.19103152,60247550,330486453.0,0.266728,1,-0.9058,0
2012-09-21,sh.600016,2.1632467,2.19103152,2.15133892,2.17912374,2.17118522,49295782,270369561.0,0.218243,1,0.3656,0
2012-09-24,sh.600016,2.1632467,2.19500078,2.15133892,2.19500078,2.17912374,65901125,360108796.0,0.291758,1,0.7286,0
2012-09-25,sh.600016,2.18706226,2.19897004,2.17515448,2.17912374,2.19500078,28862297,158921596.0,0.127779,1,-0.7233,0
2012-09-26,sh.600016,2.17118522,2.18706226,2.15530818,2.17118522,2.17912374,25143424,137624133.0,0.111315,1,-0.3643,0
2012-09-27,sh.600016,2.17912374,2.3021708,2.15927744,2.2227856,2.17118522,82694369,462647934.0,0.366105,1,2.3766,0
2012-09-28,sh.600016,2.2029393,2.25057042,2.18706226,2.2426319,2.2227856,77548107,433353829.0,0.343322,1,0.8929,0
2012-10-08,sh.600016,2.23469338,2.25453968,2.21484708,2.23072412,2.2426319,54319790,305955997.0,0.240485,1,-0.531,0
2012-10-09,sh.600016,2.2426319,2.29026302,2.2426319,2.27835524,2.23072412,88116809,504939119.0,0.390111,1,2.1352,0
2012-10-10,sh.600016,2.27835524,2.29026302,2.25850894,2.26644746,2.27835524,51742100,295875332.0,0.229073,1,-0.5226,0
2012-10-11,sh.600016,2.2624782,2.27835524,2.2426319,2.27438598,2.26644746,50904656,290267277.0,0.225365,1,0.3503,0
2012-10-12,sh.600016,2.27835524,2.31010932,2.27835524,2.29423228,2.27438598,72173683,417648937.0,0.319528,1,0.8726,0
2012-10-15,sh.600016,2.3021708,2.30614006,2.27835524,2.29423228,2.29423228,38256077,220684518.0,0.169368,1,0.0,0
2012-10-16,sh.600016,2.29423228,2.31804784,2.28629376,2.31407858,2.29423228,69517388,404252577.0,0.307768,1,0.8651,0
2012-10-17,sh.600016,2.31804784,2.32598636,2.30614006,2.3220171,2.31407858,86603807,505550177.0,0.383413,1,0.3431,0
2012-10-18,sh.600016,2.32598636,2.37361748,2.31804784,2.36567896,2.3220171,112824442,669186797.0,0.499497,1,1.8803,0
2012-10-19,sh.600016,2.3617097,2.381556,2.35774044,2.381556,2.36567896,95275411,570207455.0,0.421804,1,0.67114,0
2012-10-22,sh.600016,2.36964822,2.41727934,2.36567896,2.41727934,2.381556,110366953,666012023.0,0.488617,1,1.5,0
2012-10-23,sh.600016,2.41727934,2.42918712,2.38949452,2.38949452,2.41727934,85007147,516359283.0,0.376344,1,-1.1494,0
2012-10-24,sh.600016,2.381556,2.39743304,2.36567896,2.36567896,2.38949452,71452446,428293074.0,0.316335,1,-0.9967,0
2012-10-25,sh.600016,2.36567896,2.37758674,2.35377118,2.36964822,2.36567896,66287257,395627995.0,0.293467,1,0.1678,0
2012-10-26,sh.600016,2.37361748,2.381556,2.34583266,2.37361748,2.36964822,92988322,553908175.0,0.411679,1,0.1675,0
2012-10-29,sh.600016,2.36567896,2.40537156,2.35774044,2.39346378,2.37361748,69747353,419287177.0,0.308786,1,0.8361,0
2012-10-30,sh.600016,2.38949452,2.40537156,2.3617097,2.36567896,2.39346378,78529303,470737484.0,0.347666,1,-1.1609,0
2012-10-31,sh.600016,2.37361748,2.4014023,2.35377118,2.38949452,2.36567896,80480293,483582301.0,0.356303,1,1.0067,0
2012-11-01,sh.600016,2.38949452,2.4410949,2.38552526,2.39346378,2.38949452,160431622,976304534.0,0.710264,1,0.1661,0
2012-11-02,sh.600016,2.39346378,2.4212486,2.39346378,2.4212486,2.39346378,64237361,390318655.0,0.284392,1,1.1609,0
2012-11-05,sh.600016,2.4212486,2.44903342,2.41331008,2.4410949,2.4212486,75754549,464889060.0,0.335381,1,0.8197,0
2012-11-06,sh.600016,2.4410949,2.44506416,2.41727934,2.4410949,2.4410949,73132858,447637462.0,0.323774,1,0.0,0
2012-11-07,sh.600016,2.43712564,2.44903342,2.41727934,2.44506416,2.4410949,89540207,548660923.0,0.396413,1,0.1626,0
2012-11-08,sh.600016,2.4212486,2.4410949,2.41331008,2.4212486,2.44506416,92993651,568180121.0,0.411702,1,-0.974,0
2012-11-09,sh.600016,2.4212486,2.4410949,2.41331008,2.42521786,2.4212486,51684971,316115536.0,0.22882,1,0.1639,0
2012-11-12,sh.600016,2.42521786,2.47681824,2.42521786,2.47284898,2.42521786,115007170,710095724.0,0.509161,1,1.964,0
2012-11-13,sh.600016,2.46887972,2.47284898,2.41331008,2.43712564,2.47284898,80671924,495110220.0,0.357151,1,-1.4446,0
2012-11-14,sh.600016,2.42918712,2.4609412,2.42521786,2.4410949,2.43712564,69700868,429752698.0,0.30858,1,0.1629,0
2012-11-15,sh.600016,2.43315638,2.44506416,2.41727934,2.43315638,2.4410949,62695600,383810593.0,0.277566,1,-0.3252,0
2012-11-16,sh.600016,2.42521786,2.42918712,2.41331008,2.41727934,2.43315638,73902880,450634927.0,0.327183,1,-0.6525,0
2012-11-19,sh.600016,2.41331008,2.43315638,2.40537156,2.41727934,2.41727934,91697553,559100112.0,0.405964,1,0.0,0
2012-11-20,sh.600016,2.4212486,2.43315638,2.40537156,2.40934082,2.41727934,37982810,231432846.0,0.168158,1,-0.3284,0
2012-11-21,sh.600016,2.40934082,2.42918712,2.4014023,2.42521786,2.40934082,63276307,385078935.0,0.280137,1,0.659,0
2012-11-22,sh.600016,2.41727934,2.43315638,2.40934082,2.43315638,2.42521786,45378358,276698250.0,0.200899,1,0.3273,0
2012-11-23,sh.600016,2.43712564,2.44903342,2.4212486,2.4212486,2.43315638,96343863,591372107.0,0.426534,1,-0.4894,0
2012-11-26,sh.600016,2.4212486,2.4410949,2.41331008,2.43712564,2.4212486,50162949,306662225.0,0.222082,1,0.6557,0
2012-11-27,sh.600016,2.43712564,2.47284898,2.43315638,2.46887972,2.43712564,117924628,731972686.0,0.522077,1,1.3029,0
2012-11-28,sh.600016,2.45300268,2.49269528,2.45300268,2.48872602,2.46887972,100968344,630775986.0,0.447008,1,0.8039,0
2012-11-29,sh.600016,2.49269528,2.49666454,2.47681824,2.48475676,2.48872602,89909864,563936076.0,0.39805,1,-0.1595,0
2012-11-30,sh.600016,2.47681824,2.5006338,2.47681824,2.49666454,2.48475676,76659162,481125860.0,0.339386,1,0.4792,0
2012-12-03,sh.600016,2.49666454,2.5006338,2.45697194,2.45697194,2.49666454,85134341,531498903.0,0.376907,1,-1.5898,0
2012-12-04,sh.600016,2.45300268,2.5006338,2.44903342,2.49269528,2.45697194,84499996,528654158.0,0.374099,1,1.454,0
2012-12-05,sh.600016,2.49666454,2.62765012,2.49269528,2.60383456,2.49269528,272925135,1779779059.0,1.208296,1,4.4586,0
2012-12-06,sh.600016,2.60383456,2.62765012,2.59192678,2.61574234,2.60383456,89073617,586409289.0,0.394347,1,0.4573,0
2012-12-07,sh.600016,2.62765012,2.7189431,2.61177308,2.7189431,2.61574234,205327363,1386471292.0,0.909027,1,3.9454,0
2012-12-10,sh.600016,2.72688162,2.80626682,2.70703532,2.78642052,2.7189431,217479495,1507717056.0,0.962827,1,2.4818,0
2012-12-11,sh.600016,2.77451274,2.79435904,2.72291236,2.7387894,2.78642052,200925578,1403832831.0,0.889539,1,-1.7094,0
2012-12-12,sh.600016,2.73482014,2.78642052,2.72291236,2.78245126,2.7387894,226122382,1567158577.0,1.001091,1,1.5942,0
2012-12-13,sh.600016,2.77451274,2.77451274,2.73085088,2.73482014,2.78245126,222424628,1538593658.0,0.98472,1,-1.7118,0
2012-12-14,sh.600016,2.73085088,2.98091426,2.73085088,2.96503722,2.73482014,361845656,2599630198.0,1.601966,1,8.418,0
2012-12-17,sh.600016,2.98885278,3.0563302,2.92931388,2.976945,2.96503722,245348190,1845136869.0,1.086207,1,0.4016,0
2012-12-18,sh.600016,2.96503722,3.06426872,2.9372524,2.98488352,2.976945,232054858,1758920743.0,1.027355,1,0.2667,0
2012-12-19,sh.600016,2.98488352,3.0364839,2.94519092,2.98091426,2.98488352,188552132,1412961782.0,0.834759,1,-0.133,0
2012-12-20,sh.600016,2.9570987,2.976945,2.91343684,2.94916018,2.98091426,219312240,1624182256.0,0.970941,1,-1.0652,0
2012-12-21,sh.600016,2.95312944,2.9570987,2.88168276,2.90946758,2.94916018,213513330,1565215399.0,0.945268,1,-1.3459,0
2012-12-24,sh.600016,2.91343684,2.99282204,2.90946758,2.9372524,2.90946758,147024177,1094176578.0,0.650907,1,0.955,0
2012-12-25,sh.600016,2.9174061,3.1158691,2.90946758,3.0761765,2.9372524,242466861,1863290937.0,1.073451,1,4.7297,0
2012-12-26,sh.600016,3.08014576,3.08411502,3.02854538,3.0761765,3.0761765,152976378,1178801387.0,0.677258,1,0.0,0
2012-12-27,sh.600016,3.0761765,3.10793058,2.976945,3.03251464,3.0761765,241887997,1851557932.0,1.070888,1,-1.4194,0
2012-12-28,sh.600016,3.02854538,3.0761765,3.00869908,3.0563302,3.03251464,149118825,1144263077.0,0.66018,1,0.7853,0
2012-12-31,sh.600016,3.06029946,3.12777688,3.0563302,3.11983836,3.0563302,216576436,1688135687.0,0.958829,1,2.0779,0
2013-01-04,sh.600016,3.2151006,3.24288542,3.10396132,3.16746948,3.11983836,285152831,2283631881.0,1.262431,1,1.5267,0
2013-01-07,sh.600016,3.15159244,3.3143321,3.14762318,3.30242432,3.16746948,210150795,1718001229.0,0.930381,1,4.2607,0
2013-01-08,sh.600016,3.31036284,3.3143321,3.2151006,3.25082394,3.30242432,151430552,1242015269.0,0.670414,1,-1.5625,0
2013-01-09,sh.600016,3.2349469,3.28257802,3.21113134,3.24685468,3.25082394,128960387,1053599765.0,0.570934,1,-0.1221,0
2013-01-10,sh.600016,3.24288542,3.29845506,3.20716208,3.22700838,3.24685468,126197735,1035333932.0,0.558704,1,-0.6112,0
2013-01-11,sh.600016,3.2349469,3.25876246,3.16350022,3.17937726,3.22700838,174120775,1408533119.0,0.770869,1,-1.476,0
2013-01-14,sh.600016,3.17143874,3.39768656,3.15953096,3.3937173,3.17937726,250216183,2087180961.0,1.107759,1,6.7416,0
2013-01-15,sh.600016,3.38974804,3.42547138,3.36196322,3.4135636,3.3937173,140939098,1206861852.0,0.623967,1,0.5848,0
2013-01-16,sh.600016,3.40165582,3.4135636,3.30639358,3.38974804,3.4135636,135654262,1153615661.0,0.60057,1,-0.6977,0
2013-01-17,sh.600016,3.373871,3.38974804,3.31830136,3.3540247,3.38974804,120526519,1018838292.0,0.533596,1,-1.0539,0
2013-01-18,sh.600016,3.37784026,3.5127951,3.37784026,3.48501028,3.3540247,173534881,1512898510.0,0.768275,1,3.9053,0
2013-01-21,sh.600016,3.4929488,3.58027252,3.44531768,3.57630326,3.48501028,205867882,1818235142.0,0.91142,1,2.6196,0
2013-01-22,sh.600016,3.55645696,3.61599586,3.4731025,3.52470288,3.57630326,249060601,2235043364.0,1.102643,1,-1.4428,0
2013-01-23,sh.600016,3.49691806,3.65568846,3.48897954,3.6517192,3.52470288,203363307,1825155445.0,0.900332,1,3.6036,0
2013-01-24,sh.600016,3.6517192,3.79858182,3.61599586,3.6914118,3.6517192,304905181,2856003334.0,1.349878,1,1.087,0
2013-01-25,sh.600016,3.68347328,3.71522736,3.63584216,3.70331958,3.6914118,130079817,1206325050.0,0.57589,1,0.3226,0
2013-01-28,sh.600016,3.70728884,3.9891063,3.70728884,3.96926,3.70331958,315832381,3085896195.0,1.398255,1,7.1811,0
2013-01-29,sh.600016,3.98116778,4.167723,3.9295674,4.07246076,3.96926,361063210,3679056974.0,1.598502,1,2.6,0
2013-01-30,sh.600016,4.07643002,4.1280304,4.01292186,4.11215336,4.07246076,241639786,2479537545.0,1.069789,1,0.9747,0
2013-01-31,sh.600016,4.11215336,4.13993818,4.0287989,4.09230706,4.11215336,172906784,1776599230.0,0.765494,1,-0.4826,0
2013-02-01,sh.600016,4.0684915,4.47732528,4.04070668,4.45747898,4.09230706,362670464,3895720853.0,1.605617,1,8.9234,0
2013-02-04,sh.600016,4.45747898,4.70754236,4.4455712,4.57655678,4.45747898,512477993,5885585573.0,2.268846,1,2.6714,0
2013-02-05,sh.600016,4.51304862,4.65594198,4.50114084,4.64800346,4.57655678,346947217,4018491033.0,1.536007,1,1.5611,0
2013-02-06,sh.600016,4.64006494,4.72738866,4.53686418,4.6440342,4.64800346,247862496,2891281404.0,1.097339,1,-0.0854,0
2013-02-07,sh.600016,4.6241879,4.62815716,4.2669545,4.366186,4.6440342,572384251,6342382644.0,2.534064,1,-5.9829,0
2013-02-08,sh.600016,4.31855488,4.36221674,4.14390744,4.17566152,4.366186,574655950,6118021898.0,2.544121,1,-4.3636,0
2013-02-18,sh.600016,4.23520042,4.2669545,4.12009188,4.13596892,4.17566152,351712969,3714770826.0,1.557106,1,-0.9506,0
2013-02-19,sh.600016,4.12406114,4.22329264,4.10421484,4.18360004,4.13596892,310641765,3261308205.0,1.375276,1,1.1516,0
2013-02-20,sh.600016,4.19153856,4.19153856,4.02482964,4.12406114,4.18360004,351481661,3626361182.0,1.556082,1,-1.4231,0
2013-02-21,sh.600016,4.10421484,4.10421484,3.81445886,3.87796702,4.12406114,585360981,5791433711.0,2.591514,1,-5.9673,0
2013-02-22,sh.600016,3.87796702,3.89384406,3.74301218,3.770797,3.87796702,391087184,3763630454.0,1.731424,1,-2.7636,0
2013-02-25,sh.600016,3.80255108,3.87796702,3.76285848,3.8104896,3.770797,354146105,3406278818.0,1.567878,1,1.0526,0
2013-02-26,sh.600016,3.75491996,4.0089526,3.71919662,3.83430516,3.8104896,676376092,6654008065.0,2.994457,1,0.625,0
2013-02-27,sh.600016,3.84224368,3.95735222,3.82636664,3.90178258,3.83430516,368180600,3610826665.0,1.630012,1,1.7598,0
2013-02-28,sh.600016,3.96529074,4.12009188,3.85812072,4.11215336,3.90178258,472325989,4763104661.0,2.091085,1,5.3917,0
2013-03-01,sh.600016,4.10024558,4.1280304,3.9494137,4.04070668,4.11215336,374031888,3811471354.0,1.655917,1,-1.7375,0
2013-03-04,sh.600016,3.91765962,3.91765962,3.7311044,3.76682774,4.04070668,381455272,3668424637.0,1.688782,1,-6.778,0
2013-03-05,sh.600016,3.770797,4.06055298,3.76682774,4.0486452,3.76682774,393978503,3894429304.0,1.744225,1,7.4816,0
2013-03-06,sh.600016,4.0684915,4.2669545,4.01292186,4.1875693,4.0486452,484117026,5073197432.0,2.143286,1,3.4314,0
2013-03-07,sh.600016,4.1478767,4.25504672,4.0287989,4.12406114,4.1875693,393726038,4120533992.0,1.743107,1,-1.5166,0
2013-03-08,sh.600016,4.1280304,4.24313894,4.0883378,4.19153856,4.12406114,329909581,3478504040.0,1.460578,1,1.6362,0
2013-03-11,sh.600016,4.167723,4.17963078,4.02482964,4.05658372,4.19153856,232264568,2396112738.0,1.028283,1,-3.2197,0
2013-03-12,sh.600016,4.04467594,4.08039928,3.7906433,3.86605924,4.05658372,407949557,4014155948.0,1.806077,1,-4.6967,0
2013-03-13,sh.600016,3.87796702,3.94147518,3.85812072,3.88193628,3.86605924,243176536,2388775250.0,1.076593,1,0.4107,0
2013-03-14,sh.600016,3.87399776,3.98513704,3.8303359,3.91369036,3.88193628,276041107,2725832577.0,1.222091,1,0.818,0
2013-03-15,sh.600016,3.8898748,4.14390744,3.85812072,3.96529074,3.91369036,375168009,3790462991.0,1.660947,1,1.3185,0
2013-03-18,sh.600016,3.9494137,4.0486452,3.90575184,3.9891063,3.96529074,222540875,2240078848.0,0.985235,1,0.6006,0
2013-03-19,sh.600016,3.9891063,4.11215336,3.96132148,4.09230706,3.9891063,227835152,2320414464.0,1.008673,1,2.5871,0
2013-03-20,sh.600016,4.09627632,4.37015526,4.09627632,4.366186,4.09230706,439106656,4719516672.0,1.944016,1,6.6925,0
2013-03-21,sh.600016,4.366186,4.4058786,4.2868008,4.34237044,4.366186,247124548,2706084096.0,1.094072,1,-0.5455,0
2013-03-22,sh.600016,4.33046266,4.3860323,4.29870858,4.3264934,4.34237044,149485494,1637021824.0,0.661803,1,-0.3656,0
2013-03-25,sh.600016,4.35824748,4.45350972,4.3463397,4.366186,4.3264934,224682266,2491383296.0,0.994715,1,0.9174,0
2013-03-26,sh.600016,4.33443192,4.35030896,4.13199966,4.167723,4.366186,287550256,3041949440.0,1.273045,1,-4.5455,0
2013-03-27,sh.600016,4.17169226,4.28283154,4.12406114,4.1875693,4.167723,216312846,2290762240.0,0.957662,1,0.4762,0
2013-03-28,sh.600016,3.9295674,3.94147518,3.770797,3.81842812,4.1875693,617429360,5971726848.0,2.733488,1,-8.8152,0
2013-03-29,sh.600016,3.79461256,3.85415146,3.69935032,3.82636664,3.81842812,410647392,3882163712.0,1.818021,1,0.2079,0
2013-04-01,sh.600016,3.7906433,3.8700285,3.76682774,3.84224368,3.82636664,190127187,1837078400.0,0.841732,1,0.4149,0
2013-04-02,sh.600016,3.84224368,3.89781332,3.77476626,3.82239738,3.84224368,186456606,1799371520.0,0.825482,1,-0.5165,0
2013-04-03,sh.600016,3.8303359,3.88590554,3.81445886,3.84224368,3.82239738,135990061,1317085184.0,0.602056,1,0.5192,0
2013-04-08,sh.600016,3.72316588,3.82636664,3.69538106,3.80652034,3.84224368,142609332,1353360896.0,0.631361,1,-0.9298,0
2013-04-09,sh.600016,3.81842812,3.88590554,3.81445886,3.8501822,3.80652034,138587856,1345625344.0,0.613557,1,1.147,0
2013-04-10,sh.600016,3.84224368,3.86208998,3.77873552,3.82636664,3.8501822,123567418,1188576128.0,0.547059,1,-0.6186,0
2013-04-11,sh.600016,3.86605924,3.87796702,3.82636664,3.8303359,3.82636664,112404120,1088158080.0,0.497636,1,0.1037,0
2013-04-12,sh.600016,3.83430516,3.85812072,3.80255108,3.8104896,3.8303359,142640167,1378710656.0,0.631498,1,-0.518127,0
2013-04-15,sh.600016,3.79858182,3.84621294,3.79461256,3.8303359,3.8104896,121961588,1175505152.0,0.539949,1,0.5208,0
2013-04-16,sh.600016,3.80255108,3.8104896,3.572334,3.77873552,3.8303359,275167504,2561219584.0,1.218224,1,-1.347142,0
2013-04-17,sh.600016,3.7311044,3.75491996,3.60805734,3.6715655,3.77873552,205816264,1901910016.0,0.911191,1,-2.8361,0
2013-04-18,sh.600016,3.5921803,3.74698144,3.54454918,3.7112581,3.6715655,219540410,2015434368.0,0.971951,1,1.0811,0
2013-04-19,sh.600016,3.7112581,4.03673742,3.69538106,4.01292186,3.7112581,357576208,3510119936.0,1.583064,1,8.128334,0
2013-04-22,sh.600016,3.96926,4.11215336,3.9494137,4.06452224,4.01292186,248925496,2538537728.0,1.102045,1,1.2859,0
2013-04-23,sh.600016,4.08436854,4.09627632,3.8700285,3.87399776,4.06452224,195215169,1933690368.0,0.864258,1,-4.6875,0
2013-04-24,sh.600016,3.8700285,4.08436854,3.83827442,4.02086038,3.87399776,181914084,1818043264.0,0.805371,1,3.791,0
2013-04-25,sh.600016,3.97322926,4.0089526,3.89384406,3.94147518,4.02086038,137881691,1371449344.0,0.610431,1,-1.9743,0
2013-04-26,sh.600016,3.95735222,3.99704482,3.86208998,3.89781332,3.94147518,95530352,948186752.0,0.422933,1,-1.10776,0
2013-05-02,sh.600016,3.85812072,3.96926,3.7906433,3.96926,3.89781332,125145697,1223751040.0,0.554046,1,1.833,0
2013-05-03,sh.600016,3.97719852,4.167723,3.97322926,4.06055298,3.96926,233370051,2402462208.0,1.033178,1,2.299995,0
2013-05-06,sh.600016,4.0684915,4.15978448,4.05658372,4.07643002,4.06055298,150602081,1557263104.0,0.666747,1,0.391,0
2013-05-07,sh.600016,4.0684915,4.11215336,4.02086038,4.1081841,4.07643002,120425806,1234112768.0,0.53315,1,0.779,0
2013-05-08,sh.600016,4.1478767,4.2074156,4.07643002,4.11612262,4.1081841,185766925,1941947392.0,0.822429,1,0.1932,0
2013-05-09,sh.600016,4.1081841,4.12406114,4.03276816,4.1081841,4.11612262,127478031,1311093504.0,0.564372,1,-0.1929,0
2013-05-10,sh.600016,4.1081841,4.17566152,4.08436854,4.11215336,4.1081841,101803598,1057218880.0,0.450706,1,0.0966,0
2013-05-13,sh.600016,4.12009188,4.13993818,4.06055298,4.08436854,4.11215336,86639866,892525504.0,0.383573,1,-0.6757,0
2013-05-14,sh.600016,4.05658372,4.07246076,3.9891063,4.01292186,4.08436854,112116965,1135994624.0,0.496365,1,-1.7493,0
2013-05-15,sh.600016,4.02086038,4.06452224,3.99704482,4.02482964,4.01292186,74792094,757073344.0,0.33112,1,0.2967,0
2013-05-16,sh.600016,4.0089526,4.15581522,3.96132148,4.1478767,4.02482964,217281403,2232269568.0,0.96195,1,3.0572,0
2013-05-17,sh.600016,4.1280304,4.18360004,4.08436854,4.15978448,4.1478767,179853824,1874681344.0,0.79625,1,0.2871,0
2013-05-20,sh.600016,4.1875693,4.33443192,4.13993818,4.25504672,4.15978448,224245835,2402745088.0,0.992783,1,2.2901,0
2013-05-21,sh.600016,4.2471082,4.27092376,4.17963078,4.23123116,4.25504672,124500765,1325884032.0,0.551191,1,-0.559705,0
2013-05-22,sh.600016,4.21932338,4.25901598,4.19153856,4.22329264,4.23123116,96668455,1029298304.0,0.427971,1,-0.1876,0
2013-05-23,sh.600016,4.19947708,4.23520042,4.12009188,4.13199966,4.22329264,132496117,1391197696.0,0.586588,1,-2.1617,0
2013-05-24,sh.600016,4.15581522,4.22329264,4.1081841,4.13993818,4.13199966,106908606,1118295040.0,0.473307,1,0.1921,0
2013-05-27,sh.600016,4.1280304,4.167723,4.1081841,4.1478767,4.13993818,82157997,858378432.0,0.36373,1,0.1918,0
2013-05-28,sh.600016,4.14390744,4.27092376,4.1081841,4.26298524,4.1478767,156179023,1647485440.0,0.691437,1,2.7751,0
2013-05-29,sh.600016,4.26298524,4.31458562,4.21138486,4.21932338,4.26298524,118141536,1268836224.0,0.523037,1,-1.0242,0
2013-05-30,sh.600016,4.2074156,4.23123116,4.15184596,4.17169226,4.21932338,106978214,1127817728.0,0.473615,1,-1.1289,0
2013-05-31,sh.600016,4.17566152,4.19550782,4.10024558,4.15184596,4.17169226,149615875,1561438592.0,0.662381,1,-0.475739,0
2013-06-03,sh.600016,4.16375374,4.18360004,4.08436854,4.12009188,4.15184596,115549699,1202285696.0,0.511562,1,-0.7648,0
2013-06-04,sh.600016,4.1081841,4.13199966,4.06055298,4.08039928,4.12009188,93557230,962647936.0,0.414197,1,-0.9634,0
2013-06-05,sh.600016,4.07246076,4.07246076,3.99307556,4.0089526,4.08039928,117771217,1194975616.0,0.521398,1,-1.751,0
2013-06-06,sh.600016,3.99307556,4.00101408,3.92162888,3.96926,4.0089526,136585291,1361001728.0,0.604691,1,-0.9901,0
2013-06-07,sh.600016,3.96926,3.99704482,3.9494137,3.96529074,3.96926,120666061,1205667456.0,0.534214,1,-0.1,0
2013-06-13,sh.600016,3.8898748,3.9295674,3.77476626,3.92162888,3.96529074,189115768,1847932672.0,0.837255,1,-1.1011,0
2013-06-14,sh.600016,3.92559814,3.96926,3.90575184,3.95338296,3.92162888,108141850,1074710784.0,0.478766,1,0.8097,0
2013-06-17,sh.600016,3.97322926,3.99704482,3.91765962,3.93353666,3.95338296,99336461,987183360.0,0.439783,1,-0.502,0
2013-06-18,sh.600016,3.94544444,3.99704482,3.93353666,3.9494137,3.93353666,93114498,929560064.0,0.412237,1,0.4036,0
2013-06-19,sh.600016,3.92162888,3.92162888,3.84621294,3.8700285,3.9494137,102233480,996460032.0,0.452609,1,-2.0101,0
2013-06-20,sh.600016,3.8501822,3.8501822,3.61996512,3.68744254,3.8700285,152527260,1426264192.0,0.67527,1,-4.7179,0
2013-06-21,sh.600016,3.60408808,3.76682774,3.52470288,3.7509507,3.68744254,184857233,1706800768.0,0.818401,1,1.7223,0
2013-06-24,sh.600016,3.70331958,3.70728884,3.37784026,3.37784026,3.7509507,249091825,2158574080.0,1.102781,1,-9.9471,0
2013-06-25,sh.600016,3.26670098,3.373871,3.04045316,3.35005544,3.37784026,389102192,3113881856.0,1.722636,1,-0.8226,0
2013-06-26,sh.600016,3.3540247,3.3540247,3.17937726,3.2944858,3.35005544,302426416,2471894784.0,1.338904,1,-1.6588,0
2013-06-27,sh.600016,3.29448265,3.36320192,3.26214417,3.31873651,3.29448265,171402745,1398738560.0,0.758835,1,0.7362,0
2013-06-28,sh.600016,3.29044034,3.49659815,3.2742711,3.46425967,3.31873651,234616396,1983292416.0,1.038695,1,4.3849,0
2013-07-01,sh.600016,3.43192119,3.49659815,3.37937116,3.47234429,3.46425967,133709591,1134213120.0,0.59196,1,0.2334,0
2013-07-02,sh.600016,3.46021736,3.4763866,3.36320192,3.42787888,3.47234429,146425373,1232894080.0,0.648255,1,-1.2806,0
2013-07-03,sh.600016,3.3955404,3.42383657,3.32682113,3.41170964,3.42787888,138729820,1155464576.0,0.614186,1,-0.4717,0
2013-07-04,sh.600016,3.37532885,3.46830198,3.34703268,3.42787888,3.41170964,112073858,942882880.0,0.496174,1,0.4739,0
2013-07-05,sh.600016,3.41575195,3.46425967,3.40766733,3.43192119,3.42787888,96451145,819301760.0,0.427009,1,0.1179,0
2013-07-08,sh.600016,3.38745578,3.43192119,3.33490575,3.39149809,3.43192119,101154709,847658304.0,0.447833,1,-1.1779,0
2013-07-09,sh.600016,3.39149809,3.41575195,3.37532885,3.3955404,3.39149809,57916087,486648800.0,0.256407,1,0.1192,0
2013-07-10,sh.600016,3.39149809,3.49255584,3.37532885,3.4763866,3.3955404,94082229,800032000.0,0.416522,1,2.381,0
2013-07-11,sh.600016,3.5572328,3.82402526,3.5168097,3.81998295,3.4763866,326850240,3015889664.0,1.447034,1,9.8837,0
2013-07-12,sh.600016,3.7997714,3.84423681,3.61382514,3.68254441,3.81998295,220870041,2055752192.0,0.977837,1,-3.5979,0
2013-07-15,sh.600016,3.70275596,3.80381371,3.638079,3.70275596,3.68254441,145173736,1330815232.0,0.642714,1,0.5488,0
2013-07-16,sh.600016,3.6785021,3.71488289,3.638079,3.71488289,3.70275596,103461603,939063296.0,0.458046,1,0.3275,0
2013-07-17,sh.600016,3.69871365,3.73913675,3.64616362,3.65424824,3.71488289,80689830,735162368.0,0.357231,1,-1.6322,0
2013-07-18,sh.600016,3.638079,3.66233286,3.50468277,3.52893663,3.65424824,142644404,1252190720.0,0.631516,1,-3.4292,0
2013-07-19,sh.600016,3.52893663,3.54914818,3.3955404,3.39958271,3.52893663,182287874,1551079040.0,0.807026,1,-3.6655,0
2013-07-22,sh.600016,3.33490575,3.41575195,3.25405955,3.40362502,3.39958271,125572855,1040285696.0,0.555937,1,0.1189,0
2013-07-23,sh.600016,3.41575195,3.57744435,3.37128654,3.49255584,3.40362502,132514580,1145735808.0,0.58667,1,2.6128,0
2013-07-24,sh.600016,3.45213274,3.48447122,3.38341347,3.42383657,3.49255584,122092445,1030897600.0,0.540529,1,-1.9676,0
2013-07-25,sh.600016,3.4359635,3.48447122,3.38341347,3.3955404,3.42383657,69882499,591833984.0,0.309384,1,-0.8264,0
2013-07-26,sh.600016,3.39149809,3.41979426,3.36320192,3.3955404,3.3955404,91447177,768523520.0,0.404856,1,0.0,0
2013-07-29,sh.600016,3.34703268,3.34703268,3.27022879,3.29448265,3.3955404,105955214,865574144.0,0.469086,1,-2.9762,0
2013-07-30,sh.600016,3.30256727,3.43192119,3.29448265,3.34299037,3.29448265,85768199,713654912.0,0.379714,1,1.4724,0
2013-07-31,sh.600016,3.3955404,3.48042891,3.33086344,3.34703268,3.34299037,67869674,567301504.0,0.300473,1,0.1209,0
2013-08-01,sh.600016,3.39149809,3.44000581,3.3551173,3.41979426,3.34703268,97348250,819839488.0,0.430981,1,2.1739,0
2013-08-02,sh.600016,3.48042891,3.5168097,3.37937116,3.40362502,3.41979426,90693757,772459008.0,0.40152,1,-0.4728,0
2013-08-05,sh.600016,3.41575195,3.44000581,3.37128654,3.4359635,3.40362502,79536176,671812544.0,0.352123,1,0.9501,0
2013-08-06,sh.600016,3.41575195,3.46425967,3.37128654,3.43192119,3.4359635,95022793,802282880.0,0.420686,1,-0.1176,0
2013-08-07,sh.600016,3.41979426,3.53702125,3.40766733,3.45213274,3.43192119,113249191,974719872.0,0.501378,1,0.5889,0
2013-08-08,sh.600016,3.4359635,3.49255584,3.41979426,3.43192119,3.45213274,70446416,600214720.0,0.311881,1,-0.5855,0
2013-08-09,sh.600016,3.45617505,3.4763866,3.34703268,3.40362502,3.43192119,78879227,664781056.0,0.349215,1,-0.8245,0
2013-08-12,sh.600016,3.41575195,3.61786745,3.41575195,3.59361359,3.40362502,241863215,2116199808.0,1.070779,1,5.5819,0
2013-08-13,sh.600016,3.59361359,3.6785021,3.57340204,3.65829055,3.59361359,184717464,1661043968.0,0.817783,1,1.7998,0
2013-08-14,sh.600016,3.65829055,3.77551754,3.63403669,3.64616362,3.65829055,166842803,1525361792.0,0.738648,1,-0.3315,0
2013-08-15,sh.600016,3.64212131,3.7189252,3.58552897,3.59361359,3.64616362,99366177,896898432.0,0.439915,1,-1.4412,0
2013-08-16,sh.600016,3.58957128,3.95337918,3.5168097,3.64616362,3.59361359,323875040,2976145920.0,1.433862,1,1.4623,0
2013-08-19,sh.600016,3.5976559,3.82806757,3.58957128,3.79168678,3.64616362,209646697,1928567936.0,0.928149,1,3.9911,0
2013-08-20,sh.600016,3.77955985,3.90082915,3.73105213,3.78360216,3.79168678,186279405,1760269184.0,0.824698,1,-0.2132,0
2013-08-21,sh.600016,3.82402526,3.82402526,3.70275596,3.74722137,3.78360216,91671340,848416064.0,0.405848,1,-0.9615,0
2013-08-22,sh.600016,3.72296751,3.86040605,3.71488289,3.7593483,3.74722137,110285240,1034170304.0,0.488256,1,0.3236,0
2013-08-23,sh.600016,3.7997714,3.81998295,3.638079,3.70275596,3.7593483,109218920,1002647936.0,0.483535,1,-1.5054,0
2013-08-26,sh.600016,3.70275596,3.81594064,3.67445979,3.77147523,3.70275596,111664017,1038947584.0,0.49436,1,1.8559,0
2013-08-27,sh.600016,3.76339061,3.81189833,3.71084058,3.74317906,3.77147523,82932385,769466112.0,0.367159,1,-0.7503,0
2013-08-28,sh.600016,3.69871365,3.73509444,3.638079,3.69467134,3.74317906,87785814,801778176.0,0.388646,1,-1.2959,0
2013-08-29,sh.600016,3.73913675,3.7593483,3.66233286,3.68658672,3.69467134,75938874,694831168.0,0.336197,1,-0.2188,0
2013-08-30,sh.600016,3.68658672,3.71084058,3.62190976,3.65020593,3.68658672,121258150,1096749440.0,0.536835,1,-0.9868,0
2013-09-02,sh.600016,3.69467134,3.74722137,3.65424824,3.68254441,3.65020593,120386017,1099548928.0,0.532974,1,0.8859,0
2013-09-03,sh.600016,3.72296751,3.81998295,3.70275596,3.76339061,3.68254441,172591863,1610673664.0,0.7641,1,2.1954,0
2013-09-04,sh.600016,3.77147523,3.85232143,3.7593483,3.77551754,3.76339061,139883381,1316549248.0,0.619293,1,0.3222,0
2013-09-05,sh.600016,3.78360216,3.80785602,3.74317906,3.78360216,3.77551754,59706951,558713600.0,0.264335,1,0.2141,0
2013-09-06,sh.600016,3.77955985,3.8401945,3.7593483,3.80785602,3.78360216,122526894,1151479552.0,0.542452,1,0.641,0
2013-09-09,sh.600016,3.8401945,4.17166392,3.8401945,4.1231562,3.80785602,410342032,4103041792.0,1.816669,1,8.2803,0
2013-09-10,sh.600016,4.16011749,4.16422422,4.0245954,4.13137038,4.12315692,241397678,2405077760.0,1.068718,1,0.1992,0
2013-09-11,sh.600016,4.13958384,4.27510593,4.09440981,4.10673,4.13137038,189872212,1929192240.0,0.840604,1,-0.5964,0
2013-09-12,sh.600016,4.10673,4.3120665,4.04923578,4.20529152,4.10673,293411856,2999735840.0,1.298995,1,2.4,0
2013-09-13,sh.600016,4.13958384,4.16011749,3.99584829,4.04102232,4.20529152,236284721,2336317088.0,1.046081,1,-3.9063,0
2013-09-16,sh.600016,4.07387616,4.29563958,3.92192715,4.18065114,4.04102232,373354400,3730227872.0,1.652917,1,3.4553,0
2013-09-17,sh.600016,4.33260015,4.46812224,4.16833095,4.20939825,4.18065114,469130784,4879507712.0,2.076939,1,0.6876,0
2013-09-18,sh.600016,4.17654441,4.25457228,4.0656627,4.17243768,4.20939825,209066942,2110211632.0,0.925583,1,-0.878,0
2013-09-23,sh.600016,4.18475787,4.21350498,4.11083673,4.16833095,4.17243768,203546310,2063126416.0,0.901142,1,-0.0984,0
2013-09-24,sh.600016,4.18065114,4.18065114,3.96710118,3.99584829,4.16833095,197145928,1934357600.0,0.872806,1,-4.1379,0
2013-09-25,sh.600016,4.00406175,4.08208962,3.92192715,3.96710118,3.99584829,130275151,1268852176.0,0.576755,1,-0.7194,0
2013-09-26,sh.600016,3.9424608,3.95478099,3.87675312,3.89728677,3.96710118,199647015,1900327008.0,0.883879,1,-1.7598,0
2013-09-27,sh.600016,3.89318004,3.93835407,3.84800601,3.89318004,3.89728677,108197142,1022255728.0,0.479011,1,-0.1054,0
2013-09-30,sh.600016,3.93424734,3.93424734,3.8603262,3.92603388,3.89318004,75631325,717266768.0,0.334827,1,0.8439,0
2013-10-08,sh.600016,3.9013935,3.9835281,3.82747236,3.95888772,3.92603388,109687146,1044182080.0,0.485595,1,0.8368,0
2013-10-09,sh.600016,3.94656753,4.06155597,3.92192715,4.00406175,3.95888772,116215650,1133816352.0,0.514497,1,1.1411,0
2013-10-10,sh.600016,4.04102232,4.04102232,3.9013935,3.9013935,4.00406175,86918530,837717296.0,0.384796,1,-2.5641,0
2013-10-11,sh.600016,3.9424608,4.01638194,3.88496658,3.97942137,3.9013935,142567034,1373395504.0,0.631157,1,2.0,0
2013-10-14,sh.600016,3.96299445,3.97942137,3.86853966,3.88496658,3.97942137,110778152,1049261824.0,0.490425,1,-2.3736,0
2013-10-15,sh.600016,3.88907331,3.89728677,3.81104544,3.82747236,3.88496658,89280969,834719072.0,0.395255,1,-1.4799,0
2013-10-16,sh.600016,3.81515217,3.8192589,3.74123103,3.75765795,3.82747236,108158886,990962544.0,0.478829,1,-1.824,0
2013-10-17,sh.600016,3.78229833,3.79872525,3.71659065,3.72891084,3.75765795,96870472,882064512.0,0.428854,1,-0.765,0
2013-10-18,sh.600016,3.7371243,3.79461852,3.71248392,3.74944449,3.72891084,119326438,1091729200.0,0.528269,1,0.5507,0
2013-10-21,sh.600016,3.75355122,3.78640506,3.696057,3.77408487,3.74944449,97052264,884834784.0,0.429659,1,0.6572,0
2013-10-22,sh.600016,3.75765795,3.75765795,3.67963008,3.696057,3.77408487,112927283,1018310288.0,0.499939,1,-2.0675,0
2013-10-23,sh.600016,3.72891084,3.81515217,3.65909643,3.72480411,3.696057,165028514,1505375392.0,0.730596,1,0.7778,0
2013-10-24,sh.600016,3.70427046,3.72891084,3.65088297,3.65909643,3.72480411,115586601,1036376704.0,0.511712,1,-1.7641,0
2013-10-25,sh.600016,3.65909643,3.74944449,3.64266951,3.68784354,3.65909643,187356746,1683887232.0,0.829445,1,0.7856,0
2013-10-28,sh.600016,3.68373681,3.68784354,3.59749548,3.64677624,3.68784354,89933173,795537568.0,0.398142,1,-1.1136,0
2013-10-29,sh.600016,3.65088297,3.83157909,3.65088297,3.75765795,3.64677624,225108449,2059042112.0,0.996576,1,3.0405,0
2013-10-30,sh.600016,3.76997814,3.78640506,3.70427046,3.76997814,3.75765795,107496943,983078720.0,0.475899,1,0.3279,0
2013-10-31,sh.600016,3.70427046,3.70427046,3.63034932,3.67963008,3.76997814,156844206,1403487872.0,0.694364,1,-2.3965,0
2013-11-01,sh.600016,3.69195027,3.78229833,3.67141662,3.76587141,3.67963008,136015891,1236837872.0,0.602155,1,2.3438,0
2013-11-04,sh.600016,3.80283198,3.83979255,3.7371243,3.75355122,3.76587141,72333980,663715296.0,0.320229,1,-0.3272,0
2013-11-05,sh.600016,3.72891084,3.74123103,3.65088297,3.72480411,3.75355122,95154016,856604256.0,0.421256,1,-0.7659,0
2013-11-06,sh.600016,3.69195027,3.69195027,3.64677624,3.6549897,3.72480411,109010674,971237248.0,0.4826,1,-1.8743,0
2013-11-07,sh.600016,3.6549897,3.67963008,3.62213586,3.66730989,3.6549897,69911486,621997104.0,0.309505,1,0.3371,0
2013-11-08,sh.600016,3.65088297,3.67141662,3.60160221,3.60160221,3.66730989,80563361,712759296.0,0.356661,1,-1.7917,0
2013-11-11,sh.600016,3.60570894,3.64677624,3.58106856,3.64266951,3.60160221,98579871,864875456.0,0.436422,1,1.1403,0
2013-11-12,sh.600016,3.6549897,3.68784354,3.63445605,3.67141662,3.64266951,79561145,709537280.0,0.352224,1,0.7892,0
2013-11-13,sh.600016,3.61802913,3.62624259,3.48661377,3.51125415,3.67141662,154720419,1330519632.0,0.684961,1,-4.3624,0
2013-11-14,sh.600016,3.49482723,3.52768107,3.4085859,3.50714742,3.51125415,129464770,1091274400.0,0.573152,1,-0.117,0
2013-11-15,sh.600016,3.50714742,3.59338875,3.47429358,3.54410799,3.50714742,141420409,1222939632.0,0.626081,1,1.0539,0
2013-11-18,sh.600016,3.56464164,3.67552335,3.48250704,3.6549897,3.54410799,289062736,2523099264.0,1.279707,1,3.1286,0
2013-11-19,sh.600016,3.63856278,3.63856278,3.5728551,3.58517529,3.6549897,158108100,1384335888.0,0.699959,1,-1.9101,0
2013-11-20,sh.600016,3.61802913,3.63445605,3.55232145,3.58517529,3.58517529,123100577,1073343296.0,0.544978,1,0.0,0
2013-11-21,sh.600016,3.56464164,3.56464164,3.47018685,3.52357434,3.58517529,164994558,1407080512.0,0.730446,1,-1.7182,0
2013-11-22,sh.600016,3.54821472,3.54821472,3.51125415,3.51536088,3.52357434,99955111,858479008.0,0.44251,1,-0.2331,0
2013-11-25,sh.600016,3.49482723,3.54000126,3.47429358,3.49482723,3.51536088,80315910,686323744.0,0.355566,1,-0.5841,0
2013-11-26,sh.600016,3.49482723,3.51125415,3.47840031,3.47840031,3.49482723,85807022,729060400.0,0.379876,1,-0.47,0
2013-11-27,sh.600016,3.47840031,3.5317878,3.47018685,3.50714742,3.47840031,121329684,1033778096.0,0.537138,1,0.8264,0
2013-11-28,sh.600016,3.51536088,3.56053491,3.49893396,3.52357434,3.50714742,98199712,844201264.0,0.434739,1,0.4684,0
2013-11-29,sh.600016,3.54410799,3.55642818,3.52357434,3.52768107,3.52357434,73597365,633866384.0,0.325822,1,0.1166,0
2013-12-02,sh.600016,3.52357434,3.59749548,3.49482723,3.55642818,3.52768107,271046848,2345693152.0,1.199949,1,0.8149,0
2013-12-03,sh.600016,3.56053491,3.56053491,3.49482723,3.52357434,3.55642818,138450512,1185968384.0,0.612933,1,-0.9238,0
2013-12-04,sh.600016,3.51125415,3.5728551,3.49893396,3.53589453,3.52357434,159725645,1376455904.0,0.70712,1,0.3497,0
2013-12-05,sh.600016,3.52768107,3.54000126,3.50714742,3.51536088,3.53589453,93469343,800572240.0,0.413797,1,-0.5807,0
2013-12-06,sh.600016,3.51125415,3.51536088,3.4907205,3.51125415,3.51536088,82515106,703597760.0,0.365302,1,-0.1168,0
2013-12-09,sh.600016,3.52357434,3.52357434,3.47429358,3.48661377,3.51125415,101804487,864968288.0,0.450698,1,-0.7018,0
2013-12-10,sh.600016,3.49893396,3.50304069,3.47018685,3.47840031,3.48661377,132885944,1125206800.0,0.588298,1,-0.2356,0
2013-12-11,sh.600016,3.45375993,3.46197339,3.4085859,3.41679936,3.47840031,133875078,1118421456.0,0.592677,1,-1.771,0
2013-12-12,sh.600016,3.4085859,3.43322628,3.38394552,3.40037244,3.41679936,88136866,731051920.0,0.39019,1,-0.4808,0
2013-12-13,sh.600016,3.38805225,3.41269263,3.3675186,3.39626571,3.40037244,89430058,737469744.0,0.395915,1,-0.1208,0
2013-12-16,sh.600016,3.40447917,3.41269263,3.35519841,3.35930514,3.39626571,80946730,665912144.0,0.358359,1,-1.0883,0
2013-12-17,sh.600016,3.37162533,3.37573206,3.3264513,3.33877149,3.35930514,87638753,715363648.0,0.387985,1,-0.6112,0
2013-12-18,sh.600016,3.33466476,3.35519841,3.31823784,3.33055803,3.33877149,73113748,593414928.0,0.323681,1,-0.246,0
2013-12-19,sh.600016,3.34698495,3.34698495,3.21146286,3.23610324,3.33055803,180862195,1439823920.0,0.800694,1,-2.836,0
2013-12-20,sh.600016,3.2443167,3.24842343,3.13754172,3.19503594,3.23610324,175310975,1357350400.0,0.776118,1,-1.269,0
2013-12-23,sh.600016,3.17860902,3.18682248,3.1211148,3.14986191,3.19503594,116556170,894706208.0,0.516005,1,-1.4139,0
2013-12-24,sh.600016,3.14986191,3.17450229,3.10468788,3.14986191,3.14986191,102077142,781673840.0,0.451905,1,0.0,0
2013-12-25,sh.600016,3.14575518,3.15396864,3.11290134,3.14986191,3.14986191,77109062,587753808.0,0.341369,1,0.0,0
2013-12-26,sh.600016,3.14164845,3.14575518,3.10879461,3.10879461,3.14986191,81754189,620859232.0,0.361933,1,-1.3038,0
2013-12-27,sh.600016,3.11700807,3.17039556,3.10879461,3.14986191,3.10879461,107240184,822762272.0,0.474762,1,1.321,0
2013-12-30,sh.600016,3.15807537,3.16628883,3.10468788,3.10879461,3.14986191,117842730,894205072.0,0.521701,1,-1.3038,0
2013-12-31,sh.600016,3.09236769,3.18682248,3.0800475,3.17039556,3.10879461,153637921,1176802688.0,0.680169,1,1.9815,0
2014-01-02,sh.600016,3.14986191,3.18271575,3.14164845,3.17450229,3.17039556,94240593,725969872.0,0.417211,1,0.1295,0
2014-01-03,sh.600016,3.15396864,3.1621821,3.09647442,3.12522153,3.17450229,86647034,658704800.0,0.383594,1,-1.5524,0
2014-01-06,sh.600016,3.12522153,3.12932826,3.01844655,3.03487347,3.12522153,118070522,876942192.0,0.522709,1,-2.8909,0
2014-01-07,sh.600016,3.00612636,3.02666001,2.97327252,3.00201963,3.03487347,77119177,563210016.0,0.341413,1,-1.0825,0
2014-01-08,sh.600016,2.9979129,3.0389802,2.97737925,3.01023309,3.00201963,94659715,692994480.0,0.419067,1,0.2736,0
2014-01-09,sh.600016,3.00201963,3.03076674,2.98969944,3.00201963,3.01023309,74121239,543153680.0,0.328141,1,-0.2729,0
2014-01-10,sh.600016,2.99380617,3.02666001,2.97737925,3.01433982,3.00201963,71326489,522497376.0,0.315769,1,0.4104,0
2014-01-13,sh.600016,3.01023309,3.02666001,2.97737925,2.9979129,3.01433982,72069188,525818208.0,0.319057,1,-0.545,0
2014-01-14,sh.600016,2.9979129,3.02255328,2.98148598,3.01023309,2.9979129,54382485,397312864.0,0.240756,1,0.411,0
2014-01-15,sh.600016,3.00612636,3.01023309,2.98148598,2.98969944,3.01023309,46741959,340548576.0,0.206931,1,-0.6821,0
2014-01-16,sh.600016,3.00201963,3.00201963,2.96916579,2.97327252,2.98969944,59344833,431063872.0,0.262725,1,-0.5495,0
2014-01-17,sh.600016,2.96505906,2.96505906,2.89935138,2.89935138,2.97327252,93640214,664912432.0,0.414553,1,-2.4862,0
2014-01-20,sh.600016,2.89113792,2.89113792,2.8336437,2.85417735,2.89935138,95586058,664174912.0,0.423168,1,-1.5581,0
2014-01-21,sh.600016,2.85417735,2.89113792,2.84596389,2.874711,2.85417735,65796112,459347856.0,0.291285,1,0.7194,0
2014-01-22,sh.600016,2.874711,2.94452541,2.86239081,2.93631195,2.874711,91056533,646539600.0,0.403115,1,2.1429,0
2014-01-23,sh.600016,2.93631195,2.93631195,2.88703119,2.89524465,2.93631195,85076609,601415328.0,0.376642,1,-1.3986,0
2014-01-24,sh.600016,2.88292446,2.9157783,2.86649754,2.89935138,2.89524465,75005976,529057936.0,0.332058,1,0.1418,0
2014-01-27,sh.600016,2.874711,2.91167157,2.84185716,2.89524465,2.89935138,88296952,620036672.0,0.390898,1,-0.1416,0
2014-01-28,sh.600016,2.90345811,2.9568456,2.89935138,2.95273887,2.89524465,94876370,677471856.0,0.420026,1,1.9858,0
2014-01-29,sh.600016,2.9568456,3.04719366,2.94041868,3.03076674,2.95273887,125008685,917888416.0,0.553424,1,2.6426,0
2014-01-30,sh.600016,3.01844655,3.04308693,3.00201963,3.01433982,3.03076674,74464286,548243920.0,0.32966,1,-0.542,0
2014-02-07,sh.600016,2.98148598,2.99380617,2.94863214,2.97737925,3.01433982,67131708,485423056.0,0.297198,1,-1.2262,0
2014-02-10,sh.600016,2.9979129,3.0389802,2.97737925,3.02666001,2.97737925,99010437,726592704.0,0.438328,1,1.6552,0
2014-02-11,sh.600016,3.02666001,3.17860902,3.00612636,3.13343499,3.02666001,223935574,1703312768.0,0.991383,1,3.5278,0
2014-02-12,sh.600016,3.13343499,3.24842343,3.13343499,3.18682248,3.13343499,233110870,1814737616.0,1.032002,1,1.7038,0
2014-02-13,sh.600016,3.18682248,3.38394552,3.1621821,3.31413111,3.18682248,324210576,2595551520.0,1.435309,1,3.9948,0
2014-02-14,sh.600016,3.30591765,3.31413111,3.25663689,3.28127727,3.31413111,107563280,859629904.0,0.476192,1,-0.9913,0
2014-02-17,sh.600016,3.28949073,3.31413111,3.19914267,3.22378305,3.28127727,136650656,1073312176.0,0.604965,1,-1.7522,0
2014-02-18,sh.600016,3.2032494,3.22378305,3.1621821,3.17860902,3.22378305,90486170,702085808.0,0.40059,1,-1.4013,0
2014-02-19,sh.600016,3.17450229,3.33466476,3.17450229,3.285384,3.17860902,172870239,1372539520.0,0.765312,1,3.3592,0
2014-02-20,sh.600016,3.29359746,3.35930514,3.19914267,3.2032494,3.285384,149448542,1193464560.0,0.661622,1,-2.5,0
2014-02-21,sh.600016,3.21146286,3.24020997,3.1211148,3.14986191,3.2032494,92239741,709848384.0,0.408353,1,-1.6667,0
2014-02-24,sh.600016,3.11290134,3.11290134,3.00201963,3.04719366,3.14986191,121192051,898079840.0,0.536528,1,-3.2595,0
2014-02-25,sh.600016,3.03487347,3.07594077,2.97737925,2.9979129,3.04719366,85845425,633399712.0,0.380045,1,-1.6173,0
2014-02-26,sh.600016,2.96095233,3.0389802,2.9568456,3.01023309,2.9979129,111312002,813049648.0,0.492788,1,0.411,0
2014-02-27,sh.600016,3.01844655,3.1621821,2.98148598,3.11290134,3.01023309,187961070,1410160272.0,0.83212,1,3.4106,0
2014-02-28,sh.600016,3.07594077,3.13754172,3.01433982,3.09236769,3.11290134,121084128,908170704.0,0.53605,1,-0.6596,0
2014-03-03,sh.600016,3.07183404,3.08415423,3.02255328,3.06772731,3.09236769,85320046,633754544.0,0.377719,1,-0.7968,0
2014-03-04,sh.600016,3.04308693,3.21556959,3.03076674,3.17039556,3.06772731,132075856,1000205936.0,0.584711,1,3.3467,0
2014-03-05,sh.600016,3.17860902,3.21556959,3.09236769,3.09647442,3.17039556,113592536,869299040.0,0.502884,1,-2.3316,0
2014-03-06,sh.600016,3.09647442,3.21556959,3.08415423,3.18271575,3.09647442,152129338,1173884528.0,0.67349,1,2.7851,0
2014-03-07,sh.600016,3.17039556,3.27717054,3.16628883,3.18682248,3.18271575,150329524,1179076848.0,0.665522,1,0.129,0
2014-03-10,sh.600016,3.1621821,3.1621821,3.05540712,3.05951385,3.18682248,110724309,836592768.0,0.490186,1,-3.9948,0
2014-03-11,sh.600016,3.04308693,3.13343499,3.04308693,3.06362058,3.05951385,84153241,630306752.0,0.372554,1,0.1342,0
2014-03-12,sh.600016,3.05130039,3.14986191,3.02666001,3.10058115,3.06362058,105115949,792369424.0,0.465358,1,1.2064,0
2014-03-13,sh.600016,3.14164845,3.22378305,3.11700807,3.13343499,3.10058115,126199338,974105072.0,0.558696,1,1.0596,0
2014-03-14,sh.600016,3.12522153,3.18682248,3.07594077,3.09647442,3.13343499,106562288,810856000.0,0.471761,1,-1.1796,0
2014-03-17,sh.600016,3.1211148,3.13754172,3.04719366,3.08415423,3.09647442,59608051,447211680.0,0.26389,1,-0.3979,0
2014-03-18,sh.600016,3.08826096,3.10058115,3.01433982,3.03076674,3.08415423,90094741,668973824.0,0.398857,1,-1.731,0
2014-03-19,sh.600016,3.01023309,3.01023309,2.92809849,2.96916579,3.03076674,99700004,717461792.0,0.441381,1,-2.0325,0
2014-03-20,sh.600016,2.94863214,3.03076674,2.94863214,2.9568456,2.96916579,73541093,535097472.0,0.325573,1,-0.4149,0
2014-03-21,sh.600016,2.94041868,3.1211148,2.93220522,3.10468788,2.9568456,181018328,1342391936.0,0.801384,1,5.0,0
2014-03-24,sh.600016,3.10879461,3.18271575,3.0800475,3.12932826,3.10468788,143486156,1096737952.0,0.635226,1,0.7937,0
2014-03-25,sh.600016,3.12932826,3.14986191,3.07183404,3.08826096,3.12932826,79522772,600820784.0,0.352054,1,-1.3123,0
2014-03-26,sh.600016,3.09236769,3.10879461,3.07183404,3.10058115,3.08826096,37958340,285728752.0,0.168045,1,0.3989,0
2014-03-27,sh.600016,3.09236769,3.30181092,3.07183404,3.21146286,3.10058115,227829107,1776324352.0,1.00862,1,3.5762,0
2014-03-28,sh.600016,3.2032494,3.28127727,3.17450229,3.22378305,3.21146286,155452641,1224562832.0,0.688203,1,0.3836,0
2014-03-31,sh.600016,3.16628883,3.21967632,3.10058115,3.14575518,3.22378305,147206703,1125465552.0,0.651694,1,-2.4204,0
2014-04-01,sh.600016,3.14575518,3.16628883,3.10879461,3.13754172,3.14575518,78276184,597294768.0,0.346534,1,-0.2611,0
2014-04-02,sh.600016,3.13343499,3.20735613,3.11700807,3.19914267,3.13754172,104119133,803364352.0,0.460943,1,1.9634,0
2014-04-03,sh.600016,3.20735613,3.24020997,3.14986191,3.15807537,3.19914267,103113156,802065712.0,0.456489,1,-1.2837,0
2014-04-04,sh.600016,3.13343499,3.20735613,3.12522153,3.19092921,3.15807537,59106364,457184192.0,0.261668,1,1.0403,0
2014-04-08,sh.600016,3.2032494,3.38394552,3.19503594,3.34287822,3.19092921,287118576,2313961552.0,1.271094,1,4.7619,0
2014-04-09,sh.600016,3.34287822,3.35109168,3.29770419,3.30591765,3.34287822,93490176,756605728.0,0.413888,1,-1.1057,0
2014-04-10,sh.600016,3.30591765,3.37162533,3.27306381,3.3264513,3.30591765,148066137,1195925808.0,0.655499,1,0.6211,0
2014-04-11,sh.600016,3.29359746,3.34698495,3.27306381,3.31002438,3.3264513,121882209,980694272.0,0.539581,1,-0.4938,0
2014-04-14,sh.600016,3.30591765,3.32234457,3.27717054,3.29359746,3.31002438,46337444,371374832.0,0.205139,1,-0.4963,0
2014-04-15,sh.600016,3.285384,3.29770419,3.20735613,3.21556959,3.29359746,82189376,647084880.0,0.363858,1,-2.3691,0
2014-04-16,sh.600016,3.2032494,3.25253016,3.18271575,3.2032494,3.21556959,69499240,543341664.0,0.307678,1,-0.3831,0
2014-04-17,sh.600016,3.22378305,3.23199651,3.16628883,3.2032494,3.2032494,60689151,472415200.0,0.268675,1,0.0,0
2014-04-18,sh.600016,3.17860902,3.2443167,3.12932826,3.22788978,3.2032494,156329672,1209953488.0,0.692083,1,0.7692,0
2014-04-21,sh.600016,3.19092921,3.22378305,3.16628883,3.16628883,3.22788978,84198105,656395696.0,0.372751,1,-1.9084,0
2014-04-22,sh.600016,3.1621821,3.28127727,3.1621821,3.26485035,3.16628883,110540559,864315328.0,0.489371,1,3.1128,0
2014-04-23,sh.600016,3.2443167,3.26895708,3.21967632,3.25663689,3.26485035,148776246,1178305664.0,0.658643,1,-0.2516,0
2014-04-24,sh.600016,3.2443167,3.30591765,3.23610324,3.2443167,3.25663689,79643493,634121184.0,0.352587,1,-0.3783,0
2014-04-25,sh.600016,3.26485035,3.30181092,3.20735613,3.21146286,3.2443167,111324887,880417328.0,0.492843,1,-1.0127,0
2014-04-28,sh.600016,3.22378305,3.25663689,3.18271575,3.23199651,3.21146286,95623488,750984384.0,0.423332,1,0.6394,0
2014-04-29,sh.600016,3.24020997,3.26074362,3.19914267,3.25663689,3.23199651,68826067,541203552.0,0.304698,1,0.7624,0
2014-04-30,sh.600016,3.2443167,3.27717054,3.22788978,3.23199651,3.25663689,74805158,592577680.0,0.331168,1,-0.7566,0
2014-05-05,sh.600016,3.21146286,3.21967632,3.13754172,3.18682248,3.23199651,89994562,695776928.0,0.398412,1,-1.3977,0
2014-05-06,sh.600016,3.17039556,3.2032494,3.15807537,3.17860902,3.18682248,48531913,375579872.0,0.214854,1,-0.2577,0
2014-05-07,sh.600016,3.17860902,3.18682248,3.15396864,3.1621821,3.17860902,68030409,524420928.0,0.301175,1,-0.5168,0
2014-05-08,sh.600016,3.1621821,3.2032494,3.14575518,3.14986191,3.1621821,46831174,361987920.0,0.207325,1,-0.3896,0
2014-05-09,sh.600016,3.17039556,3.17039556,3.13754172,3.14164845,3.14986191,39927352,306190112.0,0.176761,1,-0.2608,0
2014-05-12,sh.600016,3.15807537,3.19914267,3.13754172,3.17860902,3.14164845,96540786,746742880.0,0.427393,1,1.1765,0
2014-05-13,sh.600016,3.17860902,3.17860902,3.15396864,3.1621821,3.17860902,68097886,525273728.0,0.301474,1,-0.5168,0
2014-05-14,sh.600016,3.15807537,3.18271575,3.14575518,3.15396864,3.1621821,61138597,470772992.0,0.270665,1,-0.2597,0
2014-05-15,sh.600016,3.15396864,3.1621821,3.14164845,3.14164845,3.15396864,70527555,541165648.0,0.31223,1,-0.3906,0
2014-05-16,sh.600016,3.14575518,3.16628883,3.13343499,3.15396864,3.14164845,46711697,359269040.0,0.206796,1,0.3922,0
2014-05-19,sh.600016,3.14164845,3.15396864,3.03076674,3.04719366,3.15396864,73326995,550127856.0,0.324624,1,-3.3854,0
2014-05-20,sh.600016,3.06362058,3.06772731,3.01433982,3.02666001,3.04719366,64990454,479599600.0,0.287717,1,-0.6739,0
2014-05-21,sh.600016,3.01023309,3.04719366,2.96916579,3.0389802,3.02666001,50103989,369040208.0,0.221814,1,0.4071,0
2014-05-22,sh.600016,3.0389802,3.09647442,3.03076674,3.04308693,3.0389802,55704449,416010864.0,0.246608,1,0.1351,0
2014-05-23,sh.600016,3.04719366,3.07183404,3.03487347,3.06362058,3.04308693,40972513,304626288.0,0.181388,1,0.6748,0
2014-05-26,sh.600016,3.07594077,3.09236769,3.06362058,3.07594077,3.06362058,73804596,552391792.0,0.326738,1,0.4021,0
2014-05-27,sh.600016,3.07594077,3.0800475,3.05130039,3.05540712,3.07594077,39716356,296645760.0,0.175827,1,-0.6676,0
2014-05-28,sh.600016,3.05540712,3.07183404,3.02666001,3.05951385,3.05540712,52433803,389088304.0,0.232128,1,0.1344,0
2014-05-29,sh.600016,3.05951385,3.07594077,3.04308693,3.04719366,3.05951385,51082617,381096176.0,0.226146,1,-0.4027,0
2014-05-30,sh.600016,3.04719366,3.0800475,3.0389802,3.05951385,3.04719366,48703258,362849040.0,0.215613,1,0.4043,0
2014-06-03,sh.600016,3.06362058,3.0800475,3.05130039,3.05540712,3.05951385,35322515,263687447.0,0.156375,1,-0.1342,0
2014-06-04,sh.600016,3.05540712,3.05540712,3.02255328,3.0389802,3.05540712,33892010,250370956.0,0.150042,1,-0.5376,0
2014-06-05,sh.600016,3.03487347,3.06772731,3.02255328,3.06362058,3.0389802,42683401,317240336.0,0.188962,1,0.8108,0
2014-06-06,sh.600016,3.06772731,3.06772731,2.9979129,3.0389802,3.06362058,54167824,399247280.0,0.239805,1,-0.8043,0
2014-06-09,sh.600016,3.01023309,3.07183404,3.00612636,3.03076674,3.0389802,48830400,361919360.0,0.216176,1,-0.2703,0
2014-06-10,sh.600016,3.05540712,3.06362058,3.02666001,3.05951385,3.03076674,70074451,520195984.0,0.310225,1,0.9485,0
2014-06-11,sh.600016,3.05130039,3.05130039,3.02255328,3.03076674,3.05951385,53825167,397606560.0,0.238288,1,-0.9396,0
2014-06-12,sh.600016,3.03076674,3.03487347,3.00201963,3.01433982,3.03076674,63932536,469871568.0,0.283034,1,-0.542,0
2014-06-13,sh.600016,3.01023309,3.10468788,3.01023309,3.05951385,3.01433982,115382884,859954976.0,0.510808,1,1.4986,0
2014-06-16,sh.600016,3.06772731,3.19914267,3.05951385,3.15396864,3.05951385,181344840,1383210768.0,0.802826,1,3.0872,0
2014-06-17,sh.600016,3.12522153,3.15396864,3.10879461,3.12932826,3.15396864,91014765,693303728.0,0.402929,1,-0.7812,0
2014-06-18,sh.600016,3.12932826,3.15396864,3.12522153,3.14575518,3.12932826,54994332,420931216.0,0.243464,1,0.5249,0
2014-06-19,sh.600016,3.14575518,3.1621821,3.11290134,3.13343499,3.14575518,56924387,435308112.0,0.252008,1,-0.3916,0
2014-06-20,sh.600016,3.13343499,3.17039556,3.12932826,3.16628883,3.13343499,52763340,404874448.0,0.233587,1,1.0485,0
2014-06-23,sh.600016,3.16628883,3.17860902,3.1211148,3.13343499,3.16628883,43173599,331359472.0,0.191133,1,-1.0376,0
2014-06-24,sh.600016,3.13343499,3.14164845,3.10879461,3.1211148,3.13343499,62418232,475017280.0,0.276329,1,-0.3932,0
2014-06-25,sh.600016,3.13110633,3.1460877,3.0961498,3.12111875,3.12111875,41146540,256551064.0,0.151798,1,0.0,0
2014-06-26,sh.600016,3.12111875,3.13110633,3.10114359,3.12111875,3.12111875,80363187,501227408.0,0.296477,1,0.0,0
2014-06-27,sh.600016,3.11612496,3.12111875,3.08616222,3.09115601,3.12111875,64730792,401388128.0,0.238806,1,-0.96,0
2014-06-30,sh.600016,3.10114359,3.12111875,3.09115601,3.10114359,3.09115601,65622158,408693808.0,0.242094,1,0.3231,0
2014-07-01,sh.600016,3.12111875,3.12111875,3.0961498,3.10114359,3.10114359,41943191,260924626.0,0.154737,1,0.0,0
2014-07-02,sh.600016,3.11113117,3.12111875,3.09115601,3.11113117,3.10114359,40427838,251664222.0,0.149147,1,0.3221,0
2014-07-03,sh.600016,3.11113117,3.12611254,3.0961498,3.12611254,3.11113117,67285046,419665712.0,0.248229,1,0.4815,0
2014-07-04,sh.600016,3.12111875,3.12611254,3.0961498,3.11113117,3.12611254,68496790,426301136.0,0.252699,1,-0.4792,0
2014-07-07,sh.600016,3.11113117,3.11113117,3.0961498,3.10114359,3.11113117,39434157,244879052.0,0.145481,1,-0.321,0
2014-07-08,sh.600016,3.10114359,3.11113117,3.08616222,3.0961498,3.10114359,65037413,403052176.0,0.239937,1,-0.161,0
2014-07-09,sh.600016,3.0961498,3.0961498,3.0462119,3.05120569,3.0961498,69141719,424826304.0,0.255079,1,-1.4516,0
2014-07-10,sh.600016,3.05120569,3.06119327,2.99128021,3.02124295,3.05120569,94762821,572733056.0,0.3496,1,-0.982,0
2014-07-11,sh.600016,3.02124295,3.03123053,3.00626158,3.02124295,3.02124295,51717611,312504304.0,0.190797,1,0.0,0
2014-07-14,sh.600016,3.02124295,3.02623674,2.98628642,3.02124295,3.02124295,78880571,473931168.0,0.291007,1,0.0,0
2014-07-15,sh.600016,3.01624916,3.01624916,3.00126779,3.01125537,3.02124295,77327427,466083968.0,0.285277,1,-0.3306,0
2014-07-16,sh.600016,3.01125537,3.01624916,2.99128021,3.01624916,3.01125537,56753130,341708368.0,0.209374,1,0.1658,0
2014-07-17,sh.600016,3.01125537,3.01624916,2.98628642,3.00126779,3.01624916,55001902,330220624.0,0.202914,1,-0.4967,0
2014-07-18,sh.600016,2.996274,3.00626158,2.98628642,3.00126779,3.00126779,63895774,383628560.0,0.235725,1,0.0,0
2014-07-21,sh.600016,2.996274,3.00126779,2.96131747,2.97130505,3.00126779,75751588,451284464.0,0.279464,1,-0.9983,0
2014-07-22,sh.600016,2.96131747,3.02124295,2.95132989,3.01125537,2.97130505,102159860,612872032.0,0.37689,1,1.3445,0
2014-07-23,sh.600016,3.00626158,3.03622432,3.00126779,3.01125537,3.01125537,95127050,575258784.0,0.350944,1,0.0,0
2014-07-24,sh.600016,3.01624916,3.12111875,3.00626158,3.0961498,3.01125537,250577158,1541968256.0,0.924433,1,2.8192,0
2014-07-25,sh.600016,3.10613738,3.12611254,3.08116843,3.11612496,3.0961498,124210628,771959824.0,0.45824,1,0.6452,0
2014-07-28,sh.600016,3.12611254,3.33085793,3.12111875,3.30588898,3.11612496,398118032,2601923696.0,1.468743,1,6.0897,0
2014-07-29,sh.600016,3.31587656,3.33585172,3.26094487,3.30089519,3.30588898,208190588,1375379024.0,0.76806,1,-0.1511,0
2014-07-30,sh.600016,3.30089519,3.34084551,3.27093245,3.28591382,3.30089519,155431181,1027819648.0,0.573419,1,-0.4539,0
2014-07-31,sh.600016,3.28092003,3.32586414,3.26593866,3.32087035,3.28591382,127589508,840303232.0,0.470705,1,1.0638,0
2014-08-01,sh.600016,3.31088277,3.3458393,3.28092003,3.28092003,3.32087035,173057222,1147927408.0,0.638445,1,-1.203,0
2014-08-04,sh.600016,3.28092003,3.34084551,3.27592624,3.34084551,3.28092003,151611759,1006147296.0,0.559328,1,1.8265,0
2014-08-05,sh.600016,3.34084551,3.3458393,3.28591382,3.30089519,3.34084551,134444695,889559936.0,0.495995,1,-1.1958,0
2014-08-06,sh.600016,3.28591382,3.29090761,3.22099455,3.25095729,3.30089519,150534501,979893232.0,0.555354,1,-1.5129,0
2014-08-07,sh.600016,3.2459635,3.25595108,3.18603802,3.19103181,3.25095729,124967949,804497680.0,0.461034,1,-1.8433,0
2014-08-08,sh.600016,3.19103181,3.21600076,3.17605044,3.1960256,3.19103181,86135110,551381088.0,0.317771,1,0.1565,0
2014-08-11,sh.600016,3.21100697,3.2459635,3.1960256,3.23597592,3.1960256,99029293,640299728.0,0.36534,1,1.25,0
2014-08-12,sh.600016,3.22099455,3.22598834,3.19103181,3.21100697,3.23597592,104322529,669669632.0,0.384868,1,-0.7716,0
2014-08-13,sh.600016,3.21100697,3.22598834,3.17105665,3.1960256,3.21100697,100218672,641038208.0,0.369728,1,-0.4666,0
2014-08-14,sh.600016,3.1960256,3.20601318,3.15108149,3.16106907,3.1960256,116859423,743412992.0,0.431119,1,-1.0938,0
2014-08-15,sh.600016,3.16106907,3.18603802,3.14109391,3.17105665,3.16106907,112471545,712865936.0,0.414932,1,0.316,0
2014-08-18,sh.600016,3.17105665,3.19103181,3.1460877,3.17105665,3.17105665,113878353,722536448.0,0.420122,1,0.0,0
2014-08-19,sh.600016,3.17105665,3.1960256,3.15607528,3.1960256,3.17105665,139361522,886124896.0,0.514134,1,0.7874,0
2014-08-20,sh.600016,3.19103181,3.19103181,3.16606286,3.17605044,3.1960256,78557198,499797504.0,0.289814,1,-0.625,0
2014-08-21,sh.600016,3.17105665,3.17605044,3.12611254,3.15607528,3.17605044,103152222,650406448.0,0.380551,1,-0.6289,0
2014-08-22,sh.600016,3.1460877,3.17605044,3.1460877,3.16106907,3.15607528,97717479,619333072.0,0.360501,1,0.1582,0
2014-08-25,sh.600016,3.16606286,3.17105665,3.13110633,3.13610012,3.16106907,68476895,431255216.0,0.252626,1,-0.7899,0
2014-08-26,sh.600016,3.13610012,3.15607528,3.12611254,3.15108149,3.13610012,95347718,600835728.0,0.351758,1,0.4777,0
2014-08-27,sh.600016,3.15607528,3.15607528,3.12611254,3.13610012,3.15108149,59079537,371573280.0,0.217957,1,-0.4754,0
2014-08-28,sh.600016,3.13610012,3.1460877,3.09115601,3.0961498,3.13610012,88004579,549080688.0,0.324668,1,-1.2739,0
2014-08-29,sh.600016,3.09115601,3.13110633,3.08616222,3.12611254,3.0961498,70755950,441384576.0,0.261034,1,0.9677,0
2014-09-01,sh.600016,3.11612496,3.13110633,3.09115601,3.12111875,3.12611254,115027159,716139744.0,0.42436,1,-0.1597,0
2014-09-02,sh.600016,3.12111875,3.17105665,3.10114359,3.16606286,3.12111875,167521512,1050991456.0,0.618023,1,1.44,0
2014-09-03,sh.600016,3.16106907,3.1960256,3.15607528,3.18104423,3.16606286,177177030,1128969872.0,0.653644,1,0.4732,0
2014-09-04,sh.600016,3.18603802,3.20101939,3.16606286,3.1960256,3.18104423,138618969,883248896.0,0.511395,1,0.471,0
2014-09-05,sh.600016,3.20601318,3.22099455,3.18603802,3.21600076,3.1960256,151632526,973213504.0,0.559405,1,0.625,0
2014-09-09,sh.600016,3.22099455,3.22598834,3.18603802,3.1960256,3.21600076,96577375,618626384.0,0.356295,1,-0.6211,0
2014-09-10,sh.600016,3.18603802,3.18603802,3.15607528,3.16106907,3.1960256,96706740,613679216.0,0.356772,1,-1.0938,0
2014-09-11,sh.600016,3.15607528,3.20101939,3.15108149,3.17105665,3.16106907,150595925,956352480.0,0.555581,1,0.316,0
2014-09-12,sh.600016,3.15607528,3.17105665,3.15108149,3.17105665,3.17105665,81336188,514580096.0,0.300067,1,0.0,0
2014-09-15,sh.600016,3.16106907,3.16106907,3.13610012,3.15108149,3.17105665,112374545,708609520.0,0.414574,1,-0.6299,0
2014-09-16,sh.600016,3.15607528,3.17105665,3.12111875,3.13110633,3.15108149,164849487,1039333328.0,0.608165,1,-0.6339,0
2014-09-17,sh.600016,3.1460877,3.1460877,3.12111875,3.12611254,3.13110633,122143165,766227712.0,0.450612,1,-0.1595,0
2014-09-18,sh.600016,3.12111875,3.18603802,3.11113117,3.1460877,3.12611254,154505906,973730768.0,0.570005,1,0.639,0
2014-09-19,sh.600016,3.1460877,3.16106907,3.13110633,3.15108149,3.1460877,112112075,705770640.0,0.413605,1,0.1587,0
2014-09-22,sh.600016,3.14109391,3.1460877,3.07617464,3.08616222,3.15108149,152234295,945642752.0,0.561625,1,-2.0602,0
2014-09-23,sh.600016,3.08616222,3.10613738,3.08116843,3.0961498,3.08616222,91766499,568440000.0,0.338546,1,0.3236,0
2014-09-24,sh.600016,3.08616222,3.1460877,3.07617464,3.13610012,3.0961498,208960952,1302472080.0,0.770902,1,1.2903,0
2014-09-25,sh.600016,3.1460877,3.15607528,3.10114359,3.12111875,3.13610012,163419495,1023880608.0,0.602889,1,-0.4777,0
2014-09-26,sh.600016,3.11612496,3.12111875,3.09115601,3.11113117,3.12111875,91293326,567278656.0,0.336801,1,-0.32,0
2014-09-29,sh.600016,3.11113117,3.12111875,3.10613738,3.11612496,3.11113117,126343798,787481872.0,0.466109,1,0.1605,0
2014-09-30,sh.600016,3.11612496,3.12111875,3.10114359,3.11612496,3.11612496,106822179,665383472.0,0.394089,1,0.0,0
2014-10-08,sh.600016,3.12611254,3.21100697,3.11612496,3.20601318,3.11612496,303653472,1923792240.0,1.120241,1,2.8846,0
2014-10-09,sh.600016,3.21100697,3.21100697,3.18104423,3.20601318,3.20601318,189974085,1214740800.0,0.700854,1,0.0,0
2014-10-10,sh.600016,3.18603802,3.19103181,3.15108149,3.16106907,3.20601318,130875736,830203216.0,0.482828,1,-1.4019,0
2014-10-13,sh.600016,3.15108149,3.15607528,3.10613738,3.12611254,3.16106907,121474837,759289104.0,0.448146,1,-1.1058,0
2014-10-14,sh.600016,3.11612496,3.1460877,3.11113117,3.12111875,3.12611254,101345227,633837232.0,0.373884,1,-0.1597,0
2014-10-15,sh.600016,3.13110633,3.15108149,3.10114359,3.12611254,3.12111875,113210225,708648656.0,0.417656,1,0.16,0
2014-10-16,sh.600016,3.11113117,3.17105665,3.10114359,3.14109391,3.12611254,200483157,1260124976.0,0.739624,1,0.4792,0
2014-10-17,sh.600016,3.13610012,3.1460877,3.11612496,3.13610012,3.14109391,129508412,811120224.0,0.477784,1,-0.159,0
2014-10-20,sh.600016,3.1460877,3.15108149,3.13110633,3.1460877,3.13610012,111198393,699296208.0,0.410234,1,0.3185,0
2014-10-21,sh.600016,3.1460877,3.1460877,3.11113117,3.11612496,3.1460877,74036781,463474592.0,0.273137,1,-0.9524,0
2014-10-22,sh.600016,3.11612496,3.13110633,3.11113117,3.11612496,3.11612496,79301148,495243120.0,0.292559,1,0.0,0
2014-10-23,sh.600016,3.11612496,3.13110633,3.0961498,3.10613738,3.11612496,102363817,638942384.0,0.377642,1,-0.3205,0
2014-10-24,sh.600016,3.10613738,3.11612496,3.08616222,3.10114359,3.10613738,84763777,526213168.0,0.312711,1,-0.1608,0
2014-10-27,sh.600016,3.08616222,3.0961498,3.0462119,3.05619948,3.10114359,95275602,584180784.0,0.351492,1,-1.4493,0
2014-10-28,sh.600016,3.05619948,3.09115601,3.05619948,3.08616222,3.05619948,92995159,571549680.0,0.343079,1,0.9804,0
2014-10-29,sh.600016,3.09115601,3.13610012,3.08116843,3.12111875,3.08616222,132140258,821732448.0,0.487493,1,1.1327,0
2014-10-30,sh.600016,3.11612496,3.15607528,3.0961498,3.13110633,3.12111875,188548016,1179587312.0,0.695593,1,0.32,0
2014-10-31,sh.600016,3.1460877,3.26593866,3.13110633,3.21600076,3.13110633,533327296,3419034848.0,1.967556,1,2.7113,0
2014-11-03,sh.600016,3.21600076,3.22099455,3.17105665,3.18104423,3.21600076,274406048,1752037616.0,1.012342,1,-1.087,0
2014-11-04,sh.600016,3.18104423,3.18104423,3.14109391,3.15108149,3.18104423,171581933,1083480032.0,0.633002,1,-0.9419,0
2014-11-05,sh.600016,3.15108149,3.17105665,3.12611254,3.16106907,3.15108149,138242456,871322864.0,0.510005,1,0.317,0
2014-11-06,sh.600016,3.16106907,3.17605044,3.1460877,3.16106907,3.16106907,109381692,692384112.0,0.403532,1,0.0,0
2014-11-07,sh.600016,3.16106907,3.22099455,3.1460877,3.16606286,3.16106907,307848832,1962236208.0,1.135719,1,0.158,0
2014-11-10,sh.600016,3.37080825,3.4457151,3.2459635,3.31088277,3.16606286,793423472,5263065600.0,2.927106,1,4.5741,0
2014-11-11,sh.600016,3.34084551,3.46069647,3.33085793,3.3957772,3.31088277,861561520,5868508160.0,3.178481,1,2.5641,0
2014-11-12,sh.600016,3.3458393,3.40576478,3.32087035,3.40077099,3.3957772,374175088,2524230864.0,1.38041,1,0.1471,0
2014-11-13,sh.600016,3.41575236,3.51063437,3.3957772,3.41075857,3.40077099,510844912,3530925536.0,1.884614,1,0.2937,0
2014-11-14,sh.600016,3.38578962,3.42074615,3.3458393,3.38079583,3.41075857,218664425,1477690928.0,0.806699,1,-0.8785,0
2014-11-17,sh.600016,3.3957772,3.42074615,3.27093245,3.28591382,3.38079583,283475200,1888834352.0,1.0458,1,-2.8065,0
2014-11-18,sh.600016,3.28591382,3.29090761,3.20601318,3.22598834,3.28591382,240400887,1557987184.0,0.886889,1,-1.8237,0
2014-11-19,sh.600016,3.22099455,3.23597592,3.19103181,3.22099455,3.22598834,149441357,961194064.0,0.551321,1,-0.1548,0
2014-11-20,sh.600016,3.20601318,3.23098213,3.18104423,3.21600076,3.22099455,161363318,1036577216.0,0.595303,1,-0.155,0
2014-11-21,sh.600016,3.21600076,3.28591382,3.18603802,3.27093245,3.21600076,228009976,1475529408.0,0.841177,1,1.7081,0
2014-11-24,sh.600016,3.20101939,3.29090761,3.15108149,3.25095729,3.27093245,523676832,3375082160.0,1.931954,1,-0.6107,0
2014-11-25,sh.600016,3.23098213,3.29090761,3.21600076,3.28092003,3.25095729,396369856,2574781360.0,1.462292,1,0.9217,0
2014-11-26,sh.600016,3.28092003,3.37080825,3.26593866,3.3458393,3.28092003,548604448,3648671616.0,2.023917,1,1.9787,0
2014-11-27,sh.600016,3.37080825,3.42074615,3.33085793,3.37080825,3.3458393,566373504,3829116784.0,2.089471,1,0.7463,0
2014-11-28,sh.600016,3.38578962,3.67043565,3.37580204,3.66044807,3.37080825,1259134224,8921138176.0,4.64521,1,8.5926,0
2014-12-01,sh.600016,3.68042323,3.84022451,3.58554122,3.59053501,3.66044807,995278192,7374012160.0,3.67179,1,-1.91,0
2014-12-02,sh.600016,3.72037355,3.95008789,3.66044807,3.95008789,3.59053501,1444964304,11050961664.0,5.330777,1,10.0139,0
2014-12-03,sh.600016,4.03498232,4.33460972,4.01500716,4.10489538,3.95008789,1836898064,15244499200.0,6.776703,1,3.9191,0
2014-12-04,sh.600016,4.1448457,4.494411,4.04996369,4.48941721,4.10489538,1403564672,12005710848.0,5.178045,1,9.3674,0
2014-12-05,sh.600016,4.51937995,4.7441005,4.2946594,4.53935511,4.48941721,1646827312,15000567040.0,6.075492,1,1.1124,0
2014-12-08,sh.600016,4.494411,4.66919365,4.34959109,4.61426196,4.53935511,1326329440,12135130112.0,4.893108,1,1.6502,0
2014-12-09,sh.600016,4.51937995,4.7441005,4.15483328,4.15982707,4.61426196,1337520112,12126954496.0,4.934392,1,-9.8485,0
2014-12-10,sh.600016,4.18978981,4.36956625,3.97505684,4.31463456,4.15982707,1121543152,9392618240.0,4.137608,1,3.7215,0
2014-12-11,sh.600016,4.19977739,4.4444731,4.16981465,4.29965319,4.31463456,825288048,7159969024.0,3.044661,1,-0.3472,0
2014-12-12,sh.600016,4.26969045,4.36956625,4.14983949,4.20477118,4.29965319,598016368,5103560960.0,2.206208,1,-2.2067,0
2014-12-15,sh.600016,4.11488296,4.14983949,4.00002579,4.10988917,4.20477118,569486384,4637135872.0,2.100955,1,-2.2565,0
2014-12-16,sh.600016,4.0949078,4.30464698,4.06494506,4.29965319,4.10988917,798483072,6692107520.0,2.945772,1,4.6173,0
2014-12-17,sh.600016,4.31962835,4.72911913,4.28966561,4.72911913,4.29965319,2313786624,21432939776.0,8.536045,1,9.9884,0
2014-12-18,sh.600016,4.93885831,4.98879621,4.7441005,4.78904461,4.72911913,1631355632,15851773696.0,6.018413,1,1.2672,0
2014-12-19,sh.600016,4.78904461,4.88392662,4.6442247,4.80901977,4.78904461,1012076560,9659526912.0,3.733763,1,0.4171,0
2014-12-22,sh.600016,4.73910671,5.28342982,4.70914397,5.24847329,4.80901977,1906953280,19578635520.0,7.035151,1,9.1381,0
2014-12-23,sh.600016,5.06869685,5.5431069,4.96382726,5.2434795,5.24847329,1189845072,12610959104.0,4.389588,1,-0.0951,0
2014-12-24,sh.600016,5.1436037,5.37831183,4.98380242,5.1436037,5.2434795,965885024,9963641856.0,3.563353,1,-1.9048,0
2014-12-25,sh.600016,5.3433553,5.493169,5.16857265,5.36333046,5.1436037,973699280,10414744064.0,3.592181,1,4.2718,0
2014-12-26,sh.600016,5.41326836,5.51813795,5.2434795,5.4432311,5.36333046,1118918128,12083848704.0,4.127924,1,1.4898,0
2014-12-29,sh.600016,5.5431069,5.76283366,5.23848571,5.35833667,5.4432311,1167333888,12851677440.0,4.30654,1,-1.5596,0
2014-12-30,sh.600016,5.37831183,5.48318142,5.25346708,5.38330562,5.35833667,746930832,8042287360.0,2.755585,1,0.466,0
2014-12-31,sh.600016,5.34834909,5.46820005,5.22350434,5.43324352,5.38330562,770719312,8292105728.0,2.831494,1,0.9276,0
2015-01-05,sh.600016,5.42824973,5.47319384,5.2434795,5.38330562,5.43324352,913887376,9793212416.0,3.35747,1,-0.9191,0
2015-01-06,sh.600016,5.3433553,5.3932932,5.13361612,5.20352918,5.38330562,896571648,9393248768.0,3.293855,1,-3.3395,0
2015-01-07,sh.600016,5.13361612,5.29841119,5.0936658,5.24847329,5.20352918,578704528,6022849024.0,2.126064,1,0.8637,0
2015-01-08,sh.600016,5.29841119,5.32338014,5.03873411,5.0936658,5.24847329,485168416,4990242048.0,1.782428,1,-2.9496,0
2015-01-09,sh.600016,5.09365777,5.37021372,5.04840316,5.1288558,5.09365777,768649792,7966614784.0,2.823891,1,0.691,0
2015-01-12,sh.600016,5.12382751,5.1791387,4.90258275,5.02326171,5.1288558,530982400,5332599040.0,1.950741,1,-2.0588,0
2015-01-13,sh.600016,5.02326171,5.07354461,4.9277242,4.94783736,5.02326171,312574272,3100486608.0,1.148346,1,-1.5015,0
2015-01-14,sh.600016,4.98806368,5.09365777,4.95286565,4.99812026,4.94783736,366463968,3657445504.0,1.346328,1,1.0163,0
2015-01-15,sh.600016,5.00817684,5.14896896,4.93778078,5.14394067,4.99812026,461766816,4646087424.0,1.696454,1,2.9175,0
2015-01-16,sh.600016,5.14394067,5.20428015,5.06851632,5.13388409,5.14394067,550566880,5632437504.0,2.022691,1,-0.1955,0
2015-01-19,sh.600016,4.72156431,4.86738472,4.62099851,4.62099851,5.13388409,796088320,7425297920.0,2.924696,1,-9.9902,0
2015-01-20,sh.600016,4.62099851,4.79698866,4.56568732,4.76681892,4.62099851,673525264,6304153088.0,2.47442,1,3.1556,0
2015-01-21,sh.600016,4.77184721,5.06851632,4.71150773,5.01823342,4.76681892,662277536,6444686080.0,2.433097,1,5.2743,0
2015-01-22,sh.600016,5.01823342,5.16908212,4.97297881,5.11879922,5.01823342,530978560,5378543104.0,1.950727,1,2.004,0
2015-01-23,sh.600016,5.10371435,5.26964792,5.10371435,5.21936502,5.11879922,577583152,5967115520.0,2.121944,1,1.9646,0
2015-01-26,sh.600016,5.25959134,5.29981766,5.1791387,5.27467621,5.21936502,475265760,4963831808.0,1.746047,1,1.0597,0
2015-01-27,sh.600016,5.27467621,5.28976108,4.9780071,5.12382751,5.27467621,419481984,4262981232.0,1.541107,1,-2.8599,0
2015-01-28,sh.600016,5.02829,5.11879922,4.96795052,4.99812026,5.12382751,279104128,2786217376.0,1.025382,1,-2.4534,0
2015-01-29,sh.600016,4.89755446,4.91766762,4.81207353,4.84224327,4.99812026,321400848,3107153504.0,1.180773,1,-3.1187,0
2015-01-30,sh.600016,4.90761104,4.93778078,4.74670576,4.76179063,4.84224327,390064320,3747023456.0,1.433031,1,-1.6615,0
2015-02-02,sh.600016,4.45506494,4.70647944,4.45003665,4.61094193,4.76179063,622548128,5679591680.0,2.280644,1,-3.1679,0
2015-02-03,sh.600016,4.6260268,4.72156431,4.59585706,4.70647944,4.61094193,318330176,2950561568.0,1.166172,1,2.072,0
2015-02-04,sh.600016,4.70647944,4.71653602,4.58580048,4.59585706,4.70647944,222722087,2061440704.0,0.815921,1,-2.3504,0
2015-02-05,sh.600016,4.78693208,4.8271584,4.56065903,4.57071561,4.59585706,409113936,3830298592.0,1.498749,1,-0.547,0
2015-02-06,sh.600016,4.55563074,4.65116825,4.49529126,4.56065903,4.57071561,236736643,2156359760.0,0.867262,1,-0.22,0
2015-02-09,sh.600016,4.56065903,4.69642286,4.54054587,4.64613996,4.56065903,263163209,2419981360.0,0.964072,1,1.8743,0
2015-02-10,sh.600016,4.64111167,4.73664918,4.61094193,4.69139457,4.64613996,271605904,2530272800.0,0.995001,1,0.974,0
2015-02-11,sh.600016,4.69139457,4.74670576,4.6763097,4.70145115,4.69139457,152280881,1425179168.0,0.557866,1,0.2144,0
2015-02-12,sh.600016,4.70145115,4.70647944,4.60088535,4.6763097,4.70145115,165471103,1530808640.0,0.606187,1,-0.5348,0
2015-02-13,sh.600016,4.67128141,4.74167747,4.64613996,4.6763097,4.6763097,268985136,2509362224.0,0.9854,1,0.0,0
2015-02-16,sh.600016,4.67128141,4.6763097,4.61094193,4.63608338,4.6763097,236974028,2183054064.0,0.868131,1,-0.8602,0
2015-02-17,sh.600016,4.63608338,4.68133799,4.63608338,4.64613996,4.63608338,134949757,1249718704.0,0.494375,1,0.2169,0
2015-02-25,sh.600016,4.65116825,4.65116825,4.55060245,4.59082877,4.64613996,179553461,1638342000.0,0.657776,1,-1.1905,0
2015-02-26,sh.600016,4.5757439,4.6763097,4.54054587,4.66122483,4.59082877,244481242,2245001520.0,0.895633,1,1.5334,0
2015-02-27,sh.600016,4.66122483,4.68636628,4.6260268,4.64111167,4.66122483,178920079,1656329920.0,0.655456,1,-0.4315,0
2015-03-02,sh.600016,4.66625312,4.67128141,4.60591364,4.64613996,4.64111167,244195490,2249752944.0,0.894586,1,0.1083,0
2015-03-03,sh.600016,4.62099851,4.6260268,4.52043271,4.525461,4.64613996,308253216,2792812096.0,1.129255,1,-2.5974,0
2015-03-04,sh.600016,4.56568732,4.56568732,4.4751781,4.50534784,4.525461,198928438,1783976048.0,0.728754,1,-0.4444,0
2015-03-05,sh.600016,4.4751781,4.49529126,4.35449914,4.39975375,4.50534784,283831904,2487481888.0,1.03979,1,-2.3438,0
2015-03-06,sh.600016,4.39472546,4.44500836,4.37964059,4.40478204,4.39975375,170561049,1497913168.0,0.624833,1,0.1143,0
2015-03-09,sh.600016,4.40478204,4.68133799,4.34947085,4.63608338,4.40478204,516647120,4659816960.0,1.892685,1,5.2511,0
2015-03-10,sh.600016,4.58077219,4.59082877,4.51540442,4.525461,4.63608338,266623631,2409477952.0,0.976749,1,-2.3861,0
2015-03-11,sh.600016,4.525461,4.63105509,4.525461,4.54054587,4.525461,241368597,2195296080.0,0.88423,1,0.3333,0
2015-03-12,sh.600016,4.63608338,4.80201695,4.58077219,4.71653602,4.54054587,621640704,5805733632.0,2.277318,1,3.876,0
2015-03-13,sh.600016,4.71150773,4.84224327,4.66625312,4.69139457,4.71653602,460784768,4349992192.0,1.688039,1,-0.5331,0
2015-03-16,sh.600016,4.69139457,4.75173405,4.63105509,4.72156431,4.69139457,350546736,3274637840.0,1.284193,1,0.6431,0
2015-03-17,sh.600016,4.74670576,4.7768755,4.69139457,4.74670576,4.72156431,402611360,3786934096.0,1.474926,1,0.5325,0
2015-03-18,sh.600016,4.75173405,4.84727156,4.73162089,4.84224327,4.74670576,592845776,5650525184.0,2.171831,1,2.0127,0
2015-03-19,sh.600016,4.84224327,4.84224327,4.75676234,4.78190379,4.84224327,416405136,3967541584.0,1.525458,1,-1.2461,0
2015-03-20,sh.600016,4.78190379,4.93778078,4.7265926,4.84224327,4.78190379,594990288,5707678464.0,2.179687,1,1.2618,0
2015-03-23,sh.600016,4.87241301,4.9277242,4.84727156,4.90761104,4.84224327,477543408,4644250368.0,1.749432,1,1.3499,0
2015-03-24,sh.600016,4.89755446,4.94280907,4.84224327,4.86235643,4.90761104,480539376,4657713664.0,1.760408,1,-0.9221,0
2015-03-25,sh.600016,4.8271584,4.83721498,4.71150773,4.74167747,4.86235643,398950272,3785983392.0,1.461514,1,-2.4819,0
2015-03-26,sh.600016,4.7265926,4.81207353,4.67128141,4.75676234,4.74167747,333613712,3147912064.0,1.22216,1,0.3181,0
2015-03-27,sh.600016,4.76179063,4.80704524,4.71653602,4.78190379,4.75676234,310386992,2940919376.0,1.137072,1,0.5285,0
2015-03-30,sh.600016,4.81710182,4.93778078,4.78190379,4.92269591,4.78190379,606445104,5883942144.0,2.221651,1,2.9443,0
2015-03-31,sh.600016,4.9780071,5.05343145,4.81710182,4.8774413,4.92269591,619078608,6108713472.0,2.267928,1,-0.9193,0
2015-04-01,sh.600016,4.86738472,4.95286565,4.83721498,4.90761104,4.8774413,382834656,3730694000.0,1.402474,1,0.6186,0
2015-04-02,sh.600016,4.9277242,4.94280907,4.81207353,4.86235643,4.90761104,403085952,3903769648.0,1.476662,1,-0.9221,0
2015-04-03,sh.600016,4.8271584,4.89755446,4.81710182,4.88749788,4.86235643,342126688,3307749376.0,1.253345,1,0.5171,0
2015-04-07,sh.600016,4.9277242,5.01823342,4.9277242,4.99812026,4.88749788,566390864,5600264960.0,2.074912,1,2.2634,0
2015-04-08,sh.600016,5.00314855,5.09365777,4.9277242,5.08862948,4.99812026,765067184,7633788160.0,2.802742,1,1.8109,0
2015-04-09,sh.600016,5.09365777,5.21433673,5.03331829,5.05343145,5.08862948,669469680,6797889280.0,2.452531,1,-0.6917,0
2015-04-10,sh.600016,5.05343145,5.19422357,5.02829,5.16908212,5.05343145,616295200,6279488768.0,2.257732,1,2.2886,0
2015-04-13,sh.600016,5.26964792,5.31993082,5.18919528,5.24953476,5.16908212,625740768,6526984960.0,2.292335,1,1.5564,0
2015-04-14,sh.600016,5.24953476,5.24953476,5.10371435,5.16405383,5.24953476,478680208,4917413888.0,1.753594,1,-1.6283,0
2015-04-15,sh.600016,5.16405383,5.46072294,5.1288558,5.30987424,5.16405383,818396528,8597960448.0,2.998108,1,2.8238,0
2015-04-16,sh.600016,5.29478937,5.55626045,5.23444989,5.52609071,5.30987424,809354336,8676408832.0,2.964983,1,4.072,0
2015-04-17,sh.600016,5.65179796,5.66185454,5.47077952,5.49592097,5.52609071,734615440,8112002304.0,2.691185,1,-0.5459,0
2015-04-20,sh.600016,5.54620387,5.54620387,5.23444989,5.25456305,5.49592097,750478928,8073004544.0,2.749299,1,-4.3916,0
2015-04-21,sh.600016,5.2797045,5.44563807,5.25456305,5.39535517,5.25456305,481457344,5123569664.0,1.763768,1,2.6794,0
2015-04-22,sh.600016,5.43558149,5.52106242,5.37524201,5.46575123,5.39535517,616671392,6678754816.0,2.25911,1,1.3048,0
2015-04-23,sh.600016,5.46575123,5.51100584,5.31993082,5.37524201,5.46575123,530523504,5708920064.0,1.943516,1,-1.6559,0
2015-04-24,sh.600016,5.2797045,5.35512885,5.15399725,5.24450647,5.37524201,475742704,4957635840.0,1.742833,1,-2.4322,0
2015-04-27,sh.600016,5.25456305,5.40541175,5.25456305,5.36015714,5.24450647,531775360,5650597632.0,1.948102,1,2.2052,0
2015-04-28,sh.600016,5.36518543,5.6316848,5.32495911,5.4808361,5.36015714,949274112,10329677312.0,3.477564,1,2.2514,0
2015-04-29,sh.600016,5.4808361,5.4808361,5.35512885,5.39535517,5.4808361,462244704,4982746112.0,1.693384,1,-1.5596,0
2015-04-30,sh.600016,5.39535517,5.45569465,5.33501569,5.34004398,5.39535517,386326048,4144015776.0,1.415262,1,-1.0252,0
2015-05-04,sh.600016,5.34004398,5.46575123,5.28976108,5.44563807,5.34004398,461144656,4969835264.0,1.689351,1,1.9774,0
2015-05-05,sh.600016,5.45066636,5.45066636,5.26964792,5.3299874,5.44563807,522638784,5574787584.0,1.914628,1,-2.1237,0
2015-05-06,sh.600016,5.41546833,5.56128874,5.35512885,5.44563807,5.3299874,837276448,9125035008.0,3.067267,1,2.1698,0
2015-05-07,sh.600016,5.40541175,5.50597755,5.37021372,5.40541175,5.44563807,451538736,4880877312.0,1.654161,1,-0.7387,0
2015-05-08,sh.600016,5.44563807,5.48586439,5.20930844,5.33501569,5.40541175,463284864,4907527424.0,1.697191,1,-1.3023,0
2015-05-11,sh.600016,5.2294216,5.35512885,5.17411041,5.34004398,5.33501569,545406464,5699396352.0,1.998035,1,0.0943,0
2015-05-12,sh.600016,5.3299874,5.37021372,5.2797045,5.3299874,5.34004398,356349552,3771613808.0,1.305446,1,-0.1883,0
2015-05-13,sh.600016,5.34507227,5.39535517,5.20930844,5.23444989,5.3299874,341774736,3594496160.0,1.252053,1,-1.7925,0
2015-05-14,sh.600016,5.23947818,5.37524201,5.23444989,5.27467621,5.23444989,404336096,4259382080.0,1.481239,1,0.7685,0
2015-05-15,sh.600016,5.2294216,5.31993082,5.08360119,5.11879922,5.27467621,330847776,3412426416.0,1.212023,1,-2.9552,0
2015-05-18,sh.600016,5.08862948,5.16405383,4.99812026,5.01320513,5.11879922,273180688,2752405456.0,1.000766,1,-2.0629,0
2015-05-19,sh.600016,5.01320513,5.19925186,5.00314855,5.16405383,5.01320513,319753536,3258780912.0,1.171381,1,3.009,0
2015-05-20,sh.600016,5.1791387,5.30484595,5.15399725,5.19925186,5.16405383,391518688,4070801584.0,1.434284,1,0.6816,0
2015-05-21,sh.600016,5.28473279,5.29478937,5.13388409,5.21936502,5.19925186,214100271,2226318944.0,0.784332,1,0.3868,0
2015-05-22,sh.600016,5.25959134,5.36015714,5.20428015,5.34507227,5.21936502,404564400,4276725920.0,1.482076,1,2.4085,0
2015-05-25,sh.600016,5.37021372,5.4305532,5.34507227,5.42049662,5.34507227,600567488,6422992128.0,2.200111,1,1.4111,0
2015-05-26,sh.600016,5.42552491,5.44563807,5.34507227,5.42552491,5.42049662,461105088,4948429056.0,1.689206,1,0.0928,0
2015-05-27,sh.600016,5.4305532,5.47580781,5.34004398,5.37524201,5.42552491,380306160,4081400096.0,1.393208,1,-0.9268,0
2015-05-28,sh.600016,5.37524201,5.39032688,5.02829,5.05343145,5.37524201,472747936,4941371904.0,1.731858,1,-5.9869,0
2015-05-29,sh.600016,5.06851632,5.13388409,4.95286565,5.03834658,5.05343145,379819296,3815392608.0,1.391425,1,-0.2985,0
2015-06-01,sh.600016,5.04337487,5.26461963,4.95789394,5.2294216,5.03834658,486693440,4970260992.0,1.780933,1,3.7924,0
2015-06-02,sh.600016,5.21936502,5.34507227,5.18416699,5.28473279,5.2294216,438933360,4597187328.0,1.606167,1,1.0577,0
2015-06-03,sh.600016,5.26964792,5.30987424,5.16405383,5.24450647,5.28473279,390460224,4065165872.0,1.428792,1,-0.7612,0
2015-06-04,sh.600016,5.25456305,5.44060978,5.02829,5.3299874,5.24450647,949662400,9990001408.0,3.475052,1,1.6299,0
2015-06-05,sh.600016,5.42552491,5.45569465,5.1791387,5.29981766,5.3299874,632704944,6687918848.0,2.315226,1,-0.566,0
2015-06-08,sh.600016,5.28473279,5.61157164,5.24450647,5.5814019,5.29981766,1099752496,11935195392.0,4.02427,1,5.3131,0
2015-06-09,sh.600016,5.60654335,5.65682625,5.39032688,5.46072294,5.5814019,741548576,8154038784.0,2.713512,1,-2.1622,0
2015-06-10,sh.600016,5.4305532,5.62665651,5.37524201,5.53614729,5.46072294,678187904,7441705216.0,2.481659,1,1.3812,0
2015-06-11,sh.600016,5.531119,5.55626045,5.41044004,5.49592097,5.53614729,506965648,5537071616.0,1.855114,1,-0.7266,0
2015-06-12,sh.600016,5.52609071,5.59648677,5.45569465,5.52609071,5.49592097,654091824,7185094144.0,2.393486,1,0.5489,0
2015-06-15,sh.600016,5.55123216,5.5814019,5.2294216,5.26964792,5.52609071,682486544,7315319552.0,2.497389,1,-4.6406,0
2015-06-16,sh.600016,5.23444989,5.34004398,5.03331829,5.11879922,5.26964792,645504864,6674964992.0,2.362064,1,-2.8626,0
2015-06-17,sh.600016,5.17411041,5.19422357,5.05343145,5.1288558,5.11879922,613511360,6229125376.0,2.244992,1,0.1965,0
2015-06-18,sh.600016,5.0785729,5.09868606,4.84224327,4.86738472,5.1288558,677358912,6686074624.0,2.478626,1,-5.098,0
2015-06-19,sh.600016,4.81207353,4.91263933,4.54557416,4.60591364,4.86738472,570038960,5398404608.0,2.085915,1,-5.3719,0
2015-06-23,sh.600016,4.61597022,4.69642286,4.37964059,4.68636628,4.60591364,712235712,6487833856.0,2.606249,1,1.7467,0
2015-06-24,sh.600016,4.71150773,5.01320513,4.66122483,4.93275249,4.68636628,858644016,8147663872.0,2.905559,1,5.2575,0
2015-06-25,sh.600016,5.06851632,5.09365777,4.70145115,4.7265926,4.93275249,760364432,7482524416.0,2.572991,1,-4.1794,0
2015-06-26,sh.600016,4.64111167,4.85229985,4.35952743,4.56568732,4.7265926,710873424,6562867968.0,2.405519,1,-3.4043,0
2015-06-29,sh.600016,4.6763097,4.85229985,4.4248952,4.73162089,4.56568732,996628192,9309568000.0,3.372482,1,3.6344,0
2015-06-30,sh.600016,4.75173405,5.05845974,4.73664918,4.99812026,4.73162089,943689504,9229600768.0,3.193343,1,5.6323,0
2015-07-01,sh.600016,4.90258275,4.96795052,4.7768755,4.80704524,4.99812026,636689408,6166608384.0,2.154488,1,-3.8229,0
2015-07-02,sh.600016,4.86235643,4.91766762,4.60088535,4.80704524,4.80704524,686677008,6568562432.0,2.323641,1,0.0,0
2015-07-03,sh.600016,4.90761104,4.90761104,4.45003665,4.66122483,4.80704524,698387680,6591895040.0,2.363269,1,-3.0335,0
2015-07-06,sh.600016,5.00314855,5.00314855,4.7768755,4.95789394,4.66122483,1210154480,11825239552.0,4.095032,1,6.3646,0
2015-07-07,sh.600016,4.84602406,5.45622646,4.83585402,5.45622646,4.9578945,1647837264,16825612800.0,5.576104,1,10.0513,0
2015-07-08,sh.600016,5.1104451,5.67488232,4.91212932,5.18163538,5.45622646,1632485808,17093279232.0,5.524156,1,-5.0326,0
2015-07-09,sh.600016,5.18163538,5.58335196,4.92738438,5.38503618,5.18163538,1052869568,10869227520.0,3.562797,1,3.9254,0
2015-07-10,sh.600016,5.22740056,5.75115762,5.02908478,5.29350582,5.38503618,1485345936,15796315392.0,5.02625,1,-1.6997,0
2015-07-13,sh.600016,5.08502,5.2629957,4.97823458,5.09519004,5.29350582,914705328,9159635456.0,3.095264,1,-3.7464,0
2015-07-14,sh.600016,4.97823458,5.02908478,4.830769,4.93755442,5.09519004,676582416,6555977728.0,2.289482,1,-3.0938,0
2015-07-15,sh.600016,4.9070443,5.12061514,4.89178924,5.1104451,4.93755442,706123360,6942933760.0,2.389445,1,3.5015,0
2015-07-16,sh.600016,5.1104451,5.1104451,4.9324694,4.9833196,5.1104451,404773536,3973577744.0,1.36971,1,-2.4876,0
2015-07-17,sh.600016,5.02399976,5.04942486,4.93755442,4.99857466,4.9833196,389065072,3816040192.0,1.316554,1,0.3061,0
2015-07-20,sh.600016,4.96297952,5.00365968,4.93755442,4.94772446,4.99857466,336668592,3286808704.0,1.13925,1,-1.0173,0
2015-07-21,sh.600016,4.92229936,4.9578945,4.86636414,4.89178924,4.94772446,281851680,2717841888.0,0.953756,1,-1.1305,0
2015-07-22,sh.600016,4.86636414,4.91212932,4.84093904,4.8561941,4.89178924,244814456,2342385552.0,0.828426,1,-0.7276,0
2015-07-23,sh.600016,4.84602406,4.92738438,4.8053439,4.9070443,4.8561941,326235232,3132739280.0,1.103945,1,1.0471,0
2015-07-24,sh.600016,4.90195928,4.90195928,4.79517386,4.80025888,4.9070443,430279392,4110407712.0,1.456019,1,-2.1762,0
2015-07-27,sh.600016,4.73415362,4.79517386,4.41888238,4.4493925,4.80025888,364454432,3339241152.0,1.233274,1,-7.3093,0
2015-07-28,sh.600016,4.3985423,4.66804836,4.35786214,4.63245322,4.4493925,497893808,4488797952.0,1.684819,1,4.1143,0
2015-07-29,sh.600016,4.61719816,4.6273682,4.54600788,4.60702812,4.63245322,232715915,2099998816.0,0.787486,1,-0.5488,0
2015-07-30,sh.600016,4.60702812,4.66296334,4.53583784,4.6019431,4.60702812,260764407,2356938352.0,0.882399,1,-0.1104,0
2015-07-31,sh.600016,4.62228318,4.66296334,4.55617792,4.62228318,4.6019431,158071138,1430602144.0,0.534896,1,0.442,0
2015-08-03,sh.600016,4.58160302,4.81551394,4.56634796,4.74940868,4.62228318,293038976,2710127232.0,0.991612,1,2.7503,0
2015-08-04,sh.600016,4.73415362,4.82568398,4.68838844,4.8053439,4.74940868,177798880,1670010400.0,0.601652,1,1.1777,0
2015-08-05,sh.600016,4.75957872,4.82568398,4.73923864,4.74432366,4.8053439,121166743,1138806544.0,0.410015,1,-1.2698,0
2015-08-06,sh.600016,4.7290686,4.82059896,4.71889856,4.75957872,4.74432366,121330989,1140580800.0,0.410571,1,0.3215,0
2015-08-07,sh.600016,4.81042892,4.81551394,4.71889856,4.74432366,4.75957872,146855258,1375838032.0,0.496942,1,-0.3205,0
2015-08-10,sh.600016,4.69855848,4.8053439,4.67313338,4.80025888,4.74432366,250378494,2337629088.0,0.847254,1,1.179,0
2015-08-11,sh.600016,4.76974876,4.7799188,4.70872852,4.71889856,4.80025888,161426137,1504814928.0,0.546249,1,-1.6949,0
2015-08-12,sh.600016,4.67313338,4.71381354,4.6273682,4.66804836,4.71889856,137011304,1259153072.0,0.463631,1,-1.0776,0
2015-08-13,sh.600016,4.70872852,4.70872852,4.58668804,4.63753824,4.66804836,123210665,1122948608.0,0.416932,1,-0.6536,0
2015-08-14,sh.600016,4.63753824,4.6527933,4.59685808,4.60702812,4.63753824,106445816,966491824.0,0.360201,1,-0.6579,0
2015-08-17,sh.600016,4.58668804,4.6019431,4.53583784,4.55617792,4.60702812,113330993,1014732720.0,0.3835,1,-1.1038,0
2015-08-18,sh.600016,4.55617792,4.61211314,4.4239674,4.42905242,4.55617792,171476254,1527887168.0,0.580257,1,-2.7902,0
2015-08-19,sh.600016,4.49007266,4.54600788,4.35277712,4.54092286,4.42905242,228822009,1993519920.0,0.774309,1,2.5258,0
2015-08-20,sh.600016,4.48498764,4.576518,4.43413744,4.45447752,4.54092286,147194335,1300332720.0,0.49809,1,-1.9037,0
2015-08-21,sh.600016,4.4748176,4.54600788,4.31209696,4.32735202,4.45447752,186150453,1626677200.0,0.629913,1,-2.8539,0
2015-08-24,sh.600016,4.21039656,4.2459917,3.89512532,4.02733584,4.32735202,352847472,2792632592.0,1.193998,1,-6.933,0
2015-08-25,sh.600016,3.9154654,4.07818604,3.63070428,3.79850994,4.02733584,373245360,2862890880.0,1.263022,1,-5.6818,0
2015-08-26,sh.600016,3.82393504,4.03750588,3.69172452,3.95106054,3.79850994,312902048,2392285136.0,1.058827,1,4.0161,0
2015-08-27,sh.600016,4.0171658,4.2205666,3.87987026,4.20022652,3.95106054,303650544,2407104896.0,1.027521,1,6.3063,0
2015-08-28,sh.600016,4.1951415,4.21548158,4.08835608,4.1697164,4.20022652,212674581,1737097184.0,0.719668,1,-0.7264,0
2015-08-31,sh.600016,4.1442913,4.3731172,4.02225082,4.35786214,4.1697164,262477772,2147682160.0,0.888196,1,4.5122,0
2015-09-01,sh.600016,4.22565162,4.56126294,4.17480142,4.53075282,4.35786214,440562384,3814073408.0,1.490816,1,3.9673,0
2015-09-02,sh.600016,4.3731172,4.73415362,4.35277712,4.71889856,4.53075282,522251680,4716634624.0,1.767243,1,4.1526,0
2015-09-07,sh.600016,4.61719816,4.61719816,4.2459917,4.28158684,4.71889856,252584540,2191700400.0,0.854719,1,-9.2672,0
2015-09-08,sh.600016,4.2459917,4.46973258,4.18497146,4.30701194,4.28158684,155104868,1314948688.0,0.524858,1,0.5938,0
2015-09-09,sh.600016,4.31209696,4.34260708,4.2714168,4.322267,4.30701194,136093762,1151730000.0,0.460527,1,0.3542,0
2015-09-10,sh.600016,4.28158684,4.39345728,4.26633178,4.38328724,4.322267,126104722,1075609600.0,0.426725,1,1.4118,0
2015-09-11,sh.600016,4.3476921,4.38837226,4.32735202,4.36803218,4.38328724,59208367,507403536.0,0.200355,1,-0.348,0
2015-09-14,sh.600016,4.35786214,4.66804836,4.1951415,4.61719816,4.36803218,394909808,3495821392.0,1.336332,1,5.7043,0
2015-09-15,sh.600016,4.50532772,4.61211314,4.4493925,4.59685808,4.61719816,208792630,1868352512.0,0.706532,1,-0.4405,0
2015-09-16,sh.600016,4.55617792,4.6527933,4.50532772,4.56634796,4.59685808,120278392,1079577136.0,0.407009,1,-0.6637,0
2015-09-17,sh.600016,4.53075282,4.576518,4.4493925,4.45447752,4.56634796,93643114,829407792.0,0.316878,1,-2.4499,0
2015-09-18,sh.600016,4.4493925,4.51041274,4.4493925,4.45447752,4.45447752,55935226,493359168.0,0.189279,1,0.0,0
2015-09-21,sh.600016,4.42905242,4.47990262,4.40871234,4.45447752,4.45447752,50901928,445790704.0,0.172247,1,0.0,0
2015-09-22,sh.600016,4.4493925,4.5256678,4.4239674,4.46464756,4.45447752,75167651,663095872.0,0.254359,1,0.2283,0
2015-09-23,sh.600016,4.44430748,4.46973258,4.37820222,4.37820222,4.46464756,52796818,458920800.0,0.178659,1,-1.9362,0
2015-09-24,sh.600016,4.40362732,4.41379736,4.3476921,4.36294716,4.37820222,36279466,312144048.0,0.122766,1,-0.3484,0
2015-09-25,sh.600016,4.36294716,4.5510929,4.30701194,4.47990262,4.36294716,89963910,779695744.0,0.304428,1,2.6807,0
2015-09-28,sh.600016,4.4239674,4.43922246,4.33243704,4.37820222,4.47990262,41078046,355562448.0,0.139004,1,-2.2702,0
2015-09-29,sh.600016,4.2968419,4.3476921,4.25616174,4.30701194,4.37820222,52630734,443780288.0,0.178097,1,-1.626,0
2015-09-30,sh.600016,4.30701194,4.3476921,4.28667186,4.2968419,4.30701194,36763263,312233856.0,0.124403,1,-0.2361,0
2015-10-08,sh.600016,4.39345728,4.3985423,4.2968419,4.31209696,4.2968419,70530155,602781520.0,0.238666,1,0.355,0
2015-10-09,sh.600016,4.33752206,4.35786214,4.30192692,4.322267,4.31209696,55643469,473329776.0,0.188291,1,0.2359,0
2015-10-12,sh.600016,4.33243704,4.45956254,4.31718198,4.3985423,4.322267,135062860,1163618576.0,0.457038,1,1.7647,0
2015-10-13,sh.600016,4.38328724,4.3985423,4.35786214,4.36803218,4.3985423,59659568,512972944.0,0.201882,1,-0.6936,0
2015-10-14,sh.600016,4.34260708,4.36803218,4.33243704,4.34260708,4.36803218,40845257,349037632.0,0.138216,1,-0.5821,0
2015-10-15,sh.600016,4.3476921,4.38837226,4.32735202,4.3731172,4.34260708,84921287,727814000.0,0.287364,1,0.7026,0
2015-10-16,sh.600016,4.38328724,4.40871234,4.35277712,4.38328724,4.3731172,109272852,940783856.0,0.369768,1,0.2326,0
2015-10-19,sh.600016,4.37820222,4.39345728,4.3476921,4.35786214,4.38328724,85880428,737405744.0,0.29061,1,-0.58,0
2015-10-20,sh.600016,4.3476921,4.36294716,4.33752206,4.35786214,4.35786214,69701212,596086240.0,0.235861,1,0.0,0
2015-10-21,sh.600016,4.35786214,4.7799188,4.34260708,4.576518,4.35786214,247620616,2158251344.0,0.837921,1,5.0175,0
2015-10-22,sh.600016,4.45447752,4.54092286,4.42905242,4.4493925,4.576518,130067006,1140117088.0,0.440133,1,-2.7778,0
2015-10-23,sh.600016,4.43922246,4.45447752,4.41379736,4.43922246,4.4493925,89185813,777319792.0,0.301795,1,-0.2286,0
2015-10-26,sh.600016,4.46464756,4.47990262,4.43413744,4.4493925,4.43922246,80923060,709128992.0,0.273835,1,0.2291,0
2015-10-27,sh.600016,4.4493925,4.45956254,4.40362732,4.41888238,4.4493925,65855266,572810816.0,0.222847,1,-0.6857,0
2015-10-28,sh.600016,4.3985423,4.44430748,4.38328724,4.39345728,4.41888238,67097194,581100112.0,0.22705,1,-0.5754,0
2015-10-29,sh.600016,4.38837226,4.40871234,4.35786214,4.36294716,4.39345728,59244735,510483456.0,0.200478,1,-0.6944,0
2015-10-30,sh.600016,4.36294716,4.41379736,4.35786214,4.3731172,4.36294716,95322117,822739200.0,0.32256,1,0.2331,0
2015-11-02,sh.600016,4.35277712,4.38837226,4.32735202,4.33752206,4.3731172,86256658,738908080.0,0.291883,1,-0.814,0
2015-11-03,sh.600016,4.35786214,4.36294716,4.33243704,4.34260708,4.33752206,75306133,643466896.0,0.254828,1,0.1172,0
2015-11-04,sh.600016,4.34260708,4.45956254,4.33752206,4.44430748,4.34260708,166982656,1447526624.0,0.565051,1,2.3419,0
2015-11-05,sh.600016,4.4239674,4.65787832,4.41888238,4.50532772,4.44430748,334769968,2992415312.0,1.132825,1,1.373,0
2015-11-06,sh.600016,4.50532772,4.54600788,4.4493925,4.52058278,4.50532772,215408183,1903659040.0,0.728918,1,0.3386,0
2015-11-09,sh.600016,4.54600788,4.830769,4.54600788,4.64262326,4.52058278,415402064,3849747264.0,1.405676,1,2.6997,0
2015-11-10,sh.600016,4.59177306,4.65787832,4.58160302,4.59685808,4.64262326,203659296,1841776800.0,0.689161,1,-0.9858,0
2015-11-11,sh.600016,4.59685808,4.59685808,4.4748176,4.5256678,4.59685808,167012993,1487484576.0,0.565154,1,-1.5487,0
2015-11-12,sh.600016,4.54600788,4.54600788,4.48498764,4.51549776,4.5256678,106187741,942064928.0,0.359328,1,-0.2247,0
2015-11-13,sh.600016,4.48498764,4.52058278,4.46464756,4.46973258,4.51549776,91859983,810752128.0,0.310844,1,-1.0135,0
2015-11-16,sh.600016,4.4239674,4.49007266,4.41379736,4.48498764,4.46973258,110505877,967788464.0,0.37394,1,0.3413,0
2015-11-17,sh.600016,4.48498764,4.55617792,4.4748176,4.49007266,4.48498764,180974639,1608037488.0,0.612399,1,0.1134,0
2015-11-18,sh.600016,4.5002427,4.5510929,4.43413744,4.49007266,4.49007266,168152924,1482333344.0,0.569011,1,0.0,0
2015-11-19,sh.600016,4.4748176,4.5256678,4.4493925,4.51041274,4.49007266,136503647,1203689488.0,0.461914,1,0.453,0
2015-11-20,sh.600016,4.50532772,4.5510929,4.48498764,4.52058278,4.51041274,144674674,1287604816.0,0.489563,1,0.2255,0
2015-11-23,sh.600016,4.51549776,4.54092286,4.4748176,4.49515768,4.52058278,95567275,846174240.0,0.323389,1,-0.5624,0
2015-11-24,sh.600016,4.48498764,4.49515768,4.45447752,4.4748176,4.49515768,69221212,608544032.0,0.234237,1,-0.4525,0
2015-11-25,sh.600016,4.46973258,4.49007266,4.44430748,4.4748176,4.4748176,55873052,490380304.0,0.189068,1,0.0,0
2015-11-26,sh.600016,4.47990262,4.5002427,4.4493925,4.45956254,4.4748176,63890546,562839008.0,0.216199,1,-0.3409,0
2015-11-27,sh.600016,4.45447752,4.45447752,4.28158684,4.30192692,4.45956254,138244934,1189332432.0,0.467806,1,-3.5348,0
2015-11-30,sh.600016,4.30701194,4.40871234,4.30192692,4.38837226,4.30192692,119332315,1023833440.0,0.403808,1,2.0095,0
2015-12-01,sh.600016,4.39345728,4.3985423,4.32735202,4.35786214,4.38837226,95548922,819799680.0,0.323327,1,-0.6953,0
2015-12-02,sh.600016,4.35786214,4.58668804,4.3476921,4.54600788,4.35786214,211013560,1865125920.0,0.714047,1,4.3174,0
2015-12-03,sh.600016,4.5256678,4.59177306,4.48498764,4.54092286,4.54600788,202795979,1811217936.0,0.68624,1,-0.1118,0
2015-12-04,sh.600016,4.50532772,4.5510929,4.41888238,4.45447752,4.54092286,127088092,1121804064.0,0.430052,1,-1.9037,0
2015-12-07,sh.600016,4.46464756,4.5002427,4.43413744,4.47990262,4.45447752,54072245,476000144.0,0.182975,1,0.5708,0
2015-12-08,sh.600016,4.45447752,4.45956254,4.40362732,4.4239674,4.47990262,70233906,611845776.0,0.237664,1,-1.2486,0
2015-12-09,sh.600016,4.41888238,4.46464756,4.40871234,4.42905242,4.4239674,39270214,342511312.0,0.132886,1,0.1149,0
2015-12-10,sh.600016,4.43922246,4.52058278,4.40871234,4.4239674,4.42905242,65873959,577204672.0,0.22291,1,-0.1148,0
2015-12-11,sh.600016,4.40362732,4.43413744,4.3476921,4.42905242,4.4239674,70065781,606298304.0,0.237095,1,0.1149,0
2015-12-14,sh.600016,4.3985423,4.49007266,4.38837226,4.4748176,4.42905242,90032975,786587248.0,0.304662,1,1.0333,0
2015-12-15,sh.600016,4.46973258,4.48498764,4.41379736,4.41888238,4.4748176,53806872,469522528.0,0.182077,1,-1.25,0
2015-12-16,sh.600016,4.4239674,4.44430748,4.40362732,4.40871234,4.41888238,44154410,383878848.0,0.149414,1,-0.2301,0
2015-12-17,sh.600016,4.41379736,4.45956254,4.41379736,4.44430748,4.40871234,79162075,691071552.0,0.267876,1,0.8074,0
2015-12-18,sh.600016,4.43922246,4.88670422,4.43922246,4.61211314,4.44430748,445641648,4117547008.0,1.508003,1,3.7757,0
2015-12-21,sh.600016,4.58160302,5.07484996,4.56634796,5.06976494,4.61211314,856796688,8355864320.0,2.899308,1,9.9228,0
2015-12-22,sh.600016,5.00365968,5.01382972,4.830769,4.87144916,5.06976494,372075200,3591259088.0,1.259062,1,-3.9117,0
2015-12-23,sh.600016,4.8816192,5.00365968,4.79517386,4.84093904,4.87144916,322611776,3109300704.0,1.091683,1,-0.6263,0
2015-12-24,sh.600016,4.830769,4.86636414,4.7036435,4.77483378,4.84093904,174200568,1632623488.0,0.589476,1,-1.3655,0
2015-12-25,sh.600016,4.79008884,4.81551394,4.74432366,4.80025888,4.77483378,122946337,1155352000.0,0.416037,1,0.5325,0
2015-12-28,sh.600016,4.7799188,4.79008884,4.62228318,4.64770828,4.80025888,184243753,1699169904.0,0.623461,1,-3.178,0
2015-12-29,sh.600016,4.6273682,4.7290686,4.61211314,4.68330342,4.64770828,123448307,1133945136.0,0.417736,1,0.7659,0
2015-12-30,sh.600016,4.66296334,4.82059896,4.61211314,4.79517386,4.68330342,205522210,1898472480.0,0.695465,1,2.3887,0
2015-12-31,sh.600016,4.7544937,4.9324694,4.68330342,4.90195928,4.79517386,396416480,3764596048.0,1.341431,1,2.2269,0
2016-01-04,sh.600016,4.82059896,4.8561941,4.58160302,4.59177306,4.90195928,83867659,780986224.0,0.283799,1,-6.3278,0
2016-01-05,sh.600016,4.5510929,4.71889856,4.5256678,4.63753824,4.59177306,109490659,998665344.0,0.370505,1,0.9967,0
2016-01-06,sh.600016,4.63753824,4.67313338,4.58668804,4.6527933,4.63753824,80981564,737495392.0,0.274033,1,0.3289,0
2016-01-07,sh.600016,4.59177306,4.61719816,4.34260708,4.3731172,4.6527933,24964020,220841489.0,0.084476,1,-6.0109,0
2016-01-08,sh.600016,4.51549776,4.54092286,4.3476921,4.4239674,4.3731172,109799852,958876976.0,0.371551,1,1.1628,0
2016-01-11,sh.600016,4.3476921,4.45447752,4.2714168,4.30192692,4.4239674,129894402,1112802672.0,0.439549,1,-2.7586,0
2016-01-12,sh.600016,4.3476921,4.3731172,4.28667186,4.30701194,4.30192692,73839466,628626896.0,0.249865,1,0.1182,0
2016-01-13,sh.600016,4.38837226,4.3985423,4.26633178,4.2968419,4.30701194,69765193,592961696.0,0.236078,1,-0.2361,0
2016-01-14,sh.600016,4.21548158,4.33752206,4.1951415,4.31718198,4.2968419,64912167,548471408.0,0.219656,1,0.4734,0
2016-01-15,sh.600016,4.322267,4.33752206,4.20531154,4.30701194,4.31718198,79525278,667566272.0,0.269105,1,-0.2356,0
2016-01-18,sh.600016,4.24090668,4.32735202,4.23073664,4.31718198,4.30701194,67464910,569514080.0,0.228294,1,0.2361,0
2016-01-19,sh.600016,4.31718198,4.36294716,4.26633178,4.35277712,4.31718198,81970211,697741280.0,0.277378,1,0.8245,0
2016-01-20,sh.600016,4.30192692,4.38837226,4.30192692,4.36294716,4.35277712,100507196,858275168.0,0.340106,1,0.2336,0
2016-01-21,sh.600016,4.36803218,4.4493925,4.30192692,4.30192692,4.36294716,68069944,583015008.0,0.230341,1,-1.3986,0
2016-01-22,sh.600016,4.34260708,4.35277712,4.28667186,4.322267,4.30192692,56911327,482951936.0,0.192582,1,0.4728,0
2016-01-25,sh.600016,4.322267,4.33243704,4.2459917,4.32735202,4.322267,55774965,470105232.0,0.188736,1,0.1176,0
2016-01-26,sh.600016,4.29175688,4.31718198,4.19005648,4.25107672,4.32735202,93443436,781318736.0,0.316203,1,-1.7626,0
2016-01-27,sh.600016,4.28667186,4.37820222,4.25107672,4.32735202,4.25107672,122006401,1036237104.0,0.412857,1,1.7943,0
2016-01-28,sh.600016,4.31209696,4.36294716,4.26124676,4.33752206,4.32735202,78669322,665734208.0,0.266209,1,0.235,0
2016-01-29,sh.600016,4.36294716,4.41888238,4.322267,4.36803218,4.33752206,86358392,743851472.0,0.292227,1,0.7034,0
2016-02-01,sh.600016,4.36294716,4.40362732,4.29175688,4.322267,4.36803218,50738681,431490704.0,0.171694,1,-1.0477,0
2016-02-02,sh.600016,4.30192692,4.35786214,4.29175688,4.31718198,4.322267,69701709,591829920.0,0.235863,1,-0.1176,0
2016-02-03,sh.600016,4.2714168,4.30701194,4.26124676,4.29175688,4.31718198,58023624,487853808.0,0.196346,1,-0.5889,0
2016-02-04,sh.600016,4.33243704,4.34260708,4.28667186,4.30192692,4.29175688,47773245,404853200.0,0.16166,1,0.237,0
2016-02-05,sh.600016,4.30701194,4.33243704,4.27650182,4.28667186,4.30192692,40529107,342945936.0,0.137146,1,-0.3546,0
2016-02-15,sh.600016,4.24090668,4.33752206,4.22565162,4.30192692,4.28667186,43368190,365182944.0,0.146753,1,0.3559,0
2016-02-16,sh.600016,4.30192692,4.40362732,4.30192692,4.36294716,4.30192692,48506006,416216128.0,0.164139,1,1.4184,0
2016-02-17,sh.600016,4.35786214,4.3731172,4.33243704,4.35277712,4.36294716,60983171,522010464.0,0.20636,1,-0.2331,0
2016-02-18,sh.600016,4.3731172,4.38328724,4.31718198,4.36803218,4.35277712,90595521,774333792.0,0.306565,1,0.3505,0
2016-02-19,sh.600016,4.34260708,4.36803218,4.31209696,4.32735202,4.36803218,95510943,814468656.0,0.323199,1,-0.9313,0
2016-02-22,sh.600016,4.36294716,4.3985423,4.32735202,4.3731172,4.32735202,74535860,639500848.0,0.252221,1,1.0576,0
2016-02-23,sh.600016,4.36294716,4.36803218,4.28667186,4.30701194,4.3731172,61741731,524128000.0,0.208927,1,-1.5116,0
2016-02-24,sh.600016,4.2968419,4.32735202,4.29175688,4.322267,4.30701194,40819095,345701248.0,0.138127,1,0.3542,0
2016-02-25,sh.600016,4.31718198,4.322267,4.14937632,4.17480142,4.322267,92241120,770483488.0,0.312134,1,-3.4118,0
2016-02-26,sh.600016,4.20044625,4.2978925,4.1542875,4.26199125,4.1748025,101455977,836167744.0,0.343316,1,2.0885,0
2016-02-29,sh.600016,4.2363475,4.34918,4.205575,4.33379375,4.26199125,113035147,943201280.0,0.382499,1,1.6847,0
2016-03-01,sh.600016,4.328665,4.35430875,4.28250625,4.32353625,4.33379375,49264715,414916240.0,0.166706,1,-0.2367,0
2016-03-02,sh.600016,4.3594375,4.4004675,4.328665,4.39021,4.32353625,77290703,658937296.0,0.261543,1,1.5421,0
2016-03-03,sh.600016,4.40559625,4.47739875,4.36456625,4.4620125,4.39021,93355829,803444272.0,0.315906,1,1.6355,0
2016-03-04,sh.600016,4.43636875,4.8107675,4.42611125,4.78512375,4.4620125,491036144,4512018944.0,1.661613,1,7.2414,0
2016-03-07,sh.600016,4.74409375,4.7902525,4.67229125,4.70306375,4.78512375,121800761,1120412944.0,0.412161,1,-1.7149,0
2016-03-08,sh.600016,4.67229125,4.80563875,4.47739875,4.76460875,4.70306375,137904131,1247011600.0,0.466653,1,1.3086,0
2016-03-09,sh.600016,4.62100375,4.79538125,4.56971625,4.7902525,4.76460875,179947706,1654141456.0,0.608924,1,0.5382,0
2016-03-10,sh.600016,4.7081925,4.75435125,4.6261325,4.64151875,4.7902525,81971811,749221024.0,0.277384,1,-3.1049,0
2016-03-11,sh.600016,4.615875,4.69280625,4.54920125,4.67742,4.64151875,86822433,785309408.0,0.293798,1,0.7735,0
2016-03-14,sh.600016,4.71332125,4.75435125,4.5851025,4.63126125,4.67742,93900677,856642720.0,0.31775,1,-0.9868,0
2016-03-15,sh.600016,4.656905,4.71845,4.59536,4.70306375,4.63126125,71665039,651887440.0,0.242507,1,1.5504,0
2016-03-16,sh.600016,4.67229125,4.9133425,4.656905,4.84154,4.70306375,340492240,3209502800.0,1.152189,1,2.9444,0
2016-03-17,sh.600016,4.8517975,4.862055,4.62100375,4.71845,4.84154,172358071,1590776784.0,0.583241,1,-2.5424,0
2016-03-18,sh.600016,4.71332125,4.73383625,4.656905,4.68254875,4.71845,154331490,1413272848.0,0.522241,1,-0.7609,0
2016-03-21,sh.600016,4.697935,4.7492225,4.67742,4.71845,4.68254875,86113968,792628816.0,0.2914,1,0.7667,0
2016-03-22,sh.600016,4.738965,4.8107675,4.69280625,4.71332125,4.71845,86599242,801440080.0,0.293042,1,-0.1087,0
2016-03-23,sh.600016,4.69280625,4.72357875,4.67742,4.697935,4.71332125,49278679,451896400.0,0.166754,1,-0.3264,0
2016-03-24,sh.600016,4.67742,4.69280625,4.656905,4.66203375,4.697935,56862433,517297872.0,0.192416,1,-0.7642,0
2016-03-25,sh.600016,4.66203375,4.6876775,4.66203375,4.66203375,4.66203375,35564541,323644192.0,0.120347,1,0.0,0
2016-03-28,sh.600016,4.6671625,4.67742,4.5440725,4.57997375,4.66203375,75006156,675638304.0,0.253813,1,-1.7602,0
2016-03-29,sh.600016,4.59536,4.64151875,4.574845,4.5851025,4.57997375,56201105,505016384.0,0.190178,1,0.112,0
2016-03-30,sh.600016,4.6261325,4.70306375,4.60048875,4.6876775,4.5851025,75089889,681081728.0,0.254096,1,2.2371,0
2016-03-31,sh.600016,4.70306375,4.7081925,4.6466475,4.67229125,4.6876775,34874010,317617024.0,0.11801,1,-0.3282,0
2016-04-01,sh.600016,4.6876775,4.74409375,4.6056175,4.738965,4.67229125,94110162,862334352.0,0.318459,1,1.427,0
2016-04-05,sh.600016,4.67742,4.75435125,4.62100375,4.7287075,4.738965,70146624,641918128.0,0.237369,1,-0.2164,0
2016-04-06,sh.600016,4.68254875,4.7287075,4.62100375,4.64151875,4.7287075,104380981,946880160.0,0.353214,1,-1.8438,0
2016-04-07,sh.600016,4.65177625,4.656905,4.6056175,4.61074625,4.64151875,57633283,519530384.0,0.195025,1,-0.663,0
2016-04-08,sh.600016,4.574845,4.63639,4.55945875,4.61074625,4.61074625,41917126,376952960.0,0.141843,1,0.0,0
2016-04-11,sh.600016,4.59023125,4.656905,4.59023125,4.62100375,4.61074625,49848199,450314672.0,0.168681,1,0.2225,0
2016-04-12,sh.600016,4.63126125,4.6466475,4.61074625,4.63126125,4.62100375,33049869,298266576.0,0.111837,1,0.222,0
2016-04-13,sh.600016,4.6466475,4.69280625,4.6261325,4.67229125,4.63126125,113694986,1035536496.0,0.384732,1,0.8859,0
2016-04-14,sh.600016,4.7081925,4.7081925,4.66203375,4.67229125,4.67229125,70910543,647034048.0,0.239954,1,0.0,0
2016-04-15,sh.600016,4.6876775,4.7492225,4.67229125,4.72357875,4.67229125,116850044,1075061872.0,0.395408,1,1.0977,0
2016-04-18,sh.600016,4.67229125,4.75435125,4.6671625,4.71332125,4.72357875,108633799,1002520816.0,0.367605,1,-0.2172,0
2016-04-19,sh.600016,4.73383625,4.7492225,4.69280625,4.71845,4.71332125,84446088,778031968.0,0.285756,1,0.1088,0
2016-04-20,sh.600016,4.71845,4.7902525,4.57997375,4.779995,4.71845,159289057,1462074688.0,0.539017,1,1.3043,0
2016-04-21,sh.600016,4.738965,4.9133425,4.71845,4.7697375,4.779995,166955094,1570407232.0,0.564958,1,-0.2146,0
2016-04-22,sh.600016,4.74409375,4.8928275,4.73383625,4.821025,4.7697375,73060688,687777248.0,0.247229,1,1.0753,0
2016-04-25,sh.600016,4.779995,4.8723125,4.74409375,4.84154,4.821025,70294066,662746752.0,0.237868,1,0.4255,0
2016-04-26,sh.600016,4.821025,4.9133425,4.8107675,4.8517975,4.84154,75849017,715842112.0,0.256665,1,0.2119,0
2016-04-27,sh.600016,4.8723125,4.87744125,4.8107675,4.81589625,4.8517975,75642231,713834320.0,0.255965,1,-0.74,0
2016-04-28,sh.600016,4.83641125,4.8723125,4.78512375,4.80563875,4.81589625,44022757,414173680.0,0.148968,1,-0.213,0
2016-04-29,sh.600016,4.80051,4.862055,4.76460875,4.7697375,4.80563875,69704517,653497040.0,0.235873,1,-0.7471,0
2016-05-03,sh.600016,4.77486625,4.8312825,4.75948,4.8107675,4.7697375,45857553,429277696.0,0.155177,1,0.8602,0
2016-05-04,sh.600016,4.7697375,4.82615375,4.7697375,4.8107675,4.8107675,23346729,218537657.0,0.079003,1,0.0,0
2016-05-05,sh.600016,4.79538125,4.81589625,4.7902525,4.80051,4.8107675,23339999,218547024.0,0.07898,1,-0.2132,0
2016-05-06,sh.600016,4.80051,4.80563875,4.73383625,4.7492225,4.80051,42386881,394524304.0,0.143433,1,-1.0684,0
2016-05-09,sh.600016,4.74409375,4.78512375,4.67229125,4.7287075,4.7492225,46376407,428376272.0,0.156933,1,-0.432,0
2016-05-10,sh.600016,4.68254875,4.77486625,4.68254875,4.7492225,4.7287075,35271024,326325200.0,0.119353,1,0.4338,0
2016-05-11,sh.600016,4.75948,4.78512375,4.73383625,4.75948,4.7492225,36948245,342794144.0,0.125029,1,0.216,0
2016-05-12,sh.600016,4.75435125,4.7902525,4.73383625,4.75435125,4.75948,73296372,679291056.0,0.248027,1,-0.1078,0
2016-05-13,sh.600016,4.73383625,4.75948,4.7081925,4.71332125,4.75435125,108521482,1003169376.0,0.367225,1,-0.863,0
2016-05-16,sh.600016,4.69280625,4.738965,4.69280625,4.71845,4.71332125,33077545,303958064.0,0.111931,1,0.1088,0
2016-05-17,sh.600016,4.71845,4.71845,4.65177625,4.656905,4.71845,56884363,517681184.0,0.192491,1,-1.3043,0
2016-05-18,sh.600016,4.656905,4.70306375,4.6261325,4.68254875,4.656905,138645361,1257228144.0,0.469161,1,0.5507,0
2016-05-19,sh.600016,4.6671625,4.67229125,4.61074625,4.615875,4.68254875,57010744,516598544.0,0.192918,1,-1.4239,0
2016-05-20,sh.600016,4.6056175,4.63639,4.6056175,4.615875,4.615875,157346359,1416296608.0,0.532443,1,0.0,0
2016-05-23,sh.600016,4.615875,4.63126125,4.5440725,4.54920125,4.615875,128147729,1144884240.0,0.433638,1,-1.4444,0
2016-05-24,sh.600016,4.55433,4.55433,4.4414975,4.451755,4.54920125,217477177,1897145568.0,0.735919,1,-2.142,0
2016-05-25,sh.600016,4.48765625,4.54920125,4.45688375,4.5440725,4.451755,74010107,651147904.0,0.250442,1,2.0737,0
2016-05-26,sh.600016,4.5235575,4.5645875,4.51842875,4.5645875,4.5440725,60354785,535720672.0,0.204234,1,0.4515,0
2016-05-27,sh.600016,4.53894375,4.5851025,4.52868625,4.56971625,4.5645875,72153268,641621328.0,0.244159,1,0.1124,0
2016-05-30,sh.600016,4.56971625,4.59536,4.52868625,4.59023125,4.56971625,125372463,1120553456.0,0.424247,1,0.4489,0
2016-05-31,sh.600016,4.59536,4.69280625,4.59536,4.66203375,4.59023125,141216153,1282544032.0,0.47786,1,1.5642,0
2016-06-01,sh.600016,4.67742,4.67742,4.60048875,4.6056175,4.66203375,107149201,965827232.0,0.362581,1,-1.2101,0
2016-06-02,sh.600016,4.6056175,4.62100375,4.574845,4.60048875,4.6056175,50064989,448230880.0,0.169415,1,-0.1114,0
2016-06-03,sh.600016,4.63126125,4.63126125,4.56971625,4.61074625,4.60048875,62866686,562930864.0,0.212734,1,0.223,0
2016-06-06,sh.600016,4.6056175,4.62100375,4.57997375,4.62100375,4.61074625,52606789,472082688.0,0.178016,1,0.2225,0
2016-06-07,sh.600016,4.63126125,4.63639,4.6056175,4.615875,4.62100375,48827367,440026544.0,0.165227,1,-0.111,0
2016-06-08,sh.600016,4.615875,4.63639,4.6056175,4.615875,4.615875,95472445,859841680.0,0.323068,1,0.0,0
2016-06-13,sh.600016,4.5851025,4.6261325,4.57997375,4.59023125,4.615875,85482976,767476176.0,0.289265,1,-0.5556,0
2016-06-14,sh.600016,4.59023125,4.67742,4.56971625,4.63126125,4.59023125,83740130,756754112.0,0.283368,1,0.8939,0
2016-06-15,sh.600016,4.57997375,4.6466475,4.574845,4.64151875,4.63126125,79216571,713886192.0,0.26806,1,0.2215,0
2016-06-16,sh.600016,4.6056175,4.67229125,4.60048875,4.6261325,4.64151875,56190499,508928048.0,0.190143,1,-0.3315,0
2016-06-17,sh.600016,4.62100375,4.67742,4.62100375,4.656905,4.6261325,57320529,520135968.0,0.193966,1,0.6652,0
2016-06-20,sh.600016,4.67229125,4.69280625,4.61074625,4.64151875,4.656905,27967649,252641616.0,0.09464,1,-0.3304,0
2016-06-21,sh.600016,4.63639,4.6671625,4.6261325,4.656905,4.64151875,42522729,385440048.0,0.143892,1,0.3315,0
2016-06-22,sh.600016,4.65177625,4.66203375,4.63126125,4.656905,4.656905,30033597,272366848.0,0.10163,1,0.0,0
2016-06-23,sh.600016,4.6671625,4.6671625,4.63126125,4.66203375,4.656905,39983069,363168128.0,0.135298,1,0.1101,0
2016-06-24,sh.600016,4.68813472,4.71423792,4.58894256,4.61504576,4.66203152,56784109,504468192.0,0.192151,1,-1.0078,0
2016-06-27,sh.600016,4.61504576,4.65681088,4.60460448,4.63070768,4.61504576,61454882,544070304.0,0.207957,1,0.3394,0
2016-06-28,sh.600016,4.62548704,4.63070768,4.60460448,4.61504576,4.63070768,45865553,405380752.0,0.155204,1,-0.3382,0
2016-06-29,sh.600016,4.62548704,4.7768856,4.59938384,4.77166496,4.61504576,174671354,1570743440.0,0.591069,1,3.3937,0
2016-06-30,sh.600016,4.72989984,4.7507824,4.63592832,4.66203152,4.77166496,85664445,768581216.0,0.289879,1,-2.2976,0
2016-07-01,sh.600016,4.66725216,4.69335536,4.6463696,4.66203152,4.66203152,38634089,345519888.0,0.130734,1,0.0,0
2016-07-04,sh.600016,4.65681088,4.74034112,4.65681088,4.70901728,4.66203152,67891487,612648064.0,0.229737,1,1.0078,0
2016-07-05,sh.600016,4.68813472,4.70901728,4.65681088,4.68291408,4.70901728,59139024,530861424.0,0.20012,1,-0.5543,0
2016-07-06,sh.600016,4.66203152,4.67769344,4.6463696,4.66203152,4.68291408,51861695,462836304.0,0.175494,1,-0.4459,0
2016-07-07,sh.600016,4.66203152,4.68813472,4.64114896,4.67769344,4.66203152,56848541,508193440.0,0.192369,1,0.3359,0
2016-07-08,sh.600016,4.6724728,4.68291408,4.66203152,4.66203152,4.67769344,42253384,378027536.0,0.142981,1,-0.3348,0
2016-07-11,sh.600016,4.68291408,4.71423792,4.66203152,4.69335536,4.66203152,52364502,470815584.0,0.177196,1,0.6719,0
2016-07-12,sh.600016,4.70379664,4.7768856,4.69335536,4.76644432,4.69335536,84610773,768638272.0,0.286314,1,1.5573,0
2016-07-13,sh.600016,4.76122368,4.97526992,4.74556176,4.78210624,4.76644432,107852983,1002626128.0,0.364963,1,0.3286,0
2016-07-14,sh.600016,4.79254752,4.9335048,4.78732688,4.8551952,4.78210624,79780597,742127504.0,0.269969,1,1.5284,0
2016-07-15,sh.600016,4.86041584,4.89173968,4.81865072,4.829092,4.8551952,47959780,446193488.0,0.162291,1,-0.5376,0
2016-07-18,sh.600016,4.8812984,5.13188912,4.8812984,4.98049056,4.829092,148707607,1430165776.0,0.503211,1,3.1351,0
2016-07-19,sh.600016,5.07446208,5.15799232,4.8812984,4.959608,4.98049056,107932764,1032839920.0,0.365233,1,-0.4193,0
2016-07-20,sh.600016,4.97004928,4.98049056,4.84475392,4.84997456,4.959608,71462991,669749296.0,0.241823,1,-2.2105,0
2016-07-21,sh.600016,4.86041584,4.90218096,4.81865072,4.86041584,4.84997456,89434886,832431568.0,0.302638,1,0.2153,0
2016-07-22,sh.600016,4.84997456,4.8812984,4.80820944,4.81343008,4.86041584,76710471,712636096.0,0.25958,1,-0.9667,0
2016-07-25,sh.600016,4.80820944,4.84475392,4.76122368,4.79776816,4.81343008,92945289,852286928.0,0.314517,1,-0.3254,0
2016-07-26,sh.600016,4.78732688,4.829092,4.77166496,4.81865072,4.79776816,119662212,1101561104.0,0.404924,1,0.4353,0
2016-07-27,sh.600016,4.81343008,4.829092,4.72989984,4.82387136,4.81865072,143041785,1312307520.0,0.484038,1,0.1083,0
2016-07-28,sh.600016,4.79776816,4.81343008,4.75600304,4.76644432,4.82387136,70561015,647188800.0,0.238771,1,-1.1905,0
2016-07-29,sh.600016,4.78732688,4.8029888,4.77166496,4.78210624,4.76644432,109791488,1005606944.0,0.371523,1,0.3286,0
2016-08-01,sh.600016,4.7768856,4.82387136,4.77166496,4.81343008,4.78210624,78891693,725981968.0,0.266961,1,0.655,0
2016-08-02,sh.600016,4.8029888,4.81865072,4.78210624,4.8029888,4.81343008,66826298,613796528.0,0.226133,1,-0.2169,0
2016-08-03,sh.600016,4.75600304,4.80820944,4.7507824,4.7768856,4.8029888,105704061,966858416.0,0.357691,1,-0.5435,0
2016-08-04,sh.600016,4.77166496,4.7768856,4.74034112,4.77166496,4.7768856,73232080,666981120.0,0.247809,1,-0.1093,0
2016-08-05,sh.600016,4.77166496,4.94394608,4.76122368,4.8551952,4.77166496,105712370,980386352.0,0.357719,1,1.7505,0
2016-08-08,sh.600016,4.84475392,4.84475392,4.7768856,4.81865072,4.8551952,83953293,772214384.0,0.284089,1,-0.7527,0
2016-08-09,sh.600016,4.81865072,4.829092,4.79776816,4.82387136,4.81865072,66700868,614514656.0,0.225709,1,0.1083,0
2016-08-10,sh.600016,4.81865072,4.83431264,4.81343008,4.82387136,4.82387136,59176210,546679568.0,0.200246,1,0.0,0
2016-08-11,sh.600016,4.829092,4.96482864,4.81865072,4.86041584,4.82387136,111453900,1048606176.0,0.377148,1,0.7576,0
2016-08-12,sh.600016,4.86563648,4.97526992,4.82387136,4.95438736,4.86041584,110727309,1040181968.0,0.374689,1,1.9334,0
2016-08-15,sh.600016,4.95438736,5.12144784,4.92306352,5.06924144,4.95438736,164732863,1594295456.0,0.557438,1,2.3182,0
2016-08-16,sh.600016,5.09534464,5.10578592,4.87607776,4.91262224,5.06924144,210662168,1997704304.0,0.712858,1,-3.0896,0
2016-08-17,sh.600016,4.91784288,4.92828416,4.87085712,4.91262224,4.91262224,78808667,739729168.0,0.26668,1,0.0,0
2016-08-18,sh.600016,4.89173968,4.92828416,4.86041584,4.88651904,4.91262224,78711488,736960288.0,0.266351,1,-0.5314,0
2016-08-19,sh.600016,4.88651904,4.90218096,4.8551952,4.87607776,4.88651904,51458296,480599056.0,0.174129,1,-0.2137,0
2016-08-22,sh.600016,4.87085712,4.8812984,4.829092,4.84475392,4.87607776,58213348,540203984.0,0.196988,1,-0.6424,0
2016-08-23,sh.600016,4.83953328,4.87607776,4.83953328,4.8551952,4.84475392,45854184,426507296.0,0.155166,1,0.2155,0
2016-08-24,sh.600016,4.8551952,4.86563648,4.83431264,4.83953328,4.8551952,39764365,368999440.0,0.134558,1,-0.3226,0
2016-08-25,sh.600016,4.83431264,4.87085712,4.829092,4.8551952,4.83953328,53691959,498541408.0,0.181688,1,0.3236,0
2016-08-26,sh.600016,4.84475392,4.86563648,4.83431264,4.8551952,4.8551952,44657165,414857216.0,0.151115,1,0.0,0
2016-08-29,sh.600016,4.83431264,4.84997456,4.80820944,4.82387136,4.8551952,53354491,492634864.0,0.180546,1,-0.6452,0
2016-08-30,sh.600016,4.829092,4.88651904,4.829092,4.8812984,4.82387136,53166939,494860976.0,0.179911,1,1.1905,0
2016-08-31,sh.600016,4.8551952,4.87607776,4.83953328,4.86041584,4.8812984,51661895,480272624.0,0.174818,1,-0.4278,0
2016-09-01,sh.600016,4.84997456,4.87085712,4.83431264,4.84475392,4.86041584,50718107,471525520.0,0.171625,1,-0.3222,0
2016-09-02,sh.600016,4.829092,4.87607776,4.829092,4.86041584,4.84475392,55920117,520513040.0,0.189228,1,0.3233,0
2016-09-05,sh.600016,4.8551952,4.89696032,4.83953328,4.8812984,4.86041584,46370362,432936880.0,0.156912,1,0.429645,0
2016-09-06,sh.600016,4.86563648,4.89173968,4.8551952,4.86563648,4.8812984,52474557,488927616.0,0.177568,1,-0.320863,0
2016-09-07,sh.600016,4.86563648,4.87085712,4.8551952,4.87085712,4.86563648,49702240,462671344.0,0.168187,1,0.107299,0
2016-09-08,sh.600016,4.86563648,4.87085712,4.8551952,4.86563648,4.87085712,25082575,233593285.0,0.084877,1,-0.107184,0
2016-09-09,sh.600016,4.86563648,4.87085712,4.84997456,4.8551952,4.86563648,33205479,309151680.0,0.112364,1,-0.214587,0
2016-09-12,sh.600016,4.80820944,4.86563648,4.8029888,4.8551952,4.8551952,101620696,943392016.0,0.343873,1,0.0,0
2016-09-13,sh.600016,4.84475392,4.87085712,4.84475392,4.86041584,4.8551952,29864601,277949504.0,0.101059,1,0.107529,0
2016-09-14,sh.600016,4.84475392,4.87085712,4.84475392,4.86041584,4.86041584,36142016,336343456.0,0.122301,1,0.0,0
2016-09-19,sh.600016,4.87085712,4.87607776,4.8551952,4.87085712,4.86041584,30281801,282011904.0,0.10247,1,0.214817,0
2016-09-20,sh.600016,4.87607776,4.87607776,4.8551952,4.86563648,4.87085712,28593192,266292414.0,0.096756,1,-0.107184,0
2016-09-21,sh.600016,4.87085712,4.87607776,4.8551952,4.87085712,4.86563648,27347386,254795418.0,0.092541,1,0.107299,0
2016-09-22,sh.600016,4.8812984,4.9074016,4.86563648,4.89173968,4.87085712,24338581,227946229.0,0.082359,1,0.428724,0
2016-09-23,sh.600016,4.89696032,4.90218096,4.87607776,4.89696032,4.89173968,23468694,219993474.0,0.079416,1,0.106726,0
2016-09-26,sh.600016,4.90224352,4.93922165,4.88639575,4.91809129,4.89696093,64411335,599254992.0,0.217961,1,0.431499,0
2016-09-27,sh.600016,4.9128087,4.92337388,4.89167834,4.91809129,4.91809129,42702782,397080752.0,0.144502,1,0.0,0
2016-09-28,sh.600016,4.91809129,4.91809129,4.83885244,4.8599828,4.91809129,50170690,463785232.0,0.169772,1,-1.181532,0
2016-09-29,sh.600016,4.86526539,4.88639575,4.8599828,4.87583057,4.8599828,24665571,227720526.0,0.083466,1,0.326084,0
2016-09-30,sh.600016,4.87583057,4.90752611,4.87583057,4.89167834,4.87583057,24478180,226785232.0,0.082832,1,0.325035,0
2016-10-10,sh.600016,4.89167834,4.94450424,4.89167834,4.92865647,4.89167834,29638856,276015696.0,0.100295,1,0.755936,0
2016-10-11,sh.600016,4.92337388,4.93393906,4.90224352,4.91809129,4.92865647,34307040,319143728.0,0.116091,1,-0.214357,0
2016-10-12,sh.600016,4.90752611,4.91809129,4.89167834,4.89696093,4.91809129,28790976,267069997.0,0.097426,1,-0.429645,0
2016-10-13,sh.600016,4.89167834,4.89696093,4.82828726,4.85470021,4.89696093,69499004,638628016.0,0.235177,1,-0.863008,0
2016-10-14,sh.600016,4.84941762,4.89167834,4.84413503,4.88111316,4.85470021,34985913,322788464.0,0.118389,1,0.544072,0
2016-10-17,sh.600016,4.87583057,4.90752611,4.85470021,4.88111316,4.88111316,31322090,289216800.0,0.105991,1,0.0,0
2016-10-18,sh.600016,4.87583057,4.90224352,4.87583057,4.89696093,4.88111316,26011675,240904614.0,0.088021,1,0.324683,0
2016-10-19,sh.600016,4.89696093,4.9128087,4.89696093,4.90224352,4.89696093,16627159,154289235.0,0.056265,1,0.107867,0
2016-10-20,sh.600016,4.90752611,4.91809129,4.90224352,4.90752611,4.90224352,18137451,168581753.0,0.061375,1,0.107761,0
2016-10-21,sh.600016,4.90224352,4.91809129,4.89167834,4.90752611,4.90752611,21363836,198270258.0,0.072293,1,0.0,0
2016-10-24,sh.600016,4.90224352,4.9656346,4.89696093,4.94978683,4.90752611,45969076,429808720.0,0.155554,1,0.86114,0
2016-10-25,sh.600016,4.94450424,4.96035201,4.92865647,4.94450424,4.94978683,23890718,223731827.0,0.080844,1,-0.106726,0
2016-10-26,sh.600016,4.92865647,4.93922165,4.89167834,4.90224352,4.94450424,27654909,256869838.0,0.093581,1,-0.8547,0
2016-10-27,sh.600016,4.89167834,4.91809129,4.88111316,4.89696093,4.90224352,24219135,224412103.0,0.081955,1,-0.107751,0
2016-10-28,sh.600016,4.88639575,4.92865647,4.88639575,4.91809129,4.89696093,41278345,382948528.0,0.139681,1,0.431499,0
2016-10-31,sh.600016,4.9128087,4.9128087,4.82828726,4.8599828,4.91809129,48642878,446877888.0,0.164602,1,-1.181532,0
2016-11-01,sh.600016,4.8599828,4.87583057,4.83885244,4.86526539,4.8599828,22980490,211552457.0,0.077763,1,0.108698,0
2016-11-02,sh.600016,4.84941762,4.86526539,4.82300467,4.83885244,4.86526539,47408721,433805040.0,0.160426,1,-0.54289,0
2016-11-03,sh.600016,4.83885244,4.87583057,4.82300467,4.85470021,4.83885244,50655655,465237728.0,0.171413,1,0.327508,0
2016-11-04,sh.600016,4.84941762,4.86526539,4.82828726,4.83885244,4.85470021,35280119,323537408.0,0.119384,1,-0.326439,0
2016-11-07,sh.600016,4.83356985,4.84413503,4.82300467,4.83885244,4.83885244,28920438,264617196.0,0.097864,1,0.0,0
2016-11-08,sh.600016,4.83885244,4.85470021,4.82828726,4.84413503,4.83885244,38606834,353720848.0,0.130641,1,0.109173,0
2016-11-09,sh.600016,4.84941762,4.84941762,4.77546136,4.81243949,4.84413503,77945507,708899648.0,0.263759,1,-0.654312,0
2016-11-10,sh.600016,4.82828726,4.84413503,4.81772208,4.83885244,4.81243949,66369353,607422576.0,0.224587,1,0.548849,0
2016-11-11,sh.600016,4.83356985,4.86526539,4.81772208,4.8599828,4.83885244,49228494,451278560.0,0.166584,1,0.436681,0
2016-11-14,sh.600016,4.84941762,4.88111316,4.84413503,4.87054798,4.8599828,51239951,472058672.0,0.17339,1,0.217396,0
2016-11-15,sh.600016,4.87054798,4.87583057,4.84941762,4.86526539,4.87054798,36214512,333400976.0,0.122546,1,-0.108462,0
2016-11-16,sh.600016,4.8599828,4.87054798,4.83885244,4.85470021,4.86526539,52683484,484176512.0,0.178275,1,-0.21716,0
2016-11-17,sh.600016,4.84941762,4.86526539,4.83356985,4.8599828,4.85470021,54477995,500457072.0,0.184348,1,0.108816,0
2016-11-18,sh.600016,4.85470021,4.87054798,4.84413503,4.8599828,4.8599828,50326689,462714672.0,0.1703,1,0.0,0
2016-11-21,sh.600016,4.87054798,4.90752611,4.84941762,4.90224352,4.8599828,55948126,517559968.0,0.189322,1,0.869564,0
2016-11-22,sh.600016,4.90224352,4.92337388,4.90224352,4.91809129,4.90224352,70035985,651065984.0,0.236994,1,0.323283,0
2016-11-23,sh.600016,4.92337388,5.00261273,4.90752611,4.94978683,4.91809129,81035036,760934320.0,0.274214,1,0.644463,0
2016-11-24,sh.600016,4.95506942,4.9656346,4.92865647,4.93922165,4.94978683,67367915,631023808.0,0.227966,1,-0.213442,0
2016-11-25,sh.600016,4.9656346,4.97619978,4.90752611,4.97091719,4.93922165,66262639,620586016.0,0.224226,1,0.641706,0
2016-11-28,sh.600016,4.97091719,5.05543863,4.93922165,4.9656346,4.97091719,188418889,1775621568.0,0.637589,1,-0.106272,0
2016-11-29,sh.600016,4.9656346,5.00789532,4.94978683,5.00261273,4.9656346,175280442,1654117136.0,0.59313,1,0.744688,0
2016-11-30,sh.600016,5.01317791,5.02902568,4.98148237,5.0184605,5.00261273,111034920,1051281856.0,0.37573,1,0.316787,0
2016-12-01,sh.600016,5.03430827,5.15052525,4.97091719,4.98148237,5.0184605,199387021,1901931248.0,0.674704,1,-0.736839,0
2016-12-02,sh.600016,4.98148237,5.00789532,4.91809129,4.98148237,4.98148237,124506895,1168607120.0,0.421318,1,0.0,0
2016-12-05,sh.600016,4.93922165,4.99733014,4.9128087,4.98148237,4.98148237,109729425,1028899584.0,0.371313,1,0.0,0
2016-12-06,sh.600016,4.95506942,4.99733014,4.94978683,4.97619978,4.98148237,48512981,457280032.0,0.164163,1,-0.106047,0
2016-12-07,sh.600016,4.9656346,4.97091719,4.92337388,4.93922165,4.97619978,50617007,473337168.0,0.171282,1,-0.743097,0
2016-12-08,sh.600016,4.93393906,5.13996007,4.92337388,5.10298194,4.93922165,274859568,2627142624.0,0.930095,1,3.315502,0
2016-12-09,sh.600016,5.05543863,5.18222079,5.03959086,5.13467748,5.10298194,191536740,1862532864.0,0.64814,1,0.621122,0
2016-12-12,sh.600016,5.11354712,5.18222079,5.03430827,5.14524266,5.13467748,143768446,1395029376.0,0.486497,1,0.205756,0
2016-12-13,sh.600016,5.10826453,5.13996007,5.06072122,5.10826453,5.14524266,79949729,772666624.0,0.270541,1,-0.718683,0
2016-12-14,sh.600016,5.11354712,5.27730741,5.10298194,5.20335115,5.10826453,273044976,2698679712.0,0.923955,1,1.86143,0
2016-12-15,sh.600016,5.15580784,5.21919892,4.99733014,5.02374309,5.20335115,111255895,1064480032.0,0.376478,1,-3.451778,0
2016-12-16,sh.600016,5.0184605,5.03430827,4.92865647,4.92865647,5.02374309,205128333,1935504608.0,0.694132,1,-1.892748,0
2016-12-19,sh.600016,4.91809129,4.92865647,4.85470021,4.89167834,4.92865647,52036086,480802992.0,0.176085,1,-0.750265,0
2016-12-20,sh.600016,4.92337388,4.94978683,4.84941762,4.88639575,4.89167834,66115841,611317168.0,0.223729,1,-0.107994,0
2016-12-21,sh.600016,4.8599828,4.88639575,4.84941762,4.88111316,4.88639575,53616202,494283520.0,0.181431,1,-0.108111,0
2016-12-22,sh.600016,4.87054798,4.87054798,4.83356985,4.84941762,4.88111316,40855026,374824272.0,0.138249,1,-0.649345,0
2016-12-23,sh.600016,4.84941762,4.84941762,4.8071569,4.83885244,4.84941762,38903329,355004032.0,0.131645,1,-0.21787,0
2016-12-26,sh.600016,4.8071569,4.83356985,4.78074395,4.82828726,4.83885244,40541730,368731712.0,0.137189,1,-0.218335,0
2016-12-27,sh.600016,4.82828726,4.84413503,4.79130913,4.80187431,4.82828726,47739678,435080272.0,0.161546,1,-0.547048,0
2016-12-28,sh.600016,4.80187431,4.8071569,4.75961359,4.78074395,4.80187431,63856267,577426112.0,0.216083,1,-0.440044,0
2016-12-29,sh.600016,4.77546136,4.79659172,4.76489618,4.78602654,4.78074395,37785721,341997328.0,0.127863,1,0.1105,0
2016-12-30,sh.600016,4.79659172,4.81243949,4.78074395,4.79659172,4.78602654,54821371,497483712.0,0.18551,1,0.220745,0
2017-01-03,sh.600016,4.79659172,4.83885244,4.78074395,4.81243949,4.79659172,58352389,531505648.0,0.197458,1,0.330394,0
2017-01-04,sh.600016,4.8071569,4.81772208,4.77546136,4.81243949,4.81243949,73120372,663889520.0,0.247431,1,0.0,0
2017-01-05,sh.600016,4.81243949,4.81772208,4.79130913,4.79659172,4.81243949,56243309,511452912.0,0.190321,1,-0.329305,0
2017-01-06,sh.600016,4.79659172,4.80187431,4.75961359,4.75961359,4.79659172,55732553,503621296.0,0.188593,1,-0.770922,0
2017-01-09,sh.600016,4.754331,4.77546136,4.74376582,4.76489618,4.75961359,49114801,442818752.0,0.166199,1,0.11099,0
2017-01-10,sh.600016,4.75961359,4.78074395,4.75961359,4.77017877,4.76489618,38946271,351732176.0,0.13179,1,0.110857,0
2017-01-11,sh.600016,4.77017877,4.78074395,4.74376582,4.74904841,4.77017877,38822892,350048432.0,0.131372,1,-0.442968,0
2017-01-12,sh.600016,4.754331,4.77017877,4.74376582,4.754331,4.74904841,22511184,202778273.0,0.076175,1,0.111237,0
2017-01-13,sh.600016,4.74904841,4.8071569,4.74376582,4.79659172,4.754331,59021403,534243616.0,0.199722,1,0.888888,0
2017-01-16,sh.600016,4.79130913,4.89696093,4.73848323,4.8599828,4.79659172,196318555,1798612064.0,0.664321,1,1.321585,0
2017-01-17,sh.600016,4.83885244,4.85470021,4.82300467,4.83356985,4.8599828,31710844,290563856.0,0.107306,1,-0.54348,0
2017-01-18,sh.600016,4.84413503,4.8599828,4.82300467,4.84941762,4.83356985,23076975,211871129.0,0.07809,1,0.327876,0
2017-01-19,sh.600016,4.83356985,4.89167834,4.82828726,4.84941762,4.84941762,24707934,227509736.0,0.083609,1,0.0,0
2017-01-20,sh.600016,4.84941762,4.88111316,4.83356985,4.87054798,4.84941762,27038313,248813297.0,0.091495,1,0.435729,0
2017-01-23,sh.600016,4.88111316,4.89167834,4.85470021,4.87054798,4.87054798,23741568,218992125.0,0.080339,1,0.0,0
2017-01-24,sh.600016,4.87054798,4.90752611,4.86526539,4.89696093,4.87054798,27881995,258024163.0,0.09435,1,0.542301,0
2017-01-25,sh.600016,4.88111316,4.89167834,4.8599828,4.87054798,4.89696093,16776054,154747457.0,0.056768,1,-0.539376,0
2017-01-26,sh.600016,4.87583057,4.90752611,4.87583057,4.88639575,4.87054798,19569744,181256712.0,0.066222,1,0.325377,0
2017-02-03,sh.600016,4.90224352,4.90224352,4.84413503,4.84413503,4.88639575,24803969,228389826.0,0.083934,1,-0.864864,0
2017-02-06,sh.600016,4.86526539,4.87583057,4.83356985,4.83885244,4.84413503,42566220,391284368.0,0.144039,1,-0.109054,0
2017-02-07,sh.600016,4.83885244,4.85470021,4.8071569,4.82828726,4.83885244,42115167,385290960.0,0.142513,1,-0.218335,0
2017-02-08,sh.600016,4.81243949,4.82828726,4.78602654,4.81772208,4.82828726,39744917,361346736.0,0.134493,1,-0.218823,0
2017-02-09,sh.600016,4.81772208,4.83356985,4.80187431,4.81772208,4.81772208,45953000,418873632.0,0.1555,1,0.0,0
2017-02-10,sh.600016,4.82300467,4.82828726,4.79659172,4.81243949,4.81772208,97265021,885695664.0,0.329134,1,-0.109652,0
2017-02-13,sh.600016,4.81772208,4.84941762,4.8071569,4.82828726,4.81243949,102536449,937052256.0,0.346972,1,0.329316,0
2017-02-14,sh.600016,4.82828726,4.83356985,4.79659172,4.8071569,4.82828726,64756099,589274960.0,0.219128,1,-0.437636,0
2017-02-15,sh.600016,4.81243949,4.84941762,4.79659172,4.83356985,4.8071569,144318419,1318307664.0,0.488358,1,0.549442,0
2017-02-16,sh.600016,4.82828726,4.84413503,4.8071569,4.81772208,4.83356985,95450196,869849744.0,0.322993,1,-0.327866,0
2017-02-17,sh.600016,4.81772208,4.82828726,4.77017877,4.77017877,4.81772208,107446237,975385808.0,0.363586,1,-0.986844,0
2017-02-20,sh.600016,4.77546136,4.83356985,4.77017877,4.82828726,4.77017877,157680614,1436019392.0,0.533574,1,1.218168,0
2017-02-21,sh.600016,4.83885244,4.85470021,4.8071569,4.82300467,4.82828726,120469003,1100914720.0,0.407654,1,-0.109412,0
2017-02-22,sh.600016,4.81772208,4.81772208,4.79130913,4.80187431,4.82300467,90558399,823358544.0,0.30644,1,-0.438116,0
2017-02-23,sh.600016,4.8071569,4.81243949,4.79130913,4.79659172,4.80187431,56167373,510267984.0,0.190064,1,-0.110014,0
2017-02-24,sh.600016,4.79659172,4.8071569,4.78074395,4.79130913,4.79659172,77910682,706880080.0,0.263641,1,-0.110135,0
2017-02-27,sh.600016,4.79130913,4.79659172,4.76489618,4.77546136,4.79130913,80756890,729999856.0,0.273273,1,-0.330758,0
2017-02-28,sh.600016,4.77546136,4.78602654,4.76489618,4.77017877,4.77546136,44034624,397968688.0,0.149008,1,-0.110622,0
2017-03-01,sh.600016,4.78074395,4.78074395,4.76489618,4.77546136,4.77017877,68994871,623486880.0,0.233471,1,0.110744,0
2017-03-02,sh.600016,4.77546136,4.78602654,4.72791805,4.73848323,4.77546136,115946009,1043224528.0,0.392349,1,-0.774333,0
2017-03-03,sh.600016,4.73320064,4.74904841,4.71735287,4.73848323,4.73848323,61988854,554774656.0,0.209764,1,0.0,0
2017-03-06,sh.600016,4.73320064,4.73848323,4.72263546,4.73320064,4.73848323,59574979,533330384.0,0.201595,1,-0.111485,0
2017-03-07,sh.600016,4.72791805,4.74376582,4.71735287,4.73848323,4.73320064,34339894,307714880.0,0.116202,1,0.11161,0
2017-03-08,sh.600016,4.73320064,4.73848323,4.7015051,4.71207028,4.73848323,56316198,502746160.0,0.190568,1,-0.557416,0
2017-03-09,sh.600016,4.7015051,4.70678769,4.67509215,4.68565733,4.71207028,54516573,483861456.0,0.184478,1,-0.56054,0
2017-03-10,sh.600016,4.68565733,4.69622251,4.65924438,4.66980956,4.68565733,40672973,360003776.0,0.137633,1,-0.338216,0
2017-03-13,sh.600016,4.66980956,4.68565733,4.6486792,4.68037474,4.66980956,44713567,395086240.0,0.151306,1,0.226239,0
2017-03-14,sh.600016,4.67509215,4.68565733,4.65924438,4.66980956,4.68037474,44623389,394734768.0,0.151001,1,-0.225728,0
2017-03-15,sh.600016,4.66452697,4.68565733,4.65396179,4.68037474,4.66980956,46471270,410520128.0,0.157254,1,0.226239,0
2017-03-16,sh.600016,4.68037474,4.7015051,4.67509215,4.69093992,4.68037474,70457489,625518304.0,0.238421,1,0.225739,0
2017-03-17,sh.600016,4.69622251,4.69622251,4.63811402,4.65396179,4.69093992,93164446,822494704.0,0.315258,1,-0.788285,0
2017-03-20,sh.600016,4.6486792,4.65924438,4.58528812,4.60113589,4.65396179,103859324,906805024.0,0.351449,1,-1.135078,0
2017-03-21,sh.600016,4.5958533,4.60113589,4.56415776,4.58000553,4.60113589,92089283,797315376.0,0.31162,1,-0.459242,0
2017-03-22,sh.600016,4.56415776,4.56415776,4.49548409,4.51661445,4.58000553,124313826,1064697472.0,0.420665,1,-1.384082,0
2017-03-23,sh.600016,4.51661445,4.5430274,4.51133186,4.53774481,4.51661445,100749103,864095920.0,0.340924,1,0.467836,0
2017-03-24,sh.600016,4.53774481,4.55359258,4.52189704,4.5430274,4.53774481,64861516,556787040.0,0.219484,1,0.116417,0
2017-03-27,sh.600016,4.5430274,4.56944035,4.53774481,4.54830999,4.5430274,75358656,649342144.0,0.255006,1,0.116271,0
2017-03-28,sh.600016,4.55359258,4.55359258,4.50604927,4.51661445,4.54830999,57693733,494561952.0,0.195229,1,-0.696858,0
2017-03-29,sh.600016,4.52189704,4.53774481,4.4902015,4.50076668,4.51661445,69486414,591948176.0,0.235135,1,-0.350874,0
2017-03-30,sh.600016,4.4902015,4.50076668,4.4373756,4.46907114,4.50076668,84600664,714830192.0,0.28628,1,-0.70423,0
2017-03-31,sh.600016,4.46378855,4.50604927,4.46378855,4.47963632,4.46907114,64726457,549116672.0,0.219027,1,0.236401,0
2017-04-05,sh.600016,4.47963632,4.50076668,4.45850596,4.49548409,4.47963632,112715854,956009760.0,0.381418,1,0.353782,0
2017-04-06,sh.600016,4.50076668,4.50076668,4.46907114,4.48491891,4.49548409,84781791,718808048.0,0.286892,1,-0.235023,0
2017-04-07,sh.600016,4.48491891,4.50604927,4.46907114,4.4902015,4.48491891,94919413,806794832.0,0.321197,1,0.117788,0
2017-04-10,sh.600016,4.4902015,4.49548409,4.44794078,4.45322337,4.4902015,83224332,703609616.0,0.281622,1,-0.823526,0
2017-04-11,sh.600016,4.44265819,4.45850596,4.40568006,4.44265819,4.45322337,90538494,759699792.0,0.306372,1,-0.237253,0
2017-04-12,sh.600016,4.4373756,4.4373756,4.40568006,4.42152783,4.44265819,84105159,703813568.0,0.284603,1,-0.475624,0
2017-04-13,sh.600016,4.41624524,4.42681042,4.39511488,4.40039747,4.42152783,65694859,547590304.0,0.222304,1,-0.477897,0
2017-04-14,sh.600016,4.40039747,4.40568006,4.31587603,4.3317238,4.40039747,147849664,1215637824.0,0.500307,1,-1.560626,0
2017-04-17,sh.600016,4.32644121,4.35285416,4.25776754,4.34757157,4.3317238,150439270,1223536128.0,0.50907,1,0.36585,0
2017-04-18,sh.600016,4.32115862,4.32115862,4.25248495,4.25776754,4.34757157,127617152,1033016656.0,0.431843,1,-2.065603,0
2017-04-19,sh.600016,4.21022423,4.23663718,4.18381128,4.19437646,4.25776754,125634094,999685808.0,0.425132,1,-1.488838,0
2017-04-20,sh.600016,4.17852869,4.19437646,4.12570279,4.14155056,4.19437646,124753165,982129696.0,0.422151,1,-1.259445,0
2017-04-21,sh.600016,4.15211574,4.18909387,4.14155056,4.1732461,4.14155056,92113985,724969232.0,0.311704,1,0.765305,0
2017-04-24,sh.600016,4.1732461,4.1732461,4.13098538,4.13626797,4.1732461,79466600,623077648.0,0.268906,1,-0.886078,0
2017-04-25,sh.600016,4.14155056,4.15739833,4.12570279,4.14155056,4.13626797,88293592,691465536.0,0.298776,1,0.127717,0
2017-04-26,sh.600016,4.13626797,4.14155056,4.0675943,4.07287689,4.14155056,155213521,1207016928.0,0.525226,1,-1.658165,0
2017-04-27,sh.600016,4.07815948,4.16268092,4.04646394,4.15739833,4.07287689,174973149,1363354256.0,0.59209,1,2.075225,0
2017-04-28,sh.600016,4.15739833,4.1732461,4.11513761,4.15739833,4.15739833,123853840,971020384.0,0.419108,1,0.0,0
2017-05-02,sh.600016,4.14683315,4.16796351,4.12570279,4.15211574,4.15739833,74415128,584386528.0,0.251813,1,-0.127062,0
2017-05-03,sh.600016,4.14683315,4.15211574,4.10457243,4.10985502,4.15211574,81726499,638250752.0,0.276554,1,-1.017811,0
2017-05-04,sh.600016,4.11513761,4.1204202,4.05702912,4.07287689,4.10985502,129687354,1002770848.0,0.438848,1,-0.899745,0
2017-05-05,sh.600016,4.05702912,4.07815948,4.00420322,4.07287689,4.07287689,146323673,1118763584.0,0.495144,1,0.0,0
2017-05-08,sh.600016,4.04646394,4.09928984,4.02005099,4.09400725,4.07287689,135850734,1043439088.0,0.459704,1,0.518806,0
2017-05-09,sh.600016,4.07287689,4.10457243,4.0675943,4.09400725,4.09400725,76013682,588643024.0,0.257222,1,0.0,0
2017-05-10,sh.600016,4.08872466,4.15739833,4.08344207,4.09400725,4.09400725,118856444,926774576.0,0.402197,1,0.0,0
2017-05-11,sh.600016,4.09400725,4.13098538,4.07815948,4.11513761,4.09400725,86480313,671847248.0,0.29264,1,0.516128,0
2017-05-12,sh.600016,4.1204202,4.23663718,4.10985502,4.22078941,4.11513761,191380457,1518377536.0,0.647611,1,2.567392,0
2017-05-15,sh.600016,4.22078941,4.24720236,4.19437646,4.19965905,4.22078941,100557732,802732608.0,0.340277,1,-0.500625,0
2017-05-16,sh.600016,4.19437646,4.21022423,4.16796351,4.19437646,4.19965905,93436024,740207664.0,0.316177,1,-0.125783,0
2017-05-17,sh.600016,4.18381128,4.19965905,4.15739833,4.16268092,4.19437646,82055291,648031632.0,0.277666,1,-0.755667,0
2017-05-18,sh.600016,4.14683315,4.15739833,4.1204202,4.13098538,4.16268092,87586687,686199648.0,0.296384,1,-0.761421,0
2017-05-19,sh.600016,4.12570279,4.14155056,4.09928984,4.12570279,4.13098538,68225090,531438720.0,0.230866,1,-0.12788,0
2017-05-22,sh.600016,4.13098538,4.13098538,4.08344207,4.10457243,4.12570279,83769679,651029328.0,0.283468,1,-0.512163,0
2017-05-23,sh.600016,4.09928984,4.19965905,4.08344207,4.16796351,4.10457243,193869101,1524752768.0,0.656032,1,1.5444,0
2017-05-24,sh.600016,4.15739833,4.1732461,4.09400725,4.13098538,4.16796351,129098861,1008572000.0,0.436857,1,-0.887195,0
2017-05-25,sh.600016,4.11513761,4.30531085,4.11513761,4.28418049,4.13098538,336327056,2694603712.0,1.138094,1,3.708433,0
2017-05-26,sh.600016,4.25248495,4.28418049,4.21550682,4.23135459,4.28418049,210430079,1692199120.0,0.712073,1,-1.233039,0
2017-05-31,sh.600016,4.23135459,4.28946308,4.226072,4.24191977,4.23135459,127050707,1023328896.0,0.429926,1,0.249682,0
2017-06-01,sh.600016,4.23663718,4.25776754,4.22078941,4.23663718,4.24191977,106270385,852589376.0,0.359608,1,-0.124524,0
2017-06-02,sh.600016,4.24191977,4.26305013,4.20494164,4.226072,4.23663718,122939443,984801776.0,0.416014,1,-0.249382,0
2017-06-05,sh.600016,4.226072,4.226072,4.16796351,4.1732461,4.226072,107650626,853054592.0,0.364278,1,-1.249999,0
2017-06-06,sh.600016,4.1732461,4.19965905,4.16796351,4.18909387,4.1732461,66507920,526636976.0,0.225056,1,0.379744,0
2017-06-07,sh.600016,4.18909387,4.24720236,4.18381128,4.23663718,4.18909387,108526991,868508544.0,0.367244,1,1.134939,0
2017-06-08,sh.600016,4.226072,4.26833272,4.22078941,4.25776754,4.23663718,94899643,762181232.0,0.32113,1,0.498753,0
2017-06-09,sh.600016,4.24720236,4.31587603,4.24720236,4.28946308,4.25776754,135153141,1097876864.0,0.457344,1,0.74441,0
2017-06-12,sh.600016,4.28418049,4.30531085,4.25248495,4.25248495,4.28946308,100701370,815372384.0,0.340763,1,-0.862065,0
2017-06-13,sh.600016,4.24720236,4.2788979,4.23663718,4.27361531,4.25248495,62684675,505574208.0,0.212118,1,0.496894,0
2017-06-14,sh.600016,4.25248495,4.27361531,4.23663718,4.25776754,4.27361531,99284801,798796704.0,0.335969,1,-0.370825,0
2017-06-15,sh.600016,4.25248495,4.25776754,4.226072,4.23663718,4.25776754,77804457,624645744.0,0.263282,1,-0.496277,0
2017-06-16,sh.600016,4.24191977,4.26305013,4.23663718,4.24191977,4.23663718,57707440,464303712.0,0.195276,1,0.124679,0
2017-06-19,sh.600016,4.24191977,4.28418049,4.24191977,4.2788979,4.24191977,68255639,551595680.0,0.23097,1,0.871739,0
2017-06-20,sh.600016,4.28418049,4.28946308,4.25776754,4.2788979,4.2788979,61889622,500395728.0,0.209428,1,0.0,0
2017-06-21,sh.600016,4.28946308,4.29474567,4.25776754,4.2788979,4.2788979,65134556,526895072.0,0.220408,1,0.0,0
2017-06-22,sh.600016,4.26305013,4.36870193,4.26305013,4.30002826,4.2788979,189430201,1550741536.0,0.641011,1,0.493827,0
2017-06-23,sh.600016,4.28946308,4.31059344,4.24191977,4.28418049,4.30002826,113489653,917950416.0,0.384037,1,-0.368559,0
2017-06-26,sh.600016,4.2788979,4.32115862,4.27361531,4.28946308,4.28418049,124381880,1011546480.0,0.420895,1,0.123307,0
2017-06-27,sh.600016,4.28946308,4.33700639,4.2788979,4.32115862,4.28946308,106388502,866534560.0,0.360007,1,0.738922,0
2017-06-28,sh.600016,4.31059344,4.39511488,4.30531085,4.36870193,4.32115862,224681461,1858161744.0,0.760298,1,1.100246,0
2017-06-29,sh.600016,4.36870193,4.3845497,4.35285416,4.35813675,4.36870193,75761384,626143776.0,0.256368,1,-0.241843,0
2017-06-30,sh.600016,4.35285416,4.36870193,4.3317238,4.34228898,4.35813675,76690964,630752704.0,0.259514,1,-0.363633,0
2017-07-03,sh.600016,4.35285416,4.36341934,4.33700639,4.34757157,4.34228898,49293325,405630928.0,0.166803,1,0.121646,0
2017-07-04,sh.600016,4.35285416,4.35285416,4.31059344,4.31587603,4.34757157,76845612,628787824.0,0.260037,1,-0.729034,0
2017-07-05,sh.600016,4.31059344,4.33700639,4.30002826,4.3317238,4.31587603,77828325,636648112.0,0.263363,1,0.367194,0
2017-07-06,sh.600016,4.34250232,4.35327776,4.32633916,4.34250232,4.33172688,84549699,680989328.0,0.286107,1,0.248762,0
2017-07-07,sh.600016,4.34250232,4.34789004,4.30478828,4.32633916,4.34250232,79833081,640939840.0,0.270147,1,-0.372217,0
2017-07-10,sh.600016,4.32095144,4.33172688,4.30478828,4.33172688,4.32633916,63909676,512494640.0,0.216263,1,0.124536,0
2017-07-11,sh.600016,4.32633916,4.42870584,4.32095144,4.38021636,4.33172688,214069944,1743498896.0,0.72439,1,1.119405,0
2017-07-12,sh.600016,4.38560408,4.46641988,4.38021636,4.4179304,4.38021636,247683626,2037695472.0,0.838135,1,0.861005,0
2017-07-13,sh.600016,4.4179304,4.53646024,4.40715496,4.53107252,4.4179304,245913115,2044261568.0,0.832143,1,2.560976,0
2017-07-14,sh.600016,4.54184796,4.62805148,4.53646024,4.6065006,4.53107252,273520368,2324291488.0,0.925563,1,1.664689,0
2017-07-17,sh.600016,4.62805148,4.75735676,4.54184796,4.62805148,4.6065006,386860128,3344928192.0,1.309093,1,0.467836,0
2017-07-18,sh.600016,4.60111288,4.6603778,4.57417428,4.6065006,4.62805148,193009856,1651439216.0,0.653125,1,-0.465657,0
2017-07-19,sh.600016,4.6065006,4.6873164,4.58494972,4.67115324,4.6065006,187810307,1620301312.0,0.63553,1,1.403507,0
2017-07-20,sh.600016,4.66576552,4.6873164,4.6065006,4.63882692,4.67115324,134197440,1154432240.0,0.45411,1,-0.692046,0
2017-07-21,sh.600016,4.62266376,4.63882692,4.58494972,4.60111288,4.63882692,95555388,817456480.0,0.323349,1,-0.813005,0
2017-07-24,sh.600016,4.59572516,4.69809184,4.59033744,4.68192868,4.60111288,152764001,1319165024.0,0.516937,1,1.756436,0
2017-07-25,sh.600016,4.67115324,4.71964272,4.61727604,4.64421464,4.68192868,151990294,1317574816.0,0.514319,1,-0.80552,0
2017-07-26,sh.600016,4.6334392,4.72503044,4.60111288,4.62805148,4.64421464,149134329,1289329312.0,0.504654,1,-0.348025,0
2017-07-27,sh.600016,4.62266376,4.6334392,4.56339884,4.579562,4.62805148,111177076,947466368.0,0.376211,1,-1.047732,0
2017-07-28,sh.600016,4.56878656,4.60111288,4.55801112,4.59572516,4.579562,55465382,471210768.0,0.187689,1,0.352938,0
2017-07-31,sh.600016,4.59033744,4.63882692,4.58494972,4.6334392,4.59572516,104540405,895994272.0,0.353753,1,0.820641,0
2017-08-01,sh.600016,4.64960236,4.6873164,4.63882692,4.68192868,4.6334392,117622484,1018423296.0,0.398022,1,1.046502,0
2017-08-02,sh.600016,4.6873164,4.73041816,4.67115324,4.67654096,4.68192868,141296670,1232610688.0,0.478133,1,-0.115067,0
2017-08-03,sh.600016,4.67115324,4.70886728,4.61188832,4.62266376,4.67654096,88621875,765380896.0,0.299887,1,-1.152078,0
2017-08-04,sh.600016,4.62266376,4.6603778,4.6065006,4.61188832,4.62266376,80200084,689659120.0,0.271388,1,-0.233095,0
2017-08-07,sh.600016,4.61188832,4.62805148,4.58494972,4.61727604,4.61188832,51746931,442333840.0,0.175106,1,0.116814,0
2017-08-08,sh.600016,4.61727604,4.6334392,4.59572516,4.61188832,4.61727604,51984497,445054816.0,0.17591,1,-0.116678,0
2017-08-09,sh.600016,4.61188832,4.61188832,4.4987462,4.50413392,4.61188832,128384507,1082547440.0,0.434439,1,-2.336457,0
2017-08-10,sh.600016,4.4987462,4.53107252,4.45564444,4.49335848,4.50413392,94061386,784225472.0,0.318294,1,-0.239229,0
2017-08-11,sh.600016,4.47719532,4.47719532,4.40176724,4.40715496,4.49335848,107226967,883157536.0,0.362844,1,-1.918463,0
2017-08-14,sh.600016,4.4179304,4.43409356,4.38560408,4.40715496,4.40715496,113905202,931435760.0,0.385443,1,0.0,0
2017-08-15,sh.600016,4.41254268,4.46641988,4.40715496,4.43409356,4.40715496,95739796,789746816.0,0.323973,1,0.611238,0
2017-08-16,sh.600016,4.42331812,4.42870584,4.39637952,4.40176724,4.43409356,63926311,523154016.0,0.21632,1,-0.729034,0
2017-08-17,sh.600016,4.40176724,4.43409356,4.39637952,4.42870584,4.40176724,57339530,469303456.0,0.194031,1,0.611997,0
2017-08-18,sh.600016,4.41254268,4.43409356,4.40176724,4.42331812,4.42870584,44634613,366157296.0,0.151039,1,-0.121657,0
2017-08-21,sh.600016,4.42331812,4.43409356,4.39637952,4.41254268,4.42331812,52595218,430655552.0,0.177977,1,-0.243611,0
2017-08-22,sh.600016,4.41254268,4.42870584,4.40176724,4.4179304,4.41254268,57640379,472378464.0,0.195049,1,0.122103,0
2017-08-23,sh.600016,4.4179304,4.46103216,4.41254268,4.43948128,4.4179304,71465464,588705360.0,0.241831,1,0.487804,0
2017-08-24,sh.600016,4.43409356,4.46103216,4.40715496,4.41254268,4.43948128,71728306,589621808.0,0.242721,1,-0.606798,0
2017-08-25,sh.600016,4.4179304,4.52029708,4.41254268,4.51490936,4.41254268,136876379,1137457136.0,0.463175,1,2.319909,0
2017-08-28,sh.600016,4.53646024,4.59033744,4.52029708,4.5526234,4.51490936,142178138,1201329328.0,0.481115,1,0.835319,0
2017-08-29,sh.600016,4.54184796,4.5526234,4.51490936,4.54184796,4.5526234,88683675,746746176.0,0.300096,1,-0.23668,0
2017-08-30,sh.600016,4.54184796,4.579562,4.53107252,4.54723568,4.54184796,88243504,744998976.0,0.298606,1,0.118615,0
2017-08-31,sh.600016,4.53646024,4.54723568,4.50413392,4.5256848,4.54723568,67878279,569647472.0,0.229693,1,-0.473933,0
2017-09-01,sh.600016,4.52029708,4.54184796,4.49335848,4.50952164,4.5256848,71147509,596187136.0,0.240755,1,-0.35714,0
2017-09-04,sh.600016,4.49335848,4.5256848,4.47719532,4.51490936,4.50952164,76447700,639207152.0,0.258691,1,0.119477,0
2017-09-05,sh.600016,4.52029708,4.5526234,4.50952164,4.5256848,4.51490936,73793060,620747504.0,0.249708,1,0.238658,0
2017-09-06,sh.600016,4.52029708,4.52029708,4.48258304,4.49335848,4.5256848,71532229,596728016.0,0.242057,1,-0.714279,0
2017-09-07,sh.600016,4.50952164,4.50952164,4.4718076,4.4718076,4.49335848,59190905,492652816.0,0.200296,1,-0.479616,0
2017-09-08,sh.600016,4.48258304,4.50413392,4.46641988,4.4718076,4.4718076,46938410,390327072.0,0.158835,1,0.0,0
2017-09-11,sh.600016,4.48797076,4.50952164,4.47719532,4.48797076,4.4718076,54993636,458367664.0,0.186093,1,0.361443,0
2017-09-12,sh.600016,4.49335848,4.4987462,4.46641988,4.48797076,4.48797076,62849282,522652348.0,0.212675,1,0.0,0
2017-09-13,sh.600016,4.48797076,4.48797076,4.45564444,4.46641988,4.48797076,41080514,340826780.0,0.139012,1,-0.480192,0
2017-09-14,sh.600016,4.46641988,4.4718076,4.43409356,4.43948128,4.46641988,68186941,563306042.0,0.230737,1,-0.603139,0
2017-09-15,sh.600016,4.43409356,4.444869,4.42331812,4.43409356,4.43948128,51559409,424245460.0,0.174471,1,-0.121362,0
2017-09-18,sh.600016,4.43409356,4.45564444,4.43409356,4.444869,4.43409356,49855204,411161017.0,0.168705,1,0.243019,0
2017-09-19,sh.600016,4.444869,4.46103216,4.43409356,4.444869,4.444869,47004321,387997814.0,0.159058,1,0.0,0
2017-09-20,sh.600016,4.444869,4.45025672,4.43409356,4.444869,4.444869,35743736,294808519.0,0.120953,1,0.0,0
2017-09-21,sh.600016,4.42331812,4.46103216,4.41254268,4.43409356,4.444869,70369240,578959842.0,0.238122,1,-0.24243,0
2017-09-22,sh.600016,4.42331812,4.43409356,4.40176724,4.40715496,4.43409356,68634028,562257068.0,0.23225,1,-0.607524,0
2017-09-25,sh.600016,4.40176724,4.41254268,4.3909918,4.39637952,4.40715496,67170803,548527870.0,0.227299,1,-0.244504,0
2017-09-26,sh.600016,4.41278091,4.41824904,4.39637652,4.40184465,4.39637652,43894389,353745663.0,0.148534,1,0.124381,0
2017-09-27,sh.600016,4.39637652,4.40731278,4.37997213,4.37997213,4.40184465,46024442,369625511.0,0.155742,1,-0.496894,0
2017-09-28,sh.600016,4.39090839,4.39637652,4.36356774,4.36903587,4.37997213,48865940,390811052.0,0.165357,1,-0.249694,0
2017-09-29,sh.600016,4.374504,4.40184465,4.374504,4.38544026,4.36903587,46067814,369678363.0,0.155889,1,0.375478,0
2017-10-09,sh.600016,4.47293034,4.48933473,4.4291853,4.44012156,4.38544026,93539225,763581517.0,0.316527,1,1.246876,0
2017-10-10,sh.600016,4.44012156,4.46199408,4.43465343,4.46199408,4.44012156,59583736,485231562.0,0.201625,1,0.49261,0
2017-10-11,sh.600016,4.46199408,4.48933473,4.45652595,4.47839847,4.46199408,63705735,521310734.0,0.215573,1,0.367644,0
2017-10-12,sh.600016,4.47839847,4.4838666,4.45652595,4.46199408,4.47839847,50330670,411304265.0,0.170314,1,-0.366297,0
2017-10-13,sh.600016,4.46199408,4.47839847,4.46199408,4.46746221,4.46199408,29984501,244945657.0,0.101464,1,0.122552,0
2017-10-16,sh.600016,4.46746221,4.48933473,4.45105782,4.46199408,4.46746221,53476166,437244202.0,0.180958,1,-0.122402,0
2017-10-17,sh.600016,4.47293034,4.47293034,4.44558969,4.45105782,4.46199408,28748253,234222485.0,0.097281,1,-0.245092,0
2017-10-18,sh.600016,4.45105782,4.46199408,4.44558969,4.44558969,4.45105782,42955168,349617009.0,0.145356,1,-0.122853,0
2017-10-19,sh.600016,4.44558969,4.45652595,4.40731278,4.41278091,4.44558969,61607341,498519811.0,0.208473,1,-0.738012,0
2017-10-20,sh.600016,4.41824904,4.41824904,4.40184465,4.41278091,4.41278091,32898389,265337357.0,0.111325,1,0.0,0
2017-10-23,sh.600016,4.41278091,4.41824904,4.39637652,4.40184465,4.41278091,37450283,301773711.0,0.126728,1,-0.247825,0
2017-10-24,sh.600016,4.40184465,4.44558969,4.40184465,4.4291853,4.40184465,61703316,499688076.0,0.208797,1,0.62112,0
2017-10-25,sh.600016,4.4291853,4.44558969,4.42371717,4.4291853,4.4291853,32274833,261769048.0,0.109215,1,0.0,0
2017-10-26,sh.600016,4.4291853,4.45105782,4.42371717,4.44012156,4.4291853,54471978,442091600.0,0.184327,1,0.246907,0
2017-10-27,sh.600016,4.44012156,4.50027099,4.43465343,4.47293034,4.44012156,78128917,639990251.0,0.26438,1,0.738922,0
2017-10-30,sh.600016,4.47839847,4.50027099,4.43465343,4.46746221,4.47293034,85409634,696839629.0,0.289017,1,-0.122252,0
2017-10-31,sh.600016,4.47839847,4.5932292,4.45652595,4.53307977,4.46746221,138640337,1148880143.0,0.469144,1,1.468787,0
2017-11-01,sh.600016,4.51667538,4.52761164,4.48933473,4.50573912,4.53307977,79305296,653675812.0,0.268361,1,-0.603139,0
2017-11-02,sh.600016,4.50027099,4.51120725,4.41824904,4.49480286,4.50573912,125690811,1025441518.0,0.425324,1,-0.242712,0
2017-11-03,sh.600016,4.47293034,4.52214351,4.44558969,4.51120725,4.49480286,110219883,904049316.0,0.372972,1,0.36496,0
2017-11-06,sh.600016,4.50027099,4.51667538,4.47293034,4.51667538,4.51120725,68348136,562105367.0,0.231283,1,0.121215,0
2017-11-07,sh.600016,4.51667538,4.58229294,4.48933473,4.57135668,4.51667538,109547875,910261074.0,0.370698,1,1.210647,0
2017-11-08,sh.600016,4.57135668,4.60416546,4.55495229,4.5932292,4.57135668,129385383,1085277915.0,0.437826,1,0.478469,0
2017-11-09,sh.600016,4.5932292,4.62056985,4.57135668,4.57682481,4.5932292,86659737,728653495.0,0.293247,1,-0.35714,0
2017-11-10,sh.600016,4.57682481,4.59869733,4.56588855,4.59869733,4.57682481,103641779,868334403.0,0.350713,1,0.477897,0
2017-11-13,sh.600016,4.63697424,4.68071928,4.59869733,4.62056985,4.59869733,202602105,1720606213.0,0.685584,1,0.475624,0
2017-11-14,sh.600016,4.62056985,4.62056985,4.55495229,4.61510172,4.62056985,137092069,1150138376.0,0.463905,1,-0.118346,0
2017-11-15,sh.600016,4.59869733,4.61510172,4.54948416,4.57135668,4.61510172,113214060,948200639.0,0.383104,1,-0.947866,0
2017-11-16,sh.600016,4.55495229,4.56042042,4.52214351,4.52761164,4.57135668,64614840,535988338.0,0.21865,1,-0.956937,0
2017-11-17,sh.600016,4.51120725,4.68071928,4.51120725,4.66978302,4.52761164,238443038,2011206863.0,0.806866,1,3.140099,0
2017-11-20,sh.600016,4.63697424,4.71899619,4.61510172,4.69712367,4.66978302,166298028,1420479675.0,0.562735,1,0.585482,0
2017-11-21,sh.600016,4.7025918,4.74633684,4.68071928,4.72446432,4.69712367,154544596,1333881587.0,0.522962,1,0.582074,0
2017-11-22,sh.600016,4.75180497,5.07442464,4.73540058,4.95959391,4.72446432,389506528,3492335366.0,1.318048,1,4.976844,0
2017-11-23,sh.600016,4.99240269,5.16191472,4.94865765,4.95959391,4.95959391,493276576,4553856051.0,1.669195,1,0.0,0
2017-11-24,sh.600016,4.95959391,5.05255212,4.90491261,4.9759983,4.95959391,258475228,2355920698.0,0.874652,1,0.330768,0
2017-11-27,sh.600016,4.93225326,5.03614773,4.89397635,4.98146643,4.9759983,224165429,2035185389.0,0.758552,1,0.109882,0
2017-11-28,sh.600016,4.95959391,4.98146643,4.80101814,4.83382692,4.98146643,209857971,1861210314.0,0.710137,1,-2.963771,0
2017-11-29,sh.600016,4.83382692,4.85569944,4.76274123,4.83929505,4.83382692,141850132,1247219850.0,0.480006,1,0.113125,0
2017-11-30,sh.600016,4.81742253,4.89944448,4.76820936,4.83929505,4.83929505,137450088,1216349273.0,0.465116,1,0.0,0
2017-12-01,sh.600016,4.80648627,4.84476318,4.74633684,4.82835879,4.83929505,133017638,1167279570.0,0.450117,1,-0.225994,0
2017-12-04,sh.600016,4.80648627,4.84476318,4.79008188,4.83382692,4.82835879,86831890,765035716.0,0.29383,1,0.113253,0
2017-12-05,sh.600016,4.82289066,4.9759983,4.8119544,4.93772139,4.83382692,239648915,2152088203.0,0.810946,1,2.149317,0
2017-12-06,sh.600016,4.89397635,4.91584887,4.81742253,4.85023131,4.93772139,108223628,964007582.0,0.366217,1,-1.77187,0
2017-12-07,sh.600016,4.82835879,4.8666357,4.76820936,4.85023131,4.85023131,101262539,892833537.0,0.342662,1,0.0,0
2017-12-08,sh.600016,4.83382692,4.85569944,4.80101814,4.82289066,4.85023131,74920149,660720336.0,0.253522,1,-0.5637,0
2017-12-11,sh.600016,4.80648627,4.82289066,4.72993245,4.78461375,4.82289066,108122040,941872427.0,0.365873,1,-0.793647,0
2017-12-12,sh.600016,4.76274123,4.78461375,4.66978302,4.68071928,4.78461375,98806893,855300206.0,0.334352,1,-2.171424,0
2017-12-13,sh.600016,4.69165554,4.72446432,4.66431489,4.7025918,4.68071928,57461464,493082814.0,0.194443,1,0.467289,0
2017-12-14,sh.600016,4.71899619,4.72993245,4.63697424,4.65337863,4.7025918,80939046,690706437.0,0.273889,1,-1.046513,0
2017-12-15,sh.600016,4.66978302,4.67525115,4.60963359,4.61510172,4.65337863,62418345,528713131.0,0.211217,1,-0.822569,0
2017-12-18,sh.600016,4.63150611,4.6479105,4.60416546,4.62603798,4.61510172,42979402,363664833.0,0.145438,1,0.236972,0
2017-12-19,sh.600016,4.62603798,4.69712367,4.61510172,4.68618741,4.62603798,66872406,571070614.0,0.226289,1,1.300232,0
2017-12-20,sh.600016,4.68071928,4.7025918,4.64244237,4.69712367,4.68618741,67615352,577637606.0,0.228803,1,0.233378,0
2017-12-21,sh.600016,4.68071928,4.72446432,4.65884676,4.69165554,4.69712367,62701039,538466265.0,0.212174,1,-0.116417,0
2017-12-22,sh.600016,4.68618741,4.69712367,4.62603798,4.63150611,4.69165554,61065798,520520985.0,0.20664,1,-1.282047,0
2017-12-25,sh.600016,4.64244237,4.69165554,4.63150611,4.64244237,4.63150611,52995392,451126225.0,0.179331,1,0.236122,0
2017-12-26,sh.600016,4.64244237,4.67525115,4.63150611,4.66978302,4.64244237,50053850,426629612.0,0.169377,1,0.58893,0
2017-12-27,sh.600016,4.65337863,4.69712367,4.56042042,4.62603798,4.66978302,86536195,734594702.0,0.292829,1,-0.936767,0
2017-12-28,sh.600016,4.60963359,4.62603798,4.58776107,4.58776107,4.62603798,56503202,475605012.0,0.191201,1,-0.82742,0
2017-12-29,sh.600016,4.58776107,4.61510172,4.57135668,4.58776107,4.58776107,52967187,444655389.0,0.179235,1,0.0,0
2018-01-02,sh.600016,4.60963359,4.68618741,4.59869733,4.65884676,4.58776107,76508514,650512041.0,0.258897,1,1.549465,0
2018-01-03,sh.600016,4.65337863,4.69712367,4.63150611,4.69165554,4.65884676,87216498,745357265.0,0.295131,1,0.704219,0
2018-01-04,sh.600016,4.69165554,4.69712367,4.66431489,4.66978302,4.69165554,69068804,591244698.0,0.233721,1,-0.4662,0
2018-01-05,sh.600016,4.67525115,4.71899619,4.66978302,4.7025918,4.66978302,86529332,743533006.0,0.292806,1,0.702581,0
2018-01-08,sh.600016,4.69712367,4.79008188,4.68071928,4.76820936,4.7025918,109769424,950969338.0,0.371448,1,1.395347,0
2018-01-09,sh.600016,4.76274123,4.80101814,4.73540058,4.74633684,4.76820936,67007872,583530234.0,0.226747,1,-0.458715,0
2018-01-10,sh.600016,4.74086871,4.83382692,4.71899619,4.82289066,4.74633684,133921443,1174609792.0,0.453176,1,1.612896,0
2018-01-11,sh.600016,4.82835879,4.88304009,4.78461375,4.8119544,4.82289066,92464102,816506795.0,0.312889,1,-0.226752,0
2018-01-12,sh.600016,4.8119544,4.85569944,4.79555001,4.8119544,4.8119544,62988589,555663087.0,0.213147,1,0.0,0
2018-01-15,sh.600016,4.79008188,4.91038074,4.77367749,4.85023131,4.8119544,165452140,1470125113.0,0.559872,1,0.795451,0
2018-01-16,sh.600016,4.85569944,4.8666357,4.8119544,4.85569944,4.85023131,100859548,891715596.0,0.341298,1,0.112742,0
2018-01-17,sh.600016,4.86116757,4.98693456,4.85023131,4.8666357,4.85569944,235069345,2112288915.0,0.795449,1,0.22522,0
2018-01-18,sh.600016,4.89397635,4.93772139,4.85569944,4.92678513,4.8666357,151595255,1356350569.0,0.512982,1,1.235962,0
2018-01-19,sh.600016,4.96506204,5.04161586,4.95412578,4.98146643,4.92678513,262025130,2399137809.0,0.886665,1,1.109872,0
2018-01-22,sh.600016,4.92678513,4.99240269,4.87210383,4.88850822,4.98146643,170737819,1539248689.0,0.577758,1,-1.866082,0
2018-01-23,sh.600016,4.88850822,5.05802025,4.87757196,5.05255212,4.88850822,209183359,1898506197.0,0.707854,1,3.355707,0
2018-01-24,sh.600016,5.06348838,5.13457407,4.99787082,5.10176529,5.05255212,251625620,2336467129.0,0.851474,1,0.974028,0
2018-01-25,sh.600016,5.10723342,5.16191472,5.03614773,5.07989277,5.10176529,167379910,1559723619.0,0.566396,1,-0.428724,0
2018-01-26,sh.600016,5.05802025,5.13457407,5.05255212,5.09629716,5.07989277,174957539,1630304663.0,0.592037,1,0.322925,0
2018-01-29,sh.600016,5.12910594,5.17831911,5.00333895,5.0306796,5.09629716,196631513,1835164058.0,0.66538,1,-1.287552,0
2018-01-30,sh.600016,5.04161586,5.05255212,4.91584887,4.92678513,5.0306796,141297205,1286331465.0,0.478135,1,-2.065213,0
2018-01-31,sh.600016,4.91038074,4.96506204,4.88304009,4.95412578,4.92678513,123722192,1115176651.0,0.418663,1,0.554941,0
2018-02-01,sh.600016,4.95412578,5.05802025,4.91584887,5.04161586,4.95412578,188765637,1719348019.0,0.638763,1,1.766003,0
2018-02-02,sh.600016,5.00880708,5.03614773,4.92678513,5.01427521,5.04161586,93327095,852138189.0,0.315809,1,-0.542301,0
2018-02-05,sh.600016,4.94865765,5.17285098,4.93772139,5.16738285,5.01427521,202527606,1885532645.0,0.685332,1,3.053432,0
2018-02-06,sh.600016,5.0853609,5.1400422,4.96506204,4.98146643,5.16738285,239413227,2215406153.0,0.810149,1,-3.597885,0
2018-02-07,sh.600016,5.04708399,5.17285098,4.91584887,4.921317,4.98146643,314867760,2905716325.0,1.065479,1,-1.207461,0
2018-02-08,sh.600016,4.83929505,4.90491261,4.73540058,4.76274123,4.921317,187400335,1653955174.0,0.634143,1,-3.222222,0
2018-02-09,sh.600016,4.68071928,4.75180497,4.45105782,4.53307977,4.76274123,211985787,1775073415.0,0.717337,1,-4.822044,0
2018-02-12,sh.600016,4.56042042,4.58776107,4.51120725,4.54948416,4.53307977,125006203,1038766549.0,0.423008,1,0.361879,0
2018-02-13,sh.600016,4.57682481,4.6479105,4.56588855,4.58776107,4.54948416,93371556,787282828.0,0.315959,1,0.841354,0
2018-02-14,sh.600016,4.59869733,4.62056985,4.57682481,4.60416546,4.58776107,47624405,400755744.0,0.161156,1,0.357565,0
2018-02-22,sh.600016,4.67525115,4.69165554,4.64244237,4.67525115,4.60416546,72609867,620420533.0,0.245704,1,1.543944,0
2018-02-23,sh.600016,4.69165554,4.85023131,4.66431489,4.80648627,4.67525115,152508445,1327040445.0,0.516072,1,2.807015,0
2018-02-26,sh.600016,4.83382692,4.85023131,4.75180497,4.79555001,4.80648627,100011540,877355366.0,0.338428,1,-0.227526,0
2018-02-27,sh.600016,4.82835879,4.82835879,4.68618741,4.69712367,4.79555001,83389820,724540177.0,0.282182,1,-2.052455,0
2018-02-28,sh.600016,4.68618741,4.69165554,4.62603798,4.64244237,4.69712367,76174079,648841695.0,0.257765,1,-1.164149,0
2018-03-01,sh.600016,4.61510172,4.66431489,4.60963359,4.6479105,4.64244237,78313348,665053935.0,0.265004,1,0.117788,0
2018-03-02,sh.600016,4.61510172,4.63697424,4.59869733,4.60963359,4.6479105,63155620,533110871.0,0.213712,1,-0.823526,0
2018-03-05,sh.600016,4.60963359,4.65337863,4.60416546,4.60963359,4.60963359,57003136,481513033.0,0.192892,1,0.0,0
2018-03-06,sh.600016,4.62603798,4.65337863,4.59869733,4.6479105,4.60963359,66656940,563932217.0,0.22556,1,0.830364,0
2018-03-07,sh.600016,4.66431489,4.71899619,4.62603798,4.62603798,4.6479105,77296682,661428291.0,0.261564,1,-0.470588,0
2018-03-08,sh.600016,4.65337863,4.65884676,4.61510172,4.64244237,4.62603798,42669451,361880356.0,0.144389,1,0.354607,0
2018-03-09,sh.600016,4.65337863,4.66431489,4.62603798,4.65337863,4.64244237,47344705,402112724.0,0.160209,1,0.235577,0
2018-03-12,sh.600016,4.66978302,4.67525115,4.63697424,4.6479105,4.65337863,63582794,540762098.0,0.215157,1,-0.117512,0
2018-03-13,sh.600016,4.64244237,4.69165554,4.62056985,4.62603798,4.6479105,76712329,653049303.0,0.259586,1,-0.470588,0
2018-03-14,sh.600016,4.60963359,4.62056985,4.57682481,4.58229294,4.62603798,59596090,500529077.0,0.201667,1,-0.945626,0
2018-03-15,sh.600016,4.56588855,4.58229294,4.55495229,4.57135668,4.58229294,51700708,431669166.0,0.17495,1,-0.238669,0
2018-03-16,sh.600016,4.57135668,4.57682481,4.5385479,4.54401603,4.57135668,49844264,415712907.0,0.168668,1,-0.598077,0
2018-03-19,sh.600016,4.53307977,4.55495229,4.51120725,4.53307977,4.54401603,42758043,354265625.0,0.144689,1,-0.240679,0
2018-03-20,sh.600016,4.51667538,4.55495229,4.51120725,4.5385479,4.53307977,39773866,330134980.0,0.13459,1,0.12063,0
2018-03-21,sh.600016,4.54948416,4.57682481,4.52214351,4.53307977,4.5385479,45472685,378745580.0,0.153875,1,-0.120485,0
2018-03-22,sh.600016,4.54948416,4.55495229,4.50027099,4.51120725,4.53307977,42778096,353814629.0,0.144756,1,-0.482509,0
2018-03-23,sh.600016,4.45652595,4.45652595,4.34169522,4.36356774,4.51120725,123162506,991613529.0,0.416769,1,-3.272727,0
2018-03-26,sh.600016,4.35263148,4.374504,4.29248205,4.35263148,4.36356774,85041107,674645865.0,0.28777,1,-0.250626,0
2018-03-27,sh.600016,4.40184465,4.41824904,4.35263148,4.374504,4.35263148,62683830,502889107.0,0.212115,1,0.502512,0
2018-03-28,sh.600016,4.34716335,4.41278091,4.34169522,4.36903587,4.374504,57137833,457413216.0,0.193348,1,-0.125003,0
2018-03-29,sh.600016,4.36903587,4.4291853,4.33622709,4.41824904,4.36903587,59670171,478233317.0,0.201917,1,1.12641,0
2018-03-30,sh.600016,4.38544026,4.41278091,4.36356774,4.36903587,4.41824904,64072961,513950988.0,0.216816,1,-1.113863,0
2018-04-02,sh.600016,4.36903587,4.40184465,4.34716335,4.35263148,4.36903587,54153718,433590068.0,0.18325,1,-0.375466,0
2018-04-03,sh.600016,4.32529083,4.35263148,4.30888644,4.32529083,4.35263148,67869539,537013765.0,0.229663,1,-0.628143,0
2018-04-04,sh.600016,4.33075896,4.36356774,4.3198227,4.33075896,4.32529083,52733258,418883572.0,0.178444,1,0.126425,0
2018-04-09,sh.600016,4.33075896,4.34716335,4.29795018,4.3198227,4.33075896,45417016,358949752.0,0.153686,1,-0.252525,0
2018-04-10,sh.600016,4.3198227,4.40731278,4.30888644,4.39637652,4.3198227,56269291,448998552.0,0.190409,1,1.77215,0
2018-04-11,sh.600016,4.40184465,4.45105782,4.37997213,4.41824904,4.39637652,60785290,491041595.0,0.205691,1,0.497512,0
2018-04-12,sh.600016,4.42371717,4.4291853,4.39090839,4.41278091,4.41824904,43606550,351771580.0,0.14756,1,-0.123765,0
2018-04-13,sh.600016,4.4291853,4.43465343,4.37997213,4.37997213,4.41278091,33092575,266843735.0,0.111982,1,-0.743488,0
2018-04-16,sh.600016,4.38544026,4.39090839,4.29248205,4.29248205,4.37997213,64081598,506869519.0,0.216845,1,-1.997507,0
2018-04-17,sh.600016,4.30341831,4.34716335,4.27607766,4.28701392,4.29248205,48603729,383147872.0,0.16447,1,-0.127385,0
2018-04-18,sh.600016,4.33075896,4.34716335,4.30341831,4.32529083,4.28701392,54127671,428280970.0,0.183162,1,0.892853,0
2018-04-19,sh.600016,4.35263148,4.36356774,4.32529083,4.33622709,4.32529083,35773284,284023039.0,0.121053,1,0.252844,0
2018-04-20,sh.600016,4.3198227,4.33075896,4.25420514,4.25967327,4.33622709,49320303,386140596.0,0.166895,1,-1.765446,0
2018-04-23,sh.600016,4.24326888,4.30341831,4.24326888,4.24873701,4.25967327,49208419,383743833.0,0.166516,1,-0.256739,0
2018-04-24,sh.600016,4.24873701,4.30888644,4.24873701,4.30888644,4.24873701,86047449,675019860.0,0.291175,1,1.415703,0
2018-04-25,sh.600016,4.28154579,4.29248205,4.23233262,4.23780075,4.30888644,89916814,699813964.0,0.304269,1,-1.649748,0
2018-04-26,sh.600016,4.25420514,4.2651414,4.18858758,4.19952384,4.23780075,63041194,485933823.0,0.213325,1,-0.903228,0
2018-04-27,sh.600016,4.21592823,4.22686449,4.17218319,4.22139636,4.19952384,52203450,401275393.0,0.176651,1,0.520833,0
2018-05-02,sh.600016,4.24873701,4.25967327,4.19405571,4.23233262,4.22139636,84115526,649497813.0,0.284638,1,0.259067,0
2018-05-03,sh.600016,4.21592823,4.27060953,4.2104601,4.25967327,4.23233262,60130127,467071009.0,0.203474,1,0.645997,0
2018-05-04,sh.600016,4.25967327,4.29248205,4.25420514,4.27060953,4.25967327,49214144,384496677.0,0.166535,1,0.256739,0
2018-05-07,sh.600016,4.27607766,4.31435457,4.25967327,4.28701392,4.27060953,55886258,438557850.0,0.189113,1,0.384126,0
2018-05-08,sh.600016,4.29248205,4.33622709,4.27607766,4.33075896,4.28701392,55920575,441886108.0,0.189229,1,1.020407,0
2018-05-09,sh.600016,4.33622709,4.34169522,4.30888644,4.34169522,4.33075896,43210094,341612441.0,0.146218,1,0.252525,0
2018-05-10,sh.600016,4.34716335,4.36356774,4.32529083,4.34169522,4.34169522,46710344,370473503.0,0.158063,1,0.0,0
2018-05-11,sh.600016,4.35263148,4.35809961,4.3198227,4.33622709,4.34169522,38145533,303005546.0,0.12908,1,-0.125947,0
2018-05-14,sh.600016,4.34169522,4.37997213,4.33622709,4.34716335,4.33622709,53827572,429066541.0,0.182147,1,0.252207,0
2018-05-15,sh.600016,4.34716335,4.35263148,4.30888644,4.33075896,4.34716335,45751415,361913134.0,0.154818,1,-0.377355,0
2018-05-16,sh.600016,4.31435457,4.32529083,4.27607766,4.28154579,4.33075896,45234176,355745499.0,0.153068,1,-1.136366,0
2018-05-17,sh.600016,4.28154579,4.30341831,4.27060953,4.28154579,4.28154579,39186529,307461936.0,0.132603,1,0.0,0
2018-05-18,sh.600016,4.28154579,4.33075896,4.27607766,4.33075896,4.28154579,56680583,446082895.0,0.191801,1,1.149427,0
2018-05-21,sh.600016,4.34169522,4.36356774,4.33622709,4.34169522,4.33075896,55498235,441367352.0,0.1878,1,0.252525,0
2018-05-22,sh.600016,4.34716335,4.35263148,4.28701392,4.30888644,4.34169522,65749035,517757218.0,0.222488,1,-0.755667,0
2018-05-23,sh.600016,4.30341831,4.30341831,4.25420514,4.25967327,4.30888644,61488114,480757349.0,0.208069,1,-1.142134,0
2018-05-24,sh.600016,4.25967327,4.29795018,4.24873701,4.27060953,4.25967327,42686010,333783054.0,0.144445,1,0.256739,0
2018-05-25,sh.600016,4.28154579,4.29248205,4.24326888,4.25420514,4.27060953,31007140,241877747.0,0.104925,1,-0.38412,0
2018-05-28,sh.600016,4.25420514,4.28701392,4.24326888,4.27060953,4.25420514,47236707,368246429.0,0.159844,1,0.385601,0
2018-05-29,sh.600016,4.25967327,4.28154579,4.23233262,4.24873701,4.27060953,41831558,325575773.0,0.141553,1,-0.512163,0
2018-05-30,sh.600016,4.21592823,4.24873701,4.16124693,4.16124693,4.24873701,51008842,391829860.0,0.172608,1,-2.0592,0
2018-05-31,sh.600016,4.18311945,4.21592823,4.17218319,4.18858758,4.16124693,71104490,544877322.0,0.24061,1,0.657026,0
2018-06-01,sh.600016,4.19952384,4.23233262,4.17765132,4.21592823,4.18858758,39218915,301664019.0,0.132713,1,0.652744,0
2018-06-04,sh.600016,4.23233262,4.25420514,4.20499197,4.22139636,4.21592823,49521218,382526816.0,0.167574,1,0.129698,0
2018-06-05,sh.600016,4.22139636,4.22686449,4.18311945,4.20499197,4.22139636,47871098,367666062.0,0.161991,1,-0.388598,0
2018-06-06,sh.600016,4.19952384,4.20499197,4.17765132,4.18311945,4.20499197,34602910,264978794.0,0.117093,1,-0.520155,0
2018-06-07,sh.600016,4.18858758,4.19952384,4.17218319,4.18311945,4.18311945,54971469,420836581.0,0.186018,1,0.0,0
2018-06-08,sh.600016,4.18311945,4.18858758,4.09016124,4.10656563,4.18311945,73672084,556526660.0,0.249298,1,-1.830064,0
2018-06-11,sh.600016,4.09562937,4.10656563,4.06282059,4.1010975,4.10656563,53506180,399374938.0,0.181059,1,-0.133159,0
2018-06-12,sh.600016,4.09562937,4.1010975,4.06828872,4.08469311,4.1010975,41752738,311660618.0,0.141287,1,-0.400003,0
2018-06-13,sh.600016,4.06828872,4.07922498,4.0464162,4.05188433,4.08469311,37994425,282023384.0,0.128569,1,-0.803212,0
2018-06-14,sh.600016,4.03547994,4.07922498,4.03547994,4.06828872,4.05188433,45006646,333922075.0,0.152298,1,0.404861,0
2018-06-15,sh.600016,4.06282059,4.1010975,4.05735246,4.07375685,4.06828872,46946552,350725996.0,0.158862,1,0.134405,0
2018-06-19,sh.600016,4.03547994,4.06282059,3.91518108,3.96439425,4.07375685,97658507,716442434.0,0.330466,1,-2.684561,0
2018-06-20,sh.600016,3.95345799,4.01907555,3.9370536,3.9917349,3.96439425,50614882,367872470.0,0.171275,1,0.689658,0
2018-06-21,sh.600016,3.98626677,4.01360742,3.95345799,3.96439425,3.9917349,42013696,306293890.0,0.14217,1,-0.684934,0
2018-06-22,sh.600016,3.96439425,3.96986238,3.9370536,3.95892612,3.96439425,44050130,318106783.0,0.149061,1,-0.137934,0
2018-06-25,sh.600016,3.97533051,3.98079864,3.88784043,3.88784043,3.95892612,44960640,323950601.0,0.152142,1,-1.795575,0
2018-06-26,sh.600016,3.8823723,3.88784043,3.79488222,3.84956352,3.88784043,60782294,427443827.0,0.205681,1,-0.984531,0
2018-06-27,sh.600016,3.83315913,3.86596791,3.75113718,3.76754157,3.84956352,70834500,492091705.0,0.239696,1,-2.130683,0
2018-06-28,sh.600016,3.74020092,3.80035035,3.74020092,3.78941409,3.76754157,64436405,444538888.0,0.218046,1,0.580551,0
2018-06-29,sh.600016,3.79488222,3.83315913,3.77847783,3.827691,3.78941409,58658915,407995404.0,0.198495,1,1.010103,0
2018-07-02,sh.600016,3.82222287,3.82222287,3.70192401,3.72379653,3.827691,59775460,411666058.0,0.202274,1,-2.714287,0
2018-07-03,sh.600016,3.73473279,3.76754157,3.69645588,3.75660531,3.72379653,65007557,443504979.0,0.219979,1,0.881056,0
2018-07-04,sh.600016,3.75113718,3.77847783,3.71286027,3.7183284,3.75660531,49918367,341045235.0,0.168918,1,-1.018918,0
2018-07-05,sh.600016,3.7249856,3.7582444,3.69837856,3.7249856,3.71833384,51864799,290761041.0,0.146254,1,0.178886,0
2018-07-06,sh.600016,3.73828912,3.80480672,3.6917268,3.79815496,3.7249856,80871338,456569145.0,0.22805,1,1.964288,0
2018-07-09,sh.600016,3.79815496,3.8912796,3.78485144,3.8912796,3.79815496,68492798,396735367.0,0.193144,1,2.451837,0
2018-07-10,sh.600016,3.8912796,3.8912796,3.83806552,3.86467256,3.8912796,47283447,274517979.0,0.133335,1,-0.68376,0
2018-07-11,sh.600016,3.77154792,3.81811024,3.77154792,3.80480672,3.86467256,50214561,286681781.0,0.141601,1,-1.549056,0
2018-07-12,sh.600016,3.81145848,3.91123488,3.7915032,3.87132432,3.80480672,72346356,421175688.0,0.20401,1,1.748258,0
2018-07-13,sh.600016,3.87797608,3.8912796,3.86467256,3.86467256,3.87132432,32603973,189918939.0,0.09194,1,-0.171825,0
2018-07-16,sh.600016,3.86467256,3.88462784,3.81145848,3.824762,3.86467256,42071748,242334303.0,0.118639,1,-1.032701,0
2018-07-17,sh.600016,3.83806552,3.84471728,3.80480672,3.83141376,3.824762,36524463,210121277.0,0.102996,1,0.173917,0
2018-07-18,sh.600016,3.8580208,3.8912796,3.81811024,3.824762,3.83141376,41232325,238806104.0,0.116271,1,-0.173615,0
2018-07-19,sh.600016,3.8580208,3.8580208,3.81811024,3.83141376,3.824762,37148149,214130163.0,0.104754,1,0.173917,0
2018-07-20,sh.600016,3.83806552,3.97775248,3.80480672,3.95114544,3.83141376,94959847,559536777.0,0.267778,1,3.124997,0
2018-07-23,sh.600016,3.93119016,4.01101128,3.91123488,3.991056,3.95114544,83881574,499807018.0,0.236538,1,1.0101,0
2018-07-24,sh.600016,3.991056,4.03761832,3.98440424,3.99770776,3.991056,95931439,577815469.0,0.270518,1,0.16667,0
2018-07-25,sh.600016,4.01101128,4.01766304,3.97110072,3.98440424,3.99770776,48722159,292010081.0,0.137392,1,-0.332786,0
2018-07-26,sh.600016,3.99770776,4.01101128,3.9577972,3.96444896,3.98440424,53915100,323256618.0,0.152036,1,-0.50083,0
2018-07-27,sh.600016,3.96444896,3.991056,3.95114544,3.97110072,3.96444896,34955394,208857470.0,0.098571,1,0.167781,0
2018-07-30,sh.600016,3.96444896,4.03096656,3.9577972,4.0243148,3.97110072,56243867,338247885.0,0.158603,1,1.34004,0
2018-07-31,sh.600016,4.0243148,4.0575736,3.98440424,4.04427008,4.0243148,55412994,335370079.0,0.15626,1,0.495863,0
2018-08-01,sh.600016,4.0575736,4.07087712,3.95114544,3.9577972,4.04427008,63954473,386385698.0,0.180346,1,-2.13816,0
2018-08-02,sh.600016,3.94449368,3.97775248,3.83806552,3.87797608,3.9577972,65423947,383745609.0,0.18449,1,-2.016805,0
2018-08-03,sh.600016,3.88462784,3.9245384,3.86467256,3.87132432,3.87797608,37056283,216899953.0,0.104495,1,-0.171522,0
2018-08-06,sh.600016,3.87797608,3.93119016,3.86467256,3.88462784,3.87132432,49366678,289101712.0,0.13921,1,0.343642,0
2018-08-07,sh.600016,3.90458312,3.97775248,3.8912796,3.97110072,3.88462784,53031464,312942500.0,0.149544,1,2.226021,0
2018-08-08,sh.600016,3.98440424,3.98440424,3.91788664,3.93119016,3.97110072,40615996,240887547.0,0.114533,1,-1.005024,0
2018-08-09,sh.600016,3.91123488,3.99770776,3.91123488,3.97110072,3.93119016,52182243,311509729.0,0.147149,1,1.015227,0
2018-08-10,sh.600016,3.98440424,3.98440424,3.94449368,3.96444896,3.97110072,31690239,188871924.0,0.089364,1,-0.1675,0
2018-08-13,sh.600016,3.94449368,3.9577972,3.86467256,3.91788664,3.96444896,56612335,331876704.0,0.159642,1,-1.1745,0
2018-08-14,sh.600016,3.91123488,3.91788664,3.87797608,3.89793136,3.91788664,30241865,177118735.0,0.085279,1,-0.509333,0
2018-08-15,sh.600016,3.89793136,3.89793136,3.84471728,3.84471728,3.89793136,37546121,218425771.0,0.105877,1,-1.365186,0
2018-08-16,sh.600016,3.81811024,3.89793136,3.79815496,3.87132432,3.84471728,52420250,303710121.0,0.14782,1,0.692041,0
2018-08-17,sh.600016,3.88462784,3.89793136,3.84471728,3.8580208,3.87132432,36972219,215013801.0,0.104258,1,-0.343642,0
2018-08-20,sh.600016,3.88462784,3.91123488,3.86467256,3.89793136,3.8580208,58875003,344007146.0,0.166022,1,1.034482,0
2018-08-21,sh.600016,3.90458312,3.94449368,3.89793136,3.91788664,3.89793136,46541090,274217846.0,0.131242,1,0.511941,0
2018-08-22,sh.600016,3.91788664,3.9245384,3.87132432,3.89793136,3.91788664,29921748,174968129.0,0.084377,1,-0.509333,0
2018-08-23,sh.600016,3.89793136,3.91788664,3.86467256,3.89793136,3.89793136,39769290,232910969.0,0.112146,1,0.0,0
2018-08-24,sh.600016,3.8912796,4.03096656,3.87132432,3.96444896,3.89793136,85369153,507005344.0,0.240733,1,1.706483,0
2018-08-27,sh.600016,3.96444896,4.01101128,3.94449368,4.01101128,3.96444896,73949745,442605683.0,0.208532,1,1.1745,0
2018-08-28,sh.600016,4.00435952,4.01766304,3.97110072,3.97775248,4.01101128,48898741,293460338.0,0.13789,1,-0.829191,0
2018-08-29,sh.600016,3.97775248,3.991056,3.9577972,3.96444896,3.97775248,26857468,160256609.0,0.075736,1,-0.334448,0
2018-08-30,sh.600016,3.97110072,3.991056,3.91788664,3.91788664,3.96444896,44770235,265612901.0,0.126248,1,-1.1745,0
2018-08-31,sh.600016,3.9245384,3.991056,3.9245384,3.97110072,3.91788664,75673041,450965086.0,0.213391,1,1.358233,0
2018-09-03,sh.600016,3.96444896,3.99770776,3.9577972,3.97775248,3.97110072,60792221,363312625.0,0.171429,1,0.167508,0
2018-09-04,sh.600016,3.98440424,4.0575736,3.97110072,4.04427008,3.97775248,72199075,436513561.0,0.203595,1,1.672239,0
2018-09-05,sh.600016,4.03096656,4.0575736,3.991056,3.991056,4.04427008,73332512,444250449.0,0.206791,1,-1.315788,0
2018-09-06,sh.600016,3.991056,4.03096656,3.97110072,3.991056,3.991056,48858507,293746123.0,0.137777,1,0.0,0
2018-09-07,sh.600016,3.991056,4.0243148,3.96444896,3.98440424,3.991056,36795833,221006336.0,0.103761,1,-0.16667,0
2018-09-10,sh.600016,3.96444896,3.991056,3.95114544,3.97110072,3.98440424,37497327,223684010.0,0.105739,1,-0.33389,0
2018-09-11,sh.600016,3.96444896,3.991056,3.90458312,3.9245384,3.97110072,65251086,387286988.0,0.184002,1,-1.172524,0
2018-09-12,sh.600016,3.89793136,4.00435952,3.89793136,3.97775248,3.9245384,61182362,363592472.0,0.172529,1,1.355931,0
2018-09-13,sh.600016,4.00435952,4.01766304,3.90458312,3.991056,3.97775248,105775909,630530647.0,0.298279,1,0.334448,0
2018-09-14,sh.600016,3.991056,3.991056,3.9577972,3.97775248,3.991056,30686379,183479192.0,0.086533,1,-0.333333,0
2018-09-17,sh.600016,3.96444896,3.991056,3.93784192,3.9577972,3.97775248,37914499,225585390.0,0.106915,1,-0.501676,0
2018-09-18,sh.600016,3.94449368,4.01766304,3.94449368,4.01101128,3.9577972,64892121,389084771.0,0.18299,1,1.344545,0
2018-09-19,sh.600016,4.01101128,4.03761832,3.991056,4.01101128,4.01101128,63023023,380569726.0,0.177719,1,0.0,0
2018-09-20,sh.600016,4.0243148,4.04427008,4.01101128,4.0243148,4.01101128,50708303,306861946.0,0.142993,1,0.331675,0
2018-09-21,sh.600016,4.03761832,4.15735,4.01101128,4.15735,4.0243148,105579981,650548712.0,0.297726,1,3.305782,0
2018-09-25,sh.600016,4.1240912,4.13739472,4.0908324,4.11078768,4.15735,55239945,341213798.0,0.155772,1,-1.120003,0
2018-09-26,sh.600016,4.11743944,4.20391232,4.11078768,4.15069824,4.11078768,87662948,548936475.0,0.247202,1,0.970873,0
2018-09-27,sh.600016,4.17065352,4.18395704,4.1240912,4.17065352,4.15069824,58698023,366945787.0,0.165523,1,0.480773,0
2018-09-28,sh.600016,4.17730528,4.26377816,4.16400176,4.21721584,4.17065352,87478043,554953175.0,0.24668,1,1.11643,0
2018-10-08,sh.600016,4.1240912,4.15069824,4.03096656,4.06422536,4.21721584,98397656,606318642.0,0.277473,1,-3.62776,0
2018-10-09,sh.600016,4.03761832,4.0908324,4.03761832,4.06422536,4.06422536,49133182,299789978.0,0.138551,1,0.0,0
2018-10-10,sh.600016,4.0575736,4.11078768,4.05092184,4.11078768,4.06422536,44557504,273797855.0,0.125648,1,1.145658,0
2018-10-11,sh.600016,4.03761832,4.04427008,3.90458312,3.96444896,4.11078768,96104803,576698699.0,0.271007,1,-3.559867,0
2018-10-12,sh.600016,3.96444896,4.04427008,3.94449368,4.01101128,3.96444896,72189816,433249891.0,0.203569,1,1.1745,0
2018-10-15,sh.600016,4.0243148,4.04427008,3.97775248,3.99770776,4.01101128,48243180,290937193.0,0.136041,1,-0.331675,0
2018-10-16,sh.600016,4.01101128,4.08418064,4.00435952,4.0243148,3.99770776,58173816,353709282.0,0.164045,1,0.665557,0
2018-10-17,sh.600016,4.07087712,4.10413592,4.03096656,4.0908324,4.0243148,74831989,459022309.0,0.211019,1,1.652891,0
2018-10-18,sh.600016,4.0908324,4.09748416,4.0243148,4.03096656,4.0908324,57327124,349741423.0,0.161657,1,-1.463417,0
2018-10-19,sh.600016,4.0575736,4.15069824,4.01766304,4.11078768,4.03096656,99042266,610242149.0,0.27929,1,1.980196,0
2018-10-22,sh.600016,4.13074296,4.2571264,4.1240912,4.21721584,4.11078768,132701908,837256716.0,0.374207,1,2.589002,0
2018-10-23,sh.600016,4.1906088,4.21721584,4.10413592,4.11078768,4.21721584,94105941,589351205.0,0.26537,1,-2.523664,0
2018-10-24,sh.600016,4.1240912,4.2903852,4.1240912,4.17730528,4.11078768,106581938,674684476.0,0.300551,1,1.618129,0
2018-10-25,sh.600016,4.10413592,4.2238676,4.09748416,4.21721584,4.17730528,69051093,431784468.0,0.194718,1,0.955413,0
2018-10-26,sh.600016,4.2238676,4.24382288,4.16400176,4.17730528,4.21721584,61808961,389934395.0,0.174296,1,-0.946371,0
2018-10-29,sh.600016,4.2238676,4.2571264,4.15069824,4.18395704,4.17730528,75047616,473587602.0,0.211628,1,0.159232,0
2018-10-30,sh.600016,4.23717112,4.27042992,4.21056408,4.25047464,4.18395704,93494498,596420604.0,0.263646,1,1.589824,0
2018-10-31,sh.600016,4.28373344,4.2903852,4.21056408,4.25047464,4.25047464,70816503,450553795.0,0.199696,1,0.0,0
2018-11-01,sh.600016,4.26377816,4.26377816,4.18395704,4.18395704,4.25047464,88464438,561106675.0,0.249462,1,-1.564944,0
2018-11-02,sh.600016,4.23051936,4.28373344,4.19726056,4.25047464,4.18395704,120251403,766757330.0,0.339098,1,1.589824,0
2018-11-05,sh.600016,4.24382288,4.25047464,4.20391232,4.2238676,4.25047464,48631421,308651237.0,0.137136,1,-0.625977,0
2018-11-06,sh.600016,4.21056408,4.21721584,4.15735,4.16400176,4.2238676,55175630,346649095.0,0.15559,1,-1.417318,0
2018-11-07,sh.600016,4.18395704,4.21721584,4.14404648,4.15069824,4.16400176,49245200,309160956.0,0.138867,1,-0.319496,0
2018-11-08,sh.600016,4.18395704,4.21056408,4.15735,4.17065352,4.15069824,40745875,255876246.0,0.1149,1,0.480773,0
2018-11-09,sh.600016,4.14404648,4.16400176,4.07752888,4.11078768,4.17065352,65812583,407061806.0,0.185586,1,-1.435409,0
2018-11-12,sh.600016,4.11078768,4.15069824,4.09748416,4.1240912,4.11078768,53636894,332533995.0,0.151251,1,0.323624,0
2018-11-13,sh.600016,4.07752888,4.15069824,4.07752888,4.13074296,4.1240912,78138540,482236626.0,0.220344,1,0.161294,0
2018-11-14,sh.600016,4.1240912,4.13074296,4.07752888,4.08418064,4.13074296,67113067,413679728.0,0.189253,1,-1.127217,0
2018-11-15,sh.600016,4.08418064,4.11078768,4.07087712,4.10413592,4.08418064,71201843,438194771.0,0.200783,1,0.488603,0
2018-11-16,sh.600016,4.10413592,4.1240912,4.07752888,4.09748416,4.10413592,78959402,487055554.0,0.222658,1,-0.162078,0
2018-11-19,sh.600016,4.10413592,4.15069824,4.09748416,4.14404648,4.09748416,70536355,437828960.0,0.198906,1,1.136366,0
2018-11-20,sh.600016,4.13074296,4.13739472,4.08418064,4.09748416,4.14404648,66932240,412680478.0,0.188743,1,-1.123598,0
2018-11-21,sh.600016,4.07752888,4.10413592,4.07752888,4.09748416,4.09748416,45361900,279105811.0,0.127916,1,0.0,0
2018-11-22,sh.600016,4.10413592,4.11078768,4.07087712,4.08418064,4.09748416,35464955,217770710.0,0.100008,1,-0.324675,0
2018-11-23,sh.600016,4.08418064,4.09748416,4.03096656,4.03096656,4.08418064,48960348,298911685.0,0.138064,1,-1.30293,0
2018-11-26,sh.600016,4.05092184,4.07087712,4.0243148,4.03096656,4.03096656,37841283,230235337.0,0.106709,1,0.0,0
2018-11-27,sh.600016,4.04427008,4.0575736,3.99770776,4.01766304,4.03096656,34282991,207724767.0,0.096675,1,-0.330033,0
2018-11-28,sh.600016,4.01101128,4.0575736,4.00435952,4.03096656,4.01766304,31633547,191883513.0,0.089204,1,0.331126,0
2018-11-29,sh.600016,4.04427008,4.0575736,4.01766304,4.01766304,4.03096656,41193804,250248147.0,0.116163,1,-0.330033,0
2018-11-30,sh.600016,4.01766304,4.0575736,4.01766304,4.0575736,4.01766304,38422878,233459148.0,0.108349,1,0.993376,0
2018-12-03,sh.600016,4.1240912,4.1240912,4.08418064,4.10413592,4.0575736,83799742,518069367.0,0.236308,1,1.147544,0
2018-12-04,sh.600016,4.10413592,4.11743944,4.0908324,4.11743944,4.10413592,49065132,302852400.0,0.138359,1,0.324149,0
2018-12-05,sh.600016,4.07752888,4.10413592,4.07752888,4.07752888,4.11743944,47831502,294218052.0,0.134881,1,-0.969304,0
2018-12-06,sh.600016,4.03761832,4.0575736,4.01766304,4.03761832,4.07752888,51292107,311281706.0,0.144639,1,-0.978792,0
2018-12-07,sh.600016,4.04427008,4.0575736,4.03096656,4.03761832,4.03761832,24723143,150278862.0,0.069717,1,0.0,0
2018-12-10,sh.600016,4.01101128,4.0243148,3.991056,4.00435952,4.03761832,43800603,263646220.0,0.123514,1,-0.823726,0
2018-12-11,sh.600016,3.99770776,4.01101128,3.97775248,3.991056,4.00435952,39902930,239737154.0,0.112523,1,-0.332226,0
2018-12-12,sh.600016,4.01101128,4.01101128,3.96444896,3.98440424,3.991056,49522676,296420553.0,0.139649,1,-0.16667,0
2018-12-13,sh.600016,3.98440424,4.0243148,3.96444896,3.991056,3.98440424,78354525,470725839.0,0.220953,1,0.166949,0
2018-12-14,sh.600016,3.97775248,3.98440424,3.91123488,3.9577972,3.991056,139784859,828006010.0,0.394181,1,-0.833337,0
2018-12-17,sh.600016,3.94449368,3.9577972,3.9245384,3.93784192,3.9577972,70371201,416583894.0,0.19844,1,-0.504197,0
2018-12-18,sh.600016,3.91123488,3.95114544,3.87797608,3.8912796,3.93784192,61484493,361245092.0,0.173381,1,-1.182435,0
2018-12-19,sh.600016,3.89793136,3.90458312,3.87132432,3.87132432,3.8912796,39229966,229309960.0,0.110625,1,-0.512816,0
2018-12-20,sh.600016,3.87132432,3.87797608,3.81145848,3.83141376,3.87132432,76927275,442686791.0,0.216928,1,-1.030927,0
2018-12-21,sh.600016,3.81811024,3.824762,3.77154792,3.80480672,3.83141376,72201715,411631709.0,0.203602,1,-0.694452,0
2018-12-24,sh.600016,3.7915032,3.80480672,3.76489616,3.7915032,3.80480672,51564510,293411767.0,0.145407,1,-0.34965,0
2018-12-25,sh.600016,3.76489616,3.78485144,3.71168208,3.77819968,3.7915032,93176769,525108046.0,0.26275,1,-0.350877,0
2018-12-26,sh.600016,3.76489616,3.77819968,3.74494088,3.7582444,3.77819968,51339035,290140757.0,0.144771,1,-0.528164,0
2018-12-27,sh.600016,3.7915032,3.79815496,3.74494088,3.7582444,3.7582444,78294189,443555600.0,0.220783,1,0.0,0
2018-12-28,sh.600016,3.7582444,3.824762,3.7582444,3.81145848,3.7582444,88169553,502902581.0,0.24863,1,1.415928,0
2019-01-02,sh.600016,3.80480672,3.81145848,3.73163736,3.7582444,3.81145848,57941500,326923639.0,0.16339,1,-1.396159,0
2019-01-03,sh.600016,3.74494088,3.78485144,3.73828912,3.77154792,3.7582444,59966994,339066044.0,0.169102,1,0.353982,0
2019-01-04,sh.600016,3.75159264,3.85136904,3.74494088,3.84471728,3.77154792,84942362,486294555.0,0.23953,1,1.940038,0
2019-01-07,sh.600016,3.8580208,3.86467256,3.81811024,3.83141376,3.84471728,68912714,397508249.0,0.194328,1,-0.34602,0
2019-01-08,sh.600016,3.83141376,3.84471728,3.81145848,3.824762,3.83141376,43396849,249315680.0,0.122375,1,-0.173615,0
2019-01-09,sh.600016,3.84471728,3.88462784,3.83141376,3.83141376,3.824762,86681087,503711898.0,0.244433,1,0.173917,0
2019-01-10,sh.600016,3.81811024,3.83141376,3.79815496,3.81811024,3.83141376,57191975,328164876.0,0.161276,1,-0.34723,0
2019-01-11,sh.600016,3.824762,3.8580208,3.81811024,3.83806552,3.81811024,49708825,286784852.0,0.140174,1,0.522652,0
2019-01-14,sh.600016,3.83806552,3.84471728,3.80480672,3.81145848,3.83806552,41282944,236881827.0,0.116414,1,-0.69324,0
2019-01-15,sh.600016,3.824762,3.86467256,3.81811024,3.85136904,3.81145848,58914285,340057298.0,0.166133,1,1.047119,0
2019-01-16,sh.600016,3.84471728,3.8580208,3.83141376,3.85136904,3.85136904,35057625,202496924.0,0.098859,1,0.0,0
2019-01-17,sh.600016,3.8580208,3.87132432,3.824762,3.83141376,3.85136904,45406585,262622360.0,0.128042,1,-0.51813,0
2019-01-18,sh.600016,3.8580208,3.89793136,3.83141376,3.87797608,3.83141376,92972160,540950513.0,0.262173,1,1.215272,0
2019-01-21,sh.600016,3.8912796,3.91123488,3.86467256,3.87132432,3.87797608,64697656,378036939.0,0.182442,1,-0.171522,0
2019-01-22,sh.600016,3.88462784,3.88462784,3.84471728,3.86467256,3.87132432,47349444,275131189.0,0.133521,1,-0.171825,0
2019-01-23,sh.600016,3.86467256,3.89793136,3.85136904,3.87132432,3.86467256,41696249,243200746.0,0.11758,1,0.172121,0
2019-01-24,sh.600016,3.88462784,3.89793136,3.8580208,3.87797608,3.87132432,56510257,329153778.0,0.159354,1,0.171817,0
2019-01-25,sh.600016,3.8912796,3.94449368,3.87797608,3.9245384,3.87797608,92016155,542058219.0,0.259477,1,1.200689,0
2019-01-28,sh.600016,3.93784192,3.96444896,3.8912796,3.91123488,3.9245384,60111141,355346134.0,0.169508,1,-0.338983,0
2019-01-29,sh.600016,3.90458312,3.9577972,3.8912796,3.94449368,3.91123488,70102139,413860845.0,0.197682,1,0.850335,0
2019-01-30,sh.600016,3.93119016,3.95114544,3.9245384,3.93119016,3.94449368,52224086,309022018.0,0.147267,1,-0.337268,0
2019-01-31,sh.600016,3.94449368,3.98440424,3.93119016,3.9577972,3.93119016,119468366,710234342.0,0.33689,1,0.676818,0
2019-02-01,sh.600016,3.97110072,3.97110072,3.9245384,3.95114544,3.9577972,81168057,481152090.0,0.228887,1,-0.168063,0
2019-02-11,sh.600016,3.93119016,3.9577972,3.91788664,3.95114544,3.95114544,96767348,573575361.0,0.272875,1,0.0,0
2019-02-12,sh.600016,3.9577972,3.96444896,3.93119016,3.95114544,3.95114544,79603038,472752304.0,0.224473,1,0.0,0
2019-02-13,sh.600016,3.95114544,4.03096656,3.93784192,4.01766304,3.95114544,121941780,729615673.0,0.343865,1,1.6835,0
2019-02-14,sh.600016,4.00435952,4.0243148,3.991056,4.01101128,4.01766304,71325071,429550458.0,0.20113,1,-0.165559,0
2019-02-15,sh.600016,3.991056,4.01101128,3.95114544,3.9577972,4.01101128,78503740,469398175.0,0.221373,1,-1.326706,0
2019-02-18,sh.600016,3.97775248,4.01766304,3.97110072,4.01766304,3.9577972,95943447,576795541.0,0.270552,1,1.512608,0
2019-02-19,sh.600016,4.01101128,4.0575736,3.99770776,4.01101128,4.01766304,121313953,733171324.0,0.342094,1,-0.165559,0
2019-02-20,sh.600016,4.0243148,4.03761832,4.00435952,4.01101128,4.01101128,69634190,420564984.0,0.196362,1,0.0,0
2019-02-21,sh.600016,4.01101128,4.03096656,3.98440424,3.991056,4.01101128,96808113,583249231.0,0.27299,1,-0.497516,0
2019-02-22,sh.600016,3.991056,4.03761832,3.97110072,4.03761832,3.991056,99146334,596448399.0,0.279584,1,1.16667,0
2019-02-25,sh.600016,4.0575736,4.3569028,4.0575736,4.31034048,4.03761832,359938848,2263037510.0,1.014995,1,6.754528,0
2019-02-26,sh.600016,4.31034048,4.41011688,4.28373344,4.29703696,4.31034048,305268368,1992927842.0,0.860829,1,-0.308642,0
2019-02-27,sh.600016,4.31699224,4.46998272,4.29703696,4.36355456,4.29703696,284826320,1875499056.0,0.803185,1,1.547986,0
2019-02-28,sh.600016,4.35025104,4.40346512,4.31699224,4.34359928,4.36355456,137020903,895789473.0,0.386387,1,-0.457313,0
2019-03-01,sh.600016,4.35025104,4.46333096,4.27708168,4.45002744,4.34359928,213152052,1400757858.0,0.60107,1,2.450227,0
2019-03-04,sh.600016,4.47663448,4.60301792,4.43672392,4.48328624,4.45002744,319047328,2158849606.0,0.899685,1,0.74738,0
2019-03-05,sh.600016,4.46998272,4.49658976,4.45002744,4.489938,4.48328624,150112929,1009631194.0,0.423305,1,0.148371,0
2019-03-06,sh.600016,4.489938,4.52984856,4.44337568,4.489938,4.489938,186045167,1253910802.0,0.524631,1,0.0,0
2019-03-07,sh.600016,4.48328624,4.48328624,4.41011688,4.4234204,4.489938,196368562,1311880738.0,0.553742,1,-1.48148,0
2019-03-08,sh.600016,4.36355456,4.36355456,4.25047464,4.2571264,4.4234204,189641245,1228822449.0,0.534771,1,-3.759398,0
2019-03-11,sh.600016,4.24382288,4.29703696,4.24382288,4.27708168,4.2571264,138115481,886267064.0,0.389473,1,0.468746,0
2019-03-12,sh.600016,4.29703696,4.3569028,4.27042992,4.2903852,4.27708168,148742447,964195152.0,0.41944,1,0.311042,0
2019-03-13,sh.600016,4.29703696,4.34359928,4.2571264,4.28373344,4.2903852,126316942,815718937.0,0.356202,1,-0.155035,0
2019-03-14,sh.600016,4.28373344,4.33694752,4.27042992,4.28373344,4.28373344,103253198,667924603.0,0.291165,1,0.0,0
2019-03-15,sh.600016,4.28373344,4.33029576,4.27708168,4.2903852,4.28373344,100313869,648728228.0,0.282876,1,0.155276,0
2019-03-18,sh.600016,4.2903852,4.35025104,4.27708168,4.35025104,4.2903852,171412790,1110242155.0,0.483369,1,1.395351,0
2019-03-19,sh.600016,4.35025104,4.36355456,4.31034048,4.323644,4.35025104,102490336,667046132.0,0.289014,1,-0.61162,0
2019-03-20,sh.600016,4.31034048,4.34359928,4.2903852,4.31034048,4.323644,92081286,596918440.0,0.259661,1,-0.307692,0
2019-03-21,sh.600016,4.31034048,4.323644,4.28373344,4.2903852,4.31034048,107318195,694223458.0,0.302628,1,-0.462966,0
2019-03-22,sh.600016,4.29703696,4.30368872,4.2571264,4.27042992,4.2903852,109114499,702052672.0,0.307693,1,-0.465112,0
2019-03-25,sh.600016,4.24382288,4.24382288,4.17730528,4.18395704,4.27042992,152193402,964215887.0,0.429172,1,-2.024924,0
2019-03-26,sh.600016,4.20391232,4.21056408,4.13739472,4.16400176,4.18395704,94515807,592112519.0,0.266526,1,-0.476943,0
2019-03-27,sh.600016,4.16400176,4.19726056,4.13739472,4.15735,4.16400176,81488919,510704491.0,0.229791,1,-0.159748,0
2019-03-28,sh.600016,4.13739472,4.14404648,4.09748416,4.1240912,4.15735,98559755,609607778.0,0.27793,1,-0.800003,0
2019-03-29,sh.600016,4.11743944,4.23717112,4.11078768,4.21721584,4.1240912,131049786,826587085.0,0.369549,1,2.25807,0
2019-04-01,sh.600016,4.25047464,4.323644,4.25047464,4.29703696,4.21721584,193533479,1249759635.0,0.545747,1,1.892743,0
2019-04-02,sh.600016,4.31034048,4.323644,4.27708168,4.2903852,4.29703696,140127426,905682768.0,0.395147,1,-0.154802,0
2019-04-03,sh.600016,4.27042992,4.323644,4.2571264,4.323644,4.2903852,150864325,974711626.0,0.425424,1,0.775197,0
2019-04-04,sh.600016,4.323644,4.38350984,4.31699224,4.36355456,4.323644,199301716,1305293548.0,0.562013,1,0.923076,0
2019-04-08,sh.600016,4.3901616,4.47663448,4.35025104,4.39681336,4.36355456,252268933,1675284468.0,0.711376,1,0.762198,0
2019-04-09,sh.600016,4.39681336,4.41011688,4.34359928,4.36355456,4.39681336,153707294,1011607087.0,0.433441,1,-0.756432,0
2019-04-10,sh.600016,4.3569028,4.36355456,4.31034048,4.34359928,4.36355456,142995580,931227853.0,0.403235,1,-0.457313,0
2019-04-11,sh.600016,4.33694752,4.38350984,4.29703696,4.31699224,4.34359928,115520160,752979033.0,0.325756,1,-0.612564,0
2019-04-12,sh.600016,4.31699224,4.35025104,4.2903852,4.33029576,4.31699224,77563638,503872267.0,0.218722,1,0.308173,0
2019-04-15,sh.600016,4.38350984,4.41676864,4.323644,4.323644,4.33029576,210727252,1387959057.0,0.594232,1,-0.153613,0
2019-04-16,sh.600016,4.29703696,4.4566792,4.2903852,4.45002744,4.323644,347550768,2296552264.0,0.980062,1,2.923078,0
2019-04-17,sh.600016,4.44337568,4.46333096,4.41011688,4.41676864,4.45002744,197838885,1318171983.0,0.557888,1,-0.747387,0
2019-04-18,sh.600016,4.41676864,4.43007216,4.3901616,4.39681336,4.41676864,89621268,593660448.0,0.252724,1,-0.451803,0
2019-04-19,sh.600016,4.39681336,4.44337568,4.37685808,4.41011688,4.39681336,109920173,728127725.0,0.309965,1,0.302572,0
2019-04-22,sh.600016,4.41011688,4.41676864,4.31699224,4.323644,4.41011688,160893540,1054698596.0,0.453705,1,-1.960786,0
2019-04-23,sh.600016,4.323644,4.33694752,4.30368872,4.30368872,4.323644,100028614,649498740.0,0.282072,1,-0.461542,0
2019-04-24,sh.600016,4.323644,4.323644,4.23051936,4.28373344,4.30368872,109638033,706881918.0,0.309169,1,-0.463674,0
2019-04-25,sh.600016,4.28373344,4.2903852,4.23717112,4.24382288,4.28373344,120869576,774565840.0,0.340841,1,-0.931676,0
2019-04-26,sh.600016,4.23051936,4.25047464,4.17730528,4.17730528,4.24382288,134377196,850392047.0,0.378932,1,-1.567397,0
2019-04-29,sh.600016,4.1906088,4.26377816,4.18395704,4.24382288,4.17730528,145705972,926344681.0,0.410878,1,1.592355,0
2019-04-30,sh.600016,4.24382288,4.28373344,4.21721584,4.2571264,4.24382288,119318711,762768456.0,0.336468,1,0.313479,0
2019-05-06,sh.600016,4.19726056,4.20391232,4.09748416,4.14404648,4.2571264,217365962,1356245739.0,0.612952,1,-2.656251,0
2019-05-07,sh.600016,4.15735,4.17730528,4.13074296,4.15069824,4.14404648,112335905,701579854.0,0.316777,1,0.16051,0
2019-05-08,sh.600016,4.11743944,4.15069824,4.10413592,4.11743944,4.15069824,97292968,603018630.0,0.274357,1,-0.801277,0
2019-05-09,sh.600016,4.11078768,4.13074296,4.0575736,4.07087712,4.11743944,101375348,623382302.0,0.285869,1,-1.130859,0
2019-05-10,sh.600016,4.0908324,4.13739472,4.0575736,4.11743944,4.07087712,108231850,668822088.0,0.305204,1,1.143794,0
2019-05-13,sh.600016,4.0908324,4.10413592,4.07087712,4.08418064,4.11743944,63565281,390705066.0,0.179248,1,-0.807758,0
2019-05-14,sh.600016,4.0575736,4.10413592,4.0575736,4.06422536,4.08418064,93472862,572564214.0,0.263585,1,-0.488595,0
2019-05-15,sh.600016,4.07752888,4.11078768,4.07087712,4.0908324,4.06422536,79377457,487542377.0,0.223837,1,0.654664,0
2019-05-16,sh.600016,4.08418064,4.09748416,4.07087712,4.08418064,4.0908324,76975174,472733087.0,0.217063,1,-0.162605,0
2019-05-17,sh.600016,4.0908324,4.09748416,4.03761832,4.04427008,4.08418064,103899613,635652340.0,0.292988,1,-0.977198,0
2019-05-20,sh.600016,4.05092184,4.0908324,4.05092184,4.06422536,4.04427008,73874321,451882223.0,0.208319,1,0.493424,0
2019-05-21,sh.600016,4.07087712,4.10413592,4.06422536,4.07087712,4.06422536,82442946,505994927.0,0.232482,1,0.163662,0
2019-05-22,sh.600016,4.07752888,4.0908324,4.0575736,4.06422536,4.07087712,74954618,458850111.0,0.211365,1,-0.163395,0
2019-05-23,sh.600016,4.0575736,4.07087712,4.03096656,4.04427008,4.06422536,82108929,499580793.0,0.23154,1,-0.491002,0
2019-05-24,sh.600016,4.05092184,4.07087712,4.04427008,4.0575736,4.04427008,57077651,348519438.0,0.160954,1,0.328947,0
2019-05-27,sh.600016,4.0575736,4.09748416,4.0243148,4.08418064,4.0575736,87887425,536311301.0,0.247835,1,0.655737,0
2019-05-28,sh.600016,4.07752888,4.11078768,4.06422536,4.11078768,4.08418064,131275542,807721308.0,0.370185,1,0.651465,0
2019-05-29,sh.600016,4.0908324,4.10413592,4.07087712,4.07752888,4.11078768,70943111,435755276.0,0.200053,1,-0.809057,0
2019-05-30,sh.600016,4.08418064,4.0908324,4.0575736,4.07752888,4.07752888,57378377,351017665.0,0.161802,1,0.0,0
2019-05-31,sh.600016,4.07752888,4.0908324,4.06422536,4.06422536,4.07752888,52520113,321839947.0,0.148102,1,-0.326264,0
2019-06-03,sh.600016,4.07087712,4.10413592,4.06422536,4.10413592,4.06422536,102823048,631792447.0,0.289952,1,0.981996,0
2019-06-04,sh.600016,4.09748416,4.11078768,4.08418064,4.11078768,4.10413592,52193127,321442425.0,0.14718,1,0.162071,0
2019-06-05,sh.600016,4.11743944,4.13739472,4.11078768,4.11743944,4.11078768,64639312,400593075.0,0.182277,1,0.161816,0
2019-06-06,sh.600016,4.1240912,4.13739472,4.10413592,4.1240912,4.11743944,67758221,420158149.0,0.191072,1,0.161547,0
2019-06-10,sh.600016,4.13739472,4.17065352,4.13074296,4.14404648,4.1240912,85360007,532782247.0,0.240708,1,0.483874,0
2019-06-11,sh.600016,4.15735,4.18395704,4.14404648,4.17730528,4.14404648,94434393,592255143.0,0.266297,1,0.802571,0
2019-06-12,sh.600016,4.16400176,4.17730528,4.15735,4.17065352,4.17730528,54091537,338747232.0,0.152533,1,-0.159239,0
2019-06-13,sh.600016,4.17065352,4.1906088,4.15735,4.17730528,4.17065352,54186965,339999689.0,0.152802,1,0.159493,0
2019-06-14,sh.600016,4.21056408,4.21721584,4.17065352,4.18395704,4.17730528,72574763,456979908.0,0.204654,1,0.159232,0
2019-06-17,sh.600016,4.18395704,4.21056408,4.17730528,4.17730528,4.18395704,57033244,359399703.0,0.160829,1,-0.158979,0
2019-06-18,sh.600016,4.17730528,4.20391232,4.17730528,4.19726056,4.17730528,56438778,355572686.0,0.159152,1,0.477703,0
2019-06-19,sh.600016,4.23717112,4.24382288,4.20391232,4.21721584,4.19726056,89138574,566269848.0,0.251363,1,0.475439,0
2019-06-20,sh.600016,4.21721584,4.31034048,4.21056408,4.2571264,4.21721584,156113050,998833631.0,0.440225,1,0.946371,0
2019-06-21,sh.600016,4.26377816,4.27708168,4.24382288,4.25047464,4.2571264,110774739,709009746.0,0.312375,1,-0.156254,0
2019-06-24,sh.600016,4.25047464,4.26377816,4.24382288,4.26377816,4.25047464,54056465,345878818.0,0.152434,1,0.312989,0
2019-06-25,sh.600016,4.26377816,4.27042992,4.21056408,4.21721584,4.26377816,83376061,530869033.0,0.235113,1,-1.092039,0
2019-06-26,sh.600016,4.2238676,4.24382288,4.21056408,4.21721584,4.21721584,37931759,241076078.0,0.106964,1,0.0,0
2019-06-27,sh.600016,4.23051936,4.26377816,4.2238676,4.23051936,4.21721584,61991365,395789990.0,0.17481,1,0.315457,0
2019-06-28,sh.600016,4.23717112,4.23717112,4.20391232,4.2238676,4.23051936,49588647,314502479.0,0.139836,1,-0.157236,0
2019-07-01,sh.600016,4.26377816,4.27708168,4.25047464,4.27042992,4.2238676,96311582,617829252.0,0.27159,1,1.102365,0
2019-07-02,sh.600016,4.27042992,4.28373344,4.2571264,4.28373344,4.27042992,84664731,543618800.0,0.238747,1,0.311526,0
2019-07-03,sh.600016,4.27708168,4.31034048,4.26377816,4.29703696,4.28373344,93408937,602269334.0,0.263405,1,0.310559,0
2019-07-04,sh.600016,4.30368872,4.31699224,4.27708168,4.28373344,4.29703696,109627239,708623925.0,0.309139,1,-0.309597,0
2019-07-05,sh.600016,4.30479863,4.30479863,4.26968608,4.27670859,4.2837311,89774279,547646264.0,0.253155,1,-0.16393,0
2019-07-08,sh.600016,4.26266357,4.27670859,4.19946098,4.213506,4.27670859,89469700,538498352.0,0.252297,1,-1.477835,0
2019-07-09,sh.600016,4.22052851,4.22755102,4.18541596,4.19946098,4.213506,47690998,285590917.0,0.134484,1,-0.333333,0
2019-07-10,sh.600016,4.213506,4.213506,4.18541596,4.19946098,4.19946098,37246384,222779021.0,0.105031,1,0.0,0
2019-07-11,sh.600016,4.213506,4.23457353,4.19946098,4.20648349,4.19946098,39816790,238847824.0,0.11228,1,0.16722,0
2019-07-12,sh.600016,4.20648349,4.25564106,4.20648349,4.23457353,4.20648349,51573008,311034392.0,0.145431,1,0.667787,0
2019-07-15,sh.600016,4.22052851,4.24159604,4.16434843,4.22052851,4.23457353,69226150,414203607.0,0.195212,1,-0.331675,0
2019-07-16,sh.600016,4.22052851,4.22755102,4.20648349,4.213506,4.22052851,28332962,170036166.0,0.079896,1,-0.166393,0
2019-07-17,sh.600016,4.19946098,4.213506,4.18541596,4.18541596,4.213506,35791467,213993482.0,0.100929,1,-0.666666,0
2019-07-18,sh.600016,4.18541596,4.19946098,4.17137094,4.18541596,4.18541596,35962792,214314730.0,0.101412,1,0.0,0
2019-07-19,sh.600016,4.19243847,4.22755102,4.18541596,4.213506,4.18541596,45011033,269957396.0,0.126927,1,0.67114,0
2019-07-22,sh.600016,4.22052851,4.22755102,4.18541596,4.19243847,4.213506,48453803,290242975.0,0.136635,1,-0.500004,0
2019-07-23,sh.600016,4.19243847,4.20648349,4.18541596,4.19946098,4.19243847,35023620,209360994.0,0.098763,1,0.167508,0
2019-07-24,sh.600016,4.20648349,4.23457353,4.19946098,4.213506,4.19946098,54336315,326066864.0,0.153224,1,0.334448,0
2019-07-25,sh.600016,4.213506,4.24861855,4.20648349,4.24861855,4.213506,55222360,332686859.0,0.155722,1,0.833337,0
2019-07-26,sh.600016,4.23457353,4.24861855,4.22755102,4.24159604,4.24861855,47600802,287431301.0,0.1342,1,-0.1653,0
2019-07-29,sh.600016,4.24159604,4.24861855,4.22755102,4.24159604,4.24159604,47343261,285660271.0,0.133504,1,0.0,0
2019-07-30,sh.600016,4.24159604,4.2837311,4.23457353,4.26266357,4.24159604,55980242,340080157.0,0.1579,1,0.4967,0
2019-07-31,sh.600016,4.26266357,4.26968608,4.23457353,4.26266357,4.26266357,53904427,326448065.0,0.152,1,0.0,0
2019-08-01,sh.600016,4.24159604,4.25564106,4.22052851,4.22755102,4.26266357,51711683,311761690.0,0.1458,1,-0.8237,0
2019-08-02,sh.600016,4.18541596,4.19946098,4.17839345,4.18541596,4.22755102,76469208,455804598.0,0.2156,1,-0.9967,0
2019-08-05,sh.600016,4.17137094,4.17839345,4.10114584,4.10816835,4.18541596,93855742,552591724.0,0.2647,1,-1.8456,0
2019-08-06,sh.600016,4.05901078,4.08710082,4.04496576,4.05198827,4.10816835,94560957,546619446.0,0.2667,1,-1.3675,0
2019-08-07,sh.600016,4.06603329,4.0730558,4.03092074,4.03092074,4.05198827,66395075,382443755.0,0.1872,1,-0.5199,0
2019-08-08,sh.600016,4.04496576,4.0730558,4.03794325,4.05198827,4.03092074,54985138,317427895.0,0.1551,1,0.5227,0
2019-08-09,sh.600016,4.05901078,4.0730558,4.03794325,4.05901078,4.05198827,46215099,267070060.0,0.1303,1,0.1733,0
2019-08-12,sh.600016,4.05901078,4.10816835,4.04496576,4.09412333,4.05901078,50564067,293928287.0,0.1426,1,0.865,0
2019-08-13,sh.600016,4.08007831,4.08710082,4.05901078,4.0730558,4.09412333,38381449,222346290.0,0.1082,1,-0.5146,0
2019-08-14,sh.600016,4.10114584,4.10816835,4.06603329,4.06603329,4.0730558,36112764,210213230.0,0.1018,1,-0.1724,0
2019-08-15,sh.600016,4.02389823,4.0730558,4.01687572,4.06603329,4.06603329,38280446,220507649.0,0.1079,1,0.0,0
2019-08-16,sh.600016,4.05901078,4.08007831,4.04496576,4.05198827,4.06603329,41553980,240087800.0,0.1172,1,-0.3454,0
2019-08-19,sh.600016,4.05198827,4.09412333,4.02389823,4.09412333,4.05198827,71472410,413378508.0,0.2015,1,1.0399,0
2019-08-20,sh.600016,4.08007831,4.11519086,4.08007831,4.08710082,4.09412333,60611138,353852705.0,0.1709,1,-0.1715,0
2019-08-21,sh.600016,4.08710082,4.10114584,4.0730558,4.08710082,4.08710082,41314922,240404895.0,0.1165,1,0.0,0
2019-08-22,sh.600016,4.09412333,4.10114584,4.0730558,4.08007831,4.08710082,34454012,200319227.0,0.0972,1,-0.1718,0
2019-08-23,sh.600016,4.08007831,4.10114584,4.05901078,4.09412333,4.08007831,52224238,303491063.0,0.1473,1,0.3442,0
2019-08-26,sh.600016,4.04496576,4.06603329,4.03092074,4.05901078,4.09412333,70726279,407878023.0,0.1994,1,-0.8576,0
2019-08-27,sh.600016,4.0730558,4.12221337,4.06603329,4.08710082,4.05901078,102880073,600261472.0,0.2901,1,0.692,0
2019-08-28,sh.600016,4.10114584,4.11519086,4.08710082,4.09412333,4.08710082,41182064,240586323.0,0.1161,1,0.1718,0
2019-08-29,sh.600016,4.08710082,4.10816835,4.0730558,4.09412333,4.09412333,43418162,252653804.0,0.1224,1,0.0,0
2019-08-30,sh.600016,4.10816835,4.12923588,4.06603329,4.08007831,4.09412333,51912740,302707125.0,0.1464,1,-0.3431,0
2019-09-02,sh.600016,4.10114584,4.15030341,4.08710082,4.12923588,4.08007831,76198492,448143883.0,0.2149,1,1.2048,0
2019-09-03,sh.600016,4.1432809,4.15732592,4.12221337,4.1432809,4.12923588,46100345,271795732.0,0.13,1,0.3401,0
2019-09-04,sh.600016,4.16434843,4.22052851,4.15732592,4.22052851,4.1432809,73741914,441050636.0,0.2079,1,1.8644,0
2019-09-05,sh.600016,4.23457353,4.29075361,4.22755102,4.25564106,4.22052851,103936314,631742294.0,0.2931,1,0.8319,0
2019-09-06,sh.600016,4.27670859,4.2837311,4.25564106,4.26968608,4.25564106,78311975,476172526.0,0.2208,1,0.33,0
2019-09-09,sh.600016,4.29777612,4.31182114,4.26266357,4.27670859,4.26968608,70567569,430074625.0,0.199,1,0.1645,0
2019-09-10,sh.600016,4.27670859,4.2837311,4.26266357,4.2837311,4.27670859,50667648,308282116.0,0.1429,1,0.1642,0
2019-09-11,sh.600016,4.29777612,4.31884365,4.2837311,4.31884365,4.2837311,69218514,424295111.0,0.1952,1,0.8197,0
2019-09-12,sh.600016,4.33991118,4.33991118,4.30479863,4.33288867,4.31884365,47452087,292157569.0,0.1338,1,0.3252,0
2019-09-16,sh.600016,4.33991118,4.33991118,4.27670859,4.30479863,4.33288867,47973711,293808770.0,0.1353,1,-0.6483,0
2019-09-17,sh.600016,4.29777612,4.30479863,4.24159604,4.25564106,4.30479863,64707741,393787888.0,0.1825,1,-1.1419,0
2019-09-18,sh.600016,4.27670859,4.27670859,4.24861855,4.24861855,4.25564106,46815350,284132597.0,0.132,1,-0.165,0
2019-09-19,sh.600016,4.26266357,4.26968608,4.24159604,4.26968608,4.24861855,37284633,225992825.0,0.1051,1,0.4959,0
2019-09-20,sh.600016,4.26968608,4.29075361,4.25564106,4.27670859,4.26968608,68286105,415249881.0,0.1926,1,0.1645,0
2019-09-23,sh.600016,4.26266357,4.26968608,4.22755102,4.24861855,4.27670859,41673686,251554694.0,0.1175,1,-0.6568,0
2019-09-24,sh.600016,4.24861855,4.26968608,4.22755102,4.24159604,4.24861855,41678348,252243049.0,0.1175,1,-0.1653,0
2019-09-25,sh.600016,4.24159604,4.26266357,4.22052851,4.23457353,4.24159604,52258675,315645718.0,0.1474,1,-0.1656,0
2019-09-26,sh.600016,4.24159604,4.29075361,4.23457353,4.25564106,4.23457353,80942192,491344646.0,0.2282,1,0.4975,0
2019-09-27,sh.600016,4.25564106,4.26968608,4.22052851,4.24159604,4.25564106,58142649,351450550.0,0.164,1,-0.33,0
2019-09-30,sh.600016,4.23457353,4.26968608,4.22755102,4.22755102,4.24159604,75487209,456546248.0,0.2129,1,-0.3311,0
2019-10-08,sh.600016,4.213506,4.30479863,4.213506,4.26968608,4.22755102,82333599,501220216.0,0.2322,1,0.9967,0
2019-10-09,sh.600016,4.24861855,4.32586616,4.24861855,4.31182114,4.26968608,104760521,641806545.0,0.2954,1,0.9868,0
2019-10-10,sh.600016,4.30479863,4.32586616,4.27670859,4.29075361,4.31182114,72244247,442539826.0,0.2037,1,-0.4886,0
2019-10-11,sh.600016,4.30479863,4.33991118,4.2837311,4.33288867,4.29075361,108424462,666154697.0,0.3057,1,0.982,0
2019-10-14,sh.600016,4.34693369,4.47333887,4.33991118,4.40311377,4.33288867,163231019,1023223653.0,0.4603,1,1.6207,0
2019-10-15,sh.600016,4.40311377,4.4241813,4.36800122,4.39609126,4.40311377,79433613,497218298.0,0.224,1,-0.1595,0
2019-10-16,sh.600016,4.41013628,4.45227134,4.3539562,4.37502373,4.39609126,87523025,548084974.0,0.2468,1,-0.4792,0
2019-10-17,sh.600016,4.36097871,4.39609126,4.3539562,4.36800122,4.37502373,41361381,257516575.0,0.1166,1,-0.1605,0
2019-10-18,sh.600016,4.38204624,4.41013628,4.27670859,4.27670859,4.36800122,79339653,488926357.0,0.2237,1,-2.09,0
2019-10-21,sh.600016,4.27670859,4.33288867,4.26968608,4.31884365,4.27670859,48354366,296352545.0,0.1364,1,0.9852,0
2019-10-22,sh.600016,4.33991118,4.34693369,4.31182114,4.32586616,4.31884365,44896815,276612366.0,0.1266,1,0.1626,0
2019-10-23,sh.600016,4.33991118,4.3539562,4.31182114,4.31182114,4.32586616,45682641,281620398.0,0.1288,1,-0.3247,0
2019-10-24,sh.600016,4.33288867,4.38204624,4.31884365,4.34693369,4.31182114,66808972,413784163.0,0.1884,1,0.8143,0
2019-10-25,sh.600016,4.34693369,4.3539562,4.31182114,4.34693369,4.34693369,45964144,283839177.0,0.1296,1,0.0,0
2019-10-28,sh.600016,4.34693369,4.38906875,4.32586616,4.33991118,4.34693369,58015209,358825817.0,0.1636,1,-0.1616,0
2019-10-29,sh.600016,4.34693369,4.34693369,4.31884365,4.32586616,4.33991118,37407092,230602399.0,0.1055,1,-0.3236,0
2019-10-30,sh.600016,4.32586616,4.34693369,4.29075361,4.32586616,4.32586616,47336662,291250756.0,0.1335,1,0.0,0
2019-10-31,sh.600016,4.33288867,4.33991118,4.29075361,4.31884365,4.32586616,46018524,282446792.0,0.1298,1,-0.1623,0
2019-11-01,sh.600016,4.30479863,4.36097871,4.2837311,4.33991118,4.31884365,70897342,437035075.0,0.1999,1,0.4878,0
2019-11-04,sh.600016,4.34693369,4.37502373,4.33288867,4.34693369,4.33991118,70399054,435931083.0,0.1985,1,0.1618,0
2019-11-05,sh.600016,4.3539562,4.43822632,4.34693369,4.39609126,4.34693369,121130255,758252342.0,0.3416,1,1.1309,0
2019-11-06,sh.600016,4.39609126,4.43120381,4.38204624,4.39609126,4.39609126,69391626,435587833.0,0.1957,1,0.0,0
2019-11-07,sh.600016,4.40311377,4.4241813,4.38204624,4.39609126,4.39609126,42628166,267131962.0,0.1202,1,0.0,0
2019-11-08,sh.600016,4.40311377,4.41715879,4.34693369,4.3539562,4.39609126,58550018,364782007.0,0.1651,1,-0.9585,0
2019-11-11,sh.600016,4.34693369,4.34693369,4.29777612,4.30479863,4.3539562,60702797,373915039.0,0.1712,1,-1.129,0
2019-11-12,sh.600016,4.31884365,4.33288867,4.29777612,4.31884365,4.30479863,44275709,272189810.0,0.1249,1,0.3263,0
2019-11-13,sh.600016,4.30479863,4.31884365,4.2837311,4.29777612,4.31884365,45624006,279275744.0,0.1287,1,-0.4878,0
2019-11-14,sh.600016,4.31182114,4.31182114,4.26968608,4.2837311,4.29777612,46885578,286390078.0,0.1322,1,-0.3268,0
2019-11-15,sh.600016,4.29777612,4.30479863,4.27670859,4.2837311,4.2837311,32631381,199362766.0,0.092,1,0.0,0
2019-11-18,sh.600016,4.29075361,4.31182114,4.26968608,4.31182114,4.2837311,43012165,263003250.0,0.1213,1,0.6557,0
2019-11-19,sh.600016,4.29777612,4.31884365,4.29075361,4.30479863,4.31182114,34924761,214161738.0,0.0985,1,-0.1629,0
2019-11-20,sh.600016,4.30479863,4.31182114,4.26968608,4.26968608,4.30479863,40847734,249340066.0,0.1152,1,-0.8157,0
2019-11-21,sh.600016,4.26266357,4.2837311,4.25564106,4.26968608,4.26968608,43436447,264168036.0,0.1225,1,0.0,0
2019-11-22,sh.600016,4.2837311,4.29777612,4.26266357,4.26968608,4.26968608,47408428,289193327.0,0.1337,1,0.0,0
2019-11-25,sh.600016,4.2837311,4.33991118,4.26968608,4.33991118,4.26968608,65160364,401039860.0,0.1837,1,1.6447,0
2019-11-26,sh.600016,4.34693369,4.3539562,4.31182114,4.34693369,4.33991118,96644899,596975317.0,0.2725,1,0.1618,0
2019-11-27,sh.600016,4.33991118,4.34693369,4.31884365,4.31884365,4.34693369,35761157,220564708.0,0.1008,1,-0.6462,0
2019-11-28,sh.600016,4.31182114,4.33288867,4.30479863,4.32586616,4.31884365,36188592,222568777.0,0.102,1,0.1626,0
2019-11-29,sh.600016,4.31182114,4.34693369,4.30479863,4.33288867,4.32586616,58898194,363292672.0,0.1661,1,0.1623,0
2019-12-02,sh.600016,4.32586616,4.34693369,4.31884365,4.33288867,4.33288867,38128422,235296879.0,0.1075,1,0.0,0
2019-12-03,sh.600016,4.32586616,4.33991118,4.31182114,4.33991118,4.33288867,32445482,199991601.0,0.0915,1,0.1621,0
2019-12-04,sh.600016,4.33991118,4.33991118,4.30479863,4.32586616,4.33991118,35763043,220191738.0,0.1008,1,-0.3236,0
2019-12-05,sh.600016,4.33991118,4.3539562,4.31884365,4.33991118,4.32586616,40730218,251624476.0,0.1149,1,0.3247,0
2019-12-06,sh.600016,4.34693369,4.3539562,4.33288867,4.34693369,4.33991118,33197070,205438223.0,0.0936,1,0.1618,0
2019-12-09,sh.600016,4.34693369,4.36097871,4.33288867,4.36097871,4.34693369,36673314,227127233.0,0.1034,1,0.3231,0
2019-12-10,sh.600016,4.3539562,4.36097871,4.34693369,4.34693369,4.36097871,25318081,156903935.0,0.0714,1,-0.3221,0
2019-12-11,sh.600016,4.36097871,4.36097871,4.33288867,4.3539562,4.34693369,38039659,235377018.0,0.1073,1,0.1615,0
2019-12-12,sh.600016,4.36097871,4.36097871,4.33991118,4.34693369,4.3539562,31184025,193034420.0,0.0879,1,-0.1613,0
2019-12-13,sh.600016,4.36097871,4.41013628,4.36097871,4.40311377,4.34693369,109545561,683309671.0,0.3089,1,1.2924,0
2019-12-16,sh.600016,4.40311377,4.40311377,4.37502373,4.38906875,4.40311377,69397562,433519657.0,0.1957,1,-0.319,0
2019-12-17,sh.600016,4.39609126,4.47333887,4.38204624,4.43822632,4.38906875,124492052,785151763.0,0.3511,1,1.12,0
2019-12-18,sh.600016,4.43120381,4.45929385,4.41013628,4.41715879,4.43822632,99743830,629223196.0,0.2813,1,-0.4747,0
2019-12-19,sh.600016,4.41013628,4.44524883,4.41013628,4.4241813,4.41715879,69491588,438051708.0,0.196,1,0.159,0
2019-12-20,sh.600016,4.4241813,4.43822632,4.40311377,4.4241813,4.4241813,60262340,379339441.0,0.1699,1,0.0,0
2019-12-23,sh.600016,4.4241813,4.43120381,4.37502373,4.38906875,4.4241813,57057320,358159765.0,0.1609,1,-0.7937,0
2019-12-24,sh.600016,4.39609126,4.40311377,4.37502373,4.39609126,4.38906875,31375173,196164949.0,0.0885,1,0.16,0
2019-12-25,sh.600016,4.38906875,4.39609126,4.36800122,4.37502373,4.39609126,32870915,204852570.0,0.0927,1,-0.4792,0
2019-12-26,sh.600016,4.37502373,4.39609126,4.36097871,4.38906875,4.37502373,41182404,257060353.0,0.1161,1,0.321,0
2019-12-27,sh.600016,4.38204624,4.43120381,4.38204624,4.40311377,4.38906875,70011537,439891117.0,0.1974,1,0.32,0
2019-12-30,sh.600016,4.39609126,4.44524883,4.38204624,4.43120381,4.40311377,62118996,390731526.0,0.1752,1,0.638,0
2019-12-31,sh.600016,4.4241813,4.44524883,4.40311377,4.43120381,4.43120381,52114792,328522966.0,0.147,1,0.0,0
2020-01-02,sh.600016,4.46631636,4.4944064,4.45929385,4.46631636,4.43120381,104366480,665289511.0,0.2943,1,0.7924,0
2020-01-03,sh.600016,4.47333887,4.48036138,4.45227134,4.45227134,4.46631636,59912439,380992682.0,0.1689,1,-0.3145,0
2020-01-06,sh.600016,4.43822632,4.47333887,4.41013628,4.4241813,4.45227134,80216813,507810730.0,0.2262,1,-0.6309,0
2020-01-07,sh.600016,4.43822632,4.46631636,4.4241813,4.44524883,4.4241813,57401868,363619300.0,0.1619,1,0.4762,0
2020-01-08,sh.600016,4.43822632,4.44524883,4.39609126,4.41715879,4.44524883,69352324,436696237.0,0.1956,1,-0.6319,0
2020-01-09,sh.600016,4.43822632,4.45227134,4.4241813,4.43120381,4.41715879,59926455,378815272.0,0.169,1,0.318,0
2020-01-10,sh.600016,4.43822632,4.45227134,4.4241813,4.44524883,4.43120381,42751276,270126476.0,0.1206,1,0.317,0
2020-01-13,sh.600016,4.45227134,4.45929385,4.43822632,4.45929385,4.44524883,50239602,318437039.0,0.1417,1,0.316,0
2020-01-14,sh.600016,4.46631636,4.50142891,4.45929385,4.48036138,4.45929385,58946981,375955376.0,0.1662,1,0.4724,0
2020-01-15,sh.600016,4.48036138,4.48738389,4.43822632,4.43822632,4.48036138,45376577,287653634.0,0.128,1,-0.9404,0
2020-01-16,sh.600016,4.44524883,4.45227134,4.41715879,4.4241813,4.43822632,39147431,246823284.0,0.1104,1,-0.3165,0
2020-01-17,sh.600016,4.43120381,4.45227134,4.40311377,4.41715879,4.4241813,44472368,280207440.0,0.1254,1,-0.1587,0
2020-01-20,sh.600016,4.41715879,4.43822632,4.41715879,4.43822632,4.41715879,45150784,284871560.0,0.1273,1,0.477,0
2020-01-21,sh.600016,4.4241813,4.43120381,4.38906875,4.38906875,4.43822632,62017423,388512368.0,0.1749,1,-1.1076,0
2020-01-22,sh.600016,4.39609126,4.44524883,4.36097871,4.39609126,4.38906875,61125004,382340153.0,0.1724,1,0.16,0
2020-01-23,sh.600016,4.37502373,4.38906875,4.26968608,4.26968608,4.39609126,117284146,719120752.0,0.3307,1,-2.8754,0
2020-02-03,sh.600016,3.91153807,4.08007831,3.91153807,3.99580819,4.26968608,225712139,1281136640.0,0.6365,1,-6.4145,0
2020-02-04,sh.600016,4.0028307,4.11519086,3.96771815,4.09412333,3.99580819,146504544,847678444.0,0.4131,1,2.4605,0
2020-02-05,sh.600016,4.10816835,4.1432809,4.05901078,4.10114584,4.09412333,86698980,507674809.0,0.2445,1,0.1715,0
2020-02-06,sh.600016,4.13625839,4.15732592,4.09412333,4.15030341,4.10114584,87386817,513474712.0,0.2464,1,1.1986,0
2020-02-07,sh.600016,4.12221337,4.13625839,4.08710082,4.13625839,4.15030341,69093386,404604638.0,0.1948,1,-0.3384,0
2020-02-10,sh.600016,4.10816835,4.12923588,4.10114584,4.11519086,4.13625839,55323481,324467288.0,0.156,1,-0.5093,0
2020-02-11,sh.600016,4.12923588,4.16434843,4.12221337,4.1432809,4.11519086,55660300,328579887.0,0.157,1,0.6826,0
2020-02-12,sh.600016,4.13625839,4.15030341,4.11519086,4.1432809,4.1432809,49723580,292778386.0,0.1402,1,0.0,0
2020-02-13,sh.600016,4.1432809,4.15030341,4.10816835,4.11519086,4.1432809,51979715,305197446.0,0.1466,1,-0.678,0
2020-02-14,sh.600016,4.10114584,4.13625839,4.10114584,4.13625839,4.11519086,42512232,249661074.0,0.1199,1,0.5119,0
2020-02-17,sh.600016,4.12923588,4.19243847,4.12221337,4.18541596,4.13625839,80435258,476445638.0,0.2268,1,1.1885,0
2020-02-18,sh.600016,4.17137094,4.17839345,4.13625839,4.1432809,4.18541596,70888994,419484456.0,0.1999,1,-1.0067,0
2020-02-19,sh.600016,4.1432809,4.17137094,4.12923588,4.13625839,4.1432809,66720176,394348520.0,0.1881,1,-0.1695,0
2020-02-20,sh.600016,4.15030341,4.17839345,4.11519086,4.17137094,4.13625839,93673578,553245920.0,0.2642,1,0.8489,0
2020-02-21,sh.600016,4.15732592,4.17839345,4.13625839,4.15030341,4.17137094,95581084,565365701.0,0.2695,1,-0.5051,0
2020-02-24,sh.600016,4.15030341,4.16434843,4.10816835,4.11519086,4.15030341,106772123,627643034.0,0.3011,1,-0.846,0
2020-02-25,sh.600016,4.08007831,4.09412333,4.05901078,4.08007831,4.11519086,98034804,569073508.0,0.2764,1,-0.8532,0
2020-02-26,sh.600016,4.05901078,4.11519086,4.04496576,4.10114584,4.08007831,98149877,571603740.0,0.2768,1,0.5164,0
2020-02-27,sh.600016,4.10114584,4.12221337,4.08710082,4.10816835,4.10114584,71652303,418754012.0,0.2021,1,0.1712,0
2020-02-28,sh.600016,4.08007831,4.09412333,4.01687572,4.01687572,4.10816835,116398165,671577287.0,0.3282,1,-2.2222,0
2020-03-02,sh.600016,4.03092074,4.08710082,4.02389823,4.08007831,4.01687572,85119946,492952051.0,0.24,1,1.5734,0
2020-03-03,sh.600016,4.09412333,4.12221337,4.08710082,4.10114584,4.08007831,84608878,494403003.0,0.2386,1,0.5164,0
2020-03-04,sh.600016,4.08710082,4.12221337,4.08710082,4.11519086,4.10114584,56967135,332991161.0,0.1606,1,0.3425,0
2020-03-05,sh.600016,4.12923588,4.18541596,4.11519086,4.17839345,4.11519086,139365898,825555234.0,0.393,1,1.5358,0
2020-03-06,sh.600016,4.1432809,4.17137094,4.12221337,4.1432809,4.17839345,72813948,429378062.0,0.2053,1,-0.8403,0
2020-03-09,sh.600016,4.10114584,4.10816835,4.04496576,4.06603329,4.1432809,132702499,767788289.0,0.3742,1,-1.8644,0
2020-03-10,sh.600016,4.04496576,4.11519086,4.03794325,4.10114584,4.06603329,102663912,598253030.0,0.2895,1,0.8636,0
2020-03-11,sh.600016,4.10816835,4.11519086,4.0730558,4.08007831,4.10114584,60740648,353945377.0,0.1713,1,-0.5137,0
2020-03-12,sh.600016,4.06603329,4.0730558,4.04496576,4.0730558,4.08007831,75700724,437570229.0,0.2135,1,-0.1721,0
2020-03-13,sh.600016,3.99580819,4.0730558,3.96069564,4.05901078,4.0730558,122444312,699202201.0,0.3453,1,-0.3448,0
2020-03-16,sh.600016,4.06603329,4.0730558,3.98878568,3.98878568,4.05901078,103318861,593715247.0,0.2913,1,-1.7301,0
2020-03-17,sh.600016,4.0028307,4.05198827,3.96069564,4.0028307,3.98878568,95571293,545275008.0,0.2695,1,0.3521,0
2020-03-18,sh.600016,4.00985321,4.01687572,3.92558309,3.9326056,4.0028307,81174498,459365837.0,0.2289,1,-1.7544,0
2020-03-19,sh.600016,3.9326056,3.93962811,3.83429046,3.84833548,3.9326056,124212436,686301577.0,0.3503,1,-2.1429,0
2020-03-20,sh.600016,3.87642552,3.93962811,3.85535799,3.9326056,3.84833548,89827625,497933698.0,0.2533,1,2.1898,0
2020-03-23,sh.600016,3.8623805,3.89749305,3.84833548,3.89047054,3.9326056,67280463,370711002.0,0.1897,1,-1.0714,0
2020-03-24,sh.600016,3.91856058,3.96771815,3.91856058,3.95367313,3.89047054,77317850,434577234.0,0.218,1,1.6246,0
2020-03-25,sh.600016,4.0028307,4.01687572,3.96069564,3.97474066,3.95367313,75668107,429179170.0,0.2134,1,0.5329,0
2020-03-26,sh.600016,3.96069564,4.00985321,3.93962811,3.98176317,3.97474066,81823753,463724158.0,0.2307,1,0.1767,0
2020-03-27,sh.600016,4.0028307,4.01687572,3.97474066,4.00985321,3.98176317,82077570,467737662.0,0.2315,1,0.7055,0
2020-03-30,sh.600016,3.98176317,4.03794325,3.96771815,4.0028307,4.00985321,110254659,629201134.0,0.3109,1,-0.1751,0
2020-03-31,sh.600016,4.04496576,4.05901078,4.0028307,4.00985321,4.0028307,117089556,672272499.0,0.3302,1,0.1754,0
2020-04-01,sh.600016,4.0028307,4.03794325,3.98878568,3.99580819,4.00985321,80746437,461778737.0,0.2277,1,-0.3503,0
2020-04-02,sh.600016,3.98878568,4.01687572,3.97474066,4.01687572,3.99580819,69844932,397266789.0,0.197,1,0.5272,0
2020-04-03,sh.600016,4.0028307,4.01687572,3.98878568,4.00985321,4.01687572,54920472,313280449.0,0.1549,1,-0.1748,0
2020-04-07,sh.600016,4.05901078,4.0730558,4.03794325,4.05901078,4.00985321,111104498,641377948.0,0.3133,1,1.2259,0
2020-04-08,sh.600016,4.05198827,4.0730558,4.03794325,4.05901078,4.05901078,67593030,390659812.0,0.1906,1,0.0,0
2020-04-09,sh.600016,4.0730558,4.08710082,4.05901078,4.05901078,4.05901078,62324480,361394194.0,0.1757,1,0.0,0
2020-04-10,sh.600016,4.0730558,4.0730558,4.02389823,4.05198827,4.05901078,61137087,352437257.0,0.1724,1,-0.173,0
2020-04-13,sh.600016,4.04496576,4.04496576,4.0028307,4.0028307,4.05198827,35234155,201822014.0,0.0994,1,-1.2132,0
2020-04-14,sh.600016,4.03092074,4.05901078,4.00985321,4.05901078,4.0028307,76259768,439362738.0,0.215,1,1.4035,0
2020-04-15,sh.600016,4.05198827,4.06603329,4.04496576,4.04496576,4.05901078,55253835,319084927.0,0.1558,1,-0.346,0
2020-04-16,sh.600016,4.03794325,4.06603329,4.03092074,4.05901078,4.04496576,53225474,307327144.0,0.1501,1,0.3472,0
2020-04-17,sh.600016,4.08007831,4.08710082,4.05198827,4.06603329,4.05901078,75143958,435241859.0,0.2119,1,0.173,0
2020-04-20,sh.600016,4.06603329,4.0730558,4.01687572,4.02389823,4.06603329,81635590,468354506.0,0.2302,1,-1.0363,0
2020-04-21,sh.600016,4.02389823,4.03092074,3.98878568,4.0028307,4.02389823,69903371,398595166.0,0.1971,1,-0.5236,0
2020-04-22,sh.600016,4.0028307,4.0028307,3.98176317,4.0028307,4.0028307,69386296,394605500.0,0.1957,1,0.0,0
2020-04-23,sh.600016,4.00985321,4.00985321,3.97474066,3.99580819,4.0028307,63564144,361094887.0,0.1792,1,-0.1754,0
2020-04-24,sh.600016,3.99580819,4.01687572,3.96771815,4.0028307,3.99580819,61439742,349760283.0,0.1733,1,0.1757,0
2020-04-27,sh.600016,4.01687572,4.05901078,4.00985321,4.04496576,4.0028307,70661725,406980306.0,0.1993,1,1.0526,0
2020-04-28,sh.600016,4.05198827,4.05901078,4.00985321,4.03794325,4.04496576,59990973,345034811.0,0.1692,1,-0.1736,0
2020-04-29,sh.600016,4.05198827,4.12221337,4.04496576,4.12221337,4.03794325,87767294,511727597.0,0.2475,1,2.087,0
2020-04-30,sh.600016,4.12221337,4.15030341,4.10114584,4.13625839,4.12221337,83403170,490600010.0,0.2352,1,0.3407,0
2020-05-06,sh.600016,4.0730558,4.12221337,4.05901078,4.10114584,4.13625839,99955810,581141848.0,0.2819,1,-0.8489,0
2020-05-07,sh.600016,4.10114584,4.10114584,4.0730558,4.0730558,4.10114584,54734473,318514005.0,0.1543,1,-0.6849,0
2020-05-08,sh.600016,4.08710082,4.10816835,4.08007831,4.10114584,4.0730558,57168551,333269092.0,0.1612,1,0.6897,0
2020-05-11,sh.600016,4.09412333,4.12221337,4.08710082,4.08710082,4.10114584,48828522,285033862.0,0.1377,1,-0.3425,0
2020-05-12,sh.600016,4.08710082,4.10114584,4.05901078,4.06603329,4.08710082,52036002,302260221.0,0.1467,1,-0.5155,0
2020-05-13,sh.600016,4.05901078,4.0730558,4.04496576,4.06603329,4.06603329,45745989,264601811.0,0.129,1,0.0,0
2020-05-14,sh.600016,4.05901078,4.05901078,4.04496576,4.05198827,4.06603329,44647561,257553842.0,0.1259,1,-0.3454,0
2020-05-15,sh.600016,4.05901078,4.0730558,4.03794325,4.04496576,4.05198827,42768426,247068949.0,0.1206,1,-0.1733,0
2020-05-18,sh.600016,4.05198827,4.08007831,4.04496576,4.05901078,4.04496576,39032923,225904177.0,0.1101,1,0.3472,0
2020-05-19,sh.600016,4.08710082,4.08710082,4.05901078,4.0730558,4.05901078,36746905,212946399.0,0.1036,1,0.346,0
2020-05-20,sh.600016,4.06603329,4.08710082,4.05901078,4.0730558,4.0730558,42034014,243665566.0,0.1185,1,0.0,0
2020-05-21,sh.600016,4.08710082,4.08710082,4.04496576,4.04496576,4.0730558,32299850,186940241.0,0.0911,1,-0.6897,0
2020-05-22,sh.600016,4.04496576,4.05198827,3.98176317,3.98878568,4.04496576,70677239,404349911.0,0.1993,1,-1.3889,0
2020-05-25,sh.600016,4.01687572,4.01687572,3.98176317,4.0028307,3.98878568,35001767,199222139.0,0.0987,1,0.3521,0
2020-05-26,sh.600016,4.00985321,4.01687572,3.99580819,4.0028307,4.0028307,39782427,226850332.0,0.1122,1,0.0,0
2020-05-27,sh.600016,4.0028307,4.03092074,3.99580819,4.00985321,4.0028307,44501819,254513896.0,0.1255,1,0.1754,0
2020-05-28,sh.600016,4.01687572,4.06603329,4.00985321,4.04496576,4.00985321,50934726,293111999.0,0.1436,1,0.8757,0
2020-05-29,sh.600016,4.03092074,4.04496576,3.99580819,3.99580819,4.04496576,48592957,278231792.0,0.137,1,-1.2153,0
2020-06-01,sh.600016,4.01687572,4.05198827,4.01687572,4.04496576,3.99580819,55424798,318940679.0,0.1563,1,1.2302,0
2020-06-02,sh.600016,4.03794325,4.0730558,4.03092074,4.05901078,4.04496576,59065054,340941568.0,0.1666,1,0.3472,0
2020-06-03,sh.600016,4.0730558,4.10114584,4.05198827,4.05198827,4.05901078,66874279,387900531.0,0.1886,1,-0.173,0
2020-06-04,sh.600016,4.08007831,4.08007831,4.02389823,4.03092074,4.05198827,53806289,309604530.0,0.1517,1,-0.5199,0
2020-06-05,sh.600016,4.03794325,4.04496576,4.02389823,4.04496576,4.03092074,37523911,215585587.0,0.1058,1,0.3484,0
2020-06-08,sh.600016,4.04496576,4.05901078,4.03794325,4.03794325,4.04496576,56311345,324472929.0,0.1588,1,-0.1736,0
2020-06-09,sh.600016,4.03794325,4.0730558,4.03092074,4.05901078,4.03794325,69917407,403376700.0,0.1972,1,0.5217,0
2020-06-10,sh.600016,4.05901078,4.06603329,4.03092074,4.03092074,4.05901078,60899362,350358151.0,0.1717,1,-0.692,0
2020-06-11,sh.600016,4.03092074,4.03794325,3.98878568,3.99580819,4.03092074,93217468,532232101.0,0.2629,1,-0.8711,0
2020-06-12,sh.600016,3.97474066,3.99580819,3.96771815,3.98878568,3.99580819,115936990,657097693.0,0.3269,1,-0.1758,0
2020-06-15,sh.600016,3.97474066,3.97474066,3.93962811,3.94665062,3.98878568,109584181,617242488.0,0.309,1,-1.0563,0
2020-06-16,sh.600016,3.96771815,3.97474066,3.95367313,3.96771815,3.94665062,54719855,308838339.0,0.1543,1,0.5338,0
2020-06-17,sh.600016,3.96069564,3.97474066,3.95367313,3.96771815,3.96771815,42227991,238257055.0,0.1191,1,0.0,0
2020-06-18,sh.600016,3.96069564,3.98176317,3.93962811,3.96069564,3.96771815,61872016,349205410.0,0.1745,1,-0.177,0
2020-06-19,sh.600016,3.96771815,4.0028307,3.96069564,3.98176317,3.96069564,91403155,518087893.0,0.2577,1,0.5319,0
2020-06-22,sh.600016,3.98176317,4.0028307,3.97474066,3.98176317,3.98176317,68510866,389180186.0,0.1932,1,0.0,0
2020-06-23,sh.600016,3.97474066,3.98176317,3.96069564,3.96771815,3.98176317,51984811,293801010.0,0.1466,1,-0.3527,0
2020-06-24,sh.600016,3.97474066,3.99580819,3.97474066,3.98176317,3.96771815,58617734,332573848.0,0.1653,1,0.354,0
2020-06-29,sh.600016,3.99580819,4.00985321,3.96069564,3.97474066,3.98176317,77023307,436721126.0,0.2172,1,-0.1764,0
2020-06-30,sh.600016,3.98176317,3.99580819,3.97474066,3.98176317,3.97474066,54020588,306491497.0,0.1523,1,0.1767,0
2020-07-01,sh.600016,3.98878568,4.04496576,3.97474066,4.03794325,3.98176317,108018326,617094611.0,0.3046,1,1.4109,0
2020-07-02,sh.600016,4.03092074,4.11519086,4.02389823,4.11519086,4.03794325,168633828,977992111.0,0.4755,1,1.913,0
2020-07-03,sh.600016,4.11519086,4.18541596,4.11519086,4.17137094,4.11519086,188724613,1116860795.0,0.5322,1,1.3652,0
2020-07-06,sh.600016,4.20648349,4.54356397,4.20648349,4.52249644,4.17137094,537544320,3351035579.0,1.5158,1,8.4175,0
2020-07-07,sh.600016,4.58569903,4.71912672,4.4944064,4.57867652,4.52249644,483473584,3153091012.0,1.3634,1,1.2422,0
2020-07-08,sh.600016,4.57165401,4.6348566,4.55058648,4.57867652,4.57867652,334276320,2186538302.0,0.9426,1,0.0,0
2020-07-09,sh.600016,4.57165401,4.58569903,4.50845142,4.52249644,4.57867652,263904543,1704474301.0,0.7442,1,-1.227,0
2020-07-10,sh.600016,4.51547393,4.53654146,4.38906875,4.40311377,4.52249644,310827792,1969370145.0,0.8765,1,-2.6398,0
2020-07-13,sh.600016,4.403111,4.4254997,4.328482,4.3657965,4.403111,309603024,1813312119.0,0.8731,1,-0.8475,0
2020-07-14,sh.600016,4.3508707,4.3732594,4.253853,4.2837046,4.3657965,230664817,1333564011.0,0.6505,1,-1.8803,0
2020-07-15,sh.600016,4.3060933,4.3210191,4.2090756,4.2165385,4.2837046,207848971,1184628864.0,0.5861,1,-1.5679,0
2020-07-16,sh.600016,4.2389272,4.2762417,4.1866869,4.1941498,4.2165385,200573239,1136685858.0,0.5656,1,-0.531,0
2020-07-17,sh.600016,4.2165385,4.2314643,4.1568353,4.179224,4.1941498,136530705,765413059.0,0.385,1,-0.3559,0
2020-07-20,sh.600016,4.1866869,4.2762417,4.179224,4.253853,4.179224,185635506,1053327466.0,0.5235,1,1.7857,0
2020-07-21,sh.600016,4.2687788,4.2687788,4.2090756,4.2240014,4.253853,114172213,647572337.64,0.322,1,-0.7018,0
2020-07-22,sh.600016,4.2314643,4.2687788,4.2016127,4.2090756,4.2240014,148799415,843785754.29,0.4196,1,-0.3534,0
2020-07-23,sh.600016,4.1941498,4.2240014,4.1419095,4.1866869,4.2090756,131801693,737877611.22,0.3717,1,-0.5319,0
2020-07-24,sh.600016,4.179224,4.1866869,4.104595,4.1195208,4.1866869,158519502,879661643.67,0.447,1,-1.6043,0
2020-07-27,sh.600016,4.1493724,4.1493724,4.104595,4.1195208,4.1195208,94194752,520331784.92,0.2656,1,0.0,0
2020-07-28,sh.600016,4.1344466,4.1568353,4.1195208,4.1269837,4.1195208,77196488,427601069.72,0.2177,1,0.1812,0
2020-07-29,sh.600016,4.1269837,4.179224,4.1195208,4.1717611,4.1269837,101206915,563911219.06,0.2854,1,1.085,0
2020-07-30,sh.600016,4.179224,4.179224,4.1344466,4.1344466,4.1717611,85956187,477992730.45,0.2424,1,-0.8945,0
2020-07-31,sh.600016,4.1344466,4.1717611,4.104595,4.1344466,4.1344466,123505120,684142577.71,0.3483,1,0.0,0
2020-08-03,sh.600016,4.1493724,4.1642982,4.1344466,4.1493724,4.1344466,135875168,755197422.17,0.3832,1,0.361,0
2020-08-04,sh.600016,4.1642982,4.2314643,4.1493724,4.2165385,4.1493724,193211436,1086363022.33,0.5448,1,1.6187,0
2020-08-05,sh.600016,4.2165385,4.2165385,4.1493724,4.1717611,4.2165385,106809384,597477104.22,0.3012,1,-1.0619,0
2020-08-06,sh.600016,4.179224,4.2016127,4.1419095,4.179224,4.1717611,100944770,563692348.19,0.2847,1,0.1789,0
2020-08-07,sh.600016,4.179224,4.179224,4.1344466,4.1493724,4.179224,100371685,558453350.48,0.283,1,-0.7143,0
2020-08-10,sh.600016,4.1568353,4.1866869,4.1419095,4.179224,4.1493724,107137601,598775524.28,0.3021,1,0.7194,0
2020-08-11,sh.600016,4.1717611,4.2314643,4.1568353,4.1642982,4.179224,140994559,794221745.92,0.3976,1,-0.3571,0
2020-08-12,sh.600016,4.1642982,4.1941498,4.1493724,4.1941498,4.1642982,113843092,636322125.62,0.321,1,0.7168,0
2020-08-13,sh.600016,4.2016127,4.2016127,4.1717611,4.1717611,4.1941498,65758088,368451992.28,0.1854,1,-0.5338,0
2020-08-14,sh.600016,4.1717611,4.2090756,4.1642982,4.2016127,4.1717611,95408050,535168875.76,0.269,1,0.7156,0
2020-08-17,sh.600016,4.2016127,4.3135562,4.2016127,4.2687788,4.2016127,278289312,1590993297.84,0.7848,1,1.5986,0
2020-08-18,sh.600016,4.2762417,4.2837046,4.2240014,4.2389272,4.2687788,128748899,732534118.86,0.3631,1,-0.6993,0
2020-08-19,sh.600016,4.2463901,4.2463901,4.2016127,4.2016127,4.2389272,109389905,619188879.5,0.3085,1,-0.8803,0
2020-08-20,sh.600016,4.2016127,4.2016127,4.1642982,4.1717611,4.2016127,102606871,573907326.12,0.2893,1,-0.7105,0
2020-08-21,sh.600016,4.179224,4.1866869,4.1568353,4.179224,4.1717611,83502168,466866048.01,0.2355,1,0.1789,0
2020-08-24,sh.600016,4.1866869,4.1941498,4.1642982,4.1642982,4.179224,71988310,402808668.95,0.203,1,-0.3571,0
2020-08-25,sh.600016,4.1717611,4.1866869,4.1419095,4.1493724,4.1642982,81261454,453182490.65,0.2291,1,-0.3584,0
2020-08-26,sh.600016,4.1568353,4.1642982,4.1269837,4.1269837,4.1493724,81816902,453775820.3,0.2307,1,-0.5396,0
2020-08-27,sh.600016,4.1344466,4.1419095,4.1120579,4.1269837,4.1269837,72441503,400453223.35,0.2043,1,0.0,0
2020-08-28,sh.600016,4.1195208,4.1717611,4.1120579,4.1717611,4.1269837,110044466,611626685.64,0.3103,1,1.085,0
2020-08-31,sh.600016,4.1642982,4.1941498,4.1269837,4.1419095,4.1717611,160499981,895789214.04,0.4526,1,-0.7156,0
2020-09-01,sh.600016,4.1269837,4.1642982,4.1195208,4.1493724,4.1419095,108562352,602581109.63,0.3061,1,0.1802,0
2020-09-02,sh.600016,4.1419095,4.1493724,4.1120579,4.1269837,4.1493724,102254656,565657611.56,0.2883,1,-0.5396,0
2020-09-03,sh.600016,4.1344466,4.1493724,4.1195208,4.1269837,4.1269837,74763572,413754810.27,0.2108,1,0.0,0
2020-09-04,sh.600016,4.1195208,4.1269837,4.104595,4.1195208,4.1269837,94361101,519877508.28,0.2661,1,-0.1808,0
2020-09-07,sh.600016,4.104595,4.1195208,4.0822063,4.0896692,4.1195208,93151491,512655751.44,0.2627,1,-0.7246,0
2020-09-08,sh.600016,4.0971321,4.1195208,4.0896692,4.1120579,4.0896692,82958526,456691717.4,0.2339,1,0.5474,0
2020-09-09,sh.600016,4.104595,4.1120579,4.0896692,4.0896692,4.1120579,86268251,474103596.3,0.2433,1,-0.5445,0
2020-09-10,sh.600016,4.104595,4.104595,4.0672805,4.0822063,4.0896692,90140197,493064064.46,0.2542,1,-0.1825,0
2020-09-11,sh.600016,4.0747434,4.0822063,4.0598176,4.0747434,4.0822063,60747814,331312169.81,0.1713,1,-0.1828,0
2020-09-14,sh.600016,4.0672805,4.0822063,4.0598176,4.0672805,4.0747434,51251397,279535959.04,0.1445,1,-0.1832,0
2020-09-15,sh.600016,4.0672805,4.0747434,4.0598176,4.0672805,4.0672805,47088247,256695021.47,0.1328,1,0.0,0
2020-09-16,sh.600016,4.0747434,4.0896692,4.0598176,4.0822063,4.0672805,54098408,295430139.91,0.1526,1,0.367,0
2020-09-17,sh.600016,4.0747434,4.0822063,4.0598176,4.0598176,4.0822063,59952080,326664709.53,0.1691,1,-0.5484,0
2020-09-18,sh.600016,4.0672805,4.104595,4.0523547,4.104595,4.0598176,109399930,598946496.22,0.3085,1,1.1029,0
2020-09-21,sh.600016,4.104595,4.1120579,4.0672805,4.0672805,4.104595,64848361,354877297.0,0.1829,1,-0.9091,0
2020-09-22,sh.600016,4.0598176,4.0822063,4.0374289,4.0448918,4.0672805,78433733,426473273.26,0.2212,1,-0.5505,0
2020-09-23,sh.600016,4.0448918,4.0523547,4.029966,4.0374289,4.0448918,64037643,346479725.79,0.1806,1,-0.1845,0
2020-09-24,sh.600016,4.0374289,4.0374289,3.9926515,4.0075773,4.0374289,68786063,368969311.68,0.194,1,-0.7394,0
2020-09-25,sh.600016,4.0001144,4.0075773,3.9478741,3.9627999,4.0075773,84297812,448966780.43,0.2377,1,-1.1173,0
2020-09-28,sh.600016,3.9627999,3.9851886,3.9627999,3.9777257,3.9627999,38934553,207255764.03,0.1098,1,0.3766,0
2020-09-29,sh.600016,3.9851886,3.9926515,3.955337,3.955337,3.9777257,41682451,222075267.5,0.1175,1,-0.5629,0
2020-09-30,sh.600016,3.9702628,3.9851886,3.9478741,3.955337,3.955337,54891599,291700982.87,0.1548,1,0.0,0
2020-10-09,sh.600016,3.955337,3.9777257,3.9478741,3.955337,3.955337,89559280,475466735.11,0.2525,1,0.0,0
2020-10-12,sh.600016,3.9627999,4.0225031,3.9478741,4.0075773,3.955337,120768377,646291827.99,0.3406,1,1.3208,0
2020-10-13,sh.600016,4.0075773,4.0075773,3.9777257,3.9851886,4.0075773,66902688,357392953.53,0.1887,1,-0.5587,0
2020-10-14,sh.600016,3.9851886,4.0001144,3.9627999,3.9777257,3.9851886,58747131,312967235.02,0.1657,1,-0.1873,0
2020-10-15,sh.600016,3.9702628,4.0225031,3.9627999,3.9926515,3.9777257,82375142,441088980.19,0.2323,1,0.3752,0
2020-10-16,sh.600016,3.9851886,4.0523547,3.9851886,4.0225031,3.9926515,124862325,672643577.15,0.3521,1,0.7477,0
2020-10-19,sh.600016,4.0374289,4.1120579,4.0150402,4.029966,4.0225031,167153977,910235009.77,0.4714,1,0.1855,0
2020-10-20,sh.600016,4.0225031,4.0225031,3.9851886,3.9926515,4.029966,82940393,444139495.22,0.2339,1,-0.9259,0
2020-10-21,sh.600016,3.9926515,4.0374289,3.9702628,4.029966,3.9926515,121220357,650757897.58,0.3418,1,0.9346,0
2020-10-22,sh.600016,4.0225031,4.0747434,4.0001144,4.029966,4.029966,81059259,436843049.82,0.2286,1,0.0,0
2020-10-23,sh.600016,4.0150402,4.0747434,4.0150402,4.0448918,4.029966,125323628,680064982.56,0.3534,1,0.3704,0
2020-10-26,sh.600016,4.0598176,4.0672805,4.0001144,4.0075773,4.0448918,95988290,517779078.62,0.2707,1,-0.9225,0
2020-10-27,sh.600016,4.0001144,4.0001144,3.9702628,3.9702628,4.0075773,76855253,410112806.75,0.2167,1,-0.9311,0
2020-10-28,sh.600016,3.9702628,3.9777257,3.9478741,3.955337,3.9702628,84089257,445944454.02,0.2371,1,-0.3759,0
2020-10-29,sh.600016,3.9329483,3.9627999,3.9254854,3.9404112,3.955337,66806021,353019034.12,0.1884,1,-0.3774,0
2020-10-30,sh.600016,3.9404112,3.9851886,3.9254854,3.9404112,3.9404112,72007648,381182527.33,0.2031,1,0.0,0
2020-11-02,sh.600016,3.880708,3.8881709,3.8210048,3.8284677,3.9404112,188489399,973180103.81,0.5315,1,-2.8409,0
2020-11-03,sh.600016,3.8284677,3.880708,3.8210048,3.8508564,3.8284677,76992619,397922908.3,0.2171,1,0.5848,0
2020-11-04,sh.600016,3.8657822,3.8732451,3.8284677,3.8433935,3.8508564,67670386,349211296.51,0.1908,1,-0.1938,0
2020-11-05,sh.600016,3.8583193,3.8732451,3.8433935,3.8583193,3.8433935,59261007,306349773.93,0.1671,1,0.3883,0
2020-11-06,sh.600016,3.8657822,3.880708,3.8508564,3.8583193,3.8583193,68270681,353326049.52,0.1925,1,0.0,0
2020-11-09,sh.600016,3.880708,3.9105596,3.8732451,3.8956338,3.8583193,93721112,488391550.23,0.2643,1,0.9671,0
2020-11-10,sh.600016,3.9180225,3.9478741,3.8881709,3.8956338,3.8956338,86762684,455348030.77,0.2447,1,0.0,0
2020-11-11,sh.600016,3.8881709,3.9254854,3.8657822,3.9030967,3.8956338,87357247,455692815.82,0.2463,1,0.1916,0
2020-11-12,sh.600016,3.8956338,3.9105596,3.8583193,3.8583193,3.9030967,85302855,442681236.41,0.2405,1,-1.1472,0
2020-11-13,sh.600016,3.8583193,3.8583193,3.8210048,3.8284677,3.8583193,86073326,442192368.85,0.2427,1,-0.7737,0
2020-11-16,sh.600016,3.8433935,3.8583193,3.8359306,3.8508564,3.8284677,72996135,376141164.05,0.2058,1,0.5848,0
2020-11-17,sh.600016,3.8508564,3.8657822,3.8359306,3.8583193,3.8508564,70288225,362374520.96,0.1982,1,0.1938,0
2020-11-18,sh.600016,3.8508564,3.9105596,3.8433935,3.8881709,3.8583193,118935612,619554430.36,0.3354,1,0.7737,0
2020-11-19,sh.600016,3.8881709,3.9030967,3.8732451,3.8881709,3.8881709,66677039,347041097.3,0.188,1,0.0,0
2020-11-20,sh.600016,3.880708,3.880708,3.8508564,3.8732451,3.8881709,60545748,313400439.1,0.1707,1,-0.3839,0
2020-11-23,sh.600016,3.8657822,3.9180225,3.8583193,3.9030967,3.8732451,123213357,643564183.75,0.3475,1,0.7707,0
2020-11-24,sh.600016,3.9105596,3.9254854,3.8881709,3.8881709,3.9030967,83424218,436630656.47,0.2352,1,-0.3824,0
2020-11-25,sh.600016,3.8956338,3.9254854,3.8732451,3.880708,3.8881709,113325614,592435036.87,0.3196,1,-0.1919,0
2020-11-26,sh.600016,3.880708,3.9105596,3.8732451,3.9030967,3.880708,69917728,364757298.51,0.1972,1,0.5769,0
2020-11-27,sh.600016,3.9105596,3.9926515,3.9030967,3.9926515,3.9030967,189523671,1001410525.22,0.5344,1,2.2945,0
2020-11-30,sh.600016,4.0075773,4.104595,3.955337,3.955337,3.9926515,293782320,1592784581.43,0.8284,1,-0.9346,0
2020-12-01,sh.600016,3.9478741,4.0523547,3.9329483,4.0374289,3.955337,171980368,923323895.47,0.485,1,2.0755,0
2020-12-02,sh.600016,4.0448918,4.0598176,4.0001144,4.0075773,4.0374289,106038755,571528487.28,0.299,1,-0.7394,0
2020-12-03,sh.600016,4.0150402,4.0448918,3.9926515,4.0225031,4.0075773,99272711,534666926.37,0.2799,1,0.3724,0
2020-12-04,sh.600016,4.0150402,4.0150402,3.955337,4.0001144,4.0225031,113652360,607115212.48,0.3205,1,-0.5566,0
2020-12-07,sh.600016,3.9926515,4.0001144,3.9254854,3.9404112,4.0001144,98016546,519307107.3,0.2764,1,-1.4925,0
2020-12-08,sh.600016,3.955337,3.9851886,3.9404112,3.9702628,3.9404112,81814963,435771236.93,0.2307,1,0.7576,0
2020-12-09,sh.600016,3.9926515,4.029966,3.9851886,4.0001144,3.9702628,131917807,709653664.89,0.372,1,0.7519,0
2020-12-10,sh.600016,4.0075773,4.0150402,3.9404112,3.955337,4.0001144,79535015,423080747.23,0.2243,1,-1.1194,0
2020-12-11,sh.600016,3.9702628,3.9926515,3.8732451,3.8732451,3.955337,114968677,606222472.19,0.3242,1,-2.0755,0
2020-12-14,sh.600016,3.9105596,3.9478741,3.8881709,3.8956338,3.8732451,82644496,432726170.09,0.2331,1,0.578,0
2020-12-15,sh.600016,3.9030967,3.9030967,3.8583193,3.8657822,3.8956338,79656939,412957329.99,0.2246,1,-0.7663,0
2020-12-16,sh.600016,3.8732451,3.8956338,3.8657822,3.8732451,3.8657822,53865225,280089343.92,0.1519,1,0.1931,0
2020-12-17,sh.600016,3.8732451,3.9030967,3.8508564,3.8956338,3.8732451,64897414,336835514.51,0.183,1,0.578,0
2020-12-18,sh.600016,3.8881709,3.9030967,3.8583193,3.880708,3.8956338,55477688,288374041.0,0.1564,1,-0.3831,0
2020-12-21,sh.600016,3.8732451,3.880708,3.8433935,3.8583193,3.880708,64786682,335280085.89,0.1827,1,-0.5769,0
2020-12-22,sh.600016,3.8583193,3.8657822,3.8210048,3.8210048,3.8583193,85745729,441249214.68,0.2418,1,-0.9671,0
2020-12-23,sh.600016,3.8284677,3.8359306,3.8135419,3.8210048,3.8210048,59984367,307196215.51,0.1692,1,0.0,0
2020-12-24,sh.600016,3.8284677,3.8583193,3.8210048,3.8359306,3.8210048,62517708,321623189.57,0.1763,1,0.3906,0
2020-12-25,sh.600016,3.8508564,3.8657822,3.8433935,3.8657822,3.8359306,47291755,244360989.76,0.1334,1,0.7782,0
2020-12-28,sh.600016,3.8657822,3.8657822,3.8359306,3.8508564,3.8657822,60779943,313678667.39,0.1714,1,-0.3861,0
2020-12-29,sh.600016,3.8508564,3.8657822,3.8433935,3.8508564,3.8508564,48866961,252399799.9,0.1378,1,0.0,0
2020-12-30,sh.600016,3.8508564,3.8583193,3.8284677,3.8583193,3.8508564,49521983,255195169.77,0.1396,1,0.1938,0
2020-12-31,sh.600016,3.8583193,3.8956338,3.8433935,3.880708,3.8583193,80366763,417901769.26,0.2266,1,0.5803,0
2021-01-04,sh.600016,3.8881709,3.8956338,3.8508564,3.880708,3.880708,86280514,447772745.38,0.2433,1,0.0,0
2021-01-05,sh.600016,3.8732451,3.880708,3.8433935,3.8583193,3.880708,83085049,429517246.02,0.2343,1,-0.5769,0
2021-01-06,sh.600016,3.8508564,3.8881709,3.8508564,3.8732451,3.8583193,70155001,363751381.12,0.1978,1,0.3868,0
2021-01-07,sh.600016,3.8881709,3.8956338,3.8433935,3.880708,3.8732451,89178602,462143813.58,0.2515,1,0.1927,0
2021-01-08,sh.600016,3.880708,3.9105596,3.8657822,3.8881709,3.880708,98886697,514856903.27,0.2789,1,0.1923,0
2021-01-11,sh.600016,3.8881709,3.9030967,3.8433935,3.8433935,3.8881709,114780525,595381322.55,0.3237,1,-1.1516,0
2021-01-12,sh.600016,3.8508564,3.8732451,3.8284677,3.8732451,3.8433935,89283425,459710151.89,0.2518,1,0.7767,0
2021-01-13,sh.600016,3.8732451,3.880708,3.8433935,3.8732451,3.8732451,95248233,492817304.24,0.2686,1,0.0,0
2021-01-14,sh.600016,3.8657822,3.9030967,3.8508564,3.8732451,3.8732451,101894135,529530411.27,0.2873,1,0.0,0
2021-01-15,sh.600016,3.8881709,3.9926515,3.8881709,3.9105596,3.8732451,204543879,1079987532.12,0.5768,1,0.9634,0
2021-01-18,sh.600016,3.9105596,3.9329483,3.8881709,3.9030967,3.9105596,120276580,630138849.33,0.3392,1,-0.1908,0
2021-01-19,sh.600016,3.9180225,3.9478741,3.8881709,3.9329483,3.9030967,115638978,607674874.44,0.3261,1,0.7648,0
2021-01-20,sh.600016,3.9254854,3.9478741,3.8881709,3.8956338,3.9329483,101989224,534602514.68,0.2876,1,-0.9488,0
2021-01-21,sh.600016,3.8956338,3.9180225,3.880708,3.8881709,3.8956338,81555115,425924285.09,0.23,1,-0.1916,0
2021-01-22,sh.600016,3.8881709,3.8956338,3.8359306,3.8359306,3.8881709,112419196,580562905.25,0.317,1,-1.3436,0
2021-01-25,sh.600016,3.8433935,3.8433935,3.8210048,3.8284677,3.8359306,84618992,434225828.9,0.2386,1,-0.1946,0
2021-01-26,sh.600016,3.8284677,3.8583193,3.8210048,3.8284677,3.8284677,74459732,383015771.7,0.21,1,0.0,0
2021-01-27,sh.600016,3.8433935,3.8732451,3.8284677,3.8359306,3.8284677,78475112,404660884.24,0.2213,1,0.1949,0
2021-01-28,sh.600016,3.8284677,3.8359306,3.7911532,3.8210048,3.8359306,116330319,593851383.9,0.328,1,-0.3891,0
2021-01-29,sh.600016,3.8210048,3.8359306,3.7986161,3.8135419,3.8210048,78503373,401163424.17,0.2214,1,-0.1953,0
2021-02-01,sh.600016,3.8135419,3.8508564,3.7911532,3.8359306,3.8135419,98819243,505370705.0,0.2787,1,0.5871,0
2021-02-02,sh.600016,3.8359306,3.8508564,3.7986161,3.806079,3.8359306,80789259,413579432.31,0.2278,1,-0.7782,0
2021-02-03,sh.600016,3.806079,3.8210048,3.7836903,3.7986161,3.806079,78683770,400730360.33,0.2219,1,-0.1961,0
2021-02-04,sh.600016,3.7911532,3.8210048,3.7762274,3.7911532,3.7986161,89266925,453464111.33,0.2517,1,-0.1965,0
2021-02-05,sh.600016,3.7911532,3.8732451,3.7762274,3.8583193,3.7911532,187058340,962392228.91,0.5275,1,1.7717,0
2021-02-08,sh.600016,3.8657822,3.8732451,3.8359306,3.8508564,3.8583193,109707723,566817758.13,0.3094,1,-0.1934,0
2021-02-09,sh.600016,3.8508564,3.8508564,3.8135419,3.8359306,3.8508564,74950033,384576440.79,0.2114,1,-0.3876,0
2021-02-10,sh.600016,3.8284677,3.880708,3.8284677,3.8508564,3.8359306,97211793,502022013.55,0.2741,1,0.3891,0
2021-02-18,sh.600016,3.8881709,3.9404112,3.8881709,3.9030967,3.8508564,167824171,879123111.49,0.4732,1,1.3566,0
2021-02-19,sh.600016,3.9030967,3.9478741,3.8881709,3.9180225,3.9030967,137097905,720900800.49,0.3866,1,0.3824,0
2021-02-22,sh.600016,3.9180225,3.9702628,3.9030967,3.9180225,3.9180225,229892442,1212051633.92,0.6483,1,0.0,0
2021-02-23,sh.600016,3.9180225,3.955337,3.9030967,3.9030967,3.9180225,121165342,637689704.26,0.3417,1,-0.381,0
2021-02-24,sh.600016,3.9180225,3.9329483,3.8657822,3.8732451,3.9030967,130973170,684327713.49,0.3693,1,-0.7648,0
2021-02-25,sh.600016,3.8881709,3.9329483,3.880708,3.9180225,3.8732451,138226063,723612833.89,0.3898,1,1.1561,0
2021-02-26,sh.600016,3.8956338,3.9254854,3.8657822,3.8657822,3.9180225,139048978,725174536.66,0.3921,1,-1.3333,0
2021-03-01,sh.600016,3.880708,3.8881709,3.8583193,3.8583193,3.8657822,71244195,369126102.17,0.2009,1,-0.1931,0
2021-03-02,sh.600016,3.8657822,3.8732451,3.8284677,3.8359306,3.8583193,83427355,430508066.64,0.2353,1,-0.5803,0
2021-03-03,sh.600016,3.8433935,3.9105596,3.8359306,3.8956338,3.8359306,116708190,607130462.74,0.3291,1,1.5564,0
2021-03-04,sh.600016,3.880708,3.9180225,3.880708,3.8956338,3.8956338,117659012,614628494.45,0.3318,1,0.0,0
2021-03-05,sh.600016,3.8956338,3.9105596,3.8657822,3.9030967,3.8956338,97416789,507636277.55,0.2747,1,0.1916,0
2021-03-08,sh.600016,3.9030967,3.9329483,3.8732451,3.880708,3.9030967,131264704,685999986.36,0.3702,1,-0.5736,0
2021-03-09,sh.600016,3.8881709,3.9105596,3.8508564,3.8657822,3.880708,133899308,696298889.22,0.3776,1,-0.3846,0
2021-03-10,sh.600016,3.8732451,3.8956338,3.8583193,3.8732451,3.8657822,92937498,483279523.05,0.2621,1,0.1931,0
2021-03-11,sh.600016,3.8881709,3.9254854,3.880708,3.9030967,3.8732451,135633436,709738223.98,0.3825,1,0.7707,0
2021-03-12,sh.600016,3.9030967,3.9329483,3.8881709,3.9254854,3.9030967,131255696,688652428.69,0.3701,1,0.5736,0
2021-03-15,sh.600016,3.9254854,3.955337,3.9105596,3.9404112,3.9254854,156941719,828566796.02,0.4426,1,0.3802,0
2021-03-16,sh.600016,3.9478741,3.9702628,3.9329483,3.9478741,3.9404112,104019397,550430091.68,0.2933,1,0.1894,0
2021-03-17,sh.600016,3.9404112,3.9478741,3.9105596,3.9105596,3.9478741,90504464,475718304.4,0.2552,1,-0.9452,0
2021-03-18,sh.600016,3.9180225,3.9404112,3.9105596,3.9180225,3.9105596,82361211,432960893.88,0.2323,1,0.1908,0
2021-03-19,sh.600016,3.9180225,3.9329483,3.8284677,3.8284677,3.9180225,231060560,1196551165.64,0.6516,1,-2.2857,0
2021-03-22,sh.600016,3.8433935,3.8956338,3.8433935,3.8956338,3.8284677,101290216,526082916.41,0.2856,1,1.7544,0
2021-03-23,sh.600016,3.8956338,3.9254854,3.8881709,3.9030967,3.8956338,81513688,426046234.64,0.2299,1,0.1916,0
2021-03-24,sh.600016,3.8956338,3.9105596,3.880708,3.8881709,3.9030967,73554759,384050155.86,0.2074,1,-0.3824,0
2021-03-25,sh.600016,3.9030967,3.9105596,3.8657822,3.8657822,3.8881709,64144307,334006234.25,0.1809,1,-0.5758,0
2021-03-26,sh.600016,3.8732451,3.8881709,3.8583193,3.8657822,3.8657822,65014665,337191262.62,0.1833,1,0.0,0
2021-03-29,sh.600016,3.8732451,3.9105596,3.8583193,3.9105596,3.8657822,123205113,641334123.97,0.3474,1,1.1583,0
2021-03-30,sh.600016,3.9105596,3.9329483,3.8956338,3.9329483,3.9105596,100109142,524516155.8,0.2823,1,0.5725,0
2021-03-31,sh.600016,3.7538387,3.7836903,3.7090613,3.7687645,3.9329483,389552736,1955546283.82,1.0985,1,-4.1746,0
2021-04-01,sh.600016,3.7538387,3.7613016,3.73145,3.7389129,3.7687645,125922470,631869051.82,0.3551,1,-0.7921,0
2021-04-02,sh.600016,3.7389129,3.7463758,3.7165242,3.7239871,3.7389129,125131571,624697164.19,0.3529,1,-0.3992,0
2021-04-06,sh.600016,3.7239871,3.7239871,3.7015984,3.7090613,3.7239871,101055994,502375920.49,0.285,1,-0.4008,0
2021-04-07,sh.600016,3.7015984,3.7015984,3.6717468,3.6792097,3.7090613,105822169,522424627.62,0.2984,1,-0.8048,0
2021-04-08,sh.600016,3.6717468,3.6941355,3.6717468,3.6866726,3.6792097,65772801,324599947.63,0.1855,1,0.2028,0
2021-04-09,sh.600016,3.6792097,3.6941355,3.6717468,3.6866726,3.6866726,50259811,247840631.65,0.1417,1,0.0,0
2021-04-12,sh.600016,3.6717468,3.7090613,3.6717468,3.6941355,3.6866726,98093477,485348605.13,0.2766,1,0.2024,0
2021-04-13,sh.600016,3.6941355,3.7090613,3.6866726,3.7015984,3.6941355,56307729,279022335.55,0.1588,1,0.202,0
2021-04-14,sh.600016,3.7015984,3.7090613,3.6866726,3.6866726,3.7015984,39331710,194902449.54,0.1109,1,-0.4032,0
2021-04-15,sh.600016,3.6866726,3.7015984,3.6642839,3.6717468,3.6866726,67695991,333150521.88,0.1909,1,-0.4049,0
2021-04-16,sh.600016,3.6717468,3.6941355,3.6717468,3.6866726,3.6717468,39102182,192942317.72,0.1103,1,0.4065,0
2021-04-19,sh.600016,3.6866726,3.7015984,3.6792097,3.6941355,3.6866726,62176886,307640405.47,0.1753,1,0.2024,0
2021-04-20,sh.600016,3.6941355,3.7015984,3.6792097,3.6866726,3.6941355,53218575,263007156.95,0.1501,1,-0.202,0
2021-04-21,sh.600016,3.6866726,3.7015984,3.6717468,3.6792097,3.6866726,68286386,337315775.58,0.1926,1,-0.2024,0
2021-04-22,sh.600016,3.6792097,3.6866726,3.6344323,3.6344323,3.6792097,131117374,641938696.72,0.3697,1,-1.217,0
2021-04-23,sh.600016,3.6344323,3.6493581,3.6195065,3.6269694,3.6344323,60252125,292963821.61,0.1699,1,-0.2053,0
2021-04-26,sh.600016,3.6344323,3.6344323,3.5971178,3.5971178,3.6269694,58289723,282906741.9,0.1644,1,-0.823,0
2021-04-27,sh.600016,3.5971178,3.5971178,3.5374146,3.5374146,3.5971178,84237194,401995242.34,0.2375,1,-1.6598,0
2021-04-28,sh.600016,3.5374146,3.5448775,3.4851743,3.4926372,3.5374146,89608509,420476134.41,0.2527,1,-1.2658,0
2021-04-29,sh.600016,3.4926372,3.5523404,3.4702485,3.5448775,3.4926372,71292038,335958342.25,0.201,1,1.4957,0
2021-04-30,sh.600016,3.5448775,3.5448775,3.4926372,3.507563,3.5448775,77300866,364501251.42,0.218,1,-1.0526,0
2021-05-06,sh.600016,3.507563,3.5523404,3.5001001,3.507563,3.507563,87477670,413172447.99,0.2467,1,0.0,0
2021-05-07,sh.600016,3.507563,3.5224888,3.4851743,3.4926372,3.507563,89760852,421193002.55,0.2531,1,-0.4255,0
2021-05-10,sh.600016,3.4926372,3.5001001,3.4180082,3.4403969,3.4926372,126527353,584792533.62,0.3568,1,-1.4957,0
2021-05-11,sh.600016,3.432934,3.4478598,3.4180082,3.4478598,3.4403969,72179681,332039831.34,0.2035,1,0.2169,0
2021-05-12,sh.600016,3.4403969,3.4702485,3.4254711,3.4627856,3.4478598,76324369,353366420.16,0.2152,1,0.4329,0
2021-05-13,sh.600016,3.4553227,3.4702485,3.4478598,3.4553227,3.4627856,55370885,256426207.83,0.1561,1,-0.2155,0
2021-05-14,sh.600016,3.4627856,3.5001001,3.4478598,3.4926372,3.4553227,87345963,406733908.74,0.2463,1,1.0799,0
2021-05-17,sh.600016,3.4851743,3.5150259,3.4777114,3.5001001,3.4926372,70272896,329826234.08,0.1982,1,0.2137,0
2021-05-18,sh.600016,3.5001001,3.507563,3.4777114,3.4926372,3.5001001,35181953,164596329.23,0.0992,1,-0.2132,0
2021-05-19,sh.600016,3.507563,3.5150259,3.4851743,3.5001001,3.4926372,60945555,285519758.07,0.1719,1,0.2137,0
2021-05-20,sh.600016,3.5001001,3.5001001,3.4777114,3.5001001,3.5001001,59004553,275988647.34,0.1664,1,0.0,0
2021-05-21,sh.600016,3.4926372,3.507563,3.4851743,3.4926372,3.5001001,54952790,257582354.43,0.155,1,-0.2132,0
2021-05-24,sh.600016,3.4926372,3.507563,3.4851743,3.4926372,3.4926372,43213960,202269410.41,0.1219,1,0.0,0
2021-05-25,sh.600016,3.4926372,3.5448775,3.4777114,3.5374146,3.4926372,118878118,559939024.31,0.3352,1,1.2821,0
2021-05-26,sh.600016,3.5224888,3.5448775,3.5150259,3.5299517,3.5374146,96645560,457607035.28,0.2725,1,-0.211,0
2021-05-27,sh.600016,3.5374146,3.5448775,3.5150259,3.5374146,3.5299517,108655845,513957503.93,0.3064,1,0.2114,0
2021-05-28,sh.600016,3.5299517,3.5374146,3.5150259,3.5224888,3.5374146,88517847,418143466.51,0.2496,1,-0.4219,0
2021-05-31,sh.600016,3.5299517,3.5299517,3.507563,3.5224888,3.5224888,59476776,280415931.63,0.1677,1,0.0,0
2021-06-01,sh.600016,3.5224888,3.5224888,3.4926372,3.5001001,3.5224888,51843228,243301148.74,0.1462,1,-0.6356,0
2021-06-02,sh.600016,3.507563,3.507563,3.4851743,3.5001001,3.5001001,49584113,232049745.97,0.1398,1,0.0,0
2021-06-03,sh.600016,3.5001001,3.5150259,3.4926372,3.4926372,3.5001001,50150625,235324469.9,0.1414,1,-0.2132,0
2021-06-04,sh.600016,3.4926372,3.5299517,3.4851743,3.5001001,3.4926372,70889620,332866542.97,0.1999,1,0.2137,0
2021-06-07,sh.600016,3.507563,3.507563,3.4851743,3.4926372,3.5001001,49300049,230623097.27,0.139,1,-0.2132,0
2021-06-08,sh.600016,3.4926372,3.5001001,3.4777114,3.5001001,3.4926372,51893758,242752424.76,0.1463,1,0.2137,0
2021-06-09,sh.600016,3.4926372,3.507563,3.4851743,3.4851743,3.5001001,54893470,256823227.47,0.1548,1,-0.4264,0
2021-06-10,sh.600016,3.4926372,3.5001001,3.4777114,3.4851743,3.4851743,66012970,308458041.46,0.1862,1,0.0,0
2021-06-11,sh.600016,3.4851743,3.4926372,3.4627856,3.4851743,3.4851743,86270934,401973237.22,0.2433,1,0.0,0
2021-06-15,sh.600016,3.4777114,3.4851743,3.4403969,3.4403969,3.4851743,67981815,314654231.06,0.1917,1,-1.2848,0
2021-06-16,sh.600016,3.4403969,3.4627856,3.432934,3.4627856,3.4403969,46441375,214850041.26,0.131,1,0.6508,0
2021-06-17,sh.600016,3.4627856,3.4627856,3.4403969,3.4478598,3.4627856,37982730,175762739.0,0.1071,1,-0.431,0
2021-06-18,sh.600016,3.4553227,3.4627856,3.4478598,3.4627856,3.4478598,67052166,310603206.15,0.1891,1,0.4329,0
2021-06-21,sh.600016,3.4627856,3.4627856,3.4478598,3.4627856,3.4627856,46296661,214477414.08,0.1306,1,0.0,0
2021-06-22,sh.600016,3.4627856,3.4702485,3.4478598,3.4627856,3.4627856,72156670,334545900.27,0.2035,1,0.0,0
2021-06-23,sh.600016,3.4627856,3.4702485,3.4553227,3.4553227,3.4627856,66318689,307502692.84,0.187,1,-0.2155,0
2021-06-24,sh.600016,3.47096112,3.4787786,3.44750868,3.47096112,3.45532616,72534074,321637141.63,0.2045,1,0.4525,0
2021-06-25,sh.600016,3.47096112,3.49441356,3.46314364,3.48659608,3.47096112,68632317,305599579.99,0.1935,1,0.4505,0
2021-06-28,sh.600016,3.4787786,3.48659608,3.46314364,3.4787786,3.48659608,45383926,201648445.76,0.128,1,-0.2242,0
2021-06-29,sh.600016,3.47096112,3.4787786,3.44750868,3.44750868,3.4787786,46902813,207617565.86,0.1323,1,-0.8989,0
2021-06-30,sh.600016,3.45532616,3.47096112,3.44750868,3.44750868,3.44750868,32329060,142911475.66,0.0912,1,0.0,0
2021-07-01,sh.600016,3.45532616,3.46314364,3.44750868,3.44750868,3.44750868,46536252,205664252.2,0.1312,1,0.0,0
2021-07-02,sh.600016,3.44750868,3.45532616,3.42405624,3.43187372,3.44750868,59320232,260981470.01,0.1673,1,-0.4535,0
2021-07-05,sh.600016,3.4396912,3.4396912,3.40842128,3.42405624,3.43187372,60000009,262270227.6,0.1692,1,-0.2278,0
2021-07-06,sh.600016,3.41623876,3.43187372,3.4006038,3.42405624,3.42405624,69927798,305679028.01,0.1972,1,0.0,0
2021-07-07,sh.600016,3.41623876,3.43187372,3.40842128,3.41623876,3.42405624,43254030,189091788.82,0.122,1,-0.2283,0
2021-07-08,sh.600016,3.42405624,3.42405624,3.39278632,3.4006038,3.41623876,55836635,243270359.69,0.1575,1,-0.4577,0
2021-07-09,sh.600016,3.4006038,3.41623876,3.38496884,3.39278632,3.4006038,63088961,274254682.03,0.1779,1,-0.2299,0
2021-07-12,sh.600016,3.40842128,3.41623876,3.39278632,3.39278632,3.39278632,62425351,271719902.32,0.176,1,0.0,0
2021-07-13,sh.600016,3.4006038,3.40842128,3.38496884,3.39278632,3.39278632,55465380,241093634.18,0.1564,1,0.0,0
2021-07-14,sh.600016,3.4006038,3.4006038,3.31461152,3.322429,3.39278632,133865520,573433701.6,0.3775,1,-2.0737,0
2021-07-15,sh.600016,3.31461152,3.35369892,3.29897656,3.33806396,3.322429,70743719,301571613.98,0.1995,1,0.4706,0
2021-07-16,sh.600016,3.33024648,3.33806396,3.30679404,3.31461152,3.33806396,62246204,264441676.95,0.1755,1,-0.7026,0
2021-07-19,sh.600016,3.29897656,3.30679404,3.25988916,3.29115908,3.31461152,94998836,398268194.69,0.2679,1,-0.7075,0
2021-07-20,sh.600016,3.27552412,3.2833416,3.25988916,3.25988916,3.29115908,48942418,204543999.71,0.138,1,-0.9501,0
2021-07-21,sh.600016,3.26770664,3.2833416,3.25988916,3.26770664,3.25988916,51801814,216821940.77,0.1461,1,0.2398,0
2021-07-22,sh.600016,3.27552412,3.30679404,3.26770664,3.29115908,3.26770664,54094653,228017326.76,0.1525,1,0.7177,0
2021-07-23,sh.600016,3.29115908,3.29897656,3.27552412,3.2833416,3.29115908,39135384,164594251.8,0.1104,1,-0.2375,0
2021-07-26,sh.600016,3.2833416,3.2833416,3.21298428,3.22080176,3.2833416,92020511,381335947.15,0.2595,1,-1.9048,0
2021-07-27,sh.600016,3.22080176,3.23643672,3.1660794,3.1660794,3.22080176,70758927,289520746.14,0.1995,1,-1.699,0
2021-07-28,sh.600016,3.17389688,3.21298428,3.1660794,3.17389688,3.1660794,75284615,306983801.24,0.2123,1,0.2469,0
2021-07-29,sh.600016,3.18953184,3.19734932,3.13480948,3.13480948,3.17389688,78503570,316416005.99,0.2214,1,-1.2315,0
2021-07-30,sh.600016,3.126992,3.13480948,3.09572208,3.11135704,3.13480948,66705092,265455801.99,0.1881,1,-0.7481,0
2021-08-02,sh.600016,3.11135704,3.1660794,3.0879046,3.13480948,3.11135704,80083494,320128772.82,0.2258,1,0.7538,0
2021-08-03,sh.600016,3.126992,3.13480948,3.10353956,3.11917452,3.13480948,56689953,225799562.26,0.1599,1,-0.4988,0
2021-08-04,sh.600016,3.126992,3.126992,3.10353956,3.11135704,3.11917452,45808826,182596622.68,0.1292,1,-0.2506,0
2021-08-05,sh.600016,3.11135704,3.13480948,3.10353956,3.11135704,3.11135704,37788289,150732704.77,0.1066,1,0.0,0
2021-08-06,sh.600016,3.11135704,3.11917452,3.09572208,3.11135704,3.11135704,35091312,139323157.72,0.099,1,0.0,0
2021-08-09,sh.600016,3.11135704,3.15826192,3.10353956,3.15044444,3.11135704,72644758,292176338.79,0.2049,1,1.2563,0
2021-08-10,sh.600016,3.15044444,3.1660794,3.126992,3.15826192,3.15044444,63100735,253473736.06,0.1779,1,0.2481,0
2021-08-11,sh.600016,3.15044444,3.18953184,3.14262696,3.15826192,3.15826192,67376475,272901244.16,0.19,1,0.0,0
2021-08-12,sh.600016,3.15044444,3.15826192,3.14262696,3.14262696,3.15826192,37569626,151348618.52,0.1059,1,-0.495,0
2021-08-13,sh.600016,3.14262696,3.14262696,3.126992,3.13480948,3.14262696,37793286,151558643.33,0.1066,1,-0.2488,0
2021-08-16,sh.600016,3.13480948,3.15826192,3.13480948,3.15044444,3.13480948,56546199,227352856.58,0.1595,1,0.4988,0
2021-08-17,sh.600016,3.14262696,3.15826192,3.11917452,3.11917452,3.15044444,66833743,268299257.24,0.1885,1,-0.9926,0
2021-08-18,sh.600016,3.11917452,3.1660794,3.11135704,3.15826192,3.11917452,87976690,353933215.58,0.2481,1,1.2531,0
2021-08-19,sh.600016,3.15826192,3.15826192,3.126992,3.13480948,3.15826192,59157321,237525476.75,0.1668,1,-0.7426,0
2021-08-20,sh.600016,3.13480948,3.15044444,3.126992,3.13480948,3.13480948,69231767,277917267.96,0.1952,1,0.0,0
2021-08-23,sh.600016,3.13480948,3.14262696,3.126992,3.126992,3.13480948,51712085,207418100.0,0.1458,1,-0.2494,0
2021-08-24,sh.600016,3.126992,3.14262696,3.11135704,3.126992,3.126992,74109796,296298795.21,0.209,1,0.0,0
2021-08-25,sh.600016,3.13480948,3.13480948,3.11917452,3.11917452,3.126992,47071926,188067849.94,0.1327,1,-0.25,0
2021-08-26,sh.600016,3.11917452,3.126992,3.11135704,3.11135704,3.11917452,46489789,185234607.86,0.1311,1,-0.2506,0
2021-08-27,sh.600016,3.11135704,3.126992,3.11135704,3.11917452,3.11135704,47670260,190148104.8,0.1344,1,0.2513,0
2021-08-30,sh.600016,3.11135704,3.11917452,3.08008712,3.0879046,3.11917452,93439311,369937069.4,0.2635,1,-1.0025,0
2021-08-31,sh.600016,3.0879046,3.11135704,3.08008712,3.10353956,3.0879046,77894545,308119148.22,0.2197,1,0.5063,0
2021-09-01,sh.600016,3.10353956,3.1660794,3.0879046,3.15826192,3.10353956,148131420,594406100.42,0.4177,1,1.7632,0
2021-09-02,sh.600016,3.15044444,3.17389688,3.14262696,3.17389688,3.15826192,98260448,397386337.74,0.2771,1,0.495,0
2021-09-03,sh.600016,3.17389688,3.2833416,3.15826192,3.22861924,3.17389688,194639730,804014800.24,0.5489,1,1.7241,0
2021-09-06,sh.600016,3.22080176,3.25988916,3.21298428,3.22080176,3.22861924,99949923,412941809.39,0.2818,1,-0.2421,0
2021-09-07,sh.600016,3.22080176,3.25207168,3.2051668,3.22861924,3.22080176,114466059,471993179.16,0.3228,1,0.2427,0
2021-09-08,sh.600016,3.22861924,3.2442542,3.22080176,3.23643672,3.22861924,107193687,443598503.12,0.3023,1,0.2421,0
2021-09-09,sh.600016,3.23643672,3.25207168,3.21298428,3.2442542,3.23643672,122988352,508771435.56,0.3468,1,0.2415,0
2021-09-10,sh.600016,3.2442542,3.29897656,3.23643672,3.25207168,3.2442542,187033976,780427240.86,0.5274,1,0.241,0
2021-09-13,sh.600016,3.2442542,3.2442542,3.21298428,3.22080176,3.25207168,142926721,589642049.83,0.403,1,-0.9615,0
2021-09-14,sh.600016,3.22861924,3.22861924,3.14262696,3.15044444,3.22080176,193391103,787233848.15,0.5453,1,-2.1845,0
2021-09-15,sh.600016,3.15044444,3.15826192,3.13480948,3.14262696,3.15044444,97422724,391515891.34,0.2747,1,-0.2481,0
2021-09-16,sh.600016,3.14262696,3.15044444,3.10353956,3.11135704,3.14262696,143373377,573878936.26,0.4043,1,-0.995,0
2021-09-17,sh.600016,3.11135704,3.11917452,3.0879046,3.10353956,3.11135704,118757637,471030968.06,0.3349,1,-0.2513,0
2021-09-22,sh.600016,3.0488172,3.05663468,3.01754728,3.0488172,3.10353956,127734978,496561464.0,0.3602,1,-1.7632,0
2021-09-23,sh.600016,3.07226964,3.11135704,3.06445216,3.08008712,3.0488172,99523941,392593466.19,0.2806,1,1.0256,0
2021-09-24,sh.600016,3.08008712,3.0879046,3.0488172,3.05663468,3.08008712,79494981,312003839.04,0.2242,1,-0.7614,0
2021-09-27,sh.600016,3.05663468,3.06445216,3.02536476,3.03318224,3.05663468,85508582,332259610.39,0.2411,1,-0.7673,0
2021-09-28,sh.600016,3.04099972,3.07226964,3.03318224,3.05663468,3.03318224,69375875,271164150.33,0.1956,1,0.7732,0
2021-09-29,sh.600016,3.0488172,3.07226964,3.03318224,3.07226964,3.05663468,85689196,334591623.01,0.2416,1,0.5115,0
2021-09-30,sh.600016,3.06445216,3.07226964,3.04099972,3.05663468,3.07226964,57763623,225495080.2,0.1629,1,-0.5089,0
2021-10-08,sh.600016,3.07226964,3.09572208,3.06445216,3.09572208,3.05663468,71337771,281443886.63,0.2012,1,1.2788,0
2021-10-11,sh.600016,3.09572208,3.13480948,3.0879046,3.11135704,3.09572208,79131695,315683936.92,0.2231,1,0.5051,0
2021-10-12,sh.600016,3.11135704,3.11917452,3.08008712,3.09572208,3.11135704,66042131,261723279.79,0.1862,1,-0.5025,0
2021-10-13,sh.600016,3.09572208,3.10353956,3.07226964,3.08008712,3.09572208,51221041,201912290.62,0.1444,1,-0.5051,0
2021-10-14,sh.600016,3.08008712,3.0879046,3.05663468,3.06445216,3.08008712,48266912,189383658.04,0.1361,1,-0.5076,0
2021-10-15,sh.600016,3.07226964,3.07226964,3.05663468,3.06445216,3.06445216,68333072,267588054.72,0.1927,1,0.0,0
2021-10-18,sh.600016,3.05663468,3.07226964,3.0488172,3.06445216,3.06445216,53246563,208523047.07,0.1502,1,0.0,0
2021-10-19,sh.600016,3.06445216,3.08008712,3.05663468,3.06445216,3.06445216,61186409,240061832.82,0.1725,1,0.0,0
2021-10-20,sh.600016,3.07226964,3.08008712,3.0488172,3.05663468,3.06445216,52611647,205891146.77,0.1484,1,-0.2551,0
2021-10-21,sh.600016,3.05663468,3.0879046,3.05663468,3.0879046,3.05663468,78170340,307504822.56,0.2204,1,1.023,0
2021-10-22,sh.600016,3.08008712,3.09572208,3.07226964,3.08008712,3.0879046,84994605,335230242.64,0.2397,1,-0.2532,0
2021-10-25,sh.600016,3.08008712,3.0879046,3.06445216,3.0879046,3.08008712,46051957,181444121.56,0.1299,1,0.2538,0
2021-10-26,sh.600016,3.0879046,3.09572208,3.06445216,3.06445216,3.0879046,57359126,225600072.43,0.1617,1,-0.7595,0
2021-10-27,sh.600016,3.06445216,3.07226964,3.03318224,3.0488172,3.06445216,60733895,236651982.49,0.1713,1,-0.5102,0
2021-10-28,sh.600016,3.04099972,3.0488172,3.01754728,3.03318224,3.0488172,74625377,289333739.47,0.2104,1,-0.5128,0
2021-10-29,sh.600016,3.03318224,3.0488172,3.02536476,3.04099972,3.03318224,52376680,203801435.89,0.1477,1,0.2577,0
2021-11-01,sh.600016,3.04099972,3.06445216,3.03318224,3.06445216,3.04099972,60598683,236699638.57,0.1709,1,0.7712,0
2021-11-02,sh.600016,3.06445216,3.07226964,3.01754728,3.03318224,3.06445216,84305391,327898568.5,0.2377,1,-1.0204,0
2021-11-03,sh.600016,3.03318224,3.0488172,3.02536476,3.03318224,3.03318224,44735028,173942559.81,0.1261,1,0.0,0
2021-11-04,sh.600016,3.04099972,3.04099972,3.02536476,3.02536476,3.03318224,50394631,195393582.88,0.1421,1,-0.2577,0
2021-11-05,sh.600016,3.02536476,3.03318224,3.01754728,3.02536476,3.02536476,40097758,155214789.35,0.1131,1,0.0,0
2021-11-08,sh.600016,3.03318224,3.03318224,3.01754728,3.02536476,3.02536476,38627998,149652410.07,0.1089,1,0.0,0
2021-11-09,sh.600016,3.03318224,3.04099972,3.02536476,3.02536476,3.02536476,38271436,148362700.41,0.1079,1,0.0,0
2021-11-10,sh.600016,3.03318224,3.03318224,3.01754728,3.02536476,3.02536476,48496813,187571786.28,0.1368,1,0.0,0
2021-11-11,sh.600016,3.03318224,3.06445216,3.02536476,3.06445216,3.02536476,73623519,287285308.74,0.2076,1,1.292,0
2021-11-12,sh.600016,3.06445216,3.07226964,3.0488172,3.05663468,3.06445216,56848555,222612226.57,0.1603,1,-0.2551,0
2021-11-15,sh.600016,3.06445216,3.08008712,3.05663468,3.07226964,3.05663468,43907846,172227017.85,0.1238,1,0.5115,0
2021-11-16,sh.600016,3.07226964,3.08008712,3.0488172,3.06445216,3.07226964,48945436,191919046.54,0.138,1,-0.2545,0
2021-11-17,sh.600016,3.06445216,3.06445216,3.0488172,3.0488172,3.06445216,39304140,153723721.92,0.1108,1,-0.5102,0
2021-11-18,sh.600016,3.0488172,3.05663468,3.04099972,3.04099972,3.0488172,37594590,146421278.94,0.106,1,-0.2564,0
2021-11-19,sh.600016,3.0488172,3.07226964,3.04099972,3.06445216,3.04099972,52538824,205254991.11,0.1482,1,0.7712,0
2021-11-22,sh.600016,3.06445216,3.06445216,3.0488172,3.0488172,3.06445216,41569893,162377976.7,0.1172,1,-0.5102,0
2021-11-23,sh.600016,3.05663468,3.06445216,3.0488172,3.0488172,3.0488172,46227351,180617447.48,0.1304,1,0.0,0
2021-11-24,sh.600016,3.05663468,3.06445216,3.0488172,3.05663468,3.0488172,36921954,144270367.9,0.1041,1,0.2564,0
2021-11-25,sh.600016,3.05663468,3.05663468,3.04099972,3.0488172,3.05663468,33940565,132436282.23,0.0957,1,-0.2558,0
2021-11-26,sh.600016,3.0488172,3.05663468,3.03318224,3.04099972,3.0488172,54858069,213451710.52,0.1547,1,-0.2564,0
2021-11-29,sh.600016,3.03318224,3.0488172,3.02536476,3.04099972,3.04099972,58853908,228578573.95,0.166,1,0.0,0
2021-11-30,sh.600016,3.04099972,3.0488172,3.03318224,3.04099972,3.04099972,41549400,161698486.06,0.1172,1,0.0,0
2021-12-01,sh.600016,3.04099972,3.05663468,3.03318224,3.05663468,3.04099972,48537975,189428642.15,0.1369,1,0.5141,0
2021-12-02,sh.600016,3.05663468,3.06445216,3.0488172,3.05663468,3.05663468,56198231,219838320.42,0.1585,1,0.0,0
2021-12-03,sh.600016,3.06445216,3.06445216,3.0488172,3.06445216,3.05663468,53767305,210158454.9,0.1516,1,0.2558,0
2021-12-06,sh.600016,3.06445216,3.08008712,3.0488172,3.0488172,3.06445216,85210814,333812982.95,0.2403,1,-0.5102,0
2021-12-07,sh.600016,3.06445216,3.07226964,3.0488172,3.06445216,3.0488172,84248402,329745283.27,0.2376,1,0.5128,0
2021-12-08,sh.600016,3.07226964,3.07226964,3.0488172,3.05663468,3.06445216,73303470,286587483.79,0.2067,1,-0.2551,0
2021-12-09,sh.600016,3.05663468,3.0879046,3.0488172,3.07226964,3.05663468,165364970,649704618.99,0.4663,1,0.5115,0
2021-12-10,sh.600016,3.06445216,3.08008712,3.0488172,3.08008712,3.07226964,223931498,878407087.4,0.6315,1,0.2545,0
2021-12-13,sh.600016,3.07226964,3.08008712,3.0488172,3.05663468,3.08008712,176381759,690944424.03,0.4974,1,-0.7614,0
2021-12-14,sh.600016,3.05663468,3.05663468,3.02536476,3.04099972,3.05663468,113687960,441934068.56,0.3206,1,-0.5115,0
2021-12-15,sh.600016,3.04099972,3.0488172,3.03318224,3.04099972,3.04099972,49470481,192234490.97,0.1395,1,0.0,0
2021-12-16,sh.600016,3.03318224,3.0488172,3.03318224,3.04099972,3.04099972,60221939,234311227.7,0.1698,1,0.0,0
2021-12-17,sh.600016,3.04099972,3.0488172,3.03318224,3.04099972,3.04099972,68244020,265327366.98,0.1924,1,0.0,0
2021-12-20,sh.600016,3.04099972,3.04099972,3.02536476,3.04099972,3.04099972,62511271,242761824.66,0.1763,1,0.0,0
2021-12-21,sh.600016,3.03318224,3.06445216,3.03318224,3.05663468,3.04099972,139960290,546278702.39,0.3947,1,0.5141,0
2021-12-22,sh.600016,3.05663468,3.06445216,3.04099972,3.0488172,3.05663468,58679846,229122633.03,0.1655,1,-0.2558,0
2021-12-23,sh.600016,3.0488172,3.05663468,3.0488172,3.05663468,3.0488172,43777196,170947175.4,0.1234,1,0.2564,0
2021-12-24,sh.600016,3.05663468,3.05663468,3.04099972,3.04099972,3.05663468,58317417,227463441.08,0.1644,1,-0.5115,0
2021-12-27,sh.600016,3.0488172,3.05663468,3.04099972,3.0488172,3.04099972,59546528,232032886.83,0.1679,1,0.2571,0
2021-12-28,sh.600016,3.0488172,3.05663468,3.04099972,3.05663468,3.0488172,46116485,180116291.5,0.13,1,0.2564,0
2021-12-29,sh.600016,3.05663468,3.05663468,3.0488172,3.0488172,3.05663468,45807069,178926221.1,0.1292,1,-0.2558,0
2021-12-30,sh.600016,3.0488172,3.05663468,3.04099972,3.0488172,3.0488172,58751700,229148719.0,0.1657,1,0.0,0
2021-12-31,sh.600016,3.04099972,3.05663468,3.04099972,3.0488172,3.0488172,62798331,244702636.89,0.1771,1,0.0,0
2022-01-04,sh.600016,3.0488172,3.06445216,3.04099972,3.05663468,3.0488172,83885046,327881967.7,0.2365,1,0.2564,0
2022-01-05,sh.600016,3.05663468,3.08008712,3.05663468,3.07226964,3.05663468,136384485,535465093.65,0.3846,1,0.5115,0
2022-01-06,sh.600016,3.06445216,3.07226964,3.05663468,3.06445216,3.07226964,86306507,338260559.04,0.2434,1,-0.2545,0
2022-01-07,sh.600016,3.06445216,3.09572208,3.05663468,3.0879046,3.06445216,136537401,538266740.71,0.385,1,0.7653,0
2022-01-10,sh.600016,3.0879046,3.11917452,3.0879046,3.10353956,3.0879046,115922179,459859825.97,0.3269,1,0.5063,0
2022-01-11,sh.600016,3.10353956,3.13480948,3.09572208,3.11917452,3.10353956,129423568,516165672.84,0.365,1,0.5038,0
2022-01-12,sh.600016,3.11917452,3.11917452,3.0879046,3.10353956,3.11917452,102237780,405572088.33,0.2883,1,-0.5013,0
2022-01-13,sh.600016,3.09572208,3.15044444,3.09572208,3.126992,3.10353956,133974172,536645210.39,0.3778,1,0.7557,0
2022-01-14,sh.600016,3.11917452,3.126992,3.07226964,3.07226964,3.126992,152527594,602156977.81,0.4301,1,-1.75,0
2022-01-17,sh.600016,3.07226964,3.0879046,3.07226964,3.07226964,3.07226964,61272858,241242099.02,0.1728,1,0.0,0
2022-01-18,sh.600016,3.08008712,3.10353956,3.07226964,3.09572208,3.07226964,82673495,326465235.82,0.2331,1,0.7634,0
2022-01-19,sh.600016,3.0879046,3.10353956,3.0879046,3.09572208,3.09572208,59407456,235102799.8,0.1675,1,0.0,0
2022-01-20,sh.600016,3.09572208,3.13480948,3.0879046,3.11917452,3.09572208,154313839,614637371.42,0.4352,1,0.7576,0
2022-01-21,sh.600016,3.11135704,3.11917452,3.09572208,3.10353956,3.11917452,73251383,290531105.67,0.2066,1,-0.5013,0
2022-01-24,sh.600016,3.10353956,3.11135704,3.0879046,3.09572208,3.10353956,81100129,321136023.5,0.2287,1,-0.2519,0
2022-01-25,sh.600016,3.0879046,3.09572208,3.0488172,3.0488172,3.09572208,103061949,404498563.12,0.2906,1,-1.5152,0
2022-01-26,sh.600016,3.0488172,3.06445216,3.04099972,3.05663468,3.0488172,64695772,252648043.12,0.1824,1,0.2564,0
2022-01-27,sh.600016,3.05663468,3.05663468,3.03318224,3.03318224,3.05663468,68709536,267554976.24,0.1938,1,-0.7673,0
2022-01-28,sh.600016,3.04099972,3.0488172,3.02536476,3.03318224,3.03318224,77552730,301228577.2,0.2187,1,0.0,0
2022-02-07,sh.600016,3.0488172,3.07226964,3.04099972,3.06445216,3.03318224,78432526,306660170.58,0.2212,1,1.0309,0
2022-02-08,sh.600016,3.06445216,3.126992,3.05663468,3.11917452,3.06445216,145343048,576110937.66,0.4099,1,1.7857,0
2022-02-09,sh.600016,3.11135704,3.126992,3.10353956,3.11135704,3.11917452,102238377,407357016.92,0.2883,1,-0.2506,0
2022-02-10,sh.600016,3.11135704,3.126992,3.10353956,3.11917452,3.11135704,82910261,330574467.13,0.2338,1,0.2513,0
2022-02-11,sh.600016,3.11917452,3.14262696,3.11917452,3.13480948,3.11917452,102264863,409795605.63,0.2884,1,0.5013,0
2022-02-14,sh.600016,3.126992,3.13480948,3.0879046,3.09572208,3.13480948,80169578,318228285.49,0.2261,1,-1.2469,0
2022-02-15,sh.600016,3.0879046,3.10353956,3.06445216,3.08008712,3.09572208,78856675,310925829.09,0.2224,1,-0.5051,0
2022-02-16,sh.600016,3.0879046,3.10353956,3.08008712,3.0879046,3.08008712,52149828,206041400.26,0.1471,1,0.2538,0
2022-02-17,sh.600016,3.0879046,3.09572208,3.08008712,3.08008712,3.0879046,55252531,218061836.54,0.1558,1,-0.2532,0
2022-02-18,sh.600016,3.08008712,3.10353956,3.07226964,3.10353956,3.08008712,57309950,226616863.09,0.1616,1,0.7614,0
2022-02-21,sh.600016,3.09572208,3.11135704,3.08008712,3.10353956,3.10353956,62836107,249103482.6,0.1772,1,0.0,0
2022-02-22,sh.600016,3.10353956,3.10353956,3.0879046,3.09572208,3.10353956,53292361,211009751.81,0.1503,1,-0.2519,0
2022-02-23,sh.600016,3.09572208,3.09572208,3.08008712,3.09572208,3.09572208,52285168,206474823.47,0.1474,1,0.0,0
2022-02-24,sh.600016,3.0879046,3.09572208,3.0488172,3.05663468,3.09572208,91739425,359719096.42,0.2587,1,-1.2626,0
2022-02-25,sh.600016,3.05663468,3.07226964,3.0488172,3.05663468,3.05663468,60892544,238356948.79,0.1717,1,0.0,0
2022-02-28,sh.600016,3.05663468,3.06445216,3.04099972,3.05663468,3.05663468,56039848,218508856.0,0.158,1,0.0,0
2022-03-01,sh.600016,3.05663468,3.06445216,3.0488172,3.05663468,3.05663468,41710009,163186952.0,0.1176,1,0.0,0
2022-03-02,sh.600016,3.05663468,3.06445216,3.0488172,3.05663468,3.05663468,39287281,153627664.0,0.1108,1,0.0,0
2022-03-03,sh.600016,3.06445216,3.07226964,3.05663468,3.06445216,3.05663468,47410329,186043425.0,0.1337,1,0.2558,0
2022-03-04,sh.600016,3.06445216,3.06445216,3.0488172,3.05663468,3.06445216,62510425,244358968.0,0.1763,1,-0.2551,0
2022-03-07,sh.600016,3.05663468,3.05663468,3.03318224,3.04099972,3.05663468,69880093,272364544.0,0.1971,1,-0.5115,0
2022-03-08,sh.600016,3.03318224,3.04099972,3.00191232,3.0097298,3.04099972,108299222,418671232.0,0.3054,1,-1.0283,0
2022-03-09,sh.600016,3.0097298,3.01754728,2.87683264,2.94718996,3.0097298,148047331,561325888.0,0.4175,1,-2.0779,0
2022-03-10,sh.600016,2.96282492,2.9706424,2.93937248,2.93937248,2.94718996,78522239,296898672.0,0.2214,1,-0.2653,0
2022-03-11,sh.600016,2.931555,2.95500744,2.88465012,2.94718996,2.93937248,84198130,313967184.0,0.2374,1,0.266,0
2022-03-14,sh.600016,2.931555,2.95500744,2.92373752,2.92373752,2.94718996,71857481,270000592.0,0.2026,1,-0.7958,0
2022-03-15,sh.600016,2.91592004,2.92373752,2.79084036,2.79084036,2.92373752,145706964,531738736.0,0.4109,1,-4.5455,0
2022-03-16,sh.600016,2.82211028,2.86119768,2.75175296,2.84556272,2.79084036,110081992,395588464.0,0.3104,1,1.9608,0
2022-03-17,sh.600016,2.8533802,2.88465012,2.84556272,2.86901516,2.84556272,85935260,314713264.0,0.2423,1,0.8242,0
2022-03-18,sh.600016,2.86119768,2.92373752,2.84556272,2.91592004,2.86901516,91199941,337250292.77,0.2572,1,1.6349,0
2022-03-21,sh.600016,2.90028508,2.90810256,2.86901516,2.88465012,2.91592004,55703190,205637948.87,0.1571,1,-1.0724,0
2022-03-22,sh.600016,2.87683264,2.931555,2.87683264,2.92373752,2.88465012,66432147,247442501.09,0.1873,1,1.355,0
2022-03-23,sh.600016,2.91592004,2.94718996,2.90810256,2.931555,2.92373752,65209609,243718539.16,0.1839,1,0.2674,0
2022-03-24,sh.600016,2.92373752,2.94718996,2.91592004,2.94718996,2.931555,51297546,192560900.89,0.1447,1,0.5333,0
2022-03-25,sh.600016,2.94718996,2.98627736,2.93937248,2.97845988,2.94718996,73543019,279262326.74,0.2074,1,1.061,0
2022-03-28,sh.600016,2.97845988,3.03318224,2.95500744,3.02536476,2.97845988,77101311,295728561.69,0.2174,1,1.5748,0
2022-03-29,sh.600016,3.02536476,3.04099972,3.0097298,3.03318224,3.02536476,67741236,262183793.54,0.191,1,0.2584,0
2022-03-30,sh.600016,2.97845988,2.98627736,2.93937248,2.98627736,3.03318224,135310325,512995569.96,0.3816,1,-1.5464,0
2022-03-31,sh.600016,2.9706424,3.0097298,2.96282492,2.98627736,2.98627736,80161050,306650958.83,0.226,1,0.0,0
2022-04-01,sh.600016,2.97845988,3.02536476,2.97845988,3.01754728,2.98627736,70608496,271365310.01,0.1991,1,1.0471,0
2022-04-06,sh.600016,3.01754728,3.06445216,3.0097298,3.05663468,3.01754728,99276775,386295705.09,0.28,1,1.2953,0
2022-04-07,sh.600016,3.0488172,3.05663468,3.0097298,3.01754728,3.05663468,70884014,274801216.96,0.1999,1,-1.2788,0
2022-04-08,sh.600016,3.01754728,3.02536476,2.99409484,3.01754728,3.01754728,62349976,240291638.99,0.1758,1,0.0,0
2022-04-11,sh.600016,3.01754728,3.02536476,2.95500744,2.96282492,3.01754728,91593575,349579444.25,0.2583,1,-1.8135,0
2022-04-12,sh.600016,2.96282492,2.98627736,2.931555,2.96282492,2.96282492,78575371,297432408.39,0.2216,1,0.0,0
2022-04-13,sh.600016,2.96282492,3.00191232,2.95500744,2.98627736,2.96282492,66924875,254907711.54,0.1887,1,0.7916,0
2022-04-14,sh.600016,2.98627736,3.00191232,2.97845988,2.98627736,2.98627736,41456574,158632597.07,0.1169,1,0.0,0
2022-04-15,sh.600016,2.98627736,3.00191232,2.97845988,2.99409484,2.98627736,49875960,190908157.82,0.1406,1,0.2618,0
2022-04-18,sh.600016,2.98627736,2.99409484,2.93937248,2.94718996,2.99409484,56062994,212191141.96,0.1581,1,-1.5666,0
2022-04-19,sh.600016,2.95500744,2.95500744,2.931555,2.95500744,2.94718996,48081039,181100174.75,0.1356,1,0.2653,0
2022-04-20,sh.600016,2.94718996,2.95500744,2.91592004,2.92373752,2.95500744,45940697,172530275.32,0.1295,1,-1.0582,0
2022-04-21,sh.600016,2.92373752,2.93937248,2.87683264,2.8924676,2.92373752,63569482,237183641.11,0.1793,1,-1.0695,0
2022-04-22,sh.600016,2.8924676,2.92373752,2.87683264,2.92373752,2.8924676,54876099,204089943.09,0.1547,1,1.0811,0
2022-04-25,sh.600016,2.91592004,2.93937248,2.83774524,2.84556272,2.92373752,106955446,396356485.89,0.3016,1,-2.6738,0
2022-04-26,sh.600016,2.8533802,2.87683264,2.82992776,2.83774524,2.84556272,73352185,267735904.06,0.2068,1,-0.2747,0
2022-04-27,sh.600016,2.82992776,2.84556272,2.80647532,2.84556272,2.83774524,79065828,286215389.89,0.223,1,0.2755,0
2022-04-28,sh.600016,2.84556272,2.86901516,2.82211028,2.84556272,2.84556272,72980517,265508451.92,0.2058,1,0.0,0
2022-04-29,sh.600016,2.8533802,2.8924676,2.82992776,2.8924676,2.84556272,74580710,272698829.65,0.2103,1,1.6484,0
2022-05-05,sh.600016,2.87683264,2.88465012,2.86119768,2.87683264,2.8924676,89000475,326841062.6,0.251,1,-0.5405,0
2022-05-06,sh.600016,2.8533802,2.86119768,2.82992776,2.82992776,2.87683264,56263007,204335911.45,0.1587,1,-1.6304,0
2022-05-09,sh.600016,2.82992776,2.84556272,2.82211028,2.84556272,2.82992776,37473885,135922147.62,0.1057,1,0.5525,0
2022-05-10,sh.600016,2.82211028,2.86119768,2.80647532,2.86119768,2.84556272,71454886,259140623.72,0.2015,1,0.5495,0
2022-05-11,sh.600016,2.8533802,2.86901516,2.84556272,2.86119768,2.86119768,58221585,213022841.44,0.1642,1,0.0,0
2022-05-12,sh.600016,2.8533802,2.87683264,2.84556272,2.86901516,2.86119768,60193308,220870078.52,0.1697,1,0.2732,0
2022-05-13,sh.600016,2.87683264,2.90028508,2.86901516,2.90028508,2.86901516,56060448,207215264.55,0.1581,1,1.0899,0
2022-05-16,sh.600016,2.90028508,2.92373752,2.8924676,2.91592004,2.90028508,60174571,223708811.08,0.1697,1,0.5391,0
2022-05-17,sh.600016,2.91592004,2.931555,2.90810256,2.91592004,2.91592004,38904422,145278024.97,0.1097,1,0.0,0
2022-05-18,sh.600016,2.91592004,2.93937248,2.90810256,2.931555,2.91592004,50685538,189665134.79,0.1429,1,0.5362,0
2022-05-19,sh.600016,2.92373752,2.96282492,2.91592004,2.96282492,2.931555,61886930,233121188.83,0.1745,1,1.0667,0
2022-05-20,sh.600016,2.96282492,2.98627736,2.93937248,2.95500744,2.96282492,64164286,242913313.54,0.1809,1,-0.2639,0
2022-05-23,sh.600016,2.96282492,2.96282492,2.94718996,2.96282492,2.95500744,44116164,166878491.95,0.1244,1,0.2646,0
2022-05-24,sh.600016,2.9706424,2.9706424,2.93937248,2.94718996,2.96282492,55590989,210182574.9,0.1568,1,-0.5277,0
2022-05-25,sh.600016,2.94718996,2.98627736,2.94718996,2.98627736,2.94718996,54798883,208265269.11,0.1545,1,1.3263,0
2022-05-26,sh.600016,2.98627736,3.00191232,2.97845988,3.00191232,2.98627736,51712924,197915858.73,0.1458,1,0.5236,0
2022-05-27,sh.600016,3.00191232,3.02536476,3.00191232,3.01754728,3.00191232,58955253,227226612.24,0.1662,1,0.5208,0
2022-05-30,sh.600016,3.01754728,3.02536476,2.96282492,2.96282492,3.01754728,45956791,175894155.89,0.1296,1,-1.8135,0
2022-05-31,sh.600016,2.96282492,2.97845988,2.95500744,2.97845988,2.96282492,58248432,221534888.51,0.1643,1,0.5277,0
2022-06-01,sh.600016,2.9706424,2.97845988,2.95500744,2.95500744,2.97845988,35583637,134807609.21,0.1003,1,-0.7874,0
2022-06-02,sh.600016,2.95500744,2.96282492,2.90028508,2.95500744,2.95500744,80105168,300864791.6,0.2259,1,0.0,0
2022-06-06,sh.600016,2.93937248,2.9706424,2.931555,2.9706424,2.95500744,57135241,215560592.62,0.1611,1,0.5291,0
2022-06-07,sh.600016,2.9706424,2.98627736,2.96282492,2.97845988,2.9706424,46405235,176714263.68,0.1309,1,0.2632,0
2022-06-08,sh.600016,2.98627736,2.99409484,2.9706424,2.97845988,2.97845988,41745790,159064242.63,0.1177,1,0.0,0
2022-06-09,sh.600016,2.98627736,3.00191232,2.97845988,3.00191232,2.97845988,69831575,267193507.11,0.1969,1,0.7874,0
2022-06-10,sh.600016,2.99409484,3.01754728,2.9706424,3.0097298,3.00191232,74418186,284832106.06,0.2099,1,0.2604,0
2022-06-13,sh.600016,2.99409484,3.00191232,2.97845988,3.00191232,3.0097298,61874248,236744280.56,0.1745,1,-0.2597,0
2022-06-14,sh.600016,2.99409484,3.0488172,2.98627736,3.04099972,3.00191232,79700372,307778150.69,0.2247,1,1.3021,0
2022-06-15,sh.600016,3.0488172,3.0879046,3.04099972,3.0488172,3.04099972,108761560,426562463.19,0.3067,1,0.2571,0
2022-06-16,sh.600016,3.0488172,3.05663468,3.02536476,3.04099972,3.0488172,73138872,284422371.45,0.2062,1,-0.2564,0
2022-06-17,sh.600016,3.03318224,3.05663468,3.03318224,3.05663468,3.04099972,69875651,272367359.95,0.197,1,0.5141,0
2022-06-20,sh.600016,3.05663468,3.06445216,3.04099972,3.05663468,3.05663468,70056077,273810268.29,0.1976,1,0.0,0
2022-06-21,sh.600016,3.06445216,3.07226964,3.05663468,3.06445216,3.05663468,63493293,248937954.26,0.179,1,0.2558,0
2022-06-22,sh.600016,3.07226964,3.08008712,3.0488172,3.0488172,3.06445216,77282849,303232914.05,0.2179,1,-0.5102,0
2022-06-23,sh.600016,3.0488172,3.08008712,3.0488172,3.07226964,3.0488172,98879867,387714019.63,0.2788,1,0.7692,0
2022-06-24,sh.600016,3.07226988,3.08878746,3.04749351,3.0557523,3.07226988,111377543,413006570.91,0.3141,1,-0.5376,0
2022-06-27,sh.600016,3.0557523,3.06401109,3.03923472,3.04749351,3.0557523,70856792,261997750.66,0.1998,1,-0.2703,0
2022-06-28,sh.600016,3.04749351,3.0557523,3.03923472,3.0557523,3.04749351,54051696,199517986.02,0.1524,1,0.271,0
2022-06-29,sh.600016,3.0557523,3.08052867,3.04749351,3.07226988,3.0557523,67511964,250546973.36,0.1904,1,0.5405,0
2022-06-30,sh.600016,3.07226988,3.08878746,3.06401109,3.07226988,3.07226988,52454009,195436976.41,0.1479,1,0.0,0
2022-07-01,sh.600016,3.07226988,3.08878746,3.06401109,3.06401109,3.07226988,40590541,150887298.52,0.1145,1,-0.2688,0
2022-07-04,sh.600016,3.06401109,3.07226988,3.03923472,3.0557523,3.06401109,46942823,173469665.87,0.1324,1,-0.2695,0
2022-07-05,sh.600016,3.0557523,3.06401109,3.03923472,3.03923472,3.0557523,45815846,168980515.84,0.1292,1,-0.5405,0
2022-07-06,sh.600016,3.04749351,3.04749351,3.01445835,3.03097593,3.03923472,52451784,192359776.04,0.1479,1,-0.2717,0
2022-07-07,sh.600016,3.03097593,3.03097593,3.01445835,3.02271714,3.03097593,36461465,133546187.66,0.1028,1,-0.2725,0
2022-07-08,sh.600016,3.03097593,3.03923472,3.02271714,3.03923472,3.02271714,33416393,122594041.64,0.0942,1,0.5464,0
2022-07-11,sh.600016,3.03097593,3.06401109,3.03097593,3.0557523,3.03923472,55765095,205856247.47,0.1573,1,0.5435,0
2022-07-12,sh.600016,3.04749351,3.08052867,3.04749351,3.07226988,3.0557523,77198631,287179853.43,0.2177,1,0.5405,0
2022-07-13,sh.600016,3.07226988,3.08052867,3.0557523,3.06401109,3.07226988,57724170,214258148.29,0.1628,1,-0.2688,0
2022-07-14,sh.600016,3.0557523,3.06401109,3.02271714,3.03923472,3.06401109,68389549,251181477.55,0.1929,1,-0.8086,0
2022-07-15,sh.600016,3.03097593,3.03097593,2.98968198,2.98968198,3.03923472,62275299,227136992.92,0.1756,1,-1.6304,0
2022-07-18,sh.600016,2.98968198,3.03097593,2.98968198,3.03097593,2.98968198,47498214,173422029.25,0.1339,1,1.3812,0
2022-07-19,sh.600016,3.02271714,3.03097593,3.00619956,3.00619956,3.03097593,34390787,125409682.05,0.097,1,-0.8174,0
2022-07-20,sh.600016,3.01445835,3.02271714,2.99794077,3.00619956,3.00619956,22523860,81996914.8,0.0635,1,0.0,0
2022-07-21,sh.600016,3.00619956,3.00619956,2.98968198,2.98968198,3.00619956,35167882,127556740.84,0.0992,1,-0.5495,0
2022-07-22,sh.600016,2.99794077,3.00619956,2.98142319,2.99794077,2.98968198,28553887,103554621.57,0.0805,1,0.2762,0
2022-07-25,sh.600016,2.99794077,2.99794077,2.98142319,2.98142319,2.99794077,23612237,85352312.75,0.0666,1,-0.551,0
2022-07-26,sh.600016,2.98142319,2.99794077,2.98142319,2.99794077,2.98142319,34844522,126165684.27,0.0983,1,0.554,0
2022-07-27,sh.600016,2.99794077,3.01445835,2.98968198,3.01445835,2.99794077,32510355,118183703.59,0.0917,1,0.551,0
2022-07-28,sh.600016,3.01445835,3.02271714,3.00619956,3.02271714,3.01445835,31787487,116142779.98,0.0896,1,0.274,0
2022-07-29,sh.600016,3.02271714,3.02271714,2.99794077,3.00619956,3.02271714,35246827,128453138.55,0.0994,1,-0.5464,0
2022-08-01,sh.600016,2.99794077,3.00619956,2.98142319,2.98142319,3.00619956,27160016,98323115.52,0.0766,1,-0.8242,0
2022-08-02,sh.600016,2.9731644,2.98142319,2.93187045,2.95664682,2.98142319,58865215,210134972.75,0.166,1,-0.831,0
2022-08-03,sh.600016,2.95664682,3.00619956,2.94838803,2.98142319,2.95664682,52065152,187936905.49,0.1468,1,0.838,0
2022-08-04,sh.600016,2.98142319,3.01445835,2.98142319,3.00619956,2.98142319,30698126,111613406.0,0.0866,1,0.831,0
2022-08-05,sh.600016,3.00619956,3.03923472,2.99794077,3.03923472,3.00619956,42248592,154572868.0,0.1191,1,1.0989,0
2022-08-08,sh.600016,3.03923472,3.04749351,2.99794077,2.99794077,3.03923472,30859676,112688510.0,0.087,1,-1.3587,0
2022-08-09,sh.600016,3.00619956,3.00619956,2.98142319,2.98142319,2.99794077,28066282,101581416.0,0.0791,1,-0.551,0
2022-08-10,sh.600016,2.98142319,2.99794077,2.96490561,2.96490561,2.98142319,24403921,87984661.0,0.0688,1,-0.554,0
2022-08-11,sh.600016,2.9731644,3.01445835,2.96490561,3.01445835,2.96490561,30045527,108978876.0,0.0847,1,1.6713,0
2022-08-12,sh.600016,3.00619956,3.01445835,2.99794077,3.00619956,3.01445835,23218453,84649228.0,0.0655,1,-0.274,0
2022-08-15,sh.600016,3.00619956,3.02271714,2.98968198,2.98968198,3.00619956,29238404,106467181.33,0.0824,1,-0.5495,0
2022-08-16,sh.600016,2.98968198,3.00619956,2.98142319,2.99794077,2.98968198,24715666,89643180.42,0.0697,1,0.2762,0
2022-08-17,sh.600016,3.00619956,3.02271714,2.99794077,3.02271714,2.99794077,27929968,101824333.75,0.0788,1,0.8264,0
2022-08-18,sh.600016,3.01445835,3.02271714,2.99794077,3.01445835,3.02271714,23894204,87044507.45,0.0674,1,-0.2732,0
2022-08-19,sh.600016,3.00619956,3.02271714,2.98142319,2.99794077,3.01445835,46168567,168134602.35,0.1302,1,-0.5479,0
2022-08-22,sh.600016,2.98142319,2.99794077,2.98142319,2.98968198,2.99794077,37117963,134374400.34,0.1047,1,-0.2755,0
2022-08-23,sh.600016,2.98968198,2.98968198,2.9731644,2.9731644,2.98968198,32618472,117702667.9,0.092,1,-0.5525,0
2022-08-24,sh.600016,2.9731644,2.98968198,2.96490561,2.96490561,2.9731644,32247103,116131075.24,0.0909,1,-0.2778,0
2022-08-25,sh.600016,2.96490561,2.98142319,2.96490561,2.9731644,2.96490561,37149077,133798792.58,0.1048,1,0.2786,0
2022-08-26,sh.600016,2.98142319,2.99794077,2.9731644,2.98968198,2.9731644,48004850,173582042.7,0.1354,1,0.5556,0
2022-08-29,sh.600016,2.9731644,2.98142319,2.94838803,2.95664682,2.98968198,59228763,212280887.78,0.167,1,-1.105,0
2022-08-30,sh.600016,2.95664682,2.9731644,2.94838803,2.96490561,2.95664682,50319253,180610761.2,0.1419,1,0.2793,0
2022-08-31,sh.600016,2.96490561,2.98968198,2.95664682,2.9731644,2.96490561,53734414,193780120.54,0.1515,1,0.2786,0
2022-09-01,sh.600016,2.98142319,2.99794077,2.9731644,2.98142319,2.9731644,41597995,150549654.9,0.1173,1,0.2778,0
2022-09-02,sh.600016,2.98968198,2.99794077,2.98142319,2.98968198,2.98142319,36056509,130497477.29,0.1017,1,0.277,0
2022-09-05,sh.600016,2.98968198,2.98968198,2.9731644,2.98968198,2.98968198,27975808,100924205.91,0.0789,1,0.0,0
2022-09-06,sh.600016,2.98968198,3.00619956,2.98142319,2.99794077,2.98968198,62596977,227142906.16,0.1765,1,0.2762,0
2022-09-07,sh.600016,2.98968198,2.99794077,2.96490561,2.9731644,2.99794077,38440313,138575777.37,0.1084,1,-0.8264,0
2022-09-08,sh.600016,2.9731644,2.98142319,2.96490561,2.96490561,2.9731644,41685624,149944372.46,0.1175,1,-0.2778,0
2022-09-09,sh.600016,2.9731644,2.98968198,2.96490561,2.98142319,2.96490561,47529262,171493943.09,0.134,1,0.5571,0
2022-09-13,sh.600016,2.98968198,2.99794077,2.98142319,2.98968198,2.98142319,45021072,163194125.69,0.127,1,0.277,0
2022-09-14,sh.600016,2.98142319,2.99794077,2.9731644,2.98142319,2.98968198,43265584,156403845.99,0.122,1,-0.2762,0
2022-09-15,sh.600016,2.98142319,2.99794077,2.9731644,2.98968198,2.98142319,61516477,222675546.46,0.1735,1,0.277,0
2022-09-16,sh.600016,2.98968198,2.98968198,2.93187045,2.94838803,2.98968198,77275319,277048673.18,0.2179,1,-1.3812,0
2022-09-19,sh.600016,2.94838803,2.94838803,2.8905765,2.89883529,2.94838803,61858582,218664770.64,0.1744,1,-1.6807,0
2022-09-20,sh.600016,2.90709408,2.92361166,2.8905765,2.8905765,2.89883529,38095075,133860429.99,0.1074,1,-0.2849,0
2022-09-21,sh.600016,2.8905765,2.90709408,2.86580013,2.89883529,2.8905765,40133463,140268933.93,0.1132,1,0.2857,0
2022-09-22,sh.600016,2.8905765,2.89883529,2.88231771,2.8905765,2.89883529,33920260,118567525.6,0.0957,1,-0.2849,0
2022-09-23,sh.600016,2.8905765,2.90709408,2.88231771,2.90709408,2.8905765,49471455,173333076.32,0.1395,1,0.5714,0
2022-09-26,sh.600016,2.89883529,2.90709408,2.83276497,2.84102376,2.90709408,71849911,249737976.49,0.2026,1,-2.2727,0
2022-09-27,sh.600016,2.84102376,2.84928255,2.81624739,2.84102376,2.84102376,50524963,173285790.36,0.1425,1,0.0,0
2022-09-28,sh.600016,2.83276497,2.84928255,2.8079886,2.82450618,2.84102376,66468732,227465521.93,0.1874,1,-0.5814,0
2022-09-29,sh.600016,2.83276497,2.84102376,2.78321223,2.79147102,2.82450618,43225462,147088727.23,0.1219,1,-1.1696,0
2022-09-30,sh.600016,2.79147102,2.81624739,2.79147102,2.79972981,2.79147102,52252249,177142714.11,0.1473,1,0.2959,0
2022-10-10,sh.600016,2.79972981,2.84102376,2.79147102,2.8079886,2.79972981,53422440,182198776.81,0.1506,1,0.295,0
2022-10-11,sh.600016,2.81624739,2.82450618,2.8079886,2.82450618,2.8079886,39192846,133661152.77,0.1105,1,0.5882,0
2022-10-12,sh.600016,2.81624739,2.83276497,2.79972981,2.83276497,2.82450618,47325439,161092826.33,0.1335,1,0.2924,0
2022-10-13,sh.600016,2.81624739,2.82450618,2.79972981,2.8079886,2.83276497,34147568,116171197.88,0.0963,1,-0.8746,0
2022-10-14,sh.600016,2.81624739,2.84102376,2.8079886,2.82450618,2.8079886,41781258,143050187.21,0.1178,1,0.5882,0
2022-10-17,sh.600016,2.81624739,2.82450618,2.79972981,2.81624739,2.82450618,45030902,153293037.29,0.127,1,-0.2924,0
2022-10-18,sh.600016,2.82450618,2.82450618,2.79972981,2.8079886,2.81624739,45622415,155245305.8,0.1287,1,-0.2933,0
2022-10-19,sh.600016,2.8079886,2.81624739,2.79972981,2.8079886,2.8079886,30190409,102691914.51,0.0851,1,0.0,0
2022-10-20,sh.600016,2.8079886,2.81624739,2.79147102,2.79147102,2.8079886,68663832,232910833.34,0.1936,1,-0.5882,0
2022-10-21,sh.600016,2.79972981,2.8079886,2.76669465,2.77495344,2.79147102,58489927,197557048.78,0.1649,1,-0.5917,0
2022-10-24,sh.600016,2.77495344,2.78321223,2.73365949,2.73365949,2.77495344,91488652,304719870.94,0.258,1,-1.4881,0
2022-10-25,sh.600016,2.73365949,2.75017707,2.71714191,2.74191828,2.73365949,60468329,199905466.62,0.1705,1,0.3021,0
2022-10-26,sh.600016,2.74191828,2.76669465,2.73365949,2.73365949,2.74191828,46398162,154245234.46,0.1308,1,-0.3012,0
2022-10-27,sh.600016,2.73365949,2.75017707,2.73365949,2.74191828,2.73365949,31895058,105993185.56,0.0899,1,0.3021,0
2022-10-28,sh.600016,2.74191828,2.75017707,2.70888312,2.71714191,2.74191828,44816163,148163546.17,0.1264,1,-0.9036,0
2022-10-31,sh.600016,2.71714191,2.73365949,2.70062433,2.7254007,2.71714191,49154243,161673326.13,0.1386,1,0.304,0
2022-11-01,sh.600016,2.7254007,2.76669465,2.71714191,2.76669465,2.7254007,78943755,262954883.19,0.2226,1,1.5152,0
2022-11-02,sh.600016,2.75843586,2.79972981,2.75017707,2.78321223,2.76669465,76651110,258041292.65,0.2161,1,0.597,0
2022-11-03,sh.600016,2.78321223,2.79147102,2.77495344,2.79147102,2.78321223,59771483,201369645.83,0.1686,1,0.2967,0
2022-11-04,sh.600016,2.78321223,2.83276497,2.78321223,2.83276497,2.79147102,86060590,293875664.06,0.2427,1,1.4793,0
2022-11-07,sh.600016,2.82450618,2.83276497,2.8079886,2.81624739,2.83276497,57638795,196423923.97,0.1625,1,-0.5831,0
2022-11-08,sh.600016,2.81624739,2.82450618,2.79972981,2.81624739,2.81624739,70815488,241211879.79,0.1997,1,0.0,0
2022-11-09,sh.600016,2.81624739,2.82450618,2.79972981,2.79972981,2.81624739,23245220,79034211.15,0.0655,1,-0.5865,0
2022-11-10,sh.600016,2.79972981,2.8079886,2.79147102,2.79972981,2.79972981,23942831,81187694.92,0.0675,1,0.0,0
2022-11-11,sh.600016,2.81624739,2.85754134,2.81624739,2.84102376,2.79972981,61638496,211510321.63,0.1738,1,1.4749,0
2022-11-14,sh.600016,2.84928255,2.88231771,2.84102376,2.84928255,2.84102376,66726670,231510312.69,0.1882,1,0.2907,0
2022-11-15,sh.600016,2.84928255,2.88231771,2.84102376,2.87405892,2.84928255,55614899,192976382.73,0.1568,1,0.8696,0
2022-11-16,sh.600016,2.86580013,2.87405892,2.84102376,2.84928255,2.87405892,31021281,107141918.22,0.0875,1,-0.8621,0
2022-11-17,sh.600016,2.84102376,2.84928255,2.81624739,2.83276497,2.84928255,42431038,145416782.01,0.1197,1,-0.5797,0
2022-11-18,sh.600016,2.83276497,2.83276497,2.8079886,2.8079886,2.83276497,71203698,243125433.48,0.2008,1,-0.8746,0
2022-11-21,sh.600016,2.8079886,2.83276497,2.78321223,2.81624739,2.8079886,74066525,251887664.64,0.2089,1,0.2941,0
2022-11-22,sh.600016,2.8079886,2.86580013,2.8079886,2.85754134,2.81624739,89258777,307671984.97,0.2517,1,1.4663,0
2022-11-23,sh.600016,2.86580013,2.89883529,2.84102376,2.85754134,2.85754134,102388765,355533431.24,0.2887,1,0.0,0
2022-11-24,sh.600016,2.86580013,2.87405892,2.84928255,2.86580013,2.85754134,65528214,227246327.63,0.1848,1,0.289,0
2022-11-25,sh.600016,2.85754134,2.91535287,2.84928255,2.90709408,2.86580013,104380809,366267138.8,0.2943,1,1.4409,0
2022-11-28,sh.600016,2.8905765,2.89883529,2.84102376,2.84928255,2.90709408,82844794,286349547.89,0.2336,1,-1.9886,0
2022-11-29,sh.600016,2.85754134,2.93187045,2.85754134,2.90709408,2.84928255,106445700,373638704.85,0.3002,1,2.029,0
2022-11-30,sh.600016,2.91535287,2.94012924,2.89883529,2.90709408,2.90709408,80609069,284597034.0,0.2273,1,0.0,0
2022-12-01,sh.600016,2.92361166,2.94012924,2.8905765,2.89883529,2.90709408,67187644,236785937.61,0.1895,1,-0.2841,0
2022-12-02,sh.600016,2.89883529,2.90709408,2.88231771,2.88231771,2.89883529,49974021,175046246.69,0.1409,1,-0.5698,0
2022-12-05,sh.600016,2.89883529,2.94012924,2.8905765,2.93187045,2.88231771,82021630,290415112.08,0.2313,1,1.7192,0
2022-12-06,sh.600016,2.92361166,2.96490561,2.92361166,2.95664682,2.93187045,69548317,248562390.91,0.1961,1,0.8451,0
2022-12-07,sh.600016,2.95664682,2.9731644,2.93187045,2.94012924,2.95664682,66856522,238798104.5,0.1885,1,-0.5587,0
2022-12-08,sh.600016,2.93187045,2.96490561,2.93187045,2.94012924,2.94012924,45953517,163850571.94,0.1296,1,0.0,0
2022-12-09,sh.600016,2.94838803,2.96490561,2.94012924,2.94838803,2.94012924,56518934,202123560.5,0.1594,1,0.2809,0
2022-12-12,sh.600016,2.94838803,2.95664682,2.8905765,2.89883529,2.94838803,59212344,209148236.76,0.167,1,-1.6807,0
2022-12-13,sh.600016,2.90709408,2.91535287,2.8905765,2.89883529,2.89883529,66017702,231991141.67,0.1862,1,0.0,0
2022-12-14,sh.600016,2.90709408,2.90709408,2.88231771,2.89883529,2.89883529,65940523,231048671.69,0.1859,1,0.0,0
2022-12-15,sh.600016,2.8905765,2.89883529,2.86580013,2.86580013,2.89883529,52439092,182566919.17,0.1479,1,-1.1396,0
2022-12-16,sh.600016,2.85754134,2.89883529,2.85754134,2.89883529,2.86580013,62270403,217587337.52,0.1756,1,1.1527,0
2022-12-19,sh.600016,2.89883529,2.90709408,2.84102376,2.84928255,2.89883529,59564038,207018283.72,0.168,1,-1.7094,0
2022-12-20,sh.600016,2.84102376,2.86580013,2.82450618,2.82450618,2.84928255,52639820,181151032.43,0.1484,1,-0.8696,0
2022-12-21,sh.600016,2.82450618,2.84102376,2.81624739,2.82450618,2.82450618,35354535,121039941.99,0.0997,1,0.0,0
2022-12-22,sh.600016,2.83276497,2.84928255,2.81624739,2.83276497,2.82450618,28636744,98282467.08,0.0808,1,0.2924,0
2022-12-23,sh.600016,2.82450618,2.84102376,2.81624739,2.81624739,2.83276497,31170986,106722316.87,0.0879,1,-0.5831,0
2022-12-26,sh.600016,2.82450618,2.83276497,2.79972981,2.8079886,2.81624739,35597524,121213909.02,0.1004,1,-0.2933,0
2022-12-27,sh.600016,2.8079886,2.84102376,2.8079886,2.83276497,2.8079886,34161622,117015803.42,0.0963,1,0.8824,0
2022-12-28,sh.600016,2.82450618,2.84928255,2.82450618,2.83276497,2.83276497,36567971,125692481.47,0.1031,1,0.0,0
2022-12-29,sh.600016,2.83276497,2.84928255,2.8079886,2.83276497,2.83276497,50128698,171585991.72,0.1414,1,0.0,0
2022-12-30,sh.600016,2.83276497,2.86580013,2.82450618,2.84928255,2.83276497,45990318,158862838.45,0.1297,1,0.5831,0
2023-01-03,sh.600016,2.85754134,2.85754134,2.82450618,2.84102376,2.84928255,58477549,201231771.19,0.1649,1,-0.2899,0
2023-01-04,sh.600016,2.84928255,2.87405892,2.84102376,2.86580013,2.84102376,55369288,192063422.74,0.1561,1,0.8721,0
2023-01-05,sh.600016,2.86580013,2.88231771,2.86580013,2.87405892,2.86580013,51002064,177603825.04,0.1438,1,0.2882,0
2023-01-06,sh.600016,2.88231771,2.88231771,2.84928255,2.86580013,2.87405892,50040998,173473524.93,0.1411,1,-0.2874,0
2023-01-09,sh.600016,2.86580013,2.87405892,2.84928255,2.85754134,2.86580013,52517759,182102931.91,0.1481,1,-0.2882,0
2023-01-10,sh.600016,2.86580013,2.86580013,2.83276497,2.83276497,2.85754134,47414081,163347404.66,0.1337,1,-0.8671,0
2023-01-11,sh.600016,2.84102376,2.84928255,2.83276497,2.84102376,2.83276497,49608421,170611043.96,0.1399,1,0.2915,0
2023-01-12,sh.600016,2.83276497,2.84102376,2.81624739,2.81624739,2.84102376,42177786,144147694.44,0.1189,1,-0.8721,0
2023-01-13,sh.600016,2.81624739,2.84928255,2.81624739,2.84928255,2.81624739,41673564,142997722.59,0.1175,1,1.173,0
2023-01-16,sh.600016,2.84928255,2.88231771,2.84102376,2.86580013,2.84928255,66494082,230651892.34,0.1875,1,0.5797,0
2023-01-17,sh.600016,2.87405892,2.87405892,2.84928255,2.86580013,2.86580013,35575934,123079822.65,0.1003,1,0.0,0
2023-01-18,sh.600016,2.86580013,2.87405892,2.85754134,2.87405892,2.86580013,34456114,119536024.98,0.0972,1,0.2882,0
2023-01-19,sh.600016,2.86580013,2.88231771,2.84928255,2.87405892,2.87405892,34139100,118379986.14,0.0963,1,0.0,0
2023-01-20,sh.600016,2.87405892,2.8905765,2.86580013,2.8905765,2.87405892,45358218,158216473.68,0.1279,1,0.5747,0
2023-01-30,sh.600016,2.90709408,2.91535287,2.88231771,2.8905765,2.8905765,56405171,197745260.45,0.1591,1,0.0,0
2023-01-31,sh.600016,2.88231771,2.8905765,2.87405892,2.88231771,2.8905765,49795720,173825050.29,0.1404,1,-0.2857,0
2023-02-01,sh.600016,2.88231771,2.8905765,2.86580013,2.8905765,2.88231771,56174252,195843889.06,0.1584,1,0.2865,0
2023-02-02,sh.600016,2.8905765,2.8905765,2.86580013,2.87405892,2.8905765,50780520,176908839.0,0.1432,1,-0.5714,0
2023-02-03,sh.600016,2.87405892,2.88231771,2.84102376,2.84928255,2.87405892,64229392,222020481.38,0.1811,1,-0.8621,0
2023-02-06,sh.600016,2.84102376,2.84928255,2.83276497,2.83276497,2.84928255,46346364,159195703.01,0.1307,1,-0.5797,0
2023-02-07,sh.600016,2.84102376,2.84928255,2.83276497,2.84102376,2.83276497,50144817,172599269.68,0.1414,1,0.2915,0
2023-02-08,sh.600016,2.84928255,2.84928255,2.83276497,2.84102376,2.84102376,31407714,108042107.53,0.0886,1,0.0,0
2023-02-09,sh.600016,2.83276497,2.84928255,2.83276497,2.84928255,2.84102376,37810864,130188031.92,0.1066,1,0.2907,0
2023-02-10,sh.600016,2.84928255,2.84928255,2.84102376,2.84102376,2.84928255,30264763,104191819.72,0.0853,1,-0.2899,0
2023-02-13,sh.600016,2.84928255,2.84928255,2.83276497,2.84102376,2.84102376,43453274,149508000.3,0.1225,1,0.0,0
2023-02-14,sh.600016,2.84928255,2.85754134,2.84102376,2.84928255,2.84102376,50172200,173197153.8,0.1415,1,0.2907,0
2023-02-15,sh.600016,2.85754134,2.85754134,2.84102376,2.84102376,2.84928255,27798247,95762310.97,0.0784,1,-0.2899,0
2023-02-16,sh.600016,2.84102376,2.85754134,2.83276497,2.83276497,2.84102376,53640010,184899892.23,0.1513,1,-0.2907,0
2023-02-17,sh.600016,2.84102376,2.84928255,2.82450618,2.82450618,2.83276497,44356799,152354266.83,0.1251,1,-0.2915,0
2023-02-20,sh.600016,2.83276497,2.84928255,2.82450618,2.84928255,2.82450618,55811905,191943812.97,0.1574,1,0.8772,0
2023-02-21,sh.600016,2.84928255,2.85754134,2.84102376,2.85754134,2.84928255,81562600,281376682.09,0.23,1,0.2899,0
2023-02-22,sh.600016,2.84928255,2.84928255,2.83276497,2.83276497,2.85754134,55686564,191521660.35,0.157,1,-0.8671,0
2023-02-23,sh.600016,2.84102376,2.84102376,2.83276497,2.83276497,2.83276497,34554724,118678855.32,0.0974,1,0.0,0
2023-02-24,sh.600016,2.83276497,2.84102376,2.81624739,2.81624739,2.83276497,51203141,175334592.49,0.1444,1,-0.5831,0
2023-02-27,sh.600016,2.81624739,2.82450618,2.8079886,2.8079886,2.81624739,40370273,137605664.73,0.1138,1,-0.2933,0
2023-02-28,sh.600016,2.8079886,2.82450618,2.8079886,2.81624739,2.8079886,39666714,135148512.43,0.1119,1,0.2941,0
2023-03-01,sh.600016,2.81624739,2.84102376,2.8079886,2.83276497,2.81624739,54758255,187554693.46,0.1544,1,0.5865,0
2023-03-02,sh.600016,2.83276497,2.84102376,2.82450618,2.83276497,2.83276497,64751100,222041168.21,0.1826,1,0.0,0
2023-03-03,sh.600016,2.83276497,2.85754134,2.83276497,2.85754134,2.83276497,100327299,345745012.28,0.2829,1,0.8746,0
2023-03-06,sh.600016,2.85754134,2.85754134,2.83276497,2.84102376,2.85754134,80029881,275474833.54,0.2257,1,-0.578,0
2023-03-07,sh.600016,2.84102376,2.88231771,2.83276497,2.84928255,2.84102376,169121363,586258890.08,0.4769,1,0.2907,0
2023-03-08,sh.600016,2.84102376,2.84928255,2.82450618,2.84102376,2.84928255,70391870,241511508.14,0.1985,1,-0.2899,0
2023-03-09,sh.600016,2.84102376,2.85754134,2.83276497,2.83276497,2.84102376,57078608,196474386.24,0.161,1,-0.2907,0
2023-03-10,sh.600016,2.83276497,2.84102376,2.8079886,2.8079886,2.83276497,61866946,211272638.14,0.1745,1,-0.8746,0
2023-03-13,sh.600016,2.79972981,2.81624739,2.79147102,2.8079886,2.8079886,80342335,272611337.37,0.2266,1,0.0,0
2023-03-14,sh.600016,2.79972981,2.8079886,2.78321223,2.79147102,2.8079886,60903895,206039060.18,0.1717,1,-0.5882,0
2023-03-15,sh.600016,2.79972981,2.8079886,2.79147102,2.79972981,2.79147102,46569294,157981486.92,0.1313,1,0.2959,0
2023-03-16,sh.600016,2.79972981,2.83276497,2.79147102,2.8079886,2.79972981,83394256,284014085.9,0.2352,1,0.295,0
2023-03-17,sh.600016,2.81624739,2.83276497,2.79972981,2.79972981,2.8079886,104504612,356208144.9,0.2947,1,-0.2941,0
2023-03-20,sh.600016,2.79972981,2.83276497,2.79972981,2.8079886,2.79972981,86472206,295154904.3,0.2438,1,0.295,0
2023-03-21,sh.600016,2.81624739,2.83276497,2.8079886,2.8079886,2.8079886,58867737,200701512.59,0.166,1,0.0,0
2023-03-22,sh.600016,2.81624739,2.83276497,2.8079886,2.82450618,2.8079886,61039049,208876126.83,0.1721,1,0.5882,0
2023-03-23,sh.600016,2.82450618,2.85754134,2.82450618,2.85754134,2.82450618,94762237,326429141.78,0.2672,1,1.1696,0
2023-03-24,sh.600016,2.85754134,2.85754134,2.84102376,2.84102376,2.85754134,57992075,200197384.52,0.1635,1,-0.578,0
2023-03-27,sh.600016,2.84928255,2.85754134,2.82450618,2.83276497,2.84102376,58594493,201247549.02,0.1652,1,-0.2907,0
2023-03-28,sh.600016,2.84102376,2.84928255,2.82450618,2.84102376,2.83276497,55746672,191633246.08,0.1572,1,0.2915,0
2023-03-29,sh.600016,2.84102376,2.85754134,2.83276497,2.83276497,2.84102376,51739343,178019771.78,0.1459,1,-0.2907,0
2023-03-30,sh.600016,2.84102376,2.87405892,2.83276497,2.87405892,2.83276497,91083138,314946401.13,0.2568,1,1.4577,0
2023-03-31,sh.600016,2.86580013,2.87405892,2.84102376,2.84928255,2.87405892,61889629,213941072.87,0.1745,1,-0.8621,0
2023-04-03,sh.600016,2.84928255,2.85754134,2.84102376,2.84928255,2.84928255,59828226,206558155.37,0.1687,1,0.0,0
2023-04-04,sh.600016,2.85754134,2.86580013,2.84928255,2.86580013,2.84928255,51214215,177325034.21,0.1444,1,0.5797,0
2023-04-06,sh.600016,2.86580013,2.86580013,2.84928255,2.85754134,2.86580013,32701967,113060123.64,0.0922,1,-0.2882,0
2023-04-07,sh.600016,2.84928255,2.85754134,2.84928255,2.85754134,2.85754134,26289714,90805106.3,0.0741,1,0.0,0
2023-04-10,sh.600016,2.85754134,2.85754134,2.84928255,2.85754134,2.85754134,35630179,123076611.55,0.1005,1,0.0,0
2023-04-11,sh.600016,2.85754134,2.85754134,2.84928255,2.84928255,2.85754134,42740887,147615161.15,0.1205,1,-0.289,0
2023-04-12,sh.600016,2.85754134,2.86580013,2.84928255,2.86580013,2.84928255,42370929,146774199.22,0.1195,1,0.5797,0
2023-04-13,sh.600016,2.86580013,2.88231771,2.85754134,2.87405892,2.86580013,60168129,208985188.72,0.1697,1,0.2882,0
2023-04-14,sh.600016,2.87405892,2.88231771,2.86580013,2.87405892,2.87405892,51218620,178219335.2,0.1444,1,0.0,0
2023-04-17,sh.600016,2.87405892,2.90709408,2.86580013,2.90709408,2.87405892,74014278,259091996.02,0.2087,1,1.1494,0
2023-04-18,sh.600016,2.89883529,2.95664682,2.89883529,2.94838803,2.90709408,107736732,383323977.25,0.3038,1,1.4205,0
2023-04-19,sh.600016,2.94838803,2.98968198,2.94012924,2.94838803,2.94838803,96787374,346706831.19,0.2729,1,0.0,0
2023-04-20,sh.600016,2.95664682,2.98142319,2.94012924,2.98142319,2.94838803,85436556,306662365.74,0.2409,1,1.1204,0
2023-04-21,sh.600016,2.98142319,2.98968198,2.93187045,2.94012924,2.98142319,101056907,362492689.14,0.285,1,-1.385,0
2023-04-24,sh.600016,2.94012924,2.9731644,2.94012924,2.94012924,2.94012924,70104795,250910183.74,0.1977,1,0.0,0
2023-04-25,sh.600016,2.94838803,2.98968198,2.94012924,2.98968198,2.94012924,101930284,367014750.16,0.2874,1,1.6854,0
2023-04-26,sh.600016,2.98968198,2.98968198,2.94012924,2.96490561,2.98968198,75567901,271429686.2,0.2131,1,-0.8287,0
2023-04-27,sh.600016,2.96490561,2.98968198,2.96490561,2.98968198,2.96490561,73050430,263455718.89,0.206,1,0.8357,0
2023-04-28,sh.600016,2.98142319,3.01445835,2.9731644,2.99794077,2.98968198,82607712,299950510.5,0.2329,1,0.2762,0
2023-05-04,sh.600016,3.02271714,3.29525721,3.01445835,3.29525721,2.99794077,535321365,2078732013.13,1.5096,1,9.9174,0
2023-05-05,sh.600016,3.37784511,3.50172696,3.34480995,3.42739785,3.29525721,842587792,3505164260.16,2.376,1,4.01,0
2023-05-08,sh.600016,3.41088027,3.73297308,3.41088027,3.66690276,3.42739785,912082306,3960533058.0,2.572,1,6.988,0
2023-05-09,sh.600016,3.66690276,3.69993792,3.52650333,3.5512797,3.66690276,680695941,2979614103.65,1.9195,1,-3.1532,0
2023-05-10,sh.600016,3.5512797,3.56779728,3.40262148,3.45217422,3.5512797,442514136,1854358902.32,1.2479,1,-2.7907,0
2023-05-11,sh.600016,3.42739785,3.50998575,3.41913906,3.42739785,3.45217422,241886937,1010615526.01,0.6821,1,-0.7177,0
2023-05-12,sh.600016,3.41088027,3.45217422,3.36958632,3.37784511,3.42739785,204890746,843129488.78,0.5778,1,-1.4458,0
2023-05-15,sh.600016,3.37784511,3.39436269,3.27873963,3.37784511,3.37784511,244456110,986747529.81,0.6893,1,0.0,0
2023-05-16,sh.600016,3.3861039,3.41913906,3.33655116,3.35306874,3.37784511,173968885,710280461.75,0.4906,1,-0.7335,0
2023-05-17,sh.600016,3.34480995,3.36958632,3.303516,3.33655116,3.35306874,111931843,451995723.51,0.3156,1,-0.4926,0
2023-05-18,sh.600016,3.35306874,3.40262148,3.33655116,3.35306874,3.33655116,172311116,702693220.15,0.4859,1,0.495,0
2023-05-19,sh.600016,3.35306874,3.35306874,3.303516,3.32829237,3.35306874,140080025,564020951.74,0.395,1,-0.7389,0
2023-05-22,sh.600016,3.32003358,3.36132753,3.32003358,3.34480995,3.32829237,132892918,537158075.22,0.3747,1,0.4963,0
2023-05-23,sh.600016,3.34480995,3.36958632,3.27873963,3.28699842,3.34480995,134974894,542303784.85,0.3806,1,-1.7284,0
2023-05-24,sh.600016,3.28699842,3.28699842,3.2209281,3.22918689,3.28699842,188118109,740316089.17,0.5305,1,-1.7588,0
2023-05-25,sh.600016,3.21266931,3.23744568,3.19615173,3.22918689,3.22918689,113068922,440362802.52,0.3188,1,0.0,0
2023-05-26,sh.600016,3.23744568,3.25396326,3.17963415,3.2209281,3.22918689,97994487,381186484.15,0.2763,1,-0.2558,0
2023-05-29,sh.600016,3.22918689,3.27873963,3.2209281,3.25396326,3.2209281,100864900,396813858.51,0.2844,1,1.0256,0
2023-05-30,sh.600016,3.24570447,3.27048084,3.2209281,3.23744568,3.25396326,93157739,365606200.96,0.2627,1,-0.5076,0
2023-05-31,sh.600016,3.23744568,3.27873963,3.2209281,3.27048084,3.23744568,93995729,370520747.01,0.2651,1,1.0204,0
2023-06-01,sh.600016,3.25396326,3.26222205,3.21266931,3.22918689,3.27048084,96304908,377252278.46,0.2716,1,-1.2626,0
2023-06-02,sh.600016,3.23744568,3.25396326,3.2209281,3.24570447,3.22918689,67288669,263765280.65,0.1897,1,0.5115,0
2023-06-05,sh.600016,3.24570447,3.31177479,3.22918689,3.303516,3.24570447,97775327,388968536.98,0.2757,1,1.7812,0
2023-06-06,sh.600016,3.29525721,3.32829237,3.26222205,3.27048084,3.303516,80001777,319310007.89,0.2256,1,-1.0,0
2023-06-07,sh.600016,3.27048084,3.31177479,3.27048084,3.28699842,3.27048084,57140655,227750708.42,0.1611,1,0.5051,0
2023-06-08,sh.600016,3.29525721,3.35306874,3.26222205,3.34480995,3.28699842,111527767,447767142.89,0.3145,1,1.7588,0
2023-06-09,sh.600016,3.33655116,3.35306874,3.303516,3.31177479,3.34480995,76548765,308079918.26,0.2159,1,-0.9877,0
2023-06-12,sh.600016,3.32003358,3.32003358,3.27048084,3.27048084,3.31177479,87274401,346922963.01,0.2461,1,-1.2469,0
2023-06-13,sh.600016,3.27048084,3.28699842,3.25396326,3.27048084,3.27048084,61590485,243877655.5,0.1737,1,0.0,0
2023-06-14,sh.600016,3.27873963,3.28699842,3.23744568,3.24570447,3.27048084,82628612,325631317.65,0.233,1,-0.7576,0
2023-06-15,sh.600016,3.24570447,3.26222205,3.23744568,3.25396326,3.24570447,53827912,211757051.91,0.1518,1,0.2545,0
2023-06-16,sh.600016,3.25396326,3.27873963,3.24570447,3.25396326,3.25396326,84094426,331843626.32,0.2371,1,0.0,0
2023-06-19,sh.600016,3.25396326,3.26222205,3.2209281,3.2209281,3.25396326,78857094,308534852.26,0.2224,1,-1.0152,0
2023-06-20,sh.600016,3.22918689,3.23744568,3.21266931,3.2209281,3.2209281,61434424,240020032.84,0.1732,1,0.0,0
2023-06-21,sh.600016,3.2209281,3.28699842,3.21266931,3.23744568,3.2209281,111478047,439901219.69,0.3144,1,0.5128,0
2023-06-26,sh.600016,3.24616872,3.24616872,3.17635864,3.20253742,3.23744246,110643629,407173129.49,0.312,1,-1.0782,0
2023-06-27,sh.600016,3.20253742,3.28107376,3.1850849,3.26362124,3.20253742,84297521,313808507.76,0.2377,1,1.9074,0
2023-06-28,sh.600016,3.26362124,3.28107376,3.23744246,3.24616872,3.26362124,45061712,167858415.06,0.1271,1,-0.5348,0
2023-06-29,sh.600016,3.24616872,3.2723475,3.2287162,3.26362124,3.24616872,40568065,151369695.62,0.1144,1,0.5376,0
2023-06-30,sh.600016,3.26362124,3.28980002,3.25489498,3.2723475,3.26362124,44368834,166668910.27,0.1251,1,0.2674,0
2023-07-03,sh.600016,3.2723475,3.32470506,3.2723475,3.3159788,3.2723475,58253649,220534050.13,0.1643,1,1.3333,0
2023-07-04,sh.600016,3.3159788,3.32470506,3.2723475,3.28980002,3.3159788,42567558,160642755.39,0.12,1,-0.7895,0
2023-07-05,sh.600016,3.28107376,3.29852628,3.2723475,3.2723475,3.28980002,33755861,126987761.92,0.0952,1,-0.5305,0
2023-07-06,sh.600016,3.2723475,3.28980002,3.25489498,3.26362124,3.2723475,41502295,155542990.55,0.117,1,-0.2667,0
2023-07-07,sh.600016,3.26362124,3.29852628,3.26362124,3.28980002,3.26362124,46610878,175454461.28,0.1314,1,0.8021,0
2023-07-10,sh.600016,3.28980002,3.29852628,3.24616872,3.25489498,3.28980002,47042516,175975267.23,0.1327,1,-1.061,0
2023-07-11,sh.600016,3.25489498,3.29852628,3.24616872,3.29852628,3.25489498,48024435,180795653.68,0.1354,1,1.3405,0
2023-07-12,sh.600016,3.28980002,3.3159788,3.28107376,3.28980002,3.29852628,40460351,152865326.6,0.1141,1,-0.2646,0
2023-07-13,sh.600016,3.29852628,3.33343132,3.28980002,3.33343132,3.28980002,43651119,166056543.51,0.1231,1,1.3263,0
2023-07-14,sh.600016,3.32470506,3.37706262,3.32470506,3.36833636,3.33343132,66378201,255708929.0,0.1872,1,1.0471,0
2023-07-17,sh.600016,3.35088384,3.38578888,3.33343132,3.38578888,3.36833636,47695308,183773730.51,0.1345,1,0.5181,0
2023-07-18,sh.600016,3.38578888,3.41196766,3.3596101,3.39451514,3.38578888,59955074,232699508.41,0.1691,1,0.2577,0
2023-07-19,sh.600016,3.39451514,3.42942018,3.37706262,3.42069392,3.39451514,49598440,193486200.37,0.1399,1,0.7712,0
2023-07-20,sh.600016,3.42069392,3.4468727,3.4032414,3.41196766,3.42069392,57499917,225761443.64,0.1621,1,-0.2551,0
2023-07-21,sh.600016,3.41196766,3.42942018,3.4032414,3.42942018,3.41196766,45714141,179185744.5,0.1289,1,0.5115,0
2023-07-24,sh.600016,3.42069392,3.43814644,3.4032414,3.41196766,3.42942018,44980191,176318648.23,0.1268,1,-0.5089,0
2023-07-25,sh.600016,3.42069392,3.45559896,3.42069392,3.42942018,3.41196766,66639889,262109508.37,0.1879,1,0.5115,0
2023-07-26,sh.600016,3.42942018,3.4468727,3.41196766,3.42942018,3.42942018,49161679,193185946.17,0.1386,1,0.0,0
2023-07-27,sh.600016,3.42942018,3.46432522,3.42942018,3.43814644,3.42942018,52674042,207911714.55,0.1485,1,0.2545,0
2023-07-28,sh.600016,3.43814644,3.51668278,3.42942018,3.50795652,3.43814644,125362675,500335425.98,0.3535,1,2.0305,0
2023-07-31,sh.600016,3.50795652,3.54286156,3.48177774,3.50795652,3.50795652,108676511,437060845.66,0.3065,1,0.0,0
2023-08-01,sh.600016,3.50795652,3.51668278,3.48177774,3.49923026,3.50795652,71408926,286232941.72,0.2014,1,-0.2488,0
2023-08-02,sh.600016,3.49923026,3.49923026,3.43814644,3.45559896,3.49923026,105506178,418378167.96,0.2975,1,-1.2469,0
2023-08-03,sh.600016,3.4468727,3.490504,3.4468727,3.490504,3.45559896,74067018,294222809.24,0.2089,1,1.0101,0
2023-08-04,sh.600016,3.490504,3.52540904,3.47305148,3.48177774,3.490504,109651264,439860288.06,0.3092,1,-0.25,0
2023-08-07,sh.600016,3.47305148,3.48177774,3.43814644,3.46432522,3.48177774,77884504,308309202.83,0.2196,1,-0.5013,0
2023-08-08,sh.600016,3.4468727,3.48177774,3.43814644,3.45559896,3.46432522,62237941,246655918.32,0.1755,1,-0.2519,0
2023-08-09,sh.600016,3.45559896,3.49923026,3.4468727,3.490504,3.45559896,85894036,342996015.84,0.2422,1,1.0101,0
2023-08-10,sh.600016,3.490504,3.50795652,3.46432522,3.50795652,3.490504,64311635,257088346.34,0.1814,1,0.5,0
2023-08-11,sh.600016,3.51668278,3.52540904,3.4468727,3.45559896,3.50795652,81599513,325659129.44,0.2301,1,-1.4925,0
2023-08-14,sh.600016,3.42942018,3.42942018,3.37706262,3.38578888,3.45559896,92523266,360738200.65,0.2609,1,-2.0202,0
2023-08-15,sh.600016,3.39451514,3.49923026,3.39451514,3.48177774,3.38578888,128578750,509372605.03,0.3626,1,2.8351,0
2023-08-16,sh.600016,3.47305148,3.50795652,3.43814644,3.47305148,3.48177774,69602459,276993293.84,0.1963,1,-0.2506,0
2023-08-17,sh.600016,3.47305148,3.490504,3.42069392,3.43814644,3.47305148,94624912,373409013.38,0.2668,1,-1.005,0
2023-08-18,sh.600016,3.43814644,3.50795652,3.42942018,3.46432522,3.43814644,97339589,388508289.83,0.2745,1,0.7614,0
2023-08-21,sh.600016,3.46432522,3.490504,3.42069392,3.42069392,3.46432522,79856394,315905880.66,0.2252,1,-1.2594,0
2023-08-22,sh.600016,3.42942018,3.490504,3.42069392,3.48177774,3.42069392,92892976,369040405.6,0.2619,1,1.7857,0
2023-08-23,sh.600016,3.48177774,3.50795652,3.46432522,3.48177774,3.48177774,87503812,349795716.13,0.2468,1,0.0,0
2023-08-24,sh.600016,3.47305148,3.490504,3.43814644,3.45559896,3.48177774,76584198,303710482.06,0.216,1,-0.7519,0
2023-08-25,sh.600016,3.4468727,3.50795652,3.4468727,3.490504,3.45559896,91175346,364849213.76,0.2571,1,1.0101,0
2023-08-28,sh.600016,3.59521912,3.63012416,3.490504,3.49923026,3.490504,162079730,657153639.4,0.4571,1,0.25,0
2023-08-29,sh.600016,3.49923026,3.51668278,3.4468727,3.46432522,3.49923026,114683165,456547467.34,0.3234,1,-0.9975,0
2023-08-30,sh.600016,3.45559896,3.47305148,3.42069392,3.42942018,3.46432522,72603776,285920596.36,0.2047,1,-1.0076,0
2023-08-31,sh.600016,3.39451514,3.41196766,3.29852628,3.29852628,3.42942018,177017798,678512676.86,0.4992,1,-3.8168,0
2023-09-01,sh.600016,3.30725254,3.35088384,3.29852628,3.33343132,3.29852628,57906497,220943429.37,0.1633,1,1.0582,0
2023-09-04,sh.600016,3.34215758,3.42069392,3.33343132,3.38578888,3.33343132,80354745,311710652.2,0.2266,1,1.5707,0
2023-09-05,sh.600016,3.38578888,3.38578888,3.33343132,3.33343132,3.38578888,58508007,224527238.5,0.165,1,-1.5464,0
2023-09-06,sh.600016,3.33343132,3.34215758,3.30725254,3.3159788,3.33343132,55419611,210682664.09,0.1563,1,-0.5236,0
2023-09-07,sh.600016,3.3159788,3.3159788,3.28107376,3.29852628,3.3159788,65640468,248300588.88,0.1851,1,-0.5263,0
2023-09-08,sh.600016,3.28980002,3.30725254,3.28107376,3.29852628,3.29852628,42584294,160818437.87,0.1201,1,0.0,0
2023-09-11,sh.600016,3.30725254,3.32470506,3.29852628,3.3159788,3.29852628,71842784,272608861.47,0.2026,1,0.5291,0
2023-09-12,sh.600016,3.3159788,3.32470506,3.29852628,3.30725254,3.3159788,38747707,146781984.23,0.1093,1,-0.2632,0
2023-09-13,sh.600016,3.30725254,3.32470506,3.29852628,3.29852628,3.30725254,44413098,168316820.19,0.1252,1,-0.2639,0
2023-09-14,sh.600016,3.30725254,3.36833636,3.29852628,3.3596101,3.29852628,97446518,373096559.42,0.2748,1,1.8519,0
2023-09-15,sh.600016,3.35088384,3.36833636,3.29852628,3.29852628,3.3596101,81078815,308749061.29,0.2286,1,-1.8182,0
2023-09-18,sh.600016,3.30725254,3.3159788,3.28107376,3.3159788,3.29852628,57120843,215974639.64,0.1611,1,0.5291,0
2023-09-19,sh.600016,3.30725254,3.35088384,3.30725254,3.34215758,3.3159788,87458403,333769093.15,0.2466,1,0.7895,0
2023-09-20,sh.600016,3.34215758,3.37706262,3.33343132,3.3596101,3.34215758,59669593,229813100.01,0.1683,1,0.5222,0
2023-09-21,sh.600016,3.3596101,3.37706262,3.33343132,3.33343132,3.3596101,59450092,228091595.7,0.1676,1,-0.7792,0
2023-09-22,sh.600016,3.34215758,3.35088384,3.30725254,3.34215758,3.33343132,65471910,250026232.12,0.1846,1,0.2618,0
2023-09-25,sh.600016,3.34215758,3.37706262,3.33343132,3.3596101,3.34215758,70978257,273474133.41,0.2002,1,0.5222,0
2023-09-26,sh.600016,3.36833636,3.36833636,3.33343132,3.33343132,3.3596101,36980529,141840289.91,0.1043,1,-0.7792,0
2023-09-27,sh.600016,3.34215758,3.3596101,3.32470506,3.33343132,3.33343132,41687314,159475678.82,0.1176,1,0.0,0
2023-09-28,sh.600016,3.33343132,3.3596101,3.32470506,3.35088384,3.33343132,44039083,168810816.02,0.1242,1,0.5236,0
2023-10-09,sh.600016,3.3159788,3.32470506,3.1850849,3.19381116,3.35088384,142669712,528545403.51,0.4023,1,-4.6875,0
2023-10-10,sh.600016,3.20253742,3.21998994,3.16763238,3.1850849,3.19381116,68536161,250609693.67,0.1933,1,-0.2732,0
2023-10-11,sh.600016,3.1850849,3.25489498,3.1850849,3.23744246,3.1850849,83380011,308430311.54,0.2351,1,1.6438,0
2023-10-12,sh.600016,3.26362124,3.29852628,3.25489498,3.26362124,3.23744246,88519470,332334373.42,0.2496,1,0.8086,0
2023-10-13,sh.600016,3.26362124,3.28980002,3.24616872,3.26362124,3.26362124,60753645,227484755.39,0.1713,1,0.0,0
2023-10-16,sh.600016,3.2723475,3.29852628,3.25489498,3.28980002,3.26362124,65990518,248225549.79,0.1861,1,0.8021,0
2023-10-17,sh.600016,3.29852628,3.30725254,3.28107376,3.28980002,3.28980002,48176788,181991483.32,0.1359,1,0.0,0
2023-10-18,sh.600016,3.28980002,3.30725254,3.2723475,3.2723475,3.28980002,42258450,159117871.1,0.1192,1,-0.5305,0
2023-10-19,sh.600016,3.26362124,3.2723475,3.1850849,3.1850849,3.2723475,79576379,293428770.52,0.2244,1,-2.6667,0
2023-10-20,sh.600016,3.17635864,3.21126368,3.16763238,3.1850849,3.1850849,61953223,226349197.85,0.1747,1,0.0,0
2023-10-23,sh.600016,3.1850849,3.21126368,3.15017986,3.17635864,3.1850849,57901940,211102011.22,0.1633,1,-0.274,0
2023-10-24,sh.600016,3.17635864,3.19381116,3.12400108,3.13272734,3.17635864,80547790,290327482.73,0.2271,1,-1.3736,0
2023-10-25,sh.600016,3.15017986,3.19381116,3.13272734,3.19381116,3.13272734,64747201,234989231.62,0.1826,1,1.9499,0
2023-10-26,sh.600016,3.17635864,3.2287162,3.16763238,3.21998994,3.19381116,58483570,215009804.34,0.1649,1,0.8197,0
2023-10-27,sh.600016,3.21998994,3.2287162,3.19381116,3.19381116,3.21998994,42027107,154515471.25,0.1185,1,-0.813,0
2023-10-30,sh.600016,3.19381116,3.19381116,3.1414536,3.15017986,3.19381116,71323735,258196573.55,0.2011,1,-1.3661,0
2023-10-31,sh.600016,3.15890612,3.25489498,3.15017986,3.24616872,3.15017986,116179129,428485455.8,0.3276,1,3.0471,0
2023-11-01,sh.600016,3.25489498,3.2723475,3.21998994,3.25489498,3.24616872,64937323,241774614.89,0.1831,1,0.2688,0
2023-11-02,sh.600016,3.25489498,3.32470506,3.25489498,3.3159788,3.25489498,98733809,374332548.34,0.2784,1,1.8767,0
2023-11-03,sh.600016,3.32470506,3.34215758,3.29852628,3.30725254,3.3159788,75700942,287922392.13,0.2135,1,-0.2632,0
2023-11-06,sh.600016,3.32470506,3.33343132,3.28107376,3.30725254,3.30725254,79992102,303297436.34,0.2256,1,0.0,0
2023-11-07,sh.600016,3.3159788,3.3596101,3.30725254,3.34215758,3.30725254,69831986,267282777.75,0.1969,1,1.0554,0
2023-11-08,sh.600016,3.34215758,3.3596101,3.30725254,3.3159788,3.34215758,59451473,226825019.88,0.1676,1,-0.7833,0
2023-11-09,sh.600016,3.3159788,3.36833636,3.30725254,3.35088384,3.3159788,62492158,240290058.59,0.1762,1,1.0526,0
2023-11-10,sh.600016,3.34215758,3.3596101,3.3159788,3.32470506,3.35088384,60830775,232148381.2,0.1715,1,-0.7813,0
2023-11-13,sh.600016,3.33343132,3.34215758,3.30725254,3.33343132,3.32470506,53704611,204924210.71,0.1514,1,0.2625,0
2023-11-14,sh.600016,3.33343132,3.38578888,3.32470506,3.3596101,3.33343132,61713425,237891549.09,0.174,1,0.7853,0
2023-11-15,sh.600016,3.36833636,3.37706262,3.33343132,3.34215758,3.3596101,40074619,154058579.55,0.113,1,-0.5195,0
2023-11-16,sh.600016,3.35088384,3.37706262,3.34215758,3.3596101,3.34215758,75295025,290322076.78,0.2123,1,0.5222,0
2023-11-17,sh.600016,3.35088384,3.3596101,3.3159788,3.3159788,3.3596101,51850596,197984448.3,0.1462,1,-1.2987,0
2023-11-20,sh.600016,3.33343132,3.35088384,3.3159788,3.34215758,3.3159788,45070521,172162578.32,0.1271,1,0.7895,0
2023-11-21,sh.600016,3.33343132,3.36833636,3.33343132,3.35088384,3.34215758,55463134,213365082.27,0.1564,1,0.2611,0
2023-11-22,sh.600016,3.3596101,3.36833636,3.34215758,3.34215758,3.35088384,40295102,154964336.61,0.1136,1,-0.2604,0
2023-11-23,sh.600016,3.35088384,3.35088384,3.32470506,3.34215758,3.34215758,39411731,150751135.82,0.1111,1,0.0,0
2023-11-24,sh.600016,3.35088384,3.36833636,3.33343132,3.34215758,3.34215758,49529386,190214336.33,0.1397,1,0.0,0
2023-11-27,sh.600016,3.34215758,3.36833636,3.30725254,3.3596101,3.34215758,68417709,261776945.08,0.1929,1,0.5222,0
2023-11-28,sh.600016,3.3596101,3.36833636,3.34215758,3.35088384,3.3596101,36416504,140018790.38,0.1027,1,-0.2597,0
2023-11-29,sh.600016,3.35088384,3.35088384,3.30725254,3.30725254,3.35088384,47265257,179812911.16,0.1333,1,-1.3021,0
2023-11-30,sh.600016,3.30725254,3.36833636,3.29852628,3.3596101,3.30725254,80872987,310333768.94,0.2281,1,1.5831,0
2023-12-01,sh.600016,3.3596101,3.37706262,3.34215758,3.37706262,3.3596101,64106644,247301495.64,0.1808,1,0.5195,0
2023-12-04,sh.600016,3.36833636,3.4032414,3.36833636,3.37706262,3.37706262,58375784,226296008.22,0.1646,1,0.0,0
2023-12-05,sh.600016,3.37706262,3.38578888,3.32470506,3.34215758,3.37706262,59774885,229818690.58,0.1686,1,-1.0336,0
2023-12-06,sh.600016,3.33343132,3.34215758,3.26362124,3.30725254,3.34215758,76552203,289988993.47,0.2159,1,-1.0444,0
2023-12-07,sh.600016,3.3159788,3.34215758,3.28107376,3.32470506,3.30725254,60181816,228716723.1,0.1697,1,0.5277,0
2023-12-08,sh.600016,3.3159788,3.36833636,3.29852628,3.33343132,3.32470506,80654557,308940022.83,0.2274,1,0.2625,0
2023-12-11,sh.600016,3.33343132,3.34215758,3.26362124,3.32470506,3.33343132,83012156,314473716.98,0.2341,1,-0.2618,0
2023-12-12,sh.600016,3.32470506,3.36833636,3.30725254,3.3596101,3.32470506,59775729,229715205.28,0.1686,1,1.0499,0
2023-12-13,sh.600016,3.36833636,3.37706262,3.33343132,3.33343132,3.3596101,41667590,160127638.62,0.1175,1,-0.7792,0
2023-12-14,sh.600016,3.3596101,3.3596101,3.30725254,3.30725254,3.33343132,43902712,167201453.38,0.1238,1,-0.7853,0
2023-12-15,sh.600016,3.32470506,3.33343132,3.2723475,3.2723475,3.30725254,66585716,251345131.17,0.1878,1,-1.0554,0
2023-12-18,sh.600016,3.2723475,3.32470506,3.26362124,3.3159788,3.2723475,68498345,259672980.87,0.1932,1,1.3333,0
2023-12-19,sh.600016,3.30725254,3.32470506,3.28980002,3.30725254,3.3159788,52834937,200487300.59,0.149,1,-0.2632,0
2023-12-20,sh.600016,3.3159788,3.35088384,3.3159788,3.3159788,3.30725254,62676494,239054320.66,0.1767,1,0.2639,0
2023-12-21,sh.600016,3.30725254,3.30725254,3.26362124,3.29852628,3.3159788,74081657,278931855.78,0.2089,1,-0.5263,0
2023-12-22,sh.600016,3.3159788,3.33343132,3.28980002,3.28980002,3.29852628,63443234,240652274.39,0.1789,1,-0.2646,0
2023-12-25,sh.600016,3.28980002,3.33343132,3.28980002,3.3159788,3.28980002,62043327,235769473.88,0.175,1,0.7958,0
2023-12-26,sh.600016,3.32470506,3.32470506,3.28980002,3.29852628,3.3159788,41248508,156207831.14,0.1163,1,-0.5263,0
2023-12-27,sh.600016,3.29852628,3.30725254,3.24616872,3.26362124,3.29852628,67424809,252721303.5,0.1901,1,-1.0582,0
2023-12-28,sh.600016,3.26362124,3.29852628,3.25489498,3.26362124,3.26362124,101861225,381954488.72,0.2872,1,0.0,0
2023-12-29,sh.600016,3.2723475,3.28107376,3.26362124,3.26362124,3.26362124,58755877,220162436.98,0.1657,1,0.0,0
2024-01-02,sh.600016,3.26362124,3.30725254,3.25489498,3.28107376,3.26362124,79386373,298931172.54,0.2239,1,0.5348,0
2024-01-03,sh.600016,3.28107376,3.28980002,3.26362124,3.28107376,3.28107376,68760441,258256875.89,0.1939,1,0.0,0
2024-01-04,sh.600016,3.2723475,3.28980002,3.25489498,3.28107376,3.28107376,77184846,289446088.74,0.2177,1,0.0,0
2024-01-05,sh.600016,3.28107376,3.3596101,3.2723475,3.32470506,3.28107376,151159354,575570328.56,0.4263,1,1.3298,0
2024-01-08,sh.600016,3.30725254,3.34215758,3.2723475,3.28107376,3.32470506,103199502,390071462.46,0.291,1,-1.3123,0
2024-01-09,sh.600016,3.28107376,3.3159788,3.25489498,3.3159788,3.28107376,93088031,350729595.25,0.2625,1,1.0638,0
2024-01-10,sh.600016,3.30725254,3.33343132,3.28107376,3.28107376,3.3159788,59095670,223539693.63,0.1666,1,-1.0526,0
2024-01-11,sh.600016,3.28107376,3.28980002,3.24616872,3.24616872,3.28107376,89510431,335279606.34,0.2524,1,-1.0638,0
2024-01-12,sh.600016,3.24616872,3.28107376,3.24616872,3.26362124,3.24616872,55254505,206779966.19,0.1558,1,0.5376,0
2024-01-15,sh.600016,3.25489498,3.28107376,3.23744246,3.26362124,3.26362124,65205657,243477241.77,0.1839,1,0.0,0
2024-01-16,sh.600016,3.26362124,3.34215758,3.25489498,3.34215758,3.26362124,133957052,508285823.46,0.3777,1,2.4064,0
2024-01-17,sh.600016,3.33343132,3.36833636,3.3159788,3.32470506,3.34215758,109138152,418561334.51,0.3078,1,-0.5222,0
2024-01-18,sh.600016,3.32470506,3.33343132,3.1850849,3.2723475,3.32470506,205505408,763558346.84,0.5795,1,-1.5748,0
2024-01-19,sh.600016,3.26362124,3.29852628,3.2287162,3.28980002,3.2723475,126006705,472120839.5,0.3553,1,0.5333,0
2024-01-22,sh.600016,3.28107376,3.32470506,3.24616872,3.26362124,3.28980002,166584597,628895368.43,0.4698,1,-0.7958,0
2024-01-23,sh.600016,3.25489498,3.28107376,3.21998994,3.26362124,3.26362124,92180775,343931653.07,0.2599,1,0.0,0
2024-01-24,sh.600016,3.2723475,3.35088384,3.2723475,3.34215758,3.26362124,132248410,502164951.21,0.3729,1,2.4064,0
2024-01-25,sh.600016,3.35088384,3.39451514,3.34215758,3.38578888,3.34215758,113692409,439430106.42,0.3206,1,1.3055,0
2024-01-26,sh.600016,3.39451514,3.490504,3.39451514,3.490504,3.38578888,164314055,649922275.43,0.4634,1,3.0928,0
2024-01-29,sh.600016,3.490504,3.51668278,3.4468727,3.47305148,3.490504,126829302,505780830.48,0.3576,1,-0.5,0
2024-01-30,sh.600016,3.46432522,3.49923026,3.42942018,3.45559896,3.47305148,116638675,464320484.08,0.3289,1,-0.5025,0
2024-01-31,sh.600016,3.4468727,3.47305148,3.41196766,3.4468727,3.45559896,102638166,405620546.13,0.2894,1,-0.2525,0
2024-02-01,sh.600016,3.43814644,3.45559896,3.39451514,3.42069392,3.4468727,115168529,452424808.94,0.3248,1,-0.7595,0
2024-02-02,sh.600016,3.42942018,3.48177774,3.39451514,3.4468727,3.42069392,152350448,601951605.19,0.4296,1,0.7653,0
2024-02-05,sh.600016,3.4468727,3.48177774,3.41196766,3.4468727,3.4468727,189575224,748359808.4,0.5346,1,0.0,0
2024-02-06,sh.600016,3.4468727,3.47305148,3.41196766,3.46432522,3.4468727,167796110,663310460.92,0.4732,1,0.5063,0
2024-02-07,sh.600016,3.46432522,3.47305148,3.4032414,3.45559896,3.46432522,195445858,770219305.09,0.5511,1,-0.2519,0
2024-02-08,sh.600016,3.4468727,3.45559896,3.3596101,3.4468727,3.45559896,180793845,705866161.48,0.5098,1,-0.2525,0
2024-02-19,sh.600016,3.4468727,3.49923026,3.43814644,3.49923026,3.4468727,144369634,574058276.55,0.4071,1,1.519,0
2024-02-20,sh.600016,3.490504,3.56904034,3.48177774,3.56031408,3.49923026,120231882,488070201.98,0.339,1,1.7456,0
2024-02-21,sh.600016,3.56031408,3.63012416,3.54286156,3.58649286,3.56031408,145359104,599448354.73,0.4099,1,0.7353,0
2024-02-22,sh.600016,3.58649286,3.6213979,3.56031408,3.58649286,3.58649286,89158319,366346872.74,0.2514,1,0.0,0
2024-02-23,sh.600016,3.59521912,3.64757668,3.58649286,3.60394538,3.58649286,91285280,378453702.11,0.2574,1,0.4866,0
2024-02-26,sh.600016,3.59521912,3.61267164,3.49923026,3.50795652,3.60394538,105913849,430053683.32,0.2987,1,-2.6634,0
2024-02-27,sh.600016,3.50795652,3.54286156,3.49923026,3.52540904,3.50795652,61278900,247057619.78,0.1728,1,0.4975,0
2024-02-28,sh.600016,3.52540904,3.56031408,3.49923026,3.5341353,3.52540904,96868917,392196531.29,0.2732,1,0.2475,0
2024-02-29,sh.600016,3.52540904,3.54286156,3.50795652,3.52540904,3.5341353,103266960,417304495.0,0.2912,1,-0.2469,0
2024-03-01,sh.600016,3.52540904,3.55158782,3.51668278,3.54286156,3.52540904,95758875,387803087.11,0.27,1,0.495,0
2024-03-04,sh.600016,3.5341353,3.54286156,3.49923026,3.50795652,3.54286156,82979834,334233889.62,0.234,1,-0.9852,0
2024-03-05,sh.600016,3.50795652,3.56904034,3.49923026,3.55158782,3.50795652,123795377,502674526.87,0.3491,1,1.2438,0
2024-03-06,sh.600016,3.56031408,3.5777666,3.54286156,3.55158782,3.55158782,68752032,280325765.25,0.1939,1,0.0,0
2024-03-07,sh.600016,3.54286156,3.5777666,3.5341353,3.56031408,3.55158782,73468825,299553492.61,0.2072,1,0.2457,0
2024-03-08,sh.600016,3.56031408,3.5777666,3.54286156,3.55158782,3.56031408,58081470,236741379.28,0.1638,1,-0.2451,0
2024-03-11,sh.600016,3.55158782,3.56904034,3.51668278,3.5341353,3.55158782,77653760,314308586.18,0.219,1,-0.4914,0
2024-03-12,sh.600016,3.52540904,3.5341353,3.49923026,3.50795652,3.5341353,84311537,339227136.46,0.2378,1,-0.7407,0
2024-03-13,sh.600016,3.49923026,3.50795652,3.46432522,3.46432522,3.50795652,66093941,263642831.01,0.1864,1,-1.2438,0
2024-03-14,sh.600016,3.46432522,3.48177774,3.4468727,3.4468727,3.46432522,66142787,262433148.22,0.1865,1,-0.5038,0
2024-03-15,sh.600016,3.45559896,3.48177774,3.4468727,3.48177774,3.4468727,76198265,302892415.63,0.2149,1,1.0127,0
2024-03-18,sh.600016,3.47305148,3.49923026,3.46432522,3.47305148,3.48177774,64196571,256024739.97,0.181,1,-0.2506,0
2024-03-19,sh.600016,3.47305148,3.48177774,3.4468727,3.4468727,3.47305148,55090793,218184633.67,0.1554,1,-0.7538,0
2024-03-20,sh.600016,3.4468727,3.46432522,3.42069392,3.45559896,3.4468727,62559299,246816775.24,0.1764,1,0.2532,0
2024-03-21,sh.600016,3.45559896,3.490504,3.4468727,3.45559896,3.45559896,63432121,251916739.21,0.1789,1,0.0,0
2024-03-22,sh.600016,3.46432522,3.46432522,3.42069392,3.45559896,3.45559896,79484704,313708164.06,0.2241,1,0.0,0
2024-03-25,sh.600016,3.45559896,3.48177774,3.42942018,3.46432522,3.45559896,74668752,296236252.65,0.2106,1,0.2525,0
2024-03-26,sh.600016,3.46432522,3.49923026,3.45559896,3.49923026,3.46432522,92081098,367320087.97,0.2597,1,1.0076,0
2024-03-27,sh.600016,3.49923026,3.5777666,3.490504,3.55158782,3.49923026,156157244,634044331.12,0.4403,1,1.4963,0
2024-03-28,sh.600016,3.55158782,3.56904034,3.50795652,3.54286156,3.55158782,130247342,527398745.11,0.3673,1,-0.2457,0
2024-03-29,sh.600016,3.52540904,3.59521912,3.51668278,3.5341353,3.54286156,114528761,466618022.26,0.323,1,-0.2463,0
2024-04-01,sh.600016,3.5341353,3.55158782,3.49923026,3.50795652,3.5341353,99963729,402828360.62,0.2819,1,-0.7407,0
2024-04-02,sh.600016,3.50795652,3.56031408,3.50795652,3.54286156,3.50795652,109915841,445847637.78,0.31,1,0.995,0
2024-04-03,sh.600016,3.54286156,3.55158782,3.49923026,3.51668278,3.54286156,69996239,282515895.51,0.1974,1,-0.7389,0
2024-04-08,sh.600016,3.51668278,3.5341353,3.49923026,3.49923026,3.51668278,93846171,378029788.18,0.2646,1,-0.4963,0
2024-04-09,sh.600016,3.50795652,3.51668278,3.45559896,3.47305148,3.49923026,107154348,427319159.24,0.3022,1,-0.7481,0
2024-04-10,sh.600016,3.46432522,3.49923026,3.45559896,3.46432522,3.47305148,75582172,301503938.19,0.2131,1,-0.2513,0
2024-04-11,sh.600016,3.45559896,3.46432522,3.42069392,3.43814644,3.46432522,81996128,323630141.66,0.2312,1,-0.7557,0
2024-04-12,sh.600016,3.4468727,3.47305148,3.4032414,3.41196766,3.43814644,85141728,334866048.78,0.2401,1,-0.7614,0
2024-04-15,sh.600016,3.42069392,3.47305148,3.38578888,3.47305148,3.41196766,116688872,460845199.46,0.3291,1,1.7903,0
2024-04-16,sh.600016,3.47305148,3.48177774,3.42942018,3.4468727,3.47305148,132373163,524612213.15,0.3733,1,-0.7538,0
2024-04-17,sh.600016,3.4468727,3.51668278,3.42069392,3.51668278,3.4468727,151588447,603338486.42,0.4275,1,2.0253,0
2024-04-18,sh.600016,3.50795652,3.5777666,3.49923026,3.54286156,3.51668278,166480133,677123334.83,0.4695,1,0.7444,0
2024-04-19,sh.600016,3.5341353,3.56031408,3.50795652,3.51668278,3.54286156,92968539,375896394.42,0.2622,1,-0.7389,0
2024-04-22,sh.600016,3.52540904,3.55158782,3.46432522,3.48177774,3.51668278,120620770,483933755.71,0.3401,1,-0.9926,0
2024-04-23,sh.600016,3.48177774,3.50795652,3.45559896,3.45559896,3.48177774,94136808,375316596.22,0.2655,1,-0.7519,0
2024-04-24,sh.600016,3.46432522,3.47305148,3.43814644,3.46432522,3.45559896,76797680,304058540.19,0.2166,1,0.2525,0
2024-04-25,sh.600016,3.45559896,3.48177774,3.43814644,3.47305148,3.46432522,76603858,303903889.54,0.216,1,0.2519,0
2024-04-26,sh.600016,3.47305148,3.490504,3.42069392,3.4468727,3.47305148,136293318,538525702.04,0.3843,1,-0.7538,0
2024-04-29,sh.600016,3.4468727,3.490504,3.42069392,3.47305148,3.4468727,141344966,561429877.66,0.3986,1,0.7595,0
2024-04-30,sh.600016,3.45559896,3.490504,3.4468727,3.4468727,3.47305148,125263938,497066791.76,0.3532,1,-0.7538,0
2024-05-06,sh.600016,3.46432522,3.48177774,3.41196766,3.42069392,3.4468727,222835694,878412744.03,0.6284,1,-0.7595,0
2024-05-07,sh.600016,3.42069392,3.42942018,3.38578888,3.4032414,3.42069392,162746240,634267032.28,0.4589,1,-0.5102,0
2024-05-08,sh.600016,3.4032414,3.42069392,3.38578888,3.38578888,3.4032414,86251628,336090354.11,0.2432,1,-0.5128,0
2024-05-09,sh.600016,3.38578888,3.4032414,3.38578888,3.39451514,3.38578888,116815860,454091895.8,0.3294,1,0.2577,0
2024-05-10,sh.600016,3.4032414,3.42069392,3.39451514,3.41196766,3.39451514,128736311,502121895.52,0.363,1,0.5141,0
2024-05-13,sh.600016,3.4032414,3.42069392,3.38578888,3.4032414,3.41196766,115742389,451164518.32,0.3264,1,-0.2558,0
2024-05-14,sh.600016,3.4032414,3.42069392,3.38578888,3.39451514,3.4032414,109749904,427294755.36,0.3095,1,-0.2564,0
2024-05-15,sh.600016,3.39451514,3.4032414,3.37706262,3.38578888,3.39451514,88860263,344685277.17,0.2506,1,-0.2571,0
2024-05-16,sh.600016,3.38578888,3.42069392,3.37706262,3.4032414,3.38578888,174788119,681996605.31,0.4929,1,0.5155,0
2024-05-17,sh.600016,3.41196766,3.45559896,3.4032414,3.45559896,3.4032414,195119512,768236164.47,0.5502,1,1.5385,0
2024-05-20,sh.600016,3.46432522,3.49923026,3.45559896,3.46432522,3.45559896,195906361,779866174.12,0.5524,1,0.2525,0
2024-05-21,sh.600016,3.47305148,3.490504,3.45559896,3.48177774,3.46432522,148516035,591695218.19,0.4188,1,0.5038,0
2024-05-22,sh.600016,3.48177774,3.52540904,3.48177774,3.51668278,3.48177774,202486212,814579457.52,0.571,1,1.0025,0
2024-05-23,sh.600016,3.51668278,3.52540904,3.47305148,3.48177774,3.51668278,145733346,583830748.26,0.411,1,-0.9926,0
2024-05-24,sh.600016,3.48177774,3.50795652,3.46432522,3.47305148,3.48177774,110371154,440997974.77,0.3112,1,-0.2506,0
2024-05-27,sh.600016,3.47305148,3.490504,3.45559896,3.47305148,3.47305148,133578410,530950747.99,0.3767,1,0.0,0
2024-05-28,sh.600016,3.47305148,3.48177774,3.42942018,3.43814644,3.47305148,129876621,513511271.77,0.3662,1,-1.005,0
2024-05-29,sh.600016,3.43814644,3.46432522,3.41196766,3.41196766,3.43814644,128832519,507225428.62,0.3633,1,-0.7614,0
2024-05-30,sh.600016,3.41196766,3.42942018,3.38578888,3.39451514,3.41196766,128164791,500433466.6,0.3614,1,-0.5115,0
2024-05-31,sh.600016,3.4032414,3.42069392,3.39451514,3.41196766,3.39451514,128769924,503360985.01,0.3631,1,0.5141,0
2024-06-03,sh.600016,3.4032414,3.42069392,3.35088384,3.36833636,3.41196766,192802444,745420117.4,0.5437,1,-1.2788,0
2024-06-04,sh.600016,3.3596101,3.37706262,3.35088384,3.36833636,3.36833636,94813722,365899682.33,0.2674,1,0.0,0
2024-06-05,sh.600016,3.37706262,3.37706262,3.34215758,3.35088384,3.36833636,86364015,332264396.11,0.2435,1,-0.5181,0
2024-06-06,sh.600016,3.35088384,3.3596101,3.3159788,3.32470506,3.35088384,110910390,423541753.85,0.3128,1,-0.7813,0
2024-06-07,sh.600016,3.32470506,3.3596101,3.32470506,3.3596101,3.32470506,100119184,383873986.73,0.2823,1,1.0499,0
2024-06-11,sh.600016,3.35088384,3.36833636,3.29852628,3.30725254,3.3596101,145614895,554170374.51,0.4106,1,-1.5584,0
2024-06-12,sh.600016,3.3159788,3.32470506,3.2723475,3.3159788,3.30725254,124161685,469357290.27,0.3501,1,0.2639,0
2024-06-13,sh.600016,3.3159788,3.32470506,3.28107376,3.28980002,3.3159788,140873460,531683825.87,0.3973,1,-0.7895,0
2024-06-14,sh.600016,3.28980002,3.30725254,3.26362124,3.28980002,3.28980002,218629840,824119068.63,0.6165,1,0.0,0
2024-06-17,sh.600016,3.28980002,3.28980002,3.23744246,3.25489498,3.28980002,152956614,571292875.66,0.4313,1,-1.061,0
2024-06-18,sh.600016,3.25489498,3.2723475,3.23744246,3.2723475,3.25489498,94219528,351996254.75,0.2657,1,0.5362,0
2024-06-19,sh.600016,3.2723475,3.30725254,3.26362124,3.28980002,3.2723475,110636470,417101656.1,0.312,1,0.5333,0
2024-06-20,sh.600016,3.28980002,3.29852628,3.24616872,3.25489498,3.28980002,77538360,289940884.49,0.2187,1,-1.061,0
2024-06-21,sh.600016,3.25489498,3.26362124,3.23744246,3.25489498,3.25489498,111063272,413710621.76,0.3132,1,0.0,0
2024-06-24,sh.600016,3.23744246,3.24616872,3.1850849,3.21126368,3.25489498,133796622,493201042.18,0.3773,1,-1.3405,0
2024-06-25,sh.600016,3.21998994,3.25489498,3.21126368,3.2287162,3.21126368,141296390,524469774.47,0.3984,1,0.5435,0
2024-06-26,sh.600016,3.2287162,3.2723475,3.2287162,3.26362124,3.2287162,101012064,376971245.72,0.2848,1,1.0811,0
2024-06-27,sh.600016,3.2723475,3.30725254,3.25489498,3.28107376,3.26362124,148208273,557926957.48,0.4179,1,0.5348,0
2024-06-28,sh.600016,3.28980002,3.32470506,3.2723475,3.30725254,3.28107376,117625478,445352058.48,0.3317,1,0.7979,0
2024-07-01,sh.600016,3.29852628,3.33343132,3.28980002,3.32470506,3.30725254,93502797,355580690.5,0.2637,1,0.5277,0
2024-07-02,sh.600016,3.32470506,3.38578888,3.3159788,3.37706262,3.32470506,152814097,589044333.99,0.4309,1,1.5748,0
2024-07-03,sh.600016,3.37706262,3.38578888,3.35088384,3.36833636,3.37706262,135478305,522931472.8,0.382,1,-0.2584,0
2024-07-04,sh.600016,3.36833636,3.38578888,3.35088384,3.3596101,3.36833636,116748468,450444593.01,0.3292,1,-0.2591,0
2024-07-05,sh.600016,3.36833636,3.37706262,3.32470506,3.34215758,3.3596101,133423181,512332077.39,0.3762,1,-0.5195,0
2024-07-08,sh.600016,3.35088384,3.38578888,3.34215758,3.3596101,3.34215758,115001042,443361911.8,0.3243,1,0.5222,0
2024-07-09,sh.600016,3.36833636,3.38578888,3.32470506,3.37706262,3.3596101,123926969,477664731.6,0.3495,1,0.5195,0
2024-07-10,sh.600016,3.37706262,3.42942018,3.37706262,3.39451514,3.37706262,137709665,536890186.89,0.3883,1,0.5168,0
2024-07-11,sh.600016,3.41196766,3.42942018,3.36833636,3.39451514,3.39451514,135562350,527437257.42,0.3823,1,0.0,0
2024-07-12,sh.600016,3.40376448,3.45926064,3.39451512,3.45001128,3.39451512,158753988,590104422.83,0.4477,1,1.6349,0
2024-07-15,sh.600016,3.45001128,3.48700872,3.43151256,3.47775936,3.45001128,110540103,413947677.01,0.3117,1,0.8043,0
2024-07-16,sh.600016,3.47775936,3.49625808,3.45926064,3.48700872,3.47775936,111693347,419667266.16,0.315,1,0.266,0
2024-07-17,sh.600016,3.48700872,3.52400616,3.47775936,3.5147568,3.48700872,130035456,493016141.7,0.3667,1,0.7958,0
2024-07-18,sh.600016,3.5147568,3.52400616,3.46851,3.5147568,3.5147568,104507467,394918538.05,0.2947,1,0.0,0
2024-07-19,sh.600016,3.50550744,3.5147568,3.45926064,3.50550744,3.5147568,144911161,546983071.21,0.4086,1,-0.2632,0
2024-07-22,sh.600016,3.50550744,3.50550744,3.45001128,3.47775936,3.50550744,124512921,467722895.62,0.3511,1,-0.7916,0
2024-07-23,sh.600016,3.46851,3.50550744,3.45001128,3.45926064,3.47775936,120708113,454404758.22,0.3404,1,-0.5319,0
2024-07-24,sh.600016,3.45001128,3.45926064,3.3760164,3.38526576,3.45926064,238482294,879170824.39,0.6725,1,-2.139,0
2024-07-25,sh.600016,3.3760164,3.3760164,3.20952792,3.29277216,3.38526576,436394571,1538017760.8,1.2306,1,-2.7322,0
2024-07-26,sh.600016,3.237276,3.29277216,3.237276,3.26502408,3.29277216,238345891,840359077.51,0.6721,1,-0.8427,0
2024-07-29,sh.600016,3.26502408,3.33901896,3.24652536,3.33901896,3.26502408,197428722,706469085.71,0.5567,1,2.2663,0
2024-07-30,sh.600016,3.3297696,3.33901896,3.26502408,3.27427344,3.33901896,176628057,629295634.08,0.4981,1,-1.9391,0
2024-07-31,sh.600016,3.2835228,3.31127088,3.27427344,3.2835228,3.27427344,185778108,661847103.24,0.5239,1,0.2825,0
2024-08-01,sh.600016,3.2835228,3.31127088,3.25577472,3.27427344,3.2835228,181242368,643572870.71,0.5111,1,-0.2817,0
2024-08-02,sh.600016,3.26502408,3.2835228,3.25577472,3.26502408,3.27427344,140089868,495595095.65,0.395,1,-0.2825,0
2024-08-05,sh.600016,3.25577472,3.26502408,3.21877728,3.22802664,3.26502408,174527861,612140235.44,0.4922,1,-1.1331,0
2024-08-06,sh.600016,3.237276,3.25577472,3.1910292,3.21877728,3.22802664,148880660,517256715.98,0.4198,1,-0.2865,0
2024-08-07,sh.600016,3.20952792,3.22802664,3.1910292,3.20027856,3.21877728,111039726,385279836.08,0.3131,1,-0.5747,0
2024-08-08,sh.600016,3.20027856,3.20027856,3.17253048,3.18177984,3.20027856,132347104,456013145.1,0.3732,1,-0.578,0
2024-08-09,sh.600016,3.18177984,3.20952792,3.18177984,3.18177984,3.18177984,107261032,370375560.26,0.3025,1,0.0,0
2024-08-12,sh.600016,3.18177984,3.1910292,3.13553304,3.1447824,3.18177984,153922857,525369007.12,0.434,1,-1.1628,0
2024-08-13,sh.600016,3.1447824,3.17253048,3.1447824,3.17253048,3.1447824,116907964,399192049.15,0.3297,1,0.8824,0
2024-08-14,sh.600016,3.16328112,3.18177984,3.1447824,3.1447824,3.17253048,120151462,410564709.58,0.3388,1,-0.8746,0
2024-08-15,sh.600016,3.15403176,3.20027856,3.1447824,3.1910292,3.1447824,146507182,503732417.85,0.4131,1,1.4706,0
2024-08-16,sh.600016,3.1910292,3.22802664,3.18177984,3.20952792,3.1910292,156576129,543414643.54,0.4415,1,0.5797,0
2024-08-19,sh.600016,3.20952792,3.25577472,3.20027856,3.24652536,3.20952792,168935642,589810216.38,0.4764,1,1.1527,0
2024-08-20,sh.600016,3.24652536,3.25577472,3.20952792,3.21877728,3.24652536,174690316,610634761.72,0.4926,1,-0.8547,0
2024-08-21,sh.600016,3.20952792,3.22802664,3.17253048,3.20952792,3.21877728,127522877,442461896.51,0.3596,1,-0.2874,0
2024-08-22,sh.600016,3.20952792,3.24652536,3.20027856,3.22802664,3.20952792,150333320,524882390.12,0.4239,1,0.5764,0
2024-08-23,sh.600016,3.21877728,3.22802664,3.1910292,3.21877728,3.22802664,154878181,537619036.62,0.4367,1,-0.2865,0
2024-08-26,sh.600016,3.21877728,3.24652536,3.20027856,3.237276,3.21877728,132439549,461245074.42,0.3735,1,0.5747,0
2024-08-27,sh.600016,3.237276,3.25577472,3.20952792,3.22802664,3.237276,130412230,455864183.29,0.3678,1,-0.2857,0
2024-08-28,sh.600016,3.22802664,3.237276,3.20027856,3.21877728,3.22802664,106096501,369161447.76,0.2992,1,-0.2865,0
2024-08-29,sh.600016,3.21877728,3.21877728,3.15403176,3.15403176,3.21877728,172697649,593163928.33,0.487,1,-2.0115,0
2024-08-30,sh.600016,3.16328112,3.20952792,3.15403176,3.17253048,3.15403176,199578777,686137640.81,0.5628,1,0.5865,0
2024-09-02,sh.600016,3.17253048,3.24652536,3.17253048,3.21877728,3.17253048,219334428,763784411.46,0.6185,1,1.4577,0
2024-09-03,sh.600016,3.21877728,3.22802664,3.15403176,3.17253048,3.21877728,154541434,530401561.08,0.4358,1,-1.4368,0
2024-09-04,sh.600016,3.16328112,3.1910292,3.15403176,3.15403176,3.17253048,109710395,375583310.46,0.3094,1,-0.5831,0
2024-09-05,sh.600016,3.15403176,3.16328112,3.1447824,3.15403176,3.15403176,83609642,285146792.1,0.2358,1,0.0,0
2024-09-06,sh.600016,3.16328112,3.18177984,3.1447824,3.15403176,3.15403176,93824495,321009995.52,0.2646,1,0.0,0
2024-09-09,sh.600016,3.15403176,3.15403176,3.06153816,3.06153816,3.15403176,225568821,753101418.1,0.6361,1,-2.9326,0
2024-09-10,sh.600016,3.07078752,3.08928624,3.04303944,3.07078752,3.06153816,140498283,465622038.01,0.3962,1,0.3021,0
2024-09-11,sh.600016,3.06153816,3.07078752,3.006042,3.02454072,3.07078752,131131700,430297714.47,0.3698,1,-1.506,0
2024-09-12,sh.600016,3.02454072,3.0985356,3.01529136,3.08928624,3.02454072,147253018,488683843.05,0.4152,1,2.1407,0
2024-09-13,sh.600016,3.08928624,3.12628368,3.07078752,3.07078752,3.08928624,114085801,382605357.5,0.3217,1,-0.5988,0
2024-09-18,sh.600016,3.0985356,3.12628368,3.08003688,3.12628368,3.07078752,106372301,357381324.16,0.3,1,1.8072,0
2024-09-19,sh.600016,3.12628368,3.16328112,3.11703432,3.15403176,3.12628368,115439316,392085592.0,0.3255,1,0.8876,0
2024-09-20,sh.600016,3.16328112,3.1910292,3.1447824,3.17253048,3.15403176,138474746,474130191.73,0.3905,1,0.5865,0
2024-09-23,sh.600016,3.18177984,3.25577472,3.17253048,3.237276,3.17253048,171931407,598936997.61,0.4848,1,2.0408,0
2024-09-24,sh.600016,3.24652536,3.31127088,3.237276,3.30202152,3.237276,215278710,763574878.34,0.6071,1,2.0,0
2024-09-25,sh.600016,3.33901896,3.40376448,3.32052024,3.3760164,3.30202152,303427392,1104789929.07,0.8556,1,2.2409,0
2024-09-26,sh.600016,3.36676704,3.50550744,3.35751768,3.50550744,3.3760164,318864495,1180663800.34,0.8992,1,3.8356,0
2024-09-27,sh.600016,3.55175424,3.61649976,3.45001128,3.5147568,3.50550744,280585110,1067093351.02,0.7912,1,0.2639,0
2024-09-30,sh.600016,3.57025296,3.73674144,3.5610036,3.71824272,3.5147568,627788858,2479619412.84,1.7703,1,5.7895,0
2024-10-08,sh.600016,4.07896776,4.07896776,3.71824272,3.81998568,3.71824272,716822589,3013766280.14,2.0214,1,2.7363,0
2024-10-09,sh.600016,3.77373888,3.77373888,3.54250488,3.55175424,3.81998568,531911158,2098594268.58,1.4999,1,-7.0218,0
2024-10-10,sh.600016,3.57950232,3.7459908,3.5610036,3.67199592,3.55175424,414293947,1640490900.07,1.1683,1,3.3854,0
2024-10-11,sh.600016,3.69049464,3.71824272,3.57950232,3.59800104,3.67199592,257395265,1012859686.18,0.7258,1,-2.0151,0
2024-10-14,sh.600016,3.6534972,3.70899336,3.63499848,3.67199592,3.59800104,334361437,1328108808.79,0.9429,1,2.0566,0
2024-10-15,sh.600016,3.66274656,3.699744,3.6072504,3.6072504,3.67199592,263683139,1040342728.26,0.7436,1,-1.7632,0
2024-10-16,sh.600016,3.57950232,3.68124528,3.57025296,3.6534972,3.6072504,279599750,1101689551.55,0.7884,1,1.2821,0
2024-10-17,sh.600016,3.6534972,3.68124528,3.59800104,3.59800104,3.6534972,232950783,915215673.82,0.6569,1,-1.519,0
2024-10-18,sh.600016,3.59800104,3.6534972,3.53325552,3.61649976,3.59800104,314624429,1223056952.46,0.8872,1,0.5141,0
2024-10-21,sh.600016,3.61649976,3.62574912,3.57950232,3.61649976,3.61649976,221077341,860429758.87,0.6234,1,0.0,0
2024-10-22,sh.600016,3.6072504,3.64424784,3.58875168,3.6072504,3.61649976,148078841,578034016.26,0.4176,1,-0.2558,0
2024-10-23,sh.600016,3.61649976,3.62574912,3.59800104,3.6072504,3.6072504,144308108,563286139.7,0.4069,1,0.0,0
2024-10-24,sh.600016,3.6072504,3.64424784,3.59800104,3.61649976,3.6072504,141341873,552548340.15,0.3986,1,0.2564,0
2024-10-25,sh.600016,3.6072504,3.61649976,3.58875168,3.59800104,3.61649976,162216572,631454311.94,0.4574,1,-0.5115,0
2024-10-28,sh.600016,3.59800104,3.59800104,3.54250488,3.58875168,3.59800104,161958837,626018740.05,0.4567,1,-0.2571,0
2024-10-29,sh.600016,3.59800104,3.63499848,3.55175424,3.5610036,3.58875168,220271392,855493524.44,0.6211,1,-0.7732,0
2024-10-30,sh.600016,3.55175424,3.57950232,3.50550744,3.53325552,3.5610036,184528516,705348102.4,0.5204,1,-0.7792,0
2024-10-31,sh.600016,3.49625808,3.5147568,3.45926064,3.49625808,3.53325552,250261795,943348488.08,0.7057,1,-1.0471,0
2024-11-01,sh.600016,3.49625808,3.52400616,3.48700872,3.50550744,3.49625808,197954353,750992300.75,0.5582,1,0.2646,0
2024-11-04,sh.600016,3.50550744,3.53325552,3.46851,3.53325552,3.50550744,166376636,629070749.44,0.4692,1,0.7916,0
2024-11-05,sh.600016,3.52400616,3.57950232,3.52400616,3.57950232,3.53325552,209439855,806152817.23,0.5906,1,1.3089,0
2024-11-06,sh.600016,3.58875168,3.59800104,3.5610036,3.57950232,3.57950232,151924333,587744778.71,0.4284,1,0.0,0
2024-11-07,sh.600016,3.57025296,3.66274656,3.5610036,3.66274656,3.57950232,250055804,978562604.91,0.7051,1,2.3256,0
2024-11-08,sh.600016,3.68124528,3.699744,3.61649976,3.63499848,3.66274656,208775252,822976086.73,0.5887,1,-0.7576,0
2024-11-11,sh.600016,3.63499848,3.64424784,3.59800104,3.63499848,3.63499848,180437687,705901755.69,0.5088,1,0.0,0
2024-11-12,sh.600016,3.62574912,3.66274656,3.59800104,3.59800104,3.63499848,199191345,780932788.58,0.5617,1,-1.0178,0
2024-11-13,sh.600016,3.61714248,3.65541912,3.60757332,3.6362808,3.59800416,183564334,697045097.98,0.5176,1,1.0638,0
2024-11-14,sh.600016,3.6362808,3.65541912,3.60757332,3.60757332,3.6362808,196945353,747915937.31,0.5554,1,-0.7895,0
2024-11-15,sh.600016,3.60757332,3.65541912,3.588435,3.60757332,3.60757332,184890670,699665405.31,0.5214,1,0.0,0
2024-11-18,sh.600016,3.66498828,3.9712014,3.65541912,3.8755098,3.60757332,886912848,3569498627.4,2.501,1,7.4271,0
2024-11-19,sh.600016,3.9233556,4.1625846,3.85637148,3.98077056,3.8755098,1018050886,4258453989.01,2.8708,1,2.716,0
2024-11-20,sh.600016,3.9233556,3.99033972,3.84680232,3.88507896,3.98077056,604723083,2464962667.88,1.7053,1,-2.4038,0
2024-11-21,sh.600016,3.86594064,3.89464812,3.78938736,3.81809484,3.88507896,379906738,1518748189.04,1.0713,1,-1.7241,0
2024-11-22,sh.600016,3.80852568,3.827664,3.70326492,3.70326492,3.81809484,327286376,1285040718.8,0.9229,1,-3.0075,0
2024-11-25,sh.600016,3.71283408,3.75111072,3.70326492,3.72240324,3.70326492,280166620,1091038416.17,0.79,1,0.5168,0
2024-11-26,sh.600016,3.72240324,3.7798182,3.69369576,3.76067988,3.72240324,237841704,929501638.94,0.6707,1,1.0283,0
2024-11-27,sh.600016,3.74154156,3.7798182,3.70326492,3.7798182,3.76067988,203543563,796692446.76,0.574,1,0.5089,0
2024-11-28,sh.600016,3.76067988,3.79895652,3.75111072,3.77024904,3.7798182,174508195,688959579.47,0.4921,1,-0.2532,0
2024-11-29,sh.600016,3.77024904,3.86594064,3.77024904,3.78938736,3.77024904,306264682,1220423161.95,0.8636,1,0.5076,0
2024-12-02,sh.600016,3.78938736,3.81809484,3.76067988,3.80852568,3.78938736,219757722,871400026.85,0.6197,1,0.5051,0
2024-12-03,sh.600016,3.79895652,3.86594064,3.79895652,3.86594064,3.80852568,254235731,1019168372.35,0.7169,1,1.5075,0
2024-12-04,sh.600016,3.86594064,3.89464812,3.83723316,3.8755098,3.86594064,246474075,996200919.14,0.695,1,0.2475,0
2024-12-05,sh.600016,3.85637148,3.88507896,3.83723316,3.84680232,3.8755098,181065475,729255424.19,0.5106,1,-0.7407,0
2024-12-06,sh.600016,3.85637148,3.91378644,3.84680232,3.88507896,3.84680232,224857520,912483731.89,0.6341,1,0.995,0
2024-12-09,sh.600016,3.89464812,3.9233556,3.86594064,3.89464812,3.88507896,200960112,818500746.94,0.5667,1,0.2463,0
2024-12-10,sh.600016,3.95206308,3.98077056,3.89464812,3.91378644,3.89464812,249657934,1022483608.39,0.704,1,0.4914,0
2024-12-11,sh.600016,3.90421728,3.93292476,3.86594064,3.88507896,3.91378644,209297075,851833272.07,0.5902,1,-0.7335,0
2024-12-12,sh.600016,3.89464812,3.96163224,3.8755098,3.96163224,3.88507896,317784607,1306896814.98,0.8961,1,1.9704,0
2024-12-13,sh.600016,3.95206308,3.9712014,3.8755098,3.88507896,3.96163224,393691598,1611925742.78,1.1102,1,-1.9324,0
2024-12-16,sh.600016,3.8755098,3.93292476,3.86594064,3.89464812,3.88507896,250093922,1020916865.67,0.7052,1,0.2463,0
2024-12-17,sh.600016,3.90421728,3.9233556,3.83723316,3.84680232,3.89464812,239869747,969410859.45,0.6764,1,-1.2285,0
2024-12-18,sh.600016,3.86594064,3.93292476,3.85637148,3.89464812,3.84680232,220240854,898225740.92,0.6211,1,1.2438,0
2024-12-19,sh.600016,3.8755098,3.89464812,3.827664,3.85637148,3.89464812,206620442,833159983.26,0.5827,1,-0.9828,0
2024-12-20,sh.600016,3.85637148,3.8755098,3.83723316,3.85637148,3.85637148,158920003,640563168.46,0.4481,1,0.0,0
2024-12-23,sh.600016,3.86594064,3.9233556,3.85637148,3.89464812,3.85637148,239065728,973767456.68,0.6741,1,0.9926,0
2024-12-24,sh.600016,3.89464812,3.93292476,3.88507896,3.9233556,3.89464812,188889621,772986149.88,0.5327,1,0.7371,0
2024-12-25,sh.600016,3.93292476,3.98077056,3.9233556,3.94249392,3.9233556,216507595,893513153.33,0.6105,1,0.4878,0
2024-12-26,sh.600016,3.93292476,3.95206308,3.89464812,3.90421728,3.94249392,146169631,597183232.09,0.4122,1,-0.9709,0
2024-12-27,sh.600016,3.90421728,3.93292476,3.8755098,3.9233556,3.90421728,183650174,749889249.86,0.5179,1,0.4902,0
2024-12-30,sh.600016,3.9233556,4.0190472,3.9233556,4.00947804,3.9233556,309432518,1285093399.62,0.8726,1,2.1951,0
2024-12-31,sh.600016,4.00947804,4.09560048,3.94249392,3.95206308,4.00947804,308461404,1294276162.66,0.8698,1,-1.432,0
2025-01-02,sh.600016,3.96163224,3.99990888,3.81809484,3.83723316,3.95206308,368396725,1497954362.35,1.0388,1,-2.9056,0
2025-01-03,sh.600016,3.84680232,3.8755098,3.79895652,3.827664,3.83723316,260200548,1043274708.75,0.7337,1,-0.2494,0
2025-01-06,sh.600016,3.83723316,3.85637148,3.76067988,3.84680232,3.827664,230033979,918247576.63,0.6487,1,0.5,0
2025-01-07,sh.600016,3.83723316,3.88507896,3.81809484,3.88507896,3.84680232,165200751,665634541.64,0.4659,1,0.995,0
2025-01-08,sh.600016,3.88507896,3.9233556,3.83723316,3.86594064,3.88507896,240822729,976140990.53,0.6791,1,-0.4926,0
2025-01-09,sh.600016,3.8755098,3.8755098,3.81809484,3.827664,3.86594064,176282616,706494958.99,0.4971,1,-0.9901,0
2025-01-10,sh.600016,3.827664,3.84680232,3.78938736,3.79895652,3.827664,162679002,648078322.51,0.4587,1,-0.75,0
2025-01-13,sh.600016,3.78938736,3.79895652,3.72240324,3.76067988,3.79895652,181044352,711316604.59,0.5105,1,-1.0076,0
2025-01-14,sh.600016,3.77024904,3.84680232,3.76067988,3.84680232,3.76067988,195950901,781489469.39,0.5526,1,2.2901,0
2025-01-15,sh.600016,3.84680232,3.90421728,3.83723316,3.85637148,3.84680232,158270127,639651872.36,0.4463,1,0.2488,0
2025-01-16,sh.600016,3.8755098,3.8755098,3.83723316,3.86594064,3.85637148,123304118,497415827.53,0.3477,1,0.2481,0
2025-01-17,sh.600016,3.85637148,3.86594064,3.81809484,3.83723316,3.86594064,144858634,582053801.02,0.4085,1,-0.7426,0
2025-01-20,sh.600016,3.85637148,3.91378644,3.84680232,3.88507896,3.83723316,197977199,802898454.32,0.5583,1,1.2469,0
2025-01-21,sh.600016,3.90421728,3.93292476,3.8755098,3.90421728,3.88507896,206586988,844069246.75,0.5826,1,0.4926,0
2025-01-22,sh.600016,3.90421728,3.91378644,3.84680232,3.85637148,3.90421728,157260477,635610710.51,0.4435,1,-1.2255,0
2025-01-23,sh.600016,3.88507896,3.99033972,3.8755098,3.9712014,3.85637148,310048002,1278091111.57,0.8743,1,2.9777,0
2025-01-24,sh.600016,3.96163224,3.9712014,3.88507896,3.9233556,3.9712014,193848748,795439311.05,0.5466,1,-1.2048,0
2025-01-27,sh.600016,3.94249392,4.0190472,3.93292476,3.9712014,3.9233556,209874298,873405961.36,0.5918,1,1.2195,0
2025-02-05,sh.600016,3.9712014,3.99033972,3.90421728,3.91378644,3.9712014,168321158,692208456.42,0.4747,1,-1.4458,0
2025-02-06,sh.600016,3.91378644,3.94249392,3.89464812,3.91378644,3.91378644,156732135,640579172.61,0.442,1,0.0,0
2025-02-07,sh.600016,3.9233556,3.94249392,3.90421728,3.93292476,3.91378644,168827826,692914873.32,0.4761,1,0.489,0
2025-02-10,sh.600016,3.93292476,3.98077056,3.9233556,3.9712014,3.93292476,165296457,685029850.47,0.4661,1,0.9732,0
2025-02-11,sh.600016,3.98077056,3.99990888,3.96163224,3.9712014,3.9712014,143283850,595339759.83,0.404,1,0.0,0
2025-02-12,sh.600016,3.98077056,3.99033972,3.95206308,3.98077056,3.9712014,112621463,467207984.95,0.3176,1,0.241,0
2025-02-13,sh.600016,3.98077056,4.00947804,3.9712014,3.99033972,3.98077056,130838950,546198045.13,0.369,1,0.2404,0
2025-02-14,sh.600016,3.98077056,4.00947804,3.96163224,3.99990888,3.99033972,152706395,635787312.44,0.4306,1,0.2398,0
2025-02-17,sh.600016,4.00947804,4.0190472,3.9712014,4.00947804,3.99990888,143284512,598433992.22,0.404,1,0.2392,0
2025-02-18,sh.600016,4.00947804,4.08603132,3.99990888,4.03818552,4.00947804,269252374,1141243409.93,0.7593,1,0.716,0
2025-02-19,sh.600016,4.03818552,4.03818552,3.99033972,3.99033972,4.03818552,171889171,720787788.3,0.4847,1,-1.1848,0
2025-02-20,sh.600016,3.99033972,4.00947804,3.9712014,3.98077056,3.99033972,116067012,483900418.44,0.3273,1,-0.2398,0
2025-02-21,sh.600016,3.99033972,3.99990888,3.94249392,3.95206308,3.98077056,174577514,722611179.29,0.4923,1,-0.7212,0
2025-02-24,sh.600016,3.95206308,3.9712014,3.93292476,3.94249392,3.95206308,146528025,604783874.88,0.4132,1,-0.2421,0
2025-02-25,sh.600016,3.94249392,3.96163224,3.9233556,3.9233556,3.94249392,118486745,487294609.91,0.3341,1,-0.4854,0
2025-02-26,sh.600016,3.9233556,3.98077056,3.9233556,3.94249392,3.9233556,158673813,655536529.21,0.4474,1,0.4878,0
2025-02-27,sh.600016,3.95206308,3.96163224,3.9233556,3.95206308,3.94249392,126832206,522148550.07,0.3577,1,0.2427,0
2025-02-28,sh.600016,3.94249392,3.9712014,3.94249392,3.94249392,3.95206308,191519435,791554765.23,0.5401,1,-0.2421,0
2025-03-03,sh.600016,3.93292476,3.9712014,3.9233556,3.9712014,3.94249392,167553192,692032472.29,0.4725,1,0.7282,0
2025-03-04,sh.600016,3.96163224,3.98077056,3.94249392,3.9712014,3.9712014,110070607,456315263.35,0.3104,1,0.0,0
2025-03-05,sh.600016,3.98077056,4.03818552,3.9712014,4.0190472,3.9712014,199319032,835338376.78,0.5621,1,1.2048,0
2025-03-06,sh.600016,4.02861636,4.03818552,3.95206308,3.96163224,4.0190472,252091978,1046752201.5,0.7109,1,-1.4286,0
2025-03-07,sh.600016,3.96163224,3.98077056,3.95206308,3.95206308,3.96163224,116774571,483473554.22,0.3293,1,-0.2415,0
2025-03-10,sh.600016,3.95206308,3.95206308,3.90421728,3.9233556,3.95206308,155260604,636398709.05,0.4378,1,-0.7264,0
2025-03-11,sh.600016,3.91378644,3.93292476,3.90421728,3.93292476,3.9233556,103157637,422574405.7,0.2909,1,0.2439,0
2025-03-12,sh.600016,3.93292476,3.94249392,3.91378644,3.9233556,3.93292476,80752947,331814825.91,0.2277,1,-0.2433,0
2025-03-13,sh.600016,3.9233556,3.95206308,3.91378644,3.94249392,3.9233556,117859436,484453640.74,0.3324,1,0.4878,0
2025-03-14,sh.600016,3.94249392,3.99033972,3.93292476,3.98077056,3.94249392,185862763,771567353.21,0.5241,1,0.9709,0
2025-03-17,sh.600016,3.98077056,3.99990888,3.9712014,3.98077056,3.98077056,116374890,484846500.36,0.3282,1,0.0,0
2025-03-18,sh.600016,3.99033972,3.99033972,3.96163224,3.9712014,3.98077056,92027982,381984292.09,0.2595,1,-0.2404,0
2025-03-19,sh.600016,3.9712014,3.99033972,3.96163224,3.98077056,3.9712014,127397308,529391576.38,0.3592,1,0.241,0
2025-03-20,sh.600016,3.98077056,4.00947804,3.95206308,3.96163224,3.98077056,173125247,718937761.33,0.4882,1,-0.4808,0
2025-03-21,sh.600016,3.96163224,3.98077056,3.90421728,3.91378644,3.96163224,200589423,825167123.91,0.5656,1,-1.2077,0
2025-03-24,sh.600016,3.91378644,3.94249392,3.89464812,3.90421728,3.91378644,164982452,674625500.82,0.4652,1,-0.2445,0
2025-03-25,sh.600016,3.91378644,3.9233556,3.89464812,3.90421728,3.90421728,115748535,472621499.62,0.3264,1,0.0,0
2025-03-26,sh.600016,3.90421728,3.91378644,3.86594064,3.86594064,3.90421728,228757437,927790552.02,0.6451,1,-0.9804,0
2025-03-27,sh.600016,3.86594064,3.8755098,3.85637148,3.86594064,3.86594064,129207920,522375371.23,0.3644,1,0.0,0
2025-03-28,sh.600016,3.86594064,3.8755098,3.84680232,3.84680232,3.86594064,116424542,469265077.7,0.3283,1,-0.495,0
2025-03-31,sh.600016,3.7798182,3.78938736,3.70326492,3.7319724,3.84680232,374091295,1463588030.47,1.0549,1,-2.9851,0
2025-04-01,sh.600016,3.7319724,3.80852568,3.7319724,3.7798182,3.7319724,229656655,904858132.36,0.6476,1,1.2821,0
2025-04-02,sh.600016,3.77024904,3.84680232,3.77024904,3.83723316,3.7798182,172927459,690345753.1,0.4876,1,1.519,0
2025-04-03,sh.600016,3.827664,3.84680232,3.79895652,3.81809484,3.83723316,130665716,521380287.2,0.3685,1,-0.4988,0
2025-04-07,sh.600016,3.71283408,3.7319724,3.55015836,3.6362808,3.81809484,414485320,1580808591.07,1.1688,1,-4.7619,0
2025-04-08,sh.600016,3.6362808,3.72240324,3.6362808,3.72240324,3.6362808,289088848,1113144095.25,0.8152,1,2.3684,0
2025-04-09,sh.600016,3.72240324,3.75111072,3.65541912,3.74154156,3.72240324,237609361,921648931.34,0.67,1,0.5141,0
2025-04-10,sh.600016,3.74154156,3.75111072,3.71283408,3.72240324,3.74154156,132706814,517708250.3,0.3742,1,-0.5115,0
2025-04-11,sh.600016,3.72240324,3.81809484,3.70326492,3.80852568,3.72240324,222439727,875421689.95,0.6273,1,2.3136,0
2025-04-14,sh.600016,3.81809484,3.827664,3.76067988,3.7798182,3.80852568,163939308,648322096.2,0.4623,1,-0.7538,0
2025-04-15,sh.600016,3.7798182,3.84680232,3.77024904,3.83723316,3.7798182,219505471,876055116.19,0.619,1,1.519,0
2025-04-16,sh.600016,3.827664,3.85637148,3.80852568,3.84680232,3.83723316,180633314,722820923.08,0.5094,1,0.2494,0
2025-04-17,sh.600016,3.83723316,3.85637148,3.80852568,3.84680232,3.84680232,148752985,596111682.05,0.4195,1,0.0,0
2025-04-18,sh.600016,3.84680232,3.86594064,3.83723316,3.84680232,3.84680232,142883255,574589350.74,0.4029,1,0.0,0
2025-04-21,sh.600016,3.83723316,3.8755098,3.79895652,3.80852568,3.84680232,169129448,677456279.89,0.4769,1,-0.995,0
2025-04-22,sh.600016,3.81809484,3.85637148,3.79895652,3.83723316,3.80852568,133526722,535333800.28,0.3765,1,0.7538,0
2025-04-23,sh.600016,3.83723316,3.84680232,3.78938736,3.79895652,3.83723316,145971408,580826161.16,0.4116,1,-0.9975,0
2025-04-24,sh.600016,3.79895652,3.81809484,3.78938736,3.79895652,3.79895652,121609964,482897692.78,0.3429,1,0.0,0
2025-04-25,sh.600016,3.79895652,3.81809484,3.77024904,3.7798182,3.79895652,125756142,498066268.6,0.3546,1,-0.5038,0
2025-04-28,sh.600016,3.78938736,3.827664,3.7798182,3.80852568,3.7798182,156502056,623137742.44,0.4413,1,0.7595,0
2025-04-29,sh.600016,3.80852568,3.85637148,3.78938736,3.79895652,3.80852568,146543984,584946817.84,0.4132,1,-0.2513,0
2025-04-30,sh.600016,3.78938736,3.80852568,3.75111072,3.80852568,3.79895652,169026258,667290729.69,0.4766,1,0.2519,0
2025-05-06,sh.600016,3.80852568,3.81809484,3.78938736,3.79895652,3.80852568,149699022,594932374.8,0.4221,1,-0.2513,0
2025-05-07,sh.600016,3.81809484,3.86594064,3.79895652,3.86594064,3.79895652,222699453,893290589.92,0.628,1,1.7632,0
2025-05-08,sh.600016,3.86594064,3.90421728,3.84680232,3.88507896,3.86594064,182872606,741870300.98,0.5157,1,0.495,0
2025-05-09,sh.600016,3.89464812,3.9233556,3.88507896,3.91378644,3.88507896,161830505,661067285.48,0.4563,1,0.7389,0
2025-05-12,sh.600016,3.91378644,3.94249392,3.89464812,3.90421728,3.91378644,155657400,637139732.41,0.4389,1,-0.2445,0
2025-05-13,sh.600016,3.9233556,3.96163224,3.89464812,3.95206308,3.90421728,229301825,943958209.95,0.6466,1,1.2255,0
2025-05-14,sh.600016,3.95206308,4.0190472,3.93292476,4.0190472,3.95206308,267856846,1117606286.49,0.7553,1,1.6949,0
2025-05-15,sh.600016,4.00947804,4.03818552,3.9712014,3.9712014,4.0190472,154837010,646592466.36,0.4366,1,-1.1905,0
2025-05-16,sh.600016,3.98077056,3.99990888,3.9233556,3.95206308,3.9712014,135495021,559329913.98,0.3821,1,-0.4819,0
2025-05-19,sh.600016,3.95206308,3.99033972,3.93292476,3.94249392,3.95206308,125694023,520583924.0,0.3544,1,-0.2421,0
2025-05-20,sh.600016,3.95206308,3.98077056,3.93292476,3.96163224,3.94249392,110303432,456293672.72,0.311,1,0.4854,0
2025-05-21,sh.600016,3.96163224,3.99990888,3.95206308,3.98077056,3.96163224,116887173,486670137.58,0.3296,1,0.4831,0
2025-05-22,sh.600016,3.98077056,4.0190472,3.96163224,4.0190472,3.98077056,131413679,549494457.71,0.3706,1,0.9615,0
2025-05-23,sh.600016,4.00947804,4.03818552,3.98077056,3.98077056,4.0190472,182663416,764805015.79,0.5151,1,-0.9524,0
2025-05-26,sh.600016,3.98077056,4.02861636,3.9712014,4.0190472,3.98077056,205303567,860955391.92,0.5789,1,0.9615,0
2025-05-27,sh.600016,4.0190472,4.1147388,4.00947804,4.08603132,4.0190472,294336244,1256211916.07,0.83,1,1.6667,0
2025-05-28,sh.600016,4.09560048,4.13387712,4.066893,4.09560048,4.08603132,152949572,655026559.91,0.4313,1,0.2342,0
2025-05-29,sh.600016,4.09560048,4.12430796,4.07646216,4.1147388,4.09560048,207895388,891772476.64,0.5862,1,0.4673,0
2025-05-30,sh.600016,4.12430796,4.18172292,4.1147388,4.1625846,4.1147388,234220649,1017167119.66,0.6605,1,1.1628,0
2025-06-03,sh.600016,4.15301544,4.32526032,4.14344628,4.28698368,4.1625846,354059750,1572115521.84,0.9984,1,2.9885,0
2025-06-04,sh.600016,4.28698368,4.34439864,4.27741452,4.306122,4.28698368,188219694,847211636.85,0.5308,1,0.4464,0
2025-06-05,sh.600016,4.31569116,4.32526032,4.22956872,4.2582762,4.306122,157571399,702090290.86,0.4443,1,-1.1111,0
2025-06-06,sh.600016,4.2582762,4.33482948,4.24870704,4.28698368,4.2582762,159058635,712985294.47,0.4485,1,0.6742,0
2025-06-09,sh.600016,4.29655284,4.41138276,4.28698368,4.39224444,4.28698368,294167673,1337803615.23,0.8295,1,2.4554,0
2025-06-10,sh.600016,4.4018136,4.56448932,4.39224444,4.51664352,4.39224444,364415071,1719390823.35,1.0276,1,2.8322,0
2025-06-11,sh.600016,4.52621268,4.53578184,4.44009024,4.52621268,4.51664352,230854311,1085166546.69,0.651,1,0.2119,0
2025-06-12,sh.600016,4.52621268,4.60276596,4.46879772,4.5931968,4.52621268,237030595,1127976702.72,0.6684,1,1.4799,0
2025-06-13,sh.600016,4.5931968,4.61233512,4.51664352,4.56448932,4.5931968,232361578,1106432300.28,0.6552,1,-0.625,0
2025-06-16,sh.600016,4.545351,4.60276596,4.51664352,4.5931968,4.56448932,202632945,964915647.34,0.5714,1,0.6289,0
2025-06-17,sh.600016,4.58362764,4.60276596,4.50707436,4.51664352,4.5931968,196755591,932850733.97,0.5548,1,-1.6667,0
2025-06-18,sh.600016,4.51664352,4.55492016,4.46879772,4.53578184,4.51664352,182453475,861509909.17,0.5145,1,0.4237,0
2025-06-19,sh.600016,4.53578184,4.545351,4.4496594,4.47836688,4.53578184,181776629,852466261.8,0.5126,1,-1.2658,0
2025-06-20,sh.600016,4.4975052,4.61233512,4.47836688,4.58362764,4.47836688,240551035,1146600831.45,0.6783,1,2.3504,0
2025-06-23,sh.600016,4.57405848,4.61233512,4.51664352,4.5931968,4.58362764,199515304,954876479.37,0.5626,1,0.2088,0
2025-06-24,sh.600016,4.5931968,4.60276596,4.4975052,4.58362764,4.5931968,250365075,1194372539.58,0.706,1,-0.2083,0
2025-06-25,sh.600016,4.57405848,4.62190428,4.51664352,4.62190428,4.58362764,201873423,964906853.31,0.5693,1,0.8351,0
2025-06-26,sh.600016,4.60276596,4.71759588,4.55492016,4.67931924,4.62190428,236770757,1148804365.79,0.6677,1,1.2422,0
2025-06-27,sh.600016,4.66975008,4.76544168,4.545351,4.57405848,4.67931924,326464149,1588706379.66,0.9206,1,-2.2495,0
2025-06-30,sh.600016,4.545351,4.57405848,4.51664352,4.545351,4.57405848,162365832,770316840.25,0.4579,1,-0.6276,0
2025-07-01,sh.600016,4.545351,4.65061176,4.545351,4.6410426,4.545351,180887323,871065601.86,0.5101,1,2.1053,0
2025-07-02,sh.600016,4.63147344,4.76544168,4.62190428,4.7367342,4.6410426,241188216,1188873228.0,0.6801,1,2.0619,0
2025-07-03,sh.600016,4.74630336,4.78458,4.69845756,4.7367342,4.7367342,147220647,729816877.95,0.4151,1,0.0,0
2025-07-04,sh.600016,4.74630336,4.8802716,4.7367342,4.87070244,4.7367342,285530953,1441336764.19,0.8052,1,2.8283,0
2025-07-07,sh.600016,4.8802716,5.06208564,4.87070244,5.03337816,4.87070244,320537378,1667128091.95,0.9039,1,3.3399,0
2025-07-08,sh.600016,5.04294732,5.10036228,4.98553236,5.04294732,5.03337816,229856712,1210361144.42,0.6482,1,0.1901,0
2025-07-09,sh.600016,5.03337816,5.0716548,4.9759632,5.04294732,5.04294732,232443246,1221699077.75,0.6555,1,0.0,0
2025-07-10,sh.600016,5.04294732,5.43528288,5.04294732,5.3108838,5.04294732,600494726,3314789406.31,1.6933,1,5.3131,0
2025-07-11,sh.600016,5.33959128,5.3587296,5.1673464,5.1673464,5.3108838,434425559,2388574594.07,1.225,1,-2.7027,0
2025-07-14,sh.600016,5.19637179,5.35119851,5.18669512,5.19637179,5.16734178,457936720,2490419307.43,1.2913,1,0.5618,0
2025-07-15,sh.600016,5.19637179,5.23507847,5.13831177,5.16734178,5.19637179,237976459,1274214501.35,0.6711,1,-0.5587,0
2025-07-16,sh.600016,5.15766511,5.18669512,5.08025175,5.16734178,5.16734178,226776669,1203005164.38,0.6395,1,0.0,0
2025-07-17,sh.600016,5.16734178,5.25443181,5.15766511,5.23507847,5.16734178,254551362,1373923921.08,0.7178,1,1.3109,0
2025-07-18,sh.600016,5.2254018,5.34152184,5.2254018,5.26410848,5.23507847,295444584,1616192075.35,0.8331,1,0.5545,0
2025-07-21,sh.600016,5.26410848,5.3221685,5.14798844,5.21572513,5.26410848,289156328,1567447125.73,0.8154,1,-0.9191,0
2025-07-22,sh.600016,5.2254018,5.23507847,5.05122174,5.08992842,5.21572513,346549063,1831906856.34,0.9772,1,-2.4119,0
2025-07-23,sh.600016,5.08992842,5.11895843,5.04154507,5.06089841,5.08992842,267852469,1404383844.43,0.7553,1,-0.5703,0
2025-07-24,sh.600016,5.08025175,5.08025175,4.90607169,4.9351017,5.06089841,388463174,1989599435.68,1.0954,1,-2.4857,0
2025-07-25,sh.600016,4.92542503,4.94477837,4.86736501,4.88671835,4.9351017,342969639,1736763241.3,0.9671,1,-0.9804,0
2025-07-28,sh.600016,4.88671835,4.92542503,4.85768834,4.87704168,4.88671835,275468334,1393281324.47,0.7768,1,-0.198,0
2025-07-29,sh.600016,4.88671835,4.9351017,4.76092164,4.78027498,4.87704168,385986864,1924517348.93,1.0884,1,-1.9841,0
2025-07-30,sh.600016,4.79962832,4.838335,4.75124497,4.77059831,4.78027498,310191079,1535575399.67,0.8747,1,-0.2024,0
2025-07-31,sh.600016,4.78027498,4.78027498,4.67383161,4.73189163,4.77059831,273003368,1330862372.91,0.7698,1,-0.8114,0
2025-08-01,sh.600016,4.73189163,4.75124497,4.66415494,4.7415683,4.73189163,247547079,1206745155.56,0.6981,1,0.2045,0
2025-08-04,sh.600016,4.72221496,4.82865833,4.70286162,4.77059831,4.7415683,312651474,1542128525.4,0.8816,1,0.6122,0
2025-08-05,sh.600016,4.78027498,4.89639502,4.76092164,4.88671835,4.77059831,387189479,1933559279.9,1.0918,1,2.4341,0
2025-08-06,sh.600016,4.87704168,4.89639502,4.80930499,4.81898166,4.88671835,263822600,1317944226.88,0.744,1,-1.3861,0
2025-08-07,sh.600016,4.80930499,4.82865833,4.77059831,4.80930499,4.81898166,155077265,770334497.16,0.4373,1,-0.2008,0
2025-08-08,sh.600016,4.81898166,4.86736501,4.79962832,4.80930499,4.80930499,202608762,1011976838.22,0.5713,1,0.0,0
2025-08-11,sh.600016,4.79962832,4.81898166,4.73189163,4.73189163,4.80930499,224350219,1102581724.95,0.6326,1,-1.6097,0
2025-08-12,sh.600016,4.73189163,4.81898166,4.72221496,4.78027498,4.73189163,201099594,994348604.55,0.5671,1,1.0225,0
2025-08-13,sh.600016,4.79962832,4.80930499,4.69318495,4.70286162,4.78027498,243651951,1192770761.8,0.6871,1,-1.6194,0
2025-08-14,sh.600016,4.71253829,4.76092164,4.67383161,4.67383161,4.70286162,176765941,860324383.99,0.4985,1,-0.6173,0
2025-08-15,sh.600016,4.67383161,4.68350828,4.52868156,4.5480349,4.67383161,440254789,2079870594.1,1.2415,1,-2.6915,0
2025-08-18,sh.600016,4.56738824,4.58674158,4.52868156,4.55771157,4.5480349,235122789,1107442921.16,0.663,1,0.2128,0
2025-08-19,sh.600016,4.55771157,4.58674158,4.52868156,4.53835823,4.55771157,184857949,870433948.97,0.5213,1,-0.4246,0
2025-08-20,sh.600016,4.53835823,4.59641825,4.51900489,4.55771157,4.53835823,185821242,875180711.06,0.524,1,0.4264,0
2025-08-21,sh.600016,4.55771157,4.62544826,4.53835823,4.60609492,4.55771157,228063472,1082587014.44,0.6431,1,1.0616,0
2025-08-22,sh.600016,4.60609492,4.61577159,4.51900489,4.57706491,4.60609492,262985333,1236085355.44,0.7416,1,-0.6303,0
2025-08-25,sh.600016,4.56738824,4.65447827,4.5480349,4.62544826,4.57706491,278099586,1323665621.19,0.7842,1,1.0571,0
2025-08-26,sh.600016,4.62544826,4.62544826,4.55771157,4.57706491,4.62544826,236596579,1118564581.96,0.6672,1,-1.046,0
2025-08-27,sh.600016,4.56738824,4.56738824,4.46094487,4.46094487,4.57706491,379080151,1765137982.11,1.069,1,-2.537,0
2025-08-28,sh.600016,4.46094487,4.56738824,4.44159153,4.53835823,4.46094487,319503497,1491241048.61,0.901,1,1.7354,0
2025-08-29,sh.600016,4.52868156,4.59641825,4.44159153,4.4512682,4.53835823,477717743,2224072789.44,1.3471,1,-1.919,0
2025-09-01,sh.600016,4.48029821,4.51900489,4.3545015,4.36417817,4.4512682,515050137,2350017835.5,1.4524,1,-1.9565,0
2025-09-02,sh.600016,4.37385484,4.42223819,4.3545015,4.41256152,4.36417817,326016745,1478988123.58,0.9193,1,1.1086,0
2025-09-03,sh.600016,4.41256152,4.43191486,4.33514816,4.36417817,4.41256152,217347928,982760702.03,0.6129,1,-1.0965,0
2025-09-04,sh.600016,4.36417817,4.36417817,4.28676481,4.33514816,4.36417817,266634468,1192374258.13,0.7519,1,-0.6652,0
2025-09-05,sh.600016,4.33514816,4.3545015,4.26741147,4.32547149,4.33514816,233739857,1042005667.37,0.6591,1,-0.2232,0
2025-09-08,sh.600016,4.31579482,4.36417817,4.24805813,4.26741147,4.32547149,353652032,1568300897.79,0.9973,1,-1.3423,0
2025-09-09,sh.600016,4.27708814,4.29644148,4.24805813,4.28676481,4.26741147,189102951,835565654.18,0.5333,1,0.4535,0
2025-09-10,sh.600016,4.29644148,4.31579482,4.26741147,4.28676481,4.28676481,292818568,1297579508.53,0.8257,1,0.0,0
2025-09-11,sh.600016,4.28676481,4.32547149,4.23838146,4.31579482,4.28676481,265255712,1174747464.59,0.748,1,0.6772,0
2025-09-12,sh.600016,4.31579482,4.34482483,4.22870479,4.23838146,4.31579482,458020466,2023580781.99,1.2916,1,-1.7937,0
2025-09-15,sh.600016,4.24805813,4.26741147,4.1609681,4.18999811,4.23838146,563272583,2449864174.83,1.5884,1,-1.1416,0
2025-09-16,sh.600016,4.22,4.28,4.1,4.13,4.19,987805250,4115485526.72,2.7855,1,-1.432,0
2025-09-17,sh.600016,4.13,4.14,4.08,4.09,4.13,412626029,1697920757.88,1.1636,1,-0.9685,0
2025-09-18,sh.600016,4.11,4.11,4.01,4.03,4.09,505778734,2052839090.95,1.4263,1,-1.467,0
2025-09-19,sh.600016,4.03,4.11,4.02,4.05,4.03,611994649,2479801170.79,1.7258,1,0.4963,0
2025-09-22,sh.600016,4.05,4.06,4.02,4.04,4.05,234090036,945563952.45,0.6601,1,-0.2469,0
2025-09-23,sh.600016,4.04,4.12,4.01,4.09,4.04,490478609,2000393915.01,1.3831,1,1.2376,0
2025-09-24,sh.600016,4.08,4.13,4.06,4.08,4.09,323678289,1324004952.13,0.9127,1,-0.2445,0
2025-09-25,sh.600016,4.08,4.08,4.01,4.06,4.08,262098091,1060477740.86,0.7391,1,-0.4902,0
2025-09-26,sh.600016,4.05,4.07,4.01,4.05,4.06,199470274,806769357.95,0.5625,1,-0.2463,0
2025-09-29,sh.600016,4.05,4.08,3.99,4.01,4.05,527354679,2121867353.64,1.4871,1,-0.9877,0
2025-09-30,sh.600016,4.01,4.02,3.96,3.98,4.01,484729770,1925831869.64,1.3669,1,-0.7481,0
2025-10-09,sh.600016,3.98,3.99,3.94,3.95,3.98,450932029,1785969822.4,1.2716,1,-0.7538,0
2025-10-10,sh.600016,3.95,4.04,3.94,3.95,3.95,881389106,3500089854.02,2.4854,1,0.0,0
2025-10-13,sh.600016,3.93,3.97,3.87,3.96,3.95,510466502,2003680610.53,1.4395,1,0.2532,0
2025-10-14,sh.600016,3.94,4.04,3.93,4.02,3.96,605887376,2426478457.83,1.7085,1,1.5152,0
2025-10-15,sh.600016,4.02,4.05,3.99,4.03,4.02,396400400,1592314634.85,1.1178,1,0.2488,0
2025-10-16,sh.600016,4.02,4.07,4.0,4.06,4.03,520669101,2101623636.81,1.4682,1,0.7444,0
2025-10-17,sh.600016,4.06,4.08,4.0,4.01,4.06,464067279,1876242900.58,1.3086,1,-1.2315,0
2025-10-20,sh.600016,4.01,4.06,3.97,4.06,4.01,406930204,1636516249.53,1.1475,1,1.2469,0
2025-10-21,sh.600016,4.04,4.07,4.01,4.02,4.06,548845099,2214774504.12,1.5477,1,-0.9852,0
2025-10-22,sh.600016,4.02,4.07,4.01,4.05,4.02,618126917,2496771188.68,1.7431,1,0.7463,0
2025-10-23,sh.600016,4.05,4.17,4.04,4.16,4.05,910259191,3741812901.35,2.5668,1,2.716,0
2025-10-24,sh.600016,4.15,4.22,4.11,4.12,4.16,714507851,2968122934.96,2.0148,1,-0.9615,0
2025-10-27,sh.600016,4.11,4.13,4.06,4.09,4.12,541975888,2218625247.86,1.5283,1,-0.7282,0
2025-10-28,sh.600016,4.09,4.11,4.01,4.03,4.09,591988455,2391873240.64,1.6694,1,-1.467,0
2025-10-29,sh.600016,4.02,4.03,3.96,3.97,4.03,520625421,2073356760.69,1.4681,1,-1.4888,0
2025-10-30,sh.600016,3.97,3.99,3.95,3.95,3.97,431604468,1714054480.34,1.2171,1,-0.5038,0
2025-10-31,sh.600016,3.95,3.95,3.9,3.91,3.95,467807084,1833505829.89,1.3192,1,-1.0127,0
2025-11-03,sh.600016,3.91,3.98,3.9,3.97,3.91,429264482,1694065089.74,1.2105,1,1.5345,0
2025-11-04,sh.600016,3.97,4.06,3.96,4.05,3.97,599789905,2416668686.29,1.6914,1,2.0151,0
2025-11-05,sh.600016,4.06,4.07,4.02,4.03,4.05,328871729,1329680868.06,0.9274,1,-0.4938,0
2025-11-06,sh.600016,4.02,4.04,4.0,4.03,4.03,252598641,1016861671.53,0.7123,1,0.0,0
2025-11-07,sh.600016,4.03,4.06,4.01,4.03,4.03,247473228,997110985.87,0.6979,1,0.0,0
2025-11-10,sh.600016,4.02,4.05,4.01,4.04,4.03,319370063,1288754661.55,0.9006,1,0.2481,0
2025-11-11,sh.600016,4.04,4.07,4.03,4.04,4.04,282727444,1144201628.3,0.7973,1,0.0,0
2025-11-12,sh.600016,4.04,4.09,4.04,4.05,4.04,434255953,1766606273.29,1.2246,1,0.2475,0
2025-11-13,sh.600016,4.06,4.07,4.01,4.04,4.05,381245626,1538264712.72,1.0751,1,-0.2469,0
2025-11-14,sh.600016,4.04,4.09,4.04,4.06,4.04,407069285,1657607132.24,1.1479,1,0.495,0
2025-11-17,sh.600016,4.06,4.12,4.02,4.1,4.06,522149155,2130063057.55,1.4724,1,0.9852,0
2025-11-18,sh.600016,4.1,4.11,4.05,4.06,4.1,320148085,1304808311.72,0.9028,1,-0.9756,0
2025-11-19,sh.600016,4.05,4.11,4.05,4.09,4.06,313065317,1279655086.35,0.8828,1,0.7389,0
2025-11-20,sh.600016,4.08,4.26,4.08,4.2,4.09,859043281,3597044511.96,2.4224,1,2.6895,0
2025-11-21,sh.600016,4.19,4.24,4.11,4.11,4.2,559153254,2324312298.69,1.5768,1,-2.1429,0
2025-11-24,sh.600016,4.12,4.13,4.05,4.06,4.11,450933420,1841582095.44,1.2716,1,-1.2165,0
2025-11-25,sh.600016,4.06,4.14,4.05,4.13,4.06,411367082,1687297611.6,1.16,1,1.7241,0
2025-11-26,sh.600016,4.13,4.16,4.08,4.1,4.13,326420993,1340568901.1,0.9205,1,-0.7264,0
2025-11-27,sh.600016,4.1,4.15,4.08,4.13,4.1,313263183,1289277857.02,0.8834,1,0.7317,0
2025-11-28,sh.600016,4.13,4.13,4.08,4.09,4.13,324626010,1328354242.92,0.9154,1,-0.9685,0
2025-12-01,sh.600016,4.1,4.17,4.08,4.15,4.09,502292129,2075574612.08,1.4164,1,1.467,0
2025-12-02,sh.600016,4.14,4.16,4.09,4.12,4.15,334821047,1379252007.29,0.9442,1,-0.7229,0
2025-12-03,sh.600016,4.11,4.14,4.06,4.06,4.12,384233694,1570832357.95,1.0835,1,-1.4563,0
2025-12-04,sh.600016,4.06,4.07,4.02,4.03,4.06,336245441,1356346031.07,0.9482,1,-0.7389,0
2025-12-05,sh.600016,4.03,4.04,3.98,4.01,4.03,355183189,1420864213.21,1.0016,1,-0.4963,0
2025-12-08,sh.600016,4.0,4.03,3.99,4.0,4.01,318196658,1274835149.43,0.8973,1,-0.2494,0
2025-12-09,sh.600016,4.0,4.01,3.96,3.97,4.0,292993819,1166605720.89,0.8262,1,-0.75,0
2025-12-10,sh.600016,3.97,3.98,3.9,3.93,3.97,450789783,1771462062.63,1.2712,1,-1.0076,0
2025-12-11,sh.600016,3.93,3.95,3.91,3.91,3.93,281236457,1105047667.38,0.7931,1,-0.5089,0
2025-12-12,sh.600016,3.91,3.93,3.89,3.9,3.91,311900828,1220498236.42,0.8795,1,-0.2558,0
2025-12-15,sh.600016,3.9,3.93,3.9,3.91,3.9,272600999,1067064233.72,0.7687,1,0.2564,0
2025-12-16,sh.600016,3.91,3.92,3.87,3.89,3.91,337252417,1311868368.93,0.951,1,-0.5115,0
2025-12-17,sh.600016,3.88,3.92,3.87,3.91,3.89,236187658,919598473.7,0.666,1,0.5141,0
2025-12-18,sh.600016,3.9,3.94,3.89,3.93,3.91,280196144,1098601753.86,0.7901,1,0.5115,0
2025-12-19,sh.600016,3.92,3.93,3.9,3.91,3.93,289362950,1132254227.16,0.816,1,-0.5089,0
2025-12-22,sh.600016,3.9,3.91,3.87,3.88,3.91,356791757,1386479384.6,1.0061,1,-0.7673,0
2025-12-23,sh.600016,3.89,3.89,3.82,3.83,3.88,440663652,1697976211.98,1.2426,1,-1.2887,0
2025-12-24,sh.600016,3.83,3.83,3.78,3.82,3.83,289777532,1103592845.25,0.8171,1,-0.2611,0
2025-12-25,sh.600016,3.82,3.87,3.81,3.86,3.82,226741657,873488416.88,0.6394,1,1.0471,0
2025-12-26,sh.600016,3.86,3.88,3.85,3.86,3.86,146563099,566065976.08,0.4133,1,0.0,0
2025-12-29,sh.600016,3.86,3.88,3.84,3.86,3.86,246165306,949424203.32,0.6942,1,0.0,0
2025-12-30,sh.600016,3.86,3.87,3.82,3.83,3.86,223200053,855606101.62,0.6294,1,-0.7772,0
2025-12-31,sh.600016,3.83,3.85,3.81,3.83,3.83,232459873,890101516.14,0.6555,1,0.0,0
2026-01-05,sh.600016,3.83,3.86,3.82,3.85,3.83,221269562,850244880.44,0.624,1,0.5222,0
2026-01-06,sh.600016,3.85,3.88,3.84,3.87,3.85,314677021,1214673730.38,0.8874,1,0.5195,0
2026-01-07,sh.600016,3.86,3.88,3.84,3.85,3.87,241096798,928924269.27,0.6799,1,-0.5168,0
2026-01-08,sh.600016,3.84,3.85,3.81,3.83,3.85,242427888,927268771.16,0.6836,1,-0.5195,0
2026-01-09,sh.600016,3.82,3.83,3.81,3.82,3.83,210137144,803001625.82,0.5926,1,-0.2611,0
2026-01-12,sh.600016,3.82,3.85,3.81,3.84,3.82,296852454,1135829809.49,0.8371,1,0.5236,0
2026-01-13,sh.600016,3.84,3.89,3.83,3.87,3.84,388861720,1504071979.21,1.0966,1,0.7813,0
2026-01-14,sh.600016,3.86,3.87,3.81,3.81,3.87,427554304,1640135529.94,1.2057,1,-1.5504,0
2026-01-15,sh.600016,3.81,3.83,3.78,3.79,3.81,293927761,1117440910.29,0.8288,1,-0.5249,0
2026-01-16,sh.600016,3.8,3.81,3.75,3.76,3.79,340709228,1284590205.97,0.9608,1,-0.7916,0
2026-01-19,sh.600016,3.75,3.76,3.74,3.75,3.76,191564098,718209134.54,0.5402,1,-0.266,0
2026-01-20,sh.600016,3.75,3.8,3.74,3.8,3.75,307329741,1159652185.42,0.8666,1,1.3333,0
2026-01-21,sh.600016,3.79,3.81,3.76,3.76,3.8,276701975,1044805624.85,0.7803,1,-1.0526,0
2026-01-22,sh.600016,3.76,3.8,3.76,3.77,3.76,234587159,886870170.39,0.6615,1,0.266,0
2026-01-23,sh.600016,3.78,3.79,3.75,3.76,3.77,244765920,922204141.07,0.6902,1,-0.2653,0
2026-01-26,sh.600016,3.76,3.79,3.75,3.76,3.76,324312881,1221058806.14,0.9145,1,0.0,0
2026-01-27,sh.600016,3.76,3.77,3.73,3.74,3.76,285133861,1070279282.48,0.8041,1,-0.5319,0
2026-01-28,sh.600016,3.73,3.77,3.73,3.73,3.74,368385933,1379580924.03,1.0388,1,-0.2674,0
2026-01-29,sh.600016,3.74,3.81,3.7,3.81,3.73,570445100,2145550973.1,1.6086,1,2.1448,0
2026-01-30,sh.600016,3.8,3.82,3.75,3.75,3.81,345647879,1308649707.69,0.9747,1,-1.5748,0
2026-02-02,sh.600016,3.75,3.81,3.75,3.75,3.75,361765160,1368095090.86,1.0201,1,0.0,0
2026-02-03,sh.600016,3.76,3.77,3.72,3.73,3.75,280925392,1048317549.15,0.7922,1,-0.5333,0
2026-02-04,sh.600016,3.73,3.8,3.73,3.79,3.73,371454407,1401073800.62,1.0475,1,1.6086,0
2026-02-05,sh.600016,3.79,3.86,3.79,3.84,3.79,502433849,1923400262.69,1.4168,1,1.3193,0
2026-02-06,sh.600016,3.84,3.89,3.81,3.88,3.84,484244279,1869581886.31,1.3655,1,1.0417,0
2026-02-09,sh.600016,3.87,3.94,3.86,3.93,3.88,402783228,1576946733.94,1.1358,1,1.2887,0
2026-02-10,sh.600016,3.93,3.98,3.92,3.97,3.93,391742355,1550937241.02,1.1047,1,1.0178,0
2026-02-11,sh.600016,3.97,4.02,3.95,4.0,3.97,342484705,1365763350.1,0.9658,1,0.7557,0
2026-02-12,sh.600016,4.0,4.01,3.92,3.94,4.0,350204672,1383557735.02,0.9875,1,-1.5,0
2026-02-13,sh.600016,3.93,3.97,3.92,3.93,3.94,226611377,893357529.09,0.639,1,-0.2538,0
2026-02-24,sh.600016,3.95,3.95,3.89,3.9,3.93,229877433,899003944.71,0.6482,1,-0.7634,0
2026-02-25,sh.600016,3.9,3.94,3.88,3.89,3.9,279289988,1091765946.61,0.7876,1,-0.2564,0
2026-02-26,sh.600016,3.9,3.93,3.86,3.88,3.89,245538502,955478068.61,0.6924,1,-0.2571,0
2026-02-27,sh.600016,3.88,3.91,3.88,3.88,3.88,195452234,760640941.98,0.5512,1,0.0,0
2026-03-02,sh.600016,3.87,3.96,3.85,3.95,3.88,409141315,1603318330.13,1.1537,1,1.8041,0
2026-03-03,sh.600016,3.94,3.97,3.91,3.92,3.95,350578388,1380067810.76,0.9886,1,-0.7595,0
2026-03-04,sh.600016,3.91,3.92,3.81,3.84,3.92,390409868,1501200948.68,1.1009,1,-2.0408,0
2026-03-05,sh.600016,3.84,3.89,3.83,3.88,3.84,232534131,898957946.93,0.6557,1,1.0417,0
2026-03-06,sh.600016,3.87,3.88,3.84,3.88,3.88,223049551,860633341.99,0.629,1,0.0,0
2026-03-09,sh.600016,3.86,3.9,3.84,3.88,3.88,313339907,1215623963.76,0.8836,1,0.0,0
2026-03-10,sh.600016,3.88,3.95,3.87,3.94,3.88,347527135,1363452279.01,0.98,1,1.5464,0
2026-03-11,sh.600016,3.93,3.98,3.91,3.97,3.94,284964579,1127076055.35,0.8036,1,0.7614,0
2026-03-12,sh.600016,3.97,4.01,3.96,3.99,3.97,341529079,1362434337.54,0.9631,1,0.5038,0
2026-03-13,sh.600016,3.99,4.02,3.95,3.96,3.99,339090133,1350436516.12,0.9562,1,-0.7519,0
2026-03-16,sh.600016,3.96,3.97,3.91,3.93,3.96,241961018,951834388.66,0.6823,1,-0.7576,0
2026-03-17,sh.600016,3.93,3.96,3.92,3.92,3.93,225563899,888805665.32,0.6361,1,-0.2545,0
2026-03-18,sh.600016,3.92,3.92,3.88,3.91,3.92,282698099,1101887547.68,0.7972,1,-0.2551,0
2026-03-19,sh.600016,3.9,3.92,3.86,3.86,3.91,203002828,788626872.67,0.5724,1,-1.2788,0
2026-03-20,sh.600016,3.86,3.89,3.83,3.83,3.86,201834050,778946620.83,0.5692,1,-0.7772,0
2026-03-23,sh.600016,3.81,3.82,3.71,3.72,3.83,356050382,1336837743.74,1.004,1,-2.8721,0
2026-03-24,sh.600016,3.74,3.81,3.74,3.81,3.72,270288102,1021681370.59,0.7622,1,2.4194,0
2026-03-25,sh.600016,3.81,3.88,3.78,3.88,3.81,229783547,882047826.64,0.648,1,1.8373,0
2026-03-26,sh.600016,3.87,3.89,3.83,3.84,3.88,158081162,609744597.74,0.4458,1,-1.0309,0
2026-03-27,sh.600016,3.83,3.86,3.82,3.83,3.84,153241258,588113365.14,0.4321,1,-0.2604,0
2026-03-30,sh.600016,3.81,3.86,3.8,3.85,3.83,158911481,609571824.35,0.4481,1,0.5222,0
2026-03-31,sh.600016,3.84,3.87,3.79,3.79,3.85,295933760,1131742211.19,0.8345,1,-1.5584,0
2026-04-01,sh.600016,3.81,3.82,3.76,3.78,3.79,269083583,1018300027.11,0.7588,1,-0.2639,0
2026-04-02,sh.600016,3.78,3.78,3.74,3.76,3.78,196618704,739283632.61,0.5544,1,-0.5291,0
2026-04-03,sh.600016,3.76,3.76,3.72,3.73,3.76,194566533,726716642.16,0.5487,1,-0.7979,0
2026-04-07,sh.600016,3.73,3.73,3.68,3.69,3.73,260703145,965166091.11,0.7352,1,-1.0724,0
2026-04-08,sh.600016,3.71,3.75,3.7,3.75,3.69,200909889,748571691.61,0.5665,1,1.626,0
2026-04-09,sh.600016,3.74,3.74,3.7,3.7,3.75,136805881,508038913.7,0.3858,1,-1.3333,0
2026-04-10,sh.600016,3.71,3.73,3.7,3.72,3.7,124958801,464290365.51,0.3524,1,0.5405,0
2026-04-13,sh.600016,3.7,3.71,3.69,3.7,3.72,97812006,361968308.32,0.2758,1,-0.5376,0
2026-04-14,sh.600016,3.7,3.73,3.7,3.72,3.7,129684636,481560223.01,0.3657,1,0.5405,0
2026-04-15,sh.600016,3.73,3.74,3.72,3.73,3.72,150492360,561281744.7,0.4244,1,0.2688,0
2026-04-16,sh.600016,3.73,3.74,3.71,3.72,3.73,132206889,491770602.18,0.3728,1,-0.2681,0
2026-04-17,sh.600016,3.71,3.72,3.7,3.71,3.72,138984967,515648543.57,0.3919,1,-0.2688,0
2026-04-20,sh.600016,3.71,3.72,3.7,3.71,3.71,125456018,465899705.34,0.3538,1,0.0,0
2026-04-21,sh.600016,3.71,3.75,3.71,3.74,3.71,184562489,689568945.98,0.5204,1,0.8086,0
2026-04-22,sh.600016,3.73,3.77,3.72,3.74,3.74,254974245,953958265.04,0.719,1,0.0,0
2026-04-23,sh.600016,3.74,3.75,3.73,3.74,3.74,141333934,528536833.92,0.3985,1,0.0,0
2026-04-24,sh.600016,3.73,3.75,3.72,3.75,3.74,170512867,637650189.13,0.4808,1,0.2674,0
2026-04-27,sh.600016,3.74,3.77,3.74,3.74,3.75,149583396,561508888.82,0.4218,1,-0.2667,0
2026-04-28,sh.600016,3.74,3.75,3.72,3.73,3.74,111342227,414985007.34,0.314,1,-0.2674,0
2026-04-29,sh.600016,3.72,3.74,3.72,3.74,3.73,139617581,520871870.81,0.3937,1,0.2681,0
2026-04-30,sh.600016,3.72,3.73,3.7,3.7,3.74,206632270,766285149.9,0.5827,1,-1.0695,0
2026-05-06,sh.600016,3.7,3.71,3.68,3.69,3.7,190192846,702454235.0,0.5363,1,-0.2703,0
2026-05-07,sh.600016,3.69,3.7,3.69,3.69,3.69,123025375,454408251.75,0.3469,1,0.0,0
2026-05-08,sh.600016,3.69,3.71,3.69,3.69,3.69,117537892,434321924.98,0.3314,1,0.0,0
2026-05-11,sh.600016,3.69,3.7,3.68,3.69,3.69,176100135,649153381.97,0.4966,1,0.0,0
2026-05-12,sh.600016,3.69,3.7,3.68,3.68,3.69,117535310,433091889.47,0.3314,1,-0.271,0
2026-05-13,sh.600016,3.68,3.69,3.65,3.65,3.68,170687654,625557053.64,0.4813,1,-0.8152,0
2026-05-14,sh.600016,3.65,3.66,3.63,3.64,3.65,224035735,816692468.14,0.6318,1,-0.274,0
2026-05-15,sh.600016,3.64,3.65,3.61,3.61,3.64,184342297,668416147.98,0.5198,1,-0.8242,0
2026-05-18,sh.600016,3.61,3.61,3.54,3.57,3.61,243343654,868093571.01,0.6862,1,-1.108,0
2026-05-19,sh.600016,3.56,3.58,3.55,3.58,3.57,152245801,542981818.49,0.4293,1,0.2801,0
2026-05-20,sh.600016,3.58,3.58,3.55,3.56,3.58,122472736,436853549.22,0.3454,1,-0.5587,0
2026-05-21,sh.600016,3.56,3.58,3.52,3.53,3.56,162529342,577936648.98,0.4583,1,-0.8427,0
2026-05-22,sh.600016,3.53,3.54,3.5,3.52,3.53,147799295,520010232.0,0.4168,1,-0.2833,0
2026-05-25,sh.600016,3.52,3.55,3.51,3.52,3.52,120460848,425123809.53,0.3397,1,0.0,0
2026-05-26,sh.600016,3.51,3.54,3.51,3.52,3.52,119861429,421956266.35,0.338,1,0.0,0
2026-05-27,sh.600016,3.52,3.55,3.49,3.49,3.52,215493666,758341329.14,0.6077,1,-0.8523,0
2026-05-28,sh.600016,3.49,3.51,3.47,3.48,3.49,132132974,460928711.29,0.3726,1,-0.2865,0
2026-05-29,sh.600016,3.48,3.55,3.46,3.55,3.48,262175637,920738766.68,0.7393,1,2.0115,0
2026-06-01,sh.600016,3.54,3.59,3.53,3.59,3.55,218597798,776661150.31,0.6164,1,1.1268,0
2026-06-02,sh.600016,3.58,3.64,3.57,3.59,3.59,202676045,730732215.2,0.5715,1,0.0,0
2026-06-03,sh.600016,3.59,3.6,3.53,3.54,3.59,259355514,921115280.75,0.7314,1,-1.3928,0
2026-06-04,sh.600016,3.53,3.55,3.48,3.5,3.54,192730356,676441181.7,0.5435,1,-1.1299,0
2026-06-05,sh.600016,3.5,3.59,3.5,3.57,3.5,231081986,822020504.36,0.6516,1,2.0,0
2026-06-08,sh.600016,3.56,3.59,3.53,3.55,3.57,223160872,794473589.97,0.6293,1,-0.5602,0
2026-06-09,sh.600016,3.54,3.59,3.53,3.54,3.55,229025012,813799221.9,0.6458,1,-0.2817,0
2026-06-10,sh.600016,3.55,3.6,3.53,3.6,3.54,242527977,867665141.28,0.6839,1,1.6949,0
2026-06-11,sh.600016,3.59,3.6,3.56,3.57,3.6,204035855,729807144.83,0.5754,1,-0.8333,0
2026-06-12,sh.600016,3.56,3.63,3.55,3.63,3.57,253345549,912227152.09,0.7144,1,1.6807,0
2026-06-15,sh.600016,3.63,3.65,3.59,3.63,3.63,299900442,1084757140.76,0.8457,1,0.0,0
2026-06-16,sh.600016,3.62,3.64,3.58,3.59,3.63,187445731,676265784.99,0.5286,1,-1.1019,0
2026-06-17,sh.600016,3.6,3.61,3.54,3.56,3.59,211850879,754494201.87,0.5974,1,-0.8357,0
2026-06-18,sh.600016,3.55,3.56,3.47,3.48,3.56,301141869,1054238115.71,0.8492,1,-2.2472,0
2026-06-22,sh.600016,3.48,3.51,3.43,3.49,3.48,293315359,1017847886.53,0.8271,1,0.2874,0
2026-06-23,sh.600016,3.49,3.55,3.48,3.49,3.49,324033941,1136495953.71,0.9137,1,0.0,0
2026-06-24,sh.600016,3.48,3.49,3.4,3.41,3.49,391019025,1340375241.96,1.1026,1,-2.2923,0
2026-06-25,sh.600016,3.4,3.43,3.35,3.36,3.41,271058091,918171369.64,0.7644,1,-1.4663,0
