date,code,open,high,low,close,preclose,volume,amount,turn,tradestatus,pctChg,isST
2012-01-04,sh.600000,3.4252659,3.4332876,3.36510315,3.37312485,3.40521165,34201379,290229551.0,0.229189,1,-0.9423,0
2012-01-05,sh.600000,3.39718995,3.5375697,3.39718995,3.46938525,3.37312485,132116203,1144753023.0,0.885333,1,2.8537,0
2012-01-06,sh.600000,3.46136355,3.5215263,3.4573527,3.49345035,3.46938525,61778687,537043761.0,0.413989,1,0.6936,0
2012-01-09,sh.600000,3.4974612,3.60575415,3.4814178,3.58971075,3.49345035,80136249,711429611.0,0.537006,1,2.7555,0
2012-01-10,sh.600000,3.58971075,3.6498735,3.5616348,3.63784095,3.58971075,72004632,647206633.0,0.482515,1,1.3408,0
2012-01-11,sh.600000,3.62981925,3.6498735,3.6017433,3.609765,3.63784095,49261157,444366552.0,0.330107,1,-0.7718,0
2012-01-12,sh.600000,3.609765,3.69399285,3.60575415,3.64586265,3.609765,60486981,551261471.0,0.405333,1,1.0,0
2012-01-13,sh.600000,3.65388435,3.6819603,3.59773245,3.6258084,3.64586265,56725332,514638094.0,0.380126,1,-0.5501,0
2012-01-16,sh.600000,3.609765,3.6578952,3.5937216,3.59773245,3.6258084,33100160,299225053.0,0.22181,1,-0.7743,0
2012-01-17,sh.600000,3.609765,3.7140471,3.52553715,3.689982,3.59773245,97357263,876457391.0,0.652407,1,2.5641,0
2012-01-18,sh.600000,3.6739386,3.70201455,3.609765,3.6258084,3.689982,58089289,529288104.0,0.389266,1,-1.7391,0
2012-01-19,sh.600000,3.62981925,3.6980037,3.6177867,3.689982,3.6258084,68645571,628781817.0,0.460005,1,1.7699,0
2012-01-20,sh.600000,3.71003625,3.78223155,3.67794945,3.7782207,3.689982,95052703,883450355.0,0.636964,1,2.3913,0
2012-01-30,sh.600000,3.770199,3.77420985,3.689982,3.6980037,3.7782207,71883155,668276691.0,0.481701,1,-2.1231,0
2012-01-31,sh.600000,3.7060254,3.7220688,3.6739386,3.6980037,3.6980037,35464104,326763252.0,0.237651,1,0.0,0
2012-02-01,sh.600000,3.689982,3.7140471,3.62981925,3.6418518,3.6980037,39647888,362716575.0,0.265687,1,-1.5184,0
2012-02-02,sh.600000,3.6578952,3.7782207,3.6418518,3.770199,3.6418518,87973331,816297537.0,0.589524,1,3.5242,0
2012-02-03,sh.600000,3.75014475,3.8103075,3.7381122,3.7862424,3.770199,97135312,914988444.0,0.65092,1,0.4255,0
2012-02-06,sh.600000,3.7942641,3.81431835,3.72607965,3.76618815,3.7862424,63691281,599080983.0,0.426806,1,-0.5297,0
2012-02-07,sh.600000,3.7381122,3.7541556,3.6819603,3.7060254,3.76618815,51391402,475945766.0,0.344382,1,-1.5974,0
2012-02-08,sh.600000,3.70201455,3.8022858,3.70201455,3.79025325,3.7060254,64270717,602796522.0,0.430689,1,2.2727,0
2012-02-09,sh.600000,3.79025325,3.8022858,3.7541556,3.770199,3.79025325,50273854,473358227.0,0.336893,1,-0.5291,0
2012-02-10,sh.600000,3.7541556,3.8022858,3.7381122,3.75816645,3.770199,51836488,487049474.0,0.347365,1,-0.3191,0
2012-02-13,sh.600000,3.71003625,3.75816645,3.6819603,3.71805795,3.75816645,49204966,456411669.0,0.329731,1,-1.0672,0
2012-02-14,sh.600000,3.7060254,3.7220688,3.66190605,3.68597115,3.71805795,53024869,487049233.0,0.355328,1,-0.863,0
2012-02-15,sh.600000,3.6739386,3.72607965,3.6659169,3.70201455,3.68597115,55064760,507511353.0,0.368998,1,0.4353,0
2012-02-16,sh.600000,3.71003625,3.7220688,3.6659169,3.68597115,3.70201455,47501799,437494063.0,0.318317,1,-0.4334,0
2012-02-17,sh.600000,3.71003625,3.73410135,3.689982,3.7140471,3.68597115,41743292,386595857.0,0.279729,1,0.7617,0
2012-02-20,sh.600000,3.77420985,3.77420985,3.71003625,3.7140471,3.7140471,57740009,539245887.0,0.386925,1,0.0,0
2012-02-21,sh.600000,3.71805795,3.73410135,3.689982,3.7220688,3.7140471,42757386,395923924.0,0.286524,1,0.216,0
2012-02-22,sh.600000,3.7220688,3.7541556,3.689982,3.7381122,3.7220688,81447790,755732387.0,0.545795,1,0.431,0
2012-02-23,sh.600000,3.7381122,3.770199,3.7220688,3.74212305,3.7381122,87754888,818404842.0,0.58806,1,0.1073,0
2012-02-24,sh.600000,3.75014475,3.82234005,3.73410135,3.81431835,3.74212305,128341832,1207795585.0,0.86004,1,1.9293,0
2012-02-27,sh.600000,3.83838345,3.8584377,3.79025325,3.8022858,3.81431835,126664015,1206459798.0,0.848797,1,-0.3155,0
2012-02-28,sh.600000,3.8022858,3.8905245,3.7942641,3.8744811,3.8022858,136121116,1308533877.0,0.91217,1,1.8987,0
2012-02-29,sh.600000,3.87849195,3.87849195,3.81431835,3.8263509,3.8744811,77757837,745267161.0,0.521068,1,-1.2422,0
2012-03-01,sh.600000,3.8103075,3.84640515,3.80629665,3.83036175,3.8263509,46237868,441399342.0,0.309848,1,0.1048,0
2012-03-02,sh.600000,3.83036175,3.8905245,3.8263509,3.88651365,3.83036175,74013187,711842953.0,0.495975,1,1.466,0
2012-03-05,sh.600000,3.9065679,3.91057875,3.8423943,3.8423943,3.88651365,66098035,638459411.0,0.442934,1,-1.1352,0
2012-03-06,sh.600000,3.82234005,3.85442685,3.77420985,3.7862424,3.8423943,68450355,650629551.0,0.458697,1,-1.4614,0
2012-03-07,sh.600000,3.76618815,3.7862424,3.74212305,3.7461339,3.7862424,51077237,479615280.0,0.342277,1,-1.0593,0
2012-03-08,sh.600000,3.76618815,3.8103075,3.75816645,3.7942641,3.7461339,54828552,517039328.0,0.367415,1,1.2848,0
2012-03-09,sh.600000,3.79827495,3.81431835,3.7782207,3.79827495,3.7942641,47510501,449318745.0,0.318376,1,0.1057,0
2012-03-12,sh.600000,3.7862424,3.79025325,3.74212305,3.7621773,3.79827495,52784386,494779980.0,0.353717,1,-0.9504,0
2012-03-13,sh.600000,3.76618815,3.82234005,3.75014475,3.79827495,3.7621773,61430150,582028877.0,0.411654,1,0.9595,0
2012-03-14,sh.600000,3.82234005,3.85442685,3.7381122,3.7541556,3.79827495,99280321,940852511.0,0.665294,1,-1.1616,0
2012-03-15,sh.600000,3.7541556,3.79025325,3.6739386,3.68597115,3.7541556,70673894,661561276.0,0.473597,1,-1.8162,0
2012-03-16,sh.600000,3.71003625,3.7461339,3.689982,3.71003625,3.68597115,72584563,672304027.0,0.486401,1,0.6529,0
2012-03-19,sh.600000,3.7140471,3.7381122,3.7060254,3.7220688,3.71003625,50228036,466395766.0,0.336586,1,0.3243,0
2012-03-20,sh.600000,3.71003625,3.7140471,3.6578952,3.6578952,3.7220688,62725576,575220524.0,0.420334,1,-1.7241,0
2012-03-21,sh.600000,3.6819603,3.68597115,3.6177867,3.6418518,3.6578952,51867060,471579975.0,0.34757,1,-0.4386,0
2012-03-22,sh.600000,3.64586265,3.69399285,3.62179755,3.6578952,3.6418518,38651197,352251184.0,0.259008,1,0.4405,0
2012-03-23,sh.600000,3.6498735,3.6578952,3.6177867,3.6338301,3.6578952,35268448,319927048.0,0.23634,1,-0.6579,0
2012-03-26,sh.600000,3.62981925,3.67794945,3.62981925,3.66190605,3.6338301,33692849,306941853.0,0.225781,1,0.7726,0
2012-03-27,sh.600000,3.66992775,3.67794945,3.6418518,3.6578952,3.66190605,27294640,249025233.0,0.182906,1,-0.1095,0
2012-03-28,sh.600000,3.6578952,3.6659169,3.58168905,3.59773245,3.6578952,43565307,394701420.0,0.291938,1,-1.6447,0
2012-03-29,sh.600000,3.5856999,3.609765,3.54960225,3.55762395,3.59773245,48391415,432068893.0,0.324279,1,-1.1148,0
2012-03-30,sh.600000,3.5776782,3.59773245,3.5616348,3.58168905,3.55762395,50587012,451335933.0,0.338992,1,0.6764,0
2012-04-05,sh.600000,3.5696565,3.58971075,3.53355885,3.58168905,3.58168905,76352001,677374501.0,0.511647,1,0.0,0
2012-04-06,sh.600000,3.58168905,3.5937216,3.5455914,3.5856999,3.58168905,56682481,504458934.0,0.379839,1,0.112,0
2012-04-09,sh.600000,3.56564565,3.5856999,3.54158055,3.5455914,3.5856999,34889828,309720486.0,0.233803,1,-1.1186,0
2012-04-10,sh.600000,3.5536131,3.58168905,3.5215263,3.5776782,3.5455914,45147000,399088179.0,0.302538,1,0.905,0
2012-04-11,sh.600000,3.55762395,3.58971075,3.54960225,3.56564565,3.5776782,39397074,350489715.0,0.264006,1,-0.3363,0
2012-04-12,sh.600000,3.56564565,3.6659169,3.55762395,3.6578952,3.56564565,64571634,581979210.0,0.432705,1,2.5872,0
2012-04-13,sh.600000,3.65388435,3.66992775,3.6177867,3.6659169,3.6578952,61175666,556243010.0,0.409948,1,0.2193,0
2012-04-16,sh.600000,3.6418518,3.6578952,3.6258084,3.6338301,3.6659169,38614798,350462999.0,0.258764,1,-0.8753,0
2012-04-17,sh.600000,3.6338301,3.64586265,3.58168905,3.58168905,3.6338301,49466011,444391607.0,0.33148,1,-1.4349,0
2012-04-18,sh.600000,3.58168905,3.6659169,3.5776782,3.6578952,3.58168905,67117990,607091633.0,0.449769,1,2.1277,0
2012-04-19,sh.600000,3.6498735,3.6739386,3.6338301,3.6578952,3.6578952,48488000,441712581.0,0.324926,1,0.0,0
2012-04-20,sh.600000,3.6498735,3.7381122,3.64586265,3.73410135,3.6578952,77240835,714085575.0,0.517604,1,2.0833,0
2012-04-23,sh.600000,3.71805795,3.74212305,3.69399285,3.7060254,3.73410135,41839068,387763897.0,0.280371,1,-0.7519,0
2012-04-24,sh.600000,3.70201455,3.83036175,3.6980037,3.7621773,3.7060254,113165453,1065629977.0,0.75834,1,1.5152,0
2012-04-25,sh.600000,3.7461339,3.7862424,3.74212305,3.75014475,3.7621773,66489024,623235371.0,0.445554,1,-0.3198,0
2012-04-26,sh.600000,3.7782207,3.7942641,3.7300905,3.75816645,3.75014475,53826936,503917233.0,0.360703,1,0.2139,0
2012-04-27,sh.600000,3.76618815,3.79025325,3.75014475,3.77420985,3.75816645,47114993,443152186.0,0.315725,1,0.4269,0
2012-05-02,sh.600000,3.8022858,3.84640515,3.77420985,3.8343726,3.77420985,107696972,1023491921.0,0.721695,1,1.594,0
2012-05-03,sh.600000,3.81431835,3.83036175,3.7782207,3.7942641,3.8343726,60560075,574341330.0,0.405823,1,-1.046,0
2012-05-04,sh.600000,3.79827495,3.8103075,3.76618815,3.80629665,3.7942641,71659892,677231238.0,0.480205,1,0.3171,0
2012-05-07,sh.600000,3.78223155,3.8022858,3.7461339,3.7782207,3.80629665,82225733,773477051.0,0.551008,1,-0.7376,0
2012-05-08,sh.600000,3.77420985,3.7782207,3.7220688,3.7541556,3.7782207,86721348,810233956.0,0.581134,1,-0.6369,0
2012-05-09,sh.600000,3.7300905,3.73410135,3.6819603,3.689982,3.7541556,65066893,600930021.0,0.436024,1,-1.7094,0
2012-05-10,sh.600000,3.69399285,3.7060254,3.65388435,3.6739386,3.689982,67576254,619397962.0,0.45284,1,-0.4348,0
2012-05-11,sh.600000,3.6739386,3.70201455,3.6578952,3.6739386,3.6739386,35532729,325856898.0,0.238111,1,0.0,0
2012-05-14,sh.600000,3.69399285,3.70201455,3.6338301,3.6418518,3.6739386,70896633,648414480.0,0.47509,1,-0.8734,0
2012-05-15,sh.600000,3.609765,3.62981925,3.6017433,3.6258084,3.6418518,60429994,544604567.0,0.404951,1,-0.4405,0
2012-05-16,sh.600000,3.62179755,3.62179755,3.56564565,3.57366735,3.6258084,75535741,676147543.0,0.506178,1,-1.4381,0
2012-05-17,sh.600000,3.58168905,3.6177867,3.5696565,3.59773245,3.57366735,43092663,386025718.0,0.288771,1,0.6734,0
2012-05-18,sh.600000,3.5776782,3.5776782,3.5375697,3.5536131,3.59773245,61950167,549225590.0,0.415138,1,-1.2263,0
2012-05-21,sh.600000,3.5536131,3.57366735,3.54158055,3.55762395,3.5536131,46679612,413635877.0,0.312808,1,0.1129,0
2012-05-22,sh.600000,3.5696565,3.59773245,3.5616348,3.5937216,3.55762395,67549651,602839656.0,0.452661,1,1.0147,0
2012-05-23,sh.600000,3.58971075,3.5937216,3.54960225,3.56564565,3.5937216,61979794,552097474.0,0.415337,1,-0.7812,0
2012-05-24,sh.600000,3.5616348,3.5856999,3.53355885,3.54960225,3.56564565,49757216,441704165.0,0.333431,1,-0.4499,0
2012-05-25,sh.600000,3.54960225,3.5536131,3.51751545,3.52553715,3.54960225,45887776,404197693.0,0.307502,1,-0.678,0
2012-05-28,sh.600000,3.529548,3.5616348,3.51751545,3.55762395,3.52553715,52347656,461949299.0,0.35079,1,0.9101,0
2012-05-29,sh.600000,3.5536131,3.6017433,3.5375697,3.58971075,3.55762395,93478648,831085291.0,0.626416,1,0.9019,0
2012-05-30,sh.600000,3.5776782,3.58168905,3.52553715,3.5375697,3.58971075,88036486,779244023.0,0.589947,1,-1.4525,0
2012-05-31,sh.600000,3.52553715,3.529548,3.50949375,3.51751545,3.5375697,67011196,587833136.0,0.449053,1,-0.5669,0
2012-06-01,sh.600000,3.5215263,3.5455914,3.50949375,3.5215263,3.51751545,42401677,372673966.0,0.284141,1,0.114,0
2012-06-04,sh.600000,3.49345035,3.49345035,3.4413093,3.44532015,3.5215263,69367973,599453523.0,0.464846,1,-2.164,0
2012-06-05,sh.600000,3.4573527,3.4653744,3.42927675,3.4332876,3.44532015,69666907,598110567.0,0.466849,1,-0.3492,0
2012-06-06,sh.600000,3.44532015,3.4814178,3.42927675,3.4573527,3.4332876,49918846,429065873.0,0.334514,1,0.7009,0
2012-06-07,sh.600000,3.4814178,3.4894395,3.42125505,3.4332876,3.4573527,48026408,413324686.0,0.321833,1,-0.6961,0
2012-06-08,sh.600000,3.41323335,3.42125505,3.33301635,3.3450489,3.4332876,140389731,1176530441.0,0.940775,1,-2.5701,0
2012-06-11,sh.600000,3.3530706,3.3610923,3.33301635,3.3450489,3.3450489,71644862,597652524.0,0.480104,1,0.0,0
2012-06-12,sh.600000,3.33301635,3.34905975,3.28488615,3.32499465,3.3450489,82431224,680814847.0,0.552385,1,-0.5995,0
2012-06-13,sh.600000,3.32499465,3.32499465,3.32499465,3.32499465,3.32499465,0,0.0,,0,0.0,0
2012-06-14,sh.600000,3.3290055,3.3450489,3.30895125,3.31697295,3.32499465,80017463,664166685.0,0.53621,1,-0.2413,0
2012-06-15,sh.600000,3.33301635,3.42125505,3.32499465,3.39718995,3.31697295,134216053,1129580248.0,0.899404,1,2.4184,0
2012-06-18,sh.600000,3.39718995,3.4012008,3.3771357,3.3931791,3.39718995,50212960,424346827.0,0.336485,1,-0.1181,0
2012-06-19,sh.600000,3.39718995,3.4252659,3.38114655,3.40521165,3.3931791,47008304,398791959.0,0.31501,1,0.3546,0
2012-06-20,sh.600000,3.4252659,3.45334185,3.4012008,3.4092225,3.40521165,50000107,427039914.0,0.335059,1,0.1178,0
2012-06-21,sh.600000,3.41323335,3.41323335,3.369114,3.3851574,3.4092225,39423884,332932086.0,0.264186,1,-0.7059,0
2012-06-25,sh.600000,3.3771357,3.4012008,3.3450489,3.34905975,3.3851574,52706596,443526592.0,0.353196,1,-1.0664,0
2012-06-26,sh.600000,3.35737824,3.37817984,3.34073696,3.35321792,3.3490576,39982538,323089664.0,0.26793,1,0.1242,0
2012-06-27,sh.600000,3.35321792,3.36569888,3.34073696,3.3490576,3.35321792,26966055,217422022.0,0.180704,1,-0.1241,0
2012-06-28,sh.600000,3.3490576,3.35737824,3.33241632,3.33241632,3.3490576,28876449,232014025.0,0.193506,1,-0.4969,0
2012-06-29,sh.600000,3.34489728,3.39482112,3.33657664,3.38234016,3.33241632,50974236,412653792.0,0.341587,1,1.4981,0
2012-07-02,sh.600000,3.3906608,3.3906608,3.3490576,3.36569888,3.38234016,43691987,353033253.0,0.292787,1,-0.492,0
2012-07-03,sh.600000,3.36569888,3.3906608,3.35737824,3.36569888,3.36569888,40080965,324895958.0,0.268589,1,0.0,0
2012-07-04,sh.600000,3.3698592,3.40314176,3.36153856,3.37817984,3.36569888,39552477,321375929.0,0.265048,1,0.3708,0
2012-07-05,sh.600000,3.37401952,3.37817984,3.3490576,3.35737824,3.37817984,33635896,271555077.0,0.2254,1,-0.6158,0
2012-07-06,sh.600000,3.29497344,3.31577504,3.27833216,3.31577504,3.35737824,115797069,917011451.0,0.775975,1,-1.2392,0
2012-07-09,sh.600000,3.29913376,3.30329408,3.1826448,3.19096544,3.31577504,106535413,829804094.0,0.713911,1,-3.7641,0
2012-07-10,sh.600000,3.19096544,3.22840832,3.18680512,3.2034464,3.19096544,45089773,347540683.0,0.302154,1,0.3911,0
2012-07-11,sh.600000,3.19928608,3.22008768,3.19096544,3.20760672,3.2034464,32425638,249889719.0,0.21729,1,0.1299,0
2012-07-12,sh.600000,3.20760672,3.21176704,3.15352256,3.19096544,3.20760672,100909326,770420629.0,0.67621,1,-0.5188,0
2012-07-13,sh.600000,3.18680512,3.24088928,3.17848448,3.21592736,3.19096544,45202381,349346441.0,0.302909,1,0.7823,0
2012-07-16,sh.600000,3.224248,3.224248,3.17016384,3.17432416,3.21592736,46584899,358037212.0,0.312173,1,-1.2937,0
2012-07-17,sh.600000,3.1826448,3.21592736,3.17016384,3.19928608,3.17432416,30224255,232272374.0,0.202538,1,0.7864,0
2012-07-18,sh.600000,3.19928608,3.19928608,3.1618432,3.19096544,3.19928608,47630983,363638278.0,0.319183,1,-0.2601,0
2012-07-19,sh.600000,3.1826448,3.21592736,3.16600352,3.19928608,3.19096544,77344589,594527735.0,0.518299,1,0.2608,0
2012-07-20,sh.600000,3.19096544,3.19512576,3.1618432,3.16600352,3.19928608,55545514,423521040.0,0.37222,1,-1.0403,0
2012-07-23,sh.600000,3.14936224,3.14936224,3.08695744,3.0994384,3.16600352,64501900,480841537.0,0.432238,1,-2.1025,0
2012-07-24,sh.600000,3.09111776,3.12024,3.08279712,3.10359872,3.0994384,48389405,360293105.0,0.324265,1,0.1342,0
2012-07-25,sh.600000,3.09111776,3.12024,3.07447648,3.08279712,3.10359872,47580447,353247490.0,0.318844,1,-0.6702,0
2012-07-26,sh.600000,3.0786368,3.0994384,3.06615584,3.0786368,3.08279712,30350495,224778997.0,0.203384,1,-0.135,0
2012-07-27,sh.600000,3.08695744,3.14520192,3.0786368,3.11607968,3.0786368,58500797,438293389.0,0.392024,1,1.2162,0
2012-07-30,sh.600000,3.12856064,3.1826448,3.11607968,3.14520192,3.11607968,62142486,470732267.0,0.416427,1,0.9346,0
2012-07-31,sh.600000,3.14936224,3.19928608,3.14520192,3.18680512,3.14520192,70118950,535947136.0,0.469879,1,1.3228,0
2012-08-01,sh.600000,3.19096544,3.20760672,3.15768288,3.1826448,3.18680512,62270863,476495464.0,0.417287,1,-0.1305,0
2012-08-02,sh.600000,3.19512576,3.23256864,3.1826448,3.224248,3.1826448,75444190,581966475.0,0.505564,1,1.3072,0
2012-08-03,sh.600000,3.22008768,3.224248,3.19512576,3.22008768,3.224248,44045380,339338689.0,0.295155,1,-0.129,0
2012-08-06,sh.600000,3.21592736,3.22008768,3.19928608,3.21176704,3.22008768,46411105,358235336.0,0.311008,1,-0.2584,0
2012-08-07,sh.600000,3.21176704,3.21592736,3.1826448,3.19928608,3.21176704,34912528,268267939.0,0.233955,1,-0.3886,0
2012-08-08,sh.600000,3.2034464,3.23256864,3.19928608,3.21592736,3.19928608,53821168,416624081.0,0.360665,1,0.5202,0
2012-08-09,sh.600000,3.224248,3.22840832,3.19928608,3.224248,3.21592736,32490296,251340987.0,0.217723,1,0.2587,0
2012-08-10,sh.600000,3.24088928,3.2658512,3.23672896,3.2450496,3.224248,46782980,365500895.0,0.3135,1,0.6452,0
2012-08-13,sh.600000,3.2450496,3.25753056,3.22008768,3.224248,3.2450496,47282079,368478427.0,0.316845,1,-0.641,0
2012-08-14,sh.600000,3.22840832,3.2450496,3.21592736,3.2450496,3.224248,39743689,308683311.0,0.266329,1,0.6452,0
2012-08-15,sh.600000,3.2450496,3.2450496,3.1410416,3.15352256,3.2450496,89555247,683068987.0,0.600125,1,-2.8205,0
2012-08-16,sh.600000,3.15768288,3.15768288,3.12024,3.13272096,3.15352256,40630297,306256972.0,0.27227,1,-0.6596,0
2012-08-17,sh.600000,3.12856064,3.15352256,3.12440032,3.1410416,3.13272096,33322665,251555254.0,0.223301,1,0.2656,0
2012-08-20,sh.600000,3.12856064,3.14520192,3.10359872,3.12856064,3.1410416,27038216,202877230.0,0.181188,1,-0.3974,0
2012-08-21,sh.600000,3.12440032,3.14520192,3.11607968,3.12440032,3.12856064,36268940,272732527.0,0.243044,1,-0.133,0
2012-08-22,sh.600000,3.12856064,3.13272096,3.10775904,3.12856064,3.12440032,35326454,264640473.0,0.236728,1,0.1332,0
2012-08-23,sh.600000,3.12440032,3.1410416,3.10775904,3.12856064,3.12856064,36366406,273444020.0,0.243697,1,0.0,0
2012-08-24,sh.600000,3.12856064,3.13272096,3.0994384,3.11607968,3.12856064,36963616,277056694.0,0.247699,1,-0.3989,0
2012-08-27,sh.600000,3.0994384,3.11607968,3.07447648,3.0786368,3.11607968,40334510,300069736.0,0.270288,1,-1.2016,0
2012-08-28,sh.600000,3.09111776,3.17016384,3.0786368,3.1618432,3.0786368,54763743,411991622.0,0.366981,1,2.7027,0
2012-08-29,sh.600000,3.14520192,3.14936224,3.12856064,3.1410416,3.1618432,38419444,289895904.0,0.257455,1,-0.6579,0
2012-08-30,sh.600000,3.12024,3.17016384,3.12024,3.16600352,3.1410416,44804211,339823939.0,0.30024,1,0.794701,0
2012-08-31,sh.600000,3.15352256,3.19512576,3.14936224,3.16600352,3.16600352,37255105,284745594.0,0.249653,1,0.0,0
2012-09-03,sh.600000,3.17432416,3.17432416,3.13272096,3.15352256,3.16600352,55393324,419440943.0,0.3712,1,-0.3942,0
2012-09-04,sh.600000,3.14520192,3.15768288,3.09111776,3.10359872,3.15352256,44361378,332534233.0,0.297273,1,-1.5831,0
2012-09-05,sh.600000,3.09527808,3.0994384,3.02871296,3.04535424,3.10359872,73135906,536590326.0,0.490096,1,-1.8767,0
2012-09-06,sh.600000,3.05367488,3.07447648,3.0370336,3.07031616,3.04535424,38370245,281996026.0,0.257125,1,0.8197,0
2012-09-07,sh.600000,3.08695744,3.23672896,3.0786368,3.1618432,3.07031616,145971941,1108956749.0,0.978182,1,2.981,0
2012-09-10,sh.600000,3.15768288,3.16600352,3.13272096,3.14520192,3.1618432,63799021,482615575.0,0.427528,1,-0.5263,0
2012-09-11,sh.600000,3.13688128,3.13688128,3.09111776,3.11607968,3.14520192,50981388,381041955.0,0.341635,1,-0.9259,0
2012-09-12,sh.600000,3.13272096,3.14520192,3.08695744,3.11191936,3.11607968,41199392,308089937.0,0.276084,1,-0.1335,0
2012-09-13,sh.600000,3.10775904,3.12024,3.09527808,3.0994384,3.11191936,28598526,213621171.0,0.191643,1,-0.4011,0
2012-09-14,sh.600000,3.12024,3.14520192,3.09527808,3.12856064,3.0994384,60553998,454887764.0,0.405782,1,0.9396,0
2012-09-17,sh.600000,3.12856064,3.12856064,3.0786368,3.08279712,3.12856064,39495794,294478234.0,0.264668,1,-1.4628,0
2012-09-18,sh.600000,3.07447648,3.0786368,3.05367488,3.0578352,3.08279712,29556474,217783066.0,0.198063,1,-0.8097,0
2012-09-19,sh.600000,3.0578352,3.07031616,3.04951456,3.05367488,3.0578352,35316266,259404103.0,0.23666,1,-0.1361,0
2012-09-20,sh.600000,3.04535424,3.05367488,3.00375104,3.00791136,3.05367488,48072062,349808077.0,0.322139,1,-1.4986,0
2012-09-21,sh.600000,3.00375104,3.02039232,2.98710976,2.99959072,3.00791136,37540673,271098089.0,0.251566,1,-0.2766,0
2012-09-24,sh.600000,2.98710976,2.99959072,2.95798752,2.98294944,2.99959072,44280628,316830860.0,0.296732,1,-0.5548,0
2012-09-25,sh.600000,2.97878912,2.98710976,2.96630816,2.97878912,2.98294944,23528437,168346308.0,0.157668,1,-0.1395,0
2012-09-26,sh.600000,2.9746288,2.98710976,2.9538272,2.95798752,2.97878912,28344266,202126616.0,0.18994,1,-0.6983,0
2012-09-27,sh.600000,2.95798752,3.06199552,2.9538272,3.04535424,2.95798752,74565209,540842730.0,0.499674,1,2.9536,0
2012-09-28,sh.600000,3.02871296,3.07447648,3.01207168,3.07031616,3.04535424,62930106,460162691.0,0.421705,1,0.8197,0
2012-10-08,sh.600000,3.07031616,3.08695744,3.02871296,3.04535424,3.07031616,32324563,237702592.0,0.216612,1,-0.813,0
2012-10-09,sh.600000,3.0578352,3.11191936,3.05367488,3.0994384,3.04535424,48620078,361695652.0,0.325811,1,1.776,0
2012-10-10,sh.600000,3.09111776,3.10359872,3.0786368,3.09527808,3.0994384,27147361,201761964.0,0.181919,1,-0.1342,0
2012-10-11,sh.600000,3.08279712,3.09111776,3.06615584,3.08279712,3.09527808,29564294,218797754.0,0.198115,1,-0.4032,0
2012-10-12,sh.600000,3.09111776,3.12024,3.08279712,3.0994384,3.08279712,37953795,283061227.0,0.254335,1,0.5398,0
2012-10-15,sh.600000,3.10359872,3.10775904,3.06615584,3.08279712,3.0994384,22249339,164793074.0,0.149097,1,-0.5369,0
2012-10-16,sh.600000,3.08279712,3.12856064,3.07447648,3.10359872,3.08279712,43952520,328313924.0,0.294533,1,0.6748,0
2012-10-17,sh.600000,3.11191936,3.15352256,3.09527808,3.1410416,3.10359872,52658490,395714435.0,0.352873,1,1.2064,0
2012-10-18,sh.600000,3.1410416,3.1826448,3.13688128,3.17016384,3.1410416,51397333,390882250.0,0.344422,1,0.9272,0
2012-10-19,sh.600000,3.17016384,3.17432416,3.1410416,3.15352256,3.17016384,40185550,305185395.0,0.26929,1,-0.524934,0
2012-10-22,sh.600000,3.13688128,3.19512576,3.13272096,3.1826448,3.15352256,36799861,280112259.0,0.246602,1,0.9235,0
2012-10-23,sh.600000,3.18680512,3.19512576,3.1410416,3.14936224,3.1826448,32189190,245356334.0,0.215705,1,-1.0458,0
2012-10-24,sh.600000,3.1410416,3.17432416,3.13688128,3.15768288,3.14936224,28328508,215116946.0,0.189834,1,0.2642,0
2012-10-25,sh.600000,3.15352256,3.17016384,3.12024,3.13272096,3.15768288,29807495,225449545.0,0.199745,1,-0.7905,0
2012-10-26,sh.600000,3.13688128,3.14936224,3.08695744,3.10359872,3.13272096,49611207,370899603.0,0.332453,1,-0.9296,0
2012-10-29,sh.600000,3.09527808,3.11607968,3.08695744,3.10775904,3.10359872,28176827,210091716.0,0.188818,1,0.134,0
2012-10-30,sh.600000,3.10775904,3.13272096,3.0786368,3.11191936,3.10775904,37082866,276344872.0,0.248498,1,0.1339,0
2012-10-31,sh.600000,3.11607968,3.13272096,3.09111776,3.12440032,3.11191936,36411101,273109830.0,0.243997,1,0.4011,0
2012-11-01,sh.600000,3.12856064,3.2034464,3.12440032,3.17848448,3.12440032,57205114,436219680.0,0.383341,1,1.731,0
2012-11-02,sh.600000,3.1826448,3.2034464,3.16600352,3.19512576,3.17848448,47587494,364830180.0,0.318892,1,0.5236,0
2012-11-05,sh.600000,3.2034464,3.23672896,3.18680512,3.21592736,3.19512576,56974001,439602346.0,0.381792,1,0.651,0
2012-11-06,sh.600000,3.22008768,3.22008768,3.15768288,3.19512576,3.21592736,42177128,323024801.0,0.282636,1,-0.6468,0
2012-11-07,sh.600000,3.19096544,3.21592736,3.17848448,3.19928608,3.19512576,26193792,201366783.0,0.175529,1,0.1302,0
2012-11-08,sh.600000,3.17432416,3.18680512,3.13272096,3.13688128,3.19928608,38667163,293900674.0,0.259115,1,-1.9506,0
2012-11-09,sh.600000,3.13272096,3.15768288,3.12024,3.13272096,3.13688128,26921255,202868999.0,0.180404,1,-0.1326,0
2012-11-12,sh.600000,3.13688128,3.17848448,3.13272096,3.17432416,3.13272096,43645487,331521946.0,0.292476,1,1.328,0
2012-11-13,sh.600000,3.17016384,3.17016384,3.11191936,3.11607968,3.17432416,37691617,283805513.0,0.252578,1,-1.8349,0
2012-11-14,sh.600000,3.11607968,3.13272096,3.10775904,3.12024,3.11607968,21823216,163644374.0,0.146241,1,0.1335,0
2012-11-15,sh.600000,3.11607968,3.12024,3.08279712,3.08695744,3.12024,29220009,217739719.0,0.195808,1,-1.0667,0
2012-11-16,sh.600000,3.08279712,3.08279712,3.05367488,3.06199552,3.08695744,33266319,245149918.0,0.222923,1,-0.8086,0
2012-11-19,sh.600000,3.06199552,3.0786368,3.04951456,3.06615584,3.06199552,24785310,182453735.0,0.16609,1,0.1359,0
2012-11-20,sh.600000,3.0786368,3.08279712,3.04951456,3.0578352,3.06615584,20252986,149215097.0,0.135719,1,-0.2714,0
2012-11-21,sh.600000,3.0578352,3.11191936,3.05367488,3.10775904,3.0578352,28957627,214374137.0,0.19405,1,1.6327,0
2012-11-22,sh.600000,3.0994384,3.11191936,3.0786368,3.09527808,3.10775904,22784842,169442910.0,0.152685,1,-0.4016,0
2012-11-23,sh.600000,3.10359872,3.14520192,3.09111776,3.12440032,3.09527808,35819826,268999532.0,0.240035,1,0.9409,0
2012-11-26,sh.600000,3.12024,3.13688128,3.09111776,3.10775904,3.12440032,28167480,210337432.0,0.188755,1,-0.5326,0
2012-11-27,sh.600000,3.09527808,3.12856064,3.08695744,3.10359872,3.10775904,40827533,304729094.0,0.273592,1,-0.1339,0
2012-11-28,sh.600000,3.09527808,3.12024,3.08695744,3.09527808,3.10359872,41978767,312815519.0,0.281307,1,-0.2681,0
2012-11-29,sh.600000,3.10359872,3.10775904,3.0786368,3.08279712,3.09527808,39279397,291914537.0,0.263218,1,-0.4032,0
2012-11-30,sh.600000,3.08279712,3.11191936,3.06615584,3.10359872,3.08279712,38822287,288486299.0,0.260155,1,0.6748,0
2012-12-03,sh.600000,3.10359872,3.10775904,3.05367488,3.0578352,3.10359872,53769233,396827583.0,0.360317,1,-1.4745,0
2012-12-04,sh.600000,3.04951456,3.10359872,3.04951456,3.09111776,3.0578352,34974819,258840206.0,0.234372,1,1.0884,0
2012-12-05,sh.600000,3.09111776,3.29497344,3.08279712,3.27833216,3.09111776,227002022,1764021567.0,1.521178,1,6.0565,0
2012-12-06,sh.600000,3.27417184,3.31577504,3.25753056,3.28249248,3.27833216,115134979,910874057.0,0.771539,1,0.1269,0
2012-12-07,sh.600000,3.29913376,3.44474496,3.29497344,3.43642432,3.28249248,229249195,1863056888.0,1.536237,1,4.6895,0
2012-12-10,sh.600000,3.4738672,3.50298944,3.43642432,3.46554656,3.43642432,215254803,1796312749.0,1.442458,1,0.8475,0
2012-12-11,sh.600000,3.46138624,3.48218784,3.432264,3.44474496,3.46554656,114930761,955761506.0,0.77017,1,-0.6002,0
2012-12-12,sh.600000,3.44890528,3.53211168,3.44890528,3.4946688,3.44474496,174126970,1463952981.0,1.166854,1,1.4493,0
2012-12-13,sh.600000,3.4738672,3.5154704,3.44474496,3.44890528,3.4946688,124094525,1038553776.0,0.831578,1,-1.3095,0
2012-12-14,sh.600000,3.46138624,3.74012768,3.46138624,3.7026848,3.44890528,344394455,3002867566.0,2.307844,1,7.3583,0
2012-12-17,sh.600000,3.744288,3.79005152,3.71932608,3.77341024,3.7026848,254783070,2298528870.0,1.707344,1,1.9101,0
2012-12-18,sh.600000,3.74844832,3.86493728,3.73180704,3.80253248,3.77341024,234880214,2144833795.0,1.573971,1,0.7718,0
2012-12-19,sh.600000,3.79005152,3.81085312,3.73596736,3.7650896,3.80253248,176670647,1601205282.0,1.183899,1,-0.9847,0
2012-12-20,sh.600000,3.74012768,3.77341024,3.69436416,3.76924992,3.7650896,149750877,1346132252.0,1.003505,1,0.1105,0
2012-12-21,sh.600000,3.76924992,3.79005152,3.69436416,3.73180704,3.76924992,130820092,1174200111.0,0.876647,1,-0.9934,0
2012-12-24,sh.600000,3.71932608,3.85245632,3.71932608,3.78173088,3.73180704,134642726,1224943518.0,0.902263,1,1.3378,0
2012-12-25,sh.600000,3.77341024,3.97726592,3.76092928,3.9315024,3.78173088,234226689,2200438398.0,1.569592,1,3.9604,0
2012-12-26,sh.600000,3.93566272,3.94814368,3.89821984,3.93566272,3.9315024,96013021,904988194.0,0.643399,1,0.1058,0
2012-12-27,sh.600000,3.93566272,4.01054848,3.87741824,3.90654048,3.93566272,127847946,1211244239.0,0.85673,1,-0.74,0
2012-12-28,sh.600000,3.89821984,4.01054848,3.89821984,3.98974688,3.90654048,119599842,1140200526.0,0.801458,1,2.1299,0
2012-12-31,sh.600000,4.01054848,4.14367872,4.00638816,4.12703744,3.98974688,198451648,1956467612.0,1.329857,1,3.4411,0
2013-01-04,sh.600000,4.2019232,4.26848832,4.13119776,4.16864064,4.12703744,261436810,2633796691.0,1.751931,1,1.0081,0
2013-01-07,sh.600000,4.1811216,4.30177088,4.16448032,4.29345024,4.16864064,248200915,2534161998.0,1.663235,1,2.994,0
2013-01-08,sh.600000,4.30177088,4.3059312,4.18528192,4.21024384,4.29345024,154851189,1573240155.0,1.037683,1,-1.938,0
2013-01-09,sh.600000,4.19776288,4.23520576,4.15199936,4.21856448,4.21024384,175906181,1774560423.0,1.178776,1,0.1976,0
2013-01-10,sh.600000,4.20608352,4.24768672,4.15615968,4.17696128,4.21856448,121226794,1224888956.0,0.812361,1,-0.9862,0
2013-01-11,sh.600000,4.18944224,4.21024384,4.06463264,4.08543424,4.17696128,171547464,1709899032.0,1.149568,1,-2.1912,0
2013-01-14,sh.600000,4.056312,4.31009152,4.056312,4.3059312,4.08543424,228634872,2326609986.0,1.53212,1,5.3971,0
2013-01-15,sh.600000,4.3059312,4.33089312,4.25184704,4.29761056,4.3059312,134039003,1383536241.0,0.898218,1,-0.1932,0
2013-01-16,sh.600000,4.27680896,4.29345024,4.15199936,4.21024384,4.29761056,156691872,1588121377.0,1.050018,1,-2.0329,0
2013-01-17,sh.600000,4.1811216,4.23104544,4.11039616,4.17280096,4.21024384,116672023,1163327254.0,0.781839,1,-0.8893,0
2013-01-18,sh.600000,4.19360256,4.264328,4.14783904,4.22688512,4.17280096,129872645,1315677034.0,0.870298,1,1.2961,0
2013-01-21,sh.600000,4.2435264,4.34337408,4.1811216,4.3267328,4.22688512,178154882,1826584603.0,1.193845,1,2.3622,0
2013-01-22,sh.600000,4.31841216,4.47650432,4.264328,4.36001536,4.3267328,242222065,2546398122.0,1.62317,1,0.7692,0
2013-01-23,sh.600000,4.34337408,4.41825984,4.31425184,4.4099392,4.36001536,155968498,1637582752.0,1.045171,1,1.145,0
2013-01-24,sh.600000,4.4099392,4.59299328,4.38081696,4.41409952,4.4099392,320210498,3446063883.0,2.145784,1,0.0943,0
2013-01-25,sh.600000,4.4099392,4.44322176,4.38081696,4.43490112,4.41409952,89716806,951423104.0,0.601207,1,0.4713,0
2013-01-28,sh.600000,4.43490112,4.66371872,4.4307408,4.65123776,4.43490112,263089195,2903989341.0,1.763004,1,4.878,0
2013-01-29,sh.600000,4.66371872,4.77188704,4.62211552,4.7011616,4.65123776,191067344,2155684299.0,1.280374,1,1.0733,0
2013-01-30,sh.600000,4.69700128,4.72612352,4.61379488,4.67619968,4.7011616,172171454,1933404997.0,1.153749,1,-0.531,0
2013-01-31,sh.600000,4.67619968,4.784368,4.62627584,4.77604736,4.67619968,181147190,2051351346.0,1.213897,1,2.1352,0
2013-02-01,sh.600000,4.74692512,4.97990304,4.70532192,4.9715824,4.77604736,223157195,2595572299.0,1.495413,1,4.0941,0
2013-02-04,sh.600000,4.98406336,5.10471264,4.92165856,5.02150624,4.9715824,271540507,3269293147.0,1.819638,1,1.0042,0
2013-02-05,sh.600000,4.95494112,4.992384,4.8467728,4.93829984,5.02150624,176944688,2098278652.0,1.185736,1,-1.657,0
2013-02-06,sh.600000,4.9299792,5.0131856,4.87589504,4.992384,4.93829984,133748186,1595335908.0,0.896269,1,1.0952,0
2013-02-07,sh.600000,4.992384,5.00070464,4.64707744,4.75524576,4.992384,315193605,3634915098.0,2.112165,1,-4.75,0
2013-02-08,sh.600000,4.7427648,4.7635664,4.60131392,4.71780288,4.75524576,195904902,2214211012.0,1.312791,1,-0.7874,0
2013-02-18,sh.600000,4.75108544,4.784368,4.65539808,4.68452032,4.71780288,119051849,1348960810.0,0.797786,1,-0.7055,0
2013-02-19,sh.600000,4.67203936,4.70532192,4.60547424,4.6179552,4.68452032,114565262,1279590709.0,0.767721,1,-1.421,0
2013-02-20,sh.600000,4.6179552,4.62627584,4.40161856,4.49730592,4.6179552,264523040,2849978249.0,1.772613,1,-2.6126,0
2013-02-21,sh.600000,4.4307408,4.44322176,4.16032,4.25184704,4.49730592,290791316,2996527715.0,1.948641,1,-5.4579,0
2013-02-22,sh.600000,4.23936608,4.30177088,4.19360256,4.21856448,4.25184704,143226433,1463429410.0,0.959784,1,-0.7828,0
2013-02-25,sh.600000,4.24768672,4.3267328,4.2435264,4.29345024,4.21856448,116274545,1198145581.0,0.779175,1,1.7751,0
2013-02-26,sh.600000,4.2435264,4.47650432,4.2227248,4.29761056,4.29345024,238592674,2515148260.0,1.598849,1,0.0969,0
2013-02-27,sh.600000,4.31009152,4.4515424,4.28928992,4.32257248,4.29761056,158815735,1662077351.0,1.064251,1,0.5808,0
2013-02-28,sh.600000,4.3891376,4.60547424,4.32257248,4.60131392,4.32257248,224658466,2416913062.0,1.505474,1,6.4485,0
2013-03-01,sh.600000,4.60547424,4.70532192,4.4931456,4.64707744,4.60131392,223208905,2475460511.0,1.49576,1,0.9946,0
2013-03-04,sh.600000,4.51810752,4.5347488,4.27264864,4.32257248,4.64707744,261002023,2758781288.0,1.749018,1,-6.983,0
2013-03-05,sh.600000,4.31009152,4.66787904,4.31009152,4.60547424,4.32257248,233607734,2525017018.0,1.565444,1,6.5448,0
2013-03-06,sh.600000,4.64291712,4.70532192,4.55971072,4.62211552,4.60547424,205631621,2289024741.0,1.377972,1,0.3613,0
2013-03-07,sh.600000,4.58467264,4.6179552,4.37249632,4.47650432,4.62211552,191555154,2072717387.0,1.283643,1,-3.1503,0
2013-03-08,sh.600000,4.49730592,4.52642816,4.4099392,4.45570272,4.47650432,103046487,1106726782.0,0.690532,1,-0.4647,0
2013-03-11,sh.600000,4.43906144,4.43906144,4.33089312,4.35585504,4.45570272,94081221,990803399.0,0.630454,1,-2.2409,0
2013-03-12,sh.600000,4.35169472,4.4307408,4.23520576,4.28096928,4.35585504,132298619,1371021517.0,0.886555,1,-1.7192,0
2013-03-13,sh.600000,4.28096928,4.33505344,4.20608352,4.264328,4.28096928,105764431,1083876595.0,0.708745,1,-0.3887,0
2013-03-14,sh.600000,4.3267328,4.39329792,4.27264864,4.3475344,4.264328,163419368,1707645843.0,1.0951,1,1.9512,0
2013-03-15,sh.600000,4.35585504,4.54722976,4.31841216,4.37249632,4.3475344,214299272,2283442403.0,1.436055,1,0.5742,0
2013-03-18,sh.600000,4.34337408,4.42658048,4.32257248,4.36001536,4.37249632,142604467,1499673088.0,0.955616,1,-0.2854,0
2013-03-19,sh.600000,4.35585504,4.43490112,4.33921376,4.4307408,4.36001536,114470221,1207222528.0,0.767084,1,1.6221,0
2013-03-20,sh.600000,4.44322176,4.6595584,4.4307408,4.65539808,4.4307408,253698290,2793678336.0,1.700074,1,5.0704,0
2013-03-21,sh.600000,4.6595584,4.69284096,4.55139008,4.6179552,4.65539808,193267919,2143848448.0,1.29512,1,-0.8043,0
2013-03-22,sh.600000,4.58051232,4.62211552,4.5555504,4.60131392,4.6179552,122824527,1356165888.0,0.823067,1,-0.3604,0
2013-03-25,sh.600000,4.63043616,4.67619968,4.576352,4.59299328,4.60131392,89020579,986945920.0,0.596542,1,-0.1808,0
2013-03-26,sh.600000,4.56803136,4.57219168,4.4307408,4.4515424,4.59299328,126327261,1358262016.0,0.84654,1,-3.0797,0
2013-03-27,sh.600000,4.45570272,4.5555504,4.42242016,4.47650432,4.4515424,113814685,1225592704.0,0.762691,1,0.5608,0
2013-03-28,sh.600000,4.2435264,4.264328,4.02718976,4.16864064,4.47650432,298069472,2992135424.0,1.997413,1,-6.8773,0
2013-03-29,sh.600000,4.17280096,4.24768672,4.12287712,4.21440416,4.16864064,131028762,1315731584.0,0.878045,1,1.0978,0
2013-04-01,sh.600000,4.18528192,4.2435264,4.17280096,4.1811216,4.21440416,76052116,767292288.0,0.509638,1,-0.7897,0
2013-04-02,sh.600000,4.18944224,4.23104544,4.13535808,4.17280096,4.1811216,83681538,840890496.0,0.560764,1,-0.199,0
2013-04-03,sh.600000,4.1811216,4.2227248,4.1395184,4.18528192,4.17280096,88765772,892637696.0,0.594834,1,0.2991,0
2013-04-08,sh.600000,4.10623584,4.15615968,4.0355104,4.12703744,4.18528192,89499064,883268160.0,0.599748,1,-1.3917,0
2013-04-09,sh.600000,4.14367872,4.21024384,4.14367872,4.17696128,4.12703744,65806596,660726016.0,0.440981,1,1.2097,0
2013-04-10,sh.600000,4.17280096,4.17696128,4.12703744,4.16032,4.17696128,54586848,544630528.0,0.365796,1,-0.3984,0
2013-04-11,sh.600000,4.19360256,4.21024384,4.16032,4.16864064,4.16032,43303750,435013696.0,0.290186,1,0.2,0
2013-04-12,sh.600000,4.17280096,4.18528192,4.1187168,4.13535808,4.16864064,41832297,417375296.0,0.280325,1,-0.798412,0
2013-04-15,sh.600000,4.13535808,4.15615968,4.07295328,4.08959456,4.13535808,75763623,747795136.0,0.507705,1,-1.1066,0
2013-04-16,sh.600000,4.056312,4.08959456,3.9939072,4.05215168,4.08959456,126274720,1224441856.0,0.846188,1,-0.915566,0
2013-04-17,sh.600000,4.05215168,4.05215168,3.96062464,3.98974688,4.05215168,86278542,829038336.0,0.578167,1,-1.54,0
2013-04-18,sh.600000,3.93566272,4.01886912,3.91902144,4.00638816,3.98974688,103421937,985199552.0,0.693048,1,0.4171,0
2013-04-19,sh.600000,4.0147088,4.23936608,4.00222784,4.21856448,4.00638816,178675031,1778831232.0,1.197331,1,5.295952,0
2013-04-22,sh.600000,4.20608352,4.25184704,4.2019232,4.25184704,4.21856448,123343744,1254891776.0,0.826547,1,0.789,0
2013-04-23,sh.600000,4.27680896,4.28096928,4.0771136,4.09375488,4.25184704,108826815,1083711232.0,0.729267,1,-3.7182,0
2013-04-24,sh.600000,4.10207552,4.2227248,4.06463264,4.17280096,4.09375488,105005043,1045917568.0,0.703656,1,1.9309,0
2013-04-25,sh.600000,4.16032,4.18944224,4.08543424,4.12287712,4.17280096,74320334,737540032.0,0.498033,1,-1.1964,0
2013-04-26,sh.600000,4.14367872,4.16448032,4.0979152,4.11039616,4.12287712,52806428,524919872.0,0.353865,1,-0.302722,0
2013-05-02,sh.600000,4.06463264,4.10207552,4.01886912,4.08543424,4.11039616,80667825,786928384.0,0.540568,1,-0.6073,0
2013-05-03,sh.600000,4.10623584,4.23104544,4.08959456,4.16448032,4.08543424,109373480,1097528960.0,0.73293,1,1.934832,0
2013-05-06,sh.600000,4.17280096,4.24768672,4.14783904,4.21440416,4.16448032,87865272,888293824.0,0.5888,1,1.1988,0
2013-05-07,sh.600000,4.19776288,4.2019232,4.15199936,4.18528192,4.21440416,60095952,603143680.0,0.402713,1,-0.691,0
2013-05-08,sh.600000,4.21024384,4.2435264,4.16448032,4.1811216,4.18528192,72153519,728615168.0,0.483513,1,-0.0994,0
2013-05-09,sh.600000,4.18528192,4.19360256,4.11455648,4.14783904,4.1811216,64667334,644949056.0,0.433347,1,-0.796,0
2013-05-10,sh.600000,4.13119776,4.18528192,4.11455648,4.17280096,4.14783904,63127003,630968320.0,0.423024,1,0.6018,0
2013-05-13,sh.600000,4.16864064,4.20608352,4.13119776,4.16864064,4.17280096,66994306,670319744.0,0.44894,1,-0.0997,0
2013-05-14,sh.600000,4.17280096,4.1811216,4.13119776,4.14783904,4.16864064,67348057,671548096.0,0.45131,1,-0.499,0
2013-05-15,sh.600000,4.15199936,4.16864064,4.13119776,4.15615968,4.14783904,47275904,471747488.0,0.316804,1,0.2006,0
2013-05-16,sh.600000,4.15615968,4.22688512,4.09375488,4.2227248,4.15615968,111647303,1120193792.0,0.748167,1,1.6016,0
2013-05-17,sh.600000,4.2227248,4.27680896,4.1811216,4.26016768,4.2227248,122955149,1250713216.0,0.823943,1,0.8867,0
2013-05-20,sh.600000,4.26848832,4.38497728,4.2435264,4.33089312,4.26016768,156851179,1632285440.0,1.051086,1,1.6602,0
2013-05-21,sh.600000,4.31841216,4.33505344,4.26016768,4.30177088,4.33089312,91775245,946356992.0,0.615001,1,-0.672427,0
2013-05-22,sh.600000,4.29761056,4.31841216,4.27680896,4.31009152,4.30177088,71207689,734819200.0,0.477175,1,0.1934,0
2013-05-23,sh.600000,4.28096928,4.29761056,4.2227248,4.2227248,4.31009152,82484743,845485696.0,0.552744,1,-2.027,0
2013-05-24,sh.600000,4.2435264,4.27680896,4.2019232,4.2435264,4.2227248,63230983,644944768.0,0.423721,1,0.4926,0
2013-05-27,sh.600000,4.24768672,4.29761056,4.23520576,4.28096928,4.2435264,69546991,714504576.0,0.466046,1,0.8824,0
2013-05-28,sh.600000,4.2851296,4.39329792,4.264328,4.3891376,4.28096928,111377099,1160468736.0,0.746356,1,2.5267,0
2013-05-29,sh.600000,4.40161856,4.41825984,4.37249632,4.37665664,4.3891376,91459014,966132032.0,0.612882,1,-0.2844,0
2013-05-30,sh.600000,4.36001536,4.41825984,4.35585504,4.38497728,4.37665664,89454796,942531008.0,0.599451,1,0.1901,0
2013-05-31,sh.600000,4.39329792,4.41825984,4.35169472,4.35585504,4.38497728,101875600,1074952832.0,0.682685,1,-0.664134,0
2013-06-03,sh.600000,4.37780706,4.39537098,4.30755138,4.32072432,4.35585216,83186090,823621312.0,0.557444,1,-0.8065,0
2013-06-04,sh.600000,4.34267922,4.34267922,4.2592506,4.27681452,4.32072432,60164557,587136128.0,0.403173,1,-1.0163,0
2013-06-05,sh.600000,4.27681452,4.28998746,4.2153408,4.2372957,4.27681452,56405768,545296064.0,0.377984,1,-0.924,0
2013-06-06,sh.600000,4.21973178,4.24607766,4.13630316,4.1494761,4.2372957,72417597,688813184.0,0.485282,1,-2.0725,0
2013-06-07,sh.600000,4.17582198,4.20216786,4.09239336,4.1055663,4.1494761,72344081,682011584.0,0.48479,1,-1.0582,0
2013-06-13,sh.600000,4.0616565,4.0616565,3.91236318,3.96066396,4.1055663,127820275,1152185088.0,0.856545,1,-3.5294,0
2013-06-14,sh.600000,3.98261886,3.98261886,3.94310004,3.96066396,3.96066396,77530686,699500736.0,0.519546,1,0.0,0
2013-06-17,sh.600000,3.9738369,3.9957918,3.93431808,3.95627298,3.96066396,52039165,469144448.0,0.348723,1,-0.1109,0
2013-06-18,sh.600000,3.9738369,4.00457376,3.95627298,3.98261886,3.95627298,40358845,365844160.0,0.270451,1,0.6659,0
2013-06-19,sh.600000,3.9738369,3.9738369,3.87284436,3.90358122,3.98261886,53104791,473179680.0,0.355864,1,-1.9846,0
2013-06-20,sh.600000,3.89040828,3.89040828,3.6884232,3.69720516,3.90358122,137571510,1178952704.0,0.921889,1,-5.2868,0
2013-06-21,sh.600000,3.64890438,3.71916006,3.60938556,3.63573144,3.69720516,147442615,1229287040.0,0.988037,1,-1.6627,0
2013-06-24,sh.600000,3.64012242,3.64012242,3.293235,3.30201696,3.63573144,249977361,1942163840.0,1.67514,1,-9.1787,0
2013-06-25,sh.600000,3.2712801,3.44252832,3.15272364,3.4249644,3.30201696,246601203,1856925568.0,1.652515,1,3.7234,0
2013-06-26,sh.600000,3.4688742,3.4908291,3.35031774,3.41179146,3.4249644,130788936,1016856704.0,0.876438,1,-0.3846,0
2013-06-27,sh.600000,3.4469193,3.47765616,3.3810546,3.46009224,3.41179146,125823284,982597056.0,0.843163,1,1.4157,0
2013-06-28,sh.600000,3.43374636,3.6445134,3.40740048,3.63573144,3.46009224,157753950,1276035968.0,1.057135,1,5.0761,0
2013-07-01,sh.600000,3.60938556,3.63134046,3.54352086,3.58743066,3.63573144,86027064,702497408.0,0.576482,1,-1.3285,0
2013-07-02,sh.600000,3.59182164,3.60938556,3.4908291,3.5786487,3.58743066,84019573,677872896.0,0.563029,1,-0.2448,0
2013-07-03,sh.600000,3.5566938,3.56108478,3.49961106,3.53034792,3.5786487,69690313,560255104.0,0.467006,1,-1.3497,0
2013-07-04,sh.600000,3.53912988,3.63573144,3.52156596,3.56547576,3.53034792,85794489,697456128.0,0.574923,1,0.995,0
2013-07-05,sh.600000,3.56108478,3.60938556,3.54791184,3.56108478,3.56547576,58764344,477728576.0,0.39379,1,-0.1232,0
2013-07-08,sh.600000,3.512784,3.5347389,3.4688742,3.47326518,3.56108478,63977579,508688896.0,0.428724,1,-2.4661,0
2013-07-09,sh.600000,3.47765616,3.49522008,3.46009224,3.47765616,3.47326518,40964528,324418304.0,0.27451,1,0.1264,0
2013-07-10,sh.600000,3.4908291,3.56986674,3.4688742,3.56108478,3.47765616,60829122,488041472.0,0.407626,1,2.399,0
2013-07-11,sh.600000,3.58743066,3.91675416,3.58743066,3.89040828,3.56108478,274152432,2369027072.0,1.837141,1,9.2478,0
2013-07-12,sh.600000,3.84649848,3.8860173,3.70159614,3.72794202,3.89040828,162211373,1400965632.0,1.087005,1,-4.1761,0
2013-07-15,sh.600000,3.7542879,3.82454358,3.69281418,3.75867888,3.72794202,103850924,891216128.0,0.695922,1,0.8245,0
2013-07-16,sh.600000,3.74111496,3.7542879,3.69281418,3.74989692,3.75867888,78430472,664317056.0,0.525576,1,-0.2336,0
2013-07-17,sh.600000,3.74111496,3.7542879,3.67964124,3.7103781,3.74989692,79489709,673336896.0,0.532674,1,-1.0539,0
2013-07-18,sh.600000,3.69281418,3.7103781,3.58303968,3.6006036,3.7103781,99044377,818192320.0,0.663713,1,-2.9586,0
2013-07-19,sh.600000,3.60938556,3.61816752,3.52156596,3.52595694,3.6006036,76242268,619426688.0,0.510912,1,-2.0732,0
2013-07-22,sh.600000,3.4688742,3.50839302,3.43374636,3.4908291,3.52595694,95552055,754153152.0,0.64031,1,-0.9963,0
2013-07-23,sh.600000,3.50839302,3.61377654,3.48643812,3.57425772,3.4908291,115906521,942643008.0,0.776709,1,2.3899,0
2013-07-24,sh.600000,3.53034792,3.55230282,3.4688742,3.512784,3.57425772,87410550,697536448.0,0.585753,1,-1.7199,0
2013-07-25,sh.600000,3.52156596,3.56108478,3.49522008,3.52156596,3.512784,62010839,497968448.0,0.415545,1,0.25,0
2013-07-26,sh.600000,3.50400204,3.51717498,3.48643812,3.49961106,3.52156596,42800503,341110336.0,0.286813,1,-0.6234,0
2013-07-29,sh.600000,3.4688742,3.4688742,3.38544558,3.39861852,3.49961106,84518514,655293184.0,0.566373,1,-2.8858,0
2013-07-30,sh.600000,3.41618244,3.49522008,3.39861852,3.44252832,3.39861852,68907635,540970752.0,0.461761,1,1.292,0
2013-07-31,sh.600000,3.47326518,3.52156596,3.43374636,3.45131028,3.44252832,50335414,397874880.0,0.337306,1,0.2551,0
2013-08-01,sh.600000,3.47765616,3.52156596,3.45570126,3.50839302,3.45131028,58959381,469433184.0,0.395097,1,1.6539,0
2013-08-02,sh.600000,3.53912988,3.56547576,3.49961106,3.50400204,3.50839302,57767151,463891776.0,0.387107,1,-0.1252,0
2013-08-05,sh.600000,3.50400204,3.54352086,3.4908291,3.53912988,3.50400204,53056118,425459712.0,0.355538,1,1.0025,0
2013-08-06,sh.600000,3.52595694,3.54791184,3.50400204,3.52595694,3.53912988,82798496,664260224.0,0.554846,1,-0.3722,0
2013-08-07,sh.600000,3.52595694,3.57425772,3.512784,3.51717498,3.52595694,68679917,553785280.0,0.460235,1,-0.2491,0
2013-08-08,sh.600000,3.51717498,3.54352086,3.4908291,3.50839302,3.51717498,54611350,436833728.0,0.36596,1,-0.2497,0
2013-08-09,sh.600000,3.5347389,3.54791184,3.49522008,3.51717498,3.50839302,55483572,444645248.0,0.371805,1,0.2503,0
2013-08-12,sh.600000,3.53034792,3.65329536,3.51717498,3.64890438,3.51717498,142760853,1171789056.0,0.956664,1,3.7453,0
2013-08-13,sh.600000,3.6445134,3.70159614,3.63134046,3.69720516,3.64890438,118672580,991814144.0,0.795245,1,1.3237,0
2013-08-14,sh.600000,3.70598712,3.74550594,3.6445134,3.64890438,3.69720516,121903670,1025898624.0,0.816897,1,-1.3064,0
2013-08-15,sh.600000,3.64890438,3.67525026,3.6006036,3.60938556,3.64890438,67134769,556547136.0,0.449881,1,-1.083,0
2013-08-16,sh.600000,3.58743066,3.96944592,3.5786487,3.64890438,3.60938556,264712593,2254296064.0,1.773883,1,1.0949,0
2013-08-19,sh.600000,3.61816752,3.732333,3.61377654,3.7103781,3.64890438,124704778,1044624768.0,0.835667,1,1.6847,0
2013-08-20,sh.600000,3.69720516,3.85528044,3.68403222,3.73672398,3.7103781,153605678,1314061952.0,1.029337,1,0.7101,0
2013-08-21,sh.600000,3.74550594,3.76746084,3.67525026,3.7103781,3.73672398,65732224,554833024.0,0.440483,1,-0.7051,0
2013-08-22,sh.600000,3.69281418,3.78502476,3.6884232,3.70598712,3.7103781,60326480,513025408.0,0.404258,1,-0.1183,0
2013-08-23,sh.600000,3.74989692,3.78941574,3.6225585,3.69720516,3.70598712,117530030,995509248.0,0.787588,1,-0.237,0
2013-08-26,sh.600000,3.7103781,3.85528044,3.6884232,3.83771652,3.69720516,161720147,1399048064.0,1.083713,1,3.8005,0
2013-08-27,sh.600000,3.8421075,3.9738369,3.8201526,3.9299271,3.83771652,224672933,2001682176.0,1.505571,1,2.4027,0
2013-08-28,sh.600000,3.89919024,4.0177467,3.85967142,3.951882,3.9299271,243574963,2194823680.0,1.632236,1,0.5587,0
2013-08-29,sh.600000,4.00018278,4.04409258,3.89040828,3.91675416,3.951882,146496955,1320039168.0,0.9817,1,-0.8889,0
2013-08-30,sh.600000,3.89040828,3.9738369,3.84649848,3.94749102,3.91675416,129143351,1152526336.0,0.865411,1,0.7848,0
2013-09-02,sh.600000,4.00018278,4.07922042,3.9299271,3.93870906,3.94749102,141236900,1281805056.0,0.946452,1,-0.2225,0
2013-09-03,sh.600000,3.93431808,4.00457376,3.90358122,3.99140082,3.93870906,140383661,1269355904.0,0.940734,1,1.3378,0
2013-09-04,sh.600000,3.96944592,4.05726552,3.96505494,4.01335572,3.99140082,142450054,1305299456.0,0.954581,1,0.5501,0
2013-09-05,sh.600000,4.03531062,4.03531062,3.97822788,4.00896474,4.01335572,93544409,852833088.0,0.626857,1,-0.1094,0
2013-09-06,sh.600000,4.0177467,4.33389726,4.00457376,4.20216786,4.00896474,301015120,2850092288.0,2.017152,1,4.8193,0
2013-09-09,sh.600000,4.51392744,4.62370194,4.47001764,4.62370194,4.20216786,580189232,6069489664.0,3.887944,1,10.0313,0
2013-09-10,sh.600000,4.830078,5.04523602,4.72908546,5.0057172,4.62370194,1198024112,13328930816.0,8.028158,1,8.2621,0
2013-09-11,sh.600000,4.92228858,5.03645406,4.9178976,4.94863446,5.0057172,603551024,6834516224.0,4.044495,1,-1.1404,0
2013-09-12,sh.600000,4.9618074,5.4448152,4.90033368,5.3789505,4.94863446,1041527536,12498180352.0,6.979448,1,8.6957,0
2013-09-13,sh.600000,5.30430384,5.38773246,5.15061954,5.22965718,5.3789505,661646544,7947104256.0,4.433803,1,-2.7755,0
2013-09-16,sh.600000,5.269176,5.27795796,4.93107054,5.04523602,5.22965718,699493328,8064946432.0,4.687421,1,-3.5264,0
2013-09-17,sh.600000,5.01010818,5.04084504,4.72908546,4.75543134,5.04523602,511737936,5694768128.0,3.429241,1,-5.7441,0
2013-09-18,sh.600000,4.8081231,4.91350662,4.75543134,4.830078,4.75543134,400172144,4413153536.0,2.68162,1,1.5697,0
2013-09-23,sh.600000,4.8520329,4.9178976,4.7422584,4.90911564,4.830078,453630144,4987201280.0,3.039851,1,1.6364,0
2013-09-24,sh.600000,4.91350662,4.9178976,4.64126586,4.74664938,4.90911564,476900624,5154101248.0,3.19579,1,-3.3095,0
2013-09-25,sh.600000,4.71591252,4.90911564,4.69395762,4.73347644,4.74664938,384146144,4206311472.0,2.574227,1,-0.2775,0
2013-09-26,sh.600000,4.7203035,4.72469448,4.42171686,4.46562666,4.73347644,448493840,4639913728.0,3.005431,1,-5.6586,0
2013-09-27,sh.600000,4.43928078,4.53588234,4.4129349,4.49636352,4.46562666,243782409,2485876800.0,1.633626,1,0.6883,0
2013-09-30,sh.600000,4.54027332,4.55344626,4.39976196,4.43049882,4.49636352,256510906,2609512400.0,1.718922,1,-1.4648,0
2013-10-08,sh.600000,4.40415294,4.53588234,4.33828824,4.49197254,4.43049882,258444174,2618477424.0,1.731877,1,1.3875,0
2013-10-09,sh.600000,4.4348898,4.59296508,4.42171686,4.50953646,4.49197254,244015218,2503190592.0,1.635186,1,0.391,0
2013-10-10,sh.600000,4.5227094,4.5446643,4.36024314,4.38219804,4.50953646,249225016,2508885952.0,1.670098,1,-2.8238,0
2013-10-11,sh.600000,4.4348898,4.6763937,4.39098,4.6324839,4.38219804,441961264,4582589696.0,2.961656,1,5.7114,0
2013-10-14,sh.600000,4.5885741,4.610529,4.5007545,4.51831842,4.6324839,274009312,2834786592.0,1.836182,1,-2.4645,0
2013-10-15,sh.600000,4.5227094,4.5446643,4.39976196,4.43928078,4.51831842,212323978,2155489648.0,1.422818,1,-1.7493,0
2013-10-16,sh.600000,4.43049882,4.43049882,4.31194236,4.35146118,4.43928078,217322904,2160308480.0,1.456317,1,-1.9782,0
2013-10-17,sh.600000,4.39537098,4.42171686,4.30755138,4.31194236,4.35146118,145253461,1440499472.0,0.973367,1,-0.9082,0
2013-10-18,sh.600000,4.31194236,4.41732588,4.3031604,4.33828824,4.31194236,129849775,1290361120.0,0.870145,1,0.611,0
2013-10-21,sh.600000,4.3690251,4.46123568,4.3031604,4.44367176,4.33828824,211850917,2123854880.0,1.419648,1,2.4291,0
2013-10-22,sh.600000,4.43928078,4.43928078,4.32950628,4.36024314,4.44367176,156011435,1554175488.0,1.045458,1,-1.8775,0
2013-10-23,sh.600000,4.3690251,4.5446643,4.35146118,4.39976196,4.36024314,260513178,2639944208.0,1.745742,1,0.9063,0
2013-10-24,sh.600000,4.37341608,4.46123568,4.31194236,4.38219804,4.39976196,170003394,1700451824.0,1.139221,1,-0.3992,0
2013-10-25,sh.600000,4.39537098,4.50514548,4.38658902,4.42171686,4.38219804,256524257,2593128912.0,1.719012,1,0.9018,0
2013-10-28,sh.600000,4.42610784,4.48758156,4.35585216,4.4568447,4.42171686,164098118,1650688528.0,1.099649,1,0.7944,0
2013-10-29,sh.600000,4.48758156,4.69395762,4.47001764,4.60174704,4.4568447,494214048,5150564608.0,3.31181,1,3.2512,0
2013-10-30,sh.600000,4.60174704,4.66322076,4.52710038,4.65004782,4.60174704,301165856,3162162384.0,2.018162,1,1.0496,0
2013-10-31,sh.600000,4.64565684,4.6544388,4.52710038,4.53588234,4.65004782,211637554,2206625472.0,1.418218,1,-2.4551,0
2013-11-01,sh.600000,4.53149136,4.62370194,4.49197254,4.57540116,4.53588234,164057262,1704932176.0,1.099375,1,0.8712,0
2013-11-04,sh.600000,4.60174704,4.62809292,4.50514548,4.5227094,4.57540116,138786390,1438550560.0,0.930031,1,-1.1516,0
2013-11-05,sh.600000,4.48758156,4.5007545,4.40854392,4.4787996,4.5227094,172536527,1747250976.0,1.156196,1,-0.9709,0
2013-11-06,sh.600000,4.42171686,4.4787996,4.39098,4.40415294,4.4787996,151026564,1522867120.0,1.012054,1,-1.6667,0
2013-11-07,sh.600000,4.42610784,4.47440862,4.37780706,4.4129349,4.40415294,114983822,1158380384.0,0.770526,1,0.1994,0
2013-11-08,sh.600000,4.39976196,4.4348898,4.36024314,4.38219804,4.4129349,110388788,1104891680.0,0.739734,1,-0.6965,0
2013-11-11,sh.600000,4.38658902,4.39976196,4.3470702,4.37780706,4.38219804,79759246,793983216.0,0.53448,1,-0.1002,0
2013-11-12,sh.600000,4.39537098,4.47440862,4.39098,4.44367176,4.37780706,119655182,1209294432.0,0.801829,1,1.5045,0
2013-11-13,sh.600000,4.40854392,4.4129349,4.22851374,4.23290472,4.44367176,208714474,2049839120.0,1.39863,1,-4.7431,0
2013-11-14,sh.600000,4.2153408,4.25046864,4.12313022,4.16704002,4.23290472,169111025,1601513584.0,1.133241,1,-1.556,0
2013-11-15,sh.600000,4.16704002,4.3251153,4.16264904,4.25046864,4.16704002,180564555,1753424288.0,1.209993,1,2.0021,0
2013-11-18,sh.600000,4.2812055,4.43928078,4.24168668,4.4348898,4.25046864,231275931,2289354080.0,1.549818,1,4.3388,0
2013-11-19,sh.600000,4.4348898,4.4348898,4.3690251,4.37780706,4.4348898,128516630,1286050560.0,0.861211,1,-1.2871,0
2013-11-20,sh.600000,4.39537098,4.47001764,4.37780706,4.4129349,4.37780706,125986570,1265362960.0,0.844257,1,0.8024,0
2013-11-21,sh.600000,4.39098,4.42610784,4.29437844,4.42171686,4.4129349,172340745,1708643968.0,1.154884,1,0.199,0
2013-11-22,sh.600000,4.4129349,4.43928078,4.38219804,4.41732588,4.42171686,131116961,1317526608.0,0.878636,1,-0.0993,0
2013-11-25,sh.600000,4.38658902,4.43928078,4.35585216,4.36024314,4.41732588,96767050,967272352.0,0.648452,1,-1.2922,0
2013-11-26,sh.600000,4.3470702,4.40415294,4.33828824,4.3470702,4.36024314,72857686,724350736.0,0.488231,1,-0.3021,0
2013-11-27,sh.600000,4.33389726,4.42610784,4.28559648,4.36024314,4.3470702,134357122,1332415712.0,0.900349,1,0.303,0
2013-11-28,sh.600000,4.3690251,4.41732588,4.3470702,4.37341608,4.36024314,121839005,1217508432.0,0.816463,1,0.3021,0
2013-11-29,sh.600000,4.41732588,4.44367176,4.37341608,4.38658902,4.37341608,112491968,1128740864.0,0.753827,1,0.3012,0
2013-12-02,sh.600000,4.4348898,4.54027332,4.38658902,4.53149136,4.38658902,408952608,4162905232.0,2.740459,1,3.3033,0
2013-12-03,sh.600000,4.50953646,4.54027332,4.45245372,4.50514548,4.53149136,178953713,1832350272.0,1.199198,1,-0.5814,0
2013-12-04,sh.600000,4.49636352,4.64126586,4.4787996,4.5666192,4.50514548,283303328,2951386528.0,1.898463,1,1.3645,0
2013-12-05,sh.600000,4.5666192,4.58418312,4.51392744,4.5446643,4.5666192,150565456,1557557552.0,1.008964,1,-0.4808,0
2013-12-06,sh.600000,4.54027332,4.54027332,4.44806274,4.48758156,4.5446643,157734044,1611228720.0,1.057002,1,-1.256,0
2013-12-09,sh.600000,4.48319058,4.5007545,4.42610784,4.43928078,4.48758156,111336390,1127426960.0,0.746084,1,-1.0763,0
2013-12-10,sh.600000,4.44367176,4.48319058,4.42610784,4.45245372,4.43928078,89476538,907205504.0,0.599597,1,0.2967,0
2013-12-11,sh.600000,4.43928078,4.44806274,4.35146118,4.36024314,4.45245372,127176728,1268123952.0,0.852232,1,-2.071,0
2013-12-12,sh.600000,4.35146118,4.37341608,4.33389726,4.33828824,4.36024314,89839025,889730896.0,0.602026,1,-0.5035,0
2013-12-13,sh.600000,4.32072432,4.3251153,4.28998746,4.31633334,4.33828824,98124624,963431280.0,0.657549,1,-0.5061,0
2013-12-16,sh.600000,4.3251153,4.37780706,4.26803256,4.27681452,4.31633334,119802106,1177159744.0,0.802814,1,-0.9156,0
2013-12-17,sh.600000,4.28559648,4.28998746,4.24168668,4.25485962,4.27681452,78126226,758108128.0,0.523537,1,-0.5133,0
2013-12-18,sh.600000,4.26364158,4.3031604,4.25046864,4.26364158,4.25485962,55191766,536799936.0,0.369849,1,0.2064,0
2013-12-19,sh.600000,4.2812055,4.29437844,4.2153408,4.21973178,4.26364158,71003510,687152704.0,0.475806,1,-1.0299,0
2013-12-20,sh.600000,4.22851374,4.23290472,4.10117532,4.10995728,4.21973178,107593841,1018130464.0,0.721004,1,-2.6015,0
2013-12-23,sh.600000,4.13191218,4.16264904,4.08800238,4.10117532,4.10995728,63014853,590896800.0,0.422273,1,-0.2137,0
2013-12-24,sh.600000,4.11434826,4.13191218,4.0616565,4.10117532,4.10117532,71802936,671260000.0,0.481163,1,0.0,0
2013-12-25,sh.600000,4.09678434,4.1055663,4.0177467,4.07043846,4.10117532,89003265,821820576.0,0.596426,1,-0.7495,0
2013-12-26,sh.600000,4.06604748,4.07043846,3.97822788,3.99140082,4.07043846,82518650,753839552.0,0.552971,1,-1.9417,0
2013-12-27,sh.600000,3.99140082,4.09239336,3.98700984,4.05726552,3.99140082,88052311,811334784.0,0.590053,1,1.6502,0
2013-12-30,sh.600000,4.0836114,4.09239336,4.03531062,4.0397016,4.05726552,70408751,650877056.0,0.471821,1,-0.4329,0
2013-12-31,sh.600000,4.04409258,4.18460394,4.02652866,4.14069414,4.0397016,107237045,1006340928.0,0.718613,1,2.5,0
2014-01-02,sh.600000,4.14508512,4.1494761,4.07922042,4.09678434,4.14069414,69821037,652410784.0,0.467882,1,-1.0604,0
2014-01-03,sh.600000,4.07482944,4.0836114,3.98700984,4.01335572,4.09678434,88351969,807094464.0,0.592061,1,-2.0364,0
2014-01-06,sh.600000,4.08800238,4.10117532,4.00896474,4.03531062,4.01335572,117267700,1079925472.0,0.78583,1,0.547,0
2014-01-07,sh.600000,4.02652866,4.04409258,3.95627298,4.01335572,4.03531062,72150947,657895520.0,0.483495,1,-0.5441,0
2014-01-08,sh.600000,4.01335572,4.09239336,4.00018278,4.0397016,4.01335572,78603481,724415952.0,0.526735,1,0.6565,0
2014-01-09,sh.600000,4.0397016,4.14508512,4.02213768,4.07922042,4.0397016,109976763,1025797664.0,0.736972,1,0.9783,0
2014-01-10,sh.600000,4.07482944,4.1494761,4.05726552,4.13191218,4.07922042,93379978,875061952.0,0.625755,1,1.2917,0
2014-01-13,sh.600000,4.14508512,4.15825806,4.09678434,4.12313022,4.13191218,65935363,618500144.0,0.441844,1,-0.2125,0
2014-01-14,sh.600000,4.1275212,4.14069414,4.0616565,4.1275212,4.12313022,79710266,744481152.0,0.534152,1,0.1065,0
2014-01-15,sh.600000,4.12313022,4.1275212,4.02213768,4.05287454,4.1275212,77606643,717370000.0,0.520055,1,-1.8085,0
2014-01-16,sh.600000,4.04848356,4.06604748,4.02652866,4.03091964,4.05287454,67204743,618488784.0,0.45035,1,-0.5417,0
2014-01-17,sh.600000,4.02652866,4.02652866,3.98261886,4.00457376,4.03091964,66047496,601804112.0,0.442595,1,-0.6536,0
2014-01-20,sh.600000,3.9957918,4.00896474,3.96944592,3.98261886,4.00457376,42094792,382309904.0,0.282084,1,-0.5482,0
2014-01-21,sh.600000,3.9957918,4.06604748,3.99140082,4.02213768,3.98261886,47596032,436604864.0,0.318949,1,0.9923,0
2014-01-22,sh.600000,4.03091964,4.11873924,4.02652866,4.10117532,4.02213768,91387277,849733120.0,0.612401,1,1.9651,0
2014-01-23,sh.600000,4.08800238,4.10117532,4.04409258,4.04848356,4.10117532,63055407,583623056.0,0.422545,1,-1.2848,0
2014-01-24,sh.600000,4.02652866,4.09239336,4.01335572,4.05287454,4.04848356,70757205,653717696.0,0.474156,1,0.1085,0
2014-01-27,sh.600000,4.03531062,4.0397016,3.9957918,4.00457376,4.05287454,69858649,637844256.0,0.468134,1,-1.1918,0
2014-01-28,sh.600000,4.00457376,4.07922042,4.00457376,4.03531062,4.00457376,57333618,527187520.0,0.384202,1,0.7675,0
2014-01-29,sh.600000,4.05726552,4.08800238,4.0397016,4.07922042,4.03531062,71042825,659122848.0,0.47607,1,1.0881,0
2014-01-30,sh.600000,4.07043846,4.0836114,4.0177467,4.02652866,4.07922042,52508927,485399536.0,0.351871,1,-1.2917,0
2014-02-07,sh.600000,4.00896474,4.03091964,3.98261886,4.03091964,4.02652866,51136921,466080896.0,0.342677,1,0.1091,0
2014-02-10,sh.600000,4.03091964,4.0836114,4.02213768,4.07922042,4.03091964,91573113,848138384.0,0.613647,1,1.1983,0
2014-02-11,sh.600000,4.08800238,4.25046864,4.04848356,4.18899492,4.07922042,212392409,2017636448.0,1.423277,1,2.6911,0
2014-02-12,sh.600000,4.171431,4.23290472,4.14508512,4.171431,4.18899492,106449343,1012082704.0,0.713335,1,-0.4193,0
2014-02-13,sh.600000,4.16264904,4.32072432,4.13191218,4.2153408,4.171431,197765140,1901282560.0,1.325257,1,1.0526,0
2014-02-14,sh.600000,4.2153408,4.22851374,4.17582198,4.21094982,4.2153408,80503230,770860224.0,0.539465,1,-0.1042,0
2014-02-17,sh.600000,4.22412276,4.24168668,4.16264904,4.18021296,4.21094982,107916285,1029473520.0,0.723165,1,-0.7299,0
2014-02-18,sh.600000,4.17582198,4.17582198,4.05287454,4.06604748,4.18021296,131972251,1231564464.0,0.884368,1,-2.7311,0
2014-02-19,sh.600000,4.0616565,4.20216786,4.0397016,4.16704002,4.06604748,150729704,1420983504.0,1.010065,1,2.4838,0
2014-02-20,sh.600000,4.18460394,4.27242354,4.10995728,4.12313022,4.16704002,144607391,1379086320.0,0.969038,1,-1.0537,0
2014-02-21,sh.600000,4.12313022,4.14069414,4.04848356,4.07922042,4.12313022,82312549,765984704.0,0.55159,1,-1.065,0
2014-02-24,sh.600000,4.0397016,4.04409258,3.93870906,3.95627298,4.07922042,135269196,1223507888.0,0.906461,1,-3.014,0
2014-02-25,sh.600000,3.95627298,3.98700984,3.86845338,3.87723534,3.95627298,112988180,1012070336.0,0.757152,1,-1.9978,0
2014-02-26,sh.600000,3.86845338,3.90358122,3.85088946,3.8860173,3.87723534,79811062,704799664.0,0.534827,1,0.2265,0
2014-02-27,sh.600000,3.9079722,3.96505494,3.86845338,3.92553612,3.8860173,112556009,1005356240.0,0.754256,1,1.0169,0
2014-02-28,sh.600000,3.9079722,3.95627298,3.8640624,3.91236318,3.92553612,75427866,671034448.0,0.505455,1,-0.3356,0
2014-03-03,sh.600000,3.91236318,3.91675416,3.86845338,3.8860173,3.91236318,81389991,720619856.0,0.545408,1,-0.6734,0
2014-03-04,sh.600000,3.88162632,3.91236318,3.81137064,3.89479926,3.8860173,113473857,994582736.0,0.760407,1,0.226,0
2014-03-05,sh.600000,3.89040828,3.89919024,3.81137064,3.8201526,3.89479926,66776262,585846336.0,0.447479,1,-1.9166,0
2014-03-06,sh.600000,3.8201526,3.89040828,3.78502476,3.8640624,3.8201526,105221671,920528160.0,0.705108,1,1.1494,0
2014-03-07,sh.600000,3.8640624,3.91236318,3.82454358,3.83332554,3.8640624,85996638,757643568.0,0.576278,1,-0.7955,0
2014-03-10,sh.600000,3.80697966,3.82454358,3.69720516,3.70598712,3.83332554,100335990,859115776.0,0.672368,1,-3.3219,0
2014-03-11,sh.600000,3.70159614,3.74550594,3.68403222,3.71476908,3.70598712,71119520,600753232.0,0.476584,1,0.237,0
2014-03-12,sh.600000,3.71916006,3.80697966,3.68403222,3.75867888,3.71476908,110468613,942803792.0,0.740268,1,1.182,0
2014-03-13,sh.600000,3.84649848,4.00896474,3.81137064,3.88162632,3.75867888,198115864,1758751744.0,1.327607,1,3.271,0
2014-03-14,sh.600000,3.85528044,3.96505494,3.82893456,3.94749102,3.88162632,179769247,1602451088.0,1.204663,1,1.6968,0
2014-03-17,sh.600000,3.94749102,3.94749102,3.94749102,3.94749102,3.94749102,0,0.0,,0,0.0,0
2014-03-18,sh.600000,4.04848356,4.05287454,3.89479926,3.90358122,3.94749102,167965350,1523657840.0,1.125564,1,-1.1123,0
2014-03-19,sh.600000,3.8860173,3.98261886,3.84649848,3.9738369,3.90358122,93838218,832057184.0,0.628825,1,1.7998,0
2014-03-20,sh.600000,3.93431808,4.0397016,3.9299271,3.94749102,3.9738369,166058733,1510412576.0,1.112787,1,-0.663,0
2014-03-21,sh.600000,3.94310004,4.34267922,3.93870906,4.34267922,3.94749102,577730144,5543459840.0,3.871465,1,10.0111,0
2014-03-24,sh.600000,4.34267922,4.39537098,4.27681452,4.3031604,4.34267922,550938112,5438997504.0,3.691927,1,-0.91,0
2014-03-25,sh.600000,4.28559648,4.32950628,4.25046864,4.2812055,4.3031604,225324449,2201589728.0,1.509936,1,-0.5102,0
2014-03-26,sh.600000,4.29437844,4.31633334,4.17582198,4.20655884,4.2812055,188654730,1813592752.0,1.264207,1,-1.7436,0
2014-03-27,sh.600000,4.18460394,4.36463412,4.16264904,4.25485962,4.20655884,310183456,3020967376.0,2.078591,1,1.1482,0
2014-03-28,sh.600000,4.23290472,4.35585216,4.2153408,4.24607766,4.25485962,235609623,2299182848.0,1.578859,1,-0.2064,0
2014-03-31,sh.600000,4.2592506,4.28998746,4.20216786,4.26803256,4.24607766,117957984,1139701360.0,0.790456,1,0.5171,0
2014-04-01,sh.600000,4.24168668,4.32072432,4.22851374,4.27242354,4.26803256,121142230,1177869504.0,0.811794,1,0.1029,0
2014-04-02,sh.600000,4.2812055,4.40854392,4.26364158,4.36463412,4.27242354,221487036,2188083760.0,1.484221,1,2.1583,0
2014-04-03,sh.600000,4.36463412,4.39098,4.23290472,4.24607766,4.36463412,202589136,1988726352.0,1.357583,1,-2.7163,0
2014-04-04,sh.600000,4.22412276,4.2812055,4.20216786,4.27242354,4.24607766,103710191,1003039504.0,0.694979,1,0.6205,0
2014-04-08,sh.600000,4.26364158,4.52710038,4.26364158,4.45245372,4.27242354,389948096,3925146608.0,2.613107,1,4.2138,0
2014-04-09,sh.600000,4.44367176,4.47440862,4.40415294,4.4348898,4.45245372,166971745,1686236320.0,1.118905,1,-0.3945,0
2014-04-10,sh.600000,4.45245372,4.57101018,4.40415294,4.49197254,4.4348898,251774137,2565192736.0,1.68718,1,1.2871,0
2014-04-11,sh.600000,4.47001764,4.53149136,4.45245372,4.5007545,4.49197254,187981794,1923682592.0,1.259697,1,0.1955,0
2014-04-14,sh.600000,4.5007545,4.51831842,4.43049882,4.44367176,4.5007545,133566631,1356868496.0,0.895052,1,-1.2683,0
2014-04-15,sh.600000,4.42171686,4.42610784,4.31194236,4.3251153,4.44367176,176166147,1746784880.0,1.180519,1,-2.668,0
2014-04-16,sh.600000,4.31194236,4.37780706,4.30755138,4.3470702,4.3251153,100765541,997304848.0,0.675247,1,0.5076,0
2014-04-17,sh.600000,4.36024314,4.37780706,4.27681452,4.28559648,4.3470702,147878398,1453030912.0,0.990958,1,-1.4141,0
2014-04-18,sh.600000,4.27242354,4.30755138,4.22851374,4.29437844,4.28559648,115394462,1120720912.0,0.773277,1,0.2049,0
2014-04-21,sh.600000,4.27681452,4.37341608,4.25046864,4.26364158,4.29437844,131392321,1292829712.0,0.880482,1,-0.7157,0
2014-04-22,sh.600000,4.25046864,4.35585216,4.24168668,4.3470702,4.26364158,141231411,1385544272.0,0.946415,1,1.9567,0
2014-04-23,sh.600000,4.3251153,4.39098,4.31633334,4.33828824,4.3470702,136419564,1352733680.0,0.91417,1,-0.202,0
2014-04-24,sh.600000,4.3470702,4.38219804,4.3251153,4.33389726,4.33828824,82309479,815388784.0,0.551569,1,-0.1012,0
2014-04-25,sh.600000,4.35585216,4.41732588,4.31194236,4.32072432,4.33389726,180573527,1794439408.0,1.210053,1,-0.3039,0
2014-04-28,sh.600000,4.31194236,4.33389726,4.2372957,4.24607766,4.32072432,123425122,1198581008.0,0.827092,1,-1.7276,0
2014-04-29,sh.600000,4.24607766,4.31194236,4.2372957,4.3031604,4.24607766,88443328,859931424.0,0.592673,1,1.3444,0
2014-04-30,sh.600000,4.38219804,4.39976196,4.28559648,4.28998746,4.3031604,142558919,1407065792.0,0.955311,1,-0.3061,0
2014-05-05,sh.600000,4.28998746,4.29876942,4.20655884,4.27681452,4.28998746,103509079,1001815680.0,0.693631,1,-0.3071,0
2014-05-06,sh.600000,4.2592506,4.3031604,4.24607766,4.2592506,4.27681452,58797626,572224192.0,0.394013,1,-0.4107,0
2014-05-07,sh.600000,4.25485962,4.2812055,4.23290472,4.24168668,4.2592506,55972788,542274528.0,0.375083,1,-0.4124,0
2014-05-08,sh.600000,4.24168668,4.33389726,4.23290472,4.2812055,4.24168668,95225892,930740688.0,0.638124,1,0.9317,0
2014-05-09,sh.600000,4.2812055,4.31194236,4.25485962,4.28559648,4.2812055,74829332,731563200.0,0.501444,1,0.1026,0
2014-05-12,sh.600000,4.3251153,4.37341608,4.29876942,4.36024314,4.28559648,129589586,1282666096.0,0.868401,1,1.7418,0
2014-05-13,sh.600000,4.3470702,4.36463412,4.31633334,4.3470702,4.36024314,66182545,653997056.0,0.4435,1,-0.3021,0
2014-05-14,sh.600000,4.34267922,4.35585216,4.29437844,4.30755138,4.3470702,114355129,1124734336.0,0.766313,1,-0.9091,0
2014-05-15,sh.600000,4.29876942,4.31633334,4.26364158,4.27242354,4.30755138,70426925,688077264.0,0.471942,1,-0.8155,0
2014-05-16,sh.600000,4.2592506,4.3031604,4.2592506,4.2812055,4.27242354,57142230,556664624.0,0.38292,1,0.2056,0
2014-05-19,sh.600000,4.26803256,4.26803256,4.15825806,4.18021296,4.2812055,137405978,1314192256.0,0.92078,1,-2.359,0
2014-05-20,sh.600000,4.19777688,4.2153408,4.16264904,4.1933859,4.18021296,64057749,610778784.0,0.429262,1,0.3151,0
2014-05-21,sh.600000,4.18021296,4.21973178,4.13191218,4.2153408,4.1933859,54298040,517810704.0,0.36386,1,0.5236,0
2014-05-22,sh.600000,4.21094982,4.27242354,4.20216786,4.2153408,4.2153408,71688611,692799600.0,0.480397,1,0.0,0
2014-05-23,sh.600000,4.21973178,4.2592506,4.21094982,4.2592506,4.2153408,47057342,454096752.0,0.315339,1,1.0417,0
2014-05-26,sh.600000,4.28559648,4.29437844,4.25485962,4.27681452,4.2592506,54108963,526560768.0,0.362593,1,0.4124,0
2014-05-27,sh.600000,4.27242354,4.27681452,4.22412276,4.24168668,4.27681452,74436155,720820160.0,0.498809,1,-0.8214,0
2014-05-28,sh.600000,4.24168668,4.26803256,4.2153408,4.25046864,4.24168668,92478303,892246144.0,0.619712,1,0.207,0
2014-05-29,sh.600000,4.25046864,4.26803256,4.2153408,4.22412276,4.25046864,75258524,726796768.0,0.50432,1,-0.6198,0
2014-05-30,sh.600000,4.22412276,4.22851374,4.1933859,4.20216786,4.22412276,69096841,662738432.0,0.463029,1,-0.5198,0
2014-06-03,sh.600000,4.21094982,4.23290472,4.18460394,4.18899492,4.20216786,70641283,677281792.0,0.473379,1,-0.3135,0
2014-06-04,sh.600000,4.1933859,4.19777688,4.1275212,4.1494761,4.18899492,86246408,816293696.0,0.577951,1,-0.9434,0
2014-06-05,sh.600000,4.1494761,4.22851374,4.14069414,4.22412276,4.1494761,56500335,538639264.0,0.378618,1,1.7989,0
2014-06-06,sh.600000,4.2153408,4.22412276,4.1494761,4.17582198,4.22412276,53426017,509267440.0,0.358017,1,-1.1434,0
2014-06-09,sh.600000,4.15386708,4.24607766,4.15386708,4.18899492,4.17582198,58231714,557813040.0,0.39022,1,0.3155,0
2014-06-10,sh.600000,4.21094982,4.2372957,4.18021296,4.22851374,4.18899492,68256823,655798672.0,0.4574,1,0.9434,0
2014-06-11,sh.600000,4.21094982,4.22851374,4.1933859,4.21094982,4.22851374,46334806,444252128.0,0.310497,1,-0.4154,0
2014-06-12,sh.600000,4.20216786,4.21094982,4.18021296,4.18899492,4.21094982,42917693,410062032.0,0.287599,1,-0.5214,0
2014-06-13,sh.600000,4.1933859,4.29437844,4.18899492,4.27242354,4.18899492,129624894,1256394768.0,0.868638,1,1.9916,0
2014-06-16,sh.600000,4.27242354,4.33389726,4.25485962,4.30755138,4.27242354,118477367,1159724320.0,0.793936,1,0.8222,0
2014-06-17,sh.600000,4.31633334,4.31633334,4.26364158,4.27242354,4.30755138,91317081,892676096.0,0.611931,1,-0.8155,0
2014-06-18,sh.600000,4.27242354,4.28998746,4.26364158,4.27242354,4.27242354,66459996,647470880.0,0.445359,1,0.0,0
2014-06-19,sh.600000,4.27681452,4.30755138,4.2153408,4.23290472,4.27242354,68906460,668029792.0,0.461754,1,-0.925,0
2014-06-20,sh.600000,4.23290472,4.26364158,4.22412276,4.2592506,4.23290472,57665733,557096336.0,0.386428,1,0.6224,0
2014-06-23,sh.600000,4.26364158,4.28998746,4.22851374,4.24168668,4.2592506,86019554,834638560.0,0.576431,1,-0.4124,0
2014-06-24,sh.600000,4.26525595,4.28410791,4.24640399,4.26054296,4.241691,83305537,753572848.0,0.558244,1,0.4444,0
2014-06-25,sh.600000,4.26525595,4.26525595,4.22755203,4.23226502,4.26054296,46797781,421074928.0,0.3136,1,-0.6637,0
2014-06-26,sh.600000,4.23226502,4.26054296,4.23226502,4.23697801,4.23226502,43052470,387941136.0,0.288502,1,0.1114,0
2014-06-27,sh.600000,4.23697801,4.25111698,4.22283904,4.22755203,4.23697801,42713239,383829264.0,0.286228,1,-0.2225,0
2014-06-30,sh.600000,4.23226502,4.27939492,4.23226502,4.26525595,4.22755203,52645089,476195584.0,0.352783,1,0.8919,0
2014-07-01,sh.600000,4.27939492,4.2888209,4.24640399,4.26996894,4.26525595,42584500,385288816.0,0.285366,1,0.1105,0
2014-07-02,sh.600000,4.26996894,4.28410791,4.25111698,4.26996894,4.26996894,41262790,373724768.0,0.276509,1,0.0,0
2014-07-03,sh.600000,4.26996894,4.28410791,4.25582997,4.27468193,4.26996894,64553232,585009392.0,0.432582,1,0.1104,0
2014-07-04,sh.600000,4.27939492,4.28410791,4.26525595,4.27468193,4.27468193,47263941,428330848.0,0.316723,1,0.0,0
2014-07-07,sh.600000,4.27468193,4.27939492,4.25582997,4.26525595,4.27468193,42831405,387738016.0,0.28702,1,-0.2205,0
2014-07-08,sh.600000,4.26525595,4.26996894,4.24640399,4.26525595,4.26525595,52592964,475316192.0,0.352434,1,0.0,0
2014-07-09,sh.600000,4.26525595,4.26525595,4.19927409,4.20398708,4.26525595,75829647,680803744.0,0.508147,1,-1.4365,0
2014-07-10,sh.600000,4.20398708,4.21812605,4.1945611,4.20398708,4.20398708,43284795,386256080.0,0.290059,1,0.0,0
2014-07-11,sh.600000,4.20398708,4.23697801,4.19927409,4.21341306,4.20398708,58461216,523490704.0,0.391758,1,0.2242,0
2014-07-14,sh.600000,4.20870007,4.24640399,4.1945611,4.241691,4.21341306,50192334,449273968.0,0.336347,1,0.6711,0
2014-07-15,sh.600000,4.24640399,4.25111698,4.23226502,4.24640399,4.241691,57331618,515793888.0,0.384189,1,0.1111,0
2014-07-16,sh.600000,4.24640399,4.26525595,4.241691,4.25111698,4.24640399,57758013,521218624.0,0.387046,1,0.111,0
2014-07-17,sh.600000,4.25582997,4.26054296,4.22755203,4.23697801,4.25111698,43076122,387416768.0,0.28866,1,-0.3326,0
2014-07-18,sh.600000,4.23226502,4.26525595,4.22283904,4.25111698,4.23697801,60143570,542519440.0,0.403032,1,0.3337,0
2014-07-21,sh.600000,4.24640399,4.25111698,4.22755203,4.23226502,4.25111698,43394538,390236864.0,0.290794,1,-0.4435,0
2014-07-22,sh.600000,4.22283904,4.2888209,4.22283904,4.26996894,4.23226502,101186449,915202976.0,0.678067,1,0.8909,0
2014-07-23,sh.600000,4.26054296,4.30767286,4.26054296,4.27939492,4.26996894,95071892,864070608.0,0.637092,1,0.2207,0
2014-07-24,sh.600000,4.28410791,4.42078462,4.28410791,4.39250668,4.27939492,235007435,2179260256.0,1.574824,1,2.6432,0
2014-07-25,sh.600000,4.42078462,4.44906256,4.3830807,4.42549761,4.39250668,134460946,1259192304.0,0.901045,1,0.7511,0
2014-07-28,sh.600000,4.44906256,4.63286917,4.44906256,4.59987824,4.42549761,315856672,3067199392.0,2.116608,1,3.9404,0
2014-07-29,sh.600000,4.6187302,4.65643412,4.58102628,4.60930422,4.59987824,203049428,1989649792.0,1.360668,1,0.2049,0
2014-07-30,sh.600000,4.66114711,4.67528608,4.55746133,4.57631329,4.60930422,182728243,1785992160.0,1.224492,1,-0.7157,0
2014-07-31,sh.600000,4.56688731,4.62344319,4.55274834,4.6187302,4.57631329,113003643,1098506208.0,0.757256,1,0.9269,0
2014-08-01,sh.600000,4.60459123,4.69413804,4.59045226,4.59987824,4.6187302,199316283,1966817232.0,1.335651,1,-0.4082,0
2014-08-04,sh.600000,4.62815618,4.68471206,4.58573927,4.67528608,4.59987824,167001355,1646470448.0,1.119104,1,1.6393,0
2014-08-05,sh.600000,4.67528608,4.68942505,4.6187302,4.65172113,4.67528608,116942080,1154644400.0,0.783648,1,-0.504,0
2014-08-06,sh.600000,4.63286917,4.63286917,4.55274834,4.59045226,4.65172113,134531042,1309646592.0,0.901515,1,-1.3171,0
2014-08-07,sh.600000,4.59516525,4.60930422,4.50090545,4.50561844,4.59045226,141244203,1363312800.0,0.946501,1,-1.848,0
2014-08-08,sh.600000,4.50561844,4.5244704,4.4773405,4.49619246,4.50561844,120982762,1154961184.0,0.810726,1,-0.2092,0
2014-08-11,sh.600000,4.51033143,4.58573927,4.51033143,4.5716003,4.49619246,99902317,966146832.0,0.669462,1,1.6771,0
2014-08-12,sh.600000,4.56688731,4.5716003,4.5244704,4.54332236,4.5716003,80856190,779243632.0,0.541831,1,-0.6186,0
2014-08-13,sh.600000,4.54332236,4.56217432,4.49147947,4.52918339,4.54332236,97201687,932751440.0,0.651365,1,-0.3112,0
2014-08-14,sh.600000,4.53860937,4.56217432,4.51504442,4.5244704,4.52918339,102325664,986409904.0,0.685701,1,-0.1041,0
2014-08-15,sh.600000,4.53860937,4.5716003,4.51504442,4.56217432,4.5244704,83507836,806096128.0,0.5596,1,0.8333,0
2014-08-18,sh.600000,4.56688731,4.62344319,4.55746133,4.58102628,4.56217432,96111663,933999552.0,0.64406,1,0.4132,0
2014-08-19,sh.600000,4.60930422,4.60930422,4.54332236,4.57631329,4.58102628,99796164,968114272.0,0.668751,1,-0.1029,0
2014-08-20,sh.600000,4.57631329,4.57631329,4.53860937,4.54332236,4.57631329,70135543,677452352.0,0.46999,1,-0.7209,0
2014-08-21,sh.600000,4.54332236,4.54803535,4.44434957,4.4773405,4.54332236,118057183,1123688992.0,0.791121,1,-1.4523,0
2014-08-22,sh.600000,4.4773405,4.51504442,4.46320153,4.49619246,4.4773405,76885741,733185584.0,0.515224,1,0.4211,0
2014-08-25,sh.600000,4.48676648,4.49147947,4.43963658,4.44906256,4.49619246,90596114,856940048.0,0.6071,1,-1.0482,0
2014-08-26,sh.600000,4.44434957,4.4773405,4.43492359,4.45848854,4.44906256,85213616,804802448.0,0.571031,1,0.2119,0
2014-08-27,sh.600000,4.45377555,4.4773405,4.44434957,4.45377555,4.45848854,54628769,516864192.0,0.366076,1,-0.1057,0
2014-08-28,sh.600000,4.45377555,4.45377555,4.41135864,4.41135864,4.45377555,70289162,661133088.0,0.471019,1,-0.9524,0
2014-08-29,sh.600000,4.4302106,4.46791452,4.41135864,4.46320153,4.41135864,53881605,507394704.0,0.36107,1,1.1752,0
2014-09-01,sh.600000,4.47262751,4.48676648,4.44906256,4.47262751,4.46320153,68578076,650654496.0,0.459553,1,0.2112,0
2014-09-02,sh.600000,4.48205349,4.53860937,4.45848854,4.5244704,4.47262751,128705724,1227884240.0,0.862478,1,1.1591,0
2014-09-03,sh.600000,4.53860937,4.59045226,4.53389638,4.56217432,4.5244704,128588110,1244849632.0,0.86169,1,0.8333,0
2014-09-04,sh.600000,4.5716003,4.58102628,4.53860937,4.57631329,4.56217432,98919202,956753808.0,0.662874,1,0.3099,0
2014-09-05,sh.600000,4.58573927,4.60930422,4.56688731,4.59045226,4.57631329,126925907,1234561984.0,0.850552,1,0.309,0
2014-09-09,sh.600000,4.59516525,4.62815618,4.56217432,4.5716003,4.59045226,123866063,1205605808.0,0.830047,1,-0.4107,0
2014-09-10,sh.600000,4.54803535,4.55274834,4.51033143,4.51975741,4.5716003,111659515,1073076816.0,0.748249,1,-1.134,0
2014-09-11,sh.600000,4.5244704,4.58573927,4.51033143,4.5244704,4.51975741,119763193,1152958000.0,0.802553,1,0.1043,0
2014-09-12,sh.600000,4.52918339,4.52918339,4.49147947,4.5244704,4.5244704,80296496,768304368.0,0.53808,1,0.0,0
2014-09-15,sh.600000,4.50561844,4.54332236,4.48205349,4.5244704,4.5244704,99444466,950656352.0,0.666394,1,0.0,0
2014-09-16,sh.600000,4.54803535,4.59987824,4.51975741,4.53389638,4.5244704,222751521,2154511984.0,1.492695,1,0.2083,0
2014-09-17,sh.600000,4.53860937,4.55274834,4.49147947,4.51033143,4.53389638,116577448,1116528160.0,0.781205,1,-0.5198,0
2014-09-18,sh.600000,4.50561844,4.59516525,4.49147947,4.58573927,4.51033143,218993865,2119148592.0,1.467514,1,1.6719,0
2014-09-19,sh.600000,4.58102628,4.67057309,4.5716003,4.64229515,4.58573927,286004784,2816151312.0,1.916565,1,1.2333,0
2014-09-22,sh.600000,4.63286917,4.63286917,4.52918339,4.52918339,4.64229515,155546883,1505934016.0,1.042345,1,-2.4366,0
2014-09-23,sh.600000,4.52918339,4.56688731,4.5244704,4.53860937,4.52918339,88224150,850252144.0,0.591205,1,0.2081,0
2014-09-24,sh.600000,4.52918339,4.61401721,4.51975741,4.59987824,4.53860937,152637326,1480725856.0,1.022848,1,1.3499,0
2014-09-25,sh.600000,4.61401721,4.63286917,4.56217432,4.57631329,4.59987824,137216320,1340440528.0,0.919509,1,-0.5123,0
2014-09-26,sh.600000,4.56688731,4.59045226,4.54332236,4.58102628,4.57631329,80598327,781818064.0,0.540103,1,0.103,0
2014-09-29,sh.600000,4.59516525,4.62344319,4.58102628,4.59987824,4.58102628,121763013,1188241040.0,0.815954,1,0.4115,0
2014-09-30,sh.600000,4.60930422,4.6187302,4.5716003,4.59516525,4.59987824,105093276,1023862496.0,0.704247,1,-0.1025,0
2014-10-08,sh.600000,4.60930422,4.64229515,4.58573927,4.63758216,4.59516525,142724444,1398725072.0,0.95642,1,0.9231,0
2014-10-09,sh.600000,4.64229515,4.68471206,4.62344319,4.64229515,4.63758216,130968217,1293022528.0,0.87764,1,0.1016,0
2014-10-10,sh.600000,4.6187302,4.67057309,4.60459123,4.63286917,4.64229515,133030186,1308626416.0,0.891457,1,-0.2031,0
2014-10-13,sh.600000,4.61401721,4.63286917,4.56217432,4.58573927,4.63286917,109831220,1069089808.0,0.735997,1,-1.0173,0
2014-10-14,sh.600000,4.58102628,4.62815618,4.56688731,4.58102628,4.58573927,84002904,818017648.0,0.562917,1,-0.1028,0
2014-10-15,sh.600000,4.58102628,4.64229515,4.54332236,4.61401721,4.58102628,133922265,1304901632.0,0.897435,1,0.7202,0
2014-10-16,sh.600000,4.59045226,4.73184196,4.5716003,4.66114711,4.61401721,296366864,2936900128.0,1.986003,1,1.0215,0
2014-10-17,sh.600000,4.65643412,4.71299,4.59516525,4.64229515,4.66114711,161019857,1588282416.0,1.079021,1,-0.4044,0
2014-10-20,sh.600000,4.67999907,4.68942505,4.62815618,4.6658601,4.64229515,114718758,1133473888.0,0.768749,1,0.5076,0
2014-10-21,sh.600000,4.66114711,4.67057309,4.59987824,4.60930422,4.6658601,105290636,1034461920.0,0.70557,1,-1.2121,0
2014-10-22,sh.600000,4.61401721,4.65643412,4.59516525,4.60930422,4.60930422,91092137,893481680.0,0.610423,1,0.0,0
2014-10-23,sh.600000,4.60930422,4.65643412,4.58102628,4.59516525,4.60930422,118416324,1159897472.0,0.793527,1,-0.3067,0
2014-10-24,sh.600000,4.60459123,4.61401721,4.55274834,4.56217432,4.59516525,108312657,1054022656.0,0.725821,1,-0.7179,0
2014-10-27,sh.600000,4.53389638,4.53860937,4.4302106,4.46320153,4.56217432,138929487,1323460336.0,0.930989,1,-2.1694,0
2014-10-28,sh.600000,4.4773405,4.52918339,4.4773405,4.51975741,4.46320153,101044054,965189344.0,0.677113,1,1.2672,0
2014-10-29,sh.600000,4.52918339,4.59516525,4.51033143,4.5716003,4.51975741,161050635,1555124016.0,1.079227,1,1.147,0
2014-10-30,sh.600000,4.58102628,4.64229515,4.54803535,4.62344319,4.5716003,176780522,1722710640.0,1.184636,1,1.134,0
2014-10-31,sh.600000,4.65643412,4.89208362,4.64229515,4.8072498,4.62344319,491064704,4953082624.0,3.290706,1,3.9755,0
2014-11-03,sh.600000,4.83081475,4.84495372,4.7601199,4.78839784,4.8072498,248371619,2525984144.0,1.664379,1,-0.3922,0
2014-11-04,sh.600000,4.8072498,4.8072498,4.72241598,4.74598093,4.78839784,163212641,1645394576.0,1.093715,1,-0.8858,0
2014-11-05,sh.600000,4.75069392,4.76483289,4.69413804,4.70827701,4.74598093,157561422,1578932512.0,1.055845,1,-0.7944,0
2014-11-06,sh.600000,4.71770299,4.73184196,4.68942505,4.72712897,4.70827701,101863094,1018619328.0,0.682601,1,0.4004,0
2014-11-07,sh.600000,4.71770299,4.89679661,4.70356402,4.79782382,4.72712897,407114112,4155058256.0,2.728139,1,1.4955,0
2014-11-10,sh.600000,4.96277847,5.09474219,4.91093558,4.97220445,4.79782382,489376864,5168943872.0,3.279395,1,3.6346,0
2014-11-11,sh.600000,5.00519538,5.30682674,5.00519538,5.14658508,4.97220445,653738976,7163875584.0,4.380813,1,3.5071,0
2014-11-12,sh.600000,5.11359415,5.21727993,5.06175126,5.20785395,5.14658508,271038576,2961655248.0,1.816274,1,1.1905,0
2014-11-13,sh.600000,5.2314189,5.36338262,5.11830714,5.15601106,5.20785395,371263984,4115769392.0,2.487901,1,-0.9955,0
2014-11-14,sh.600000,5.12773312,5.17486302,5.06646425,5.1371591,5.15601106,198414346,2154897408.0,1.329607,1,-0.3656,0
2014-11-17,sh.600000,5.15601106,5.22199292,5.05703827,5.06646425,5.1371591,214519835,2329015776.0,1.437533,1,-1.3761,0
2014-11-18,sh.600000,5.06646425,5.0900292,4.91564857,4.92507455,5.06646425,254900899,2687326960.0,1.708133,1,-2.7907,0
2014-11-19,sh.600000,4.91564857,4.96749146,4.89679661,4.93450053,4.92507455,145326646,1518565392.0,0.973858,1,0.1914,0
2014-11-20,sh.600000,4.92507455,5.02404734,4.88737063,4.98163043,4.93450053,162402495,1709647456.0,1.088286,1,0.9551,0
2014-11-21,sh.600000,4.98634342,5.09945518,4.92978754,5.08531621,4.98163043,209997641,2234174864.0,1.407229,1,2.0814,0
2014-11-24,sh.600000,4.98163043,5.17957601,4.92507455,5.11830714,5.08531621,474049920,5090821632.0,3.176687,1,0.6487,0
2014-11-25,sh.600000,5.09474219,5.22670591,5.06646425,5.22199292,5.11830714,289490096,3159162416.0,1.939921,1,2.0258,0
2014-11-26,sh.600000,5.30211375,5.38694757,5.2314189,5.33510468,5.22199292,452263344,5092828928.0,3.030692,1,2.1661,0
2014-11-27,sh.600000,5.41051252,5.52362428,5.31625272,5.41051252,5.33510468,439738272,5062406912.0,2.946759,1,1.4134,0
2014-11-28,sh.600000,5.43407747,5.88181152,5.41051252,5.8441076,5.41051252,832183264,9950390272.0,5.576598,1,8.0139,0
2014-12-01,sh.600000,5.86767255,6.11746102,5.71214388,5.73099584,5.8441076,607270368,7590567424.0,4.069419,1,-1.9355,0
2014-12-02,sh.600000,5.66972697,6.16459092,5.66972697,6.06561813,5.73099584,589371024,7404591104.0,3.949473,1,5.8388,0
2014-12-03,sh.600000,6.05147916,6.26356371,5.80640368,5.92894142,6.06561813,730561456,9380076800.0,4.895613,1,-2.2533,0
2014-12-04,sh.600000,5.92894142,6.2682767,5.82996863,6.25413773,5.92894142,720041664,9307945984.0,4.825118,1,5.4849,0
2014-12-05,sh.600000,6.32483258,6.598186,6.0797571,6.37667547,6.25413773,859647616,11553890816.0,5.760641,1,1.9593,0
2014-12-08,sh.600000,6.31069361,6.61703796,6.2211468,6.50863919,6.37667547,703922496,9622363392.0,4.717101,1,2.0695,0
2014-12-09,sh.600000,6.39081444,6.67359384,5.87238554,5.96193235,6.50863919,869193776,11788051456.0,5.824611,1,-8.3997,0
2014-12-10,sh.600000,5.9854973,6.24471175,5.75456079,6.20229484,5.96193235,620272400,7901267968.0,4.156548,1,4.0316,0
2014-12-11,sh.600000,6.10803504,6.38610145,6.05619215,6.15045195,6.20229484,442571184,5847503360.0,2.965743,1,-0.8359,0
2014-12-12,sh.600000,6.15045195,6.30598062,6.02320122,6.11746102,6.15045195,310558736,4067040272.0,2.081106,1,-0.5364,0
2014-12-15,sh.600000,6.0326272,6.04205318,5.87238554,6.01377524,6.11746102,335025408,4232421872.0,2.245061,1,-1.6949,0
2014-12-16,sh.600000,5.9854973,6.2682767,5.96193235,6.26356371,6.01377524,438688000,5706439936.0,2.939721,1,4.1536,0
2014-12-17,sh.600000,6.35782351,6.78199261,6.28241567,6.65002889,6.26356371,869703584,12037657344.0,5.828028,1,6.1701,0
2014-12-18,sh.600000,6.70187178,6.75842766,6.46150929,6.54634311,6.65002889,499627856,7010664192.0,3.348089,1,-1.5592,0
2014-12-19,sh.600000,6.57933404,6.6924458,6.42380537,6.64060291,6.54634311,436244208,6099396096.0,2.923345,1,1.4399,0
2014-12-22,sh.600000,6.68301982,7.1637448,6.66416786,6.91866932,6.64060291,683449520,10043569152.0,4.579908,1,4.1874,0
2014-12-23,sh.600000,6.7867056,7.06005902,6.63588992,6.65002889,6.91866932,441578784,6398625280.0,2.959093,1,-3.8828,0
2014-12-24,sh.600000,6.65002889,6.6924458,6.27298969,6.34368454,6.65002889,417579536,5715187968.0,2.79827,1,-4.6067,0
2014-12-25,sh.600000,6.48036125,6.72543673,6.37667547,6.71601075,6.34368454,455721904,6359588352.0,3.053868,1,5.8692,0
2014-12-26,sh.600000,6.7395757,6.99407716,6.68773281,6.96108623,6.71601075,466983120,6790353408.0,3.129331,1,3.6491,0
2014-12-29,sh.600000,7.2580046,7.48422812,6.93280829,7.04592005,6.96108623,625216144,9556435968.0,4.189677,1,1.2187,0
2014-12-30,sh.600000,7.04592005,7.3051345,6.98936417,7.23915264,7.04592005,443655552,6774519552.0,2.973009,1,2.7425,0
2014-12-31,sh.600000,7.28156955,7.44181121,7.12132789,7.39468131,7.23915264,468832336,7271524864.0,3.141723,1,2.1484,0
2015-01-05,sh.600000,7.48422812,7.65860875,7.33341244,7.57377493,7.39468131,513568704,8182820864.0,3.441509,1,2.4219,0
2015-01-06,sh.600000,7.540784,7.86126732,7.45595018,7.60205287,7.57377493,511684528,8311084800.0,3.428883,1,0.3734,0
2015-01-07,sh.600000,7.4936541,7.62090483,7.31927347,7.45123719,7.60205287,385716816,6114241024.0,2.584752,1,-1.9839,0
2015-01-08,sh.600000,7.47951513,7.48422812,7.1637448,7.18730975,7.45123719,330627168,5101310720.0,2.215587,1,-3.5421,0
2015-01-09,sh.600000,7.1637448,7.65860875,7.12132789,7.27214357,7.18730975,491999936,7692348672.0,3.296973,1,1.1803,0
2015-01-12,sh.600000,7.3051345,7.40410729,7.04592005,7.17317078,7.27214357,367787264,5625726976.0,2.464603,1,-1.361,0
2015-01-13,sh.600000,7.13075387,7.26271759,7.1166149,7.15431882,7.17317078,178404956,2712026688.0,1.195521,1,-0.2628,0
2015-01-14,sh.600000,7.21558769,7.44181121,7.21558769,7.30042151,7.15431882,309018848,4812472320.0,2.070786,1,2.0422,0
2015-01-15,sh.600000,7.30042151,7.61147885,7.25329161,7.59733988,7.30042151,329826848,5216166912.0,2.210224,1,4.0671,0
2015-01-16,sh.600000,7.65389576,7.89425825,7.61619184,7.76229453,7.59733988,480245888,7938757888.0,3.218207,1,2.1712,0
2015-01-19,sh.600000,7.24857862,7.41353327,6.98465118,6.98465118,7.76229453,623520880,9496942848.0,4.178317,1,-10.0182,0
2015-01-20,sh.600000,7.01292912,7.14960583,6.87153942,7.069485,6.98465118,479215744,7142638848.0,3.211304,1,1.2146,0
2015-01-21,sh.600000,7.1166149,7.47951513,6.97993819,7.41824626,7.069485,487540368,7489943296.0,3.267089,1,4.9333,0
2015-01-22,sh.600000,7.41353327,7.42767224,7.23443965,7.36640337,7.41824626,294738256,4592023040.0,1.97509,1,-0.6989,0
2015-01-23,sh.600000,7.41824626,7.55963596,7.32398646,7.36640337,7.36640337,320042992,5044685824.0,2.144661,1,0.0,0
2015-01-26,sh.600000,7.33341244,7.34755141,7.13075387,7.27214357,7.36640337,268566928,4122351616.0,1.799711,1,-1.2796,0
2015-01-27,sh.600000,7.27685656,7.27685656,6.95166025,7.07419799,7.27214357,351914016,5286301696.0,2.358234,1,-2.722,0
2015-01-28,sh.600000,6.98465118,7.12132789,6.90924334,6.97993819,7.07419799,242203054,3592645040.0,1.623043,1,-1.3324,0
2015-01-29,sh.600000,6.87153942,6.91866932,6.74900168,6.79613158,6.97993819,266968083,3864614160.0,1.788997,1,-2.6334,0
2015-01-30,sh.600000,6.87153942,6.92338231,6.76785364,6.81969653,6.79613158,207865327,3021747776.0,1.39294,1,0.3467,0
2015-02-02,sh.600000,6.62646394,6.72072374,6.59347301,6.61703796,6.81969653,211617677,2989272544.0,1.418085,1,-2.9717,0
2015-02-03,sh.600000,6.69715879,6.81498354,6.60761198,6.81027055,6.61703796,196263569,2792706736.0,1.315195,1,2.9202,0
2015-02-04,sh.600000,6.8338355,6.87625241,6.65474188,6.68301982,6.81027055,167896219,2421384720.0,1.1251,1,-1.8685,0
2015-02-05,sh.600000,6.95166025,6.9752252,6.67830683,6.68301982,6.68301982,394332688,5742890496.0,2.642489,1,0.0,0
2015-02-06,sh.600000,6.64060291,6.74900168,6.57462105,6.64060291,6.68301982,186547522,2637143936.0,1.250086,1,-0.6347,0
2015-02-09,sh.600000,6.62646394,6.72543673,6.52749115,6.67359384,6.64060291,224585511,3155932080.0,1.504985,1,0.4968,0
2015-02-10,sh.600000,6.66888085,6.82440952,6.63588992,6.80084457,6.67359384,183693513,2629916384.0,1.230961,1,1.9068,0
2015-02-11,sh.600000,6.80084457,6.85268746,6.74428869,6.79613158,6.80084457,124127097,1789572960.0,0.831796,1,-0.0693,0
2015-02-12,sh.600000,6.79613158,6.80084457,6.65002889,6.76314065,6.79613158,148954152,2121808304.0,0.998166,1,-0.4854,0
2015-02-13,sh.600000,6.8338355,6.91395633,6.76314065,6.80084457,6.76314065,208366810,3023274160.0,1.3963,1,0.5575,0
2015-02-16,sh.600000,6.80084457,6.81498354,6.72072374,6.7867056,6.80084457,139220024,1995677504.0,0.932936,1,-0.2079,0
2015-02-17,sh.600000,6.79613158,6.87153942,6.79141859,6.81969653,6.7867056,120665263,1747213088.0,0.808598,1,0.4861,0
2015-02-25,sh.600000,6.82440952,6.8338355,6.68301982,6.73014972,6.81969653,140932583,2025174384.0,0.944413,1,-1.3131,0
2015-02-26,sh.600000,6.71601075,6.91866932,6.65002889,6.89039138,6.73014972,215013978,3104052160.0,1.440844,1,2.381,0
2015-02-27,sh.600000,6.8809654,6.9752252,6.82440952,6.84797447,6.89039138,195606870,2861206464.0,1.310794,1,-0.6156,0
2015-03-02,sh.600000,6.87153942,6.87153942,6.76785364,6.82440952,6.84797447,218763276,3159377728.0,1.465969,1,-0.3441,0
2015-03-03,sh.600000,6.80555756,6.80555756,6.58876002,6.598186,6.82440952,266372415,3766071232.0,1.785006,1,-3.3149,0
2015-03-04,sh.600000,6.62175095,6.63117693,6.52749115,6.55576909,6.598186,156595995,2183814576.0,1.049376,1,-0.6429,0
2015-03-05,sh.600000,6.52277816,6.52277816,6.36724949,6.40024042,6.55576909,226504580,3090569664.0,1.517845,1,-2.3724,0
2015-03-06,sh.600000,6.40024042,6.49450022,6.38138846,6.42380537,6.40024042,128036367,1750570352.0,0.857993,1,0.3682,0
2015-03-09,sh.600000,6.50863919,6.9280953,6.41437939,6.83854849,6.42380537,434801472,6170955264.0,2.913677,1,6.4563,0
2015-03-10,sh.600000,6.74900168,6.77256663,6.63117693,6.6453159,6.83854849,254844764,3623305552.0,1.707757,1,-2.8256,0
2015-03-11,sh.600000,6.67830683,6.86211344,6.67830683,6.71601075,6.6453159,215069722,3087509376.0,1.441218,1,1.0638,0
2015-03-12,sh.600000,6.90453035,7.33341244,6.87153942,7.12604088,6.71601075,632781872,9512030464.0,4.240376,1,6.1053,0
2015-03-13,sh.600000,7.15903181,7.4465242,7.10718892,7.20616171,7.12604088,440178384,6789040896.0,2.949708,1,1.1243,0
2015-03-16,sh.600000,7.33341244,7.35697739,7.1637448,7.29099553,7.20616171,316116672,4867224320.0,2.11835,1,1.1772,0
2015-03-17,sh.600000,7.3522644,7.38996832,7.23915264,7.32398646,7.29099553,309677648,4797833472.0,2.075201,1,0.4525,0
2015-03-18,sh.600000,7.33812543,7.48422812,7.27214357,7.48422812,7.32398646,354655136,5558613504.0,2.376603,1,2.1879,0
2015-03-19,sh.600000,7.48422812,7.48894111,7.34283842,7.37111636,7.48422812,316770912,4978776064.0,2.122734,1,-1.5113,0
2015-03-20,sh.600000,7.36169038,7.58320091,7.24386563,7.42295925,7.37111636,456531216,7180731392.0,3.059291,1,0.7033,0
2015-03-23,sh.600000,7.45595018,7.55963596,7.43238523,7.49836709,7.42295925,357592736,5692415744.0,2.396288,1,1.0159,0
2015-03-24,sh.600000,7.48894111,7.540784,7.3522644,7.39468131,7.49836709,324657536,5114146816.0,2.175584,1,-1.3828,0
2015-03-25,sh.600000,7.3522644,7.40882028,7.14017985,7.18259676,7.39468131,331730336,5108990976.0,2.22298,1,-2.8681,0
2015-03-26,sh.600000,7.14017985,7.34283842,7.08833696,7.23915264,7.18259676,282340720,4326755840.0,1.892012,1,0.7874,0
2015-03-27,sh.600000,7.22030068,7.32869945,7.14960583,7.23915264,7.23915264,218174978,3350088368.0,1.462027,1,0.0,0
2015-03-30,sh.600000,7.32869945,7.6350438,7.27685656,7.55020998,7.23915264,487442656,7735007488.0,3.266434,1,4.2969,0
2015-03-31,sh.600000,7.76700752,7.81413742,7.41824626,7.44181121,7.55020998,494049248,7990395392.0,3.310706,1,-1.4357,0
2015-04-01,sh.600000,7.44181121,7.60676586,7.42295925,7.51721905,7.44181121,305878384,4868332032.0,2.049742,1,1.0133,0
2015-04-02,sh.600000,7.6821737,7.71987762,7.47951513,7.62561782,7.51721905,410087648,6611462400.0,2.748065,1,1.442,0
2015-04-03,sh.600000,7.540784,7.67746071,7.50779307,7.6350438,7.62561782,320361504,5171219200.0,2.146795,1,0.1236,0
2015-04-07,sh.600000,7.7764335,7.95081413,7.75286855,7.87540629,7.6350438,502260208,8372655104.0,3.365729,1,3.1481,0
2015-04-08,sh.600000,7.88483227,8.03093496,7.75286855,8.02150898,7.87540629,514816368,8633478144.0,3.44987,1,1.8552,0
2015-04-09,sh.600000,8.03564795,8.23830652,7.9178232,7.95081413,8.02150898,497335456,8497436160.0,3.332727,1,-0.8813,0
2015-04-10,sh.600000,7.94610114,8.28072343,7.89897124,8.26187147,7.95081413,451543440,7772119552.0,3.025867,1,3.9123,0
2015-04-13,sh.600000,8.47866901,8.70960552,8.30428838,8.49752097,8.26187147,581406592,10470524416.0,3.896102,1,2.8523,0
2015-04-14,sh.600000,8.49752097,8.50223396,8.27601044,8.43153911,8.49752097,372837056,6640484608.0,2.498443,1,-0.7765,0
2015-04-15,sh.600000,8.3891222,8.69546655,8.34670529,8.46453004,8.43153911,449643904,8170773760.0,3.013138,1,0.3913,0
2015-04-16,sh.600000,8.46924303,8.79915233,8.41268715,8.78972635,8.46453004,415984576,7577392896.0,2.787582,1,3.8419,0
2015-04-17,sh.600000,8.93111605,8.97824595,8.70489253,8.7661614,8.78972635,490159328,9167362816.0,3.284639,1,-0.2681,0
2015-04-20,sh.600000,8.82271728,8.82271728,8.2948624,8.4362521,8.7661614,572435808,10446728448.0,3.835987,1,-3.7634,0
2015-04-21,sh.600000,8.36555725,8.57292881,8.36555725,8.55878984,8.4362521,368194688,6615540736.0,2.467334,1,1.4525,0
2015-04-22,sh.600000,8.6247717,8.74259645,8.52108592,8.7190315,8.55878984,420766736,7712130816.0,2.819628,1,1.8722,0
2015-04-23,sh.600000,8.7190315,8.78501336,8.53522489,8.58706778,8.7190315,363593632,6675542016.0,2.436501,1,-1.5135,0
2015-04-24,sh.600000,8.3891222,8.49752097,8.22888054,8.33256632,8.58706778,422927104,7509013248.0,2.834105,1,-2.9638,0
2015-04-27,sh.600000,8.35141828,8.60120675,8.35141828,8.56350283,8.33256632,384541408,6942247936.0,2.576876,1,2.7715,0
2015-04-28,sh.600000,8.59649376,8.954681,8.483382,8.6247717,8.56350283,600053984,11100683776.0,4.021061,1,0.7155,0
2015-04-29,sh.600000,8.61063273,8.79443934,8.51165994,8.73317047,8.6247717,358393728,6591915008.0,2.401656,1,1.2568,0
2015-04-30,sh.600000,8.61534572,8.70017954,8.50694695,8.51637293,8.73317047,412760528,7523663360.0,2.765977,1,-2.4825,0
2015-05-04,sh.600000,8.483382,8.483382,8.2948624,8.39383519,8.51637293,258064565,4597698816.0,1.729333,1,-1.4389,0
2015-05-05,sh.600000,8.35613127,8.36555725,7.94138815,8.04978692,8.39383519,375386432,6483576064.0,2.515527,1,-4.0988,0
2015-05-06,sh.600000,8.04978692,8.25244549,7.99794403,8.04036094,8.04978692,303607872,5225100288.0,2.034527,1,-0.1171,0
2015-05-07,sh.600000,8.02622197,8.14404672,8.00265702,8.04507393,8.04036094,214390703,3674226160.0,1.436668,1,0.0586,0
2015-05-08,sh.600000,8.10162981,8.1534727,7.92724918,8.06392589,8.04507393,184560000,3151167760.0,1.236767,1,0.2343,0
2015-05-11,sh.600000,8.00265702,8.15818569,7.91311021,8.13933373,8.06392589,277153424,4711900672.0,1.857251,1,0.9351,0
2015-05-12,sh.600000,8.12990775,8.2006026,8.03093496,8.12519476,8.13933373,219176341,3768388800.0,1.468737,1,-0.1737,0
2015-05-13,sh.600000,8.16761167,8.19588961,7.9649531,8.04507393,8.12519476,245244498,4198950112.0,1.643424,1,-0.9861,0
2015-05-14,sh.600000,8.0592129,8.12990775,7.98380506,8.00737001,8.04507393,192361949,3283133216.0,1.289049,1,-0.4687,0
2015-05-15,sh.600000,7.96966609,8.04507393,7.81885041,7.90839722,8.00737001,209597267,3526291456.0,1.404546,1,-1.236,0
2015-05-18,sh.600000,7.83298938,7.89897124,7.70102566,7.71987762,7.90839722,187555204,3106379584.0,1.256838,1,-2.3838,0
2015-05-19,sh.600000,7.71516463,8.05449991,7.70573865,8.03093496,7.71987762,242251271,4080429264.0,1.623366,1,4.0293,0
2015-05-20,sh.600000,8.03093496,8.24301951,7.99794403,8.08277785,8.03093496,265675717,4567803904.0,1.780337,1,0.6455,0
2015-05-21,sh.600000,8.12990775,8.2006026,8.0592129,8.16289868,8.08277785,166403483,2873100256.0,1.115097,1,0.9913,0
2015-05-22,sh.600000,8.22888054,8.38440921,8.17232466,8.37027024,8.16289868,248087543,4379120128.0,1.662476,1,2.5404,0
2015-05-25,sh.600000,8.41268715,8.56821582,8.40797416,8.54936386,8.37027024,273874768,4942206976.0,1.83528,1,2.1396,0
2015-05-26,sh.600000,8.58706778,8.69546655,8.44096509,8.66718861,8.54936386,301665296,5504873472.0,2.021509,1,1.3782,0
2015-05-27,sh.600000,8.69075356,8.78972635,8.50694695,8.51637293,8.66718861,296942304,5444651008.0,1.98986,1,-1.7401,0
2015-05-28,sh.600000,8.5305119,8.54936386,8.01679599,8.03093496,8.51637293,334032208,5908534784.0,2.238405,1,-5.7,0
2015-05-29,sh.600000,8.04978692,8.17703765,7.87540629,8.03093496,8.03093496,256087315,4370819072.0,1.716083,1,0.0,0
2015-06-01,sh.600000,8.03093496,8.52108592,7.94610114,8.45039107,8.03093496,286379248,5015007488.0,1.919075,1,5.223,0
2015-06-02,sh.600000,8.45039107,8.46924303,8.2477325,8.40797416,8.45039107,224935535,4001574464.0,1.50733,1,-0.502,0
2015-06-03,sh.600000,8.43153911,8.50694695,8.26658446,8.4362521,8.40797416,244139688,4338757632.0,1.63602,1,0.3363,0
2015-06-04,sh.600000,8.483382,8.8604212,8.28543642,8.78030037,8.4362521,471864928,8635099392.0,3.162045,1,4.0782,0
2015-06-05,sh.600000,8.954681,9.03480183,8.49280798,8.68604057,8.78030037,362420160,6742853888.0,2.428637,1,-1.0735,0
2015-06-08,sh.600000,8.68604057,8.68604057,8.68604057,8.68604057,8.68604057,0,0.0,,0,0.0,0
2015-06-09,sh.600000,8.68604057,8.68604057,8.68604057,8.68604057,8.68604057,0,0.0,,0,0.0,0
2015-06-10,sh.600000,8.68604057,8.68604057,8.68604057,8.68604057,8.68604057,0,0.0,,0,0.0,0
2015-06-11,sh.600000,8.68604057,8.68604057,8.68604057,8.68604057,8.68604057,0,0.0,,0,0.0,0
2015-06-12,sh.600000,8.68604057,8.68604057,8.68604057,8.68604057,8.68604057,0,0.0,,0,0.0,0
2015-06-15,sh.600000,8.68604057,8.68604057,8.68604057,8.68604057,8.68604057,0,0.0,,0,0.0,0
2015-06-16,sh.600000,8.68604057,8.68604057,8.68604057,8.68604057,8.68604057,0,0.0,,0,0.0,0
2015-06-17,sh.600000,8.71431851,8.94525502,8.45981705,8.5776418,8.68604057,513118656,9419105792.0,3.438493,1,-1.248,0
2015-06-18,sh.600000,8.52579891,8.60120675,8.31371436,8.35141828,8.5776418,278296736,4980064768.0,1.864912,1,-2.6374,0
2015-06-19,sh.600000,8.28543642,8.45981705,7.93667516,8.04507393,8.35141828,278090224,4894778624.0,1.863529,1,-3.6682,0
2015-06-23,sh.600000,8.114127,8.4298134,8.0105424,8.3952852,8.0450706,297748896,4966949376.0,1.995265,1,4.3532,0
2015-06-24,sh.600000,8.4002178,8.533398,8.1782508,8.508735,8.3952852,257825317,4364353280.0,1.72773,1,1.3513,0
2015-06-25,sh.600000,8.681376,8.7504324,8.212779,8.2423746,8.508735,271649040,4704733184.0,1.820365,1,-3.1304,0
2015-06-26,sh.600000,8.1042618,8.4248808,7.5616758,7.818171,8.2423746,361776736,5893832448.0,2.424326,1,-5.1466,0
2015-06-29,sh.600000,8.040138,8.1535878,7.3051806,7.8477666,7.818171,420675696,6723070976.0,2.819017,1,0.3785,0
2015-06-30,sh.600000,7.8576318,8.3755548,7.8477666,8.3656896,7.8477666,375411264,6204981760.0,2.515693,1,6.5996,0
2015-07-01,sh.600000,8.2917006,8.3508918,7.990812,8.0500032,8.3656896,250555997,4180149248.0,1.679017,1,-3.7736,0
2015-07-02,sh.600000,8.13879,8.3015658,7.7984406,8.0746662,8.0500032,322264864,5297602304.0,2.15955,1,0.3064,0
2015-07-03,sh.600000,8.0845314,8.2078464,7.448226,7.8280362,8.0746662,312701072,5041250048.0,2.095462,1,-3.0544,0
2015-07-06,sh.600000,8.582724,8.6123196,8.2029138,8.4939372,7.8280362,659421888,11195523072.0,4.418895,1,8.5066,0
2015-07-07,sh.600000,8.3558244,8.7898932,8.1190596,8.6665782,8.4939372,713763504,12379048448.0,4.783047,1,2.0325,0
2015-07-08,sh.600000,7.990812,8.63205,7.7984406,7.867497,8.6665782,837950416,13833635584.0,5.615244,1,-9.2203,0
2015-07-09,sh.600000,7.867497,8.582724,7.5863388,8.360757,7.867497,545237280,8927542016.0,3.653725,1,6.2696,0
2015-07-10,sh.600000,8.2670376,8.952669,8.212779,8.5235328,8.360757,647768576,11376342784.0,4.340804,1,1.9469,0
2015-07-13,sh.600000,8.3804874,8.6221848,8.2917006,8.4051504,8.5235328,372594656,6364720128.0,2.496818,1,-1.3889,0
2015-07-14,sh.600000,8.2769028,8.3755548,8.0697336,8.262105,8.4051504,305725808,5111292928.0,2.048719,1,-1.7019,0
2015-07-15,sh.600000,8.237442,8.4495438,8.1437226,8.4199482,8.262105,348253552,5845359104.0,2.333705,1,1.9104,0
2015-07-16,sh.600000,8.4199482,8.4446112,8.2423746,8.3656896,8.4199482,181402598,3069471168.0,1.215609,1,-0.6444,0
2015-07-17,sh.600000,8.4002178,8.4791394,8.3262288,8.3952852,8.3656896,195927578,3336786144.0,1.312943,1,0.3538,0
2015-07-20,sh.600000,8.38542,8.4002178,8.212779,8.2275768,8.3952852,172918155,2908824608.0,1.158753,1,-1.9977,0
2015-07-21,sh.600000,8.1782508,8.2473072,8.040138,8.0795988,8.2275768,156268261,2572676432.0,1.047179,1,-1.7986,0
2015-07-22,sh.600000,8.0549358,8.0795988,7.966149,7.9710816,8.0795988,120352700,1956978864.0,0.806503,1,-1.3431,0
2015-07-23,sh.600000,8.0105424,8.1437226,7.9809468,8.1042618,7.9710816,114525468,1878869152.0,0.767454,1,1.6708,0
2015-07-24,sh.600000,8.1042618,8.1338574,7.9562838,7.9612164,8.1042618,123609179,2016987552.0,0.828326,1,-1.7651,0
2015-07-27,sh.600000,7.89216,7.941486,7.3199784,7.3545066,7.9612164,225091581,3515372640.0,1.508376,1,-7.6208,0
2015-07-28,sh.600000,7.2410568,7.596204,7.2114612,7.5172824,7.3545066,246095094,3717225984.0,1.649124,1,2.2133,0
2015-07-29,sh.600000,7.5074172,7.546878,7.4580912,7.5419454,7.5172824,135858697,2063868112.0,0.910412,1,0.3281,0
2015-07-30,sh.600000,7.5419454,7.5764736,7.3397088,7.349574,7.5419454,118921723,1807407776.0,0.796914,1,-2.5507,0
2015-07-31,sh.600000,7.3841022,7.4778216,7.226259,7.4334282,7.349574,234941266,3516273904.0,1.57438,1,1.1409,0
2015-08-03,sh.600000,7.3939674,7.694856,7.3298436,7.670193,7.4334282,212367132,3246435568.0,1.423107,1,3.1851,0
2015-08-04,sh.600000,7.6356648,7.7293842,7.5863388,7.7047212,7.670193,85154364,1320992960.0,0.570633,1,0.4502,0
2015-08-05,sh.600000,7.694856,7.7145864,7.5320802,7.5518106,7.7047212,58185882,899150928.0,0.389913,1,-1.9846,0
2015-08-06,sh.600000,7.4778216,7.6800582,7.4679564,7.5863388,7.5518106,65377995,1007550208.0,0.438109,1,0.4572,0
2015-08-07,sh.600000,7.6849908,7.7145864,7.5912714,7.6307322,7.5863388,65302258,1014250624.0,0.437601,1,0.5852,0
2015-08-10,sh.600000,7.620867,7.8231036,7.571541,7.7836428,7.6307322,116938205,1823776976.0,0.783622,1,2.0039,0
2015-08-11,sh.600000,7.744182,7.768845,7.6504626,7.6800582,7.7836428,105104123,1642256848.0,0.70432,1,-1.3308,0
2015-08-12,sh.600000,7.596204,7.694856,7.5863388,7.5912714,7.6800582,79184358,1225370352.0,0.530627,1,-1.1561,0
2015-08-13,sh.600000,7.6307322,7.6751256,7.5419454,7.620867,7.5912714,74034209,1141661424.0,0.496115,1,0.3899,0
2015-08-14,sh.600000,7.6307322,7.6652604,7.5814062,7.6405974,7.620867,66356010,1025758704.0,0.444663,1,0.2589,0
2015-08-17,sh.600000,7.6011366,7.6011366,7.5074172,7.5567432,7.6405974,120892083,1851641792.0,0.810118,1,-1.0975,0
2015-08-18,sh.600000,7.571541,7.6553952,7.3150458,7.3347762,7.5567432,198445221,3032249664.0,1.329814,1,-2.9373,0
2015-08-19,sh.600000,7.3347762,7.4827542,7.15227,7.3989,7.3347762,199062097,2952584752.0,1.333948,1,0.8742,0
2015-08-20,sh.600000,7.3693044,7.3939674,7.2311916,7.2410568,7.3989,88124782,1309322544.0,0.590539,1,-2.1333,0
2015-08-21,sh.600000,7.2065286,7.2706524,7.004292,7.0141572,7.2410568,123792817,1794884640.0,0.829556,1,-3.1335,0
2015-08-24,sh.600000,6.8711118,6.880977,6.313728,6.3482562,7.0141572,334859424,4407389440.0,2.243948,1,-9.4937,0
2015-08-25,sh.600000,6.1854804,6.4518408,5.8747266,6.1114914,6.3482562,289470688,3659079616.0,1.939791,1,-3.7296,0
2015-08-26,sh.600000,6.239739,6.585021,6.116424,6.4222452,6.1114914,235214588,3028238688.0,1.576212,1,5.0847,0
2015-08-27,sh.600000,6.4913016,6.9500334,6.4025148,6.8957748,6.4222452,212008806,2835655232.0,1.420706,1,7.3733,0
2015-08-28,sh.600000,6.954966,7.0634832,6.831651,7.0240224,6.8957748,208950955,2942159408.0,1.400215,1,1.8598,0
2015-08-31,sh.600000,7.004292,7.3890348,6.8859096,7.3791696,7.0240224,202628515,2902670624.0,1.357847,1,5.0562,0
2015-09-01,sh.600000,7.2311916,7.5666084,7.1078766,7.5616758,7.3791696,304904688,4572547328.0,2.043217,1,2.4733,0
2015-09-02,sh.600000,7.349574,7.5814062,7.2607872,7.3446414,7.5616758,255045273,3831534736.0,1.709101,1,-2.8702,0
2015-09-07,sh.600000,7.2657198,7.4038326,6.9845616,7.15227,7.3446414,287948624,4206785568.0,1.929591,1,-2.6192,0
2015-09-08,sh.600000,7.1621352,7.4778216,7.0141572,7.4284956,7.15227,330814192,4893450752.0,2.216841,1,3.8621,0
2015-09-09,sh.600000,7.3545066,7.5320802,7.3545066,7.4778216,7.4284956,241917533,3653652176.0,1.621129,1,0.664,0
2015-09-10,sh.600000,7.4284956,7.5320802,7.3791696,7.522215,7.4778216,205749026,3113080976.0,1.378758,1,0.5937,0
2015-09-11,sh.600000,7.571541,7.7244516,7.546878,7.6751256,7.522215,288708560,4469128192.0,1.934684,1,2.0328,0
2015-09-14,sh.600000,7.64553,7.867497,7.3643718,7.8576318,7.6751256,183936607,2836987904.0,1.23259,1,2.3779,0
2015-09-15,sh.600000,7.6603278,7.670193,7.5172824,7.6257996,7.8576318,107602458,1658227600.0,0.721062,1,-2.9504,0
2015-09-16,sh.600000,7.5518106,7.793508,7.4136978,7.6110018,7.6257996,74128982,1135218752.0,0.496751,1,-0.194,0
2015-09-17,sh.600000,7.5666084,7.6257996,7.448226,7.4531586,7.6110018,50848655,778452704.0,0.340745,1,-2.0739,0
2015-09-18,sh.600000,7.4778216,7.5419454,7.4087652,7.4136978,7.4531586,40899248,619915760.0,0.274073,1,-0.5295,0
2015-09-21,sh.600000,7.3791696,7.4383608,7.3199784,7.3841022,7.4136978,40488316,604842000.0,0.271319,1,-0.3992,0
2015-09-22,sh.600000,7.3841022,7.5123498,7.3841022,7.423563,7.3841022,38673835,584644944.0,0.25916,1,0.5344,0
2015-09-23,sh.600000,7.3545066,7.3989,7.2410568,7.374237,7.423563,54580634,810914240.0,0.365754,1,-0.6645,0
2015-09-24,sh.600000,7.374237,7.546878,7.3347762,7.5320802,7.374237,78862572,1192962816.0,0.528471,1,2.1405,0
2015-09-25,sh.600000,7.472889,7.7047212,7.472889,7.6899234,7.5320802,136070895,2096781872.0,0.911834,1,2.0956,0
2015-09-28,sh.600000,7.670193,7.8724296,7.6060692,7.8526992,7.6899234,91425816,1436492496.0,0.61266,1,2.1167,0
2015-09-29,sh.600000,7.7885754,7.8872274,7.7293842,7.8773622,7.8526992,114190253,1807681568.0,0.765208,1,0.3141,0
2015-09-30,sh.600000,7.867497,8.212779,7.842834,8.2029138,7.8773622,211038123,3452096800.0,1.414201,1,4.1327,0
2015-10-08,sh.600000,8.286768,8.286768,7.8083058,7.8280362,8.2029138,140057148,2277284656.0,0.938546,1,-4.5701,0
2015-10-09,sh.600000,7.8773622,7.966149,7.818171,7.842834,7.8280362,41525835,663144752.0,0.278271,1,0.189,0
2015-10-12,sh.600000,7.842834,8.015475,7.7589798,7.9217556,7.842834,93633306,1497165792.0,0.627452,1,1.0063,0
2015-10-13,sh.600000,7.8822948,7.9464186,7.818171,7.8773622,7.9217556,54698799,873290848.0,0.366546,1,-0.5604,0
2015-10-14,sh.600000,7.7984406,7.9365534,7.7984406,7.842834,7.8773622,44297812,706211872.0,0.237478,1,-0.4383,0
2015-10-15,sh.600000,7.842834,7.842834,7.842834,7.842834,7.842834,0,0.0,,0,0.0,0
2015-10-16,sh.600000,7.842834,7.842834,7.842834,7.842834,7.842834,0,0.0,,0,0.0,0
2015-10-19,sh.600000,7.842834,7.842834,7.842834,7.842834,7.842834,0,0.0,,0,0.0,0
2015-10-20,sh.600000,7.842834,7.842834,7.842834,7.842834,7.842834,0,0.0,,0,0.0,0
2015-10-21,sh.600000,7.842834,7.842834,7.842834,7.842834,7.842834,0,0.0,,0,0.0,0
2015-10-22,sh.600000,7.842834,7.842834,7.842834,7.842834,7.842834,0,0.0,,0,0.0,0
2015-10-23,sh.600000,7.842834,7.842834,7.842834,7.842834,7.842834,0,0.0,,0,0.0,0
2015-10-26,sh.600000,7.9069578,8.1733182,7.9069578,8.0302728,7.842834,101041055,1648965008.0,0.541674,1,2.3899,0
2015-10-27,sh.600000,8.0056098,8.114127,7.966149,8.0500032,8.0302728,74933996,1223267248.0,0.401716,1,0.2457,0
2015-10-28,sh.600000,8.0204076,8.1585204,7.9365534,8.0450706,8.0500032,74226285,1217460768.0,0.397922,1,-0.0613,0
2015-10-29,sh.600000,8.040138,8.2029138,8.0056098,8.1831834,8.0450706,75760565,1251114544.0,0.406147,1,1.7167,0
2015-10-30,sh.600000,8.13879,8.2275768,8.0795988,8.0845314,8.1831834,45465414,750144864.0,0.243737,1,-1.2056,0
2015-11-02,sh.600000,8.040138,8.1486552,8.0006772,8.0943966,8.0845314,38122791,625014480.0,0.204374,1,0.122,0
2015-11-03,sh.600000,8.089464,8.2719702,8.0746662,8.1190596,8.0943966,60485065,1005503936.0,0.324256,1,0.3047,0
2015-11-04,sh.600000,8.1042618,8.3459592,8.1042618,8.3064984,8.1190596,65053992,1086409872.0,0.34875,1,2.3086,0
2015-11-05,sh.600000,8.311431,8.9132082,8.262105,8.7356346,8.3064984,231799691,4077390384.0,1.242662,1,5.1663,0
2015-11-06,sh.600000,8.6419152,8.9674668,8.6369826,8.8194888,8.7356346,127594225,2277276144.0,0.684024,1,0.9599,0
2015-11-09,sh.600000,8.8392192,9.4656594,8.8194888,8.952669,8.8194888,157820058,2925510320.0,0.846063,1,1.5101,0
2015-11-10,sh.600000,8.87868,9.2190294,8.7898932,9.0611862,8.952669,140427138,2575229760.0,0.75282,1,1.2121,0
2015-11-11,sh.600000,9.0809166,9.1203774,8.63205,8.7454998,9.0611862,92130221,1643831040.0,0.493904,1,-3.4839,0
2015-11-12,sh.600000,8.780028,8.7948258,8.459409,8.5629936,8.7454998,77790159,1353612960.0,0.417028,1,-2.0869,0
2015-11-13,sh.600000,8.484072,8.681376,8.459409,8.6715108,8.5629936,73433156,1283306208.0,0.39367,1,1.2673,0
2015-11-16,sh.600000,8.5531284,8.6715108,8.484072,8.5925892,8.6715108,45144666,785563824.0,0.242018,1,-0.9101,0
2015-11-17,sh.600000,8.6123196,8.7849606,8.5925892,8.6024544,8.5925892,63539278,1119712544.0,0.34063,1,0.1148,0
2015-11-18,sh.600000,8.6172522,8.7208368,8.5038024,8.5777914,8.6024544,57584578,1003785440.0,0.308707,1,-0.2867,0
2015-11-19,sh.600000,8.533398,8.8737474,8.533398,8.829354,8.5777914,102543449,1821483168.0,0.549729,1,2.9327,0
2015-11-20,sh.600000,8.7849606,9.1894338,8.7701628,9.1105122,8.829354,148206210,2733449296.0,0.794523,1,3.1844,0
2015-11-23,sh.600000,9.1302426,9.4360638,9.0957144,9.4015356,9.1105122,171203791,3235638656.0,0.917812,1,3.1944,0
2015-11-24,sh.600000,9.322614,9.4311312,9.1697034,9.396603,9.4015356,129389144,2437634480.0,0.693646,1,-0.0525,0
2015-11-25,sh.600000,9.322614,9.7073568,9.0957144,9.7024242,9.396603,326524784,6295983616.0,1.750477,1,3.2546,0
2015-11-26,sh.600000,9.61857,9.717222,9.470592,9.5544462,9.7024242,214944239,4187889904.0,1.152302,1,-1.5252,0
2015-11-27,sh.600000,9.4508616,9.5791092,9.075984,9.1401078,9.5544462,105608733,1999981232.0,0.566161,1,-4.3366,0
2015-11-30,sh.600000,9.0957144,9.2782206,8.681376,9.199299,9.1401078,97633827,1779188256.0,0.523408,1,0.6476,0
2015-12-01,sh.600000,9.051321,9.37194,8.9181408,9.2042316,9.199299,63430576,1179526368.0,0.340047,1,0.0536,0
2015-12-02,sh.600000,9.1302426,9.8652,9.1154448,9.791211,9.2042316,153608076,2972238976.0,0.823483,1,6.3773,0
2015-12-03,sh.600000,9.717222,9.7517502,9.4804572,9.495255,9.791211,110346329,2147606960.0,0.591559,1,-3.0227,0
2015-12-04,sh.600000,9.5051202,9.5051202,9.2190294,9.2288946,9.495255,70275848,1331588240.0,0.376744,1,-2.8052,0
2015-12-07,sh.600000,9.2288946,9.61857,9.2288946,9.593907,9.2288946,83346816,1592198368.0,0.446817,1,3.9551,0
2015-12-08,sh.600000,9.5100528,9.9243912,9.2782206,9.914526,9.593907,239884949,4764109312.0,1.286007,1,3.3419,0
2015-12-09,sh.600000,9.6580308,9.6580308,9.4261986,9.4853898,9.914526,92049465,1776578416.0,0.493471,1,-4.3284,0
2015-12-10,sh.600000,9.5396484,9.8060088,9.4261986,9.5051202,9.4853898,57091310,1108934592.0,0.306063,1,0.208,0
2015-12-11,sh.600000,9.3768726,9.4804572,9.0907818,9.174636,9.5051202,87066826,1630390304.0,0.466759,1,-3.4769,0
2015-12-14,sh.600000,9.0315906,9.1894338,8.8934778,9.100647,9.174636,70736958,1290712912.0,0.379216,1,-0.8064,0
2015-12-15,sh.600000,9.0957144,9.2831532,8.9625342,9.0315906,9.100647,51685772,950672912.0,0.277084,1,-0.7588,0
2015-12-16,sh.600000,9.0562536,9.100647,8.9329386,8.9674668,9.0315906,38700640,705621168.0,0.207472,1,-0.71,0
2015-12-17,sh.600000,9.0069276,9.1795686,8.977332,9.1203774,8.9674668,53304071,983362560.0,0.28576,1,1.7052,0
2015-12-18,sh.600000,9.1203774,9.766548,9.0907818,9.2782206,9.1203774,92211924,1753311888.0,0.494342,1,1.7307,0
2015-12-21,sh.600000,9.2683554,9.569244,9.1450404,9.4409964,9.2782206,82490082,1567681248.0,0.442224,1,1.7544,0
2015-12-22,sh.600000,9.3768726,9.5149854,9.2584902,9.322614,9.4409964,53122744,1006796480.0,0.284787,1,-1.2539,0
2015-12-23,sh.600000,9.3275466,9.4360638,9.1795686,9.3127488,9.322614,66128171,1249610544.0,0.354509,1,-0.1058,0
2015-12-24,sh.600000,9.297951,9.4409964,9.2091642,9.3916704,9.3127488,57171554,1083459056.0,0.306493,1,0.8475,0
2015-12-25,sh.600000,9.3818052,9.6087048,9.3374118,9.5297832,9.3916704,55427897,1069153872.0,0.297145,1,1.4706,0
2015-12-28,sh.600000,9.5544462,9.5840418,9.1845012,9.223962,9.5297832,49980698,945164688.0,0.267943,1,-3.2091,0
2015-12-29,sh.600000,9.1894338,9.3324792,9.0710514,9.2436924,9.223962,47288465,883333856.0,0.25351,1,0.2139,0
2015-12-30,sh.600000,9.2288946,9.2634228,9.0315906,9.1598382,9.2436924,35687385,660326976.0,0.191318,1,-0.9072,0
2015-12-31,sh.600000,9.1351752,9.1351752,9.0069276,9.0118602,9.1598382,27936138,513758896.0,0.149764,1,-1.6155,0
2016-01-04,sh.600000,9.0167928,9.0167928,8.656713,8.780028,9.0118602,42240610,754425776.0,0.226449,1,-2.5725,0
2016-01-05,sh.600000,8.6369826,8.9082756,8.582724,8.8589496,8.780028,58054793,1034181472.0,0.311228,1,0.8989,0
2016-01-06,sh.600000,8.829354,8.9477364,8.7257694,8.928006,8.8589496,46772653,838667392.0,0.250745,1,0.7795,0
2016-01-07,sh.600000,8.780028,8.829354,8.582724,8.6369826,8.928006,11350479,199502702.0,0.060849,1,-3.2597,0
2016-01-08,sh.600000,8.7504324,8.8194888,8.3410266,8.6271174,8.6369826,71918296,1262105056.0,0.385549,1,-0.1142,0
2016-01-11,sh.600000,8.4890046,8.607387,8.3656896,8.410083,8.6271174,90177135,1550155936.0,0.483434,1,-2.5157,0
2016-01-12,sh.600000,8.4692742,8.6419152,8.4248808,8.607387,8.410083,55374454,964061504.0,0.296859,1,2.3461,0
2016-01-13,sh.600000,8.6665782,8.829354,8.558061,8.5777914,8.607387,47869312,843717360.0,0.256624,1,-0.3438,0
2016-01-14,sh.600000,8.38542,8.8737474,8.3311614,8.8392192,8.5777914,54838833,966117856.0,0.293987,1,3.0477,0
2016-01-15,sh.600000,8.780028,8.952669,8.6419152,8.6715108,8.8392192,46723139,836146432.0,0.25048,1,-1.8973,0
2016-01-18,sh.600000,8.5975218,8.8737474,8.5432632,8.7208368,8.6715108,32729006,583291552.0,0.175458,1,0.5688,0
2016-01-19,sh.600000,8.7701628,8.8194888,8.63205,8.7652302,8.7208368,29807159,527753168.0,0.159794,1,0.5091,0
2016-01-20,sh.600000,8.6863086,8.730702,8.4248808,8.508735,8.7652302,35968636,623546928.0,0.192825,1,-2.9263,0
2016-01-21,sh.600000,8.4939372,8.6123196,8.13879,8.1782508,8.508735,34197115,582845472.0,0.183328,1,-3.8841,0
2016-01-22,sh.600000,8.3064984,8.4396786,8.1338574,8.3952852,8.1782508,42007318,708179248.0,0.225198,1,2.6538,0
2016-01-25,sh.600000,8.38542,8.4692742,8.2473072,8.4002178,8.3952852,23558971,400445072.0,0.126298,1,0.0588,0
2016-01-26,sh.600000,8.3656896,8.4544764,8.089464,8.2177116,8.4002178,38279766,643611760.0,0.205215,1,-2.1726,0
2016-01-27,sh.600000,8.262105,8.3755548,8.1437226,8.2275768,8.2177116,44291307,742640736.0,0.237443,1,0.1201,0
2016-01-28,sh.600000,8.2670376,8.2966332,7.8329688,8.1782508,8.2275768,38902180,643984176.0,0.208552,1,-0.5995,0
2016-01-29,sh.600000,8.1486552,8.410083,8.0943966,8.336094,8.1782508,47429000,799493376.0,0.254264,1,1.93,0
2016-02-01,sh.600000,8.3804874,8.38542,8.0943966,8.13879,8.336094,29139596,485275136.0,0.156215,1,-2.3669,0
2016-02-02,sh.600000,8.13879,8.3558244,8.1190596,8.2670376,8.13879,25380981,425396896.0,0.136066,1,1.5758,0
2016-02-03,sh.600000,8.188116,8.2177116,8.114127,8.1930486,8.2670376,27779183,459255616.0,0.148922,1,-0.895,0
2016-02-04,sh.600000,8.3064984,8.5432632,8.2029138,8.533398,8.1930486,47162860,799283792.0,0.252837,1,4.1541,0
2016-02-05,sh.600000,8.5038024,9.0710514,8.459409,9.0661188,8.533398,78413454,1401156048.0,0.420369,1,6.2428,0
2016-02-15,sh.600000,8.8688148,9.1154448,8.780028,9.100647,9.0661188,67296317,1221398336.0,0.360771,1,0.3809,0
2016-02-16,sh.600000,9.100647,9.100647,9.100647,9.100647,9.100647,0,0.0,,0,0.0,0
2016-02-17,sh.600000,9.100647,9.100647,9.100647,9.100647,9.100647,0,0.0,,0,0.0,0
2016-02-18,sh.600000,9.100647,9.100647,9.100647,9.100647,9.100647,0,0.0,,0,0.0,0
2016-02-19,sh.600000,9.100647,9.100647,9.100647,9.100647,9.100647,0,0.0,,0,0.0,0
2016-02-22,sh.600000,9.100647,9.100647,9.100647,9.100647,9.100647,0,0.0,,0,0.0,0
2016-02-23,sh.600000,9.100647,9.100647,9.100647,9.100647,9.100647,0,0.0,,0,0.0,0
2016-02-24,sh.600000,9.100647,9.100647,9.100647,9.100647,9.100647,0,0.0,,0,0.0,0
2016-02-25,sh.600000,9.100647,9.100647,9.100647,9.100647,9.100647,0,0.0,,0,0.0,0
2016-02-26,sh.600000,9.100647,9.100647,9.100647,9.100647,9.100647,0,0.0,,0,0.0,0
2016-02-29,sh.600000,9.100647,9.100647,9.100647,9.100647,9.100647,0,0.0,,0,0.0,0
2016-03-01,sh.600000,9.100647,9.100647,9.100647,9.100647,9.100647,0,0.0,,0,0.0,0
2016-03-02,sh.600000,9.100647,9.100647,9.100647,9.100647,9.100647,0,0.0,,0,0.0,0
2016-03-03,sh.600000,9.100647,9.100647,9.100647,9.100647,9.100647,0,0.0,,0,0.0,0
2016-03-04,sh.600000,9.100647,9.100647,9.100647,9.100647,9.100647,0,0.0,,0,0.0,0
2016-03-07,sh.600000,9.100647,9.100647,9.100647,9.100647,9.100647,0,0.0,,0,0.0,0
2016-03-08,sh.600000,9.100647,9.100647,9.100647,9.100647,9.100647,0,0.0,,0,0.0,0
2016-03-09,sh.600000,9.100647,9.100647,9.100647,9.100647,9.100647,0,0.0,,0,0.0,0
2016-03-10,sh.600000,9.100647,9.100647,9.100647,9.100647,9.100647,0,0.0,,0,0.0,0
2016-03-11,sh.600000,8.6369826,8.6468478,8.1930486,8.3706222,9.100647,98240322,1657158640.0,0.52666,1,-8.0217,0
2016-03-14,sh.600000,8.3262288,8.6172522,8.2966332,8.3163636,8.3706222,56922239,973317376.0,0.305156,1,-0.6482,0
2016-03-15,sh.600000,8.360757,8.4791394,8.2917006,8.3952852,8.3163636,37540932,638223056.0,0.201254,1,0.949,0
2016-03-16,sh.600000,8.3459592,8.9132082,8.3410266,8.8934778,8.3952852,108404378,1924212608.0,0.581149,1,5.9342,0
2016-03-17,sh.600000,8.7849606,8.9723994,8.607387,8.730702,8.8934778,68635812,1219236352.0,0.367952,1,-1.8303,0
2016-03-18,sh.600000,8.7750954,8.87868,8.706039,8.7997584,8.730702,55987968,996332592.0,0.300148,1,0.791,0
2016-03-21,sh.600000,8.7701628,9.001995,8.7701628,8.9082756,8.7997584,42001532,756966800.0,0.225167,1,1.2332,0
2016-03-22,sh.600000,8.9230734,9.1894338,8.8885452,8.952669,8.9082756,43760811,800814896.0,0.234599,1,0.4983,0
2016-03-23,sh.600000,8.9576016,9.051321,8.9082756,8.9428038,8.952669,27830795,506023216.0,0.149199,1,-0.1102,0
2016-03-24,sh.600000,8.9329386,8.9329386,8.7208368,8.7405672,8.9428038,27448272,488313664.0,0.147148,1,-2.2614,0
2016-03-25,sh.600000,8.7405672,8.8145562,8.7208368,8.7504324,8.7405672,13619185,241971869.0,0.073012,1,0.1129,0
2016-03-28,sh.600000,8.7701628,8.87868,8.5679262,8.607387,8.7504324,24521696,433449200.0,0.131459,1,-1.6347,0
2016-03-29,sh.600000,8.6468478,8.7109716,8.5679262,8.607387,8.607387,19151152,335806208.0,0.102668,1,0.0,0
2016-03-30,sh.600000,8.706039,8.854017,8.706039,8.8145562,8.607387,35562148,634175200.0,0.190646,1,2.4069,0
2016-03-31,sh.600000,8.8688148,8.9181408,8.7405672,8.8441518,8.8145562,23762112,425380432.0,0.127387,1,0.3358,0
2016-04-01,sh.600000,8.8688148,9.001995,8.6863086,8.9674668,8.8441518,35790541,643979472.0,0.191871,1,1.3943,0
2016-04-05,sh.600000,8.8490844,9.0217254,8.7602976,8.9625342,8.9674668,42622297,768010128.0,0.228495,1,-0.055,0
2016-04-06,sh.600000,8.8934778,8.9477364,8.8145562,8.8589496,8.9625342,23428724,421234848.0,0.1256,1,-1.1558,0
2016-04-07,sh.600000,8.854017,8.87868,8.6961738,8.7257694,8.8589496,29047713,516129856.0,0.155723,1,-1.5033,0
2016-04-08,sh.600000,8.6616456,8.7602976,8.6468478,8.681376,8.7257694,17132244,301704528.0,0.091845,1,-0.5088,0
2016-04-11,sh.600000,8.681376,8.7898932,8.656713,8.7159042,8.681376,24117635,426862384.0,0.129293,1,0.3977,0
2016-04-12,sh.600000,8.7257694,8.730702,8.6468478,8.6912412,8.7159042,14100759,248002295.0,0.075593,1,-0.283,0
2016-04-13,sh.600000,8.7454998,8.8737474,8.7257694,8.7504324,8.6912412,35189716,627667712.0,0.18865,1,0.681,0
2016-04-14,sh.600000,8.829354,8.8836126,8.755365,8.780028,8.7504324,15796208,281977248.0,0.084682,1,0.3382,0
2016-04-15,sh.600000,8.854017,8.9082756,8.780028,8.8244214,8.780028,34773526,623836224.0,0.186419,1,0.5056,0
2016-04-18,sh.600000,8.755365,8.8934778,8.7109716,8.7849606,8.8244214,28084133,501790672.0,0.150557,1,-0.4472,0
2016-04-19,sh.600000,8.854017,8.8688148,8.7701628,8.829354,8.7849606,27246371,487095920.0,0.146066,1,0.5053,0
2016-04-20,sh.600000,8.8244214,8.8737474,8.5383306,8.8589496,8.829354,46614611,825437840.0,0.249898,1,0.3352,0
2016-04-21,sh.600000,8.7898932,9.051321,8.755365,8.9378712,8.8589496,48212915,872382608.0,0.258466,1,0.8909,0
2016-04-22,sh.600000,8.87868,9.0562536,8.8490844,8.9970624,8.9378712,28178162,513194656.0,0.151061,1,0.6622,0
2016-04-25,sh.600000,8.952669,8.9576016,8.7898932,8.8194888,8.9970624,24294360,435467856.0,0.13024,1,-1.9737,0
2016-04-26,sh.600000,8.8145562,8.9181408,8.755365,8.8392192,8.8194888,15739400,281501392.0,0.084378,1,0.2237,0
2016-04-27,sh.600000,8.8638822,8.8638822,8.780028,8.8096236,8.8392192,13838875,247622905.0,0.074189,1,-0.3348,0
2016-04-28,sh.600000,8.8441518,8.928006,8.7948258,8.829354,8.8096236,15728417,282201360.0,0.084319,1,0.224,0
2016-04-29,sh.600000,8.7948258,8.8490844,8.755365,8.7948258,8.829354,23065933,412460992.0,0.123655,1,-0.3911,0
2016-05-03,sh.600000,8.854017,8.9970624,8.7948258,8.9378712,8.7948258,27776723,501830128.0,0.148909,1,1.6265,0
2016-05-04,sh.600000,8.9082756,8.9921298,8.8885452,8.9181408,8.9378712,23118959,418592992.0,0.123939,1,-0.2208,0
2016-05-05,sh.600000,8.9082756,8.9378712,8.8688148,8.9082756,8.9181408,14936632,269576080.0,0.080074,1,-0.1106,0
2016-05-06,sh.600000,8.9132082,8.928006,8.7356346,8.7454998,8.9082756,23406763,418454832.0,0.125482,1,-1.8272,0
2016-05-09,sh.600000,8.7356346,8.780028,8.582724,8.6369826,8.7454998,21947591,386423424.0,0.11766,1,-1.2408,0
2016-05-10,sh.600000,8.5728588,8.6616456,8.5728588,8.6221848,8.6369826,16846648,294675472.0,0.090314,1,-0.1713,0
2016-05-11,sh.600000,8.656713,8.6665782,8.582724,8.607387,8.6221848,11941164,208655785.0,0.064016,1,-0.1716,0
2016-05-12,sh.600000,8.5975218,8.63205,8.484072,8.5876566,8.607387,14668954,254410730.0,0.078639,1,-0.2292,0
2016-05-13,sh.600000,8.5679262,8.6123196,8.4939372,8.5038024,8.5876566,11013829,190929402.0,0.059044,1,-0.9765,0
2016-05-16,sh.600000,8.4988698,8.558061,8.4890046,8.5284654,8.5038024,11045624,190872655.0,0.059215,1,0.29,0
2016-05-17,sh.600000,8.5284654,8.5531284,8.4643416,8.508735,8.5284654,9765153,168387277.0,0.05235,1,-0.2314,0
2016-05-18,sh.600000,8.508735,8.6912412,8.3952852,8.6616456,8.508735,30962453,536935472.0,0.165988,1,1.7971,0
2016-05-19,sh.600000,8.6024544,8.6271174,8.5481958,8.558061,8.6616456,10380826,180686332.0,0.055651,1,-1.1959,0
2016-05-20,sh.600000,8.5383306,8.63205,8.5186002,8.607387,8.558061,11140621,194223009.0,0.059724,1,0.5764,0
2016-05-23,sh.600000,8.63205,8.7208368,8.6024544,8.656713,8.607387,14080659,247441303.0,0.075485,1,0.5731,0
2016-05-24,sh.600000,8.6221848,8.681376,8.5975218,8.656713,8.656713,10725938,187905438.0,0.057501,1,0.0,0
2016-05-25,sh.600000,8.7208368,8.7454998,8.681376,8.7159042,8.656713,13766238,243549455.0,0.0738,1,0.6838,0
2016-05-26,sh.600000,8.706039,8.8096236,8.706039,8.730702,8.7159042,11065062,196266938.0,0.059319,1,0.1698,0
2016-05-27,sh.600000,8.7257694,8.7652302,8.6961738,8.7504324,8.730702,11621242,205801175.0,0.062301,1,0.226,0
2016-05-30,sh.600000,8.7997584,8.8638822,8.7208368,8.854017,8.7504324,17538184,313324800.0,0.094021,1,1.1838,0
2016-05-31,sh.600000,8.8441518,9.075984,8.8392192,9.0217254,8.854017,35631526,650177328.0,0.191018,1,1.8942,0
2016-06-01,sh.600000,9.026658,9.051321,8.9428038,8.9723994,9.0217254,18312424,333790688.0,0.098172,1,-0.5467,0
2016-06-02,sh.600000,8.977332,9.026658,8.8441518,8.8885452,8.9723994,17786525,321768768.0,0.095352,1,-0.9346,0
2016-06-03,sh.600000,8.9378712,8.9428038,8.829354,8.8836126,8.8885452,18003512,323746000.0,0.096516,1,-0.0555,0
2016-06-06,sh.600000,8.903343,8.9329386,8.8638822,8.8885452,8.8836126,17856247,321865760.0,0.095726,1,0.0555,0
2016-06-07,sh.600000,8.928006,8.9428038,8.8638822,8.8885452,8.8885452,16533983,298145360.0,0.088638,1,0.0,0
2016-06-08,sh.600000,8.8836126,8.9132082,8.8638822,8.8737474,8.8885452,23758300,427741584.0,0.127367,1,-0.1665,0
2016-06-13,sh.600000,8.8096236,8.8490844,8.7652302,8.7701628,8.8737474,30051583,536281152.0,0.161105,1,-1.1673,0
2016-06-14,sh.600000,8.7652302,8.7948258,8.730702,8.7750954,8.7701628,18773357,333449712.0,0.100643,1,0.0562,0
2016-06-15,sh.600000,8.6863086,8.7602976,8.656713,8.7504324,8.7750954,26332177,464557376.0,0.141165,1,-0.2811,0
2016-06-16,sh.600000,8.7159042,8.8441518,8.681376,8.780028,8.7504324,30871127,549171216.0,0.165498,1,0.3382,0
2016-06-17,sh.600000,8.755365,8.8737474,8.7504324,8.7652302,8.780028,17412233,311113072.0,0.093346,1,-0.1685,0
2016-06-20,sh.600000,8.8441518,8.8441518,8.755365,8.804691,8.7652302,9681495,172507202.0,0.051902,1,0.4502,0
2016-06-21,sh.600000,8.8194888,8.854017,8.755365,8.7701628,8.804691,15852873,282663680.0,0.084986,1,-0.3922,0
2016-06-22,sh.600000,8.780028,8.829354,8.7701628,8.8244214,8.7701628,14227501,253800359.0,0.076273,1,0.6187,0
2016-06-23,sh.600000,8.8802772,8.8802772,8.77416068,8.77974576,8.8244264,12882295,203560849.0,0.062783,1,-0.5063,0
2016-06-24,sh.600000,8.7685756,8.81884132,8.42230064,8.53400224,8.77974576,30575522,470756352.0,0.149012,1,-2.799,0
2016-06-27,sh.600000,8.53958732,8.59543812,8.47815144,8.55075748,8.53400224,19163499,292488224.0,0.093395,1,0.1963,0
2016-06-28,sh.600000,8.52841716,8.5451724,8.47815144,8.53400224,8.55075748,12559826,191346962.0,0.061211,1,-0.196,0
2016-06-29,sh.600000,8.53958732,8.67921432,8.53400224,8.656874,8.53400224,21253351,326320208.0,0.10358,1,1.4398,0
2016-06-30,sh.600000,8.656874,8.74623528,8.62336352,8.69596956,8.656874,20735886,323223552.0,0.101058,1,0.4516,0
2016-07-01,sh.600000,8.69596956,8.91378768,8.67921432,8.89144736,8.69596956,25106479,394802032.0,0.122358,1,2.2479,0
2016-07-04,sh.600000,8.85793688,8.95288324,8.8244264,8.89703244,8.89144736,21411650,341120784.0,0.104351,1,0.0628,0
2016-07-05,sh.600000,8.90261752,8.9082026,8.796501,8.81884132,8.89703244,16171615,255727223.0,0.078814,1,-0.8788,0
2016-07-06,sh.600000,8.77416068,8.80208608,8.71830988,8.73506512,8.81884132,22976510,360070176.0,0.111978,1,-0.95,0
2016-07-07,sh.600000,8.72948004,8.73506512,8.6289486,8.69596956,8.73506512,24498042,380536336.0,0.119393,1,-0.4476,0
2016-07-08,sh.600000,8.6847994,8.69038448,8.62336352,8.6289486,8.69596956,14901331,230568191.0,0.072623,1,-0.7707,0
2016-07-11,sh.600000,8.69038448,8.69596956,8.6010232,8.61777844,8.6289486,22852491,354003568.0,0.111373,1,-0.1294,0
2016-07-12,sh.600000,8.64570384,8.7406502,8.6289486,8.73506512,8.61777844,25545130,397267008.0,0.124496,1,1.361,0
2016-07-13,sh.600000,8.7406502,8.91937276,8.73506512,8.81884132,8.73506512,36238056,573546768.0,0.176609,1,0.9591,0
2016-07-14,sh.600000,8.80767116,8.84676672,8.73506512,8.7685756,8.81884132,16883421,265364888.0,0.082283,1,-0.57,0
2016-07-15,sh.600000,8.77416068,8.796501,8.7406502,8.77416068,8.7685756,15998100,251152944.0,0.077968,1,0.0637,0
2016-07-18,sh.600000,8.78533084,8.88586228,8.74623528,8.80767116,8.77416068,27766982,438169696.0,0.135324,1,0.3819,0
2016-07-19,sh.600000,8.80767116,8.8244264,8.7406502,8.78533084,8.80767116,17179816,269908288.0,0.083727,1,-0.2537,0
2016-07-20,sh.600000,8.7685756,8.80208608,8.72948004,8.796501,8.78533084,14866526,233284416.0,0.072453,1,0.1271,0
2016-07-21,sh.600000,8.79091592,8.86352196,8.7685756,8.84118164,8.796501,22020445,348156592.0,0.107318,1,0.5079,0
2016-07-22,sh.600000,8.83001148,8.83559656,8.70155464,8.72948004,8.84118164,16711700,262066573.0,0.081446,1,-1.2634,0
2016-07-25,sh.600000,8.72948004,8.80208608,8.72948004,8.76299052,8.72948004,11441970,179598105.0,0.055763,1,0.3839,0
2016-07-26,sh.600000,8.76299052,8.81884132,8.7406502,8.79091592,8.76299052,20462397,321598672.0,0.099725,1,0.3187,0
2016-07-27,sh.600000,8.78533084,8.86910704,8.6289486,8.86352196,8.79091592,40697330,637937312.0,0.198341,1,0.8259,0
2016-07-28,sh.600000,8.80767116,8.81884132,8.7406502,8.75740544,8.86352196,17451372,274345296.0,0.085051,1,-1.1972,0
2016-07-29,sh.600000,8.7406502,8.77416068,8.71830988,8.7685756,8.75740544,14348301,224747562.0,0.069928,1,0.1275,0
2016-08-01,sh.600000,8.75740544,8.8523518,8.7406502,8.8244264,8.7685756,22909943,361191344.0,0.111653,1,0.6369,0
2016-08-02,sh.600000,8.81884132,8.8523518,8.75740544,8.796501,8.8244264,10877815,171311340.0,0.053014,1,-0.3165,0
2016-08-03,sh.600000,8.73506512,8.77974576,8.72389496,8.75182036,8.796501,10583990,165699514.0,0.051582,1,-0.5079,0
2016-08-04,sh.600000,8.76299052,8.76299052,8.65128892,8.70713972,8.75182036,15610498,243122631.0,0.076079,1,-0.5105,0
2016-08-05,sh.600000,8.7127248,8.8244264,8.70713972,8.78533084,8.70713972,17648517,277447200.0,0.086011,1,0.898,0
2016-08-08,sh.600000,8.80208608,8.80208608,8.74623528,8.79091592,8.78533084,13129367,206333087.0,0.063987,1,0.0636,0
2016-08-09,sh.600000,8.796501,8.8244264,8.77416068,8.81884132,8.79091592,15480879,243949588.0,0.075447,1,0.3177,0
2016-08-10,sh.600000,8.8244264,8.8523518,8.78533084,8.84118164,8.81884132,18499535,292534448.0,0.090159,1,0.2533,0
2016-08-11,sh.600000,8.796501,9.1595312,8.79091592,8.97522356,8.84118164,52689421,852413104.0,0.256786,1,1.5161,0
2016-08-12,sh.600000,9.00314896,9.15394612,8.936128,9.13719088,8.97522356,46991632,763634352.0,0.229017,1,1.8046,0
2016-08-15,sh.600000,9.215382,9.50580616,9.1874566,9.46112552,9.13719088,77333862,1299618496.0,0.376892,1,3.5452,0
2016-08-16,sh.600000,9.46112552,9.48905092,9.31032836,9.3270836,9.46112552,49384036,829743472.0,0.240677,1,-1.4168,0
2016-08-17,sh.600000,9.33825376,9.4108598,9.22655216,9.29357312,9.3270836,36446597,606581280.0,0.177625,1,-0.3593,0
2016-08-18,sh.600000,9.2433074,9.36617916,9.1316058,9.18187152,9.29357312,37110139,612294416.0,0.180859,1,-1.2019,0
2016-08-19,sh.600000,9.17628644,9.215382,9.13719088,9.17070136,9.18187152,19927300,327521632.0,0.097117,1,-0.1217,0
2016-08-22,sh.600000,9.17070136,9.19862676,9.10926548,9.16511628,9.17070136,19768630,324280096.0,0.096344,1,-0.0609,0
2016-08-23,sh.600000,9.16511628,9.24889248,9.11485056,9.1595312,9.16511628,31754370,521794928.0,0.154757,1,-0.0609,0
2016-08-24,sh.600000,9.16511628,9.22096708,9.12602072,9.15394612,9.1595312,17085424,280402640.0,0.083267,1,-0.061,0
2016-08-25,sh.600000,9.13719088,9.16511628,9.0478296,9.12602072,9.15394612,24749915,403472224.0,0.120621,1,-0.3051,0
2016-08-26,sh.600000,9.13719088,9.1595312,9.09809532,9.12602072,9.12602072,14688056,240035889.0,0.071583,1,0.0,0
2016-08-29,sh.600000,9.10926548,9.14277596,8.98080864,9.06458484,9.12602072,30202023,489414016.0,0.147192,1,-0.6732,0
2016-08-30,sh.600000,9.07016992,9.20979692,9.07016992,9.1595312,9.06458484,36396993,597418080.0,0.177383,1,1.0474,0
2016-08-31,sh.600000,9.1316058,9.24889248,9.11485056,9.20421184,9.1595312,22003438,362526032.0,0.107235,1,0.4878,0
2016-09-01,sh.600000,9.20421184,9.2433074,9.14836104,9.16511628,9.20421184,21272047,349934544.0,0.103671,1,-0.4248,0
2016-09-02,sh.600000,9.14836104,9.215382,9.1316058,9.20421184,9.16511628,23147001,380418560.0,0.112809,1,0.4266,0
2016-09-05,sh.600000,9.20979692,9.26006264,9.17070136,9.20979692,9.20421184,25677035,423399296.0,0.125139,1,0.060681,0
2016-09-06,sh.600000,9.20979692,9.23213724,9.14277596,9.16511628,9.20979692,20282647,333206432.0,0.098849,1,-0.485142,0
2016-09-07,sh.600000,9.16511628,9.215382,9.1316058,9.20421184,9.16511628,17975558,295519904.0,0.087605,1,0.426567,0
2016-09-08,sh.600000,9.19862676,9.27681788,9.17628644,9.2712328,9.20421184,24406900,403801792.0,0.118949,1,0.72816,0
2016-09-09,sh.600000,9.28240296,9.30474328,9.215382,9.24889248,9.2712328,18739471,310623904.0,0.091328,1,-0.240969,0
2016-09-12,sh.600000,9.14836104,9.19862676,9.08134008,9.1595312,9.24889248,36509177,597895472.0,0.17793,1,-0.966183,0
2016-09-13,sh.600000,9.1595312,9.19304168,9.15394612,9.1874566,9.1595312,14234378,233969071.0,0.069372,1,0.304885,0
2016-09-14,sh.600000,9.17628644,9.20421184,9.14836104,9.1595312,9.1874566,23981413,393967824.0,0.116875,1,-0.303958,0
2016-09-19,sh.600000,9.1874566,9.22096708,9.17070136,9.19304168,9.1595312,14465955,238091122.0,0.070501,1,0.36585,0
2016-09-20,sh.600000,9.19862676,9.20421184,9.17070136,9.19304168,9.19304168,17396811,286078656.0,0.084785,1,0.0,0
2016-09-21,sh.600000,9.19862676,9.22096708,9.17628644,9.1874566,9.19304168,9416102,154918234.0,0.04589,1,-0.060743,0
2016-09-22,sh.600000,9.20979692,9.26564772,9.19862676,9.23213724,9.1874566,11527832,190442429.0,0.056182,1,0.486322,0
2016-09-23,sh.600000,9.2433074,9.2433074,9.20421184,9.20421184,9.23213724,10200460,168270146.0,0.049713,1,-0.302487,0
2016-09-26,sh.600000,9.1874566,9.25447756,9.16511628,9.20421184,9.20421184,20769186,342748704.0,0.10122,1,0.0,0
2016-09-27,sh.600000,9.17070136,9.22655216,9.17070136,9.20421184,9.20421184,17025470,280852912.0,0.082975,1,0.0,0
2016-09-28,sh.600000,9.20421184,9.23213724,9.19304168,9.20421184,9.20421184,12841990,211844619.0,0.062586,1,0.0,0
2016-09-29,sh.600000,9.22655216,9.2433074,9.20979692,9.215382,9.20421184,10997408,181620111.0,0.053597,1,0.121362,0
2016-09-30,sh.600000,9.215382,9.23213724,9.20421184,9.20979692,9.215382,12190268,201085204.0,0.05941,1,-0.060607,0
2016-10-10,sh.600000,9.23213724,9.2712328,9.20421184,9.2433074,9.20979692,18666854,308450224.0,0.090974,1,0.363854,0
2016-10-11,sh.600000,9.25447756,9.26006264,9.215382,9.25447756,9.2433074,12690366,209785537.0,0.061847,1,0.120849,0
2016-10-12,sh.600000,9.23772232,9.23772232,9.20421184,9.22096708,9.25447756,10643884,175594201.0,0.051874,1,-0.362097,0
2016-10-13,sh.600000,9.22096708,9.22655216,9.17070136,9.17628644,9.22096708,14504356,238973130.0,0.070688,1,-0.484554,0
2016-10-14,sh.600000,9.17628644,9.19862676,9.14836104,9.19304168,9.17628644,10660114,175020225.0,0.051953,1,0.182585,0
2016-10-17,sh.600000,9.16511628,9.18187152,9.05899976,9.08692516,9.19304168,16424904,268130860.0,0.080048,1,-1.154305,0
2016-10-18,sh.600000,9.09251024,9.15394612,9.07016992,9.12602072,9.08692516,18251833,298064112.0,0.088952,1,0.430238,0
2016-10-19,sh.600000,9.1316058,9.15394612,9.07016992,9.08692516,9.12602072,11143167,181631901.0,0.054307,1,-0.428395,0
2016-10-20,sh.600000,9.08692516,9.12602072,9.075755,9.09809532,9.08692516,8985794,146255319.0,0.043793,1,0.122928,0
2016-10-21,sh.600000,9.09809532,9.12602072,9.05899976,9.1036804,9.09809532,10884798,177155062.0,0.053048,1,0.061377,0
2016-10-24,sh.600000,9.1036804,9.26006264,9.08692516,9.19862676,9.1036804,24757241,406980672.0,0.120656,1,1.042945,0
2016-10-25,sh.600000,9.20421184,9.215382,9.13719088,9.17070136,9.19862676,13309321,218721453.0,0.064864,1,-0.303578,0
2016-10-26,sh.600000,9.1595312,9.17070136,9.1036804,9.11485056,9.17070136,12436805,203174010.0,0.060612,1,-0.609016,0
2016-10-27,sh.600000,9.1036804,9.10926548,9.03665944,9.04224452,9.11485056,19517454,316513312.0,0.09512,1,-0.796563,0
2016-10-28,sh.600000,9.04224452,9.12602072,9.03665944,9.09809532,9.04224452,15067204,244739683.0,0.073431,1,0.617668,0
2016-10-31,sh.600000,9.06458484,9.10926548,8.94171308,9.08692516,9.09809532,14673298,237635070.0,0.071511,1,-0.122777,0
2016-11-01,sh.600000,9.08134008,9.12043564,9.05341468,9.1036804,9.08692516,13028259,212179107.0,0.063494,1,0.184381,0
2016-11-02,sh.600000,9.05341468,9.1036804,9.03665944,9.0478296,9.1036804,25051160,406667264.0,0.122089,1,-0.613488,0
2016-11-03,sh.600000,9.04224452,9.14836104,9.04224452,9.1316058,9.0478296,25864110,421412544.0,0.126051,1,0.925924,0
2016-11-04,sh.600000,9.1036804,9.23213724,9.09809532,9.1595312,9.1316058,21516475,353348688.0,0.104862,1,0.305806,0
2016-11-07,sh.600000,9.15394612,9.1874566,9.14836104,9.17070136,9.1595312,21351658,350381744.0,0.104059,1,0.121954,0
2016-11-08,sh.600000,9.1874566,9.23772232,9.18187152,9.19862676,9.17070136,17307155,285419776.0,0.084348,1,0.304502,0
2016-11-09,sh.600000,9.19862676,9.23213724,9.13719088,9.19304168,9.19862676,39826582,655055488.0,0.194098,1,-0.060718,0
2016-11-10,sh.600000,9.2433074,9.29357312,9.20421184,9.25447756,9.19304168,20484554,339602784.0,0.099833,1,0.668291,0
2016-11-11,sh.600000,9.24889248,9.28798804,9.1874566,9.26564772,9.25447756,21539188,356740640.0,0.104973,1,0.120703,0
2016-11-14,sh.600000,9.23213724,9.3270836,9.22655216,9.2712328,9.26564772,18124496,301208000.0,0.088331,1,0.060279,0
2016-11-15,sh.600000,9.26564772,9.27681788,9.215382,9.26564772,9.2712328,15714142,260648299.0,0.076584,1,-0.060242,0
2016-11-16,sh.600000,9.26564772,9.28798804,9.23772232,9.2712328,9.26564772,12395504,205688793.0,0.06041,1,0.060279,0
2016-11-17,sh.600000,9.26006264,9.28798804,9.22655216,9.2712328,9.2712328,22718556,376599280.0,0.110721,1,0.0,0
2016-11-18,sh.600000,9.26564772,9.29357312,9.2433074,9.2712328,9.2712328,29274383,485488352.0,0.142671,1,0.0,0
2016-11-21,sh.600000,9.26564772,9.34383884,9.23772232,9.29357312,9.2712328,21432453,356612256.0,0.104453,1,0.240958,0
2016-11-22,sh.600000,9.31032836,9.33825376,9.28798804,9.31591344,9.29357312,21080968,351666624.0,0.10274,1,0.24039,0
2016-11-23,sh.600000,9.31591344,9.62309284,9.30474328,9.45554044,9.31591344,45036427,765689744.0,0.219488,1,1.498801,0
2016-11-24,sh.600000,9.45554044,9.56165696,9.41644488,9.43320012,9.45554044,21043140,356783600.0,0.102555,1,-0.236272,0
2016-11-25,sh.600000,9.43320012,9.5504868,9.38851948,9.54490172,9.43320012,23335230,396231888.0,0.113726,1,1.184137,0
2016-11-28,sh.600000,9.5784122,9.76830492,9.5784122,9.61192268,9.54490172,33835281,584558240.0,0.164899,1,0.702159,0
2016-11-29,sh.600000,9.61192268,9.6901138,9.55607188,9.63984808,9.61192268,29530098,509203664.0,0.143917,1,0.290535,0
2016-11-30,sh.600000,9.65101824,9.7459646,9.5504868,9.58399728,9.63984808,20135026,346784528.0,0.09813,1,-0.579376,0
2016-12-01,sh.600000,9.5784122,9.64543316,9.5225614,9.5784122,9.58399728,18449219,316391200.0,0.089914,1,-0.058276,0
2016-12-02,sh.600000,9.5504868,9.59516744,9.3829344,9.5504868,9.5784122,33895875,576329872.0,0.165194,1,-0.291541,0
2016-12-05,sh.600000,9.4667106,9.67335856,9.44437028,9.6621884,9.5504868,38201368,655302816.0,0.186177,1,1.169584,0
2016-12-06,sh.600000,9.65101824,9.72920936,9.6063376,9.61750776,9.6621884,20948075,362989440.0,0.102092,1,-0.462427,0
2016-12-07,sh.600000,9.58958236,9.6063376,9.52814648,9.53373156,9.61750776,15550748,265825550.0,0.075788,1,-0.871078,0
2016-12-08,sh.600000,9.5784122,9.6063376,9.51697632,9.57282712,9.53373156,13234569,226759229.0,0.0645,1,0.410074,0
2016-12-09,sh.600000,9.57282712,9.75154968,9.56165696,9.68452872,9.57282712,28835648,500164624.0,0.140533,1,1.166866,0
2016-12-12,sh.600000,9.68452872,9.81298556,9.60075252,9.76830492,9.68452872,48359554,841905184.0,0.235684,1,0.86505,0
2016-12-13,sh.600000,9.69569888,9.74037952,9.58399728,9.58958236,9.76830492,15602869,270112432.0,0.076042,1,-1.829615,0
2016-12-14,sh.600000,9.58958236,9.72920936,9.56165696,9.59516744,9.58958236,17860552,309185680.0,0.087045,1,0.058242,0
2016-12-15,sh.600000,9.56724204,9.56724204,9.3270836,9.3270836,9.59516744,30809613,517398944.0,0.150153,1,-2.793944,0
2016-12-16,sh.600000,9.3270836,9.39968964,9.28798804,9.30474328,9.3270836,14531366,242842108.0,0.07082,1,-0.239526,0
2016-12-19,sh.600000,9.2991582,9.3270836,9.22096708,9.22655216,9.30474328,8483493,140430889.0,0.041345,1,-0.840332,0
2016-12-20,sh.600000,9.22655216,9.24889248,9.00314896,9.09251024,9.22655216,22525817,366213568.0,0.109781,1,-1.452783,0
2016-12-21,sh.600000,9.08134008,9.14277596,9.075755,9.11485056,9.09251024,12638809,206022869.0,0.061596,1,0.245694,0
2016-12-22,sh.600000,9.11485056,9.12043564,9.01431912,9.04224452,9.11485056,11499190,186428629.0,0.056042,1,-0.796563,0
2016-12-23,sh.600000,9.03107436,9.05899976,8.97522356,9.04224452,9.04224452,11187906,180365980.0,0.054525,1,0.0,0
2016-12-26,sh.600000,9.00873404,9.09251024,8.94171308,9.075755,9.04224452,14482456,233999583.0,0.070581,1,0.370596,0
2016-12-27,sh.600000,9.075755,9.11485056,9.00873404,9.01431912,9.075755,10665824,172900199.0,0.051981,1,-0.676927,0
2016-12-28,sh.600000,9.01431912,9.04224452,8.95288324,8.98639372,9.01431912,14441526,232406679.0,0.070382,1,-0.309785,0
2016-12-29,sh.600000,8.98639372,9.0199042,8.93054292,8.97522356,8.98639372,11851308,190400022.0,0.057758,1,-0.124304,0
2016-12-30,sh.600000,8.97522356,9.06458484,8.95846832,9.05341468,8.97522356,12262167,197653917.0,0.059761,1,0.871185,0
2017-01-03,sh.600000,9.05341468,9.18187152,9.03107436,9.1036804,9.05341468,16237125,265043268.0,0.079133,1,0.555214,0
2017-01-04,sh.600000,9.09809532,9.1316058,9.03665944,9.12043564,9.1036804,29658734,482612224.0,0.144544,1,0.184053,0
2017-01-05,sh.600000,9.1036804,9.14836104,9.07016992,9.1036804,9.12043564,26437646,431449120.0,0.128846,1,-0.183715,0
2017-01-06,sh.600000,9.1036804,9.1036804,9.00873404,9.03665944,9.1036804,17195598,278864544.0,0.083804,1,-0.73619,0
2017-01-09,sh.600000,9.07016992,9.09809532,9.00873404,9.0478296,9.03665944,14908745,241579598.0,0.072659,1,0.123612,0
2017-01-10,sh.600000,9.03665944,9.07016992,9.01431912,9.04224452,9.0478296,7996756,129458363.0,0.038973,1,-0.06173,0
2017-01-11,sh.600000,9.07016992,9.07016992,9.0199042,9.02548928,9.04224452,9193332,148793816.0,0.044804,1,-0.185304,0
2017-01-12,sh.600000,9.03665944,9.0478296,8.99756388,9.00314896,9.02548928,8296150,134057682.0,0.040432,1,-0.247519,0
2017-01-13,sh.600000,8.9919788,9.09809532,8.9919788,9.08692516,9.00314896,19034143,308468976.0,0.092764,1,0.930519,0
2017-01-16,sh.600000,9.06458484,9.2712328,8.9919788,9.24889248,9.08692516,53304724,876414512.0,0.259785,1,1.782415,0
2017-01-17,sh.600000,9.19304168,9.23772232,9.14277596,9.1595312,9.24889248,12555292,206230538.0,0.061189,1,-0.966183,0
2017-01-18,sh.600000,9.17070136,9.2433074,9.13719088,9.20421184,9.1595312,11478663,189191354.0,0.055942,1,0.487804,0
2017-01-19,sh.600000,9.17628644,9.29357312,9.17628644,9.23772232,9.20421184,12180687,201675871.0,0.059363,1,0.364086,0
2017-01-20,sh.600000,9.26006264,9.30474328,9.215382,9.2712328,9.23772232,14288268,236958622.0,0.069635,1,0.362754,0
2017-01-23,sh.600000,9.30474328,9.32149852,9.22096708,9.25447756,9.2712328,14616540,242945923.0,0.071235,1,-0.180727,0
2017-01-24,sh.600000,9.26006264,9.3270836,9.26006264,9.32149852,9.25447756,14985241,249503391.0,0.073032,1,0.724205,0
2017-01-25,sh.600000,9.32149852,9.34942392,9.27681788,9.32149852,9.32149852,11284869,188172530.0,0.054998,1,0.0,0
2017-01-26,sh.600000,9.32149852,9.40527472,9.27681788,9.34942392,9.32149852,8602907,144343272.0,0.041927,1,0.299576,0
2017-02-03,sh.600000,9.39410456,9.4108598,9.28240296,9.28798804,9.34942392,8174289,136532939.0,0.039838,1,-0.657112,0
2017-02-06,sh.600000,9.355009,9.37176424,9.30474328,9.30474328,9.28798804,13455850,225037394.0,0.065578,1,0.180401,0
2017-02-07,sh.600000,9.2991582,9.34942392,9.28798804,9.31032836,9.30474328,14759284,246037892.0,0.07193,1,0.060025,0
2017-02-08,sh.600000,9.28798804,9.32149852,9.23772232,9.31032836,9.31032836,11238867,186815177.0,0.054773,1,0.0,0
2017-02-09,sh.600000,9.31591344,9.36617916,9.26564772,9.33825376,9.31032836,11393034,190339364.0,0.055525,1,0.299935,0
2017-02-10,sh.600000,9.36059408,9.40527472,9.3270836,9.37176424,9.33825376,13985262,234489132.0,0.068158,1,0.35886,0
2017-02-13,sh.600000,9.42761504,9.4387852,9.37176424,9.4108598,9.37176424,19992872,336932208.0,0.097437,1,0.417162,0
2017-02-14,sh.600000,9.42202996,9.42761504,9.34942392,9.355009,9.4108598,12987235,217924152.0,0.063294,1,-0.593474,0
2017-02-15,sh.600000,9.39410456,9.45554044,9.355009,9.40527472,9.355009,25688032,433573968.0,0.125193,1,0.537314,0
2017-02-16,sh.600000,9.42761504,9.44437028,9.36059408,9.37176424,9.40527472,16327832,274241728.0,0.079575,1,-0.356291,0
2017-02-17,sh.600000,9.37176424,9.39410456,9.26564772,9.29357312,9.37176424,13863642,231623672.0,0.067565,1,-0.834334,0
2017-02-20,sh.600000,9.28240296,9.48346584,9.28240296,9.44437028,9.29357312,29949984,503858480.0,0.145963,1,1.622599,0
2017-02-21,sh.600000,9.42761504,9.53931664,9.38851948,9.42761504,9.44437028,17509118,296489040.0,0.085332,1,-0.177414,0
2017-02-22,sh.600000,9.42761504,9.4387852,9.34383884,9.355009,9.42761504,17032277,285870624.0,0.083008,1,-0.770137,0
2017-02-23,sh.600000,9.37176424,9.39968964,9.29357312,9.32149852,9.355009,15011148,250909254.0,0.073158,1,-0.358206,0
2017-02-24,sh.600000,9.31032836,9.355009,9.30474328,9.33266868,9.32149852,11594971,193610637.0,0.056509,1,0.119823,0
2017-02-27,sh.600000,9.32149852,9.33825376,9.23213724,9.26564772,9.33266868,13732273,228302043.0,0.066925,1,-0.718127,0
2017-02-28,sh.600000,9.26006264,9.31032836,9.23213724,9.26564772,9.26564772,12097943,200661656.0,0.05896,1,0.0,0
2017-03-01,sh.600000,9.26006264,9.28240296,9.22655216,9.24889248,9.26564772,16226984,268840224.0,0.079083,1,-0.180836,0
2017-03-02,sh.600000,9.28240296,9.28240296,9.15394612,9.16511628,9.24889248,18996632,312626384.0,0.092582,1,-0.905795,0
2017-03-03,sh.600000,9.17070136,9.17628644,9.11485056,9.1316058,9.16511628,12429467,203315662.0,0.060576,1,-0.365627,0
2017-03-06,sh.600000,9.14277596,9.23213724,9.1316058,9.16511628,9.1316058,15703751,258165904.0,0.076533,1,0.366969,0
2017-03-07,sh.600000,9.14836104,9.1874566,9.14277596,9.17628644,9.16511628,9319842,152969168.0,0.045421,1,0.12188,0
2017-03-08,sh.600000,9.1595312,9.18187152,9.1316058,9.15394612,9.17628644,10109647,165715073.0,0.04927,1,-0.243463,0
2017-03-09,sh.600000,9.14277596,9.1595312,9.05899976,9.05899976,9.15394612,17366025,282644704.0,0.084635,1,-1.037218,0
2017-03-10,sh.600000,9.06458484,9.09251024,9.03107436,9.06458484,9.05899976,16396375,265663459.0,0.079909,1,0.061654,0
2017-03-13,sh.600000,9.06458484,9.12602072,9.02548928,9.12602072,9.06458484,17950147,291999360.0,0.087481,1,0.677761,0
2017-03-14,sh.600000,9.12602072,9.1316058,9.07016992,9.08134008,9.12602072,16988979,276642688.0,0.082797,1,-0.489596,0
2017-03-15,sh.600000,9.07016992,9.09251024,9.03107436,9.07016992,9.08134008,18900324,306175984.0,0.092112,1,-0.123004,0
2017-03-16,sh.600000,9.08692516,9.1316058,9.075755,9.09809532,9.07016992,19036545,310417984.0,0.092776,1,0.307889,0
2017-03-17,sh.600000,9.1036804,9.11485056,9.01431912,9.0478296,9.09809532,21560354,350179472.0,0.105076,1,-0.552487,0
2017-03-20,sh.600000,9.07016992,9.075755,9.00873404,9.01431912,9.0478296,15017806,242775930.0,0.069468,1,-0.370379,0
2017-03-21,sh.600000,9.0199042,9.02548928,8.92495784,8.936128,9.01431912,31124617,499206640.0,0.143974,1,-0.867406,0
2017-03-22,sh.600000,8.92495784,8.92495784,8.7685756,8.81325624,8.936128,43811429,691677888.0,0.202659,1,-1.375002,0
2017-03-23,sh.600000,8.8244264,8.89144736,8.81884132,8.86910704,8.81325624,22225660,352635984.0,0.10281,1,0.633716,0
2017-03-24,sh.600000,8.8523518,8.936128,8.84118164,8.91378768,8.86910704,19902006,316984960.0,0.092061,1,0.503778,0
2017-03-27,sh.600000,8.91937276,9.00873404,8.8802772,8.95846832,8.91378768,18997369,304990144.0,0.087876,1,0.501259,0
2017-03-28,sh.600000,8.99756388,9.00873404,8.91937276,8.94171308,8.95846832,13212969,211750766.0,0.061119,1,-0.187037,0
2017-03-29,sh.600000,8.94171308,8.99756388,8.8244264,8.86352196,8.94171308,23446792,372794464.0,0.108458,1,-0.874456,0
2017-03-30,sh.600000,8.86910704,8.8802772,8.77974576,8.83001148,8.86352196,23645144,373665120.0,0.109376,1,-0.378068,0
2017-03-31,sh.600000,8.81325624,8.9640534,8.80767116,8.94171308,8.83001148,24187120,385793424.0,0.111883,1,1.265021,0
2017-04-05,sh.600000,8.9640534,9.0478296,8.87469212,9.02548928,8.94171308,31036271,499121568.0,0.143565,1,0.936912,0
2017-04-06,sh.600000,8.98639372,9.03665944,8.95288324,8.9919788,9.02548928,22335442,359361840.0,0.103317,1,-0.371284,0
2017-04-07,sh.600000,8.96963848,9.02548928,8.94729816,8.9919788,8.9919788,20126948,323821648.0,0.093102,1,0.0,0
2017-04-10,sh.600000,9.00314896,9.00314896,8.90261752,8.91937276,8.9919788,16154024,258662668.0,0.074724,1,-0.807454,0
2017-04-11,sh.600000,8.91937276,8.93054292,8.83001148,8.87469212,8.91937276,18611375,295381664.0,0.086091,1,-0.500939,0
2017-04-12,sh.600000,8.86910704,8.91378768,8.796501,8.87469212,8.87469212,22210541,352357728.0,0.10274,1,0.0,0
2017-04-13,sh.600000,8.86910704,8.87469212,8.78533084,8.796501,8.87469212,23426650,369388224.0,0.108365,1,-0.881059,0
2017-04-14,sh.600000,8.80208608,8.81325624,8.61219336,8.66245908,8.796501,40156553,625510640.0,0.185753,1,-1.523808,0
2017-04-17,sh.600000,8.67362924,8.7127248,8.5451724,8.69038448,8.66245908,36739448,566536784.0,0.169946,1,0.322374,0
2017-04-18,sh.600000,8.656874,8.66804416,8.5451724,8.5451724,8.69038448,22889980,351624624.0,0.105883,1,-1.670953,0
2017-04-19,sh.600000,8.517247,8.52841716,8.43905588,8.43905588,8.5451724,24455407,371021504.0,0.113124,1,-1.241834,0
2017-04-20,sh.600000,8.44464096,8.45581112,8.3217692,8.32735428,8.43905588,41061406,614436384.0,0.189938,1,-1.323626,0
2017-04-21,sh.600000,8.33293936,8.41671556,8.2938438,8.4055454,8.32735428,22688358,340453104.0,0.10495,1,0.93897,0
2017-04-24,sh.600000,8.4055454,8.43905588,8.32735428,8.37762,8.4055454,17627803,264649933.0,0.081541,1,-0.332227,0
2017-04-25,sh.600000,8.38879016,8.4334708,8.37203492,8.4055454,8.37762,12975919,195296862.0,0.060023,1,0.333335,0
2017-04-26,sh.600000,8.41113048,8.43905588,8.37762,8.4055454,8.4055454,14939871,225022668.0,0.069108,1,0.0,0
2017-04-27,sh.600000,8.4055454,8.517247,8.39437524,8.49490668,8.4055454,22887645,345791520.0,0.105872,1,1.063122,0
2017-04-28,sh.600000,8.4613962,8.50049176,8.42230064,8.49490668,8.49490668,15718509,238419161.0,0.072709,1,0.0,0
2017-05-02,sh.600000,8.49490668,8.50049176,8.45022604,8.46698128,8.49490668,12607509,191225527.0,0.058319,1,-0.328732,0
2017-05-03,sh.600000,8.46698128,8.46698128,8.4055454,8.42230064,8.46698128,14247943,215130847.0,0.065907,1,-0.527704,0
2017-05-04,sh.600000,8.41671556,8.41671556,8.3217692,8.36644984,8.42230064,19477788,291839744.0,0.090099,1,-0.663133,0
2017-05-05,sh.600000,8.3496946,8.36644984,8.10953616,8.33293936,8.36644984,40194577,592160192.0,0.185929,1,-0.400531,0
2017-05-08,sh.600000,8.25474824,8.3217692,8.10395108,8.29942888,8.33293936,43568576,638781008.0,0.201536,1,-0.402148,0
2017-05-09,sh.600000,8.20448252,8.28825872,8.18772728,8.24357808,8.29942888,19225492,283864640.0,0.088932,1,-0.672944,0
2017-05-10,sh.600000,8.24357808,8.2938438,8.1262914,8.15980188,8.24357808,28359413,418201408.0,0.131183,1,-1.016264,0
2017-05-11,sh.600000,8.13746156,8.26033332,8.1262914,8.237993,8.15980188,27312908,400313952.0,0.126342,1,0.95825,0
2017-05-12,sh.600000,8.237993,8.50607684,8.22682284,8.49490668,8.237993,45733426,687468464.0,0.21155,1,3.118644,0
2017-05-15,sh.600000,8.52841716,8.61777844,8.46698128,8.52841716,8.49490668,29965820,458298672.0,0.138613,1,0.39448,0
2017-05-16,sh.600000,8.50607684,8.53958732,8.42230064,8.52841716,8.52841716,24875396,377908560.0,0.115066,1,0.0,0
2017-05-17,sh.600000,8.51166192,8.52283208,8.41671556,8.49490668,8.52841716,33434411,505883680.0,0.154658,1,-0.39293,0
2017-05-18,sh.600000,8.4334708,8.45581112,8.3496946,8.38320508,8.49490668,30657927,460669392.0,0.141815,1,-1.314923,0
2017-05-19,sh.600000,8.39996032,8.42230064,8.32735428,8.38879016,8.38320508,28610626,428236208.0,0.132345,1,0.066624,0
2017-05-22,sh.600000,8.38879016,8.41113048,8.33852444,8.39996032,8.38879016,30227245,453230624.0,0.139823,1,0.133153,0
2017-05-23,sh.600000,8.37762,8.69596956,8.36644984,8.61777844,8.39996032,75400428,1154524432.0,0.348781,1,2.593087,0
2017-05-24,sh.600000,8.58985304,8.66804416,8.49490668,8.64011876,8.61777844,70439028,1081376992.0,0.325831,1,0.259235,0
2017-05-25,sh.600000,8.64011575,9.50780397,8.61805588,9.50780397,8.64011575,222373433,2803027088.0,0.791259,1,10.04256,0
2017-05-26,sh.600000,9.41956449,9.49309739,9.22102566,9.44162436,9.50780397,176456630,2246593328.0,0.627875,1,-0.696057,0
2017-05-31,sh.600000,9.37544475,9.59604345,9.30926514,9.44162436,9.44162436,113009809,1450286640.0,0.402116,1,0.0,0
2017-06-01,sh.600000,9.39750462,9.53721713,9.33132501,9.50045068,9.44162436,96217055,1235216032.0,0.342364,1,0.623052,0
2017-06-02,sh.600000,9.50780397,9.56663029,9.36809146,9.47839081,9.50045068,80197701,1034450240.0,0.285363,1,-0.232196,0
2017-06-05,sh.600000,9.40485791,9.47103752,9.19896579,9.44897765,9.47839081,75876475,963227280.0,0.269987,1,-0.310318,0
2017-06-06,sh.600000,9.4122112,9.44162436,9.30926514,9.4122112,9.44897765,36104406,460469440.0,0.128468,1,-0.389107,0
2017-06-07,sh.600000,9.41956449,9.55192371,9.39750462,9.44162436,9.4122112,64395191,827766624.0,0.229134,1,0.3125,0
2017-06-08,sh.600000,9.38279804,9.45633094,9.31661843,9.44162436,9.44162436,48194843,615876304.0,0.171489,1,0.0,0
2017-06-09,sh.600000,9.40485791,9.7063428,9.39015133,9.50780397,9.44162436,114434319,1489264560.0,0.407185,1,0.700936,0
2017-06-12,sh.600000,9.4857441,9.66222306,9.38279804,9.39750462,9.50780397,73931192,955965936.0,0.263065,1,-1.160097,0
2017-06-13,sh.600000,9.39750462,9.39750462,9.23573224,9.25779211,9.39750462,52716070,665205808.0,0.187577,1,-1.486695,0
2017-06-14,sh.600000,9.2651454,9.29455856,9.05189999,9.16219934,9.25779211,55306982,687620416.0,0.196796,1,-1.032566,0
2017-06-15,sh.600000,9.12543289,9.16219934,9.02984012,9.10337302,9.16219934,37492860,462612624.0,0.133409,1,-0.642054,0
2017-06-16,sh.600000,9.10337302,9.16219934,9.02248683,9.08131315,9.10337302,47351062,586081488.0,0.168487,1,-0.242324,0
2017-06-19,sh.600000,9.08866644,9.14013947,9.0445467,9.1180796,9.08131315,32941278,407834848.0,0.117213,1,0.404852,0
2017-06-20,sh.600000,9.12543289,9.14749276,8.98572038,9.03719341,9.1180796,44645196,548932352.0,0.158858,1,-0.887094,0
2017-06-21,sh.600000,9.1180796,9.1180796,9.01513354,9.07395986,9.03719341,34000062,418820224.0,0.12098,1,0.406836,0
2017-06-22,sh.600000,9.06660657,9.44162436,9.03719341,9.24308553,9.07395986,110259441,1392278624.0,0.39233,1,1.863854,0
2017-06-23,sh.600000,9.22837895,9.30191185,9.08866644,9.29455856,9.24308553,68579079,858095952.0,0.244021,1,0.556887,0
2017-06-26,sh.600000,9.29455856,9.42691778,9.22837895,9.29455856,9.29455856,60509162,766551264.0,0.215306,1,0.0,0
2017-06-27,sh.600000,9.29455856,9.36073817,9.21367237,9.3386783,9.29455856,46687475,589020016.0,0.166125,1,0.474679,0
2017-06-28,sh.600000,9.30926514,9.49309739,9.2651454,9.40485791,9.3386783,75349557,963202800.0,0.268112,1,0.708663,0
2017-06-29,sh.600000,9.41956449,9.45633094,9.3386783,9.38279804,9.40485791,38994542,497489968.0,0.138752,1,-0.234556,0
2017-06-30,sh.600000,9.3386783,9.36073817,9.25779211,9.30191185,9.38279804,36566479,462244016.0,0.130112,1,-0.862074,0
2017-07-03,sh.600000,9.29455856,9.30191185,9.16955263,9.23573224,9.30191185,38778949,486264672.0,0.137985,1,-0.711456,0
2017-07-04,sh.600000,9.22837895,9.25043882,9.12543289,9.22837895,9.23573224,36659128,458434432.0,0.130442,1,-0.07962,0
2017-07-05,sh.600000,9.1916125,9.30191185,9.16955263,9.27985198,9.22837895,26470507,332542464.0,0.094188,1,0.557767,0
2017-07-06,sh.600000,9.27985198,9.35338488,9.19896579,9.30926514,9.27985198,37414241,471582096.0,0.133129,1,0.316957,0
2017-07-07,sh.600000,9.27985198,9.33132501,9.22837895,9.2651454,9.30926514,24667294,311101536.0,0.087772,1,-0.473929,0
2017-07-10,sh.600000,9.25779211,9.29455856,9.20631908,9.21367237,9.2651454,26411530,331940512.0,0.093979,1,-0.555561,0
2017-07-11,sh.600000,9.19896579,9.51515726,9.19896579,9.4122112,9.21367237,96835349,1238626608.0,0.344564,1,2.154832,0
2017-07-12,sh.600000,9.4122112,9.60339674,9.36809146,9.45633094,9.4122112,80469025,1039614032.0,0.286328,1,0.468746,0
2017-07-13,sh.600000,9.42691778,9.77252241,9.39015133,9.75781583,9.45633094,110219238,1436784304.0,0.392187,1,3.188187,0
2017-07-14,sh.600000,9.80928886,10.1475402,9.80928886,9.99312111,9.75781583,146865370,1991795312.0,0.522583,1,2.411452,0
2017-07-17,sh.600000,10.01518098,10.30931258,9.76516912,10.11812704,9.99312111,178661221,2448349168.0,0.63572,1,1.25092,0
2017-07-18,sh.600000,10.03724085,10.08871388,9.8534086,9.96370795,10.11812704,69895876,946717552.0,0.248706,1,-1.526163,0
2017-07-19,sh.600000,9.97106124,10.13283362,9.91223492,10.06665401,9.96370795,66108709,900014400.0,0.235231,1,1.033206,0
2017-07-20,sh.600000,10.05194743,10.0740073,9.94900137,10.01518098,10.06665401,40017492,544175216.0,0.142392,1,-0.51132,0
2017-07-21,sh.600000,10.00782769,10.02253427,9.83870202,9.89017505,10.01518098,52272375,702999232.0,0.185998,1,-1.248165,0
2017-07-24,sh.600000,9.89017505,10.10342046,9.82399544,10.05194743,9.89017505,65820954,892033680.0,0.234207,1,1.63569,0
2017-07-25,sh.600000,10.01518098,10.11077375,9.86076189,9.93429479,10.05194743,58478099,795769072.0,0.208079,1,-1.170445,0
2017-07-26,sh.600000,9.89017505,10.0740073,9.82399544,9.83870202,9.93429479,57495388,775489072.0,0.204583,1,-0.962251,0
2017-07-27,sh.600000,9.83870202,9.90488163,9.76516912,9.83870202,9.83870202,33612097,449548320.0,0.1196,1,0.0,0
2017-07-28,sh.600000,9.83134873,9.91958821,9.7798757,9.90488163,9.83870202,24954961,334111568.0,0.088796,1,0.672647,0
2017-07-31,sh.600000,9.89017505,9.94164808,9.78722899,9.82399544,9.90488163,45083081,602638880.0,0.160417,1,-0.816634,0
2017-08-01,sh.600000,9.86811518,9.91958821,9.79458228,9.87546847,9.82399544,64198064,860914608.0,0.228432,1,0.523957,0
2017-08-02,sh.600000,9.88282176,10.0004744,9.84605531,9.88282176,9.87546847,61644148,830433616.0,0.219345,1,0.074455,0
2017-08-03,sh.600000,9.86811518,9.86811518,9.58869016,9.61810332,9.88282176,78581867,1036842144.0,0.279613,1,-2.678569,0
2017-08-04,sh.600000,9.62545661,9.6328099,9.44897765,9.46368423,9.61810332,63181971,818014672.0,0.224817,1,-1.605505,0
2017-08-07,sh.600000,9.46368423,9.52251055,9.43427107,9.50780397,9.46368423,29528429,380518688.0,0.105069,1,0.466204,0
2017-08-08,sh.600000,9.49309739,9.50780397,9.43427107,9.46368423,9.50780397,23570298,303469936.0,0.083869,1,-0.46404,0
2017-08-09,sh.600000,9.44162436,9.47103752,9.37544475,9.38279804,9.46368423,32303821,413575792.0,0.114945,1,-0.854698,0
2017-08-10,sh.600000,9.36809146,9.47103752,9.3386783,9.40485791,9.38279804,44056044,563372048.0,0.156762,1,0.235108,0
2017-08-11,sh.600000,9.35338488,9.36073817,9.16219934,9.32397172,9.40485791,88890056,1118537328.0,0.316292,1,-0.860044,0
2017-08-14,sh.600000,9.27985198,9.28720527,9.20631908,9.23573224,9.32397172,45562027,572465232.0,0.162121,1,-0.946371,0
2017-08-15,sh.600000,9.25043882,9.38279804,9.23573224,9.25779211,9.23573224,62591905,792887776.0,0.222717,1,0.238851,0
2017-08-16,sh.600000,9.23573224,9.23573224,9.16955263,9.18425921,9.25779211,33886531,423706576.0,0.120576,1,-0.794284,0
2017-08-17,sh.600000,9.18425921,9.22837895,9.16955263,9.21367237,9.18425921,39091156,488847376.0,0.139096,1,0.320256,0
2017-08-18,sh.600000,9.1916125,9.24308553,9.16219934,9.19896579,9.21367237,35976632,450071392.0,0.128014,1,-0.159613,0
2017-08-21,sh.600000,9.1916125,9.24308553,9.16219934,9.19896579,9.19896579,33810237,422478336.0,0.120305,1,0.0,0
2017-08-22,sh.600000,9.19896579,9.21367237,9.12543289,9.14013947,9.19896579,58829999,731959984.0,0.209331,1,-0.639488,0
2017-08-23,sh.600000,9.14749276,9.30926514,9.12543289,9.24308553,9.14013947,96871587,1215804704.0,0.344693,1,1.126302,0
2017-08-24,sh.600000,9.25043882,9.30926514,9.15484605,9.16955263,9.24308553,62153175,779043376.0,0.221156,1,-0.79554,0
2017-08-25,sh.600000,9.16955263,9.4122112,9.16955263,9.39750462,9.16955263,145590666,1842766912.0,0.518047,1,2.485962,0
2017-08-28,sh.600000,9.43427107,9.52986384,9.37544475,9.47839081,9.39750462,104113170,1339965984.0,0.37046,1,0.860725,0
2017-08-29,sh.600000,9.44897765,9.54457042,9.39015133,9.52986384,9.47839081,60063956,772995360.0,0.213722,1,0.543054,0
2017-08-30,sh.600000,9.49309739,9.54457042,9.42691778,9.46368423,9.52986384,60479990,779708160.0,0.215202,1,-0.694446,0
2017-08-31,sh.600000,9.43427107,9.44162436,9.30191185,9.34603159,9.46368423,44790313,570138144.0,0.159375,1,-1.2432,0
2017-09-01,sh.600000,9.32397172,9.46368423,9.32397172,9.39015133,9.34603159,39264131,501796400.0,0.139711,1,0.472073,0
2017-09-04,sh.600000,9.39750462,9.44162436,9.30191185,9.39750462,9.39015133,35667447,454951472.0,0.126913,1,0.078303,0
2017-09-05,sh.600000,9.39750462,9.62545661,9.39750462,9.58133687,9.39750462,73493027,954528912.0,0.261506,1,1.956182,0
2017-09-06,sh.600000,9.55192371,9.59604345,9.4857441,9.52986384,9.58133687,33823576,438219616.0,0.120352,1,-0.537219,0
2017-09-07,sh.600000,9.51515726,9.57398358,9.42691778,9.44897765,9.52986384,38224782,494212416.0,0.136013,1,-0.848763,0
2017-09-08,sh.600000,9.44897765,9.64751648,9.43427107,9.58133687,9.44897765,64778087,842285792.0,0.230496,1,1.400773,0
2017-09-11,sh.600000,9.66957635,9.66957635,9.52251055,9.55192371,9.58133687,52234735,683194000.0,0.185864,1,-0.306984,0
2017-09-12,sh.600000,9.559277,9.58869016,9.49309739,9.58869016,9.55192371,51012322,661471546.0,0.181514,1,0.384913,0
2017-09-13,sh.600000,9.56663029,9.56663029,9.45633094,9.46368423,9.58869016,31972897,412327510.0,0.113767,1,-1.303681,0
2017-09-14,sh.600000,9.47103752,9.54457042,9.41956449,9.44897765,9.46368423,24160832,311079246.0,0.08597,1,-0.155396,0
2017-09-15,sh.600000,9.42691778,9.45633094,9.37544475,9.43427107,9.44897765,24874312,318464945.0,0.088509,1,-0.155646,0
2017-09-18,sh.600000,9.42691778,9.52986384,9.4122112,9.49309739,9.43427107,35747529,461032051.0,0.127198,1,0.623538,0
2017-09-19,sh.600000,9.50780397,9.52251055,9.42691778,9.4857441,9.49309739,30170124,388627660.0,0.107353,1,-0.077461,0
2017-09-20,sh.600000,9.47103752,9.50780397,9.43427107,9.47103752,9.4857441,19867148,255856510.0,0.070692,1,-0.155035,0
2017-09-21,sh.600000,9.45633094,9.52251055,9.43427107,9.46368423,9.47103752,20140268,259643727.0,0.071664,1,-0.077642,0
2017-09-22,sh.600000,9.44162436,9.50045068,9.40485791,9.47839081,9.46368423,24192687,311178548.0,0.086083,1,0.155404,0
2017-09-25,sh.600000,9.47839081,9.52251055,9.34603159,9.51515726,9.47839081,50687628,650703773.0,0.180359,1,0.387892,0
2017-09-26,sh.600000,9.47839081,9.50780397,9.44897765,9.45633094,9.51515726,22163311,285364898.0,0.078862,1,-0.618237,0
2017-09-27,sh.600000,9.43427107,9.49309739,9.38279804,9.44897765,9.45633094,26374752,339097277.0,0.093848,1,-0.077755,0
2017-09-28,sh.600000,9.44897765,9.47103752,9.39015133,9.44162436,9.44897765,24124934,309223171.0,0.085842,1,-0.077823,0
2017-09-29,sh.600000,9.42691778,9.49309739,9.41956449,9.46368423,9.44162436,19822263,255341342.0,0.070532,1,0.233643,0
2017-10-09,sh.600000,9.75781583,9.77252241,9.559277,9.58869016,9.46368423,52149081,684274104.0,0.185559,1,1.320902,0
2017-10-10,sh.600000,9.59604345,9.6328099,9.54457042,9.6328099,9.58869016,27493986,359114767.0,0.09783,1,0.460126,0
2017-10-11,sh.600000,9.61810332,9.64016319,9.58133687,9.60339674,9.6328099,18706308,244440298.0,0.066562,1,-0.305343,0
2017-10-12,sh.600000,9.59604345,9.62545661,9.53721713,9.59604345,9.60339674,17125284,223204024.0,0.060936,1,-0.076571,0
2017-10-13,sh.600000,9.56663029,9.61810332,9.50045068,9.51515726,9.59604345,20857578,271308478.0,0.074216,1,-0.842916,0
2017-10-16,sh.600000,9.54457042,9.60339674,9.51515726,9.58869016,9.51515726,23611164,307206532.0,0.084014,1,0.772801,0
2017-10-17,sh.600000,9.58869016,9.60339674,9.51515726,9.55192371,9.58869016,14692320,190770505.0,0.052279,1,-0.383437,0
2017-10-18,sh.600000,9.55192371,9.6328099,9.50780397,9.61075003,9.55192371,45458736,592125606.0,0.161753,1,0.615858,0
2017-10-19,sh.600000,9.58133687,9.67692964,9.54457042,9.65486977,9.61075003,52881168,690607546.0,0.188164,1,0.45907,0
2017-10-20,sh.600000,9.62545661,9.6328099,9.56663029,9.56663029,9.65486977,17228409,224781272.0,0.061303,1,-0.913937,0
2017-10-23,sh.600000,9.57398358,9.58133687,9.43427107,9.44162436,9.56663029,31563834,406941717.0,0.112312,1,-1.306688,0
2017-10-24,sh.600000,9.44162436,9.52251055,9.42691778,9.45633094,9.44162436,27236042,350864968.0,0.096912,1,0.155759,0
2017-10-25,sh.600000,9.45633094,9.51515726,9.42691778,9.4857441,9.45633094,20743829,267109744.0,0.073812,1,0.311042,0
2017-10-26,sh.600000,9.46368423,9.47103752,9.39750462,9.42691778,9.4857441,25275166,324110141.0,0.089935,1,-0.620155,0
2017-10-27,sh.600000,9.44897765,9.51515726,9.42691778,9.44897765,9.42691778,32673820,420972314.0,0.116261,1,0.234015,0
2017-10-30,sh.600000,9.44162436,9.44162436,9.25779211,9.3386783,9.44897765,74713617,947820344.0,0.265849,1,-1.16732,0
2017-10-31,sh.600000,9.2651454,9.30926514,9.25043882,9.27249869,9.3386783,20120724,253737598.0,0.071594,1,-0.708663,0
2017-11-01,sh.600000,9.28720527,9.35338488,9.21367237,9.22102566,9.27249869,35368712,446287606.0,0.12585,1,-0.555113,0
2017-11-02,sh.600000,9.20631908,9.24308553,9.14013947,9.21367237,9.22102566,48267038,602955872.0,0.171746,1,-0.079747,0
2017-11-03,sh.600000,9.21367237,9.2651454,9.14013947,9.25043882,9.21367237,32848169,411198265.0,0.116882,1,0.399044,0
2017-11-06,sh.600000,9.23573224,9.23573224,9.15484605,9.16955263,9.25043882,20016827,249788208.0,0.071225,1,-0.874401,0
2017-11-07,sh.600000,9.18425921,9.2651454,9.12543289,9.22102566,9.16955263,38677337,482986126.0,0.137623,1,0.561345,0
2017-11-08,sh.600000,9.22102566,9.32397172,9.18425921,9.25043882,9.22102566,37134146,468242270.0,0.132132,1,0.318979,0
2017-11-09,sh.600000,9.24308553,9.28720527,9.21367237,9.22837895,9.25043882,17463373,219541345.0,0.062139,1,-0.238472,0
2017-11-10,sh.600000,9.22102566,9.28720527,9.16219934,9.28720527,9.22837895,49925359,626756843.0,0.177647,1,0.63745,0
2017-11-13,sh.600000,9.30191185,9.44897765,9.28720527,9.4122112,9.28720527,78009337,996962275.0,0.277576,1,1.346002,0
2017-11-14,sh.600000,9.38279804,9.39015133,9.25043882,9.2651454,9.4122112,33754928,426955935.0,0.120108,1,-1.562499,0
2017-11-15,sh.600000,9.2651454,9.28720527,9.22837895,9.2651454,9.2651454,28076530,353327083.0,0.099903,1,0.0,0
2017-11-16,sh.600000,9.24308553,9.24308553,9.10337302,9.11072631,9.2651454,35680762,444238625.0,0.126961,1,-1.666667,0
2017-11-17,sh.600000,9.10337302,9.4122112,9.10337302,9.39750462,9.11072631,109336535,1378873267.0,0.389046,1,3.147695,0
2017-11-20,sh.600000,9.3386783,9.45633094,9.27249869,9.44897765,9.39750462,61495420,783077227.0,0.218816,1,0.547736,0
2017-11-21,sh.600000,9.41956449,9.68428293,9.37544475,9.51515726,9.44897765,116179412,1512638142.0,0.413394,1,0.700383,0
2017-11-22,sh.600000,9.559277,9.88282176,9.559277,9.72840267,9.51515726,114576266,1513356223.0,0.40769,1,2.241113,0
2017-11-23,sh.600000,9.73575596,9.79458228,9.49309739,9.60339674,9.72840267,81912602,1076890039.0,0.291465,1,-1.284952,0
2017-11-24,sh.600000,9.64016319,9.69163622,9.50780397,9.62545661,9.60339674,59612483,777699709.0,0.212116,1,0.229707,0
2017-11-27,sh.600000,9.62545661,9.64751648,9.41956449,9.6328099,9.62545661,79250273,1028510255.0,0.281992,1,0.076396,0
2017-11-28,sh.600000,9.58133687,9.61075003,9.50045068,9.51515726,9.6328099,34031908,441466983.0,0.121094,1,-1.22138,0
2017-11-29,sh.600000,9.52251055,9.58869016,9.41956449,9.51515726,9.51515726,41846783,540439739.0,0.148901,1,0.0,0
2017-11-30,sh.600000,9.49309739,9.52251055,9.4122112,9.49309739,9.51515726,39916356,513785829.0,0.142032,1,-0.231837,0
2017-12-01,sh.600000,9.50780397,9.52251055,9.41956449,9.49309739,9.49309739,38577445,496330241.0,0.137268,1,0.0,0
2017-12-04,sh.600000,9.46368423,9.51515726,9.44162436,9.50045068,9.49309739,36479233,470155474.0,0.129802,1,0.077461,0
2017-12-05,sh.600000,9.50045068,9.75781583,9.49309739,9.68428293,9.50045068,123796797,1623138207.0,0.440499,1,1.934985,0
2017-12-06,sh.600000,9.64751648,9.67692964,9.49309739,9.52986384,9.68428293,43564931,566372423.0,0.155015,1,-1.594533,0
2017-12-07,sh.600000,9.52251055,9.58133687,9.49309739,9.52986384,9.52986384,34802229,451233524.0,0.123835,1,0.0,0
2017-12-08,sh.600000,9.54457042,9.55192371,9.46368423,9.50780397,9.52986384,31296221,404411517.0,0.11136,1,-0.231479,0
2017-12-11,sh.600000,9.50045068,9.58869016,9.44897765,9.53721713,9.50780397,36649902,474566888.0,0.130409,1,0.309358,0
2017-12-12,sh.600000,9.53721713,9.53721713,9.36809146,9.37544475,9.53721713,30370097,390113096.0,0.108064,1,-1.696224,0
2017-12-13,sh.600000,9.4122112,9.41956449,9.28720527,9.36809146,9.37544475,19345338,246331123.0,0.068835,1,-0.078433,0
2017-12-14,sh.600000,9.40485791,9.40485791,9.30926514,9.33132501,9.36809146,16141678,205219487.0,0.057436,1,-0.392466,0
2017-12-15,sh.600000,9.33132501,9.36073817,9.27249869,9.27985198,9.33132501,16210108,205323767.0,0.057679,1,-0.551613,0
2017-12-18,sh.600000,9.34603159,9.34603159,9.27249869,9.30191185,9.27985198,13445648,170140035.0,0.047843,1,0.237716,0
2017-12-19,sh.600000,9.30191185,9.38279804,9.27985198,9.37544475,9.30191185,18399603,233884666.0,0.06547,1,0.790517,0
2017-12-20,sh.600000,9.38279804,9.38279804,9.2651454,9.36073817,9.37544475,26639844,337603451.0,0.094791,1,-0.156866,0
2017-12-21,sh.600000,9.31661843,9.39750462,9.2651454,9.3386783,9.36073817,21052388,267624195.0,0.074909,1,-0.235662,0
2017-12-22,sh.600000,9.32397172,9.35338488,9.27249869,9.27985198,9.3386783,16076938,203468779.0,0.057206,1,-0.629921,0
2017-12-25,sh.600000,9.27249869,9.32397172,9.23573224,9.25779211,9.27985198,19306662,243553698.0,0.068698,1,-0.237716,0
2017-12-26,sh.600000,9.24308553,9.30926514,9.23573224,9.29455856,9.25779211,15225722,192219131.0,0.054177,1,0.397142,0
2017-12-27,sh.600000,9.30191185,9.30926514,9.21367237,9.27985198,9.29455856,32731881,412197987.0,0.116468,1,-0.158231,0
2017-12-28,sh.600000,9.2651454,9.30926514,9.21367237,9.22102566,9.27985198,23870824,300834017.0,0.084938,1,-0.633914,0
2017-12-29,sh.600000,9.20631908,9.27985198,9.19896579,9.25779211,9.22102566,16351826,205752875.0,0.058184,1,0.398726,0
2018-01-02,sh.600000,9.27249869,9.39015133,9.2651454,9.35338488,9.25779211,31323053,398614966.0,0.111455,1,1.032566,0
2018-01-03,sh.600000,9.36073817,9.4122112,9.30926514,9.30926514,9.35338488,37839101,480954809.0,0.134641,1,-0.471701,0
2018-01-04,sh.600000,9.3386783,9.36073817,9.27985198,9.30926514,9.30926514,27883804,353205838.0,0.099217,1,0.0,0
2018-01-05,sh.600000,9.31661843,9.34603159,9.27985198,9.33132501,9.30926514,31026744,393058250.0,0.110401,1,0.236965,0
2018-01-08,sh.600000,9.33132501,9.34603159,9.28720527,9.32397172,9.33132501,31389887,397842209.0,0.111693,1,-0.078797,0
2018-01-09,sh.600000,9.32397172,9.36809146,9.30926514,9.3386783,9.32397172,26215432,332848333.0,0.093281,1,0.157725,0
2018-01-10,sh.600000,9.3386783,9.62545661,9.32397172,9.57398358,9.3386783,90679990,1174202006.0,0.322661,1,2.51969,0
2018-01-11,sh.600000,9.52251055,9.58869016,9.46368423,9.51515726,9.57398358,37816412,489588906.0,0.13456,1,-0.614446,0
2018-01-12,sh.600000,9.53721713,9.559277,9.4857441,9.49309739,9.51515726,24203419,313215088.0,0.086122,1,-0.231837,0
2018-01-15,sh.600000,9.47103752,9.61810332,9.44897765,9.57398358,9.49309739,61320680,796861091.0,0.218194,1,0.852058,0
2018-01-16,sh.600000,9.53721713,9.60339674,9.39750462,9.4857441,9.57398358,74892652,963701144.0,0.266486,1,-0.921665,0
2018-01-17,sh.600000,9.49309739,9.86811518,9.47839081,9.6328099,9.4857441,127132813,1675235171.0,0.452369,1,1.550394,0
2018-01-18,sh.600000,9.66222306,9.74310925,9.59604345,9.73575596,9.6328099,111608076,1465159094.0,0.397129,1,1.068698,0
2018-01-19,sh.600000,9.80193557,10.00782769,9.69163622,9.73575596,9.73575596,171648871,2300220633.0,0.610768,1,0.0,0
2018-01-22,sh.600000,9.50780397,9.66957635,9.34603159,9.39015133,9.73575596,272513808,3514775144.0,0.96967,1,-3.549844,0
2018-01-23,sh.600000,9.37544475,9.50045068,9.32397172,9.4857441,9.39015133,217827457,2791828653.0,0.775083,1,1.018004,0
2018-01-24,sh.600000,9.53721713,10.294606,9.47839081,9.97841453,9.4857441,379653632,5099364114.0,1.3509,1,5.193799,0
2018-01-25,sh.600000,9.95635466,10.11812704,9.82399544,10.03724085,9.97841453,176989631,2400208784.0,0.629772,1,0.589535,0
2018-01-26,sh.600000,10.03724085,10.08871388,9.82399544,9.86076189,10.03724085,218419685,2954019925.0,0.77719,1,-1.75824,0
2018-01-29,sh.600000,9.91223492,9.94900137,9.79458228,9.89752834,9.86076189,153783104,2065139247.0,0.547198,1,0.372858,0
2018-01-30,sh.600000,9.89017505,9.91958821,9.62545661,9.64016319,9.89752834,107804018,1429924976.0,0.383593,1,-2.6003,0
2018-01-31,sh.600000,9.59604345,9.69898951,9.54457042,9.68428293,9.64016319,117703264,1541960901.0,0.418817,1,0.457669,0
2018-02-01,sh.600000,9.66222306,9.80193557,9.51515726,9.7798757,9.68428293,173573331,2289044601.0,0.617616,1,0.987093,0
2018-02-02,sh.600000,9.69898951,9.69898951,9.56663029,9.66222306,9.7798757,71796780,941467191.0,0.25547,1,-1.203006,0
2018-02-05,sh.600000,9.559277,9.95635466,9.54457042,9.91958821,9.66222306,150149657,2006361757.0,0.534269,1,2.663618,0
2018-02-06,sh.600000,9.77252241,9.9269415,9.7063428,9.91223492,9.91958821,244358992,3270199180.0,0.869488,1,-0.074131,0
2018-02-07,sh.600000,9.98576782,10.2210731,9.73575596,9.89017505,9.91223492,200770115,2720519687.0,0.714389,1,-0.22255,0
2018-02-08,sh.600000,9.80928886,9.8534086,9.52251055,9.6328099,9.89017505,109426872,1438198801.0,0.389367,1,-2.602226,0
2018-02-09,sh.600000,9.47839081,9.54457042,9.00042696,9.39750462,9.6328099,149257356,1877264356.0,0.531094,1,-2.442753,0
2018-02-12,sh.600000,9.30926514,9.32397172,9.14013947,9.18425921,9.39750462,64799197,811027710.0,0.230571,1,-2.26917,0
2018-02-13,sh.600000,9.22837895,9.32397172,9.1916125,9.19896579,9.18425921,54900214,690054113.0,0.195348,1,0.160132,0
2018-02-14,sh.600000,9.1916125,9.22837895,9.10337302,9.16219934,9.19896579,32597811,406060202.0,0.115991,1,-0.399682,0
2018-02-22,sh.600000,9.2651454,9.32397172,9.21367237,9.28720527,9.16219934,42012285,529856471.0,0.14949,1,1.364367,0
2018-02-23,sh.600000,9.30926514,9.39750462,9.25779211,9.35338488,9.28720527,38736515,491768409.0,0.137834,1,0.71259,0
2018-02-26,sh.600000,9.39015133,9.44162436,9.27249869,9.36073817,9.35338488,48806055,620261080.0,0.173664,1,0.078611,0
2018-02-27,sh.600000,9.37544475,9.38279804,9.27249869,9.33132501,9.36073817,48561087,615622149.0,0.172792,1,-0.314218,0
2018-02-28,sh.600000,9.27249869,9.30926514,9.14749276,9.16219934,9.33132501,39888938,499258844.0,0.141935,1,-1.812447,0
2018-03-01,sh.600000,9.1180796,9.1916125,9.10337302,9.16955263,9.16219934,34491031,429574072.0,0.122727,1,0.080259,0
2018-03-02,sh.600000,9.1180796,9.16219934,9.08866644,9.12543289,9.16955263,23024132,285473130.0,0.081925,1,-0.481158,0
2018-03-05,sh.600000,9.12543289,9.17690592,9.07395986,9.13278618,9.12543289,29343464,363849705.0,0.104411,1,0.080582,0
2018-03-06,sh.600000,9.17690592,9.19896579,9.10337302,9.18425921,9.13278618,27222668,339015159.0,0.096865,1,0.563605,0
2018-03-07,sh.600000,9.19896579,9.2651454,9.16219934,9.18425921,9.18425921,38817575,487036820.0,0.138122,1,0.0,0
2018-03-08,sh.600000,9.22837895,9.22837895,9.1180796,9.16955263,9.18425921,22164132,276013913.0,0.078865,1,-0.160124,0
2018-03-09,sh.600000,9.18425921,9.19896579,9.13278618,9.17690592,9.16955263,23558287,293550899.0,0.083826,1,0.080187,0
2018-03-12,sh.600000,9.21367237,9.22102566,9.16219934,9.1916125,9.17690592,25161821,314544074.0,0.089532,1,0.16026,0
2018-03-13,sh.600000,9.1916125,9.25043882,9.14013947,9.18425921,9.1916125,25145000,314545358.0,0.089472,1,-0.080002,0
2018-03-14,sh.600000,9.15484605,9.15484605,9.10337302,9.11072631,9.18425921,22804603,282970086.0,0.081144,1,-0.800636,0
2018-03-15,sh.600000,9.08131315,9.12543289,9.07395986,9.11072631,9.11072631,17287774,213972089.0,0.061514,1,0.0,0
2018-03-16,sh.600000,9.08866644,9.1180796,9.0445467,9.0445467,9.11072631,26781399,330778426.0,0.095295,1,-0.726394,0
2018-03-19,sh.600000,9.05189999,9.06660657,9.01513354,9.05189999,9.0445467,16896048,207819310.0,0.06012,1,0.081303,0
2018-03-20,sh.600000,9.02984012,9.11072631,9.00778025,9.05925328,9.05189999,20672283,254187843.0,0.073557,1,0.081229,0
2018-03-21,sh.600000,9.07395986,9.1180796,9.02984012,9.03719341,9.05925328,23878465,294872209.0,0.084965,1,-0.243504,0
2018-03-22,sh.600000,9.08131315,9.08131315,9.00778025,9.00778025,9.03719341,22948484,281975042.0,0.081656,1,-0.325468,0
2018-03-23,sh.600000,8.823948,8.86806774,8.55922956,8.61070259,9.00778025,57106391,676679666.0,0.203198,1,-4.408163,0
2018-03-26,sh.600000,8.61070259,8.64011575,8.4562835,8.53716969,8.61070259,36425054,422233460.0,0.129609,1,-0.853974,0
2018-03-27,sh.600000,8.6033493,8.65482233,8.50040324,8.54452298,8.53716969,27332809,318586664.0,0.097257,1,0.086135,0
2018-03-28,sh.600000,8.47834337,8.64011575,8.47099008,8.50775653,8.54452298,22911282,266121467.0,0.081524,1,-0.430294,0
2018-03-29,sh.600000,8.50775653,8.61070259,8.41951705,8.54452298,8.50775653,33108805,383064999.0,0.117809,1,0.432154,0
2018-03-30,sh.600000,8.55187627,8.59599601,8.53716969,8.56658285,8.54452298,23271965,270987701.0,0.082807,1,0.258173,0
2018-04-02,sh.600000,8.58864272,8.69158878,8.56658285,8.61070259,8.56658285,27719599,325667590.0,0.098633,1,0.515025,0
2018-04-03,sh.600000,8.57393614,8.58128943,8.48569666,8.50040324,8.61070259,18303514,211906876.0,0.065128,1,-1.280953,0
2018-04-04,sh.600000,8.53716969,8.56658285,8.47834337,8.47834337,8.50040324,19637509,227689712.0,0.069875,1,-0.259522,0
2018-04-09,sh.600000,8.47834337,8.52246311,8.44893021,8.4562835,8.47834337,16722481,192709506.0,0.059503,1,-0.260188,0
2018-04-10,sh.600000,8.47099008,8.66952891,8.46363679,8.65482233,8.4562835,28748298,336076808.0,0.102293,1,2.34783,0
2018-04-11,sh.600000,8.66952891,8.83865458,8.64011575,8.75776839,8.65482233,31298519,372471249.0,0.111368,1,1.189459,0
2018-04-12,sh.600000,8.75776839,8.79453484,8.64746904,8.66217562,8.75776839,18824289,222769476.0,0.066981,1,-1.091521,0
2018-04-13,sh.600000,8.69894207,8.74306181,8.59599601,8.59599601,8.66217562,14094853,166015524.0,0.050153,1,-0.764008,0
2018-04-16,sh.600000,8.6768822,8.6768822,8.48569666,8.49304995,8.59599601,23720095,275070676.0,0.084402,1,-1.1976,0
2018-04-17,sh.600000,8.50040324,8.6033493,8.49304995,8.49304995,8.49304995,25469983,296234022.0,0.090628,1,0.0,0
2018-04-18,sh.600000,8.64011575,8.66952891,8.57393614,8.62540917,8.49304995,26295275,308485462.0,0.093565,1,1.558436,0
2018-04-19,sh.600000,8.6768822,8.74306181,8.64746904,8.6768822,8.62540917,16553270,195771190.0,0.058901,1,0.596766,0
2018-04-20,sh.600000,8.63276246,8.66952891,8.50775653,8.53716969,8.6768822,18377407,213965166.0,0.065391,1,-1.610174,0
2018-04-23,sh.600000,8.50040324,8.64011575,8.47834337,8.5298164,8.53716969,18181610,211046456.0,0.064695,1,-0.086126,0
2018-04-24,sh.600000,8.50040324,8.66217562,8.50040324,8.66217562,8.5298164,23032861,269871844.0,0.081956,1,1.551718,0
2018-04-25,sh.600000,8.61070259,8.65482233,8.56658285,8.57393614,8.66217562,16082634,188149247.0,0.057226,1,-1.018675,0
2018-04-26,sh.600000,8.62540917,8.66217562,8.49304995,8.50775653,8.57393614,18205794,211987526.0,0.064781,1,-0.771871,0
2018-04-27,sh.600000,8.51510982,8.58128943,8.49304995,8.53716969,8.50775653,23450783,272328553.0,0.083444,1,0.345721,0
2018-05-02,sh.600000,8.33127757,8.33127757,8.06655913,8.11067887,8.53716969,69325684,769050164.0,0.246678,1,-4.995693,0
2018-05-03,sh.600000,8.08126571,8.09597229,7.96361307,8.02979268,8.11067887,34665572,378055362.0,0.123349,1,-0.997277,0
2018-05-04,sh.600000,8.02243939,8.04449926,7.9415532,7.96361307,8.02979268,22253089,241749748.0,0.079182,1,-0.824177,0
2018-05-07,sh.600000,7.95625978,8.00773281,7.91214004,7.97096636,7.96361307,27425378,297162770.0,0.097586,1,0.092338,0
2018-05-08,sh.600000,7.97096636,8.06655913,7.94890649,8.05185255,7.97096636,28796453,314537694.0,0.102465,1,1.014757,0
2018-05-09,sh.600000,8.05185255,8.088619,8.00773281,8.03714597,8.05185255,18510621,202375456.0,0.065865,1,-0.182644,0
2018-05-10,sh.600000,8.07391242,8.088619,8.02243939,8.05185255,8.03714597,16030500,175546224.0,0.05704,1,0.182978,0
2018-05-11,sh.600000,8.088619,8.09597229,8.04449926,8.05185255,8.05185255,22015135,241676135.0,0.078335,1,0.0,0
2018-05-14,sh.600000,8.06655913,8.12538545,8.05920584,8.088619,8.05185255,23763310,261553535.0,0.084556,1,0.456623,0
2018-05-15,sh.600000,8.11067887,8.12538545,8.00037952,8.08126571,8.088619,23548459,258018710.0,0.083791,1,-0.090911,0
2018-05-16,sh.600000,8.03714597,8.05920584,7.98567294,7.99302623,8.08126571,23580345,257351420.0,0.083905,1,-1.091901,0
2018-05-17,sh.600000,7.98567294,8.02243939,7.94890649,7.96361307,7.99302623,18474690,200668980.0,0.065737,1,-0.367985,0
2018-05-18,sh.600000,7.97831965,8.0150861,7.94890649,8.0150861,7.96361307,21717105,235717339.0,0.077275,1,0.64635,0
2018-05-21,sh.600000,8.07391242,8.07391242,8.0150861,8.04449926,8.0150861,23393724,255891648.0,0.083241,1,0.366972,0
2018-05-22,sh.600000,8.04449926,8.05185255,7.97831965,8.00037952,8.04449926,16014501,174138743.0,0.056983,1,-0.548441,0
2018-05-23,sh.600000,8.00037952,8.00773281,7.93419991,7.9415532,8.00037952,21194469,229712309.0,0.075415,1,-0.735293,0
2018-05-24,sh.600000,7.96361307,7.97096636,7.91214004,7.93419991,7.9415532,15229580,164430466.0,0.054191,1,-0.092595,0
2018-05-25,sh.600000,7.96361307,7.96361307,7.85331372,7.87537359,7.93419991,19016226,204634790.0,0.067664,1,-0.741426,0
2018-05-28,sh.600000,7.87537359,7.93419991,7.80184069,7.91214004,7.87537359,18370343,196979804.0,0.065366,1,0.466855,0
2018-05-29,sh.600000,7.8680203,7.89743346,7.80184069,7.82390056,7.91214004,16933980,180559166.0,0.060255,1,-1.115241,0
2018-05-30,sh.600000,7.76507424,7.7944874,7.64006831,7.67683476,7.82390056,32230788,338274421.0,0.114685,1,-1.879706,0
2018-05-31,sh.600000,7.69154134,7.86066701,7.69154134,7.75772095,7.67683476,45532670,480871723.0,0.162016,1,1.053646,0
2018-06-01,sh.600000,7.7944874,7.86066701,7.74301437,7.85331372,7.75772095,18365527,195167690.0,0.065349,1,1.232229,0
2018-06-04,sh.600000,7.91214004,7.96361307,7.8680203,7.90478675,7.85331372,16180325,174154210.0,0.057574,1,0.655428,0
2018-06-05,sh.600000,7.87537359,7.90478675,7.80184069,7.83860714,7.90478675,18692609,199025891.0,0.066513,1,-0.837211,0
2018-06-06,sh.600000,7.82390056,7.82390056,7.74301437,7.75772095,7.83860714,14983603,158227437.0,0.053315,1,-1.031892,0
2018-06-07,sh.600000,7.76507424,7.83860714,7.72830779,7.80919398,7.75772095,23355633,247771033.0,0.083105,1,0.663504,0
2018-06-08,sh.600000,7.75772095,7.77242753,7.62536173,7.66212818,7.80919398,27181997,283822904.0,0.09672,1,-1.883237,0
2018-06-11,sh.600000,7.63271502,7.66948147,7.55918212,7.66212818,7.66212818,18004293,186272758.0,0.064064,1,0.0,0
2018-06-12,sh.600000,7.65477489,7.65477489,7.5738887,7.61065515,7.66212818,16085667,166400389.0,0.057237,1,-0.671782,0
2018-06-13,sh.600000,7.5738887,7.59594857,7.48564922,7.50770909,7.61065515,19961576,204624613.0,0.071028,1,-1.35266,0
2018-06-14,sh.600000,7.47094264,7.54447554,7.47094264,7.51506238,7.50770909,17557528,179339350.0,0.062474,1,0.097945,0
2018-06-15,sh.600000,7.51506238,7.60330186,7.49300251,7.5738887,7.51506238,19914990,204800278.0,0.070862,1,0.782778,0
2018-06-19,sh.600000,7.52241567,7.52976896,7.21357749,7.29446368,7.5738887,42988471,432159776.0,0.152963,1,-3.689322,0
2018-06-20,sh.600000,7.29446368,7.33858342,7.25769723,7.27240381,7.29446368,18915740,187504468.0,0.067307,1,-0.302417,0
2018-06-21,sh.600000,7.26505052,7.33858342,7.16945775,7.22828407,7.27240381,23636961,234236776.0,0.084106,1,-0.606678,0
2018-06-22,sh.600000,7.22828407,7.22828407,7.11063143,7.17681104,7.22828407,25040001,243586307.0,0.089098,1,-0.712103,0
2018-06-25,sh.600000,7.18416433,7.22093078,7.02239195,7.02974524,7.17681104,24244380,234851670.0,0.086267,1,-2.049178,0
2018-06-26,sh.600000,7.0591584,7.0591584,6.87532615,6.97091892,7.02974524,24424095,231698549.0,0.086907,1,-0.836829,0
2018-06-27,sh.600000,6.91944589,7.00768537,6.88267944,6.89003273,6.97091892,24913770,234831869.0,0.088649,1,-1.160334,0
2018-06-28,sh.600000,6.86061957,7.06651169,6.85326628,6.9856255,6.89003273,30741337,290768015.0,0.109385,1,1.387408,0
2018-06-29,sh.600000,7.02974524,7.0591584,6.94885905,7.02974524,6.9856255,19493546,185831802.0,0.069363,1,0.631583,0
2018-07-02,sh.600000,7.02239195,7.02239195,6.78708667,6.83120641,7.02974524,22669089,212743905.0,0.080662,1,-2.824272,0
2018-07-03,sh.600000,6.83120641,6.89738602,6.7650268,6.87532615,6.83120641,24123551,224816757.0,0.085837,1,0.64586,0
2018-07-04,sh.600000,6.86797286,6.92679918,6.82385312,6.84591299,6.87532615,14464777,135000876.0,0.051469,1,-0.427807,0
2018-07-05,sh.600000,6.80914654,6.87532615,6.77973338,6.80914654,6.84591299,16495438,152978661.0,0.058695,1,-0.537059,0
2018-07-06,sh.600000,6.84591299,6.93415247,6.74296693,6.89003273,6.80914654,22594443,210564106.0,0.080397,1,1.187901,0
2018-07-09,sh.600000,6.89003273,7.08121827,6.89003273,7.0591584,6.89003273,22172565,212109327.0,0.078895,1,2.454648,0
2018-07-10,sh.600000,7.06651169,7.09592485,6.9856255,7.03709853,7.0591584,12402837,118668133.0,0.044132,1,-0.312507,0
2018-07-11,sh.600000,6.89003273,6.94150576,6.85326628,6.89738602,7.03709853,15203933,142450919.0,0.054099,1,-1.985367,0
2018-07-12,sh.600000,6.91944589,7.06651169,6.90473931,7.03709853,6.89738602,19704837,188206858.0,0.070115,1,2.025582,0
2018-07-13,sh.600000,7.11140958,7.11884052,7.02966924,7.05196206,7.03710018,15026339,142708347.0,0.053467,1,0.211188,0
2018-07-16,sh.600000,7.059393,7.08911676,6.94049796,6.99251454,7.05196206,14414119,135697106.0,0.051289,1,-0.842992,0
2018-07-17,sh.600000,6.99251454,7.04453112,6.97022172,7.01480736,6.99251454,13713495,129512091.0,0.048796,1,0.318807,0
2018-07-18,sh.600000,7.06682394,7.16342616,7.04453112,7.06682394,7.01480736,18922700,180858003.0,0.067332,1,0.741532,0
2018-07-19,sh.600000,7.1337024,7.14856428,7.08168582,7.10397864,7.06682394,18360482,175909129.0,0.065331,1,0.525764,0
2018-07-20,sh.600000,7.10397864,7.3937853,7.03710018,7.33433778,7.10397864,33275650,325018010.0,0.118403,1,3.242672,0
2018-07-23,sh.600000,7.36406154,7.45323282,7.23773556,7.40121624,7.33433778,31484434,311612051.0,0.112029,1,0.911856,0
2018-07-24,sh.600000,7.41607812,7.53497316,7.40864718,7.44580188,7.40121624,36424560,365678865.0,0.129607,1,0.602414,0
2018-07-25,sh.600000,7.52011128,7.52011128,7.40121624,7.44580188,7.44580188,15889970,159153073.0,0.05654,1,0.0,0
2018-07-26,sh.600000,7.48295658,7.49038752,7.3937853,7.40121624,7.44580188,15206330,151927483.0,0.054108,1,-0.598807,0
2018-07-27,sh.600000,7.40121624,7.46066376,7.37892342,7.42350906,7.40121624,12120067,121060815.0,0.043126,1,0.301202,0
2018-07-30,sh.600000,7.42350906,7.54983504,7.40864718,7.52754222,7.42350906,20096364,202566237.0,0.071508,1,1.401405,0
2018-07-31,sh.600000,7.52011128,7.5795588,7.43094,7.55726598,7.52754222,18203008,184265064.0,0.064771,1,0.394866,0
2018-08-01,sh.600000,7.62414444,7.63157538,7.3566306,7.36406154,7.55726598,20741884,209512354.0,0.073805,1,-2.556541,0
2018-08-02,sh.600000,7.36406154,7.45323282,7.17828804,7.27489026,7.36406154,24483871,240792864.0,0.08712,1,-1.210897,0
2018-08-03,sh.600000,7.27489026,7.41607812,7.25259744,7.30461402,7.27489026,16997939,168026922.0,0.060483,1,0.40858,0
2018-08-06,sh.600000,7.40864718,7.45323282,7.33433778,7.36406154,7.30461402,17444492,173559265.0,0.062072,1,0.813835,0
2018-08-07,sh.600000,7.38635436,7.52011128,7.38635436,7.51268034,7.36406154,21784661,218926426.0,0.077515,1,2.018162,0
2018-08-08,sh.600000,7.5424041,7.5424041,7.43837094,7.4680947,7.51268034,13461992,135623302.0,0.047901,1,-0.593467,0
2018-08-09,sh.600000,7.43094,7.56469692,7.42350906,7.53497316,7.4680947,17689853,179007673.0,0.062945,1,0.895524,0
2018-08-10,sh.600000,7.53497316,7.53497316,7.44580188,7.48295658,7.53497316,13172633,132643603.0,0.046871,1,-0.690342,0
2018-08-13,sh.600000,7.43094,7.47552564,7.3566306,7.41607812,7.48295658,17927668,178552668.0,0.063791,1,-0.893745,0
2018-08-14,sh.600000,7.41607812,7.48295658,7.3937853,7.47552564,7.41607812,15868585,158997523.0,0.056464,1,0.801612,0
2018-08-15,sh.600000,7.47552564,7.47552564,7.3566306,7.3566306,7.47552564,14787033,147639905.0,0.052616,1,-1.590465,0
2018-08-16,sh.600000,7.33433778,7.52011128,7.31204496,7.47552564,7.3566306,24323652,243554060.0,0.086549,1,1.61617,0
2018-08-17,sh.600000,7.54983504,7.54983504,7.37892342,7.41607812,7.47552564,15090455,151684025.0,0.053695,1,-0.795237,0
2018-08-20,sh.600000,7.55726598,7.55726598,7.43837094,7.5424041,7.41607812,26975300,272534557.0,0.095985,1,1.703408,0
2018-08-21,sh.600000,7.56469692,7.5795588,7.49781846,7.52011128,7.5424041,19786535,200852851.0,0.070405,1,-0.295564,0
2018-08-22,sh.600000,7.52011128,7.53497316,7.43094,7.49781846,7.52011128,11993541,120615691.0,0.042676,1,-0.29644,0
2018-08-23,sh.600000,7.52754222,7.53497316,7.41607812,7.48295658,7.49781846,15537812,156583263.0,0.055287,1,-0.198221,0
2018-08-24,sh.600000,7.47552564,7.75047042,7.44580188,7.6538682,7.48295658,32268837,330331268.0,0.11482,1,2.284017,0
2018-08-27,sh.600000,7.67616102,7.6910229,7.58698974,7.67616102,7.6538682,23266645,239467138.0,0.082788,1,0.29126,0
2018-08-28,sh.600000,7.6538682,7.71331572,7.6167135,7.6538682,7.67616102,14609685,150677769.0,0.051985,1,-0.290414,0
2018-08-29,sh.600000,7.64643726,7.66873008,7.62414444,7.66873008,7.6538682,10362000,106687297.0,0.036871,1,0.19417,0
2018-08-30,sh.600000,7.6538682,7.73560854,7.55726598,7.55726598,7.66873008,18621890,191336868.0,0.066261,1,-1.453485,0
2018-08-31,sh.600000,7.54983504,7.69845384,7.54983504,7.67616102,7.55726598,37311724,383679854.0,0.132764,1,1.573253,0
2018-09-03,sh.600000,7.63157538,7.6538682,7.55726598,7.60928256,7.67616102,14309539,146457275.0,0.050917,1,-0.87125,0
2018-09-04,sh.600000,7.58698974,7.7281776,7.56469692,7.70588478,7.60928256,16353060,168632347.0,0.058188,1,1.269532,0
2018-09-05,sh.600000,7.66129914,7.70588478,7.52011128,7.52011128,7.70588478,22729232,232884783.0,0.080876,1,-2.4108,0
2018-09-06,sh.600000,7.52011128,7.60185162,7.52011128,7.53497316,7.52011128,10546916,107317753.0,0.037528,1,0.197633,0
2018-09-07,sh.600000,7.5424041,7.6167135,7.52011128,7.57212786,7.53497316,8995716,91694437.0,0.032009,1,0.493089,0
2018-09-10,sh.600000,7.54983504,7.60185162,7.52754222,7.56469692,7.57212786,11822813,120376355.0,0.042068,1,-0.098128,0
2018-09-11,sh.600000,7.59442068,7.63157538,7.41607812,7.44580188,7.56469692,19689042,199401394.0,0.070058,1,-1.571708,0
2018-09-12,sh.600000,7.42350906,7.48295658,7.3937853,7.46066376,7.44580188,16506103,165231589.0,0.058733,1,0.199596,0
2018-09-13,sh.600000,7.55726598,7.6538682,7.51268034,7.64643726,7.46066376,29417198,300441533.0,0.104674,1,2.49004,0
2018-09-14,sh.600000,7.69845384,7.69845384,7.58698974,7.62414444,7.64643726,16450780,169083471.0,0.058536,1,-0.291543,0
2018-09-17,sh.600000,7.62414444,7.63900632,7.5052494,7.5424041,7.62414444,10535343,107339083.0,0.037487,1,-1.072131,0
2018-09-18,sh.600000,7.54983504,7.62414444,7.49781846,7.62414444,7.5424041,16684789,170045729.0,0.059369,1,1.08375,0
2018-09-19,sh.600000,7.63900632,7.64643726,7.5795588,7.60928256,7.62414444,18550643,190221692.0,0.066008,1,-0.194936,0
2018-09-20,sh.600000,7.62414444,7.63900632,7.56469692,7.59442068,7.60928256,16307051,166658023.0,0.058024,1,-0.195308,0
2018-09-21,sh.600000,7.60928256,7.79505606,7.5424041,7.79505606,7.59442068,37571431,388504217.0,0.133688,1,2.641874,0
2018-09-25,sh.600000,7.71331572,7.78019418,7.66873008,7.6910229,7.79505606,15879199,164580504.0,0.056502,1,-1.334599,0
2018-09-26,sh.600000,7.72074666,7.84707264,7.68359196,7.73560854,7.6910229,31175799,326010701.0,0.110931,1,0.579705,0
2018-09-27,sh.600000,7.7653323,7.78762512,7.71331572,7.78762512,7.73560854,24182714,252306120.0,0.086048,1,0.672427,0
2018-09-28,sh.600000,7.79505606,7.9882605,7.75790136,7.89165828,7.78762512,37430602,396863685.0,0.133187,1,1.335881,0
2018-10-08,sh.600000,7.72074666,7.78762512,7.5424041,7.54983504,7.89165828,41957276,432913252.0,0.149294,1,-4.33145,0
2018-10-09,sh.600000,7.49038752,7.60928256,7.48295658,7.5424041,7.54983504,23159026,234661842.0,0.082405,1,-0.098427,0
2018-10-10,sh.600000,7.53497316,7.63900632,7.52754222,7.55726598,7.5424041,18124701,184735118.0,0.064492,1,0.197049,0
2018-10-11,sh.600000,7.43094,7.4680947,7.21544274,7.2823212,7.55726598,39056785,386778863.0,0.138974,1,-3.63815,0
2018-10-12,sh.600000,7.3566306,7.5052494,7.30461402,7.45323282,7.2823212,25145127,250805638.0,0.089472,1,2.346934,0
2018-10-15,sh.600000,7.4680947,7.54983504,7.40864718,7.45323282,7.45323282,13957844,140122866.0,0.049665,1,0.0,0
2018-10-16,sh.600000,7.45323282,7.57212786,7.40864718,7.4680947,7.45323282,15308344,154272073.0,0.054471,1,0.199406,0
2018-10-17,sh.600000,7.56469692,7.66129914,7.53497316,7.64643726,7.4680947,26520895,271564080.0,0.094368,1,2.388057,0
2018-10-18,sh.600000,7.6910229,7.6910229,7.54983504,7.57212786,7.64643726,22403988,229432798.0,0.079719,1,-0.971821,0
2018-10-19,sh.600000,7.6167135,7.75047042,7.48295658,7.71331572,7.57212786,40331386,414893373.0,0.143509,1,1.864578,0
2018-10-22,sh.600000,7.66873008,7.9511058,7.66873008,7.89165828,7.71331572,47003409,497527573.0,0.16725,1,2.312136,0
2018-10-23,sh.600000,7.90652016,7.9511058,7.7653323,7.7653323,7.89165828,38089035,403493088.0,0.13553,1,-1.600754,0
2018-10-24,sh.600000,7.85450358,8.2111887,7.81734888,7.98082956,7.7653323,59165552,639391016.0,0.210525,1,2.775119,0
2018-10-25,sh.600000,7.8767964,8.09229366,7.83221076,8.05513896,7.98082956,36866593,393987422.0,0.13118,1,0.931102,0
2018-10-26,sh.600000,8.0625699,8.15917212,7.98082956,8.11458648,8.05513896,27519309,298733755.0,0.09792,1,0.738007,0
2018-10-29,sh.600000,8.23348152,8.26320528,7.95853674,8.01798426,8.11458648,35265959,385116491.0,0.125485,1,-1.190477,0
2018-10-30,sh.600000,8.12201742,8.2111887,8.09229366,8.1368793,8.01798426,33086049,363018055.0,0.117728,1,1.482853,0
2018-10-31,sh.600000,8.16660306,8.19632682,8.07743178,8.15917212,8.1368793,21737114,237583046.0,0.077346,1,0.27397,0
2018-11-01,sh.600000,8.2111887,8.24091246,8.07000084,8.09229366,8.15917212,23505322,257781673.0,0.083638,1,-0.819665,0
2018-11-02,sh.600000,8.2483434,8.3598075,8.12944836,8.30779092,8.09229366,47788920,530913675.0,0.170045,1,2.662993,0
2018-11-05,sh.600000,8.2854981,8.3598075,8.23348152,8.27806716,8.30779092,17012759,189481162.0,0.060536,1,-0.357781,0
2018-11-06,sh.600000,8.27063622,8.2854981,8.174034,8.19632682,8.27806716,18422477,203565760.0,0.065552,1,-0.987438,0
2018-11-07,sh.600000,8.24091246,8.2483434,8.07743178,8.0997246,8.19632682,20843864,228836505.0,0.074168,1,-1.178605,0
2018-11-08,sh.600000,8.2111887,8.2483434,8.0997246,8.21861964,8.0997246,19991683,220506116.0,0.071135,1,1.467897,0
2018-11-09,sh.600000,8.16660306,8.19632682,7.9511058,7.9882605,8.21861964,25570050,277004944.0,0.090984,1,-2.802897,0
2018-11-12,sh.600000,8.00312238,8.1368793,7.9882605,8.0254152,7.9882605,27015827,292478247.0,0.096129,1,0.465118,0
2018-11-13,sh.600000,7.93624392,8.0997246,7.93624392,8.04027708,8.0254152,20708729,223541479.0,0.073687,1,0.185181,0
2018-11-14,sh.600000,8.07743178,8.07743178,7.93624392,7.9511058,8.04027708,17998183,193809658.0,0.064042,1,-1.109056,0
2018-11-15,sh.600000,7.96596768,8.03284614,7.9139511,8.00312238,7.9511058,16580059,178144575.0,0.058996,1,0.654212,0
2018-11-16,sh.600000,8.00312238,8.0625699,7.95853674,7.99569144,8.00312238,21394417,230509596.0,0.076127,1,-0.092853,0
2018-11-19,sh.600000,8.07000084,8.0997246,8.00312238,8.08486272,7.99569144,21384793,231999662.0,0.076092,1,1.115241,0
2018-11-20,sh.600000,8.07743178,8.09229366,7.9139511,7.94367486,8.08486272,21883780,234959214.0,0.077868,1,-1.746328,0
2018-11-21,sh.600000,7.88422734,7.96596768,7.88422734,7.92138204,7.94367486,16027458,170915676.0,0.05703,1,-0.280634,0
2018-11-22,sh.600000,7.97339862,7.97339862,7.85450358,7.90652016,7.92138204,14008305,148745106.0,0.049845,1,-0.187613,0
2018-11-23,sh.600000,7.8767964,7.92138204,7.802487,7.802487,7.90652016,14715010,155566104.0,0.05236,1,-1.315793,0
2018-11-26,sh.600000,7.92138204,7.92138204,7.75047042,7.802487,7.802487,14377396,151609376.0,0.051158,1,0.0,0
2018-11-27,sh.600000,7.802487,7.88422734,7.7653323,7.79505606,7.802487,15084666,158853285.0,0.053675,1,-0.09524,0
2018-11-28,sh.600000,7.84707264,7.89165828,7.802487,7.86193452,7.79505606,18339621,193914889.0,0.065257,1,0.857962,0
2018-11-29,sh.600000,7.90652016,7.9882605,7.83221076,7.89908922,7.86193452,20685685,220670065.0,0.073605,1,0.472592,0
2018-11-30,sh.600000,7.9139511,7.9882605,7.89165828,7.95853674,7.89908922,28572651,305468672.0,0.101668,1,0.752586,0
2018-12-03,sh.600000,8.16660306,8.2111887,8.05513896,8.18889588,7.95853674,43049070,472438382.0,0.153179,1,2.894495,0
2018-12-04,sh.600000,8.174034,8.23348152,8.15174118,8.23348152,8.18889588,20811293,229713745.0,0.074052,1,0.54446,0
2018-12-05,sh.600000,8.16660306,8.2483434,8.14431024,8.174034,8.23348152,25491217,281189602.0,0.090704,1,-0.722021,0
2018-12-06,sh.600000,8.04027708,8.12201742,8.04027708,8.0997246,8.174034,23597997,256533148.0,0.083967,1,-0.909094,0
2018-12-07,sh.600000,8.12944836,8.19632682,8.08486272,8.09229366,8.0997246,10580550,115760323.0,0.037648,1,-0.091736,0
2018-12-10,sh.600000,8.00312238,8.0997246,8.00312238,8.04770802,8.09229366,15927563,172346141.0,0.056674,1,-0.550968,0
2018-12-11,sh.600000,8.05513896,8.0997246,7.94367486,7.96596768,8.04770802,17234222,185675067.0,0.061324,1,-1.015694,0
2018-12-12,sh.600000,8.09229366,8.09229366,7.9511058,7.97339862,7.96596768,12448791,134006589.0,0.044296,1,0.093277,0
2018-12-13,sh.600000,7.99569144,8.07000084,7.97339862,8.0254152,7.97339862,19792340,213866046.0,0.070426,1,0.652383,0
2018-12-14,sh.600000,7.98082956,8.0254152,7.86936546,7.89165828,8.0254152,24163831,257441060.0,0.085981,1,-1.66667,0
2018-12-17,sh.600000,7.9139511,8.01055332,7.89165828,8.01055332,7.89165828,19746228,211971706.0,0.070262,1,1.50659,0
2018-12-18,sh.600000,7.93624392,8.04027708,7.83221076,7.85450358,8.01055332,19451677,207318277.0,0.069214,1,-1.948052,0
2018-12-19,sh.600000,7.86936546,7.9139511,7.83221076,7.83221076,7.85450358,13603633,144342542.0,0.048405,1,-0.28382,0
2018-12-20,sh.600000,7.82477982,7.86936546,7.51268034,7.6167135,7.83221076,30069914,309207188.0,0.106996,1,-2.751423,0
2018-12-21,sh.600000,7.60185162,7.60928256,7.43094,7.48295658,7.6167135,20885862,209975605.0,0.074317,1,-1.756101,0
2018-12-24,sh.600000,7.41607812,7.46066376,7.32690684,7.36406154,7.48295658,22779882,225706451.0,0.081056,1,-1.588876,0
2018-12-25,sh.600000,7.26002838,7.32690684,7.1337024,7.27489026,7.36406154,34810397,337985911.0,0.123864,1,-1.210897,0
2018-12-26,sh.600000,7.28975214,7.34176872,7.16342616,7.18571898,7.27489026,20569202,200359184.0,0.07319,1,-1.225739,0
2018-12-27,sh.600000,7.26002838,7.2823212,7.17828804,7.17828804,7.18571898,27347564,266280883.0,0.097309,1,-0.103415,0
2018-12-28,sh.600000,7.22287368,7.3937853,7.21544274,7.2823212,7.17828804,27404028,269118592.0,0.09751,1,1.449279,0
2019-01-02,sh.600000,7.23773556,7.27489026,7.11884052,7.2080118,7.2823212,23762822,229625669.0,0.084554,1,-1.020412,0
2019-01-03,sh.600000,7.2080118,7.29718308,7.17828804,7.28975214,7.2080118,18654262,181975985.0,0.066376,1,1.134027,0
2019-01-04,sh.600000,7.23030462,7.43094,7.2080118,7.40121624,7.28975214,27172844,268964563.0,0.096688,1,1.529048,0
2019-01-07,sh.600000,7.49781846,7.49781846,7.37149248,7.41607812,7.40121624,23597376,235440197.0,0.083965,1,0.200798,0
2019-01-08,sh.600000,7.45323282,7.45323282,7.36406154,7.40121624,7.41607812,15104933,150501650.0,0.053747,1,-0.200396,0
2019-01-09,sh.600000,7.47552564,7.54983504,7.41607812,7.42350906,7.40121624,23163720,233890281.0,0.082422,1,0.301202,0
2019-01-10,sh.600000,7.38635436,7.44580188,7.37149248,7.40121624,7.42350906,15923566,158718755.0,0.05666,1,-0.300298,0
2019-01-11,sh.600000,7.45323282,7.5424041,7.40121624,7.4680947,7.40121624,19069069,191290102.0,0.067852,1,0.903616,0
2019-01-14,sh.600000,7.45323282,7.5052494,7.43837094,7.47552564,7.4680947,20352840,204659052.0,0.07242,1,0.099505,0
2019-01-15,sh.600000,7.5052494,7.5424041,7.4680947,7.51268034,7.47552564,15632125,158126136.0,0.055623,1,0.49701,0
2019-01-16,sh.600000,7.5052494,7.5424041,7.48295658,7.52754222,7.51268034,12988340,131354721.0,0.046216,1,0.197828,0
2019-01-17,sh.600000,7.55726598,7.63900632,7.48295658,7.55726598,7.52754222,22766048,232114667.0,0.081007,1,0.394866,0
2019-01-18,sh.600000,7.64643726,7.75790136,7.59442068,7.75047042,7.55726598,29087141,300979124.0,0.103499,1,2.556541,0
2019-01-21,sh.600000,7.69845384,7.77276324,7.6538682,7.6910229,7.75047042,18947789,196394076.0,0.067421,1,-0.767018,0
2019-01-22,sh.600000,7.71331572,7.71331572,7.60185162,7.6167135,7.6910229,16250557,167165417.0,0.057823,1,-0.966187,0
2019-01-23,sh.600000,7.64643726,7.68359196,7.6167135,7.63157538,7.6167135,16520327,170289907.0,0.058783,1,0.195126,0
2019-01-24,sh.600000,7.68359196,7.72074666,7.63157538,7.71331572,7.63157538,15006699,155265972.0,0.053397,1,1.071077,0
2019-01-25,sh.600000,7.7653323,7.84707264,7.71331572,7.802487,7.71331572,19696587,206935398.0,0.070085,1,1.156068,0
2019-01-28,sh.600000,7.82477982,7.92138204,7.72074666,7.74303948,7.802487,21769073,229185387.0,0.07746,1,-0.761904,0
2019-01-29,sh.600000,7.72074666,7.89908922,7.71331572,7.86193452,7.74303948,23768004,250301612.0,0.084572,1,1.535507,0
2019-01-30,sh.600000,7.86936546,7.90652016,7.78019418,7.802487,7.86193452,16054256,169387635.0,0.057125,1,-0.756143,0
2019-01-31,sh.600000,7.86936546,7.97339862,7.80991794,7.97339862,7.802487,25131034,267614893.0,0.089422,1,2.190472,0
2019-02-01,sh.600000,8.04027708,8.04027708,7.89165828,8.00312238,7.97339862,19119343,204604273.0,0.068031,1,0.372795,0
2019-02-11,sh.600000,7.89165828,7.97339862,7.89165828,7.9511058,8.00312238,20216568,215903077.0,0.071935,1,-0.64996,0
2019-02-12,sh.600000,7.95853674,7.97339862,7.89908922,7.96596768,7.9511058,16769601,179099038.0,0.05967,1,0.18692,0
2019-02-13,sh.600000,7.98082956,8.12201742,7.93624392,8.07000084,7.96596768,30248695,325845959.0,0.107632,1,1.305964,0
2019-02-14,sh.600000,8.0625699,8.10715554,8.0254152,8.04027708,8.07000084,19815286,215023175.0,0.070508,1,-0.368324,0
2019-02-15,sh.600000,8.01055332,8.0625699,7.92138204,7.92138204,8.04027708,17758789,190960435.0,0.06319,1,-1.478742,0
2019-02-18,sh.600000,7.9882605,8.07743178,7.9511058,8.05513896,7.92138204,20102219,217621153.0,0.071529,1,1.688558,0
2019-02-19,sh.600000,8.0625699,8.14431024,8.01055332,8.0254152,8.05513896,25952745,281465131.0,0.092346,1,-0.369003,0
2019-02-20,sh.600000,8.11458648,8.11458648,8.03284614,8.04770802,8.0254152,22286311,242111573.0,0.0793,1,0.277775,0
2019-02-21,sh.600000,8.04770802,8.12201742,7.9882605,8.01798426,8.04770802,25402390,275374197.0,0.090388,1,-0.369344,0
2019-02-22,sh.600000,7.99569144,8.18146494,7.99569144,8.18146494,8.01798426,25907438,281913760.0,0.092185,1,2.038927,0
2019-02-25,sh.600000,8.19632682,8.8799733,8.19632682,8.85768048,8.18146494,93712264,1075040678.0,0.333451,1,8.265212,0
2019-02-26,sh.600000,8.85024954,9.0285921,8.6198904,8.6570451,8.85768048,83643265,990289721.0,0.297623,1,-2.265105,0
2019-02-27,sh.600000,8.70163074,8.96914458,8.67190698,8.79080202,8.6570451,71201603,843023417.0,0.253353,1,1.545067,0
2019-02-28,sh.600000,8.79080202,8.85768048,8.67933792,8.72392356,8.79080202,39393414,464139463.0,0.140171,1,-0.760779,0
2019-03-01,sh.600000,8.77594014,8.96171364,8.6198904,8.93198988,8.72392356,63254621,747753342.0,0.225075,1,2.385015,0
2019-03-04,sh.600000,9.00629928,9.19950372,8.8799733,8.93198988,8.93198988,85024777,1030561509.0,0.302539,1,0.0,0
2019-03-05,sh.600000,8.92455894,8.94685176,8.82052578,8.90226612,8.93198988,54564202,652552200.0,0.194153,1,-0.332786,0
2019-03-06,sh.600000,8.90969706,9.0285921,8.81309484,8.93198988,8.90226612,53693164,644243050.0,0.191053,1,0.333898,0
2019-03-07,sh.600000,8.93942082,8.94685176,8.82052578,8.82795672,8.93198988,52618824,628390863.0,0.187231,1,-1.164728,0
2019-03-08,sh.600000,8.70906168,8.70906168,8.44154784,8.545581,8.82795672,52670531,609490591.0,0.187415,1,-3.198654,0
2019-03-11,sh.600000,8.50099536,8.61245946,8.44154784,8.52328818,8.545581,39922020,457056506.0,0.142052,1,-0.260867,0
2019-03-12,sh.600000,8.61245946,8.68676886,8.4712716,8.50099536,8.52328818,52211807,602940683.0,0.185782,1,-0.261558,0
2019-03-13,sh.600000,8.47870254,8.59016664,8.3969622,8.50099536,8.50099536,41373014,472974759.0,0.147215,1,0.0,0
2019-03-14,sh.600000,8.51585724,8.60502852,8.49356442,8.51585724,8.50099536,34337899,395468492.0,0.122183,1,0.174829,0
2019-03-15,sh.600000,8.52328818,8.6198904,8.49356442,8.49356442,8.51585724,33769320,388244487.0,0.120159,1,-0.261778,0
2019-03-18,sh.600000,8.5084263,8.6198904,8.44897878,8.61245946,8.49356442,43879562,503915219.0,0.156134,1,1.399824,0
2019-03-19,sh.600000,8.64218322,8.67190698,8.55301194,8.5827357,8.61245946,27500231,318521475.0,0.097852,1,-0.345125,0
2019-03-20,sh.600000,8.56044288,8.64961416,8.53815006,8.5827357,8.5827357,27325424,315587208.0,0.09723,1,0.0,0
2019-03-21,sh.600000,8.59016664,8.61245946,8.50099536,8.51585724,8.5827357,35037035,403573243.0,0.12467,1,-0.779222,0
2019-03-22,sh.600000,8.53815006,8.55301194,8.40439314,8.46384066,8.51585724,35436446,403972783.0,0.126091,1,-0.610818,0
2019-03-25,sh.600000,8.38210032,8.38953126,8.18146494,8.19632682,8.46384066,57716577,642860108.0,0.20537,1,-3.160673,0
2019-03-26,sh.600000,8.25577434,8.27806716,8.19632682,8.24091246,8.19632682,30795722,341425280.0,0.109579,1,0.543975,0
2019-03-27,sh.600000,8.25577434,8.35237656,8.20375776,8.23348152,8.24091246,42124489,469246326.0,0.149889,1,-0.090173,0
2019-03-28,sh.600000,8.19632682,8.2111887,8.0997246,8.19632682,8.23348152,29296120,321585861.0,0.104243,1,-0.451265,0
2019-03-29,sh.600000,8.15917212,8.3969622,8.15917212,8.38210032,8.19632682,60526266,678436536.0,0.215367,1,2.266546,0
2019-04-01,sh.600000,8.44154784,8.56044288,8.38953126,8.50099536,8.38210032,70637405,808657530.0,0.251345,1,1.418438,0
2019-04-02,sh.600000,8.545581,8.56044288,8.47870254,8.50099536,8.50099536,46714710,534896816.0,0.166222,1,0.0,0
2019-04-03,sh.600000,8.44897878,8.57530476,8.42668596,8.545581,8.50099536,50271029,575799446.0,0.178876,1,0.524479,0
2019-04-04,sh.600000,8.5827357,8.70163074,8.57530476,8.70163074,8.545581,75232527,876099547.0,0.267696,1,1.826087,0
2019-04-08,sh.600000,8.76107826,8.88740424,8.6570451,8.70906168,8.70163074,77870373,920513531.0,0.277082,1,0.085399,0
2019-04-09,sh.600000,8.70906168,8.7313545,8.53815006,8.57530476,8.70906168,56895992,660406225.0,0.20245,1,-1.535839,0
2019-04-10,sh.600000,8.545581,8.59016664,8.48613348,8.53071912,8.57530476,41027539,470666649.0,0.145986,1,-0.519934,0
2019-04-11,sh.600000,8.52328818,8.61245946,8.4341169,8.52328818,8.53071912,50172794,575765348.0,0.178527,1,-0.087102,0
2019-04-12,sh.600000,8.52328818,8.59016664,8.49356442,8.53815006,8.52328818,26273690,301752036.0,0.093488,1,0.174364,0
2019-04-15,sh.600000,8.67190698,8.74621638,8.51585724,8.52328818,8.53815006,70509167,823853432.0,0.250889,1,-0.17406,0
2019-04-16,sh.600000,8.51585724,8.90969706,8.49356442,8.8799733,8.52328818,100665400,1188260123.0,0.358192,1,4.184826,0
2019-04-17,sh.600000,8.88740424,8.98400646,8.82795672,8.85024954,8.8799733,68157211,816127043.0,0.24252,1,-0.334728,0
2019-04-18,sh.600000,8.85024954,8.9542827,8.79823296,8.85024954,8.85024954,43048980,513835270.0,0.153179,1,0.0,0
2019-04-19,sh.600000,8.92455894,9.0657468,8.81309484,8.92455894,8.85024954,56013041,672739660.0,0.199308,1,0.839634,0
2019-04-22,sh.600000,8.93198988,8.96914458,8.67933792,8.70163074,8.92455894,53389418,631192357.0,0.189972,1,-2.49792,0
2019-04-23,sh.600000,8.67933792,8.7685092,8.64218322,8.6941998,8.70163074,33847719,396659664.0,0.120438,1,-0.085399,0
2019-04-24,sh.600000,8.73878544,8.74621638,8.55301194,8.63475228,8.6941998,38201108,444929313.0,0.135929,1,-0.68376,0
2019-04-25,sh.600000,8.59016664,8.68676886,8.53071912,8.57530476,8.63475228,40876129,473973527.0,0.145447,1,-0.688468,0
2019-04-26,sh.600000,8.49356442,8.59016664,8.38210032,8.41182408,8.57530476,42469581,485267261.0,0.151117,1,-1.906415,0
2019-04-29,sh.600000,8.4341169,8.57530476,8.42668596,8.53071912,8.41182408,38586938,442046727.0,0.137302,1,1.413426,0
2019-04-30,sh.600000,8.6941998,8.98400646,8.6941998,8.89483518,8.53071912,123474738,1466714710.0,0.439353,1,4.268299,0
2019-05-06,sh.600000,8.7313545,8.81309484,8.57530476,8.7685092,8.89483518,124545414,1460217054.0,0.443163,1,-1.420218,0
2019-05-07,sh.600000,8.78337108,8.87254236,8.6198904,8.7685092,8.7685092,85489922,1010271124.0,0.304194,1,0.0,0
2019-05-08,sh.600000,8.64961416,8.75364732,8.53815006,8.55301194,8.7685092,58500103,677487368.0,0.208158,1,-2.457627,0
2019-05-09,sh.600000,8.53071912,8.59016664,8.2483434,8.26320528,8.55301194,64128049,722119098.0,0.228183,1,-3.388361,0
2019-05-10,sh.600000,8.34494562,8.48613348,8.21861964,8.41182408,8.26320528,48550722,548884302.0,0.172755,1,1.79856,0
2019-05-13,sh.600000,8.3226528,8.4712716,8.2854981,8.40439314,8.41182408,40284963,455643057.0,0.143344,1,-0.088333,0
2019-05-14,sh.600000,8.30779092,8.50099536,8.30035998,8.33008374,8.40439314,41888998,473151522.0,0.149051,1,-0.884177,0
2019-05-15,sh.600000,8.38210032,8.48613348,8.34494562,8.41182408,8.33008374,34404465,389533437.0,0.122419,1,0.981264,0
2019-05-16,sh.600000,8.38210032,8.44154784,8.33751468,8.3969622,8.41182408,34141755,385015233.0,0.121485,1,-0.176674,0
2019-05-17,sh.600000,8.41182408,8.4341169,8.3226528,8.35237656,8.3969622,38399831,433108021.0,0.136636,1,-0.530977,0
2019-05-20,sh.600000,8.38210032,8.50099536,8.3598075,8.42668596,8.35237656,34904438,396448397.0,0.124198,1,0.889683,0
2019-05-21,sh.600000,8.41925502,8.5084263,8.40439314,8.41182408,8.42668596,32975873,374972621.0,0.117336,1,-0.176371,0
2019-05-22,sh.600000,8.41182408,8.42668596,8.26320528,8.29292904,8.41182408,40000391,447828812.0,0.142331,1,-1.413426,0
2019-05-23,sh.600000,8.26320528,8.2854981,8.1368793,8.2483434,8.29292904,36312689,401709177.0,0.129209,1,-0.53763,0
2019-05-24,sh.600000,8.30035998,8.33751468,8.174034,8.25577434,8.2483434,24160265,269312449.0,0.085968,1,0.090084,0
2019-05-27,sh.600000,8.24091246,8.36723844,8.14431024,8.33751468,8.25577434,35087915,390018809.0,0.124851,1,0.990105,0
2019-05-28,sh.600000,8.31522186,8.3969622,8.18889588,8.38953126,8.33751468,72278135,809741253.0,0.257183,1,0.623883,0
2019-05-29,sh.600000,8.30035998,8.38953126,8.22605058,8.26320528,8.38953126,40860970,455620583.0,0.145393,1,-1.505758,0
2019-05-30,sh.600000,8.30779092,8.30779092,8.19632682,8.25577434,8.26320528,26650033,295267455.0,0.094827,1,-0.08993,0
2019-05-31,sh.600000,8.25577434,8.34494562,8.2111887,8.27063622,8.25577434,36976728,412819768.0,0.131572,1,0.180022,0
2019-06-03,sh.600000,8.30035998,8.38953126,8.27063622,8.38210032,8.27063622,30492063,342326268.0,0.108498,1,1.347705,0
2019-06-04,sh.600000,8.38953126,8.44897878,8.36723844,8.4341169,8.38210032,25077393,283826808.0,0.089231,1,0.620573,0
2019-06-05,sh.600000,8.49356442,8.56044288,8.4341169,8.47870254,8.4341169,31423641,359479709.0,0.111813,1,0.52863,0
2019-06-06,sh.600000,8.55301194,8.55301194,8.45640972,8.52328818,8.47870254,26427215,303162728.0,0.094034,1,0.525858,0
2019-06-10,sh.600000,8.59759758,8.6941998,8.56787382,8.62732134,8.52328818,43183779,502599177.0,0.153658,1,1.22057,0
2019-06-11,sh.600000,8.6962792,8.7728984,8.63498384,8.74991264,8.62732192,52266217,594464068.0,0.185976,1,1.420958,0
2019-06-12,sh.600000,8.74991264,8.9644464,8.7345888,8.8878272,8.74991264,50635228,584680927.0,0.180172,1,1.576185,0
2019-06-13,sh.600000,8.86484144,9.03340368,8.811208,8.9644464,8.8878272,46966016,548219997.0,0.167116,1,0.862064,0
2019-06-14,sh.600000,8.99509408,9.09469904,8.97210832,9.03340368,8.9644464,47385174,558641883.0,0.168608,1,0.769232,0
2019-06-17,sh.600000,9.02574176,9.13300864,9.002756,9.01807984,9.03340368,35220103,416594828.0,0.125322,1,-0.169631,0
2019-06-18,sh.600000,9.05638944,9.1176848,8.97977024,9.05638944,9.01807984,28965124,341904864.0,0.103065,1,0.424802,0
2019-06-19,sh.600000,9.22495168,9.24793744,9.04872752,9.10236096,9.05638944,44927745,537339845.0,0.159864,1,0.507618,0
2019-06-20,sh.600000,9.1559944,9.43948544,9.0793752,9.3475424,9.10236096,71647496,869024541.0,0.254939,1,2.6936,0
2019-06-21,sh.600000,9.33221856,9.4241616,9.21728976,9.26326128,9.3475424,55381180,670759370.0,0.19706,1,-0.901637,0
2019-06-24,sh.600000,9.26326128,9.29390896,9.16365632,9.21728976,9.26326128,34195336,411172373.0,0.121675,1,-0.496281,0
2019-06-25,sh.600000,9.17898016,9.17898016,8.81886992,8.93379872,9.21728976,80359367,940465134.0,0.285938,1,-3.075643,0
2019-06-26,sh.600000,8.85717952,8.98743216,8.8495176,8.93379872,8.93379872,36973199,431115050.0,0.13156,1,0.0,0
2019-06-27,sh.600000,8.94912256,9.07171328,8.8495176,8.91847488,8.93379872,47997783,561472043.0,0.170788,1,-0.171522,0
2019-06-28,sh.600000,8.94146064,8.94912256,8.84185568,8.94912256,8.91847488,29545173,343056316.0,0.105129,1,0.343642,0
2019-07-01,sh.600000,9.08703712,9.13300864,8.95678448,8.97210832,8.94912256,54887882,646405195.0,0.195304,1,0.256847,0
2019-07-02,sh.600000,8.97977024,8.99509408,8.86484144,8.89548912,8.97210832,51165729,595072188.0,0.18206,1,-0.853974,0
2019-07-03,sh.600000,8.90315104,8.91081296,8.81886992,8.85717952,8.89548912,36567085,422580470.0,0.130115,1,-0.430657,0
2019-07-04,sh.600000,8.89548912,8.94146064,8.86484144,8.90315104,8.85717952,30369201,352968330.0,0.108061,1,0.519026,0
2019-07-05,sh.600000,8.91081296,8.91847488,8.83419376,8.86484144,8.90315104,25753241,298158887.0,0.091636,1,-0.430294,0
2019-07-08,sh.600000,8.85717952,8.86484144,8.66563152,8.70394112,8.86484144,34710676,395611376.0,0.123509,1,-1.815039,0
2019-07-09,sh.600000,8.7345888,8.75757456,8.68095536,8.71160304,8.70394112,21885404,248524017.0,0.077874,1,0.08803,0
2019-07-10,sh.600000,8.75757456,8.75757456,8.66563152,8.6962792,8.71160304,23409890,265773696.0,0.083298,1,-0.175897,0
2019-07-11,sh.600000,8.75757456,8.78056032,8.68861728,8.7345888,8.6962792,23285835,265672149.0,0.082857,1,0.440522,0
2019-07-12,sh.600000,8.72692688,8.90315104,8.72692688,8.82653184,8.7345888,34816996,400591791.0,0.123887,1,1.052639,0
2019-07-15,sh.600000,8.7345888,8.84185568,8.59667424,8.811208,8.82653184,40305603,459022365.0,0.143417,1,-0.173615,0
2019-07-16,sh.600000,8.811208,8.86484144,8.76523648,8.8495176,8.811208,21606007,248901949.0,0.076879,1,0.434784,0
2019-07-17,sh.600000,8.80354608,8.86484144,8.78056032,8.79588416,8.8495176,17480372,201420080.0,0.062199,1,-0.606066,0
2019-07-18,sh.600000,8.83419376,8.83419376,8.7728984,8.80354608,8.79588416,18260034,209938962.0,0.064974,1,0.08711,0
2019-07-19,sh.600000,8.81886992,8.91081296,8.80354608,8.87250336,8.80354608,19619622,227078769.0,0.069811,1,0.783291,0
2019-07-22,sh.600000,8.84185568,8.91081296,8.78822224,8.79588416,8.87250336,25617875,295840612.0,0.091155,1,-0.863561,0
2019-07-23,sh.600000,8.75757456,8.85717952,8.75757456,8.80354608,8.79588416,17927898,206511000.0,0.063792,1,0.08711,0
2019-07-24,sh.600000,8.84185568,8.94912256,8.83419376,8.88016528,8.80354608,24112288,279914884.0,0.085797,1,0.870325,0
2019-07-25,sh.600000,8.86484144,9.16365632,8.86484144,9.10236096,8.88016528,55900219,660037408.0,0.198907,1,2.502156,0
2019-07-26,sh.600000,9.06405136,9.14833248,9.04872752,9.09469904,9.10236096,30368988,360677451.0,0.1081,1,-0.0842,0
2019-07-29,sh.600000,9.1176848,9.14833248,9.0410656,9.08703712,9.09469904,21465011,254289650.0,0.076378,1,-0.084248,0
2019-07-30,sh.600000,9.07171328,9.194304,9.07171328,9.08703712,9.08703712,33731002,401937925.0,0.12,1,0.0,0
2019-07-31,sh.600000,9.04872752,9.14833248,8.98743216,9.09469904,9.08703712,30650758,362607630.0,0.1091,1,0.0843,0
2019-08-01,sh.600000,9.01041792,9.0793752,8.91081296,8.9261368,9.09469904,32471702,380252159.0,0.1155,1,-1.8534,0
2019-08-02,sh.600000,8.79588416,8.85717952,8.74225072,8.79588416,8.9261368,38976091,447723838.0,0.1387,1,-1.4592,0
2019-08-05,sh.600000,8.74991264,8.78056032,8.60433616,8.61199808,8.79588416,42719073,483523857.0,0.152,1,-2.0906,0
2019-08-06,sh.600000,8.5047312,8.60433616,8.40512624,8.49706928,8.61199808,45203853,501885625.0,0.1608,1,-1.3345,0
2019-08-07,sh.600000,8.53537888,8.55070272,8.4664216,8.48174544,8.49706928,31462085,349267412.0,0.1119,1,-0.1803,0
2019-08-08,sh.600000,8.5430408,8.66563152,8.51239312,8.62732192,8.48174544,33258085,373205583.0,0.1183,1,1.7164,0
2019-08-09,sh.600000,8.66563152,8.74225072,8.62732192,8.71160304,8.62732192,40637993,461422060.0,0.1446,1,0.9769,0
2019-08-12,sh.600000,8.68095536,8.7728984,8.66563152,8.75757456,8.71160304,34989082,398523209.0,0.1245,1,0.5277,0
2019-08-13,sh.600000,8.7345888,8.7345888,8.65030768,8.68095536,8.75757456,18839979,213447653.0,0.067,1,-0.8749,0
2019-08-14,sh.600000,8.74991264,8.79588416,8.64264576,8.64264576,8.68095536,19874457,225555663.0,0.0707,1,-0.4413,0
2019-08-15,sh.600000,8.55070272,8.67329344,8.52005504,8.65030768,8.64264576,19101192,214656224.0,0.068,1,0.0887,0
2019-08-16,sh.600000,8.61966,8.68861728,8.58901232,8.59667424,8.65030768,24823561,279706602.0,0.0883,1,-0.62,0
2019-08-19,sh.600000,8.59667424,8.71926496,8.48940736,8.71926496,8.59667424,38253341,430744321.0,0.1361,1,1.426,0
2019-08-20,sh.600000,8.6579696,8.78822224,8.64264576,8.71160304,8.71926496,23758050,270727986.0,0.0845,1,-0.0879,0
2019-08-21,sh.600000,8.6962792,8.76523648,8.68861728,8.74225072,8.71160304,14656537,167119481.0,0.0522,1,0.3518,0
2019-08-22,sh.600000,8.75757456,8.7728984,8.71160304,8.75757456,8.74225072,15866836,180907933.0,0.0565,1,0.1753,0
2019-08-23,sh.600000,8.72692688,8.88016528,8.71926496,8.88016528,8.75757456,33655377,387195405.0,0.1198,1,1.3998,0
2019-08-26,sh.600000,8.72692688,8.76523648,8.5430408,8.6579696,8.88016528,41845176,472500378.0,0.1489,1,-2.5022,0
2019-08-27,sh.600000,8.71160304,8.86484144,8.6579696,8.6579696,8.6579696,66247458,756664142.0,0.2357,1,0.0,0
2019-08-28,sh.600000,8.71160304,8.7345888,8.6579696,8.67329344,8.6579696,25525597,289685352.0,0.0908,1,0.177,0
2019-08-29,sh.600000,8.6579696,8.6962792,8.56602656,8.60433616,8.67329344,28049594,315060610.0,0.0998,1,-0.7951,0
2019-08-30,sh.600000,8.68861728,8.71160304,8.59667424,8.64264576,8.60433616,25424004,287099396.0,0.0905,1,0.4452,0
2019-09-02,sh.600000,8.6579696,8.74991264,8.61199808,8.68861728,8.64264576,27749879,315706922.0,0.0987,1,0.5319,0
2019-09-03,sh.600000,8.72692688,8.74225072,8.66563152,8.6962792,8.68861728,16286609,184932344.0,0.058,1,0.0882,0
2019-09-04,sh.600000,8.7345888,8.811208,8.70394112,8.80354608,8.6962792,30670961,350981214.0,0.1091,1,1.2335,0
2019-09-05,sh.600000,8.811208,8.99509408,8.811208,8.90315104,8.80354608,46828000,544694736.0,0.1666,1,1.1314,0
2019-09-06,sh.600000,8.94912256,8.9644464,8.87250336,8.95678448,8.90315104,34392057,400477410.0,0.1224,1,0.6024,0
2019-09-09,sh.600000,9.02574176,9.03340368,8.94912256,9.002756,8.95678448,40059368,470186970.0,0.1425,1,0.5133,0
2019-09-10,sh.600000,9.03340368,9.08703712,8.95678448,9.0793752,9.002756,37041097,437072473.0,0.1318,1,0.8511,0
2019-09-11,sh.600000,9.0793752,9.194304,9.0793752,9.1559944,9.0793752,39063654,466909327.0,0.139,1,0.8439,0
2019-09-12,sh.600000,9.25559936,9.26326128,9.13300864,9.194304,9.1559944,26104824,313028158.0,0.0929,1,0.4184,0
2019-09-16,sh.600000,9.18664208,9.20196592,9.06405136,9.14067056,9.194304,25489116,303225647.0,0.0907,1,-0.5833,0
2019-09-17,sh.600000,9.16365632,9.20196592,9.01807984,9.04872752,9.14067056,33558932,399569109.0,0.1194,1,-1.0059,0
2019-09-18,sh.600000,9.14833248,9.194304,9.09469904,9.14067056,9.04872752,31387271,375059086.0,0.1117,1,1.0161,0
2019-09-19,sh.600000,9.194304,9.194304,9.10236096,9.14833248,9.14067056,23742171,283084515.0,0.0845,1,0.0838,0
2019-09-20,sh.600000,9.18664208,9.18664208,9.0793752,9.1559944,9.14833248,40109279,478010547.0,0.1427,1,0.0838,0
2019-09-23,sh.600000,9.1176848,9.13300864,8.94912256,9.002756,9.1559944,27710795,325475285.0,0.0986,1,-1.6736,0
2019-09-24,sh.600000,9.04872752,9.08703712,8.98743216,9.002756,9.002756,21870962,257910160.0,0.0778,1,0.0,0
2019-09-25,sh.600000,9.002756,9.1559944,8.95678448,9.04872752,9.002756,30136356,356897100.0,0.1072,1,0.5106,0
2019-09-26,sh.600000,9.10236096,9.33221856,9.07171328,9.17131824,9.04872752,72726461,876687793.0,0.2588,1,1.3548,0
2019-09-27,sh.600000,9.1559944,9.18664208,9.01041792,9.1176848,9.17131824,36807878,437372188.0,0.131,1,-0.5848,0
2019-09-30,sh.600000,9.0793752,9.24793744,9.04872752,9.07171328,9.1176848,35947577,430109099.0,0.1279,1,-0.5042,0
2019-10-08,sh.600000,9.0410656,9.21728976,9.0410656,9.1176848,9.07171328,32415886,386027564.0,0.1153,1,0.5068,0
2019-10-09,sh.600000,9.05638944,9.29390896,9.0410656,9.18664208,9.1176848,42209602,506474302.0,0.1502,1,0.7563,0
2019-10-10,sh.600000,9.20962784,9.22495168,9.12534672,9.16365632,9.18664208,27261229,326023332.0,0.097,1,-0.2502,0
2019-10-11,sh.600000,9.2326136,9.5390904,9.194304,9.5390904,9.16365632,92030800,1131441679.0,0.3275,1,4.097,0
2019-10-14,sh.600000,9.64635728,10.12905824,9.59272384,9.91452448,9.5390904,123970103,1596408955.0,0.4411,1,3.9357,0
2019-10-15,sh.600000,9.9221864,10.06776288,9.85322912,10.02945328,9.91452448,73394591,952804782.0,0.2612,1,1.1592,0
2019-10-16,sh.600000,10.02179136,10.21333936,9.8838768,10.02179136,10.02945328,67002223,876221010.0,0.2384,1,-0.0764,0
2019-10-17,sh.600000,10.01412944,10.152044,9.98348176,10.09074864,10.02179136,47869313,628571153.0,0.1703,1,0.6881,0
2019-10-18,sh.600000,10.14438208,10.18269168,9.74596224,9.79193376,10.09074864,64992896,840281772.0,0.2313,1,-2.9613,0
2019-10-21,sh.600000,9.8072576,9.98348176,9.768948,9.89153872,9.79193376,38996287,502880211.0,0.1388,1,1.0172,0
2019-10-22,sh.600000,9.98348176,9.9988056,9.78427184,9.90686256,9.89153872,31396257,404182674.0,0.1117,1,0.1549,0
2019-10-23,sh.600000,9.87621488,9.9221864,9.78427184,9.85322912,9.90686256,32821414,422141011.0,0.1168,1,-0.5414,0
2019-10-24,sh.600000,9.94517216,10.14438208,9.9221864,10.02945328,9.85322912,103158806,1347032670.0,0.3671,1,1.7885,0
2019-10-25,sh.600000,10.02945328,10.02945328,9.79193376,9.8838768,10.02945328,97876357,1260246484.0,0.3483,1,-1.4515,0
2019-10-28,sh.600000,9.768948,9.86855296,9.6923288,9.7306384,9.8838768,72380466,919894887.0,0.2575,1,-1.5504,0
2019-10-29,sh.600000,9.76128608,9.8455672,9.66934304,9.78427184,9.7306384,52604090,669546625.0,0.1872,1,0.5512,0
2019-10-30,sh.600000,9.768948,9.79959568,9.59272384,9.64635728,9.78427184,53734730,678152770.0,0.1912,1,-1.4096,0
2019-10-31,sh.600000,9.71531456,9.7306384,9.5774,9.58506192,9.64635728,33347533,419182995.0,0.1187,1,-0.6354,0
2019-11-01,sh.600000,9.5774,9.83024336,9.53142848,9.768948,9.58506192,62705733,793656950.0,0.2231,1,1.9185,0
2019-11-04,sh.600000,9.768948,9.87621488,9.72297648,9.76128608,9.768948,49737996,634816416.0,0.177,1,-0.0784,0
2019-11-05,sh.600000,9.76128608,10.10607248,9.72297648,9.9221864,9.76128608,74274389,962257376.0,0.2643,1,1.6484,0
2019-11-06,sh.600000,9.9221864,10.0371152,9.85322912,9.89920064,9.9221864,46023920,597016896.0,0.1638,1,-0.2317,0
2019-11-07,sh.600000,9.9221864,9.9221864,9.73830032,9.77660992,9.89920064,46267281,592408771.0,0.1646,1,-1.2384,0
2019-11-08,sh.600000,9.8072576,9.81491952,9.62337152,9.63103344,9.77660992,48841866,617218205.0,0.1738,1,-1.489,0
2019-11-11,sh.600000,9.56207616,9.56207616,9.41649968,9.41649968,9.63103344,38594267,477989511.0,0.1373,1,-2.2275,0
2019-11-12,sh.600000,9.43182352,9.47013312,9.32455664,9.37819008,9.41649968,39239395,480742763.0,0.1396,1,-0.4068,0
2019-11-13,sh.600000,9.35520432,9.41649968,9.3092328,9.37052816,9.37819008,32274979,394505189.0,0.1148,1,-0.0817,0
2019-11-14,sh.600000,9.37052816,9.40117584,9.2709232,9.30157088,9.37052816,28943647,351795388.0,0.103,1,-0.7359,0
2019-11-15,sh.600000,9.36286624,9.39351392,9.28624704,9.3092328,9.30157088,27324299,332797325.0,0.0972,1,0.0824,0
2019-11-18,sh.600000,9.32455664,9.4624712,9.29390896,9.37819008,9.3092328,28796529,352880166.0,0.1025,1,0.7407,0
2019-11-19,sh.600000,9.3475424,9.43182352,9.33221856,9.37052816,9.37819008,29370803,359115488.0,0.1045,1,-0.0817,0
2019-11-20,sh.600000,9.32455664,9.36286624,9.20196592,9.22495168,9.37052816,38092059,460234691.0,0.1355,1,-1.5536,0
2019-11-21,sh.600000,9.194304,9.22495168,9.12534672,9.16365632,9.22495168,34617175,414077527.0,0.1232,1,-0.6645,0
2019-11-22,sh.600000,9.20196592,9.24027552,9.14833248,9.18664208,9.16365632,29531099,354250530.0,0.1051,1,0.2508,0
2019-11-25,sh.600000,9.21728976,9.30157088,9.194304,9.24793744,9.18664208,25153256,303962341.0,0.0895,1,0.6672,0
2019-11-26,sh.600000,9.3092328,9.32455664,9.17898016,9.24027552,9.24793744,59633264,719075408.0,0.2122,1,-0.0828,0
2019-11-27,sh.600000,9.24793744,9.24793744,9.1176848,9.18664208,9.24027552,28703956,343598879.0,0.1021,1,-0.5804,0
2019-11-28,sh.600000,9.194304,9.20196592,9.13300864,9.16365632,9.18664208,17797225,212826181.0,0.0633,1,-0.2502,0
2019-11-29,sh.600000,9.14067056,9.24793744,9.11002288,9.12534672,9.16365632,24566935,293541788.0,0.0874,1,-0.4181,0
2019-12-02,sh.600000,9.16365632,9.17131824,9.05638944,9.09469904,9.12534672,22163020,263131788.0,0.0789,1,-0.3359,0
2019-12-03,sh.600000,9.04872752,9.1176848,9.01807984,9.08703712,9.09469904,19557865,231361399.0,0.0696,1,-0.0842,0
2019-12-04,sh.600000,9.02574176,9.06405136,8.9644464,9.002756,9.08703712,24734662,290465763.0,0.088,1,-0.9275,0
2019-12-05,sh.600000,9.03340368,9.11002288,9.01041792,9.11002288,9.002756,24976130,295963968.0,0.0889,1,1.1915,0
2019-12-06,sh.600000,9.13300864,9.1559944,9.06405136,9.13300864,9.11002288,20654438,245635919.0,0.0735,1,0.2523,0
2019-12-09,sh.600000,9.1176848,9.14067056,9.0793752,9.1176848,9.13300864,17349258,206211639.0,0.0617,1,-0.1678,0
2019-12-10,sh.600000,9.10236096,9.12534672,9.08703712,9.08703712,9.1176848,15324640,181988682.0,0.0545,1,-0.3361,0
2019-12-11,sh.600000,9.10236096,9.18664208,9.0793752,9.17898016,9.08703712,33409045,398582360.0,0.1189,1,1.0118,0
2019-12-12,sh.600000,9.18664208,9.18664208,9.10236096,9.1176848,9.17898016,27021203,321917933.0,0.0961,1,-0.6678,0
2019-12-13,sh.600000,9.17898016,9.28624704,9.14833248,9.28624704,9.1176848,59520554,716034787.0,0.2118,1,1.8487,0
2019-12-16,sh.600000,9.28624704,9.3092328,9.194304,9.29390896,9.28624704,37971632,458170277.0,0.1351,1,0.0825,0
2019-12-17,sh.600000,9.32455664,9.58506192,9.2709232,9.49311888,9.29390896,57435605,707895681.0,0.2044,1,2.1434,0
2019-12-18,sh.600000,9.47013312,9.5774,9.45480928,9.5007808,9.49311888,34565268,428827229.0,0.123,1,0.0807,0
2019-12-19,sh.600000,9.5007808,9.5774,9.48545696,9.50844272,9.5007808,23789907,295686647.0,0.0847,1,0.0806,0
2019-12-20,sh.600000,9.50844272,9.6157096,9.48545696,9.51610464,9.50844272,40150148,500592355.0,0.1429,1,0.0806,0
2019-12-23,sh.600000,9.54675232,9.54675232,9.32455664,9.3475424,9.51610464,37033891,455979055.0,0.1318,1,-1.7713,0
2019-12-24,sh.600000,9.35520432,9.41649968,9.3475424,9.40883776,9.3475424,21671029,265496459.0,0.0771,1,0.6557,0
2019-12-25,sh.600000,9.41649968,9.41649968,9.3475424,9.37819008,9.40883776,13678175,167407896.0,0.0487,1,-0.3257,0
2019-12-26,sh.600000,9.39351392,9.43948544,9.37052816,9.41649968,9.37819008,15739054,193083033.0,0.056,1,0.4085,0
2019-12-27,sh.600000,9.385852,9.52376656,9.385852,9.43948544,9.41649968,27932109,344832499.0,0.0994,1,0.2441,0
2019-12-30,sh.600000,9.40117584,9.47013312,9.28624704,9.45480928,9.43948544,41051555,503090483.0,0.1461,1,0.1623,0
2019-12-31,sh.600000,9.43948544,9.48545696,9.35520432,9.47779504,9.45480928,31953628,392736236.0,0.1137,1,0.2431,0
2020-01-02,sh.600000,9.55441424,9.68466688,9.5390904,9.55441424,9.47779504,51629079,647446166.0,0.1837,1,0.8084,0
2020-01-03,sh.600000,9.63103344,9.67700496,9.55441424,9.6540192,9.55441424,38018810,477053357.0,0.1353,1,1.0425,0
2020-01-06,sh.600000,9.59272384,9.6923288,9.51610464,9.54675232,9.6540192,41001193,514432551.0,0.1459,1,-1.1111,0
2020-01-07,sh.600000,9.58506192,9.6540192,9.54675232,9.5774,9.54675232,28421482,355811756.0,0.1011,1,0.321,0
2020-01-08,sh.600000,9.50844272,9.5390904,9.385852,9.43948544,9.5774,35240536,434980266.0,0.1254,1,-1.44,0
2020-01-09,sh.600000,9.49311888,9.52376656,9.4624712,9.47779504,9.43948544,26151448,324168061.0,0.0931,1,0.4058,0
2020-01-10,sh.600000,9.47779504,9.51610464,9.43182352,9.49311888,9.47779504,18321252,226580302.0,0.0652,1,0.1617,0
2020-01-13,sh.600000,9.5007808,9.50844272,9.43182352,9.50844272,9.49311888,20715566,255982380.0,0.0737,1,0.1614,0
2020-01-14,sh.600000,9.5007808,9.72297648,9.49311888,9.52376656,9.50844272,29994561,374971640.0,0.1067,1,0.1612,0
2020-01-15,sh.600000,9.50844272,9.5390904,9.385852,9.385852,9.52376656,31897217,392531149.0,0.1135,1,-1.4481,0
2020-01-16,sh.600000,9.40883776,9.43182352,9.31689472,9.3475424,9.385852,22454876,274130148.0,0.0799,1,-0.4082,0
2020-01-17,sh.600000,9.36286624,9.41649968,9.31689472,9.37052816,9.3475424,17593111,215028083.0,0.0626,1,0.2459,0
2020-01-20,sh.600000,9.39351392,9.40117584,9.33988048,9.385852,9.37052816,23734609,290296136.0,0.0845,1,0.1635,0
2020-01-21,sh.600000,9.3475424,9.385852,9.22495168,9.25559936,9.385852,31787474,384580844.0,0.1131,1,-1.3878,0
2020-01-22,sh.600000,8.9644464,9.07171328,8.9261368,9.01807984,9.25559936,78133556,917203481.0,0.278,1,-2.5662,0
2020-01-23,sh.600000,9.002756,9.002756,8.67329344,8.6962792,9.01807984,76534796,879151046.0,0.2723,1,-3.5684,0
2020-02-03,sh.600000,7.83048224,8.19059248,7.83048224,8.02203024,8.6962792,95367382,997686058.0,0.3393,1,-7.7533,0
2020-02-04,sh.600000,8.05267792,8.22890208,8.02969216,8.16760672,8.02203024,66783767,710434836.0,0.2376,1,1.8147,0
2020-02-05,sh.600000,8.19059248,8.25954976,8.10631136,8.1982544,8.16760672,45046658,481639081.0,0.1603,1,0.3752,0
2020-02-06,sh.600000,8.28253552,8.32084512,8.1599448,8.26721168,8.1982544,38023801,408101901.0,0.1353,1,0.8411,0
2020-02-07,sh.600000,8.22124016,8.35915472,8.17526864,8.32084512,8.26721168,31896956,342581621.0,0.1135,1,0.6487,0
2020-02-10,sh.600000,8.24422592,8.30552128,8.20591632,8.25188784,8.32084512,34032121,366391170.0,0.1211,1,-0.8287,0
2020-02-11,sh.600000,8.29019744,8.3898024,8.25954976,8.32084512,8.25188784,34856302,378583345.0,0.124,1,0.8356,0
2020-02-12,sh.600000,8.30552128,8.33616896,8.24422592,8.32084512,8.32084512,26313927,284693716.0,0.0936,1,0.0,0
2020-02-13,sh.600000,8.29019744,8.33616896,8.24422592,8.24422592,8.32084512,22630613,244794981.0,0.0805,1,-0.9208,0
2020-02-14,sh.600000,8.24422592,8.33616896,8.22890208,8.32084512,8.24422592,22360549,242102421.0,0.0796,1,0.9294,0
2020-02-17,sh.600000,8.33616896,8.58901232,8.32084512,8.56602656,8.32084512,41343320,457641227.0,0.1471,1,2.9466,0
2020-02-18,sh.600000,8.49706928,8.56602656,8.45875968,8.47408352,8.56602656,30162703,334474238.0,0.1073,1,-1.0733,0
2020-02-19,sh.600000,8.48940736,8.61199808,8.45875968,8.51239312,8.47408352,25100157,279375283.0,0.0893,1,0.4521,0
2020-02-20,sh.600000,8.55836464,8.63498384,8.47408352,8.60433616,8.51239312,36656416,408938116.0,0.1304,1,1.0801,0
2020-02-21,sh.600000,8.60433616,8.72692688,8.58901232,8.6579696,8.60433616,38949418,439706991.0,0.1386,1,0.6233,0
2020-02-24,sh.600000,8.60433616,8.68861728,8.5047312,8.55070272,8.6579696,44738622,501186013.0,0.1592,1,-1.2389,0
2020-02-25,sh.600000,8.48174544,8.5430408,8.43577392,8.49706928,8.55070272,48324564,535241824.0,0.172,1,-0.6272,0
2020-02-26,sh.600000,8.43577392,8.68095536,8.43577392,8.5813504,8.49706928,51906287,581437742.0,0.1847,1,0.9919,0
2020-02-27,sh.600000,8.5813504,8.6579696,8.52771696,8.58901232,8.5813504,33029824,370549707.0,0.1175,1,0.0893,0
2020-02-28,sh.600000,8.51239312,8.56602656,8.3131832,8.3131832,8.58901232,50137988,550529618.0,0.1784,1,-3.2114,0
2020-03-02,sh.600000,8.3898024,8.5047312,8.36681664,8.45875968,8.3131832,39245056,432698824.0,0.1396,1,1.7511,0
2020-03-03,sh.600000,8.52771696,8.60433616,8.45875968,8.47408352,8.45875968,39332460,437422565.0,0.14,1,0.1812,0
2020-03-04,sh.600000,8.43577392,8.5047312,8.3898024,8.45109776,8.47408352,34628358,381014627.0,0.1232,1,-0.2713,0
2020-03-05,sh.600000,8.48940736,8.67329344,8.45109776,8.67329344,8.45109776,73047882,819311470.0,0.2599,1,2.6292,0
2020-03-06,sh.600000,8.60433616,8.64264576,8.51239312,8.52005504,8.67329344,41587820,464404003.0,0.148,1,-1.7668,0
2020-03-09,sh.600000,8.428112,8.428112,8.236564,8.25954976,8.52005504,59495242,644379973.0,0.2117,1,-3.0576,0
2020-03-10,sh.600000,8.20591632,8.39746432,8.1982544,8.32850704,8.25954976,44761737,485896696.0,0.1593,1,0.8349,0
2020-03-11,sh.600000,8.37447856,8.37447856,8.25188784,8.25188784,8.32850704,31688826,343734180.0,0.1128,1,-0.92,0
2020-03-12,sh.600000,8.236564,8.236564,8.12929712,8.15228288,8.25188784,32632350,348157969.0,0.1161,1,-1.2071,0
2020-03-13,sh.600000,7.9683968,8.22124016,7.87645376,8.1982544,8.15228288,57457109,603756305.0,0.2044,1,0.5639,0
2020-03-16,sh.600000,8.1982544,8.25954976,8.045016,8.05267792,8.1982544,47649924,507308318.0,0.1695,1,-1.7757,0
2020-03-17,sh.600000,8.18293056,8.19059248,7.88411568,7.99138256,8.05267792,42139008,440636619.0,0.1499,1,-0.7612,0
2020-03-18,sh.600000,7.9683968,8.045016,7.8151584,7.82282032,7.99138256,33176646,343553119.0,0.1181,1,-2.1093,0
2020-03-19,sh.600000,7.80749648,7.92242528,7.55465312,7.61594848,7.82282032,55707113,558047012.0,0.1982,1,-2.6445,0
2020-03-20,sh.600000,7.75386304,7.79983456,7.63127232,7.73087728,7.61594848,42609358,428744766.0,0.1516,1,1.5091,0
2020-03-23,sh.600000,7.6236104,7.6236104,7.52400544,7.53932928,7.73087728,28286030,279043930.0,0.1006,1,-2.4777,0
2020-03-24,sh.600000,7.68490576,7.76152496,7.64659616,7.70789152,7.53932928,28990754,291586379.0,0.1032,1,2.2358,0
2020-03-25,sh.600000,7.8151584,7.86879184,7.75386304,7.7768488,7.70789152,32172278,327768574.0,0.1145,1,0.8946,0
2020-03-26,sh.600000,7.7385392,7.94541104,7.72321536,7.83814416,7.7768488,30921803,315960382.0,0.11,1,0.7882,0
2020-03-27,sh.600000,7.9300872,7.95307296,7.8151584,7.84580608,7.83814416,27107951,278718751.0,0.0965,1,0.0978,0
2020-03-30,sh.600000,7.79983456,7.87645376,7.74620112,7.87645376,7.84580608,26046018,265782024.0,0.0927,1,0.3906,0
2020-03-31,sh.600000,7.8917776,7.93774912,7.76152496,7.7768488,7.87645376,26144854,267681227.0,0.093,1,-1.2646,0
2020-04-01,sh.600000,7.74620112,7.86112992,7.73087728,7.73087728,7.7768488,22479192,228559545.0,0.08,1,-0.5911,0
2020-04-02,sh.600000,7.73087728,7.8151584,7.71555344,7.8151584,7.73087728,17042135,172675321.0,0.0606,1,1.0902,0
2020-04-03,sh.600000,7.76152496,7.82282032,7.75386304,7.7768488,7.8151584,14842382,150706819.0,0.0528,1,-0.4902,0
2020-04-07,sh.600000,7.8917776,7.91476336,7.83814416,7.87645376,7.7768488,23825611,244911012.0,0.0848,1,1.2808,0
2020-04-08,sh.600000,7.853468,7.88411568,7.79983456,7.84580608,7.87645376,17952255,183606904.0,0.0639,1,-0.3891,0
2020-04-09,sh.600000,7.86112992,7.88411568,7.79983456,7.8151584,7.84580608,13569586,138881044.0,0.0483,1,-0.3906,0
2020-04-10,sh.600000,7.83048224,7.84580608,7.7768488,7.82282032,7.8151584,16625528,169625912.0,0.0592,1,0.098,0
2020-04-13,sh.600000,7.7768488,7.83048224,7.7385392,7.74620112,7.82282032,11966986,121315470.0,0.0426,1,-0.9794,0
2020-04-14,sh.600000,7.79217264,7.853468,7.75386304,7.853468,7.74620112,17792926,181192027.0,0.0633,1,1.3848,0
2020-04-15,sh.600000,7.8151584,7.86879184,7.7768488,7.79983456,7.853468,14945608,152284659.0,0.0532,1,-0.6829,0
2020-04-16,sh.600000,7.7385392,7.79983456,7.7385392,7.78451072,7.79983456,14403197,145969853.0,0.0513,1,-0.1965,0
2020-04-17,sh.600000,7.79983456,7.83814416,7.7768488,7.8151584,7.78451072,22744411,231788988.0,0.0809,1,0.3937,0
2020-04-20,sh.600000,7.7768488,7.80749648,7.73087728,7.74620112,7.8151584,23503715,237574344.0,0.0836,1,-0.8824,0
2020-04-21,sh.600000,7.71555344,7.75386304,7.66958192,7.68490576,7.74620112,17557525,176508085.0,0.0625,1,-0.7913,0
2020-04-22,sh.600000,7.67724384,7.71555344,7.64659616,7.71555344,7.68490576,15802441,158372535.0,0.0562,1,0.3988,0
2020-04-23,sh.600000,7.7385392,7.7385392,7.66958192,7.70789152,7.71555344,16878643,169579075.0,0.0601,1,-0.0993,0
2020-04-24,sh.600000,7.70789152,7.73087728,7.66958192,7.70789152,7.70789152,16973113,170599170.0,0.0604,1,0.0,0
2020-04-27,sh.600000,7.7768488,7.98372064,7.7768488,7.92242528,7.70789152,50342806,520243997.0,0.1791,1,2.7833,0
2020-04-28,sh.600000,7.93774912,7.95307296,7.83048224,7.91476336,7.92242528,29222578,301584635.0,0.104,1,-0.0967,0
2020-04-29,sh.600000,7.9300872,8.12929712,7.91476336,8.12929712,7.91476336,35056836,367739389.0,0.1247,1,2.7105,0
2020-04-30,sh.600000,8.10631136,8.26721168,8.09098752,8.14462096,8.12929712,30906971,330157488.0,0.11,1,0.1885,0
2020-05-06,sh.600000,7.99904448,8.03735408,7.93774912,8.01436832,8.14462096,41378362,431336740.0,0.1472,1,-1.5992,0
2020-05-07,sh.600000,8.0067064,8.01436832,7.94541104,7.96073488,8.01436832,26211656,272516386.0,0.0933,1,-0.6692,0
2020-05-08,sh.600000,7.99904448,8.03735408,7.9683968,7.99904448,7.96073488,20927670,218698514.0,0.0745,1,0.4812,0
2020-05-11,sh.600000,7.99904448,8.07566368,7.98372064,7.99138256,7.99904448,21472495,224819916.0,0.0764,1,-0.0958,0
2020-05-12,sh.600000,7.99904448,8.02969216,7.92242528,7.92242528,7.99138256,19405945,201474588.0,0.0691,1,-0.8629,0
2020-05-13,sh.600000,7.89943952,7.96073488,7.87645376,7.95307296,7.92242528,15574310,160783648.0,0.0554,1,0.3868,0
2020-05-14,sh.600000,7.90710144,7.93774912,7.86879184,7.8917776,7.95307296,15892376,163558192.0,0.0565,1,-0.7707,0
2020-05-15,sh.600000,7.93774912,7.95307296,7.86112992,7.87645376,7.8917776,13753770,141846602.0,0.0489,1,-0.1942,0
2020-05-18,sh.600000,7.87645376,7.99138256,7.853468,7.90710144,7.87645376,15675941,162140715.0,0.0558,1,0.3891,0
2020-05-19,sh.600000,8.0067064,8.0067064,7.92242528,7.9300872,7.90710144,12576997,130445254.0,0.0448,1,0.2907,0
2020-05-20,sh.600000,7.94541104,7.98372064,7.91476336,7.97605872,7.9300872,20046300,208195248.0,0.0713,1,0.5797,0
2020-05-21,sh.600000,7.99904448,7.99904448,7.91476336,7.91476336,7.97605872,14361684,149140643.0,0.0511,1,-0.7685,0
2020-05-22,sh.600000,7.8917776,7.92242528,7.76918688,7.76918688,7.91476336,23722915,243204611.0,0.0844,1,-1.8393,0
2020-05-25,sh.600000,7.8917776,7.89943952,7.76152496,7.86879184,7.76918688,15722012,160438358.0,0.0559,1,1.2821,0
2020-05-26,sh.600000,7.90710144,7.90710144,7.853468,7.86879184,7.86879184,14372249,147713417.0,0.0511,1,0.0,0
2020-05-27,sh.600000,7.87645376,7.95307296,7.853468,7.9300872,7.86879184,20145712,208419130.0,0.0717,1,0.779,0
2020-05-28,sh.600000,7.93774912,8.0833256,7.93774912,8.06800176,7.9300872,38263189,401358593.0,0.1361,1,1.7391,0
2020-05-29,sh.600000,8.0067064,8.09864944,8.0067064,8.09864944,8.06800176,30659227,322828566.0,0.1091,1,0.3799,0
2020-06-01,sh.600000,8.14462096,8.21357824,8.09864944,8.1599448,8.09864944,28612841,304346423.0,0.1018,1,0.7569,0
2020-06-02,sh.600000,8.10631136,8.22890208,8.10631136,8.18293056,8.1599448,25922545,276609954.0,0.0922,1,0.2817,0
2020-06-03,sh.600000,8.236564,8.32850704,8.1982544,8.1982544,8.18293056,27352188,294473001.0,0.0973,1,0.1873,0
2020-06-04,sh.600000,8.2748736,8.2748736,8.15228288,8.15228288,8.1982544,17559033,187688384.0,0.0625,1,-0.5607,0
2020-06-05,sh.600000,8.18293056,8.19059248,8.09098752,8.17526864,8.15228288,20958291,222668156.0,0.0746,1,0.282,0
2020-06-08,sh.600000,8.15228288,8.21357824,8.1216352,8.12929712,8.17526864,18251152,194265349.0,0.0649,1,-0.5623,0
2020-06-09,sh.600000,8.13695904,8.21357824,8.10631136,8.18293056,8.12929712,17263160,184089097.0,0.0614,1,0.6598,0
2020-06-10,sh.600000,8.20591632,8.20591632,8.10631136,8.10631136,8.18293056,16693480,177440922.0,0.0594,1,-0.9363,0
2020-06-11,sh.600000,8.10631136,8.12929712,8.0067064,8.02969216,8.10631136,25171455,264822302.0,0.0896,1,-0.9452,0
2020-06-12,sh.600000,8.10631136,8.10631136,7.99138256,8.0833256,8.02969216,25514482,267574331.0,0.0908,1,0.6679,0
2020-06-15,sh.600000,7.97605872,8.03735408,7.9300872,7.9300872,8.0833256,25497883,265574307.0,0.0907,1,-1.8957,0
2020-06-16,sh.600000,7.99904448,8.045016,7.9683968,8.0067064,7.9300872,17682742,184966297.0,0.0629,1,0.9662,0
2020-06-17,sh.600000,7.99904448,8.05267792,7.99138256,8.02203024,8.0067064,16148594,169024390.0,0.0575,1,0.1914,0
2020-06-18,sh.600000,7.98372064,8.09864944,7.96073488,8.045016,8.02203024,20856551,218713603.0,0.0742,1,0.2865,0
2020-06-19,sh.600000,8.09098752,8.18293056,8.045016,8.12929712,8.045016,39814479,422462428.0,0.1417,1,1.0476,0
2020-06-22,sh.600000,8.09864944,8.16760672,8.06800176,8.0833256,8.12929712,24611903,260728901.0,0.0876,1,-0.5655,0
2020-06-23,sh.600000,8.05267792,8.09864944,8.02203024,8.02969216,8.0833256,19602212,206109220.0,0.0697,1,-0.6635,0
2020-06-24,sh.600000,8.07566368,8.12929712,8.045016,8.1216352,8.02969216,22873884,241489165.0,0.0814,1,1.145,0
2020-06-29,sh.600000,8.14462096,8.22124016,8.03735408,8.09864944,8.1216352,27875619,295223647.0,0.0992,1,-0.283,0
2020-06-30,sh.600000,8.11397328,8.15228288,8.07566368,8.10631136,8.09864944,22886764,242601910.0,0.0814,1,0.0946,0
2020-07-01,sh.600000,8.11397328,8.24422592,8.0833256,8.22890208,8.10631136,36690710,390832225.0,0.1306,1,1.5123,0
2020-07-02,sh.600000,8.22124016,8.4664216,8.1982544,8.4664216,8.22890208,60951268,663308323.0,0.2169,1,2.8864,0
2020-07-03,sh.600000,8.48940736,8.62732192,8.44343584,8.57368848,8.4664216,82238477,916157920.0,0.2926,1,1.267,0
2020-07-06,sh.600000,8.6579696,9.43182352,8.65030768,9.3475424,8.57368848,149558001,1776417981.0,0.5322,1,9.0259,0
2020-07-07,sh.600000,9.5390904,9.72297648,9.2709232,9.27858512,9.3475424,131469759,1621839646.0,0.4678,1,-0.7377,0
2020-07-08,sh.600000,9.32455664,9.53142848,9.21728976,9.30157088,9.27858512,104879230,1282339816.0,0.3732,1,0.2477,0
2020-07-09,sh.600000,9.39351392,9.39351392,9.14833248,9.18664208,9.30157088,91311738,1101713242.0,0.3249,1,-1.2356,0
2020-07-10,sh.600000,9.17898016,9.26326128,8.8495176,8.8878272,9.18664208,78611864,925839420.0,0.2797,1,-3.2527,0
2020-07-13,sh.600000,8.8878272,9.0793752,8.85717952,8.93379872,8.8878272,96564333,1128297577.0,0.3436,1,0.5172,0
2020-07-14,sh.600000,8.89548912,8.95678448,8.68095536,8.71926496,8.93379872,79944260,919482272.0,0.2845,1,-2.4014,0
2020-07-15,sh.600000,8.78822224,8.78822224,8.53537888,8.56602656,8.71926496,92438310,1042128861.0,0.3289,1,-1.7575,0
2020-07-16,sh.600000,8.61966,8.79588416,8.5813504,8.5813504,8.56602656,96614162,1094090004.0,0.3438,1,0.1789,0
2020-07-17,sh.600000,8.71160304,8.72692688,8.55836464,8.63498384,8.5813504,68639480,771657319.0,0.2442,1,0.625,0
2020-07-20,sh.600000,8.67329344,8.86484144,8.63498384,8.82653184,8.63498384,78766518,901216619.0,0.2803,1,2.2183,0
2020-07-21,sh.600000,8.88016528,8.89548912,8.7345888,8.84185568,8.82653184,55004587,632576750.48,0.1957,1,0.1736,0
2020-07-22,sh.600000,8.8495176,9.002756,8.811208,8.90315104,8.84185568,98687637,1147395851.08,0.3512,1,0.6932,0
2020-07-23,sh.600000,8.87890892,8.87890892,8.57190388,8.75772272,8.90314616,86806896,937319747.44,0.3089,1,-1.6334,0
2020-07-24,sh.600000,8.70924824,8.7254064,8.4022432,8.41840136,8.75772272,72886391,769923511.02,0.2593,1,-3.8745,0
2020-07-27,sh.600000,8.5234294,8.5234294,8.33761056,8.37800596,8.41840136,44655910,465608566.02,0.1589,1,-0.4798,0
2020-07-28,sh.600000,8.45071768,8.51535032,8.3618478,8.39416412,8.37800596,32599274,339999710.64,0.116,1,0.1929,0
2020-07-29,sh.600000,8.3618478,8.51535032,8.33761056,8.49111308,8.39416412,45256602,474093212.71,0.161,1,1.155,0
2020-07-30,sh.600000,8.49111308,8.50727124,8.4022432,8.4022432,8.49111308,40443481,422561053.58,0.1439,1,-1.0466,0
2020-07-31,sh.600000,8.41032228,8.49919216,8.32953148,8.36992688,8.4022432,65368427,679850126.02,0.2326,1,-0.3846,0
2020-08-03,sh.600000,8.4022432,8.46687584,8.37800596,8.41032228,8.36992688,56272005,586201746.4,0.2002,1,0.4826,0
2020-08-04,sh.600000,8.45071768,8.66077376,8.42648044,8.61229928,8.41032228,88522454,937235108.78,0.315,1,2.4015,0
2020-08-05,sh.600000,8.59614112,8.59614112,8.4426386,8.49111308,8.61229928,46011280,483338972.02,0.1637,1,-1.4071,0
2020-08-06,sh.600000,8.53958756,8.58806204,8.41032228,8.50727124,8.49111308,42484232,445698833.14,0.1512,1,0.1903,0
2020-08-07,sh.600000,8.49111308,8.50727124,8.36992688,8.42648044,8.50727124,44271966,461730420.88,0.1575,1,-0.9497,0
2020-08-10,sh.600000,8.41840136,8.53958756,8.39416412,8.49919216,8.42648044,48973967,514604347.77,0.1743,1,0.8629,0
2020-08-11,sh.600000,8.54766664,8.62845744,8.4426386,8.45879676,8.49919216,63673224,676102351.17,0.2266,1,-0.4753,0
2020-08-12,sh.600000,8.47495492,8.5638248,8.45071768,8.53150848,8.45879676,43268629,455458282.12,0.154,1,0.8596,0
2020-08-13,sh.600000,8.5638248,8.57190388,8.483034,8.49111308,8.53150848,25798477,271625415.12,0.0918,1,-0.4735,0
2020-08-14,sh.600000,8.50727124,8.5638248,8.46687584,8.55574572,8.49111308,37584530,396506222.63,0.1337,1,0.7612,0
2020-08-17,sh.600000,8.55574572,8.87082984,8.53958756,8.75772272,8.55574572,98742699,1066482968.31,0.3513,1,2.3607,0
2020-08-18,sh.600000,8.7658018,8.7658018,8.58806204,8.63653652,8.75772272,54091961,580056196.32,0.1925,1,-1.3838,0
2020-08-19,sh.600000,8.63653652,8.67693192,8.53958756,8.54766664,8.63653652,43448106,462151805.43,0.1546,1,-1.029,0
2020-08-20,sh.600000,8.53150848,8.53958756,8.42648044,8.45879676,8.54766664,53539028,559975457.1,0.1905,1,-1.0397,0
2020-08-21,sh.600000,8.53150848,8.53150848,8.4426386,8.483034,8.45879676,31451520,329790600.62,0.1119,1,0.2865,0
2020-08-24,sh.600000,8.53958756,8.53958756,8.43455952,8.45071768,8.483034,38982822,408922474.85,0.1387,1,-0.381,0
2020-08-25,sh.600000,8.46687584,8.49111308,8.41032228,8.4426386,8.45071768,37897250,396122405.28,0.1348,1,-0.0956,0
2020-08-26,sh.600000,8.43455952,8.4426386,8.3618478,8.37800596,8.4426386,39278732,408174291.9,0.1398,1,-0.7656,0
2020-08-27,sh.600000,8.38608504,8.4022432,8.33761056,8.3618478,8.37800596,30462492,315213297.12,0.1084,1,-0.1929,0
2020-08-28,sh.600000,8.3618478,8.45071768,8.32953148,8.45071768,8.3618478,53131203,552429110.68,0.1891,1,1.0628,0
2020-08-31,sh.600000,8.45071768,8.49111308,8.33761056,8.36992688,8.45071768,80037356,835524366.27,0.2848,1,-0.956,0
2020-09-01,sh.600000,8.32953148,8.36992688,8.28913608,8.31337332,8.36992688,53931233,555922098.74,0.1919,1,-0.6757,0
2020-09-02,sh.600000,8.30529424,8.31337332,8.17602896,8.22450344,8.31337332,56787081,578763478.88,0.2021,1,-1.069,0
2020-09-03,sh.600000,8.23258252,8.26489884,8.16794988,8.17602896,8.22450344,40832020,414701608.01,0.1453,1,-0.5894,0
2020-09-04,sh.600000,8.13563356,8.2002662,8.08715908,8.13563356,8.17602896,38443982,387141417.94,0.131,1,-0.4941,0
2020-09-07,sh.600000,8.13563356,8.20834528,8.08715908,8.08715908,8.13563356,58564585,589509231.02,0.1995,1,-0.5958,0
2020-09-08,sh.600000,8.13563356,8.15179172,8.08715908,8.1194754,8.08715908,52972540,532346432.87,0.1805,1,0.3996,0
2020-09-09,sh.600000,8.08715908,8.14371264,8.07908,8.08715908,8.1194754,49418500,496009217.16,0.1684,1,-0.398,0
2020-09-10,sh.600000,8.12755448,8.12755448,8.03060552,8.04676368,8.08715908,54169916,540727380.94,0.1846,1,-0.4995,0
2020-09-11,sh.600000,8.0386846,8.04676368,7.9578938,8.01444736,8.04676368,49947642,494619679.9,0.1702,1,-0.4016,0
2020-09-14,sh.600000,8.0386846,8.0386846,7.96597288,7.9982892,8.01444736,38851230,384257705.8,0.1324,1,-0.2016,0
2020-09-15,sh.600000,8.00636828,8.01444736,7.9578938,7.96597288,7.9982892,46601549,459933677.85,0.1588,1,-0.404,0
2020-09-16,sh.600000,7.97405196,7.9982892,7.9174984,7.96597288,7.96597288,51470657,507227129.45,0.1754,1,0.0,0
2020-09-17,sh.600000,7.97405196,7.99021012,7.9174984,7.94173564,7.96597288,43171675,424496711.82,0.1471,1,-0.3043,0
2020-09-18,sh.600000,7.94981472,8.03060552,7.9174984,8.03060552,7.94173564,95230581,941630507.92,0.3244,1,1.119,0
2020-09-21,sh.600000,8.03060552,8.05484276,7.94173564,7.94981472,8.03060552,55998716,553037614.48,0.1908,1,-1.006,0
2020-09-22,sh.600000,7.92557748,7.94981472,7.82862852,7.8367076,7.94981472,65952098,643194146.4,0.2247,1,-1.4228,0
2020-09-23,sh.600000,7.84478668,7.85286576,7.77207496,7.78015404,7.8367076,41909587,404393340.16,0.1428,1,-0.7216,0
2020-09-24,sh.600000,7.76399588,7.77207496,7.64280968,7.675126,7.78015404,53858739,512493256.04,0.1835,1,-1.3499,0
2020-09-25,sh.600000,7.675126,7.69936324,7.64280968,7.65088876,7.675126,29487505,279750442.32,0.1005,1,-0.3158,0
2020-09-28,sh.600000,7.66704692,7.69936324,7.64280968,7.64280968,7.65088876,26257827,249063489.41,0.0895,1,-0.1056,0
2020-09-29,sh.600000,7.675126,7.69128416,7.61857244,7.61857244,7.64280968,32988266,312583584.98,0.1124,1,-0.3171,0
2020-09-30,sh.600000,7.6347306,7.66704692,7.5539398,7.58625612,7.61857244,39006807,367745388.57,0.1329,1,-0.4242,0
2020-10-09,sh.600000,7.62665152,7.65896784,7.5943352,7.61049336,7.58625612,39772687,375559366.01,0.1355,1,0.3195,0
2020-10-12,sh.600000,7.6347306,7.78015404,7.61049336,7.74783772,7.61049336,66671637,637356691.4,0.2271,1,1.8047,0
2020-10-13,sh.600000,7.73975864,7.74783772,7.69128416,7.70744232,7.74783772,28059097,267595710.61,0.0956,1,-0.5214,0
2020-10-14,sh.600000,7.70744232,7.72360048,7.675126,7.69936324,7.70744232,42969217,409511681.66,0.1464,1,-0.1048,0
2020-10-15,sh.600000,7.70744232,7.85286576,7.69936324,7.77207496,7.69936324,66146732,637856656.35,0.2254,1,0.9444,0
2020-10-16,sh.600000,7.76399588,7.89326116,7.7559168,7.85286576,7.77207496,74850236,726361115.91,0.255,1,1.0395,0
2020-10-19,sh.600000,7.86094484,8.02252644,7.78823312,7.7963122,7.85286576,84532385,826077895.19,0.288,1,-0.7202,0
2020-10-20,sh.600000,7.78015404,7.7963122,7.68320508,7.73975864,7.7963122,46687029,446894604.24,0.1591,1,-0.7254,0
2020-10-21,sh.600000,7.73975864,7.8367076,7.68320508,7.8367076,7.73975864,61622129,592503578.52,0.2099,1,1.2526,0
2020-10-22,sh.600000,7.81247036,7.88518208,7.74783772,7.7963122,7.8367076,47288884,456765638.54,0.1611,1,-0.5155,0
2020-10-23,sh.600000,7.78015404,7.90941932,7.77207496,7.8367076,7.7963122,70954476,689493436.85,0.2417,1,0.5181,0
2020-10-26,sh.600000,7.85286576,7.877103,7.74783772,7.7559168,7.8367076,52711443,508770627.54,0.1796,1,-1.0309,0
2020-10-27,sh.600000,7.74783772,7.74783772,7.65896784,7.65896784,7.7559168,38062780,362632658.54,0.1297,1,-1.25,0
2020-10-28,sh.600000,7.65896784,7.69128416,7.57817704,7.5943352,7.65896784,45881367,432093181.11,0.1563,1,-0.8439,0
2020-10-29,sh.600000,7.5539398,7.6347306,7.54586072,7.57009796,7.5943352,43707348,409990836.38,0.1489,1,-0.3191,0
2020-10-30,sh.600000,7.57817704,7.6347306,7.473149,7.48122808,7.57009796,56060864,523487861.49,0.191,1,-1.174,0
2020-11-02,sh.600000,7.49738624,7.53778164,7.44891176,7.473149,7.48122808,46542251,431202859.48,0.1586,1,-0.108,0
2020-11-03,sh.600000,7.52162348,7.5943352,7.49738624,7.5135444,7.473149,67876111,632973896.61,0.2312,1,0.5405,0
2020-11-04,sh.600000,7.5539398,7.5943352,7.49738624,7.54586072,7.5135444,50256088,469008802.5,0.1712,1,0.4301,0
2020-11-05,sh.600000,7.64280968,7.64280968,7.53778164,7.56201888,7.54586072,55873229,523812724.48,0.1904,1,0.2141,0
2020-11-06,sh.600000,7.57009796,7.61857244,7.53778164,7.58625612,7.56201888,63919592,600129368.89,0.2178,1,0.3205,0
2020-11-09,sh.600000,7.61049336,7.65896784,7.58625612,7.61857244,7.58625612,88937655,839142819.56,0.303,1,0.426,0
2020-11-10,sh.600000,7.65088876,7.74783772,7.62665152,7.64280968,7.61857244,84217864,800256172.05,0.2869,1,0.3181,0
2020-11-11,sh.600000,7.66704692,7.73975864,7.62665152,7.72360048,7.64280968,64171805,610306555.33,0.2186,1,1.0571,0
2020-11-12,sh.600000,7.69128416,7.69936324,7.61857244,7.61857244,7.72360048,51891050,491018805.08,0.1768,1,-1.3598,0
2020-11-13,sh.600000,7.60241428,7.60241428,7.53778164,7.56201888,7.61857244,44910112,420337400.47,0.153,1,-0.7423,0
2020-11-16,sh.600000,7.57817704,7.64280968,7.57009796,7.6347306,7.56201888,31878052,300508257.43,0.1086,1,0.9615,0
2020-11-17,sh.600000,7.64280968,7.69936324,7.62665152,7.69936324,7.6347306,47293970,448873504.24,0.1611,1,0.8466,0
2020-11-18,sh.600000,7.69936324,7.89326116,7.675126,7.8367076,7.69936324,109417513,1059930872.62,0.3728,1,1.7838,0
2020-11-19,sh.600000,7.8367076,7.90134024,7.78823312,7.86902392,7.8367076,63840056,620569637.98,0.2175,1,0.4124,0
2020-11-20,sh.600000,7.82054944,7.85286576,7.76399588,7.81247036,7.86902392,46631360,450166503.49,0.1589,1,-0.7187,0
2020-11-23,sh.600000,7.80439128,8.01444736,7.78015404,7.9982892,7.81247036,92618240,909448904.48,0.3155,1,2.3785,0
2020-11-24,sh.600000,8.01444736,8.05484276,7.93365656,7.9578938,7.9982892,61221709,605831670.52,0.2086,1,-0.5051,0
2020-11-25,sh.600000,7.9982892,8.07100092,7.92557748,7.92557748,7.9578938,61216111,606063472.42,0.2086,1,-0.4061,0
2020-11-26,sh.600000,7.94981472,8.07100092,7.88518208,8.06292184,7.92557748,71595543,709188720.75,0.2439,1,1.7329,0
2020-11-27,sh.600000,8.08715908,8.2406616,8.04676368,8.2406616,8.06292184,113388037,1141650216.7,0.3863,1,2.2044,0
2020-11-30,sh.600000,8.3214524,8.50727124,8.12755448,8.12755448,8.2406616,203498922,2102112685.69,0.6933,1,-1.3725,0
2020-12-01,sh.600000,8.14371264,8.3618478,8.08715908,8.3214524,8.12755448,107812159,1099269635.93,0.3673,1,2.3857,0
2020-12-02,sh.600000,8.28913608,8.39416412,8.23258252,8.281057,8.3214524,78702779,808812295.61,0.2681,1,-0.4854,0
2020-12-03,sh.600000,8.26489884,8.30529424,8.20834528,8.27297792,8.281057,57195735,584153273.38,0.1949,1,-0.0976,0
2020-12-04,sh.600000,8.27297792,8.281057,8.1194754,8.21642436,8.27297792,47336450,479183314.97,0.1613,1,-0.6836,0
2020-12-07,sh.600000,8.16794988,8.21642436,7.9982892,8.07100092,8.21642436,57810545,577584100.54,0.197,1,-1.7699,0
2020-12-08,sh.600000,8.05484276,8.12755448,8.02252644,8.06292184,8.07100092,31522398,315079837.72,0.1074,1,-0.1001,0
2020-12-09,sh.600000,8.06292184,8.15179172,8.00636828,8.00636828,8.06292184,44090061,440752941.18,0.1502,1,-0.7014,0
2020-12-10,sh.600000,8.00636828,8.04676368,7.88518208,7.93365656,8.00636828,39400878,388252087.64,0.1342,1,-0.9082,0
2020-12-11,sh.600000,7.94981472,7.98213104,7.82862852,7.8367076,7.93365656,48386569,471620087.11,0.1648,1,-1.222,0
2020-12-14,sh.600000,7.877103,7.9174984,7.82054944,7.877103,7.8367076,38743836,376928042.47,0.132,1,0.5155,0
2020-12-15,sh.600000,7.86094484,7.86902392,7.7559168,7.84478668,7.877103,39323070,379468277.5,0.134,1,-0.4103,0
2020-12-16,sh.600000,7.85286576,7.90134024,7.78823312,7.7963122,7.84478668,47998904,465187094.36,0.1635,1,-0.6179,0
2020-12-17,sh.600000,7.78823312,7.90941932,7.74783772,7.89326116,7.7963122,42901555,415257095.45,0.1462,1,1.2435,0
2020-12-18,sh.600000,7.86902392,7.90941932,7.82862852,7.88518208,7.89326116,31884462,310411756.26,0.1086,1,-0.1024,0
2020-12-21,sh.600000,7.8367076,7.89326116,7.7963122,7.877103,7.88518208,31965504,310813655.36,0.1089,1,-0.1025,0
2020-12-22,sh.600000,7.877103,7.877103,7.7155214,7.76399588,7.877103,50418001,485974239.53,0.1718,1,-1.4359,0
2020-12-23,sh.600000,7.7559168,7.78823312,7.65896784,7.7155214,7.76399588,38656338,368816679.09,0.1317,1,-0.6243,0
2020-12-24,sh.600000,7.7155214,7.80439128,7.68320508,7.7155214,7.7155214,24871912,238279375.61,0.0847,1,0.0,0
2020-12-25,sh.600000,7.72360048,7.76399588,7.68320508,7.73975864,7.7155214,22420976,214427367.09,0.0764,1,0.3141,0
2020-12-28,sh.600000,7.7155214,7.78015404,7.675126,7.73167956,7.73975864,33765935,322826382.27,0.115,1,-0.1044,0
2020-12-29,sh.600000,7.74783772,7.77207496,7.69128416,7.69936324,7.73167956,44150648,421945425.96,0.1504,1,-0.418,0
2020-12-30,sh.600000,7.69128416,7.70744232,7.62665152,7.675126,7.69936324,54885564,519975315.19,0.187,1,-0.3148,0
2020-12-31,sh.600000,7.68320508,7.82862852,7.66704692,7.82054944,7.675126,65992362,635666178.47,0.2248,1,1.8947,0
2021-01-04,sh.600000,7.78823312,7.86094484,7.7155214,7.82862852,7.82054944,62906939,606364958.94,0.2143,1,0.1033,0
2021-01-05,sh.600000,7.82054944,7.82054944,7.69128416,7.82054944,7.82862852,53859177,517135736.59,0.1835,1,-0.1032,0
2021-01-06,sh.600000,7.77207496,7.94173564,7.77207496,7.93365656,7.82054944,61881321,604071109.89,0.2108,1,1.4463,0
2021-01-07,sh.600000,7.94173564,8.02252644,7.80439128,7.92557748,7.93365656,57090442,557051919.56,0.1945,1,-0.1018,0
2021-01-08,sh.600000,7.94173564,7.9982892,7.86094484,7.94173564,7.92557748,55801455,547035204.66,0.1901,1,0.2039,0
2021-01-11,sh.600000,7.94173564,8.03060552,7.82054944,7.82862852,7.94173564,75984056,745359164.72,0.2589,1,-1.4242,0
2021-01-12,sh.600000,7.8367076,7.90941932,7.73975864,7.90134024,7.82862852,56732878,548277788.16,0.1933,1,0.9288,0
2021-01-13,sh.600000,7.877103,7.98213104,7.85286576,7.94981472,7.90134024,57145173,560579197.66,0.1947,1,0.6135,0
2021-01-14,sh.600000,7.94173564,8.04676368,7.88518208,7.97405196,7.94981472,55338565,545908486.88,0.1885,1,0.3049,0
2021-01-15,sh.600000,8.06292184,8.26489884,8.01444736,8.01444736,7.97405196,143067603,1440725952.48,0.4874,1,0.5066,0
2021-01-18,sh.600000,8.01444736,8.17602896,7.97405196,8.14371264,8.01444736,96389498,962800689.28,0.3284,1,1.6129,0
2021-01-19,sh.600000,8.13563356,8.25681976,8.06292184,8.20834528,8.14371264,82816180,837479675.06,0.2821,1,0.7937,0
2021-01-20,sh.600000,8.18410804,8.22450344,8.04676368,8.06292184,8.20834528,66608913,669394442.04,0.2269,1,-1.7717,0
2021-01-21,sh.600000,8.07100092,8.13563356,8.02252644,8.05484276,8.06292184,53622907,536180004.03,0.1827,1,-0.1002,0
2021-01-22,sh.600000,8.04676368,8.05484276,7.88518208,7.90941932,8.05484276,61879785,607707949.2,0.2108,1,-1.8054,0
2021-01-25,sh.600000,7.89326116,7.90134024,7.81247036,7.85286576,7.90941932,51705648,501372367.7,0.1762,1,-0.715,0
2021-01-26,sh.600000,7.82862852,7.90134024,7.80439128,7.82054944,7.85286576,39877611,386930899.32,0.1359,1,-0.4115,0
2021-01-27,sh.600000,7.81247036,7.98213104,7.80439128,7.86094484,7.82054944,55174457,539658291.66,0.188,1,0.5165,0
2021-01-28,sh.600000,7.86094484,7.86902392,7.76399588,7.80439128,7.86094484,52360924,506059207.02,0.1784,1,-0.7194,0
2021-01-29,sh.600000,7.82862852,8.18410804,7.7963122,8.04676368,7.80439128,115257482,1142597658.73,0.3927,1,3.1056,0
2021-02-01,sh.600000,8.03060552,8.46687584,7.9982892,8.43455952,8.04676368,181883788,1867280982.5,0.6197,1,4.8193,0
2021-02-02,sh.600000,8.3618478,8.45879676,8.2002662,8.25681976,8.43455952,131403970,1349638624.63,0.4477,1,-2.1073,0
2021-02-03,sh.600000,8.23258252,8.42648044,8.12755448,8.28913608,8.25681976,131150745,1346692050.19,0.4468,1,0.3914,0
2021-02-04,sh.600000,8.24874068,8.41032228,8.17602896,8.30529424,8.28913608,92016450,944124557.52,0.3135,1,0.1949,0
2021-02-05,sh.600000,8.30529424,8.74156456,8.281057,8.66077376,8.30529424,195506162,2078645790.82,0.6661,1,4.2802,0
2021-02-08,sh.600000,8.65269468,8.73348548,8.49111308,8.66077376,8.66077376,137089506,1467791360.06,0.4671,1,0.0,0
2021-02-09,sh.600000,8.6446156,8.67693192,8.51535032,8.62845744,8.66077376,99871998,1061301526.78,0.3403,1,-0.3731,0
2021-02-10,sh.600000,8.62037836,8.7658018,8.53150848,8.63653652,8.62845744,105092241,1123961356.48,0.358,1,0.0936,0
2021-02-18,sh.600000,8.7254064,8.90314616,8.67693192,8.74964364,8.63653652,143397923,1558504810.59,0.4885,1,1.3096,0
2021-02-19,sh.600000,8.74964364,8.98393696,8.70116916,8.86275076,8.74964364,122926300,1351290390.64,0.4188,1,1.2927,0
2021-02-22,sh.600000,8.82235536,8.8465926,8.6446156,8.65269468,8.86275076,127379414,1373533381.79,0.434,1,-2.3701,0
2021-02-23,sh.600000,8.65269468,8.87890892,8.65269468,8.70924824,8.65269468,93327786,1010901315.55,0.318,1,0.6536,0
2021-02-24,sh.600000,8.73348548,8.79811812,8.5234294,8.5638248,8.70924824,97783999,1047470278.68,0.3331,1,-1.6698,0
2021-02-25,sh.600000,8.61229928,8.7658018,8.5638248,8.7254064,8.5638248,89855495,964732754.71,0.3061,1,1.8868,0
2021-02-26,sh.600000,8.66077376,8.74156456,8.51535032,8.51535032,8.7254064,85386093,909298104.76,0.2909,1,-2.4074,0
2021-03-01,sh.600000,8.55574572,8.59614112,8.483034,8.54766664,8.51535032,54746126,578491496.41,0.1865,1,0.3795,0
2021-03-02,sh.600000,8.57190388,8.6446156,8.36992688,8.45879676,8.54766664,74763149,786616693.31,0.2547,1,-1.0397,0
2021-03-03,sh.600000,8.4426386,8.82235536,8.42648044,8.82235536,8.45879676,113570860,1224387994.22,0.3869,1,4.298,0
2021-03-04,sh.600000,8.7254064,8.82235536,8.69309008,8.79003904,8.82235536,75412865,817817158.79,0.2569,1,-0.3663,0
2021-03-05,sh.600000,8.78195996,8.83851352,8.63653652,8.77388088,8.79003904,72154782,778561759.31,0.2458,1,-0.1838,0
2021-03-08,sh.600000,8.87082984,8.90314616,8.65269468,8.685011,8.77388088,80153097,869553732.97,0.2731,1,-1.0129,0
2021-03-09,sh.600000,8.70924824,8.8061972,8.6042202,8.66885284,8.685011,83584061,900880588.82,0.2848,1,-0.186,0
2021-03-10,sh.600000,8.69309008,8.71732732,8.58806204,8.66077376,8.66885284,50512161,542100935.28,0.1721,1,-0.0932,0
2021-03-11,sh.600000,8.7254064,8.86275076,8.69309008,8.8061972,8.66077376,76816962,836848985.25,0.2617,1,1.6791,0
2021-03-12,sh.600000,8.79811812,8.91122524,8.74156456,8.8061972,8.8061972,79235629,866141110.85,0.2699,1,0.0,0
2021-03-15,sh.600000,8.79003904,9.08088592,8.79003904,8.98393696,8.8061972,113524449,1259911417.24,0.3868,1,2.0183,0
2021-03-16,sh.600000,8.9273834,9.08088592,8.89506708,8.97585788,8.98393696,65502259,728108285.05,0.2232,1,-0.0899,0
2021-03-17,sh.600000,8.9677788,8.98393696,8.79811812,8.82235536,8.97585788,57821851,634262121.48,0.197,1,-1.7102,0
2021-03-18,sh.600000,8.86275076,8.9273834,8.8061972,8.91122524,8.82235536,50943550,559643203.14,0.1736,1,1.0073,0
2021-03-19,sh.600000,8.89506708,8.9273834,8.53150848,8.6042202,8.91122524,103359887,1110156577.35,0.3521,1,-3.4451,0
2021-03-22,sh.600000,8.57998296,8.79003904,8.57998296,8.685011,8.6042202,66031003,710176261.0,0.225,1,0.939,0
2021-03-23,sh.600000,8.69309008,8.74964364,8.62845744,8.70924824,8.685011,47127710,506263415.85,0.1606,1,0.2791,0
2021-03-24,sh.600000,8.70116916,8.73348548,8.58806204,8.62845744,8.70924824,44132642,472480387.63,0.1504,1,-0.9276,0
2021-03-25,sh.600000,8.66077376,8.70924824,8.57190388,8.58806204,8.62845744,43547662,465464538.54,0.1484,1,-0.4682,0
2021-03-26,sh.600000,8.62845744,8.66885284,8.57190388,8.57998296,8.58806204,40882734,435739848.29,0.1393,1,-0.0941,0
2021-03-29,sh.600000,8.5638248,8.5638248,8.4022432,8.46687584,8.57998296,92366772,964797269.38,0.3147,1,-1.3183,0
2021-03-30,sh.600000,8.6042202,8.89506708,8.57998296,8.89506708,8.46687584,173447215,1882440615.46,0.5909,1,5.0573,0
2021-03-31,sh.600000,8.89506708,8.91930432,8.78195996,8.87890892,8.89506708,66813691,731611998.61,0.2276,1,-0.1817,0
2021-04-01,sh.600000,8.87890892,8.89506708,8.73348548,8.79811812,8.87890892,47781207,519576384.48,0.1628,1,-0.9099,0
2021-04-02,sh.600000,8.83851352,8.8465926,8.62037836,8.69309008,8.79811812,65365057,704137147.46,0.2227,1,-1.1938,0
2021-04-06,sh.600000,8.69309008,8.71732732,8.62845744,8.6446156,8.69309008,33911224,363567283.15,0.1155,1,-0.5576,0
2021-04-07,sh.600000,8.67693192,8.685011,8.54766664,8.6042202,8.6446156,60988540,648631698.66,0.2078,1,-0.4673,0
2021-04-08,sh.600000,8.58806204,8.6446156,8.53150848,8.61229928,8.6042202,42047850,447410758.01,0.1433,1,0.0939,0
2021-04-09,sh.600000,8.59614112,8.59614112,8.50727124,8.55574572,8.61229928,38683022,409118551.38,0.1318,1,-0.6567,0
2021-04-12,sh.600000,8.54766664,8.685011,8.49919216,8.66885284,8.55574572,57023744,608748238.02,0.1943,1,1.322,0
2021-04-13,sh.600000,8.67693192,8.74156456,8.62037836,8.69309008,8.66885284,52756234,566984751.81,0.1797,1,0.2796,0
2021-04-14,sh.600000,8.74156456,8.74156456,8.53958756,8.55574572,8.69309008,45686754,486204159.65,0.1557,1,-1.5799,0
2021-04-15,sh.600000,8.54766664,8.57190388,8.38608504,8.42648044,8.55574572,53172372,555086923.93,0.1812,1,-1.5109,0
2021-04-16,sh.600000,8.4426386,8.5234294,8.41840136,8.51535032,8.42648044,32895624,345237986.67,0.1121,1,1.0547,0
2021-04-19,sh.600000,8.5234294,8.59614112,8.4426386,8.54766664,8.51535032,50203914,529864990.26,0.171,1,0.3795,0
2021-04-20,sh.600000,8.5234294,8.54766664,8.46687584,8.483034,8.54766664,29450563,309777289.69,0.1003,1,-0.7561,0
2021-04-21,sh.600000,8.45879676,8.57998296,8.45071768,8.54766664,8.483034,45439718,480039017.91,0.1548,1,0.7619,0
2021-04-22,sh.600000,8.5638248,8.5638248,8.4022432,8.42648044,8.54766664,41793378,437919109.31,0.1424,1,-1.4178,0
2021-04-23,sh.600000,8.41840136,8.45879676,8.38608504,8.42648044,8.42648044,24825285,259051575.23,0.0846,1,0.0,0
2021-04-26,sh.600000,8.4426386,8.483034,8.30529424,8.3214524,8.42648044,46387212,482566266.08,0.158,1,-1.2464,0
2021-04-27,sh.600000,8.34568964,8.35376872,8.27297792,8.29721516,8.3214524,25042540,257631071.94,0.0853,1,-0.2913,0
2021-04-28,sh.600000,8.34568964,8.34568964,8.22450344,8.281057,8.29721516,35321183,361207957.39,0.1203,1,-0.1947,0
2021-04-29,sh.600000,8.30529424,8.5234294,8.28913608,8.51535032,8.281057,48194627,503908364.21,0.1642,1,2.8293,0
2021-04-30,sh.600000,8.30529424,8.30529424,8.04676368,8.1194754,8.51535032,156103445,1570141012.42,0.5318,1,-4.649,0
2021-05-06,sh.600000,8.05484276,8.22450344,8.05484276,8.1598708,8.1194754,61139167,616780671.57,0.2083,1,0.4975,0
2021-05-07,sh.600000,8.1598708,8.2002662,8.07100092,8.10331724,8.1598708,72345288,728759605.31,0.2465,1,-0.6931,0
2021-05-10,sh.600000,8.12755448,8.12755448,7.98213104,8.0386846,8.10331724,61516454,610992515.4,0.2096,1,-0.7976,0
2021-05-11,sh.600000,8.01444736,8.13563356,7.9982892,8.1194754,8.0386846,42333780,423538344.96,0.1442,1,1.005,0
2021-05-12,sh.600000,8.11139632,8.2406616,8.09523816,8.17602896,8.1194754,52012085,526835922.59,0.1772,1,0.6965,0
2021-05-13,sh.600000,8.15179172,8.21642436,8.08715908,8.15179172,8.17602896,47212565,475665503.33,0.1608,1,-0.2964,0
2021-05-14,sh.600000,8.1598708,8.2406616,8.10331724,8.23258252,8.15179172,47681403,483068526.74,0.1624,1,0.9911,0
2021-05-17,sh.600000,8.2406616,8.31337332,8.18410804,8.24874068,8.23258252,46363314,473603666.34,0.158,1,0.1963,0
2021-05-18,sh.600000,8.22450344,8.26489884,8.2002662,8.25681976,8.24874068,19093505,194624788.06,0.065,1,0.0979,0
2021-05-19,sh.600000,8.23258252,8.2406616,8.13563356,8.17602896,8.25681976,29273907,296073789.33,0.0997,1,-0.9785,0
2021-05-20,sh.600000,8.1598708,8.22450344,8.09523816,8.20834528,8.17602896,35395264,357783848.2,0.1206,1,0.3953,0
2021-05-21,sh.600000,8.2406616,8.25681976,8.13563356,8.15179172,8.20834528,28618932,289959892.95,0.0975,1,-0.689,0
2021-05-24,sh.600000,8.14371264,8.19218712,8.1194754,8.15179172,8.15179172,23518901,237130459.37,0.0801,1,0.0,0
2021-05-25,sh.600000,8.1598708,8.34568964,8.12755448,8.33761056,8.15179172,75417564,771994298.48,0.2569,1,2.2795,0
2021-05-26,sh.600000,8.32953148,8.41840136,8.30529424,8.3618478,8.33761056,54984815,568991552.4,0.1873,1,0.2907,0
2021-05-27,sh.600000,8.33761056,8.42648044,8.28913608,8.31337332,8.3618478,52063330,536862488.33,0.1774,1,-0.5797,0
2021-05-28,sh.600000,8.34568964,8.36992688,8.281057,8.3618478,8.31337332,34593293,356339747.27,0.1179,1,0.5831,0
2021-05-31,sh.600000,8.35376872,8.35376872,8.25681976,8.29721516,8.3618478,37255726,381740399.59,0.1269,1,-0.7729,0
2021-06-01,sh.600000,8.26489884,8.28913608,8.22450344,8.23258252,8.29721516,41880384,427253268.76,0.1427,1,-0.779,0
2021-06-02,sh.600000,8.24874068,8.26489884,8.18410804,8.25681976,8.23258252,35830478,364475986.32,0.1221,1,0.2944,0
2021-06-03,sh.600000,8.24874068,8.33761056,8.22450344,8.26489884,8.25681976,52244908,535599653.07,0.178,1,0.0978,0
2021-06-04,sh.600000,8.281057,8.38608504,8.23258252,8.26489884,8.26489884,71052432,729772587.19,0.2421,1,0.0,0
2021-06-07,sh.600000,8.28913608,8.29721516,8.2406616,8.26489884,8.26489884,36301400,371369101.76,0.1237,1,0.0,0
2021-06-08,sh.600000,8.27297792,8.34568964,8.22450344,8.32953148,8.26489884,50838116,522323155.34,0.1732,1,0.782,0
2021-06-09,sh.600000,8.31337332,8.3618478,8.24874068,8.24874068,8.32953148,56095091,575008506.57,0.1911,1,-0.9699,0
2021-06-10,sh.600000,8.24874068,8.32953148,8.2406616,8.26489884,8.24874068,45685432,467893685.01,0.1556,1,0.1959,0
2021-06-11,sh.600000,8.27297792,8.30529424,8.16794988,8.21642436,8.26489884,58030251,591098508.17,0.1977,1,-0.5865,0
2021-06-15,sh.600000,8.2002662,8.2002662,8.08715908,8.10331724,8.21642436,46955773,472150826.04,0.16,1,-1.3766,0
2021-06-16,sh.600000,8.11139632,8.19218712,8.08715908,8.1194754,8.10331724,32171081,324482531.73,0.1096,1,0.1994,0
2021-06-17,sh.600000,8.1194754,8.17602896,8.10331724,8.11139632,8.1194754,29689848,298576626.21,0.1012,1,-0.0995,0
2021-06-18,sh.600000,8.11139632,8.1598708,8.07908,8.1598708,8.11139632,44451210,446813170.54,0.1514,1,0.5976,0
2021-06-21,sh.600000,8.12755448,8.15179172,8.08715908,8.11139632,8.1598708,39815744,399756078.52,0.1356,1,-0.5941,0
2021-06-22,sh.600000,8.12755448,8.17602896,8.07908,8.07908,8.11139632,45184564,453604603.92,0.1539,1,-0.3984,0
2021-06-23,sh.600000,8.08715908,8.10331724,8.04676368,8.07100092,8.07908,34400099,343745818.92,0.1172,1,-0.1,0
2021-06-24,sh.600000,8.07908,8.1194754,8.05484276,8.09523816,8.07100092,31652661,316690710.49,0.1078,1,0.3003,0
2021-06-25,sh.600000,8.09523816,8.16794988,8.08715908,8.14371264,8.09523816,48335388,486548041.56,0.1647,1,0.5988,0
2021-06-28,sh.600000,8.12755448,8.13563356,8.07100092,8.08715908,8.14371264,32597114,326457360.31,0.1111,1,-0.6944,0
2021-06-29,sh.600000,8.08715908,8.11139632,8.06292184,8.06292184,8.08715908,32733370,327178180.2,0.1115,1,-0.2997,0
2021-06-30,sh.600000,8.07908,8.09523816,8.05484276,8.07908,8.06292184,21580051,215772914.05,0.0735,1,0.2004,0
2021-07-01,sh.600000,8.08715908,8.12755448,8.07100092,8.10331724,8.07908,36999138,370991509.2,0.1261,1,0.3,0
2021-07-02,sh.600000,8.08715908,8.1194754,8.01444736,8.02252644,8.10331724,51535129,513421350.32,0.1756,1,-0.997,0
2021-07-05,sh.600000,8.0386846,8.04676368,7.9578938,8.01444736,8.02252644,44806863,442917699.02,0.1527,1,-0.1007,0
2021-07-06,sh.600000,8.00636828,8.08715908,7.98213104,8.07100092,8.01444736,37737379,375924559.37,0.1286,1,0.7056,0
2021-07-07,sh.600000,8.08715908,8.11139632,8.03060552,8.10331724,8.07100092,35666988,356794175.16,0.1215,1,0.4004,0
2021-07-08,sh.600000,8.1194754,8.1194754,8.01444736,8.03060552,8.10331724,30745176,306373156.41,0.1047,1,-0.8973,0
2021-07-09,sh.600000,8.02252644,8.08715908,7.9982892,8.00636828,8.03060552,34590087,343545046.82,0.1178,1,-0.3018,0
2021-07-12,sh.600000,8.04676368,8.07100092,7.9982892,8.00636828,8.00636828,33415612,332219127.84,0.1138,1,0.0,0
2021-07-13,sh.600000,8.03060552,8.07100092,7.98213104,8.04676368,8.00636828,34611654,344399322.11,0.1179,1,0.5045,0
2021-07-14,sh.600000,8.05484276,8.05484276,7.9174984,7.94173564,8.04676368,52207557,514554736.22,0.1779,1,-1.3052,0
2021-07-15,sh.600000,7.94173564,8.04676368,7.92557748,8.03060552,7.94173564,45903396,454671007.79,0.1564,1,1.119,0
2021-07-16,sh.600000,8.08715908,8.14371264,8.04676368,8.06292184,8.03060552,45557802,455679342.73,0.1552,1,0.4024,0
2021-07-19,sh.600000,8.06292184,8.10331724,7.9578938,8.08715908,8.06292184,53049438,527117554.09,0.1807,1,0.3006,0
2021-07-20,sh.600000,8.08715908,8.09523816,8.03060552,8.07100092,8.08715908,36834727,367615290.53,0.1255,1,-0.1998,0
2021-07-21,sh.600000,8.07100386,8.18133304,8.07100386,8.1049513,8.07100386,58450876,558646899.85,0.1991,1,0.4206,0
2021-07-22,sh.600000,8.13041188,8.24922792,8.11343816,8.18133304,8.1049513,43977169,424674365.99,0.1498,1,0.9424,0
2021-07-23,sh.600000,8.1473856,8.20679362,8.12192502,8.13041188,8.18133304,30090322,289065062.57,0.1025,1,-0.6224,0
2021-07-26,sh.600000,8.12192502,8.13041188,7.8927798,7.92672724,8.13041188,51742715,486767435.16,0.1763,1,-2.5052,0
2021-07-27,sh.600000,7.94370096,8.00310898,7.71455574,7.7654769,7.92672724,53279860,494584132.34,0.1815,1,-2.0343,0
2021-07-28,sh.600000,7.77396376,7.94370096,7.77396376,7.81639806,7.7654769,46335875,428304155.78,0.1579,1,0.6557,0
2021-07-29,sh.600000,7.8503455,7.87580608,7.7230426,7.74001632,7.81639806,43587733,398885079.36,0.1485,1,-0.9772,0
2021-07-30,sh.600000,7.74850318,7.74850318,7.64666086,7.66363458,7.74001632,35697122,323216885.33,0.1216,1,-0.9868,0
2021-08-02,sh.600000,7.66363458,7.84185864,7.61271342,7.74850318,7.66363458,45713350,416533736.87,0.1557,1,1.1074,0
2021-08-03,sh.600000,7.74850318,7.75699004,7.67212144,7.74001632,7.74850318,33014050,300047780.11,0.1125,1,-0.1095,0
2021-08-04,sh.600000,7.74001632,7.75699004,7.6806083,7.69758202,7.74001632,25214494,229004469.37,0.0859,1,-0.5482,0
2021-08-05,sh.600000,7.68909516,7.74001632,7.67212144,7.6806083,7.69758202,24267799,220300799.23,0.0827,1,-0.2205,0
2021-08-06,sh.600000,7.6806083,7.70606888,7.638174,7.70606888,7.6806083,22486126,203315737.69,0.0766,1,0.3315,0
2021-08-09,sh.600000,7.68909516,7.8503455,7.6806083,7.78245062,7.70606888,37461914,344052120.37,0.1276,1,0.9912,0
2021-08-10,sh.600000,7.79093748,7.83337178,7.7230426,7.8079112,7.78245062,34370935,314539916.21,0.1171,1,0.3272,0
2021-08-11,sh.600000,7.79093748,7.88429294,7.77396376,7.81639806,7.8079112,37382098,345067501.88,0.1274,1,0.1087,0
2021-08-12,sh.600000,7.81639806,7.82488492,7.77396376,7.78245062,7.81639806,22978467,211023249.96,0.0783,1,-0.4343,0
2021-08-13,sh.600000,7.77396376,7.83337178,7.75699004,7.79093748,7.78245062,21925988,201254904.23,0.0747,1,0.1091,0
2021-08-16,sh.600000,7.79942434,7.86731922,7.77396376,7.82488492,7.79093748,27369511,252450157.43,0.0932,1,0.4357,0
2021-08-17,sh.600000,7.83337178,7.88429294,7.78245062,7.79942434,7.82488492,38016760,350733814.67,0.1295,1,-0.3254,0
2021-08-18,sh.600000,7.8079112,7.96916154,7.77396376,7.91824038,7.79942434,43424745,403158874.42,0.1479,1,1.5234,0
2021-08-19,sh.600000,7.92672724,7.92672724,7.79942434,7.83337178,7.91824038,36391371,336172105.18,0.124,1,-1.0718,0
2021-08-20,sh.600000,7.8503455,7.8927798,7.79093748,7.86731922,7.83337178,35374387,327037545.21,0.1205,1,0.4334,0
2021-08-23,sh.600000,7.8927798,7.90126666,7.8079112,7.8079112,7.86731922,32418942,299502500.65,0.1104,1,-0.7551,0
2021-08-24,sh.600000,7.82488492,7.8927798,7.78245062,7.81639806,7.8079112,40815968,376573365.53,0.1391,1,0.1087,0
2021-08-25,sh.600000,7.83337178,7.84185864,7.77396376,7.79942434,7.81639806,34063999,313176526.98,0.1161,1,-0.2172,0
2021-08-26,sh.600000,7.79093748,7.8079112,7.74850318,7.75699004,7.79942434,29439149,269637951.05,0.1003,1,-0.5441,0
2021-08-27,sh.600000,7.77396376,7.82488492,7.75699004,7.78245062,7.75699004,27618817,253490155.82,0.0941,1,0.3282,0
2021-08-30,sh.600000,7.6806083,7.70606888,7.57027912,7.60422656,7.78245062,80410279,721952836.2,0.274,1,-2.2901,0
2021-08-31,sh.600000,7.62120028,7.6806083,7.57876598,7.6806083,7.60422656,44633690,401545634.47,0.1521,1,1.0045,0
2021-09-01,sh.600000,7.66363458,7.83337178,7.64666086,7.79093748,7.6806083,58211312,532088406.33,0.1983,1,1.4365,0
2021-09-02,sh.600000,7.8079112,7.84185864,7.77396376,7.83337178,7.79093748,40122727,369226845.81,0.1367,1,0.5447,0
2021-09-03,sh.600000,7.84185864,7.91824038,7.77396376,7.84185864,7.83337178,50781588,470393997.25,0.173,1,0.1083,0
2021-09-06,sh.600000,7.82488492,7.90126666,7.8079112,7.81639806,7.84185864,35627742,329503565.51,0.1214,1,-0.3247,0
2021-09-07,sh.600000,7.81639806,7.96916154,7.77396376,7.92672724,7.81639806,64051787,594700224.4,0.2182,1,1.4115,0
2021-09-08,sh.600000,7.92672724,7.96916154,7.88429294,7.92672724,7.92672724,40941784,382017869.18,0.1395,1,0.0,0
2021-09-09,sh.600000,7.90975352,7.92672724,7.8503455,7.8927798,7.92672724,31951355,297126954.19,0.1089,1,-0.4283,0
2021-09-10,sh.600000,7.90975352,8.04554328,7.90126666,7.98613526,7.8927798,57250718,537963808.52,0.195,1,1.1828,0
2021-09-13,sh.600000,7.96067468,8.00310898,7.92672724,7.96916154,7.98613526,29373307,275283515.47,0.1001,1,-0.2125,0
2021-09-14,sh.600000,7.96916154,8.00310898,7.78245062,7.81639806,7.96916154,53934721,500630063.11,0.1838,1,-1.9169,0
2021-09-15,sh.600000,7.81639806,7.85883236,7.74850318,7.79942434,7.81639806,38064766,349607327.86,0.1297,1,-0.2172,0
2021-09-16,sh.600000,7.8079112,7.83337178,7.73152946,7.74001632,7.79942434,49199895,450453204.46,0.1676,1,-0.7617,0
2021-09-17,sh.600000,7.73152946,7.78245062,7.70606888,7.73152946,7.74001632,30233529,275167575.06,0.103,1,-0.1096,0
2021-09-22,sh.600000,7.638174,7.70606888,7.60422656,7.66363458,7.73152946,35054148,316134897.23,0.1194,1,-0.8782,0
2021-09-23,sh.600000,7.7230426,7.7654769,7.64666086,7.66363458,7.66363458,39639967,359242361.39,0.135,1,0.0,0
2021-09-24,sh.600000,7.67212144,7.70606888,7.62968714,7.65514772,7.66363458,39925596,360045375.49,0.136,1,-0.1107,0
2021-09-27,sh.600000,7.65514772,7.6806083,7.58725284,7.65514772,7.65514772,41708355,374465142.4,0.1421,1,0.0,0
2021-09-28,sh.600000,7.62120028,7.71455574,7.62120028,7.66363458,7.65514772,33340762,301762292.37,0.1136,1,0.1109,0
2021-09-29,sh.600000,7.64666086,7.71455574,7.61271342,7.65514772,7.66363458,40008268,361288902.36,0.1363,1,-0.1107,0
2021-09-30,sh.600000,7.66363458,7.6806083,7.62120028,7.638174,7.65514772,29190245,262917686.74,0.0994,1,-0.2217,0
2021-10-08,sh.600000,7.6806083,7.7654769,7.66363458,7.70606888,7.638174,39080557,354870725.31,0.1331,1,0.8889,0
2021-10-11,sh.600000,7.74001632,7.8503455,7.7230426,7.7654769,7.70606888,46632488,427661681.12,0.1589,1,0.7709,0
2021-10-12,sh.600000,7.74001632,7.79942434,7.71455574,7.75699004,7.7654769,35725751,326390581.43,0.1217,1,-0.1093,0
2021-10-13,sh.600000,7.75699004,7.7654769,7.6806083,7.69758202,7.75699004,22538281,204856493.9,0.0768,1,-0.7659,0
2021-10-14,sh.600000,7.69758202,7.71455574,7.65514772,7.67212144,7.69758202,22584606,204329606.59,0.0769,1,-0.3308,0
2021-10-15,sh.600000,7.6806083,7.73152946,7.65514772,7.69758202,7.67212144,27525449,249700096.1,0.0938,1,0.3319,0
2021-10-18,sh.600000,7.68909516,7.7230426,7.62120028,7.65514772,7.69758202,25964695,234209596.75,0.0885,1,-0.5513,0
2021-10-19,sh.600000,7.66363458,7.69758202,7.64666086,7.64666086,7.65514772,28636166,258552846.41,0.0976,1,-0.1109,0
2021-10-20,sh.600000,7.66363458,7.68909516,7.62968714,7.65514772,7.64666086,27482428,247758528.8,0.0936,1,0.111,0
2021-10-21,sh.600000,7.6806083,7.71455574,7.64666086,7.67212144,7.65514772,44074576,398999703.5,0.1502,1,0.2217,0
2021-10-22,sh.600000,7.69758202,7.74850318,7.65514772,7.69758202,7.67212144,38669415,350441991.47,0.1317,1,0.3319,0
2021-10-25,sh.600000,7.66363458,7.68909516,7.65514772,7.66363458,7.69758202,26585515,240319367.45,0.0906,1,-0.441,0
2021-10-26,sh.600000,7.68909516,7.71455574,7.64666086,7.66363458,7.66363458,30751828,277872449.31,0.1048,1,0.0,0
2021-10-27,sh.600000,7.64666086,7.65514772,7.60422656,7.62968714,7.66363458,34197280,307379955.92,0.1165,1,-0.443,0
2021-10-28,sh.600000,7.62968714,7.64666086,7.5957397,7.60422656,7.62968714,28165181,252660139.68,0.096,1,-0.3337,0
2021-10-29,sh.600000,7.60422656,7.638174,7.57876598,7.58725284,7.60422656,35990731,322416660.82,0.1226,1,-0.2232,0
2021-11-01,sh.600000,7.37508134,7.45146308,7.2986996,7.40054192,7.58725284,64940974,564516752.37,0.2212,1,-2.4609,0
2021-11-02,sh.600000,7.39205506,7.4260025,7.213831,7.24777844,7.40054192,70034623,602023097.21,0.2386,1,-2.0642,0
2021-11-03,sh.600000,7.29021274,7.29021274,7.22231786,7.23929158,7.24777844,29785185,254382300.55,0.1015,1,-0.1171,0
2021-11-04,sh.600000,7.23929158,7.24777844,7.213831,7.22231786,7.23929158,26148859,222785141.93,0.0891,1,-0.2345,0
2021-11-05,sh.600000,7.22231786,7.24777844,7.20534414,7.23929158,7.22231786,22913355,195212631.33,0.0781,1,0.235,0
2021-11-08,sh.600000,7.19685728,7.23929158,7.17988356,7.20534414,7.23929158,24353008,206985049.6,0.083,1,-0.4689,0
2021-11-09,sh.600000,7.213831,7.2562653,7.20534414,7.24777844,7.20534414,19548518,166547490.72,0.0666,1,0.5889,0
2021-11-10,sh.600000,7.23929158,7.23929158,7.16290984,7.19685728,7.24777844,27478869,232796692.13,0.0936,1,-0.7026,0
2021-11-11,sh.600000,7.19685728,7.31567332,7.18837042,7.31567332,7.19685728,31419321,269103086.25,0.107,1,1.6509,0
2021-11-12,sh.600000,7.33264704,7.3411339,7.28172588,7.3411339,7.31567332,20498205,176737118.9,0.0698,1,0.348,0
2021-11-15,sh.600000,7.34962076,7.4260025,7.3411339,7.4260025,7.3411339,27625801,240602623.67,0.0941,1,1.1561,0
2021-11-16,sh.600000,7.3835682,7.41751564,7.32416018,7.40902878,7.4260025,24030066,208943546.97,0.0819,1,-0.2286,0
2021-11-17,sh.600000,7.35810762,7.40054192,7.3411339,7.3411339,7.40902878,19301599,167446823.9,0.0658,1,-0.9164,0
2021-11-18,sh.600000,7.30718646,7.34962076,7.23929158,7.26475216,7.3411339,20465395,175306638.47,0.0697,1,-1.0405,0
2021-11-19,sh.600000,7.26475216,7.3835682,7.2562653,7.3411339,7.26475216,20471995,176572248.44,0.0697,1,1.0514,0
2021-11-22,sh.600000,7.32416018,7.34962076,7.29021274,7.2986996,7.3411339,20983745,180823526.83,0.0715,1,-0.578,0
2021-11-23,sh.600000,7.30718646,7.3835682,7.30718646,7.32416018,7.2986996,21502374,185927806.71,0.0733,1,0.3488,0
2021-11-24,sh.600000,7.30718646,7.37508134,7.29021274,7.36659448,7.32416018,19342692,167133727.16,0.0659,1,0.5794,0
2021-11-25,sh.600000,7.36659448,7.37508134,7.30718646,7.33264704,7.36659448,13169070,113743004.87,0.0449,1,-0.4608,0
2021-11-26,sh.600000,7.30718646,7.31567332,7.2562653,7.26475216,7.33264704,21199061,181698146.07,0.0722,1,-0.9259,0
2021-11-29,sh.600000,7.27323902,7.29021274,7.213831,7.29021274,7.26475216,23746400,202736522.18,0.0809,1,0.3505,0
2021-11-30,sh.600000,7.24777844,7.29021274,7.22231786,7.22231786,7.29021274,30900124,263703121.36,0.1053,1,-0.9313,0
2021-12-01,sh.600000,7.23929158,7.28172588,7.22231786,7.26475216,7.22231786,19333856,165443380.65,0.0659,1,0.5875,0
2021-12-02,sh.600000,7.26475216,7.30718646,7.23080472,7.28172588,7.26475216,22906201,196509475.32,0.078,1,0.2336,0
2021-12-03,sh.600000,7.28172588,7.2986996,7.23080472,7.29021274,7.28172588,23848744,204050794.7,0.0813,1,0.1166,0
2021-12-06,sh.600000,7.29021274,7.33264704,7.27323902,7.2986996,7.29021274,33882029,291593648.09,0.1154,1,0.1164,0
2021-12-07,sh.600000,7.37508134,7.3835682,7.2986996,7.36659448,7.2986996,40016290,346582038.56,0.1363,1,0.9302,0
2021-12-08,sh.600000,7.3835682,7.3835682,7.32416018,7.35810762,7.36659448,28605916,247833289.82,0.0975,1,-0.1152,0
2021-12-09,sh.600000,7.37508134,7.4684368,7.34962076,7.4260025,7.35810762,51186201,447467444.51,0.1744,1,0.9227,0
2021-12-10,sh.600000,7.40902878,7.45146308,7.40054192,7.44297622,7.4260025,42494890,371969042.01,0.1448,1,0.2286,0
2021-12-13,sh.600000,7.45994994,7.47692366,7.31567332,7.3411339,7.44297622,56234006,488480938.52,0.1916,1,-1.3683,0
2021-12-14,sh.600000,7.33264704,7.3411339,7.24777844,7.27323902,7.3411339,49389318,423738409.42,0.1683,1,-0.9249,0
2021-12-15,sh.600000,7.24777844,7.28172588,7.23929158,7.2562653,7.27323902,20664239,176754858.0,0.0704,1,-0.2334,0
2021-12-16,sh.600000,7.26475216,7.30718646,7.2562653,7.2986996,7.2562653,26899524,230865611.96,0.0916,1,0.5848,0
2021-12-17,sh.600000,7.30718646,7.31567332,7.26475216,7.26475216,7.2986996,27269580,234082747.73,0.0929,1,-0.4651,0
2021-12-20,sh.600000,7.2562653,7.30718646,7.2562653,7.28172588,7.26475216,27786123,238630277.96,0.0947,1,0.2336,0
2021-12-21,sh.600000,7.2562653,7.3411339,7.2562653,7.30718646,7.28172588,26310957,226526115.73,0.0896,1,0.3497,0
2021-12-22,sh.600000,7.31567332,7.33264704,7.27323902,7.27323902,7.30718646,21618063,185663515.82,0.0737,1,-0.4646,0
2021-12-23,sh.600000,7.28172588,7.2986996,7.26475216,7.28172588,7.27323902,18901873,162106684.7,0.0644,1,0.1167,0
2021-12-24,sh.600000,7.28172588,7.29021274,7.23929158,7.24777844,7.28172588,18252048,156027072.8,0.0622,1,-0.4662,0
2021-12-27,sh.600000,7.24777844,7.27323902,7.23929158,7.26475216,7.24777844,19527735,167009883.62,0.0665,1,0.2342,0
2021-12-28,sh.600000,7.26475216,7.29021274,7.24777844,7.27323902,7.26475216,29833707,255590456.85,0.1016,1,0.1168,0
2021-12-29,sh.600000,7.27323902,7.28172588,7.23929158,7.24777844,7.27323902,20050130,171393527.72,0.0683,1,-0.3501,0
2021-12-30,sh.600000,7.24777844,7.28172588,7.23929158,7.24777844,7.24777844,23272484,199031072.98,0.0793,1,0.0,0
2021-12-31,sh.600000,7.24777844,7.27323902,7.23929158,7.23929158,7.24777844,22929621,195941582.42,0.0781,1,-0.1171,0
2022-01-04,sh.600000,7.24777844,7.28172588,7.23080472,7.27323902,7.23929158,37707647,322145532.4,0.1285,1,0.4689,0
2022-01-05,sh.600000,7.27323902,7.36659448,7.26475216,7.33264704,7.27323902,55459135,478834469.92,0.1889,1,0.8168,0
2022-01-06,sh.600000,7.34962076,7.34962076,7.26475216,7.27323902,7.33264704,41031062,352720657.09,0.1398,1,-0.8102,0
2022-01-07,sh.600000,7.27323902,7.40902878,7.27323902,7.39205506,7.27323902,63018297,546456194.37,0.2147,1,1.6336,0
2022-01-10,sh.600000,7.40054192,7.45146308,7.34962076,7.40054192,7.39205506,34055312,296601230.41,0.116,1,0.1148,0
2022-01-11,sh.600000,7.41751564,7.45146308,7.37508134,7.40902878,7.40054192,42646106,373093383.74,0.1453,1,0.1147,0
2022-01-12,sh.600000,7.4260025,7.4260025,7.32416018,7.37508134,7.40902878,41240670,358535694.14,0.1405,1,-0.4582,0
2022-01-13,sh.600000,7.40902878,7.5108711,7.37508134,7.40054192,7.37508134,48923692,429003208.44,0.1667,1,0.3452,0
2022-01-14,sh.600000,7.40054192,7.40054192,7.27323902,7.29021274,7.40054192,51060652,440215953.72,0.174,1,-1.4908,0
2022-01-17,sh.600000,7.27323902,7.32416018,7.27323902,7.27323902,7.29021274,22177975,190459847.06,0.0756,1,-0.2328,0
2022-01-18,sh.600000,7.28172588,7.34962076,7.2562653,7.32416018,7.27323902,39995195,344181260.49,0.1363,1,0.7001,0
2022-01-19,sh.600000,7.32416018,7.34962076,7.30718646,7.33264704,7.32416018,26257662,226931296.83,0.0895,1,0.1159,0
2022-01-20,sh.600000,7.34962076,7.48541052,7.33264704,7.4684368,7.33264704,82842044,724160482.59,0.2822,1,1.8519,0
2022-01-21,sh.600000,7.45146308,7.4684368,7.40054192,7.43448936,7.4684368,47572539,416684184.3,0.1621,1,-0.4545,0
2022-01-24,sh.600000,7.45994994,7.45994994,7.34962076,7.37508134,7.43448936,32489722,282465419.05,0.1107,1,-0.7991,0
2022-01-25,sh.600000,7.36659448,7.36659448,7.26475216,7.26475216,7.37508134,43312412,372488758.88,0.1476,1,-1.496,0
2022-01-26,sh.600000,7.27323902,7.29021274,7.24777844,7.27323902,7.26475216,23481959,201130974.27,0.08,1,0.1168,0
2022-01-27,sh.600000,7.2562653,7.26475216,7.1713967,7.1713967,7.27323902,56281031,477716811.34,0.1917,1,-1.4002,0
2022-01-28,sh.600000,7.19685728,7.22231786,7.13744926,7.13744926,7.1713967,43993766,372256637.07,0.1499,1,-0.4734,0
2022-02-07,sh.600000,7.19685728,7.2562653,7.16290984,7.23080472,7.13744926,39988312,340086709.11,0.1362,1,1.308,0
2022-02-08,sh.600000,7.23929158,7.35810762,7.22231786,7.3411339,7.23080472,47572520,409206610.69,0.1621,1,1.5258,0
2022-02-09,sh.600000,7.33264704,7.39205506,7.31567332,7.33264704,7.3411339,36223235,313861238.67,0.1234,1,-0.1156,0
2022-02-10,sh.600000,7.34962076,7.39205506,7.31567332,7.37508134,7.33264704,28716174,249045193.55,0.0978,1,0.5787,0
2022-02-11,sh.600000,7.3835682,7.43448936,7.35810762,7.41751564,7.37508134,37682874,328719166.09,0.1284,1,0.5754,0
2022-02-14,sh.600000,7.37508134,7.39205506,7.28172588,7.2986996,7.41751564,34727078,299136397.92,0.1183,1,-1.6018,0
2022-02-15,sh.600000,7.29021274,7.32416018,7.23080472,7.2562653,7.2986996,31680750,271300746.95,0.1079,1,-0.5814,0
2022-02-16,sh.600000,7.28172588,7.33264704,7.26475216,7.29021274,7.2562653,28609574,246064337.02,0.0975,1,0.4678,0
2022-02-17,sh.600000,7.2986996,7.32416018,7.26475216,7.26475216,7.29021274,24533221,210822959.41,0.0836,1,-0.3492,0
2022-02-18,sh.600000,7.2562653,7.35810762,7.23929158,7.35810762,7.26475216,34384620,296119868.38,0.1171,1,1.285,0
2022-02-21,sh.600000,7.33264704,7.33264704,7.2562653,7.2986996,7.35810762,24334270,208998929.56,0.0829,1,-0.8074,0
2022-02-22,sh.600000,7.27323902,7.29021274,7.23929158,7.28172588,7.2986996,32497174,278140362.19,0.1107,1,-0.2326,0
2022-02-23,sh.600000,7.29021274,7.29021274,7.23929158,7.24777844,7.28172588,29476392,251902283.19,0.1004,1,-0.4662,0
2022-02-24,sh.600000,7.24777844,7.2562653,7.1289624,7.16290984,7.24777844,47703559,404232342.33,0.1625,1,-1.171,0
2022-02-25,sh.600000,7.16290984,7.19685728,7.13744926,7.15442298,7.16290984,32239910,272095573.85,0.1098,1,-0.1185,0
2022-02-28,sh.600000,7.16290984,7.1713967,7.09501496,7.12047554,7.15442298,23393262,196216444.0,0.0797,1,-0.4745,0
2022-03-01,sh.600000,7.12047554,7.17988356,7.12047554,7.16290984,7.12047554,23540305,198243687.0,0.0802,1,0.5959,0
2022-03-02,sh.600000,7.13744926,7.17988356,7.1289624,7.14593612,7.16290984,16708051,140817898.0,0.0569,1,-0.237,0
2022-03-03,sh.600000,7.16290984,7.213831,7.15442298,7.17988356,7.14593612,19864647,167938715.0,0.0677,1,0.4751,0
2022-03-04,sh.600000,7.16290984,7.16290984,7.09501496,7.1289624,7.17988356,26395729,221531967.0,0.0899,1,-0.7092,0
2022-03-07,sh.600000,7.11198868,7.1289624,7.02712008,7.03560694,7.1289624,37177243,309677984.0,0.1267,1,-1.3095,0
2022-03-08,sh.600000,7.03560694,7.0440938,6.8319223,6.85738288,7.03560694,46688059,381542336.0,0.1591,1,-2.5332,0
2022-03-09,sh.600000,6.88284346,6.89981718,6.58580336,6.7046194,6.85738288,46035702,367319440.0,0.1568,1,-2.2277,0
2022-03-10,sh.600000,6.79797486,6.8319223,6.72159312,6.72159312,6.7046194,25181489,200622345.0,0.0858,1,0.2532,0
2022-03-11,sh.600000,6.69613254,6.80646172,6.59429022,6.79797486,6.72159312,33286005,262318143.0,0.1134,1,1.1364,0
2022-03-14,sh.600000,6.7470537,6.789488,6.7046194,6.71310626,6.79797486,22770866,180826437.0,0.0776,1,-1.2484,0
2022-03-15,sh.600000,6.72159312,6.73007998,6.45850046,6.47547418,6.71310626,48962295,379252432.0,0.1668,1,-3.5398,0
2022-03-16,sh.600000,6.52639534,6.6197508,6.38211872,6.59429022,6.47547418,41520083,318505392.0,0.1415,1,1.8349,0
2022-03-17,sh.600000,6.6621851,6.6621851,6.54336906,6.56882964,6.59429022,41495556,322981456.0,0.1414,1,-0.3861,0
2022-03-18,sh.600000,6.56034278,6.71310626,6.54336906,6.7046194,6.56882964,53179530,417702651.88,0.1812,1,2.0672,0
2022-03-21,sh.600000,6.65369824,6.65369824,6.56034278,6.58580336,6.7046194,38823962,302127785.85,0.1323,1,-1.7722,0
2022-03-22,sh.600000,6.59429022,6.68764568,6.5773165,6.64521138,6.58580336,28224469,220766831.56,0.0962,1,0.9021,0
2022-03-23,sh.600000,6.64521138,6.65369824,6.59429022,6.6197508,6.64521138,25553686,199580747.34,0.0871,1,-0.3831,0
2022-03-24,sh.600000,6.60277708,6.64521138,6.58580336,6.6197508,6.6197508,16687677,130087627.43,0.0569,1,0.0,0
2022-03-25,sh.600000,6.6197508,6.67067196,6.60277708,6.6197508,6.6197508,16474442,128855055.09,0.0561,1,0.0,0
2022-03-28,sh.600000,6.6197508,6.67915882,6.54336906,6.67067196,6.6197508,28783984,224838880.0,0.0981,1,0.7692,0
2022-03-29,sh.600000,6.64521138,6.67067196,6.6197508,6.63672452,6.67067196,22516978,176131297.07,0.0767,1,-0.5089,0
2022-03-30,sh.600000,6.65369824,6.72159312,6.63672452,6.72159312,6.63672452,29854369,235127475.03,0.1017,1,1.2788,0
2022-03-31,sh.600000,6.69613254,6.80646172,6.67067196,6.789488,6.72159312,25969772,206902403.85,0.0885,1,1.0101,0
2022-04-01,sh.600000,6.7470537,6.84889602,6.73856684,6.84889602,6.789488,31881345,255823775.39,0.1086,1,0.875,0
2022-04-06,sh.600000,6.789488,6.94225148,6.789488,6.93376462,6.84889602,42546117,345601824.94,0.145,1,1.2392,0
2022-04-07,sh.600000,6.92527776,6.94225148,6.84040916,6.84889602,6.93376462,31712143,257349868.47,0.108,1,-1.224,0
2022-04-08,sh.600000,6.84889602,6.89133032,6.80646172,6.88284346,6.84889602,24089173,194553784.73,0.0821,1,0.4957,0
2022-04-11,sh.600000,6.88284346,6.88284346,6.76402742,6.79797486,6.88284346,30015679,240997447.8,0.1023,1,-1.233,0
2022-04-12,sh.600000,6.80646172,6.9167909,6.77251428,6.88284346,6.79797486,31331939,252435317.7,0.1067,1,1.2484,0
2022-04-13,sh.600000,6.86586974,6.90830404,6.8319223,6.8743566,6.88284346,18501150,149849341.71,0.063,1,-0.1233,0
2022-04-14,sh.600000,6.88284346,6.9167909,6.8743566,6.88284346,6.8743566,18973150,154167548.18,0.0646,1,0.1235,0
2022-04-15,sh.600000,6.88284346,6.94225148,6.86586974,6.9167909,6.88284346,21811956,177849450.09,0.0743,1,0.4932,0
2022-04-18,sh.600000,6.89133032,6.90830404,6.79797486,6.81494858,6.9167909,21022369,169238878.94,0.0716,1,-1.4724,0
2022-04-19,sh.600000,6.82343544,6.90830404,6.81494858,6.90830404,6.81494858,24564490,198485790.32,0.0837,1,1.3699,0
2022-04-20,sh.600000,6.89981718,6.9167909,6.85738288,6.88284346,6.90830404,19143935,155238284.02,0.0652,1,-0.3686,0
2022-04-21,sh.600000,6.85738288,6.92527776,6.78100114,6.84889602,6.88284346,29228035,236728146.0,0.0996,1,-0.4932,0
2022-04-22,sh.600000,6.79797486,6.89133032,6.79797486,6.86586974,6.84889602,27612017,222997628.41,0.0941,1,0.2478,0
2022-04-25,sh.600000,6.80646172,6.8743566,6.62823766,6.63672452,6.86586974,53311550,426094147.76,0.1816,1,-3.3375,0
2022-04-26,sh.600000,6.65369824,6.78100114,6.61126394,6.67915882,6.63672452,38204259,301693697.62,0.1302,1,0.6394,0
2022-04-27,sh.600000,6.71310626,6.7470537,6.62823766,6.64521138,6.67915882,38688614,304687721.45,0.1318,1,-0.5083,0
2022-04-28,sh.600000,6.67067196,6.78100114,6.67067196,6.78100114,6.64521138,45175169,358888163.35,0.1539,1,2.0434,0
2022-04-29,sh.600000,6.77251428,6.84040916,6.67067196,6.81494858,6.78100114,44512846,354246099.7,0.1517,1,0.5006,0
2022-05-05,sh.600000,6.81494858,6.85738288,6.75554056,6.78100114,6.81494858,29133140,233186177.36,0.0993,1,-0.4981,0
2022-05-06,sh.600000,6.73856684,6.77251428,6.63672452,6.6621851,6.78100114,31795578,250345902.65,0.1083,1,-1.7522,0
2022-05-09,sh.600000,6.6621851,6.67067196,6.6197508,6.63672452,6.6621851,16035420,125476461.2,0.0546,1,-0.3822,0
2022-05-10,sh.600000,6.6197508,6.69613254,6.54336906,6.6621851,6.63672452,32991018,257366421.58,0.1124,1,0.3836,0
2022-05-11,sh.600000,6.65369824,6.7046194,6.62823766,6.67067196,6.6621851,25116815,197407269.46,0.0856,1,0.1274,0
2022-05-12,sh.600000,6.64521138,6.71310626,6.64521138,6.67915882,6.67067196,22352229,176091168.09,0.0762,1,0.1272,0
2022-05-13,sh.600000,6.71310626,6.8319223,6.7046194,6.8319223,6.67915882,37343358,298941532.93,0.1272,1,2.2872,0
2022-05-16,sh.600000,6.8319223,6.84889602,6.73007998,6.76402742,6.8319223,20990826,167326391.84,0.0715,1,-0.9938,0
2022-05-17,sh.600000,6.79797486,6.82343544,6.7470537,6.80646172,6.76402742,18714191,149733542.99,0.0638,1,0.6274,0
2022-05-18,sh.600000,6.77251428,6.79797486,6.72159312,6.7470537,6.80646172,19463913,154781980.2,0.0663,1,-0.8728,0
2022-05-19,sh.600000,6.72159312,6.77251428,6.69613254,6.71310626,6.7470537,19904191,157705908.85,0.0678,1,-0.5031,0
2022-05-20,sh.600000,6.73856684,6.8319223,6.72159312,6.82343544,6.71310626,32699572,262095154.1,0.1114,1,1.6435,0
2022-05-23,sh.600000,6.84040916,6.84040916,6.7470537,6.7470537,6.82343544,25527572,203770115.6,0.087,1,-1.1194,0
2022-05-24,sh.600000,6.75554056,6.76402742,6.67915882,6.68764568,6.7470537,26028514,205916168.03,0.0887,1,-0.8805,0
2022-05-25,sh.600000,6.72159312,6.73007998,6.6621851,6.68764568,6.68764568,21003364,165613956.59,0.0716,1,0.0,0
2022-05-26,sh.600000,6.69613254,6.72159312,6.65369824,6.7046194,6.68764568,23401589,184331253.01,0.0797,1,0.2538,0
2022-05-27,sh.600000,6.72159312,6.79797486,6.68764568,6.789488,6.7046194,31755338,252802576.64,0.1082,1,1.2658,0
2022-05-30,sh.600000,6.79797486,6.80646172,6.67915882,6.68764568,6.789488,35696257,282538705.14,0.1216,1,-1.5,0
2022-05-31,sh.600000,6.7046194,6.77251428,6.68764568,6.73856684,6.68764568,31750884,251916051.21,0.1082,1,0.7614,0
2022-06-01,sh.600000,6.73856684,6.73856684,6.69613254,6.71310626,6.73856684,18401941,145647638.39,0.0627,1,-0.3778,0
2022-06-02,sh.600000,6.69613254,6.71310626,6.67915882,6.69613254,6.71310626,18931116,149199713.01,0.0645,1,-0.2528,0
2022-06-06,sh.600000,6.67915882,6.7046194,6.63672452,6.67067196,6.69613254,33010527,259403166.92,0.1125,1,-0.3802,0
2022-06-07,sh.600000,6.65369824,6.69613254,6.64521138,6.68764568,6.67067196,30623076,240941764.48,0.1043,1,0.2545,0
2022-06-08,sh.600000,6.67915882,6.68764568,6.64521138,6.67067196,6.68764568,39555666,310775180.47,0.1348,1,-0.2538,0
2022-06-09,sh.600000,6.67067196,6.75554056,6.65369824,6.7470537,6.67067196,60606956,480180511.56,0.2065,1,1.145,0
2022-06-10,sh.600000,6.73007998,6.8319223,6.69613254,6.73007998,6.7470537,123446198,984436172.52,0.4206,1,-0.2516,0
2022-06-13,sh.600000,6.71310626,6.73007998,6.56882964,6.59429022,6.73007998,104597235,816472114.77,0.3564,1,-2.0177,0
2022-06-14,sh.600000,6.56882964,6.69613254,6.56034278,6.67915882,6.59429022,55047795,428964423.99,0.1875,1,1.287,0
2022-06-15,sh.600000,6.67067196,6.89981718,6.6621851,6.81494858,6.67915882,112759058,906495919.18,0.3842,1,2.033,0
2022-06-16,sh.600000,6.8319223,6.85738288,6.72159312,6.72159312,6.81494858,56889689,453897643.13,0.1938,1,-1.3699,0
2022-06-17,sh.600000,6.71310626,6.789488,6.69613254,6.76402742,6.72159312,35612494,283173437.15,0.1213,1,0.6313,0
2022-06-20,sh.600000,6.7470537,6.77251428,6.71310626,6.71310626,6.76402742,30065154,238320268.45,0.1024,1,-0.7528,0
2022-06-21,sh.600000,6.72159312,6.77251428,6.72159312,6.76402742,6.71310626,23245677,185071903.23,0.0792,1,0.7585,0
2022-06-22,sh.600000,6.75554056,6.76402742,6.71310626,6.72159312,6.76402742,20635582,163685600.62,0.0703,1,-0.6274,0
2022-06-23,sh.600000,6.73856684,6.76402742,6.71310626,6.76402742,6.72159312,23255144,184864875.41,0.0792,1,0.6313,0
2022-06-24,sh.600000,6.76402742,6.77251428,6.73007998,6.7470537,6.76402742,23665322,188294112.85,0.0806,1,-0.2509,0
2022-06-27,sh.600000,6.7470537,6.79797486,6.73856684,6.76402742,6.7470537,24067719,192131005.85,0.082,1,0.2516,0
2022-06-28,sh.600000,6.76402742,6.82343544,6.75554056,6.82343544,6.76402742,25729078,205871661.67,0.0877,1,0.8783,0
2022-06-29,sh.600000,6.79797486,6.84040916,6.789488,6.8319223,6.82343544,30299747,243477295.24,0.1032,1,0.1244,0
2022-06-30,sh.600000,6.8319223,6.84040916,6.789488,6.79797486,6.8319223,23369617,187691079.94,0.0796,1,-0.4969,0
2022-07-01,sh.600000,6.79797486,6.82343544,6.77251428,6.78100114,6.79797486,17846787,142651655.17,0.0608,1,-0.2497,0
2022-07-04,sh.600000,6.78100114,6.789488,6.73856684,6.75554056,6.78100114,18222009,145047089.17,0.0621,1,-0.3755,0
2022-07-05,sh.600000,6.75554056,6.789488,6.73856684,6.77251428,6.75554056,21322243,169924262.91,0.0726,1,0.2513,0
2022-07-06,sh.600000,6.76402742,6.77251428,6.67915882,6.7046194,6.77251428,28829658,227963132.47,0.0982,1,-1.0025,0
2022-07-07,sh.600000,6.68764568,6.72159312,6.67067196,6.67915882,6.7046194,18636395,147034169.93,0.0635,1,-0.3797,0
2022-07-08,sh.600000,6.7046194,6.7046194,6.67915882,6.68764568,6.67915882,12379190,97665056.88,0.0422,1,0.1271,0
2022-07-11,sh.600000,6.67915882,6.7046194,6.67067196,6.67915882,6.68764568,16195472,127636556.97,0.0552,1,-0.1269,0
2022-07-12,sh.600000,6.67067196,6.73856684,6.67067196,6.71310626,6.67915882,19889798,157433751.92,0.0678,1,0.5083,0
2022-07-13,sh.600000,6.73007998,6.73856684,6.6621851,6.6621851,6.71310626,30506523,240374854.35,0.1039,1,-0.7585,0
2022-07-14,sh.600000,6.65369824,6.67067196,6.5773165,6.61126394,6.6621851,40565878,315441408.76,0.1382,1,-0.7643,0
2022-07-15,sh.600000,6.58580336,6.6197508,6.4924479,6.50942162,6.61126394,47127632,364457390.78,0.1606,1,-1.5404,0
2022-07-18,sh.600000,6.51790848,6.61126394,6.51790848,6.61126394,6.50942162,25164232,195287190.73,0.0857,1,1.5645,0
2022-07-19,sh.600000,6.61126394,6.63672452,6.59429022,6.62823766,6.61126394,28872304,224891813.35,0.0984,1,0.2567,0
2022-07-20,sh.600000,6.6621851,6.6621851,6.59429022,6.61126394,6.62823766,39713402,309465405.69,0.1353,1,-0.2561,0
2022-07-21,sh.600000,6.629179,6.63813735,6.56647055,6.56647055,6.6112623,41541585,305408212.22,0.1415,1,-0.6775,0
2022-07-22,sh.600000,6.5754289,6.6112623,6.5754289,6.58438725,6.56647055,19660796,144713989.75,0.067,1,0.2729,0
2022-07-25,sh.600000,6.56647055,6.6112623,6.56647055,6.58438725,6.58438725,17093960,125744844.46,0.0582,1,0.0,0
2022-07-26,sh.600000,6.5933456,6.62022065,6.5754289,6.6112623,6.58438725,18730569,138030623.4,0.0638,1,0.4082,0
2022-07-27,sh.600000,6.5933456,6.60230395,6.56647055,6.5754289,6.6112623,17036417,125085329.43,0.058,1,-0.542,0
2022-07-28,sh.600000,6.58438725,6.60230395,6.5575122,6.56647055,6.5754289,21524372,158047423.27,0.0733,1,-0.1362,0
2022-07-29,sh.600000,6.58438725,6.58438725,6.47688705,6.5037621,6.56647055,43873316,319838541.19,0.1495,1,-0.955,0
2022-08-01,sh.600000,6.5037621,6.5216788,6.45897035,6.47688705,6.5037621,24438011,176997248.68,0.0833,1,-0.4132,0
2022-08-02,sh.600000,6.4679287,6.4679287,6.33355345,6.3962619,6.47688705,40986083,291570126.84,0.1396,1,-1.2448,0
2022-08-03,sh.600000,6.38730355,6.42313695,6.33355345,6.33355345,6.3962619,28144846,199887999.49,0.0959,1,-0.9804,0
2022-08-04,sh.600000,6.35147015,6.3604285,6.3245951,6.35147015,6.33355345,21294463,150760431.0,0.0725,1,0.2829,0
2022-08-05,sh.600000,6.35147015,6.4320953,6.3425118,6.40522025,6.35147015,22554203,160555049.0,0.0768,1,0.8463,0
2022-08-08,sh.600000,6.42313695,6.4320953,6.3783452,6.3783452,6.40522025,12981219,92667054.0,0.0442,1,-0.4196,0
2022-08-09,sh.600000,6.38730355,6.40522025,6.3604285,6.3783452,6.3783452,13023820,92757272.0,0.0444,1,0.0,0
2022-08-10,sh.600000,6.3783452,6.38730355,6.3425118,6.35147015,6.3783452,11674742,82872444.0,0.0398,1,-0.4213,0
2022-08-11,sh.600000,6.3783452,6.44105365,6.3604285,6.4320953,6.35147015,21910821,156858352.0,0.0746,1,1.2694,0
2022-08-12,sh.600000,6.44105365,6.5037621,6.42313695,6.4858454,6.4320953,22253354,160666706.0,0.0758,1,0.8357,0
2022-08-15,sh.600000,6.4858454,6.53063715,6.450012,6.45897035,6.4858454,20451392,148015692.83,0.0697,1,-0.4144,0
2022-08-16,sh.600000,6.45897035,6.5037621,6.4320953,6.44105365,6.45897035,17910142,129120992.61,0.061,1,-0.2774,0
2022-08-17,sh.600000,6.45897035,6.5395955,6.4320953,6.5216788,6.44105365,20980840,152061978.54,0.0715,1,1.2517,0
2022-08-18,sh.600000,6.51272045,6.51272045,6.44105365,6.45897035,6.5216788,12991819,93820911.18,0.0443,1,-0.9615,0
2022-08-19,sh.600000,6.4320953,6.5216788,6.4320953,6.450012,6.45897035,17544569,126989201.86,0.0598,1,-0.1387,0
2022-08-22,sh.600000,6.4320953,6.4858454,6.4141786,6.47688705,6.450012,13776616,99353492.44,0.0469,1,0.4167,0
2022-08-23,sh.600000,6.45897035,6.4679287,6.42313695,6.42313695,6.47688705,15047471,108111339.93,0.0513,1,-0.8299,0
2022-08-24,sh.600000,6.42313695,6.4679287,6.3962619,6.40522025,6.42313695,16855765,120996052.8,0.0574,1,-0.2789,0
2022-08-25,sh.600000,6.4141786,6.4679287,6.40522025,6.450012,6.40522025,15772556,113287116.52,0.0537,1,0.6993,0
2022-08-26,sh.600000,6.47688705,6.5037621,6.4320953,6.4679287,6.450012,17576235,126876440.71,0.0599,1,0.2778,0
2022-08-29,sh.600000,6.4141786,6.45897035,6.3783452,6.40522025,6.4679287,27600324,197253687.46,0.094,1,-0.9695,0
2022-08-30,sh.600000,6.3962619,6.450012,6.38730355,6.44105365,6.40522025,22541928,161534932.8,0.0768,1,0.5594,0
2022-08-31,sh.600000,6.42313695,6.5216788,6.40522025,6.51272045,6.44105365,39566130,286509308.75,0.1348,1,1.1127,0
2022-09-01,sh.600000,6.47688705,6.53063715,6.450012,6.47688705,6.51272045,23298388,169134999.27,0.0794,1,-0.5502,0
2022-09-02,sh.600000,6.4858454,6.51272045,6.450012,6.45897035,6.47688705,19975499,144236248.53,0.0681,1,-0.2766,0
2022-09-05,sh.600000,6.4320953,6.51272045,6.3962619,6.5037621,6.45897035,26646247,192171036.58,0.0908,1,0.6935,0
2022-09-06,sh.600000,6.49480375,6.5395955,6.4858454,6.5037621,6.5037621,21866681,159009208.09,0.0745,1,0.0,0
2022-09-07,sh.600000,6.47688705,6.5037621,6.4679287,6.4679287,6.5037621,16568470,119766057.06,0.0564,1,-0.551,0
2022-09-08,sh.600000,6.4858454,6.51272045,6.4679287,6.4858454,6.4679287,14478347,104930852.85,0.0493,1,0.277,0
2022-09-09,sh.600000,6.51272045,6.5754289,6.4858454,6.54855385,6.4858454,32423037,236986664.93,0.1105,1,0.9669,0
2022-09-13,sh.600000,6.5216788,6.5933456,6.51272045,6.58438725,6.54855385,23795140,174338448.0,0.0811,1,0.5472,0
2022-09-14,sh.600000,6.53063715,6.5754289,6.51272045,6.5216788,6.58438725,18649011,136014993.74,0.0635,1,-0.9524,0
2022-09-15,sh.600000,6.53063715,6.60230395,6.5216788,6.5575122,6.5216788,31940343,233945046.64,0.1088,1,0.5495,0
2022-09-16,sh.600000,6.5395955,6.5575122,6.3962619,6.3962619,6.5575122,33979138,245252583.87,0.1158,1,-2.459,0
2022-09-19,sh.600000,6.4141786,6.450012,6.3604285,6.4141786,6.3962619,22388073,160021576.57,0.0763,1,0.2801,0
2022-09-20,sh.600000,6.4141786,6.4320953,6.3604285,6.36938685,6.4141786,22247046,158496620.24,0.0758,1,-0.6983,0
2022-09-21,sh.600000,6.3604285,6.4141786,6.3425118,6.38730355,6.36938685,20026161,142605615.88,0.0682,1,0.2813,0
2022-09-22,sh.600000,6.36938685,6.3962619,6.3425118,6.3783452,6.38730355,19540404,138786681.54,0.0666,1,-0.1403,0
2022-09-23,sh.600000,6.3783452,6.4320953,6.35147015,6.4141786,6.3783452,21806262,155805817.23,0.0743,1,0.5618,0
2022-09-26,sh.600000,6.3783452,6.42313695,6.31563675,6.3245951,6.4141786,29503476,209607846.66,0.1005,1,-1.3966,0
2022-09-27,sh.600000,6.3066784,6.35147015,6.2887617,6.33355345,6.3245951,20128163,142035077.23,0.0686,1,0.1416,0
2022-09-28,sh.600000,6.31563675,6.3783452,6.2887617,6.3425118,6.33355345,25197590,178257967.49,0.0858,1,0.1414,0
2022-09-29,sh.600000,6.36938685,6.38730355,6.22605325,6.26188665,6.3425118,37072647,260386962.1,0.1263,1,-1.2712,0
2022-09-30,sh.600000,6.2887617,6.33355345,6.26188665,6.3066784,6.26188665,21572691,151907573.39,0.0735,1,0.7153,0
2022-10-10,sh.600000,6.3066784,6.35147015,6.27980335,6.29772005,6.3066784,20028296,141308416.0,0.0682,1,-0.142,0
2022-10-11,sh.600000,6.33355345,6.3425118,6.270845,6.27980335,6.29772005,18613647,130804312.03,0.0634,1,-0.2845,0
2022-10-12,sh.600000,6.27980335,6.31563675,6.2350116,6.31563675,6.27980335,20354488,142570655.09,0.0693,1,0.5706,0
2022-10-13,sh.600000,6.29772005,6.3066784,6.24396995,6.270845,6.31563675,24107256,168676264.32,0.0821,1,-0.7092,0
2022-10-14,sh.600000,6.29772005,6.33355345,6.27980335,6.29772005,6.270845,27342763,192757732.67,0.0932,1,0.4286,0
2022-10-17,sh.600000,6.31563675,6.31563675,6.270845,6.2887617,6.29772005,20616536,144892075.77,0.0702,1,-0.1422,0
2022-10-18,sh.600000,6.3066784,6.3245951,6.27980335,6.2887617,6.2887617,21908675,154099279.62,0.0746,1,0.0,0
2022-10-19,sh.600000,6.2887617,6.3066784,6.24396995,6.24396995,6.2887617,17988215,125873057.67,0.0613,1,-0.7123,0
2022-10-20,sh.600000,6.24396995,6.270845,6.2350116,6.24396995,6.24396995,19765093,137810612.94,0.0673,1,0.0,0
2022-10-21,sh.600000,6.26188665,6.2887617,6.19021985,6.1991782,6.24396995,24567888,170868902.53,0.0837,1,-0.7174,0
2022-10-24,sh.600000,6.20813655,6.2170949,6.091678,6.10063635,6.1991782,38610105,265091387.62,0.1315,1,-1.5896,0
2022-10-25,sh.600000,6.1633448,6.1633448,6.091678,6.1275114,6.10063635,26539881,181269047.48,0.0904,1,0.4405,0
2022-10-26,sh.600000,6.11855305,6.1454281,6.091678,6.1095947,6.1275114,20377311,139135071.24,0.0694,1,-0.2924,0
2022-10-27,sh.600000,6.11855305,6.15438645,6.10063635,6.1095947,6.1095947,21293652,145765770.23,0.0725,1,0.0,0
2022-10-28,sh.600000,6.1275114,6.15438645,6.04688625,6.091678,6.1095947,28234295,192577659.87,0.0962,1,-0.2933,0
2022-10-31,sh.600000,6.02896955,6.04688625,5.93938605,5.9483444,6.091678,32237373,215102267.57,0.1098,1,-2.3529,0
2022-11-01,sh.600000,5.9841778,6.0379279,5.95730275,6.0379279,5.9483444,27035074,181314549.45,0.0921,1,1.506,0
2022-11-02,sh.600000,6.0020945,6.0379279,5.9662611,6.01105285,6.0379279,24034116,160891463.49,0.0819,1,-0.4451,0
2022-11-03,sh.600000,6.01105285,6.01105285,5.9483444,5.9662611,6.01105285,21251911,141624735.14,0.0724,1,-0.7452,0
2022-11-04,sh.600000,5.95730275,6.091678,5.9483444,6.08271965,5.9662611,32665677,220460181.12,0.1113,1,1.952,0
2022-11-07,sh.600000,6.04688625,6.11855305,6.0379279,6.10063635,6.08271965,16269623,110507706.43,0.0554,1,0.2946,0
2022-11-08,sh.600000,6.11855305,6.11855305,6.06480295,6.08271965,6.10063635,15282862,103708976.91,0.0521,1,-0.2937,0
2022-11-09,sh.600000,6.06480295,6.1095947,6.06480295,6.08271965,6.08271965,13127494,89138502.17,0.0447,1,0.0,0
2022-11-10,sh.600000,6.04688625,6.091678,6.0379279,6.0737613,6.08271965,12601008,85330918.66,0.0429,1,-0.1473,0
2022-11-11,sh.600000,6.11855305,6.2529283,6.11855305,6.2170949,6.0737613,40237053,277525770.26,0.1371,1,2.3599,0
2022-11-14,sh.600000,6.2529283,6.35147015,6.2350116,6.29772005,6.2170949,43777420,308265880.99,0.1491,1,1.2968,0
2022-11-15,sh.600000,6.27980335,6.35147015,6.270845,6.3245951,6.29772005,25212063,177876453.12,0.0859,1,0.4267,0
2022-11-16,sh.600000,6.29772005,6.3245951,6.27980335,6.29772005,6.3245951,17398102,122332873.47,0.0593,1,-0.4249,0
2022-11-17,sh.600000,6.2887617,6.2887617,6.22605325,6.2529283,6.29772005,22026825,153691239.72,0.075,1,-0.7112,0
2022-11-18,sh.600000,6.26188665,6.270845,6.19021985,6.19021985,6.2529283,22662930,157460686.03,0.0772,1,-1.0029,0
2022-11-21,sh.600000,6.1812615,6.19021985,6.11855305,6.1633448,6.19021985,22374965,153475265.83,0.0762,1,-0.4342,0
2022-11-22,sh.600000,6.17230315,6.3066784,6.17230315,6.2887617,6.1633448,33424530,233200479.26,0.1139,1,2.0349,0
2022-11-23,sh.600000,6.27980335,6.3783452,6.26188665,6.31563675,6.2887617,36694389,259475308.38,0.125,1,0.4274,0
2022-11-24,sh.600000,6.3245951,6.3962619,6.29772005,6.29772005,6.31563675,21534531,152263201.73,0.0734,1,-0.2837,0
2022-11-25,sh.600000,6.3066784,6.4320953,6.3066784,6.42313695,6.29772005,43033799,307087081.81,0.1466,1,1.9915,0
2022-11-28,sh.600000,6.3604285,6.3604285,6.2529283,6.33355345,6.42313695,37873189,266592726.11,0.129,1,-1.3947,0
2022-11-29,sh.600000,6.3604285,6.5395955,6.3425118,6.51272045,6.33355345,68171227,492975278.3,0.2323,1,2.8289,0
2022-11-30,sh.600000,6.4858454,6.5395955,6.4679287,6.4679287,6.51272045,32346981,234334306.24,0.1102,1,-0.6878,0
2022-12-01,sh.600000,6.5216788,6.5754289,6.45897035,6.4679287,6.4679287,30040435,217886966.63,0.1023,1,0.0,0
2022-12-02,sh.600000,6.49480375,6.49480375,6.42313695,6.47688705,6.4679287,25722026,185354138.27,0.0876,1,0.1385,0
2022-12-05,sh.600000,6.5216788,6.60230395,6.4858454,6.5933456,6.47688705,47367357,346640963.01,0.1614,1,1.7981,0
2022-12-06,sh.600000,6.5575122,6.62022065,6.5395955,6.5933456,6.5933456,30550306,224448680.38,0.1041,1,0.0,0
2022-12-07,sh.600000,6.58438725,6.629179,6.5395955,6.5754289,6.5933456,31176550,229009592.53,0.1062,1,-0.2717,0
2022-12-08,sh.600000,6.5575122,6.62022065,6.54855385,6.6112623,6.5754289,25551776,187977673.67,0.0871,1,0.545,0
2022-12-09,sh.600000,6.60230395,6.62022065,6.5395955,6.5575122,6.6112623,38192346,280350287.48,0.1301,1,-0.813,0
2022-12-12,sh.600000,6.54855385,6.5933456,6.47688705,6.5037621,6.5575122,26708550,194644289.62,0.091,1,-0.8197,0
2022-12-13,sh.600000,6.51272045,6.58438725,6.49480375,6.5575122,6.5037621,18253626,133464501.58,0.0622,1,0.8264,0
2022-12-14,sh.600000,6.60230395,6.60230395,6.5037621,6.5575122,6.5575122,16180635,118352408.66,0.0551,1,0.0,0
2022-12-15,sh.600000,6.5216788,6.5575122,6.47688705,6.4858454,6.5575122,17471770,126757095.65,0.0595,1,-1.0929,0
2022-12-16,sh.600000,6.49480375,6.58438725,6.47688705,6.58438725,6.4858454,31704629,232171543.69,0.108,1,1.5193,0
2022-12-19,sh.600000,6.60230395,6.60230395,6.45897035,6.4858454,6.58438725,20432546,148576218.2,0.0696,1,-1.4966,0
2022-12-20,sh.600000,6.47688705,6.5216788,6.38730355,6.3962619,6.4858454,24800259,178369739.99,0.0845,1,-1.3812,0
2022-12-21,sh.600000,6.4679287,6.4858454,6.38730355,6.44105365,6.3962619,17252934,124209180.57,0.0588,1,0.7003,0
2022-12-22,sh.600000,6.5216788,6.54855385,6.450012,6.4858454,6.44105365,18662641,135509039.29,0.0636,1,0.6954,0
2022-12-23,sh.600000,6.44105365,6.51272045,6.42313695,6.44105365,6.4858454,12958464,93463047.04,0.0441,1,-0.6906,0
2022-12-26,sh.600000,6.44105365,6.45897035,6.3425118,6.3604285,6.44105365,20138533,143606823.71,0.0686,1,-1.2517,0
2022-12-27,sh.600000,6.38730355,6.53063715,6.3783452,6.4679287,6.3604285,24065192,173516852.37,0.082,1,1.6901,0
2022-12-28,sh.600000,6.4679287,6.5395955,6.450012,6.5395955,6.4679287,20901364,152167733.81,0.0712,1,1.108,0
2022-12-29,sh.600000,6.51272045,6.53063715,6.4320953,6.4858454,6.5395955,18367088,132652083.0,0.0626,1,-0.8219,0
2022-12-30,sh.600000,6.47688705,6.5395955,6.4679287,6.5216788,6.4858454,20352397,147932730.71,0.0693,1,0.5525,0
2023-01-03,sh.600000,6.51272045,6.5216788,6.42313695,6.47688705,6.5216788,25892521,187094064.41,0.0882,1,-0.6868,0
2023-01-04,sh.600000,6.51272045,6.58438725,6.47688705,6.54855385,6.47688705,30947081,226321372.05,0.1054,1,1.1065,0
2023-01-05,sh.600000,6.60230395,6.6112623,6.5395955,6.58438725,6.54855385,30162154,221617354.62,0.1028,1,0.5472,0
2023-01-06,sh.600000,6.58438725,6.6112623,6.54855385,6.5754289,6.58438725,20312881,149170537.85,0.0692,1,-0.1361,0
2023-01-09,sh.600000,6.6112623,6.6112623,6.5395955,6.5754289,6.5754289,19612260,143998210.6,0.0668,1,0.0,0
2023-01-10,sh.600000,6.58438725,6.58438725,6.5216788,6.5216788,6.5754289,16194647,118223821.86,0.0552,1,-0.8174,0
2023-01-11,sh.600000,6.54855385,6.5754289,6.51272045,6.5395955,6.5216788,19215541,140393995.92,0.0655,1,0.2747,0
2023-01-12,sh.600000,6.56647055,6.5754289,6.4858454,6.51272045,6.5395955,16849908,122554362.23,0.0574,1,-0.411,0
2023-01-13,sh.600000,6.53063715,6.58438725,6.51272045,6.5754289,6.51272045,21770211,159178131.61,0.0742,1,0.9629,0
2023-01-16,sh.600000,6.58438725,6.6112623,6.5216788,6.56647055,6.5754289,36816941,270170018.1,0.1254,1,-0.1362,0
2023-01-17,sh.600000,6.5754289,6.58438725,6.51272045,6.5395955,6.56647055,24222613,176749046.15,0.0825,1,-0.4093,0
2023-01-18,sh.600000,6.54855385,6.56647055,6.51272045,6.54855385,6.5395955,24494551,178868884.95,0.0835,1,0.137,0
2023-01-19,sh.600000,6.54855385,6.56647055,6.5037621,6.56647055,6.54855385,16713352,121983725.87,0.0569,1,0.2736,0
2023-01-20,sh.600000,6.5754289,6.5933456,6.5575122,6.5933456,6.56647055,20986958,154239831.26,0.0715,1,0.4093,0
2023-01-30,sh.600000,6.65605405,6.65605405,6.60230395,6.629179,6.5933456,31810739,235352030.45,0.1084,1,0.5435,0
2023-01-31,sh.600000,6.6470957,6.67397075,6.60230395,6.60230395,6.629179,28438220,210715444.24,0.0969,1,-0.4054,0
2023-02-01,sh.600000,6.629179,6.629179,6.56647055,6.5933456,6.60230395,18659542,137294549.42,0.0636,1,-0.1357,0
2023-02-02,sh.600000,6.62022065,6.62022065,6.5575122,6.5933456,6.5933456,21900191,160961795.16,0.0746,1,0.0,0
2023-02-03,sh.600000,6.56647055,6.58438725,6.51272045,6.51272045,6.5933456,29885527,217904607.79,0.1018,1,-1.2228,0
2023-02-06,sh.600000,6.49480375,6.49480375,6.45897035,6.49480375,6.51272045,22786780,164745210.23,0.0776,1,-0.2751,0
2023-02-07,sh.600000,6.51272045,6.51272045,6.4679287,6.4858454,6.49480375,15481821,112169271.32,0.0527,1,-0.1379,0
2023-02-08,sh.600000,6.4858454,6.51272045,6.4679287,6.47688705,6.4858454,13095025,94770356.76,0.0446,1,-0.1381,0
2023-02-09,sh.600000,6.47688705,6.5216788,6.4679287,6.5037621,6.47688705,10895965,79099151.19,0.0371,1,0.4149,0
2023-02-10,sh.600000,6.49480375,6.51272045,6.4679287,6.4858454,6.5037621,11944106,86527412.08,0.0407,1,-0.2755,0
2023-02-13,sh.600000,6.4679287,6.5037621,6.4320953,6.47688705,6.4858454,20449779,147742689.02,0.0697,1,-0.1381,0
2023-02-14,sh.600000,6.4858454,6.5037621,6.47688705,6.4858454,6.47688705,11929853,86373390.47,0.0406,1,0.1383,0
2023-02-15,sh.600000,6.4858454,6.49480375,6.44105365,6.450012,6.4858454,15467693,111509087.56,0.0527,1,-0.5525,0
2023-02-16,sh.600000,6.45897035,6.5037621,6.4320953,6.44105365,6.450012,18798353,135881168.82,0.064,1,-0.1389,0
2023-02-17,sh.600000,6.44105365,6.4679287,6.38730355,6.38730355,6.44105365,21148914,151882567.49,0.0721,1,-0.8345,0
2023-02-20,sh.600000,6.4141786,6.51272045,6.40522025,6.5037621,6.38730355,25613504,184902604.49,0.0873,1,1.8233,0
2023-02-21,sh.600000,6.5037621,6.5395955,6.47688705,6.53063715,6.5037621,16234446,118094160.8,0.0553,1,0.4132,0
2023-02-22,sh.600000,6.5216788,6.53063715,6.4858454,6.4858454,6.53063715,12971392,94204601.17,0.0442,1,-0.6859,0
2023-02-23,sh.600000,6.49480375,6.5216788,6.47688705,6.47688705,6.4858454,11436536,82898811.56,0.039,1,-0.1381,0
2023-02-24,sh.600000,6.4679287,6.5037621,6.4320953,6.4320953,6.47688705,16681114,120124647.88,0.0568,1,-0.6916,0
2023-02-27,sh.600000,6.4141786,6.450012,6.4141786,6.4141786,6.4320953,15800639,113363321.67,0.0538,1,-0.2786,0
2023-02-28,sh.600000,6.4320953,6.450012,6.3962619,6.4320953,6.4141786,17448100,125100407.89,0.0594,1,0.2793,0
2023-03-01,sh.600000,6.42313695,6.51272045,6.42313695,6.5037621,6.4320953,25661325,185861461.97,0.0874,1,1.1142,0
2023-03-02,sh.600000,6.47688705,6.53063715,6.47688705,6.51272045,6.5037621,17070002,124094304.53,0.0582,1,0.1377,0
2023-03-03,sh.600000,6.53063715,6.5933456,6.5037621,6.58438725,6.51272045,31094168,227583047.89,0.1059,1,1.1004,0
2023-03-06,sh.600000,6.58438725,6.60230395,6.54855385,6.56647055,6.58438725,24939950,182971731.43,0.085,1,-0.2721,0
2023-03-07,sh.600000,6.5575122,6.6829291,6.5395955,6.54855385,6.56647055,56642781,417960791.26,0.193,1,-0.2729,0
2023-03-08,sh.600000,6.5395955,6.5575122,6.49480375,6.54855385,6.54855385,19059038,138757482.3,0.0649,1,0.0,0
2023-03-09,sh.600000,6.54855385,6.5754289,6.49480375,6.51272045,6.54855385,18993344,138470614.89,0.0647,1,-0.5472,0
2023-03-10,sh.600000,6.4858454,6.5037621,6.40522025,6.40522025,6.51272045,27843826,200486041.89,0.0949,1,-1.6506,0
2023-03-13,sh.600000,6.31563675,6.35147015,6.29772005,6.3245951,6.40522025,51314997,362230489.57,0.1748,1,-1.2587,0
2023-03-14,sh.600000,6.3245951,6.33355345,6.270845,6.2887617,6.3245951,32453388,228164817.76,0.1106,1,-0.5666,0
2023-03-15,sh.600000,6.33355345,6.3604285,6.3245951,6.3425118,6.2887617,25072976,177677434.51,0.0854,1,0.8547,0
2023-03-16,sh.600000,6.3425118,6.42313695,6.31563675,6.3783452,6.3425118,28501314,203051783.76,0.0971,1,0.565,0
2023-03-17,sh.600000,6.3962619,6.4679287,6.3604285,6.36938685,6.3783452,36328142,260022747.71,0.1238,1,-0.1404,0
2023-03-20,sh.600000,6.3604285,6.4679287,6.3604285,6.38730355,6.36938685,26292154,188546315.84,0.0896,1,0.2813,0
2023-03-21,sh.600000,6.4141786,6.450012,6.38730355,6.38730355,6.38730355,18977675,135798122.46,0.0647,1,0.0,0
2023-03-22,sh.600000,6.40522025,6.44105365,6.3962619,6.4320953,6.38730355,16988375,121799288.59,0.0579,1,0.7013,0
2023-03-23,sh.600000,6.40522025,6.4679287,6.3962619,6.45897035,6.4320953,21506296,154656983.17,0.0733,1,0.4178,0
2023-03-24,sh.600000,6.44105365,6.49480375,6.4320953,6.45897035,6.45897035,25687826,185477855.99,0.0875,1,0.0,0
2023-03-27,sh.600000,6.47688705,6.47688705,6.40522025,6.40522025,6.45897035,19141397,137294385.82,0.0652,1,-0.8322,0
2023-03-28,sh.600000,6.4141786,6.44105365,6.3962619,6.4320953,6.40522025,16641290,119293208.81,0.0567,1,0.4196,0
2023-03-29,sh.600000,6.47688705,6.47688705,6.4141786,6.4141786,6.4320953,12685806,91087594.09,0.0432,1,-0.2786,0
2023-03-30,sh.600000,6.4320953,6.45897035,6.3783452,6.44105365,6.4141786,22504756,161359032.25,0.0767,1,0.419,0
2023-03-31,sh.600000,6.44105365,6.4858454,6.42313695,6.44105365,6.44105365,20048925,144423997.55,0.0683,1,0.0,0
2023-04-03,sh.600000,6.44105365,6.45897035,6.4141786,6.44105365,6.44105365,20246596,145394355.67,0.069,1,0.0,0
2023-04-04,sh.600000,6.44105365,6.4679287,6.4141786,6.45897035,6.44105365,25718197,184997550.02,0.0876,1,0.2782,0
2023-04-06,sh.600000,6.45897035,6.4679287,6.4320953,6.4320953,6.45897035,14740291,106072546.2,0.0502,1,-0.4161,0
2023-04-07,sh.600000,6.44105365,6.4858454,6.4141786,6.47688705,6.4320953,17465820,125889350.13,0.0595,1,0.6964,0
2023-04-10,sh.600000,6.45897035,6.4858454,6.44105365,6.45897035,6.47688705,17548307,126535778.97,0.0598,1,-0.2766,0
2023-04-11,sh.600000,6.47688705,6.47688705,6.4320953,6.4320953,6.45897035,20191251,145358006.59,0.0688,1,-0.4161,0
2023-04-12,sh.600000,6.450012,6.47688705,6.42313695,6.45897035,6.4320953,19475694,140373569.71,0.0664,1,0.4178,0
2023-04-13,sh.600000,6.4679287,6.53063715,6.450012,6.49480375,6.45897035,25779019,186717623.66,0.0878,1,0.5548,0
2023-04-14,sh.600000,6.5216788,6.54855385,6.49480375,6.51272045,6.49480375,25074604,182629852.35,0.0854,1,0.2759,0
2023-04-17,sh.600000,6.5037621,6.629179,6.5037621,6.62022065,6.51272045,36027756,264817274.97,0.1227,1,1.6506,0
2023-04-18,sh.600000,6.6112623,6.79938765,6.60230395,6.7545959,6.62022065,77412335,582499847.87,0.2637,1,2.0298,0
2023-04-19,sh.600000,6.70980415,6.7904293,6.65605405,6.74563755,6.7545959,52269783,393443029.29,0.1781,1,-0.1326,0
2023-04-20,sh.600000,6.7187625,6.88897115,6.7187625,6.8800128,6.74563755,72340661,550359765.73,0.2465,1,1.992,0
2023-04-21,sh.600000,6.87105445,6.92480455,6.78147095,6.79938765,6.8800128,50258973,383793225.29,0.1712,1,-1.1719,0
2023-04-24,sh.600000,6.79938765,6.8441794,6.69188745,6.70980415,6.79938765,43348471,326606926.22,0.1477,1,-1.3175,0
2023-04-25,sh.600000,6.74563755,6.8262627,6.7366792,6.7725126,6.70980415,42805282,323698544.59,0.1458,1,0.9346,0
2023-04-26,sh.600000,6.7725126,6.7725126,6.6470957,6.6829291,6.7725126,50919367,380460212.9,0.1735,1,-1.3228,0
2023-04-27,sh.600000,6.7008458,6.72772085,6.6470957,6.7008458,6.6829291,49269460,367760166.5,0.1679,1,0.2681,0
2023-04-28,sh.600000,6.69188745,6.85313775,6.69188745,6.808346,6.7008458,38841289,294352873.0,0.1323,1,1.6043,0
2023-05-04,sh.600000,6.7008458,6.94272125,6.58438725,6.8800128,6.808346,75866605,575141257.42,0.2585,1,1.0526,0
2023-05-05,sh.600000,6.8800128,7.0770965,6.8620961,6.9516796,6.8800128,67991125,529531596.76,0.2316,1,1.0417,0
2023-05-08,sh.600000,6.96063795,7.31897195,6.9516796,7.22938845,6.9516796,143117862,1148389705.0,0.4876,1,3.9948,0
2023-05-09,sh.600000,7.2920969,7.3637637,7.1129299,7.1308466,7.22938845,122058988,987860019.45,0.4158,1,-1.3631,0
2023-05-10,sh.600000,7.10397155,7.12188825,6.85313775,6.8979295,7.1308466,87338919,677598926.92,0.2976,1,-3.2663,0
2023-05-11,sh.600000,6.9158462,6.987513,6.85313775,6.87105445,6.8979295,43135406,332304491.0,0.147,1,-0.3896,0
2023-05-12,sh.600000,6.8979295,6.90688785,6.7904293,6.8262627,6.87105445,55003725,420040623.09,0.1874,1,-0.6519,0
2023-05-15,sh.600000,6.8262627,6.90688785,6.72772085,6.88897115,6.8262627,49175572,373081744.35,0.1675,1,0.9186,0
2023-05-16,sh.600000,6.8979295,6.9695963,6.8441794,6.87105445,6.88897115,41397733,318997696.88,0.141,1,-0.2601,0
2023-05-17,sh.600000,6.87105445,6.88897115,6.7904293,6.81730435,6.87105445,29442573,224614977.42,0.1003,1,-0.7823,0
2023-05-18,sh.600000,6.8441794,6.94272125,6.81730435,6.8800128,6.81730435,38714402,297590091.73,0.1319,1,0.9198,0
2023-05-19,sh.600000,6.87105445,6.87105445,6.7366792,6.7545959,6.8800128,35072548,265388165.98,0.1195,1,-1.8229,0
2023-05-22,sh.600000,6.7904293,6.808346,6.7366792,6.7545959,6.7545959,21174297,159997715.13,0.0721,1,0.0,0
2023-05-23,sh.600000,6.7545959,6.79938765,6.67397075,6.67397075,6.7545959,29213715,219372233.14,0.0995,1,-1.1936,0
2023-05-24,sh.600000,6.65605405,6.6650124,6.53063715,6.53063715,6.67397075,45145900,331690566.36,0.1538,1,-2.1477,0
2023-05-25,sh.600000,6.5037621,6.56647055,6.4858454,6.54855385,6.53063715,34408974,250361065.98,0.1172,1,0.2743,0
2023-05-26,sh.600000,6.54855385,6.5933456,6.49480375,6.5575122,6.54855385,18912850,138237160.62,0.0644,1,0.1368,0
2023-05-29,sh.600000,6.5575122,6.6829291,6.54855385,6.63813735,6.5575122,29624085,218780886.04,0.1009,1,1.2295,0
2023-05-30,sh.600000,6.6470957,6.6650124,6.5395955,6.60230395,6.63813735,26942819,198416676.49,0.0918,1,-0.5398,0
2023-05-31,sh.600000,6.60230395,6.60230395,6.53063715,6.58438725,6.60230395,26569353,194680268.75,0.0905,1,-0.2714,0
2023-06-01,sh.600000,6.56647055,6.58438725,6.5037621,6.5216788,6.58438725,30606250,223217358.23,0.1043,1,-0.9524,0
2023-06-02,sh.600000,6.53063715,6.5933456,6.53063715,6.58438725,6.5216788,20697156,151681592.4,0.0705,1,0.9615,0
2023-06-05,sh.600000,6.58438725,6.65605405,6.54855385,6.63813735,6.58438725,21286683,157069298.74,0.0725,1,0.8163,0
2023-06-06,sh.600000,6.63813735,6.74563755,6.5933456,6.6112623,6.63813735,33736363,251262503.62,0.1149,1,-0.4049,0
2023-06-07,sh.600000,6.629179,6.7187625,6.629179,6.6829291,6.6112623,21593403,161137015.02,0.0736,1,1.084,0
2023-06-08,sh.600000,6.70980415,6.79938765,6.65605405,6.78147095,6.6829291,27634633,207840752.31,0.0941,1,1.4745,0
2023-06-09,sh.600000,6.78147095,6.808346,6.74563755,6.7725126,6.78147095,22288077,168547960.99,0.0759,1,-0.1321,0
2023-06-12,sh.600000,6.7545959,6.7545959,6.65605405,6.65605405,6.7725126,20300133,151516728.31,0.0692,1,-1.7196,0
2023-06-13,sh.600000,6.65605405,6.7008458,6.629179,6.6829291,6.65605405,15724325,117086539.25,0.0536,1,0.4038,0
2023-06-14,sh.600000,6.7008458,6.72772085,6.629179,6.629179,6.6829291,17986091,134018713.59,0.0613,1,-0.8043,0
2023-06-15,sh.600000,6.65605405,6.70980415,6.62022065,6.67397075,6.629179,20936996,155705974.83,0.0713,1,0.6757,0
2023-06-16,sh.600000,6.67397075,6.69188745,6.62022065,6.65605405,6.67397075,26908579,199680699.18,0.0917,1,-0.2685,0
2023-06-19,sh.600000,6.63813735,6.6470957,6.5754289,6.5754289,6.65605405,17368652,128045971.2,0.0592,1,-1.2113,0
2023-06-20,sh.600000,6.5933456,6.60230395,6.53063715,6.53063715,6.5754289,20417397,149411204.48,0.0696,1,-0.6812,0
2023-06-21,sh.600000,6.53063715,6.60230395,6.51272045,6.51272045,6.53063715,20122147,147098242.39,0.0686,1,-0.2743,0
2023-06-26,sh.600000,6.51272045,6.5216788,6.3962619,6.4141786,6.51272045,34007942,244185921.46,0.1159,1,-1.5131,0
2023-06-27,sh.600000,6.40522025,6.47688705,6.3962619,6.44105365,6.4141786,18412655,132407800.99,0.0627,1,0.419,0
2023-06-28,sh.600000,6.450012,6.4679287,6.40522025,6.45897035,6.44105365,15806614,113547070.81,0.0539,1,0.2782,0
2023-06-29,sh.600000,6.45897035,6.49480375,6.4320953,6.4320953,6.45897035,21627405,155944843.4,0.0737,1,-0.4161,0
2023-06-30,sh.600000,6.42313695,6.51272045,6.42313695,6.4858454,6.4320953,19425283,140653932.21,0.0662,1,0.8357,0
2023-07-03,sh.600000,6.49480375,6.56647055,6.49480375,6.5575122,6.4858454,20873751,152174188.99,0.0711,1,1.105,0
2023-07-04,sh.600000,6.5395955,6.56647055,6.47688705,6.5216788,6.5575122,17447358,126841704.18,0.0594,1,-0.5464,0
2023-07-05,sh.600000,6.5037621,6.5216788,6.45897035,6.49480375,6.5216788,11396554,82596377.78,0.0388,1,-0.4121,0
2023-07-06,sh.600000,6.49480375,6.51272045,6.44105365,6.45897035,6.49480375,14827400,107119877.5,0.0505,1,-0.5517,0
2023-07-07,sh.600000,6.45897035,6.49480375,6.4320953,6.4679287,6.45897035,14748837,106398636.47,0.0502,1,0.1387,0
2023-07-10,sh.600000,6.4679287,6.49480375,6.450012,6.4679287,6.4679287,11410653,82406253.72,0.0389,1,0.0,0
2023-07-11,sh.600000,6.5037621,6.53063715,6.47688705,6.5216788,6.4679287,14074191,102272415.88,0.0479,1,0.831,0
2023-07-12,sh.600000,6.5216788,6.5575122,6.49480375,6.49480375,6.5216788,14414543,105021891.15,0.0491,1,-0.4121,0
2023-07-13,sh.600000,6.5395955,6.629179,6.51272045,6.629179,6.49480375,26925447,198390792.46,0.0917,1,2.069,0
2023-07-14,sh.600000,6.6470957,6.67397075,6.6112623,6.6650124,6.629179,19569658,145348729.76,0.0667,1,0.5405,0
2023-07-17,sh.600000,6.6650124,6.67397075,6.58438725,6.6470957,6.6650124,13992076,103339600.83,0.0477,1,-0.2688,0
2023-07-18,sh.600000,6.6470957,6.6470957,6.60230395,6.62022065,6.6470957,12026567,88895175.31,0.041,1,-0.4043,0
2023-07-19,sh.600000,6.5933456,6.65605405,6.5933456,6.63813735,6.62022065,18189577,134677036.16,0.062,1,0.2706,0
2023-07-20,sh.600000,6.65605405,6.7008458,6.629179,6.6470957,6.63813735,26686817,198503271.4,0.0909,1,0.135,0
2023-07-21,sh.600000,6.6470981,6.69390865,6.61901177,6.66582232,6.6470981,27661416,196813979.24,0.0942,1,0.2817,0
2023-07-24,sh.600000,6.62837388,6.70327076,6.61901177,6.67518443,6.66582232,25840210,184072421.96,0.088,1,0.1404,0
2023-07-25,sh.600000,6.72199498,6.82497819,6.71263287,6.80625397,6.67518443,31444763,227784692.42,0.1071,1,1.9635,0
2023-07-26,sh.600000,6.81561608,6.87178874,6.79689186,6.82497819,6.80625397,22818033,166416269.27,0.0777,1,0.2751,0
2023-07-27,sh.600000,6.86242663,6.9279614,6.82497819,6.89987507,6.82497819,26198753,193006451.05,0.0893,1,1.0974,0
2023-07-28,sh.600000,6.86242663,7.04030672,6.86242663,7.0215825,6.89987507,46528827,347454786.77,0.1585,1,1.7639,0
2023-07-31,sh.600000,7.06839305,7.15265204,7.04030672,7.1152036,7.0215825,52804227,400087142.64,0.1799,1,1.3333,0
2023-08-01,sh.600000,7.09647938,7.14328993,7.05903094,7.1152036,7.1152036,30934266,234625800.22,0.1054,1,0.0,0
2023-08-02,sh.600000,7.07775516,7.10584149,6.95604773,7.00285828,7.1152036,42654533,319717234.73,0.1453,1,-1.5789,0
2023-08-03,sh.600000,7.04030672,7.09647938,6.96540984,7.07775516,7.00285828,29329503,220449825.24,0.0999,1,1.0695,0
2023-08-04,sh.600000,7.10584149,7.16201415,7.05903094,7.09647938,7.07775516,34256817,260297665.13,0.1167,1,0.2646,0
2023-08-07,sh.600000,7.08711727,7.08711727,7.01222039,7.04030672,7.09647938,26012874,195449522.26,0.0886,1,-0.7916,0
2023-08-08,sh.600000,6.99349617,7.06839305,6.95604773,7.04030672,7.04030672,27001247,202344903.27,0.092,1,0.0,0
2023-08-09,sh.600000,7.0215825,7.06839305,6.99349617,7.06839305,7.04030672,17792571,133937331.63,0.0606,1,0.3989,0
2023-08-10,sh.600000,6.97477195,6.98413406,6.88115085,6.94668562,7.06839305,52865300,391107893.93,0.1801,1,-1.7219,0
2023-08-11,sh.600000,6.96540984,6.96540984,6.76880553,6.76880553,6.94668562,37051127,270665760.63,0.1262,1,-2.5606,0
2023-08-14,sh.600000,6.72199498,6.7407192,6.60028755,6.6470981,6.76880553,44245535,315007728.13,0.1507,1,-1.7981,0
2023-08-15,sh.600000,6.66582232,6.73135709,6.63773599,6.71263287,6.6470981,31218657,222582865.62,0.1064,1,0.9859,0
2023-08-16,sh.600000,6.69390865,6.73135709,6.66582232,6.68454654,6.71263287,22953985,163923268.64,0.0782,1,-0.4184,0
2023-08-17,sh.600000,6.67518443,6.68454654,6.60028755,6.6470981,6.68454654,37202484,263598981.08,0.1267,1,-0.5602,0
2023-08-18,sh.600000,6.6470981,6.71263287,6.61901177,6.61901177,6.6470981,28150555,200372018.68,0.0959,1,-0.4225,0
2023-08-21,sh.600000,6.60964966,6.65646021,6.51602856,6.51602856,6.61901177,42517681,298419531.44,0.1449,1,-1.5559,0
2023-08-22,sh.600000,6.53475278,6.59092544,6.52539067,6.56283911,6.51602856,32939985,230491370.31,0.1122,1,0.7184,0
2023-08-23,sh.600000,6.56283911,6.63773599,6.53475278,6.57220122,6.56283911,30151367,212210300.34,0.1027,1,0.1427,0
2023-08-24,sh.600000,6.58156333,6.60964966,6.53475278,6.54411489,6.57220122,24604979,172413193.49,0.0838,1,-0.4274,0
2023-08-25,sh.600000,6.54411489,6.63773599,6.52539067,6.60028755,6.54411489,24703830,174021380.63,0.0842,1,0.8584,0
2023-08-28,sh.600000,6.8343403,6.85306452,6.66582232,6.69390865,6.60028755,66648091,480922455.87,0.2271,1,1.4184,0
2023-08-29,sh.600000,6.7407192,6.7407192,6.58156333,6.61901177,6.69390865,50437460,357554835.41,0.1718,1,-1.1189,0
2023-08-30,sh.600000,6.6470981,6.6470981,6.56283911,6.58156333,6.61901177,28718303,202072785.18,0.0978,1,-0.5658,0
2023-08-31,sh.600000,6.58156333,6.63773599,6.53475278,6.53475278,6.58156333,32933152,231268204.86,0.1122,1,-0.7112,0
2023-09-01,sh.600000,6.54411489,6.59092544,6.54411489,6.56283911,6.53475278,21792955,152752421.82,0.0742,1,0.4298,0
2023-09-04,sh.600000,6.60964966,6.68454654,6.58156333,6.65646021,6.56283911,36814307,261369413.48,0.1254,1,1.4265,0
2023-09-05,sh.600000,6.6470981,6.66582232,6.58156333,6.59092544,6.65646021,22326770,157581031.86,0.0761,1,-0.9845,0
2023-09-06,sh.600000,6.57220122,6.63773599,6.57220122,6.63773599,6.59092544,16736457,118026826.23,0.057,1,0.7102,0
2023-09-07,sh.600000,6.63773599,6.6470981,6.57220122,6.59092544,6.63773599,20271873,143062805.76,0.0691,1,-0.7052,0
2023-09-08,sh.600000,6.58156333,6.60028755,6.553477,6.553477,6.59092544,18416554,129109493.57,0.0627,1,-0.5682,0
2023-09-11,sh.600000,6.57220122,6.63773599,6.553477,6.59092544,6.553477,24884950,175285112.31,0.0848,1,0.5714,0
2023-09-12,sh.600000,6.58156333,6.61901177,6.58156333,6.60964966,6.59092544,20976211,147913331.92,0.0715,1,0.2841,0
2023-09-13,sh.600000,6.63773599,6.6470981,6.59092544,6.60028755,6.60964966,20049817,141654379.56,0.0683,1,-0.1416,0
2023-09-14,sh.600000,6.62837388,6.66582232,6.60964966,6.65646021,6.60028755,35579855,252575927.9,0.1212,1,0.8511,0
2023-09-15,sh.600000,6.66582232,6.70327076,6.61901177,6.66582232,6.65646021,34081942,242512745.14,0.1161,1,0.1406,0
2023-09-18,sh.600000,6.63773599,6.6470981,6.58156333,6.61901177,6.66582232,22282093,157407866.81,0.0759,1,-0.7022,0
2023-09-19,sh.600000,6.62837388,6.67518443,6.60028755,6.67518443,6.61901177,28234575,200455770.63,0.0962,1,0.8487,0
2023-09-20,sh.600000,6.66582232,6.69390865,6.62837388,6.67518443,6.67518443,16303047,116256770.93,0.0555,1,0.0,0
2023-09-21,sh.600000,6.67518443,6.71263287,6.63773599,6.6470981,6.67518443,27306965,194557948.33,0.093,1,-0.4208,0
2023-09-22,sh.600000,6.6470981,6.72199498,6.61901177,6.72199498,6.6470981,32181271,229743638.46,0.1096,1,1.1268,0
2023-09-25,sh.600000,6.72199498,6.7407192,6.67518443,6.70327076,6.72199498,30717443,220116848.48,0.1047,1,-0.2786,0
2023-09-26,sh.600000,6.71263287,6.73135709,6.66582232,6.69390865,6.70327076,21886050,156520401.91,0.0746,1,-0.1397,0
2023-09-27,sh.600000,6.73135709,6.73135709,6.65646021,6.67518443,6.69390865,32067290,229044782.91,0.1093,1,-0.2797,0
2023-09-28,sh.600000,6.69390865,6.71263287,6.6470981,6.6470981,6.67518443,22435320,159899371.92,0.0764,1,-0.4208,0
2023-10-09,sh.600000,6.62837388,6.62837388,6.553477,6.58156333,6.6470981,27763130,195214392.39,0.0946,1,-0.9859,0
2023-10-10,sh.600000,6.67518443,6.68454654,6.56283911,6.56283911,6.58156333,24095561,169856240.67,0.0821,1,-0.2845,0
2023-10-11,sh.600000,6.60964966,6.62837388,6.56283911,6.57220122,6.56283911,24057412,169371363.46,0.082,1,0.1427,0
2023-10-12,sh.600000,6.63773599,6.71263287,6.60964966,6.68454654,6.57220122,36346964,259223143.18,0.1238,1,1.7094,0
2023-10-13,sh.600000,6.65646021,6.69390865,6.62837388,6.6470981,6.68454654,19650410,139771981.93,0.0669,1,-0.5602,0
2023-10-16,sh.600000,6.66582232,6.67518443,6.59092544,6.61901177,6.6470981,24907733,176097574.11,0.0849,1,-0.4225,0
2023-10-17,sh.600000,6.63773599,6.6470981,6.60028755,6.63773599,6.61901177,19029143,134630097.48,0.0648,1,0.2829,0
2023-10-18,sh.600000,6.61901177,6.65646021,6.60028755,6.60028755,6.63773599,21485721,152063023.64,0.0732,1,-0.5642,0
2023-10-19,sh.600000,6.59092544,6.60028755,6.39432113,6.40368324,6.60028755,61679771,425956887.36,0.2101,1,-2.9787,0
2023-10-20,sh.600000,6.37559691,6.48794223,6.3662348,6.43176957,6.40368324,31067950,213203780.58,0.1058,1,0.4386,0
2023-10-23,sh.600000,6.43176957,6.45049379,6.3662348,6.39432113,6.43176957,23824321,163199041.16,0.0812,1,-0.5822,0
2023-10-24,sh.600000,6.41304535,6.42240746,6.37559691,6.38495902,6.39432113,28129297,192108544.11,0.0958,1,-0.1464,0
2023-10-25,sh.600000,6.42240746,6.48794223,6.39432113,6.48794223,6.38495902,26841192,184734449.61,0.0914,1,1.6129,0
2023-10-26,sh.600000,6.48794223,6.57220122,6.45049379,6.51602856,6.48794223,24739484,172369037.77,0.0843,1,0.4329,0
2023-10-27,sh.600000,6.51602856,6.57220122,6.49730434,6.54411489,6.51602856,19465758,136008279.63,0.0663,1,0.431,0
2023-10-30,sh.600000,6.42240746,6.45049379,6.33814847,6.3662348,6.54411489,52388866,357184227.0,0.1785,1,-2.7182,0
2023-10-31,sh.600000,6.35687269,6.40368324,6.34751058,6.38495902,6.3662348,26173217,178254033.89,0.0892,1,0.2941,0
2023-11-01,sh.600000,6.39432113,6.44113168,6.3662348,6.42240746,6.38495902,28272210,193451603.11,0.0963,1,0.5865,0
2023-11-02,sh.600000,6.4598559,6.50666645,6.42240746,6.49730434,6.42240746,24611088,170407885.62,0.0838,1,1.1662,0
2023-11-03,sh.600000,6.49730434,6.50666645,6.45049379,6.45049379,6.49730434,22202536,153480943.05,0.0756,1,-0.7205,0
2023-11-06,sh.600000,6.45049379,6.51602856,6.45049379,6.49730434,6.45049379,19432835,134702056.9,0.0662,1,0.7257,0
2023-11-07,sh.600000,6.47858012,6.49730434,6.45049379,6.46921801,6.49730434,15913010,110004329.39,0.0542,1,-0.4323,0
2023-11-08,sh.600000,6.4598559,6.47858012,6.43176957,6.4598559,6.46921801,17761233,122454641.59,0.0605,1,-0.1447,0
2023-11-09,sh.600000,6.4598559,6.51602856,6.44113168,6.48794223,6.4598559,21910350,151983647.33,0.0746,1,0.4348,0
2023-11-10,sh.600000,6.46921801,6.51602856,6.42240746,6.44113168,6.48794223,20458993,141085870.4,0.0697,1,-0.7215,0
2023-11-13,sh.600000,6.44113168,6.4598559,6.38495902,6.44113168,6.44113168,14168068,97098284.78,0.0483,1,0.0,0
2023-11-14,sh.600000,6.43176957,6.46921801,6.43176957,6.44113168,6.44113168,13777480,94936059.64,0.0469,1,0.0,0
2023-11-15,sh.600000,6.48794223,6.54411489,6.46921801,6.51602856,6.44113168,24340030,169286980.73,0.0829,1,1.1628,0
2023-11-16,sh.600000,6.52539067,6.53475278,6.47858012,6.48794223,6.51602856,14412881,100069369.46,0.0491,1,-0.431,0
2023-11-17,sh.600000,6.49730434,6.49730434,6.41304535,6.42240746,6.48794223,20775396,142782027.68,0.0708,1,-1.0101,0
2023-11-20,sh.600000,6.44113168,6.47858012,6.39432113,6.46921801,6.42240746,18326582,126204997.11,0.0624,1,0.7289,0
2023-11-21,sh.600000,6.49730434,6.553477,6.47858012,6.51602856,6.46921801,29684278,206909185.04,0.1011,1,0.7236,0
2023-11-22,sh.600000,6.52539067,6.54411489,6.49730434,6.49730434,6.51602856,17540802,122178498.11,0.0598,1,-0.2874,0
2023-11-23,sh.600000,6.48794223,6.51602856,6.45049379,6.48794223,6.49730434,15742059,108872443.58,0.0536,1,-0.1441,0
2023-11-24,sh.600000,6.48794223,6.53475278,6.47858012,6.50666645,6.48794223,20165282,140204488.66,0.0687,1,0.2886,0
2023-11-27,sh.600000,6.51602856,6.52539067,6.42240746,6.4598559,6.50666645,23107698,159319644.96,0.0787,1,-0.7194,0
2023-11-28,sh.600000,6.47858012,6.47858012,6.42240746,6.43176957,6.4598559,18249280,125495682.6,0.0622,1,-0.4348,0
2023-11-29,sh.600000,6.44113168,6.44113168,6.3662348,6.38495902,6.43176957,28416567,193955098.34,0.0968,1,-0.7278,0
2023-11-30,sh.600000,6.38495902,6.45049379,6.38495902,6.41304535,6.38495902,31711200,217508581.9,0.108,1,0.4399,0
2023-12-01,sh.600000,6.41304535,6.4598559,6.38495902,6.41304535,6.41304535,28946191,198723791.1,0.0986,1,0.0,0
2023-12-04,sh.600000,6.42240746,6.43176957,6.37559691,6.37559691,6.41304535,18858701,128887073.76,0.0642,1,-0.5839,0
2023-12-05,sh.600000,6.38495902,6.38495902,6.26325159,6.28197581,6.37559691,34604936,233696141.36,0.1179,1,-1.4684,0
2023-12-06,sh.600000,6.2726137,6.28197581,6.18835471,6.18835471,6.28197581,39833177,264013330.62,0.1357,1,-1.4903,0
2023-12-07,sh.600000,6.18835471,6.21644104,6.11345783,6.18835471,6.18835471,30541661,201249908.84,0.1041,1,0.0,0
2023-12-08,sh.600000,6.1789926,6.25388948,6.16026838,6.24452737,6.18835471,29519687,196385671.98,0.1006,1,0.9077,0
2023-12-11,sh.600000,6.21644104,6.29133792,6.11345783,6.29133792,6.24452737,33616409,222209869.25,0.1145,1,0.7496,0
2023-12-12,sh.600000,6.25388948,6.30070003,6.21644104,6.28197581,6.29133792,17003582,113954197.73,0.0579,1,-0.1488,0
2023-12-13,sh.600000,6.2726137,6.31942425,6.24452737,6.28197581,6.28197581,28683394,192579846.33,0.0977,1,0.0,0
2023-12-14,sh.600000,6.2726137,6.29133792,6.20707893,6.21644104,6.28197581,19863107,132441280.68,0.0677,1,-1.0432,0
2023-12-15,sh.600000,6.23516526,6.2726137,6.15090627,6.15090627,6.21644104,33702985,223425091.65,0.1148,1,-1.0542,0
2023-12-18,sh.600000,6.15090627,6.18835471,6.09473361,6.16026838,6.15090627,27523762,180979296.54,0.0938,1,0.1522,0
2023-12-19,sh.600000,6.16026838,6.16963049,6.11345783,6.14154416,6.16026838,18988512,124564888.18,0.0647,1,-0.304,0
2023-12-20,sh.600000,6.16026838,6.19771682,6.11345783,6.11345783,6.14154416,19369874,127359291.18,0.066,1,-0.4573,0
2023-12-21,sh.600000,6.10409572,6.16963049,6.07600939,6.15090627,6.11345783,28140927,184156559.89,0.0959,1,0.6126,0
2023-12-22,sh.600000,6.15090627,6.18835471,6.11345783,6.16026838,6.15090627,23589282,155129803.22,0.0804,1,0.1522,0
2023-12-25,sh.600000,6.14154416,6.18835471,6.13218205,6.16026838,6.16026838,12904349,84908527.84,0.044,1,0.0,0
2023-12-26,sh.600000,6.15090627,6.1789926,6.12281994,6.14154416,6.16026838,11934542,78321375.74,0.0407,1,-0.304,0
2023-12-27,sh.600000,6.14154416,6.18835471,6.09473361,6.1789926,6.14154416,18422704,120867594.46,0.0628,1,0.6098,0
2023-12-28,sh.600000,6.1789926,6.26325159,6.16963049,6.25388948,6.1789926,34802733,231691607.7,0.1186,1,1.2121,0
2023-12-29,sh.600000,6.23516526,6.2726137,6.18835471,6.19771682,6.25388948,33801429,224306296.9,0.1152,1,-0.8982,0
2024-01-02,sh.600000,6.20707893,6.22580315,6.1789926,6.1789926,6.19771682,22066700,146066303.72,0.0752,1,-0.3021,0
2024-01-03,sh.600000,6.16963049,6.22580315,6.16963049,6.21644104,6.1789926,18203654,120639706.01,0.062,1,0.6061,0
2024-01-04,sh.600000,6.21644104,6.24452737,6.13218205,6.19771682,6.21644104,28885978,190580609.99,0.0984,1,-0.3012,0
2024-01-05,sh.600000,6.1789926,6.32878636,6.16963049,6.25388948,6.19771682,44421387,296976885.79,0.1513,1,0.9063,0
2024-01-08,sh.600000,6.25388948,6.28197581,6.14154416,6.16963049,6.25388948,37520337,247977824.98,0.1278,1,-1.3473,0
2024-01-09,sh.600000,6.1789926,6.21644104,6.12281994,6.18835471,6.16963049,30741897,202647645.73,0.1047,1,0.3035,0
2024-01-10,sh.600000,6.18835471,6.20707893,6.15090627,6.15090627,6.18835471,22240946,146695926.3,0.0758,1,-0.6051,0
2024-01-11,sh.600000,6.14154416,6.16963049,6.10409572,6.11345783,6.15090627,35914708,235312057.56,0.1224,1,-0.6088,0
2024-01-12,sh.600000,6.10409572,6.14154416,6.0853715,6.0853715,6.11345783,34624053,225743841.46,0.118,1,-0.4594,0
2024-01-15,sh.600000,6.0853715,6.12281994,6.05728517,6.09473361,6.0853715,28694155,186476697.92,0.0978,1,0.1538,0
2024-01-16,sh.600000,6.07600939,6.1789926,6.07600939,6.16963049,6.09473361,53186496,348808283.05,0.1812,1,1.2289,0
2024-01-17,sh.600000,6.16026838,6.19771682,6.10409572,6.11345783,6.16963049,48249869,316982892.41,0.1644,1,-0.9105,0
2024-01-18,sh.600000,6.11345783,6.16026838,5.95430196,6.14154416,6.11345783,73994422,477803910.09,0.2521,1,0.4594,0
2024-01-19,sh.600000,6.10409572,6.19771682,6.05728517,6.16963049,6.14154416,57640079,378165074.88,0.1964,1,0.4573,0
2024-01-22,sh.600000,6.16026838,6.24452737,6.11345783,6.16963049,6.16963049,67173480,445086464.92,0.2289,1,0.0,0
2024-01-23,sh.600000,6.16026838,6.22580315,6.0853715,6.19771682,6.16963049,33298531,218923249.13,0.1134,1,0.4552,0
2024-01-24,sh.600000,6.21644104,6.30070003,6.1789926,6.28197581,6.19771682,53746498,358343156.55,0.1831,1,1.3595,0
2024-01-25,sh.600000,6.30070003,6.3662348,6.2726137,6.33814847,6.28197581,50256871,339203853.25,0.1712,1,0.8942,0
2024-01-26,sh.600000,6.34751058,6.46921801,6.31942425,6.43176957,6.33814847,70997933,485347720.86,0.2419,1,1.4771,0
2024-01-29,sh.600000,6.42240746,6.52539067,6.41304535,6.4598559,6.43176957,55269921,381908899.02,0.1883,1,0.4367,0
2024-01-30,sh.600000,6.4598559,6.50666645,6.38495902,6.39432113,6.4598559,40737046,280193765.6,0.1388,1,-1.0145,0
2024-01-31,sh.600000,6.37559691,6.44113168,6.31006214,6.39432113,6.39432113,45661999,311141441.37,0.1556,1,0.0,0
2024-02-01,sh.600000,6.39432113,6.44113168,6.34751058,6.3662348,6.39432113,44252421,302115559.82,0.1508,1,-0.4392,0
2024-02-02,sh.600000,6.38495902,6.47858012,6.29133792,6.40368324,6.3662348,59482913,407459709.56,0.2027,1,0.5882,0
2024-02-05,sh.600000,6.40368324,6.47858012,6.32878636,6.45049379,6.40368324,82713695,566786780.1,0.2818,1,0.731,0
2024-02-06,sh.600000,6.45049379,6.553477,6.42240746,6.553477,6.45049379,71683218,498307470.73,0.2442,1,1.5965,0
2024-02-07,sh.600000,6.57220122,6.58156333,6.41304535,6.49730434,6.553477,83731296,580014440.67,0.2853,1,-0.8571,0
2024-02-08,sh.600000,6.50666645,6.52539067,6.38495902,6.51602856,6.49730434,67164744,463209887.72,0.2288,1,0.2882,0
2024-02-19,sh.600000,6.53475278,6.67518443,6.50666645,6.66582232,6.51602856,57869788,407648425.03,0.1972,1,2.2989,0
2024-02-20,sh.600000,6.67518443,6.69390865,6.60964966,6.6470981,6.66582232,32408954,230505757.0,0.1104,1,-0.2809,0
2024-02-21,sh.600000,6.65646021,6.85306452,6.63773599,6.77816764,6.6470981,58809554,426038720.01,0.2004,1,1.9718,0
2024-02-22,sh.600000,6.77816764,6.80625397,6.72199498,6.75008131,6.77816764,33665209,242967428.02,0.1147,1,-0.4144,0
2024-02-23,sh.600000,6.75008131,6.86242663,6.7407192,6.81561608,6.75008131,37939600,276331223.8,0.1293,1,0.9709,0
2024-02-26,sh.600000,6.79689186,6.81561608,6.63773599,6.6470981,6.81561608,42483070,304097863.96,0.1447,1,-2.4725,0
2024-02-27,sh.600000,6.61901177,6.69390865,6.60964966,6.68454654,6.6470981,24862246,176742731.7,0.0847,1,0.5634,0
2024-02-28,sh.600000,6.66582232,6.70327076,6.62837388,6.6470981,6.68454654,35826714,255229185.7,0.1221,1,-0.5602,0
2024-02-29,sh.600000,6.65646021,6.71263287,6.63773599,6.69390865,6.6470981,34288217,244498953.23,0.1168,1,0.7042,0
2024-03-01,sh.600000,6.67518443,6.70327076,6.6470981,6.65646021,6.69390865,29431801,209474047.73,0.1003,1,-0.5594,0
2024-03-04,sh.600000,6.66582232,6.66582232,6.60028755,6.61901177,6.65646021,27855963,197157049.95,0.0949,1,-0.5626,0
2024-03-05,sh.600000,6.60028755,6.72199498,6.59092544,6.70327076,6.61901177,41756232,297676104.18,0.1423,1,1.273,0
2024-03-06,sh.600000,6.71263287,6.75944342,6.66582232,6.66582232,6.70327076,25918749,185847810.33,0.0883,1,-0.5587,0
2024-03-07,sh.600000,6.66582232,6.7407192,6.65646021,6.68454654,6.66582232,24690348,176664368.68,0.0841,1,0.2809,0
2024-03-08,sh.600000,6.66582232,6.71263287,6.65646021,6.66582232,6.68454654,19861794,141724066.3,0.0677,1,-0.2801,0
2024-03-11,sh.600000,6.67518443,6.71263287,6.60964966,6.65646021,6.66582232,26195498,185957986.47,0.0892,1,-0.1404,0
2024-03-12,sh.600000,6.65646021,6.69390865,6.62837388,6.6470981,6.65646021,29030476,206425806.43,0.0989,1,-0.1406,0
2024-03-13,sh.600000,6.66582232,6.66582232,6.58156333,6.59092544,6.6470981,25948461,183084895.29,0.0884,1,-0.8451,0
2024-03-14,sh.600000,6.59092544,6.63773599,6.58156333,6.59092544,6.59092544,18703556,131973016.08,0.0637,1,0.0,0
2024-03-15,sh.600000,6.59092544,6.63773599,6.58156333,6.63773599,6.59092544,29599544,208970012.26,0.1008,1,0.7102,0
2024-03-18,sh.600000,6.60964966,6.67518443,6.60964966,6.63773599,6.63773599,26558472,188382260.48,0.0905,1,0.0,0
2024-03-19,sh.600000,6.62837388,6.62837388,6.56283911,6.56283911,6.63773599,22848715,160809197.78,0.0778,1,-1.1283,0
2024-03-20,sh.600000,6.56283911,6.60964966,6.53475278,6.58156333,6.56283911,19542993,137292231.62,0.0666,1,0.2853,0
2024-03-21,sh.600000,6.60964966,6.67518443,6.58156333,6.6470981,6.58156333,41924870,297257990.39,0.1428,1,0.9957,0
2024-03-22,sh.600000,6.62837388,6.66582232,6.51602856,6.59092544,6.6470981,35960453,252638801.75,0.1225,1,-0.8451,0
2024-03-25,sh.600000,6.60964966,6.63773599,6.56283911,6.60964966,6.59092544,24439536,172644826.72,0.0833,1,0.2841,0
2024-03-26,sh.600000,6.63773599,6.69390865,6.61901177,6.69390865,6.60964966,35111522,250044910.26,0.1196,1,1.2748,0
2024-03-27,sh.600000,6.68454654,6.76880553,6.65646021,6.71263287,6.69390865,41943066,301380699.61,0.1429,1,0.2797,0
2024-03-28,sh.600000,6.73135709,6.7407192,6.65646021,6.71263287,6.71263287,34535966,246970623.06,0.1177,1,0.0,0
2024-03-29,sh.600000,6.67518443,6.73135709,6.65646021,6.67518443,6.71263287,18138885,129562450.79,0.0618,1,-0.5579,0
2024-04-01,sh.600000,6.69390865,6.77816764,6.68454654,6.76880553,6.67518443,36028832,259657243.84,0.1227,1,1.4025,0
2024-04-02,sh.600000,6.77816764,6.84370241,6.75944342,6.80625397,6.76880553,35095170,255236209.73,0.1196,1,0.5533,0
2024-04-03,sh.600000,6.76880553,6.81561608,6.73135709,6.76880553,6.80625397,25254107,182860243.77,0.086,1,-0.5502,0
2024-04-08,sh.600000,6.76880553,6.85306452,6.73135709,6.81561608,6.76880553,32764493,238582732.19,0.1116,1,0.6916,0
2024-04-09,sh.600000,6.82497819,6.85306452,6.78752975,6.79689186,6.81561608,20335543,147972234.27,0.0693,1,-0.2747,0
2024-04-10,sh.600000,6.79689186,6.86242663,6.76880553,6.80625397,6.79689186,22436726,163551937.26,0.0764,1,0.1377,0
2024-04-11,sh.600000,6.76880553,6.81561608,6.73135709,6.77816764,6.80625397,25364241,183441391.9,0.0864,1,-0.4127,0
2024-04-12,sh.600000,6.7407192,6.79689186,6.66582232,6.67518443,6.77816764,32809731,235493709.56,0.1118,1,-1.5193,0
2024-04-15,sh.600000,6.66582232,6.8343403,6.66582232,6.8343403,6.67518443,48310304,350007625.51,0.1646,1,2.3843,0
2024-04-16,sh.600000,6.78752975,6.85306452,6.75008131,6.79689186,6.8343403,40203325,292494125.51,0.137,1,-0.5479,0
2024-04-17,sh.600000,6.79689186,6.88115085,6.72199498,6.87178874,6.79689186,43151857,314102077.41,0.147,1,1.1019,0
2024-04-18,sh.600000,6.87178874,6.98413406,6.84370241,6.86242663,6.87178874,46822476,345482145.75,0.1595,1,-0.1362,0
2024-04-19,sh.600000,6.85306452,6.9279614,6.79689186,6.87178874,6.86242663,38004160,278975860.17,0.1295,1,0.1364,0
2024-04-22,sh.600000,6.89051296,6.95604773,6.81561608,6.82497819,6.87178874,32694690,240124243.63,0.1114,1,-0.6812,0
2024-04-23,sh.600000,6.85306452,6.9279614,6.78752975,6.87178874,6.82497819,44055644,323208600.36,0.1501,1,0.6859,0
2024-04-24,sh.600000,6.90923718,6.9279614,6.8343403,6.89051296,6.87178874,24758859,181997245.48,0.0844,1,0.2725,0
2024-04-25,sh.600000,6.86242663,6.94668562,6.84370241,6.93732351,6.89051296,24676934,182019255.18,0.0841,1,0.6793,0
2024-04-26,sh.600000,6.93732351,7.00285828,6.88115085,6.94668562,6.93732351,45846571,339924206.16,0.1562,1,0.135,0
2024-04-29,sh.600000,6.91859929,7.04030672,6.8343403,6.94668562,6.94668562,39317757,292685761.37,0.134,1,0.0,0
2024-04-30,sh.600000,7.09647938,7.33989424,7.07775516,7.2088247,6.94668562,105472788,813284484.01,0.3593,1,3.7736,0
2024-05-06,sh.600000,7.32117002,7.38670479,7.25563525,7.34925635,7.2088247,85937325,673787209.32,0.2928,1,1.9481,0
2024-05-07,sh.600000,7.34925635,7.35861846,7.22754892,7.32117002,7.34925635,46269505,360376177.51,0.1576,1,-0.3822,0
2024-05-08,sh.600000,7.31180791,7.34925635,7.28372158,7.3024458,7.32117002,30377893,237540800.0,0.1035,1,-0.2558,0
2024-05-09,sh.600000,7.3024458,7.34925635,7.26499736,7.3024458,7.3024458,33942090,264867395.7,0.1156,1,0.0,0
2024-05-10,sh.600000,7.31180791,7.44287745,7.3024458,7.43351534,7.3024458,52211612,412342284.52,0.1779,1,1.7949,0
2024-05-13,sh.600000,7.42415323,7.47096378,7.36798057,7.45223956,7.43351534,40422120,320678360.75,0.1377,1,0.2519,0
2024-05-14,sh.600000,7.46160167,7.47096378,7.35861846,7.37734268,7.45223956,39843641,314999430.46,0.1357,1,-1.005,0
2024-05-15,sh.600000,7.3960669,7.42415323,7.33989424,7.38670479,7.37734268,31039103,244683418.47,0.1057,1,0.1269,0
2024-05-16,sh.600000,7.41479112,7.53649855,7.37734268,7.50841222,7.38670479,60658707,485813395.39,0.2067,1,1.6477,0
2024-05-17,sh.600000,7.52713644,7.63948176,7.489688,7.63948176,7.50841222,69438051,561342801.87,0.2366,1,1.7456,0
2024-05-20,sh.600000,7.6769302,7.81736185,7.63011965,7.78927552,7.63948176,88144991,731104374.2,0.3003,1,1.9608,0
2024-05-21,sh.600000,7.77991341,7.88289662,7.73310286,7.88289662,7.78927552,53146295,445171662.61,0.1811,1,1.2019,0
2024-05-22,sh.600000,7.87353451,8.07013882,7.84544818,7.98587983,7.88289662,71173213,605588075.6,0.2425,1,1.3064,0
2024-05-23,sh.600000,7.97651772,8.0514146,7.93906928,7.97651772,7.98587983,61212293,522802575.25,0.2085,1,-0.1172,0
2024-05-24,sh.600000,7.96715561,8.04205249,7.87353451,7.90162084,7.97651772,60740601,516406884.19,0.2069,1,-0.939,0
2024-05-27,sh.600000,7.91098295,8.01396616,7.89225873,7.99524194,7.90162084,52858689,449932564.3,0.1801,1,1.1848,0
2024-05-28,sh.600000,8.03269038,8.08886304,7.96715561,7.99524194,7.99524194,40047322,342904480.04,0.1364,1,0.0,0
2024-05-29,sh.600000,7.98587983,8.04205249,7.91098295,7.94843139,7.99524194,40802385,347290250.24,0.139,1,-0.5855,0
2024-05-30,sh.600000,7.92970717,8.00460405,7.82672396,7.8641724,7.94843139,56701595,479146210.62,0.1932,1,-1.0601,0
2024-05-31,sh.600000,7.91098295,7.91098295,7.77991341,7.80799974,7.8641724,53797304,449689001.84,0.1833,1,-0.7143,0
2024-06-03,sh.600000,7.7705513,7.79863763,7.66756809,7.75182708,7.80799974,60213694,496075055.52,0.2051,1,-0.7194,0
2024-06-04,sh.600000,7.75182708,7.80799974,7.70501653,7.78927552,7.75182708,39800453,330354916.28,0.1356,1,0.4831,0
2024-06-05,sh.600000,7.79863763,7.80799974,7.73310286,7.76118919,7.78927552,31295787,259659810.69,0.1066,1,-0.3606,0
2024-06-06,sh.600000,7.77991341,7.81736185,7.71437864,7.72374075,7.76118919,34149589,283171544.4,0.1163,1,-0.4825,0
2024-06-07,sh.600000,7.78927552,7.84544818,7.6769302,7.77991341,7.72374075,41451677,344132158.53,0.1412,1,0.7273,0
2024-06-11,sh.600000,7.80799974,7.82672396,7.59267121,7.63011965,7.77991341,41132394,337102414.53,0.1401,1,-1.9254,0
2024-06-12,sh.600000,7.63011965,7.64884387,7.52713644,7.59267121,7.63011965,38617741,312851350.98,0.1316,1,-0.4908,0
2024-06-13,sh.600000,7.5833091,7.6769302,7.57394699,7.61139543,7.59267121,40433704,329399974.32,0.1378,1,0.2466,0
2024-06-14,sh.600000,7.5833091,7.65820598,7.48032589,7.62075754,7.61139543,44463016,359834401.63,0.1515,1,0.123,0
2024-06-17,sh.600000,7.63011965,7.63948176,7.51777433,7.5833091,7.62075754,36278423,293415747.96,0.1236,1,-0.4914,0
2024-06-18,sh.600000,7.5833091,7.63011965,7.50841222,7.57394699,7.5833091,32876191,265920570.93,0.112,1,-0.1235,0
2024-06-19,sh.600000,7.5833091,7.73310286,7.57394699,7.69565442,7.57394699,40605109,332732412.3,0.1383,1,1.6069,0
2024-06-20,sh.600000,7.65820598,7.73310286,7.63011965,7.6769302,7.69565442,25662317,210632866.08,0.0874,1,-0.2433,0
2024-06-21,sh.600000,7.6769302,7.70501653,7.60203332,7.64884387,7.6769302,40011366,327124974.44,0.1363,1,-0.3659,0
2024-06-24,sh.600000,7.66756809,7.6769302,7.51777433,7.63011965,7.64884387,37046666,301011768.27,0.1262,1,-0.2448,0
2024-06-25,sh.600000,7.65820598,7.72374075,7.57394699,7.6769302,7.63011965,39818093,326580575.73,0.1357,1,0.6135,0
2024-06-26,sh.600000,7.6769302,7.70501653,7.61139543,7.68629231,7.6769302,33563736,274593634.75,0.1143,1,0.122,0
2024-06-27,sh.600000,7.68629231,7.7705513,7.61139543,7.69565442,7.68629231,44561528,366021815.96,0.1518,1,0.1218,0
2024-06-28,sh.600000,7.69565442,7.76118919,7.64884387,7.70501653,7.69565442,37799680,311360173.97,0.1288,1,0.1217,0
2024-07-01,sh.600000,7.69565442,7.7705513,7.6769302,7.75182708,7.70501653,28732962,237294502.06,0.0979,1,0.6075,0
2024-07-02,sh.600000,7.74246497,7.99524194,7.74246497,7.98587983,7.75182708,57345810,485897423.66,0.1954,1,3.0193,0
2024-07-03,sh.600000,7.98587983,8.0514146,7.93906928,7.98587983,7.98587983,46409668,396512668.35,0.1581,1,0.0,0
2024-07-04,sh.600000,8.04205249,8.07950093,7.93906928,7.9577935,7.98587983,44412066,379773335.1,0.1513,1,-0.3517,0
2024-07-05,sh.600000,7.99524194,8.00460405,7.76118919,7.80799974,7.9577935,51997018,436429580.84,0.1771,1,-1.8824,0
2024-07-08,sh.600000,7.80799974,7.94843139,7.73310286,7.89225873,7.80799974,45320796,381472461.18,0.1544,1,1.0791,0
2024-07-09,sh.600000,7.92970717,8.10758726,7.87353451,8.08886304,7.89225873,54534187,466546716.69,0.1858,1,2.4911,0
2024-07-10,sh.600000,8.08886304,8.16375992,8.0514146,8.13567359,8.08886304,40604560,352263035.89,0.1383,1,0.5787,0
2024-07-11,sh.600000,8.15439781,8.17312203,8.01396616,8.0514146,8.13567359,34946181,301339420.56,0.1191,1,-1.0357,0
2024-07-12,sh.600000,8.07950093,8.28546735,8.06077671,8.27610524,8.0514146,57267692,503070724.41,0.1951,1,2.7907,0
2024-07-15,sh.600000,8.26674313,8.34164001,8.2386568,8.31355368,8.27610524,46191487,409364219.89,0.1574,1,0.4525,0
2024-07-16,sh.600000,8.30419157,8.37908845,8.25738102,8.29482946,8.31355368,44680322,397093120.07,0.1522,1,-0.2252,0
2024-07-17,sh.600000,8.3322779,8.49143377,8.29482946,8.46334744,8.29482946,88119289,794489955.78,0.3002,1,2.0316,0
2024-07-18,sh.600000,8.49246125,8.52157826,8.35658187,8.51187259,8.46334424,66209504,575924982.46,0.2256,1,0.5734,0
2024-07-19,sh.600000,8.53128393,8.53128393,8.36628754,8.47304991,8.51187259,61941334,539610902.61,0.211,1,-0.4561,0
2024-07-22,sh.600000,8.45363857,8.47304991,8.26923084,8.32746486,8.47304991,63228917,543154122.47,0.2154,1,-1.7182,0
2024-07-23,sh.600000,8.36628754,8.43422723,8.33717053,8.33717053,8.32746486,41181512,356167715.47,0.1403,1,0.1166,0
2024-07-24,sh.600000,8.35658187,8.42452156,8.28864218,8.29834785,8.33717053,37551729,322441687.49,0.1279,1,-0.4657,0
2024-07-25,sh.600000,8.32746486,8.32746486,8.07511744,8.26923084,8.29834785,60156087,508007084.46,0.2049,1,-0.3509,0
2024-07-26,sh.600000,8.23040816,8.26923084,7.99747208,8.08482311,8.26923084,49358978,411165379.61,0.1682,1,-2.23,0
2024-07-29,sh.600000,8.08482311,8.31775919,8.0557061,8.27893651,8.08482311,46463848,395067012.53,0.1583,1,2.401,0
2024-07-30,sh.600000,8.28864218,8.28864218,8.11394012,8.14305713,8.27893651,40584273,341513549.63,0.1383,1,-1.6413,0
2024-07-31,sh.600000,8.20129115,8.21099682,8.10423445,8.1527628,8.14305713,43429641,365181480.29,0.148,1,0.1192,0
2024-08-01,sh.600000,8.1527628,8.35658187,8.09452878,8.31775919,8.1527628,54560150,464982609.9,0.1859,1,2.0238,0
2024-08-02,sh.600000,8.30805352,8.3468762,8.1527628,8.22070249,8.31775919,31361531,266363128.8,0.1068,1,-1.1669,0
2024-08-05,sh.600000,8.22070249,8.26923084,8.10423445,8.13335146,8.22070249,41178838,346404332.28,0.1403,1,-1.0626,0
2024-08-06,sh.600000,8.18187981,8.20129115,7.94894373,7.99747208,8.13335146,41604073,344150544.58,0.1417,1,-1.6706,0
2024-08-07,sh.600000,7.98776641,8.12364579,7.97806074,8.06541177,7.99747208,26542223,220186458.77,0.0904,1,0.8495,0
2024-08-08,sh.600000,8.11394012,8.20129115,8.04600043,8.13335146,8.06541177,27669055,231992004.28,0.0943,1,0.8424,0
2024-08-09,sh.600000,8.16246847,8.3468762,8.16246847,8.27893651,8.13335146,39120101,334119265.43,0.1333,1,1.79,0
2024-08-12,sh.600000,8.25952517,8.37599321,8.24011383,8.32746486,8.27893651,29249959,250903225.1,0.0997,1,0.5862,0
2024-08-13,sh.600000,8.30805352,8.41481589,8.28864218,8.33717053,8.32746486,27211550,234443968.65,0.0927,1,0.1166,0
2024-08-14,sh.600000,8.37599321,8.39540455,8.28864218,8.31775919,8.33717053,21145686,181445554.7,0.072,1,-0.2328,0
2024-08-15,sh.600000,8.25952517,8.49246125,8.25952517,8.48275558,8.31775919,45066216,392033450.45,0.1535,1,1.9837,0
2024-08-16,sh.600000,8.48275558,8.59922362,8.4439329,8.58951795,8.48275558,37566933,331065667.31,0.128,1,1.2586,0
2024-08-19,sh.600000,8.59922362,8.76422001,8.57981228,8.75451434,8.58951795,58937989,528390433.9,0.2008,1,1.9209,0
2024-08-20,sh.600000,8.74480867,8.80304269,8.61863496,8.64775197,8.75451434,50188819,449704844.32,0.171,1,-1.2195,0
2024-08-21,sh.600000,8.64775197,8.77392568,8.56040094,8.69628032,8.64775197,43628079,390145316.83,0.1486,1,0.5612,0
2024-08-22,sh.600000,8.69628032,8.80304269,8.66716331,8.74480867,8.69628032,36264260,327034942.74,0.1235,1,0.558,0
2024-08-23,sh.600000,8.74480867,8.77392568,8.6380463,8.735103,8.74480867,31698749,284739204.52,0.108,1,-0.111,0
2024-08-26,sh.600000,8.735103,8.735103,8.57010661,8.61863496,8.735103,51444628,457039668.65,0.1753,1,-1.3333,0
2024-08-27,sh.600000,8.60892929,8.67686898,8.56040094,8.61863496,8.61863496,30683375,272898055.66,0.1045,1,0.0,0
2024-08-28,sh.600000,8.65745764,8.66716331,8.50216692,8.56040094,8.61863496,32528523,287017717.61,0.1108,1,-0.6757,0
2024-08-29,sh.600000,8.56040094,8.57010661,8.27893651,8.29834785,8.56040094,50949648,438959413.74,0.1736,1,-3.0612,0
2024-08-30,sh.600000,8.28864218,8.36628754,8.13335146,8.18187981,8.29834785,68354443,579069797.09,0.2329,1,-1.4035,0
2024-09-02,sh.600000,8.12364579,8.2498195,8.10423445,8.14305713,8.18187981,42178596,355164736.19,0.1437,1,-0.4745,0
2024-09-03,sh.600000,8.13335146,8.18187981,7.9586494,8.00717775,8.14305713,41257157,340798501.87,0.1406,1,-1.6687,0
2024-09-04,sh.600000,8.04600043,8.12364579,7.98776641,8.07511744,8.00717775,34187190,284531822.39,0.1165,1,0.8485,0
2024-09-05,sh.600000,8.13335146,8.16246847,7.98776641,8.07511744,8.07511744,36176713,300240961.23,0.1233,1,0.0,0
2024-09-06,sh.600000,8.08482311,8.25952517,8.07511744,8.18187981,8.07511744,32293701,273118541.75,0.11,1,1.3221,0
2024-09-09,sh.600000,8.19158548,8.22070249,8.07511744,8.13335146,8.18187981,34290373,287989234.19,0.1168,1,-0.5931,0
2024-09-10,sh.600000,8.13335146,8.27893651,8.04600043,8.2498195,8.13335146,39694136,333986131.9,0.1352,1,1.432,0
2024-09-11,sh.600000,8.23040816,8.24011383,7.96835507,8.00717775,8.2498195,29395961,244556166.27,0.1001,1,-2.9412,0
2024-09-12,sh.600000,7.96835507,8.24011383,7.94894373,8.22070249,8.00717775,43128108,362723423.36,0.1469,1,2.6667,0
2024-09-13,sh.600000,8.2498195,8.25952517,8.07511744,8.10423445,8.22070249,28411141,238422068.62,0.0968,1,-1.4168,0
2024-09-18,sh.600000,8.10423445,8.20129115,8.01688342,8.07511744,8.10423445,20139428,167778133.39,0.0686,1,-0.3593,0
2024-09-19,sh.600000,8.12364579,8.27893651,8.0557061,8.26923084,8.07511744,39163824,330778713.85,0.1334,1,2.4038,0
2024-09-20,sh.600000,8.24011383,8.31775919,8.18187981,8.25952517,8.26923084,42872330,364859461.89,0.1461,1,-0.1174,0
2024-09-23,sh.600000,8.27893651,8.39540455,8.21099682,8.37599321,8.25952517,30023895,257517875.22,0.1023,1,1.4101,0
2024-09-24,sh.600000,8.49246125,8.82245403,8.40511022,8.82245403,8.37599321,89208035,795774265.47,0.3039,1,5.3302,0
2024-09-25,sh.600000,8.99715609,9.26891485,8.97774475,9.21068083,8.82245403,119063522,1125665675.41,0.4056,1,4.4004,0
2024-09-26,sh.600000,9.2203865,9.55037928,9.15244681,9.55037928,9.21068083,89839005,867160021.18,0.3061,1,3.6881,0
2024-09-27,sh.600000,9.69596433,9.78331536,9.3174432,9.57949629,9.55037928,57039467,560481160.69,0.1943,1,0.3049,0
2024-09-30,sh.600000,9.76390402,9.98713443,9.53096794,9.83184371,9.57949629,188375605,1892937391.66,0.6418,1,2.6342,0
2024-10-08,sh.600000,10.55976896,10.69564834,9.8997834,10.1909535,9.83184371,192133102,2037070000.57,0.6546,1,3.6525,0
2024-10-09,sh.600000,10.1909535,10.1909535,9.61831897,9.61831897,10.1909535,116072715,1183819439.61,0.3954,1,-5.619,0
2024-10-10,sh.600000,9.76390402,10.18124783,9.75419835,10.00654577,9.61831897,101639927,1044726818.6,0.3463,1,4.0363,0
2024-10-11,sh.600000,10.06477979,10.21036484,9.72508134,9.86096072,10.00654577,58937652,606557617.76,0.2008,1,-1.4549,0
2024-10-14,sh.600000,10.00654577,10.22977618,9.94831175,10.0938968,9.86096072,88307795,918408286.46,0.3009,1,2.3622,0
2024-10-15,sh.600000,10.14242515,10.22007051,9.94831175,9.94831175,10.0938968,62939733,654527534.49,0.2144,1,-1.4423,0
2024-10-16,sh.600000,9.85125505,10.15213082,9.85125505,10.03566278,9.94831175,52614974,545095953.24,0.1793,1,0.878,0
2024-10-17,sh.600000,10.03566278,10.17154216,9.91919474,9.91919474,10.03566278,45576672,471133860.4,0.1553,1,-1.1605,0
2024-10-18,sh.600000,9.88037206,10.02595711,9.72508134,9.85125505,9.91919474,62206282,633125532.25,0.2119,1,-0.6849,0
2024-10-21,sh.600000,9.88037206,9.91919474,9.65714165,9.86096072,9.85125505,64523034,651623310.11,0.2198,1,0.0985,0
2024-10-22,sh.600000,9.86096072,9.96772309,9.71537567,9.83184371,9.86096072,42803387,432235690.56,0.1458,1,-0.2953,0
2024-10-23,sh.600000,9.82213804,9.94831175,9.8027267,9.88037206,9.83184371,33566174,341483787.08,0.1144,1,0.4936,0
2024-10-24,sh.600000,9.82213804,9.94831175,9.82213804,9.84154938,9.88037206,24017341,244345561.68,0.0818,1,-0.3929,0
2024-10-25,sh.600000,9.84154938,9.8997834,9.77360969,9.78331536,9.84154938,28419908,287640630.89,0.0968,1,-0.5917,0
2024-10-28,sh.600000,9.8027267,9.8027267,9.65714165,9.76390402,9.78331536,31702745,317673595.06,0.108,1,-0.1984,0
2024-10-29,sh.600000,9.71537567,9.85125505,9.67655299,9.69596433,9.76390402,34069864,341853848.18,0.1161,1,-0.6958,0
2024-10-30,sh.600000,9.69596433,9.82213804,9.61831897,9.64743598,9.69596433,42037416,419434796.57,0.1432,1,-0.5005,0
2024-10-31,sh.600000,9.71537567,9.75419835,9.42420557,9.55037928,9.64743598,60021367,589919637.85,0.2045,1,-1.006,0
2024-11-01,sh.600000,9.56979062,9.70567,9.48243959,9.64743598,9.55037928,43939258,435757873.34,0.1497,1,1.0163,0
2024-11-04,sh.600000,9.67655299,9.70567,9.55037928,9.69596433,9.64743598,33773247,335231218.57,0.1151,1,0.503,0
2024-11-05,sh.600000,9.67655299,9.76390402,9.61831897,9.76390402,9.69596433,41474815,414411280.18,0.1413,1,0.7007,0
2024-11-06,sh.600000,9.74449268,9.84154938,9.6086133,9.65714165,9.76390402,74208723,740524750.76,0.2528,1,-1.0934,0
2024-11-07,sh.600000,9.64743598,9.97742876,9.62802464,9.97742876,9.65714165,64397191,650432795.74,0.2194,1,3.3166,0
2024-11-08,sh.600000,10.02595711,10.05507412,9.73478701,9.76390402,9.97742876,53764728,545876292.68,0.1832,1,-2.1401,0
2024-11-11,sh.600000,9.6086133,9.82213804,9.37567722,9.43391124,9.76390402,80000294,779227779.97,0.2726,1,-3.3797,0
2024-11-12,sh.600000,9.44361691,9.53096794,9.37567722,9.37567722,9.43391124,49682703,483318065.23,0.1693,1,-0.6173,0
2024-11-13,sh.600000,9.34656021,9.45332258,9.3174432,9.34656021,9.37567722,43872201,423812435.16,0.1495,1,-0.3106,0
2024-11-14,sh.600000,9.32714887,9.42420557,9.28832619,9.36597155,9.34656021,45451896,438914971.64,0.1549,1,0.2077,0
2024-11-15,sh.600000,9.32714887,9.4144999,9.2203865,9.25920918,9.36597155,48821231,469147894.39,0.1663,1,-1.1399,0
2024-11-18,sh.600000,9.36597155,9.8027267,9.35626588,9.54067361,9.25920918,100696552,999828599.13,0.3431,1,3.0398,0
2024-11-19,sh.600000,9.56008495,9.75419835,9.38538289,9.50185093,9.54067361,73998208,728900945.54,0.2521,1,-0.4069,0
2024-11-20,sh.600000,9.48243959,9.56008495,9.40479423,9.42420557,9.50185093,45465799,442364519.96,0.1549,1,-0.8172,0
2024-11-21,sh.600000,9.42420557,9.48243959,9.39508856,9.43391124,9.42420557,29612755,287464178.32,0.1009,1,0.103,0
2024-11-22,sh.600000,9.43391124,9.46302825,9.19126949,9.20097516,9.43391124,44359024,425677484.65,0.1511,1,-2.4691,0
2024-11-25,sh.600000,9.32714887,9.32714887,9.03597877,9.05539011,9.20097516,60921995,573140419.77,0.2076,1,-1.5823,0
2024-11-26,sh.600000,9.04568444,9.05539011,8.94862774,9.03597877,9.05539011,48983389,454616327.47,0.1669,1,-0.2144,0
2024-11-27,sh.600000,9.03597877,9.19126949,8.90980506,9.15244681,9.03597877,43007443,401498754.5,0.1465,1,1.2889,0
2024-11-28,sh.600000,9.21068083,9.25920918,9.05539011,9.16215248,9.15244681,39154733,370385580.07,0.1334,1,0.106,0
2024-11-29,sh.600000,9.23979784,9.32714887,9.15244681,9.18156382,9.16215248,46540742,443290384.71,0.1586,1,0.2119,0
2024-12-02,sh.600000,9.17185815,9.2203865,9.09421279,9.21068083,9.18156382,46604260,440070881.26,0.1588,1,0.3171,0
2024-12-03,sh.600000,9.18156382,9.36597155,9.13303547,9.36597155,9.21068083,41926355,400570470.59,0.1428,1,1.686,0
2024-12-04,sh.600000,9.36597155,9.49214526,9.26891485,9.46302825,9.36597155,51193385,496410994.99,0.1744,1,1.0363,0
2024-12-05,sh.600000,9.39508856,9.49214526,9.34656021,9.35626588,9.46302825,29173571,282719716.67,0.0994,1,-1.1282,0
2024-12-06,sh.600000,9.33685454,9.50185093,9.33685454,9.4144999,9.35626588,40629685,394516284.96,0.1384,1,0.6224,0
2024-12-09,sh.600000,9.36597155,9.46302825,9.34656021,9.37567722,9.4144999,32582928,315468553.61,0.111,1,-0.4124,0
2024-12-10,sh.600000,9.53096794,9.62802464,9.42420557,9.5115566,9.37567722,58338643,572248613.95,0.1988,1,1.4493,0
2024-12-11,sh.600000,9.5115566,9.55037928,9.33685454,9.34656021,9.5115566,48762796,472263000.42,0.1661,1,-1.7347,0
2024-12-12,sh.600000,9.36597155,9.53096794,9.30773753,9.53096794,9.34656021,49651526,482603362.16,0.1692,1,1.973,0
2024-12-13,sh.600000,9.47273392,9.5115566,9.3174432,9.37567722,9.53096794,67266875,652085646.98,0.2292,1,-1.6293,0
2024-12-16,sh.600000,9.33685454,9.46302825,9.33685454,9.35626588,9.37567722,34183618,331030756.31,0.1165,1,-0.207,0
2024-12-17,sh.600000,9.36597155,9.4144999,9.2203865,9.24950351,9.35626588,41185694,394758764.12,0.1403,1,-1.1411,0
2024-12-18,sh.600000,9.27862052,9.39508856,9.23009217,9.25920918,9.24950351,39798741,381602845.05,0.1356,1,0.1049,0
2024-12-19,sh.600000,9.23009217,9.27862052,9.14274114,9.24950351,9.25920918,42987772,408829151.42,0.1465,1,-0.1048,0
2024-12-20,sh.600000,9.28832619,9.43391124,9.26891485,9.29803186,9.24950351,49298094,473948599.41,0.168,1,0.5247,0
2024-12-23,sh.600000,9.34656021,9.78331536,9.3174432,9.63773031,9.29803186,116444693,1156091291.03,0.3967,1,3.6534,0
2024-12-24,sh.600000,9.59890763,9.87066639,9.59890763,9.83184371,9.63773031,84438152,851921287.14,0.2877,1,2.0141,0
2024-12-25,sh.600000,9.83184371,10.08419113,9.83184371,10.04536845,9.83184371,72739600,749135068.94,0.2478,1,2.1718,0
2024-12-26,sh.600000,10.04536845,10.08419113,9.86096072,10.03566278,10.04536845,61152236,628394286.58,0.2083,1,-0.0966,0
2024-12-27,sh.600000,10.02595711,10.08419113,9.82213804,10.05507412,10.03566278,69506374,714702133.57,0.2368,1,0.1934,0
2024-12-30,sh.600000,10.03566278,10.18124783,10.00654577,10.16183649,10.05507412,78477805,818657791.71,0.2674,1,1.0618,0
2024-12-31,sh.600000,10.12301381,10.24918752,9.97742876,9.98713443,10.16183649,57783443,602393523.12,0.1969,1,-1.7192,0
2025-01-02,sh.600000,9.9968401,10.11330814,9.75419835,9.83184371,9.98713443,78907129,803904040.23,0.2688,1,-1.5549,0
2025-01-03,sh.600000,9.82213804,9.91919474,9.72508134,9.76390402,9.83184371,50693944,511576493.6,0.1727,1,-0.691,0
2025-01-06,sh.600000,9.83184371,9.8997834,9.52126227,9.85125505,9.76390402,79801276,804593503.56,0.2719,1,0.8946,0
2025-01-07,sh.600000,9.81243237,9.9968401,9.81243237,9.96772309,9.85125505,40265146,411488491.51,0.1372,1,1.1823,0
2025-01-08,sh.600000,9.95801742,10.06477979,9.8997834,9.9968401,9.96772309,48237450,496301044.81,0.1643,1,0.2921,0
2025-01-09,sh.600000,10.02595711,10.02595711,9.83184371,9.89007773,9.9968401,39221854,401208214.93,0.1336,1,-1.068,0
2025-01-10,sh.600000,9.92890041,9.97742876,9.73478701,9.83184371,9.89007773,31933534,324388873.26,0.1088,1,-0.5888,0
2025-01-13,sh.600000,9.76390402,9.83184371,9.56008495,9.70567,9.83184371,38217749,381632220.09,0.1302,1,-1.2833,0
2025-01-14,sh.600000,9.73478701,9.90948907,9.64743598,9.86096072,9.70567,38658714,390328865.83,0.1317,1,1.6,0
2025-01-15,sh.600000,9.86096072,10.08419113,9.83184371,9.90948907,9.86096072,38460814,394080519.97,0.131,1,0.4921,0
2025-01-16,sh.600000,9.98713443,10.00654577,9.83184371,9.90948907,9.90948907,33768888,344708149.69,0.115,1,0.0,0
2025-01-17,sh.600000,9.94831175,9.9968401,9.78331536,9.96772309,9.90948907,41663218,426549432.18,0.1419,1,0.5877,0
2025-01-20,sh.600000,10.01625144,10.14242515,9.92890041,10.06477979,9.96772309,37442622,388948241.47,0.1276,1,0.9737,0
2025-01-21,sh.600000,10.05507412,10.17154216,9.96772309,10.06477979,10.06477979,30852134,320946733.2,0.1051,1,0.0,0
2025-01-22,sh.600000,10.02595711,10.07448546,9.71537567,9.73478701,10.06477979,58374206,589944613.7,0.1989,1,-3.2787,0
2025-01-23,sh.600000,9.81243237,10.06477979,9.76390402,10.00654577,9.73478701,65580692,670951809.42,0.2234,1,2.7916,0
2025-01-24,sh.600000,9.95801742,10.18124783,9.87066639,10.08419113,10.00654577,72463834,752560118.11,0.2469,1,0.7759,0
2025-01-27,sh.600000,10.11330814,10.3850669,10.0938968,10.33653855,10.08419113,59488208,632694603.27,0.2027,1,2.5024,0
2025-02-05,sh.600000,10.34624422,10.37536123,10.0938968,10.10360247,10.33653855,51723455,542382244.53,0.1762,1,-2.2535,0
2025-02-06,sh.600000,10.07448546,10.1909535,9.9968401,10.12301381,10.10360247,38598431,400818916.71,0.1315,1,0.1921,0
2025-02-07,sh.600000,10.12301381,10.14242515,9.9968401,10.03566278,10.12301381,45600119,472723880.77,0.1554,1,-0.8629,0
2025-02-10,sh.600000,10.01625144,10.13271948,9.92890041,9.96772309,10.03566278,41234671,426297964.4,0.1405,1,-0.677,0
2025-02-11,sh.600000,9.98713443,10.07448546,9.92890041,9.9968401,9.96772309,34651727,356843469.52,0.1181,1,0.2921,0
2025-02-12,sh.600000,10.01625144,10.11330814,9.93860608,10.10360247,9.9968401,33100308,342797073.52,0.1128,1,1.068,0
2025-02-13,sh.600000,10.08419113,10.13271948,9.9968401,10.00654577,10.10360247,48454342,501218511.06,0.1651,1,-0.9606,0
2025-02-14,sh.600000,10.04536845,10.12301381,9.94831175,10.10360247,10.00654577,56300581,581842513.44,0.1918,1,0.9699,0
2025-02-17,sh.600000,10.13271948,10.15213082,9.8997834,9.96772309,10.10360247,52311132,538356330.52,0.1782,1,-1.3449,0
2025-02-18,sh.600000,9.95801742,10.22977618,9.90948907,10.1909535,9.96772309,62783988,654395130.64,0.2139,1,2.2395,0
2025-02-19,sh.600000,10.14242515,10.27830453,10.11330814,10.13271948,10.1909535,42364339,444710362.32,0.1443,1,-0.5714,0
2025-02-20,sh.600000,10.11330814,10.18124783,10.03566278,10.08419113,10.13271948,27223599,283297509.85,0.0927,1,-0.4789,0
2025-02-21,sh.600000,10.08419113,10.12301381,9.92890041,9.98713443,10.08419113,50391537,519161892.61,0.1717,1,-0.9625,0
2025-02-24,sh.600000,9.96772309,10.00654577,9.89007773,9.90948907,9.98713443,43741415,447600690.0,0.149,1,-0.7775,0
2025-02-25,sh.600000,9.8997834,9.94831175,9.77360969,9.8027267,9.90948907,37159866,377213136.95,0.1266,1,-1.0774,0
2025-02-26,sh.600000,9.85125505,10.01625144,9.82213804,9.88037206,9.8027267,55536705,567601087.62,0.1892,1,0.7921,0
2025-02-27,sh.600000,9.91919474,9.95801742,9.81243237,9.93860608,9.88037206,37999169,387232885.4,0.1295,1,0.5894,0
2025-02-28,sh.600000,9.92890041,9.9968401,9.87066639,9.87066639,9.93860608,44651100,457102787.82,0.1521,1,-0.6836,0
2025-03-03,sh.600000,9.89007773,9.91919474,9.78331536,9.85125505,9.87066639,43010899,436849849.85,0.1465,1,-0.1967,0
2025-03-04,sh.600000,9.8027267,9.89007773,9.8027267,9.8027267,9.85125505,29769782,301634439.35,0.1014,1,-0.4926,0
2025-03-05,sh.600000,9.84154938,9.95801742,9.75419835,9.94831175,9.8027267,41686357,424730035.98,0.142,1,1.4851,0
2025-03-06,sh.600000,9.94831175,9.95801742,9.78331536,9.83184371,9.94831175,43499424,441681583.76,0.1482,1,-1.1707,0
2025-03-07,sh.600000,9.85125505,9.89007773,9.76390402,9.84154938,9.83184371,37005882,374991809.23,0.1261,1,0.0987,0
2025-03-10,sh.600000,9.8027267,9.84154938,9.71537567,9.8027267,9.84154938,43594496,438534235.89,0.1485,1,-0.3945,0
2025-03-11,sh.600000,9.74449268,9.82213804,9.73478701,9.82213804,9.8027267,35208198,354675246.88,0.12,1,0.198,0
2025-03-12,sh.600000,9.82213804,9.88037206,9.71537567,9.82213804,9.82213804,42868920,433414444.54,0.1461,1,0.0,0
2025-03-13,sh.600000,9.86096072,9.94831175,9.82213804,9.91919474,9.82213804,46714351,476613668.59,0.1592,1,0.9881,0
2025-03-14,sh.600000,9.97742876,10.18124783,9.93860608,10.11330814,9.91919474,78422138,815108919.0,0.2672,1,1.9569,0
2025-03-17,sh.600000,10.23948185,10.34624422,10.08419113,10.2880102,10.11330814,59251416,626647199.49,0.2019,1,1.7274,0
2025-03-18,sh.600000,10.31712721,10.40447824,10.21036484,10.32683288,10.2880102,40970582,436226250.27,0.1396,1,0.3774,0
2025-03-19,sh.600000,10.27830453,10.36565556,10.24918752,10.33653855,10.32683288,34604830,367827208.74,0.1179,1,0.094,0
2025-03-20,sh.600000,10.32683288,10.37536123,10.2880102,10.34624422,10.33653855,29548507,314685882.22,0.1007,1,0.0939,0
2025-03-21,sh.600000,10.31712721,10.40447824,10.10360247,10.16183649,10.34624422,56344163,594649833.79,0.192,1,-1.7824,0
2025-03-24,sh.600000,10.11330814,10.31712721,10.11330814,10.29771587,10.16183649,46449659,489527179.23,0.1582,1,1.3372,0
2025-03-25,sh.600000,10.33653855,10.37536123,10.1909535,10.29771587,10.29771587,37875416,401332739.29,0.129,1,0.0,0
2025-03-26,sh.600000,10.2880102,10.29771587,10.14242515,10.16183649,10.29771587,36660981,385049553.58,0.1249,1,-1.3195,0
2025-03-27,sh.600000,10.1909535,10.34624422,10.16183649,10.23948185,10.16183649,42508671,449288518.57,0.1448,1,0.7641,0
2025-03-28,sh.600000,10.22007051,10.25889319,10.10360247,10.13271948,10.23948185,36572944,382165241.29,0.1246,1,-1.0427,0
2025-03-31,sh.600000,10.16183649,10.31712721,10.04536845,10.12301381,10.13271948,49360687,518371937.13,0.1682,1,-0.0958,0
2025-04-01,sh.600000,10.12301381,10.15213082,9.91919474,10.04536845,10.12301381,63920348,659250549.52,0.2178,1,-0.767,0
2025-04-02,sh.600000,9.98713443,10.24918752,9.98713443,10.15213082,10.04536845,45625673,477144592.57,0.1554,1,1.0628,0
2025-04-03,sh.600000,9.98713443,10.1909535,9.98713443,10.17154216,10.15213082,36919313,384886879.92,0.1258,1,0.1912,0
2025-04-07,sh.600000,9.96772309,9.97742876,9.18156382,9.36597155,10.17154216,142399646,1395103301.62,0.4851,1,-7.9198,0
2025-04-08,sh.600000,9.48243959,9.98713443,9.46302825,9.8997834,9.36597155,149422915,1501459277.52,0.5091,1,5.6995,0
2025-04-09,sh.600000,9.89007773,9.89007773,9.56979062,9.71537567,9.8997834,99714563,997750442.74,0.3397,1,-1.8627,0
2025-04-10,sh.600000,9.88037206,9.88037206,9.61831897,9.70567,9.71537567,78108087,781663685.88,0.2661,1,-0.0999,0
2025-04-11,sh.600000,9.76390402,9.82213804,9.62802464,9.77360969,9.70567,56246196,564930748.36,0.1916,1,0.7,0
2025-04-14,sh.600000,9.74449268,9.91919474,9.70567,9.88037206,9.77360969,62154163,629562547.75,0.2118,1,1.0924,0
2025-04-15,sh.600000,9.88037206,10.17154216,9.87066639,10.16183649,9.88037206,68556308,712990091.2,0.2336,1,2.8487,0
2025-04-16,sh.600000,10.14242515,10.2880102,10.04536845,10.2880102,10.16183649,74094520,777378645.19,0.2524,1,1.2416,0
2025-04-17,sh.600000,10.2880102,10.43359525,10.12301381,10.43359525,10.2880102,70420291,748750237.38,0.2399,1,1.4151,0
2025-04-18,sh.600000,10.3850669,10.55006329,10.34624422,10.49182927,10.43359525,48024169,518493333.64,0.1636,1,0.5581,0
2025-04-21,sh.600000,10.46271226,10.55976896,10.24918752,10.25889319,10.49182927,50053475,533248958.46,0.1705,1,-2.2202,0
2025-04-22,sh.600000,10.24918752,10.42388958,10.23948185,10.39477257,10.25889319,46047223,491852201.16,0.1569,1,1.3245,0
2025-04-23,sh.600000,10.39477257,10.43359525,10.26859886,10.35594989,10.39477257,33992733,362271178.0,0.1158,1,-0.3735,0
2025-04-24,sh.600000,10.37536123,10.53065195,10.35594989,10.42388958,10.35594989,39754164,428435900.07,0.1354,1,0.656,0
2025-04-25,sh.600000,10.43359525,10.4821236,10.25889319,10.27830453,10.42388958,45447179,483223746.16,0.1548,1,-1.3966,0
2025-04-28,sh.600000,10.2880102,10.42388958,10.27830453,10.42388958,10.27830453,48382197,517574619.91,0.1648,1,1.4164,0
2025-04-29,sh.600000,10.34624422,10.55006329,10.33653855,10.51124061,10.42388958,52112683,562869895.53,0.1775,1,0.838,0
2025-04-30,sh.600000,10.50153494,10.70535401,10.2880102,10.63741432,10.51124061,92838022,1011035958.82,0.3163,1,1.2004,0
2025-05-06,sh.600000,10.676237,10.86064473,10.4821236,10.84123339,10.63741432,97264620,1076041107.18,0.3314,1,1.9161,0
2025-05-07,sh.600000,11.02564112,11.04505246,10.75388236,11.03534679,10.84123339,71916086,811933127.16,0.245,1,1.7905,0
2025-05-08,sh.600000,11.01593545,11.34592823,10.99652411,11.28769421,11.03534679,77598543,899909970.1,0.2644,1,2.2867,0
2025-05-09,sh.600000,11.30710555,11.53033596,11.27798854,11.4526906,11.28769421,82148077,967087777.84,0.2799,1,1.4617,0
2025-05-12,sh.600000,11.48180761,11.62739266,11.30710555,11.36533957,11.4526906,106436592,1258603165.84,0.3626,1,-0.7627,0
2025-05-13,sh.600000,11.38475091,11.79238905,11.32651689,11.72444936,11.36533957,85038009,1017847179.35,0.2897,1,3.1597,0
2025-05-14,sh.600000,11.63709833,11.83121173,11.60798132,11.79238905,11.72444936,72183353,873575368.48,0.2459,1,0.5795,0
2025-05-15,sh.600000,11.81180039,11.98650245,11.73415503,11.92826843,11.79238905,64989861,796202036.15,0.2214,1,1.1523,0
2025-05-16,sh.600000,11.94767977,12.01561946,11.69533235,11.7438607,11.92826843,61049671,742473908.28,0.208,1,-1.546,0
2025-05-19,sh.600000,11.8409174,11.88944575,11.61768699,11.646804,11.7438607,63137397,762689367.46,0.2151,1,-0.8264,0
2025-05-20,sh.600000,11.66621534,11.97679678,11.65650967,11.90885709,11.646804,80013453,976894438.97,0.2726,1,2.25,0
2025-05-21,sh.600000,11.90885709,12.05444214,11.8409174,11.90885709,11.90885709,41672064,513339136.15,0.142,1,0.0,0
2025-05-22,sh.600000,11.86032874,12.16120451,11.83121173,12.06414781,11.90885709,63895089,792331666.69,0.2177,1,1.304,0
2025-05-23,sh.600000,12.02532513,12.11267616,11.86032874,11.87003441,12.06414781,57961597,712934903.4,0.1975,1,-1.609,0
2025-05-26,sh.600000,11.83121173,11.88944575,11.63709833,11.69533235,11.87003441,86375810,1043951444.26,0.2943,1,-1.4718,0
2025-05-27,sh.600000,11.75356637,11.88944575,11.69533235,11.83121173,11.69533235,51170123,622457334.23,0.1743,1,1.1618,0
2025-05-28,sh.600000,11.8409174,11.96709111,11.77297771,11.86032874,11.83121173,45763183,559946076.02,0.1559,1,0.2461,0
2025-05-29,sh.600000,11.85062307,11.90885709,11.81180039,11.81180039,11.86032874,39604139,483788795.64,0.1349,1,-0.4092,0
2025-05-30,sh.600000,11.8409174,12.04473647,11.81180039,11.96709111,11.81180039,74173919,912668309.69,0.2527,1,1.3147,0
2025-06-03,sh.600000,11.94767977,12.20002719,11.87003441,12.17091018,11.96709111,83435308,1038149397.08,0.2843,1,1.7032,0
2025-06-04,sh.600000,12.11267616,12.16120451,11.96709111,12.01561946,12.17091018,54685133,677861305.3,0.1863,1,-1.2759,0
2025-06-05,sh.600000,12.05444214,12.08355915,11.91856276,11.95738544,12.01561946,37014523,456671679.61,0.1261,1,-0.4847,0
2025-06-06,sh.600000,11.96709111,12.02532513,11.85062307,11.95738544,11.95738544,43240203,531488384.37,0.1473,1,0.0,0
2025-06-09,sh.600000,11.94767977,11.97679678,11.7438607,11.94767977,11.95738544,56578144,691788948.99,0.1928,1,-0.0812,0
2025-06-10,sh.600000,11.91856276,12.08355915,11.89915142,11.99620812,11.94767977,49879732,616254415.76,0.1699,1,0.4062,0
2025-06-11,sh.600000,11.99620812,12.05444214,11.87974008,11.98650245,11.99620812,44114064,544126474.73,0.1503,1,-0.0809,0
2025-06-12,sh.600000,11.98650245,12.1320875,11.87003441,12.09326482,11.98650245,47676653,592474539.19,0.1624,1,0.8907,0
2025-06-13,sh.600000,12.1320875,12.18061585,11.91856276,11.97679678,12.09326482,61844935,764861363.21,0.2107,1,-0.9631,0
2025-06-16,sh.600000,11.97679678,12.2291442,11.85062307,12.20973286,11.97679678,51085389,635504882.17,0.174,1,1.9449,0
2025-06-17,sh.600000,12.20973286,12.27767255,12.08355915,12.17091018,12.20973286,37369806,468354085.73,0.1273,1,-0.318,0
2025-06-18,sh.600000,12.19032152,12.45237461,12.14179317,12.40384626,12.17091018,69853954,890776691.53,0.238,1,1.9139,0
2025-06-19,sh.600000,12.40384626,12.46208028,12.26796688,12.36502358,12.40384626,43768050,557599592.67,0.1491,1,-0.313,0
2025-06-20,sh.600000,12.40384626,12.63678234,12.35531791,12.63678234,12.36502358,69793426,903428590.6,0.2378,1,2.1978,0
2025-06-23,sh.600000,12.59795966,12.96677512,12.50090296,12.91824677,12.63678234,81059193,1067412053.36,0.2762,1,2.2273,0
2025-06-24,sh.600000,12.91824677,13.14147718,12.77266172,12.91824677,12.91824677,84287565,1123477728.39,0.2872,1,0.0,0
2025-06-25,sh.600000,12.91824677,13.12206584,12.8114844,13.06383182,12.91824677,56329911,752682258.56,0.1919,1,1.127,0
2025-06-26,sh.600000,13.0055978,13.24823955,12.9085411,13.21912254,13.06383182,66332882,895310745.47,0.226,1,1.1887,0
2025-06-27,sh.600000,13.22882821,13.57823233,13.04442048,13.15118285,13.21912254,145112686,1990098971.05,0.4944,1,-0.514,0
2025-06-30,sh.600000,13.0055978,13.56852666,12.86001275,13.47146996,13.15118285,95051500,1297775515.09,0.3238,1,2.4354,0
2025-07-01,sh.600000,13.47146996,13.90822511,13.46176429,13.76264006,13.47146996,87707054,1242184692.56,0.2898,1,2.1614,0
2025-07-02,sh.600000,13.7820514,13.9761648,13.6849947,13.7820514,13.76264006,68484199,977656404.7,0.2263,1,0.141,0
2025-07-03,sh.600000,13.79175707,13.85969676,13.67528903,13.76264006,13.7820514,50965551,722233396.14,0.1684,1,-0.1408,0
2025-07-04,sh.600000,13.73352305,14.31586325,13.72381738,14.15086686,13.76264006,93567870,1359237790.06,0.3092,1,2.8209,0
2025-07-07,sh.600000,14.22851222,14.3643916,14.08292717,14.1702782,14.15086686,64970474,951840346.32,0.2147,1,0.1372,0
2025-07-08,sh.600000,14.15086686,14.18968954,13.73352305,13.81116841,14.1702782,113914556,1624827333.45,0.3764,1,-2.5342,0
2025-07-09,sh.600000,13.7820514,13.8791081,13.70440604,13.75293439,13.81116841,81762955,1162380709.41,0.2702,1,-0.4216,0
2025-07-10,sh.600000,13.75293439,13.91793078,13.71411171,13.7820514,13.75293439,115968328,1652800753.34,0.3831,1,0.2117,0
2025-07-11,sh.600000,13.75293439,13.82087408,13.3938246,13.3938246,13.7820514,161683677,2258575043.94,0.5342,1,-2.8169,0
2025-07-14,sh.600000,13.34529625,13.73352305,13.34529625,13.69470037,13.3938246,114977276,1614456120.94,0.3799,1,2.2464,0
2025-07-15,sh.600000,13.73352305,13.7820514,13.42294161,13.51999831,13.69470037,76673245,1073790980.78,0.2533,1,-1.2757,0
2025-07-16,sh.600000,13.54,13.6,13.26,13.48,13.52,81426935,1092141761.03,0.269,1,-0.2959,0
2025-07-17,sh.600000,13.48,13.58,13.4,13.44,13.48,47080750,633619314.88,0.1555,1,-0.2967,0
2025-07-18,sh.600000,13.47,13.65,13.39,13.46,13.44,56174733,758987555.46,0.1856,1,0.1488,0
2025-07-21,sh.600000,13.46,13.54,13.36,13.48,13.46,55881659,751457579.17,0.1846,1,0.1486,0
2025-07-22,sh.600000,13.46,13.51,13.2,13.23,13.48,91190502,1212020033.79,0.3013,1,-1.8546,0
2025-07-23,sh.600000,13.2,13.49,13.2,13.33,13.23,67673356,904049598.96,0.2236,1,0.7559,0
2025-07-24,sh.600000,13.37,13.37,13.05,13.06,13.33,97343311,1280091394.11,0.3216,1,-2.0255,0
2025-07-25,sh.600000,13.03,13.23,13.03,13.07,13.06,65621788,860317426.27,0.2168,1,0.0766,0
2025-07-28,sh.600000,13.12,13.2,13.03,13.08,13.07,76297474,1002195904.36,0.2521,1,0.0765,0
2025-07-29,sh.600000,13.07,13.12,12.78,12.79,13.08,78919964,1017205989.27,0.2607,1,-2.2171,0
2025-07-30,sh.600000,12.84,12.93,12.73,12.88,12.79,72158148,928059541.76,0.2384,1,0.7037,0
2025-07-31,sh.600000,12.87,12.9,12.71,12.81,12.88,68538701,875810524.01,0.2264,1,-0.5435,0
2025-08-01,sh.600000,12.82,12.98,12.58,12.92,12.81,79386102,1018578952.15,0.2623,1,0.8587,0
2025-08-04,sh.600000,12.9,13.45,12.9,13.13,12.92,99782728,1321632122.73,0.3297,1,1.6254,0
2025-08-05,sh.600000,13.15,13.78,13.14,13.75,13.13,133646594,1812399937.53,0.4415,1,4.722,0
2025-08-06,sh.600000,13.75,13.85,13.63,13.79,13.75,84891798,1170588593.94,0.2805,1,0.2909,0
2025-08-07,sh.600000,14.08,14.08,13.66,13.93,13.79,96558141,1337645650.28,0.319,1,1.0152,0
2025-08-08,sh.600000,13.96,14.29,13.91,14.17,13.93,96742884,1367882502.45,0.3196,1,1.7229,0
2025-08-11,sh.600000,14.1,14.2,13.85,13.98,14.17,89510437,1249751391.12,0.2957,1,-1.3409,0
2025-08-12,sh.600000,13.97,14.12,13.87,13.89,13.98,76628234,1072660845.09,0.2532,1,-0.6438,0
2025-08-13,sh.600000,13.98,14.03,13.8,13.83,13.89,79039619,1097891524.73,0.2611,1,-0.432,0
2025-08-14,sh.600000,13.83,13.98,13.79,13.87,13.83,71279949,990881028.74,0.2355,1,0.2892,0
2025-08-15,sh.600000,13.85,13.95,13.55,13.59,13.87,93067809,1271714019.15,0.3075,1,-2.0187,0
2025-08-18,sh.600000,13.53,13.72,13.47,13.64,13.59,83579911,1134949185.4,0.2761,1,0.3679,0
2025-08-19,sh.600000,13.64,13.76,13.58,13.69,13.64,49497253,678047554.46,0.1635,1,0.3666,0
2025-08-20,sh.600000,13.69,13.87,13.6,13.72,13.69,60322243,829302743.85,0.1993,1,0.2191,0
2025-08-21,sh.600000,13.7,13.86,13.59,13.78,13.72,57468516,791948363.69,0.1899,1,0.4373,0
2025-08-22,sh.600000,13.81,13.95,13.77,13.94,13.78,64098054,888813234.07,0.2118,1,1.1611,0
2025-08-25,sh.600000,13.9,14.05,13.76,14.03,13.94,63137208,877162424.51,0.2086,1,0.6456,0
2025-08-26,sh.600000,14.0,14.15,13.82,14.03,14.03,59365845,831883207.37,0.1961,1,0.0,0
2025-08-27,sh.600000,13.95,14.0,13.7,13.75,14.03,76975407,1065617631.05,0.2543,1,-1.9957,0
2025-08-28,sh.600000,13.65,13.94,13.44,13.86,13.75,95618144,1314340523.88,0.3135,1,0.8,0
2025-08-29,sh.600000,13.81,13.99,13.63,13.63,13.86,128276384,1769227973.02,0.4206,1,-1.6595,0
2025-09-01,sh.600000,13.68,13.9,13.45,13.49,13.63,116131640,1584600426.03,0.3808,1,-1.0271,0
2025-09-02,sh.600000,13.43,13.75,13.39,13.73,13.49,79527127,1078332698.35,0.2608,1,1.7791,0
2025-09-03,sh.600000,13.73,13.87,13.61,13.78,13.73,75418875,1039563267.56,0.2473,1,0.3642,0
2025-09-04,sh.600000,13.7,13.85,13.5,13.77,13.78,101214019,1382067032.72,0.3319,1,-0.0726,0
2025-09-05,sh.600000,13.74,13.78,13.47,13.69,13.77,79038636,1081534596.01,0.2592,1,-0.581,0
2025-09-08,sh.600000,13.69,13.98,13.53,13.58,13.69,123553472,1702186554.07,0.4051,1,-0.8035,0
2025-09-09,sh.600000,13.69,14.02,13.62,14.02,13.58,117067240,1622965820.57,0.3839,1,3.2401,0
2025-09-10,sh.600000,14.06,14.07,13.83,13.97,14.02,83617788,1169472183.67,0.2742,1,-0.3566,0
2025-09-11,sh.600000,13.93,14.17,13.88,14.12,13.97,83259271,1168876344.11,0.273,1,1.0737,0
2025-09-12,sh.600000,14.14,14.25,13.45,13.6,14.12,137797397,1890112473.41,0.4518,1,-3.6827,0
2025-09-15,sh.600000,13.51,13.69,13.37,13.43,13.6,84060835,1136419803.5,0.2756,1,-1.25,0
2025-09-16,sh.600000,13.41,13.44,13.13,13.16,13.43,88505780,1171744735.83,0.2902,1,-2.0104,0
2025-09-17,sh.600000,13.15,13.25,12.95,12.96,13.16,66621805,869297895.15,0.2185,1,-1.5198,0
2025-09-18,sh.600000,12.96,13.01,12.68,12.75,12.96,106507276,1365758685.46,0.3492,1,-1.6204,0
2025-09-19,sh.600000,12.69,12.9,12.56,12.81,12.75,79638295,1015780801.33,0.2611,1,0.4706,0
2025-09-22,sh.600000,12.78,12.8,12.5,12.54,12.81,49180587,620006457.97,0.1613,1,-2.1077,0
2025-09-23,sh.600000,12.51,12.65,12.36,12.45,12.54,77159109,962632051.84,0.253,1,-0.7177,0
2025-09-24,sh.600000,12.45,12.54,12.06,12.22,12.45,102755861,1255684175.96,0.3369,1,-1.8474,0
2025-09-25,sh.600000,12.23,12.55,12.13,12.43,12.22,128885102,1599981440.26,0.4226,1,1.7185,0
2025-09-26,sh.600000,12.37,12.48,11.9,12.25,12.43,84171099,1024777755.59,0.276,1,-1.4481,0
2025-09-29,sh.600000,12.25,12.26,11.95,12.06,12.25,86111735,1041131901.08,0.2824,1,-1.551,0
2025-09-30,sh.600000,12.07,12.11,11.81,11.9,12.06,90383609,1077479637.7,0.2964,1,-1.3267,0
2025-10-09,sh.600000,11.75,11.87,11.63,11.8,11.9,81279059,957141423.08,0.2665,1,-0.8403,0
2025-10-10,sh.600000,11.79,12.03,11.68,11.84,11.8,93757429,1113065249.99,0.299,1,0.339,0
2025-10-13,sh.600000,11.97,12.6,11.78,12.51,11.84,209588223,2580353841.57,0.6684,1,5.6588,0
2025-10-14,sh.600000,12.45,12.87,12.31,12.77,12.51,146399373,1860041653.75,0.46,1,2.0783,0
2025-10-15,sh.600000,12.75,13.24,12.63,13.17,12.77,122625265,1591811158.53,0.3853,1,3.1323,0
2025-10-16,sh.600000,13.16,13.53,13.11,13.32,13.17,99838590,1328610596.65,0.3137,1,1.139,0
2025-10-17,sh.600000,13.29,13.44,13.11,13.32,13.32,81693218,1084436740.15,0.2523,1,0.0,0
2025-10-20,sh.600000,13.27,13.27,12.93,12.99,13.32,80678774,1053892619.89,0.2468,1,-2.4775,0
2025-10-21,sh.600000,12.99,13.3,12.92,12.99,12.99,154403206,2026895575.95,0.4723,1,0.0,0
2025-10-22,sh.600000,12.97,13.15,12.81,13.03,12.99,119621745,1553039597.04,0.3659,1,0.3079,0
2025-10-23,sh.600000,13.03,13.1,12.84,12.97,13.03,80652260,1045171787.59,0.2467,1,-0.4605,0
2025-10-24,sh.600000,12.99,13.1,12.83,12.98,12.97,183342863,2383331324.71,0.5608,1,0.0771,0
2025-10-27,sh.600000,12.92,13.06,12.83,12.97,12.98,151665963,1964302302.02,0.4554,1,-0.077,0
2025-10-28,sh.600000,13.01,13.07,12.23,12.39,12.97,159866315,1992336125.97,0.48,1,-4.4719,0
2025-10-29,sh.600000,12.31,12.36,11.75,11.81,12.39,165619780,1970345899.77,0.4973,1,-4.6812,0
2025-10-30,sh.600000,11.79,11.83,11.62,11.64,11.81,122375784,1430066830.95,0.3674,1,-1.4395,0
2025-10-31,sh.600000,11.72,11.74,11.49,11.49,11.64,143534203,1657883721.08,0.431,1,-1.2887,0
2025-11-03,sh.600000,11.49,11.64,11.37,11.41,11.49,123384169,1414090218.43,0.3705,1,-0.6963,0
2025-11-04,sh.600000,11.4,11.63,11.36,11.62,11.41,134964340,1553428253.46,0.4052,1,1.8405,0
2025-11-05,sh.600000,11.64,11.96,11.58,11.86,11.62,162186560,1915573359.08,0.487,1,2.0654,0
2025-11-06,sh.600000,11.8,11.8,11.59,11.66,11.86,127867343,1491236057.4,0.3839,1,-1.6863,0
2025-11-07,sh.600000,11.64,11.75,11.59,11.7,11.66,93125152,1088148705.19,0.2796,1,0.3431,0
2025-11-10,sh.600000,11.65,11.8,11.61,11.69,11.7,90615790,1060061828.17,0.2721,1,-0.0855,0
2025-11-11,sh.600000,11.67,11.73,11.6,11.67,11.69,78910662,920057996.77,0.2369,1,-0.1711,0
2025-11-12,sh.600000,11.69,11.92,11.66,11.68,11.67,150937630,1773400017.86,0.4532,1,0.0857,0
2025-11-13,sh.600000,11.66,11.72,11.51,11.66,11.68,121769523,1414343346.53,0.3656,1,-0.1712,0
2025-11-14,sh.600000,11.61,11.77,11.61,11.62,11.66,113543245,1326048680.5,0.3409,1,-0.3431,0
2025-11-17,sh.600000,11.6,11.65,11.35,11.37,11.62,98485526,1127109373.29,0.2957,1,-2.1515,0
2025-11-18,sh.600000,11.35,11.45,11.25,11.45,11.37,56503139,642965676.86,0.1696,1,0.7036,0
2025-11-19,sh.600000,11.43,11.62,11.4,11.56,11.45,93264386,1078378238.53,0.28,1,0.9607,0
2025-11-20,sh.600000,11.54,11.81,11.49,11.7,11.56,116125007,1361974217.21,0.3487,1,1.2111,0
2025-11-21,sh.600000,11.7,11.74,11.5,11.52,11.7,100248709,1161931513.34,0.301,1,-1.5385,0
2025-11-24,sh.600000,11.54,11.65,11.49,11.53,11.52,94815363,1097744266.59,0.2847,1,0.0868,0
2025-11-25,sh.600000,11.53,11.64,11.45,11.61,11.53,55709457,643212946.22,0.1673,1,0.6938,0
2025-11-26,sh.600000,11.63,11.67,11.45,11.48,11.61,60876972,702261810.13,0.1828,1,-1.1197,0
2025-11-27,sh.600000,11.42,11.78,11.31,11.62,11.48,93698611,1086584193.16,0.2813,1,1.2195,0
2025-11-28,sh.600000,11.6,11.7,11.46,11.48,11.62,79682706,921539831.53,0.2392,1,-1.2048,0
2025-12-01,sh.600000,11.41,11.55,11.37,11.54,11.48,68000214,779356764.1,0.2042,1,0.5226,0
2025-12-02,sh.600000,11.51,11.58,11.43,11.45,11.54,50331401,577904085.28,0.1511,1,-0.7799,0
2025-12-03,sh.600000,11.42,11.5,11.3,11.3,11.45,65916685,751358254.91,0.1979,1,-1.31,0
2025-12-04,sh.600000,11.33,11.33,11.15,11.25,11.3,45066850,506206455.84,0.1353,1,-0.4425,0
2025-12-05,sh.600000,11.23,11.32,11.14,11.26,11.25,56770710,637399477.84,0.1705,1,0.0889,0
2025-12-08,sh.600000,11.26,11.43,11.23,11.39,11.26,89418386,1017232427.15,0.2685,1,1.1545,0
2025-12-09,sh.600000,11.41,11.43,11.31,11.32,11.39,58585930,664542013.98,0.1759,1,-0.6146,0
2025-12-10,sh.600000,11.32,11.33,11.14,11.28,11.32,70831411,794675027.71,0.2127,1,-0.3534,0
2025-12-11,sh.600000,11.3,11.45,11.22,11.44,11.28,107586743,1222579775.27,0.323,1,1.4184,0
2025-12-12,sh.600000,11.41,11.61,11.35,11.61,11.44,145372658,1672795399.42,0.4365,1,1.486,0
2025-12-15,sh.600000,11.59,11.75,11.5,11.66,11.61,111508150,1302167030.14,0.3348,1,0.4307,0
2025-12-16,sh.600000,11.67,11.72,11.42,11.55,11.66,86733417,1000970373.55,0.2604,1,-0.9434,0
2025-12-17,sh.600000,11.54,11.67,11.45,11.54,11.55,60894791,704546773.96,0.1828,1,-0.0866,0
2025-12-18,sh.600000,11.59,11.79,11.48,11.78,11.54,69201006,809469482.7,0.2078,1,2.0797,0
2025-12-19,sh.600000,11.72,11.8,11.65,11.69,11.78,67815119,794336354.39,0.2036,1,-0.764,0
2025-12-22,sh.600000,11.65,11.69,11.54,11.64,11.69,49907269,580340537.94,0.1498,1,-0.4277,0
2025-12-23,sh.600000,11.67,11.88,11.62,11.83,11.64,61488273,724111795.75,0.1846,1,1.6323,0
2025-12-24,sh.600000,11.83,11.9,11.75,11.81,11.83,46510627,550611164.25,0.1396,1,-0.1691,0
2025-12-25,sh.600000,11.8,11.86,11.74,11.77,11.81,30326271,357369168.16,0.0911,1,-0.3387,0
2025-12-26,sh.600000,11.77,11.82,11.71,11.72,11.77,29816927,350344914.47,0.0895,1,-0.4248,0
2025-12-29,sh.600000,11.74,12.22,11.68,12.17,11.72,87875772,1055110814.05,0.2638,1,3.8396,0
2025-12-30,sh.600000,12.17,12.41,12.1,12.39,12.17,74051075,910372295.0,0.2223,1,1.8077,0
2025-12-31,sh.600000,12.35,12.45,12.14,12.44,12.39,82445909,1016605870.18,0.2475,1,0.4036,0
2026-01-05,sh.600000,12.47,12.48,11.8,11.82,12.44,122284342,1459886350.34,0.3672,1,-4.9839,0
2026-01-06,sh.600000,11.78,12.03,11.71,12.0,11.82,121375398,1439780652.17,0.3644,1,1.5228,0
2026-01-07,sh.600000,11.91,11.98,11.76,11.79,12.0,70474220,833114858.77,0.2116,1,-1.75,0
2026-01-08,sh.600000,11.78,11.78,11.48,11.54,11.79,80017314,924663650.87,0.2403,1,-2.1204,0
2026-01-09,sh.600000,11.56,11.57,11.46,11.54,11.54,42361629,487401034.03,0.1272,1,0.0,0
2026-01-12,sh.600000,11.55,11.68,11.51,11.66,11.54,60110177,697500168.23,0.1805,1,1.0399,0
2026-01-13,sh.600000,11.72,11.75,11.54,11.57,11.66,49620112,577967675.71,0.149,1,-0.7719,0
2026-01-14,sh.600000,11.61,11.64,11.22,11.24,11.57,136564445,1562032442.77,0.41,1,-2.8522,0
2026-01-15,sh.600000,11.22,11.26,11.16,11.16,11.24,69278313,776363088.36,0.208,1,-0.7117,0
2026-01-16,sh.600000,11.19,11.27,10.88,11.04,11.16,126811321,1399112204.43,0.3807,1,-1.0753,0
2026-01-19,sh.600000,10.99,11.21,10.93,11.12,11.04,73155055,811475590.38,0.2196,1,0.7246,0
2026-01-20,sh.600000,11.1,11.11,10.94,11.03,11.12,73525878,809278404.31,0.2208,1,-0.8094,0
2026-01-21,sh.600000,11.03,11.06,10.71,10.74,11.03,96262217,1044627492.42,0.289,1,-2.6292,0
2026-01-22,sh.600000,10.74,10.9,10.6,10.63,10.74,152975450,1633552621.26,0.4593,1,-1.0242,0
2026-01-23,sh.600000,10.63,10.66,10.47,10.51,10.63,132324449,1394174258.59,0.3973,1,-1.1289,0
2026-01-26,sh.600000,10.49,10.53,10.34,10.35,10.51,149077101,1552120341.36,0.4476,1,-1.5224,0
2026-01-27,sh.600000,10.34,10.4,10.18,10.2,10.35,95430026,983073877.52,0.2865,1,-1.4493,0
2026-01-28,sh.600000,10.2,10.26,10.01,10.05,10.2,140090242,1416381406.66,0.4206,1,-1.4706,0
2026-01-29,sh.600000,10.03,10.19,9.88,10.15,10.05,182164726,1823281314.55,0.5469,1,0.995,0
2026-01-30,sh.600000,10.14,10.28,10.01,10.04,10.15,110436836,1119322395.04,0.3316,1,-1.0837,0
2026-02-02,sh.600000,10.07,10.25,10.03,10.06,10.04,105771232,1072786034.74,0.3176,1,0.1992,0
2026-02-03,sh.600000,10.06,10.07,9.91,10.02,10.06,77669459,775509783.42,0.2332,1,-0.3976,0
2026-02-04,sh.600000,10.0,10.15,9.98,10.13,10.02,67248961,678972138.29,0.2019,1,1.0978,0
2026-02-05,sh.600000,10.15,10.28,10.13,10.23,10.13,97223688,992778930.64,0.2919,1,0.9872,0
2026-02-06,sh.600000,10.24,10.27,10.06,10.12,10.23,75925550,769321538.3,0.228,1,-1.0753,0
2026-02-09,sh.600000,10.11,10.24,10.08,10.18,10.12,61171546,621933880.43,0.1837,1,0.5929,0
2026-02-10,sh.600000,10.19,10.24,10.15,10.18,10.18,46429780,472864734.13,0.1394,1,0.0,0
2026-02-11,sh.600000,10.18,10.19,10.11,10.17,10.18,39338830,399584929.69,0.1181,1,-0.0982,0
2026-02-12,sh.600000,10.17,10.18,9.96,9.98,10.17,98376257,985620843.73,0.2954,1,-1.8682,0
2026-02-13,sh.600000,9.98,10.03,9.88,9.89,9.98,70040725,696614490.07,0.2103,1,-0.9018,0
2026-02-24,sh.600000,9.98,10.02,9.9,9.9,9.89,54739335,544210582.96,0.1644,1,0.1011,0
2026-02-25,sh.600000,9.9,9.94,9.79,9.79,9.9,87423426,862104910.85,0.2625,1,-1.1111,0
2026-02-26,sh.600000,9.8,9.83,9.69,9.73,9.79,76025001,740273716.09,0.2283,1,-0.6129,0
2026-02-27,sh.600000,9.73,9.84,9.7,9.72,9.73,80281023,781977680.78,0.241,1,-0.1028,0
2026-03-02,sh.600000,9.69,9.77,9.58,9.68,9.72,73404604,710795803.74,0.2204,1,-0.4115,0
2026-03-03,sh.600000,9.66,9.82,9.61,9.73,9.68,112936428,1098196732.02,0.3391,1,0.5165,0
2026-03-04,sh.600000,9.69,9.7,9.43,9.6,9.73,161755557,1544304016.81,0.4857,1,-1.3361,0
2026-03-05,sh.600000,9.56,9.81,9.56,9.78,9.6,119745268,1163684549.19,0.3595,1,1.875,0
2026-03-06,sh.600000,9.74,9.9,9.71,9.89,9.78,72726022,714778139.88,0.2184,1,1.1247,0
2026-03-09,sh.600000,9.83,10.02,9.77,9.85,9.89,116840499,1156617401.43,0.3508,1,-0.4044,0
2026-03-10,sh.600000,9.83,9.99,9.8,9.96,9.85,64916390,643507105.89,0.1949,1,1.1168,0
2026-03-11,sh.600000,9.97,10.1,9.85,10.07,9.96,100884566,1010756030.13,0.3029,1,1.1044,0
2026-03-12,sh.600000,10.04,10.2,10.01,10.18,10.07,89418328,905889175.77,0.2685,1,1.0924,0
2026-03-13,sh.600000,10.16,10.41,10.13,10.26,10.18,99676711,1024835924.3,0.2993,1,0.7859,0
2026-03-16,sh.600000,10.22,10.32,10.22,10.29,10.26,66490467,683009095.42,0.1996,1,0.2924,0
2026-03-17,sh.600000,10.27,10.42,10.27,10.38,10.29,76260073,791761952.96,0.229,1,0.8746,0
2026-03-18,sh.600000,10.38,10.42,10.3,10.37,10.38,65221883,676223804.15,0.1958,1,-0.0963,0
2026-03-19,sh.600000,10.32,10.4,10.25,10.32,10.37,75867153,784461844.83,0.2278,1,-0.4822,0
2026-03-20,sh.600000,10.33,10.46,10.28,10.28,10.32,74883607,776364417.08,0.2248,1,-0.3876,0
2026-03-23,sh.600000,10.23,10.23,9.85,9.86,10.28,93394504,933688844.14,0.2804,1,-4.0856,0
2026-03-24,sh.600000,9.95,10.12,9.89,10.04,9.86,60985887,611456194.26,0.1831,1,1.8256,0
2026-03-25,sh.600000,10.06,10.12,9.94,10.1,10.04,45678402,458609986.46,0.1371,1,0.5976,0
2026-03-26,sh.600000,10.07,10.18,10.03,10.06,10.1,36081386,364208119.65,0.1083,1,-0.396,0
2026-03-27,sh.600000,10.01,10.12,9.98,10.02,10.06,39243944,393449092.83,0.1178,1,-0.3976,0
2026-03-30,sh.600000,9.97,10.02,9.91,10.01,10.02,38507357,384072532.27,0.1156,1,-0.0998,0
2026-03-31,sh.600000,10.01,10.28,9.95,10.18,10.01,96580613,979340995.63,0.29,1,1.6983,0
2026-04-01,sh.600000,10.2,10.37,10.18,10.24,10.18,57416463,590411589.63,0.1724,1,0.5894,0
2026-04-02,sh.600000,10.25,10.37,10.21,10.25,10.24,41638322,427990040.09,0.125,1,0.0977,0
2026-04-03,sh.600000,10.25,10.25,10.08,10.12,10.25,41151821,417211984.12,0.1236,1,-1.2683,0
2026-04-07,sh.600000,10.12,10.17,9.95,9.98,10.12,37882609,380103391.54,0.1137,1,-1.3834,0
2026-04-08,sh.600000,10.0,10.11,9.95,10.09,9.98,48272446,484910420.51,0.1449,1,1.1022,0
2026-04-09,sh.600000,10.07,10.12,9.93,9.93,10.09,46094152,460220739.32,0.1384,1,-1.5857,0
2026-04-10,sh.600000,9.93,9.95,9.86,9.89,9.93,42658461,422430515.97,0.1281,1,-0.4028,0
2026-04-13,sh.600000,9.87,9.88,9.78,9.86,9.89,42812229,420527985.29,0.1285,1,-0.3033,0
2026-04-14,sh.600000,9.86,10.05,9.85,10.05,9.86,52251153,521789801.29,0.1569,1,1.927,0
2026-04-15,sh.600000,10.05,10.13,10.03,10.11,10.05,43000230,433931950.87,0.1291,1,0.597,0
2026-04-16,sh.600000,10.12,10.17,9.98,10.0,10.11,43702319,438981473.65,0.1312,1,-1.088,0
2026-04-17,sh.600000,9.97,10.0,9.85,9.86,10.0,57933037,573972298.66,0.1739,1,-1.4,0
2026-04-20,sh.600000,9.85,9.91,9.78,9.78,9.86,68116917,669899365.69,0.2045,1,-0.8114,0
2026-04-21,sh.600000,9.78,9.87,9.7,9.72,9.78,72849013,711082179.67,0.2187,1,-0.6135,0
2026-04-22,sh.600000,9.71,9.73,9.59,9.61,9.72,68590467,659873551.29,0.2059,1,-1.1317,0
2026-04-23,sh.600000,9.6,9.65,9.51,9.54,9.61,80624665,770932635.6,0.2421,1,-0.7284,0
2026-04-24,sh.600000,9.53,9.62,9.43,9.45,9.54,84859017,806720095.56,0.2548,1,-0.9434,0
2026-04-27,sh.600000,9.44,9.5,9.34,9.36,9.45,87281494,821384138.72,0.2621,1,-0.9524,0
2026-04-28,sh.600000,9.34,9.38,9.25,9.37,9.36,59454959,554217503.44,0.1785,1,0.1068,0
2026-04-29,sh.600000,9.36,9.39,9.32,9.38,9.37,61495033,575654686.79,0.1846,1,0.1067,0
2026-04-30,sh.600000,9.36,9.37,9.25,9.27,9.38,78438804,728939936.37,0.2355,1,-1.1727,0
2026-05-06,sh.600000,9.27,9.29,9.16,9.18,9.27,87935791,808632515.19,0.264,1,-0.9709,0
2026-05-07,sh.600000,9.18,9.2,9.09,9.09,9.18,71972489,657929069.27,0.2161,1,-0.9804,0
2026-05-08,sh.600000,9.08,9.13,9.05,9.07,9.09,89269033,811024242.36,0.268,1,-0.22,0
2026-05-11,sh.600000,9.07,9.09,9.03,9.09,9.07,130287213,1181564052.2,0.3912,1,0.2205,0
2026-05-12,sh.600000,9.08,9.11,9.02,9.03,9.09,77713958,703348398.81,0.2333,1,-0.6601,0
2026-05-13,sh.600000,9.04,9.07,9.01,9.03,9.03,84264336,760849229.6,0.253,1,0.0,0
2026-05-14,sh.600000,9.02,9.13,8.92,9.02,9.03,121425471,1094540193.02,0.3646,1,-0.1107,0
2026-05-15,sh.600000,9.0,9.22,8.93,9.07,9.02,171982587,1559276665.8,0.5164,1,0.5543,0
2026-05-18,sh.600000,9.04,9.13,9.01,9.08,9.07,122357134,1109690085.11,0.3674,1,0.1103,0
2026-05-19,sh.600000,9.08,9.17,8.94,8.95,9.08,127456859,1151104562.15,0.3827,1,-1.4317,0
2026-05-20,sh.600000,8.93,8.97,8.85,8.94,8.95,94375264,843138802.99,0.2834,1,-0.1117,0
2026-05-21,sh.600000,8.94,8.96,8.85,8.86,8.94,82548797,736026564.87,0.2479,1,-0.8949,0
2026-05-22,sh.600000,8.88,9.03,8.75,8.96,8.86,99003358,883300246.96,0.2973,1,1.1287,0
2026-05-25,sh.600000,8.94,9.12,8.91,9.08,8.96,92598961,839416293.24,0.278,1,1.3393,0
2026-05-26,sh.600000,9.1,9.32,9.09,9.27,9.08,146437454,1356643849.95,0.4397,1,2.0925,0
2026-05-27,sh.600000,9.29,9.54,9.26,9.43,9.27,134548971,1269924759.01,0.404,1,1.726,0
2026-05-28,sh.600000,9.42,9.46,9.14,9.21,9.43,83665520,776320232.8,0.2512,1,-2.333,0
2026-05-29,sh.600000,9.18,9.38,9.13,9.37,9.21,93330300,869221255.93,0.2802,1,1.7372,0
2026-06-01,sh.600000,9.32,9.35,9.2,9.32,9.37,75072117,697403297.5,0.2254,1,-0.5336,0
2026-06-02,sh.600000,9.3,9.43,9.26,9.31,9.32,72778238,679643068.61,0.2185,1,-0.1073,0
2026-06-03,sh.600000,9.28,9.31,9.17,9.25,9.31,71007326,656412513.79,0.2132,1,-0.6445,0
2026-06-04,sh.600000,9.27,9.3,9.19,9.19,9.25,56092641,518543818.18,0.1684,1,-0.6486,0
2026-06-05,sh.600000,9.18,9.35,9.18,9.34,9.19,74572522,692089680.77,0.2239,1,1.6322,0
2026-06-08,sh.600000,9.3,9.43,9.23,9.37,9.34,80886957,756784892.63,0.2429,1,0.3212,0
2026-06-09,sh.600000,9.33,9.44,9.29,9.37,9.37,70801807,664069154.21,0.2126,1,0.0,0
2026-06-10,sh.600000,9.37,9.59,9.34,9.59,9.37,109903540,1046292200.55,0.33,1,2.3479,0
2026-06-11,sh.600000,9.59,9.61,9.48,9.55,9.59,72499667,693673066.33,0.2177,1,-0.4171,0
2026-06-12,sh.600000,9.5,9.71,9.4,9.67,9.55,94049852,902245952.44,0.2824,1,1.2565,0
2026-06-15,sh.600000,9.68,9.72,9.47,9.53,9.67,87932132,842270433.52,0.264,1,-1.4478,0
2026-06-16,sh.600000,9.5,9.56,9.42,9.46,9.53,54422958,515638256.34,0.1634,1,-0.7345,0
2026-06-17,sh.600000,9.48,9.55,9.22,9.24,9.46,77190400,719849152.84,0.2318,1,-2.3256,0
2026-06-18,sh.600000,9.2,9.25,9.07,9.09,9.24,83656385,763280626.86,0.2512,1,-1.6234,0
2026-06-22,sh.600000,9.03,9.22,8.98,9.16,9.09,74510266,678435314.78,0.2237,1,0.7701,0
2026-06-23,sh.600000,9.14,9.35,9.13,9.28,9.16,83391753,771415370.34,0.2504,1,1.31,0
2026-06-24,sh.600000,9.26,9.27,8.9,8.9,9.28,107526621,969684287.72,0.3228,1,-4.0948,0
2026-06-25,sh.600000,8.85,8.93,8.82,8.85,8.9,65829690,583249750.28,0.1977,1,-0.5618,0
