date,code,open,high,low,close,preclose,volume,amount,turn,tradestatus,pctChg,isST
2012-01-04,sh.600015,3.2961375,3.3488757,3.2551189,3.2580488,3.2902777,18122685,204549210.0,0.363142,1,-0.9795,0
2012-01-05,sh.600015,3.281488,3.3811046,3.2639086,3.3225066,3.2580488,26723053,304018332.0,0.535475,1,1.9784,0
2012-01-06,sh.600015,3.3078571,3.3635252,3.2932076,3.3342262,3.3225066,19617137,222349842.0,0.393087,1,0.3527,0
2012-01-09,sh.600015,3.3342262,3.4309129,3.3137169,3.4250531,3.3342262,41732586,483532938.0,0.836236,1,2.7241,0
2012-01-10,sh.600015,3.427983,3.4660717,3.3898943,3.4543521,3.4250531,23773681,278288171.0,0.476376,1,0.8554,0
2012-01-11,sh.600015,3.4602119,3.4602119,3.4074737,3.4133335,3.4543521,13406018,156954758.0,0.268629,1,-1.1874,0
2012-01-12,sh.600015,3.4016139,3.4807212,3.398684,3.4426325,3.4133335,25422253,299982299.0,0.50941,1,0.8584,0
2012-01-13,sh.600015,3.4484923,3.4690016,3.3869644,3.3898943,3.4426325,19017874,222176153.0,0.381079,1,-1.5319,0
2012-01-16,sh.600015,3.369385,3.4309129,3.340086,3.3664551,3.3898943,17057328,198167376.0,0.341794,1,-0.6914,0
2012-01-17,sh.600015,3.3840345,3.4719315,3.3254365,3.4719315,3.3664551,25793048,301439722.0,0.51684,1,3.1332,0
2012-01-18,sh.600015,3.457282,3.4660717,3.3957541,3.4250531,3.4719315,16074203,188245942.0,0.322094,1,-1.3502,0
2012-01-19,sh.600015,3.4162634,3.4895109,3.3898943,3.4484923,3.4250531,21836441,256529035.0,0.437558,1,0.6843,0
2012-01-20,sh.600015,3.4748614,3.5568986,3.4397026,3.5510388,3.4484923,45304354,541252345.0,0.907807,1,2.9737,0
2012-01-30,sh.600015,3.545179,3.5510388,3.486581,3.4983006,3.5510388,22604375,271512615.0,0.452946,1,-1.4851,0
2012-01-31,sh.600015,3.51588,3.5334594,3.4543521,3.4895109,3.4983006,9723875,115678367.0,0.194847,1,-0.2513,0
2012-02-01,sh.600015,3.457282,3.4924408,3.3869644,3.4016139,3.4895109,22569957,264108318.0,0.452256,1,-2.5189,0
2012-02-02,sh.600015,3.4104036,3.51588,3.398684,3.5012305,3.4016139,24185663,285388910.0,0.484631,1,2.9285,0
2012-02-03,sh.600015,3.486581,3.5510388,3.4777913,3.5188099,3.5012305,37145863,445058355.0,0.744327,1,0.5021,0
2012-02-06,sh.600015,3.5275996,3.5305295,3.4250531,3.457282,3.5188099,31523295,372926922.0,0.631662,1,-1.7485,0
2012-02-07,sh.600015,3.4397026,3.4426325,3.3664551,3.3869644,3.457282,21793480,252330529.0,0.436697,1,-2.0339,0
2012-02-08,sh.600015,3.3928242,3.4777913,3.3781747,3.4602119,3.3869644,33865792,396307125.0,0.678601,1,2.1626,0
2012-02-09,sh.600015,3.4484923,3.4602119,3.4133335,3.4484923,3.4602119,30837484,361574478.0,0.61792,1,-0.3387,0
2012-02-10,sh.600015,3.427983,3.4690016,3.398684,3.4191933,3.4484923,30577375,357875650.0,0.612708,1,-0.8496,0
2012-02-13,sh.600015,3.3547355,3.4221232,3.340086,3.369385,3.4191933,39393031,452591624.0,0.789356,1,-1.4567,0
2012-02-14,sh.600015,3.3664551,3.3664551,3.3078571,3.3576654,3.369385,28462331,323699361.0,0.570327,1,-0.3478,0
2012-02-15,sh.600015,3.3518056,3.3869644,3.3283664,3.3576654,3.3576654,35155804,402258186.0,0.704451,1,0.0,0
2012-02-16,sh.600015,3.3576654,3.3664551,3.3225066,3.3430159,3.3576654,26058391,297196796.0,0.522157,1,-0.4363,0
2012-02-17,sh.600015,3.3635252,3.3723149,3.310787,3.3283664,3.3430159,31759159,361491365.0,0.636389,1,-0.4382,0
2012-02-20,sh.600015,3.3898943,3.3898943,3.3166468,3.3371561,3.3283664,48636850,556099505.0,0.974583,1,0.2641,0
2012-02-21,sh.600015,3.3430159,3.3488757,3.3137169,3.3430159,3.3371561,31530628,358557052.0,0.631809,1,0.1756,0
2012-02-22,sh.600015,3.3459458,3.3752448,3.3225066,3.3723149,3.3430159,51117585,583661980.0,1.024292,1,0.8764,0
2012-02-23,sh.600015,3.3664551,3.3811046,3.3459458,3.3605953,3.3723149,40856230,469165309.0,0.818675,1,-0.3475,0
2012-02-24,sh.600015,3.3605953,3.4397026,3.340086,3.4309129,3.3605953,69530274,804111481.0,1.393245,1,2.0924,0
2012-02-27,sh.600015,3.4309129,3.457282,3.4016139,3.4074737,3.4309129,68123872,796574184.0,1.365063,1,-0.6832,0
2012-02-28,sh.600015,3.4074737,3.4631418,3.4045438,3.4338428,3.4074737,59402161,696563827.0,1.190298,1,0.7739,0
2012-02-29,sh.600015,3.4309129,3.4309129,3.3869644,3.3898943,3.4338428,27048027,314519367.0,0.541987,1,-1.2799,0
2012-03-01,sh.600015,3.3752448,3.4045438,3.3635252,3.3781747,3.3898943,19210467,221937194.0,0.384939,1,-0.3457,0
2012-03-02,sh.600015,3.3781747,3.4250531,3.3752448,3.4221232,3.3781747,30462974,354220261.0,0.610416,1,1.301,0
2012-03-05,sh.600015,3.4397026,3.4426325,3.3723149,3.3781747,3.4221232,35321858,409736384.0,0.707778,1,-1.2842,0
2012-03-06,sh.600015,3.369385,3.3840345,3.281488,3.2902777,3.3781747,33103407,374433305.0,0.663325,1,-2.6019,0
2012-03-07,sh.600015,3.2668385,3.2844179,3.2375395,3.2433993,3.2902777,32854146,366220067.0,0.65833,1,-1.4248,0
2012-03-08,sh.600015,3.2580488,3.2961375,3.2463292,3.2639086,3.2433993,36350099,405026125.0,0.728382,1,0.6323,0
2012-03-09,sh.600015,3.2726983,3.2961375,3.2492591,3.2873478,3.2639086,31966703,357222137.0,0.640547,1,0.7181,0
2012-03-12,sh.600015,3.281488,3.2844179,3.2258199,3.2492591,3.2873478,35665467,395084497.0,0.714663,1,-1.1586,0
2012-03-13,sh.600015,3.2492591,3.310787,3.2433993,3.2990674,3.2492591,40496298,454858033.0,0.811463,1,1.5329,0
2012-03-14,sh.600015,3.3166468,3.3283664,3.2199601,3.2375395,3.2990674,45467217,509545705.0,0.91107,1,-1.865,0
2012-03-15,sh.600015,3.2346096,3.2609787,3.2053106,3.2082405,3.2375395,26163137,288925293.0,0.524256,1,-0.905,0
2012-03-16,sh.600015,3.2316797,3.2433993,3.1877312,3.2287498,3.2082405,21434735,235268286.0,0.429508,1,0.6393,0
2012-03-19,sh.600015,3.2199601,3.2287498,3.1906611,3.2170302,3.2287498,21599873,236556328.0,0.432817,1,-0.363,0
2012-03-20,sh.600015,3.2082405,3.22289,3.1672219,3.1760116,3.2170302,17911086,195377340.0,0.358902,1,-1.275,0
2012-03-21,sh.600015,3.1965209,3.2023807,3.1584322,3.1789415,3.1760116,14989073,162749927.0,0.30035,1,0.0923,0
2012-03-22,sh.600015,3.1789415,3.2375395,3.1320631,3.2053106,3.1789415,37206319,405295254.0,0.745539,1,0.8295,0
2012-03-23,sh.600015,3.1789415,3.2053106,3.1496425,3.164292,3.2053106,20181342,218750519.0,0.404393,1,-1.2797,0
2012-03-26,sh.600015,3.164292,3.2141003,3.164292,3.2082405,3.164292,16129407,175787153.0,0.3232,1,1.3889,0
2012-03-27,sh.600015,3.2111704,3.2404694,3.1965209,3.2199601,3.2082405,26882760,295371661.0,0.538676,1,0.3653,0
2012-03-28,sh.600015,3.2141003,3.2463292,3.1291332,3.1408528,3.2199601,44998097,491639226.0,0.90167,1,-2.4568,0
2012-03-29,sh.600015,3.134993,3.1789415,3.0793249,3.0969043,3.1408528,31734808,339421310.0,0.635901,1,-1.3993,0
2012-03-30,sh.600015,3.1262033,3.1437827,3.105694,3.1437827,3.0969043,14440840,154046895.0,0.289365,1,1.5137,0
2012-04-05,sh.600015,3.1174136,3.1818714,3.0881146,3.1555023,3.1437827,31132172,332669832.0,0.623825,1,0.3728,0
2012-04-06,sh.600015,3.1467126,3.1877312,3.1262033,3.1848013,3.1555023,20175386,217624398.0,0.404274,1,0.9285,0
2012-04-09,sh.600015,3.1672219,3.1672219,3.0969043,3.1027641,3.1848013,16098658,172070833.0,0.322584,1,-2.5759,0
2012-04-10,sh.600015,3.1027641,3.2082405,3.0998342,3.2023807,3.1027641,28316291,304371353.0,0.567401,1,3.2106,0
2012-04-11,sh.600015,3.1818714,3.2404694,3.1672219,3.2053106,3.2023807,23053960,252101317.0,0.461954,1,0.0915,0
2012-04-12,sh.600015,3.193591,3.2697684,3.1701518,3.2492591,3.2053106,29224269,322109116.0,0.585595,1,1.3711,0
2012-04-13,sh.600015,3.2463292,3.2551189,3.2199601,3.2375395,3.2492591,16587300,183199875.0,0.332376,1,-0.3607,0
2012-04-16,sh.600015,3.2199601,3.2346096,3.1877312,3.2053106,3.2375395,11960639,130825915.0,0.239667,1,-0.9955,0
2012-04-17,sh.600015,3.2053106,3.2053106,3.2053106,3.2053106,3.2053106,0,0.0,,0,0.0,0
2012-04-18,sh.600015,3.1906611,3.2463292,3.1496425,3.22289,3.2053106,32717456,357314231.0,0.655591,1,0.5484,0
2012-04-19,sh.600015,3.2111704,3.2316797,3.193591,3.2141003,3.22289,22171620,243048285.0,0.444274,1,-0.2727,0
2012-04-20,sh.600015,3.2111704,3.2785581,3.193591,3.2726983,3.2141003,38479658,427445146.0,0.771054,1,1.8232,0
2012-04-23,sh.600015,3.2580488,3.2844179,3.2316797,3.2463292,3.2726983,22836169,253910913.0,0.45759,1,-0.8057,0
2012-04-24,sh.600015,3.252189,3.3928242,3.2463292,3.3195767,3.2463292,69450402,784362812.0,1.391644,1,2.2563,0
2012-04-25,sh.600015,3.2961375,3.3225066,3.2697684,3.2932076,3.3195767,36503565,410466453.0,0.731457,1,-0.7944,0
2012-04-26,sh.600015,3.3078571,3.3166468,3.281488,3.2990674,3.2932076,20677545,232417455.0,0.414336,1,0.1779,0
2012-04-27,sh.600015,3.2990674,3.3195767,3.281488,3.2844179,3.2990674,23440050,264229450.0,0.469691,1,-0.444,0
2012-05-02,sh.600015,3.2932076,3.2961375,3.2258199,3.2433993,3.2844179,85772906,953203897.0,1.718714,1,-1.2489,0
2012-05-03,sh.600015,3.2287498,3.2492591,3.1701518,3.1760116,3.2433993,65358454,712717172.0,1.30965,1,-2.0777,0
2012-05-04,sh.600015,3.1848013,3.2023807,3.1730817,3.1994508,3.1760116,38376451,417739452.0,0.768986,1,0.738,0
2012-05-07,sh.600015,3.1789415,3.2111704,3.1789415,3.2053106,3.1994508,32946531,359097461.0,0.660181,1,0.1832,0
2012-05-08,sh.600015,3.1994508,3.2111704,3.1760116,3.1877312,3.2053106,33970568,369737274.0,0.680701,1,-0.5484,0
2012-05-09,sh.600015,3.1760116,3.1848013,3.1262033,3.134993,3.1877312,30057646,323508229.0,0.602294,1,-1.6544,0
2012-05-10,sh.600015,3.1467126,3.1525724,3.1203435,3.134993,3.134993,18656720,199816440.0,0.373843,1,0.0,0
2012-05-11,sh.600015,3.1408528,3.1584322,3.1262033,3.1408528,3.134993,15489528,166122974.0,0.310379,1,0.1869,0
2012-05-14,sh.600015,3.1701518,3.1701518,3.0910445,3.0969043,3.1408528,44422927,474636387.0,0.890145,1,-1.3993,0
2012-05-15,sh.600015,3.0851847,3.0998342,3.0676053,3.0969043,3.0969043,25455335,268092453.0,0.510073,1,0.0,0
2012-05-16,sh.600015,3.0910445,3.0939744,3.0324465,3.0353764,3.0969043,29389293,306908878.0,0.588901,1,-1.9868,0
2012-05-17,sh.600015,3.0441661,3.0734651,3.0383063,3.0705352,3.0353764,26338533,274938534.0,0.52777,1,1.1583,0
2012-05-18,sh.600015,3.06153,3.06153,2.983491,2.989494,3.0705345,26766333,268940603.0,0.536343,1,-2.6393,0
2012-05-21,sh.600015,2.995497,3.0105045,2.923461,2.9384685,2.989494,40200242,397038382.0,0.805531,1,-1.7068,0
2012-05-22,sh.600015,2.9504745,2.989494,2.9444715,2.983491,2.9384685,30180433,298731734.0,0.604754,1,1.5322,0
2012-05-23,sh.600015,2.977488,2.983491,2.947473,2.9564775,2.983491,26238890,259163041.0,0.525774,1,-0.9054,0
2012-05-24,sh.600015,2.9564775,2.983491,2.94147,2.959479,2.9564775,24355179,240647959.0,0.488028,1,0.1015,0
2012-05-25,sh.600015,2.9684835,2.9744865,2.9444715,2.9564775,2.959479,15578064,153550089.0,0.312153,1,-0.1014,0
2012-05-28,sh.600015,2.9624805,2.983491,2.947473,2.9804895,2.9564775,28642771,282946068.0,0.573943,1,0.8122,0
2012-05-29,sh.600015,2.983491,3.0345165,2.971485,3.025512,2.9804895,42191728,422206018.0,0.845436,1,1.5106,0
2012-05-30,sh.600015,3.0165075,3.0225105,2.9804895,2.9924955,3.025512,32500842,324325160.0,0.651251,1,-1.0913,0
2012-05-31,sh.600015,2.9864925,2.9864925,2.9504745,2.959479,2.9924955,29058825,286502731.0,0.58228,1,-1.1033,0
2012-06-01,sh.600015,2.959479,2.9744865,2.935467,2.9444715,2.959479,36725917,361095125.0,0.735912,1,-0.5071,0
2012-06-04,sh.600015,2.911455,2.9144565,2.8604295,2.863431,2.9444715,32115669,309492859.0,0.643532,1,-2.7523,0
2012-06-05,sh.600015,2.8724355,2.8844415,2.8544265,2.8724355,2.863431,34956927,334438943.0,0.700465,1,0.3145,0
2012-06-06,sh.600015,2.8784385,2.923461,2.869434,2.911455,2.8724355,38394195,370662134.0,0.769341,1,1.3584,0
2012-06-07,sh.600015,2.94147,2.947473,2.8784385,2.887443,2.911455,28378150,274774347.0,0.56864,1,-0.8247,0
2012-06-08,sh.600015,2.88144,2.88144,2.803401,2.815407,2.887443,42495315,400125262.0,0.851519,1,-2.4948,0
2012-06-11,sh.600015,2.815407,2.827413,2.797398,2.8124055,2.815407,26057305,244030344.0,0.522135,1,-0.1066,0
2012-06-12,sh.600015,2.8064025,2.8064025,2.7463725,2.773386,2.8124055,42616886,393785460.0,0.853955,1,-1.3874,0
2012-06-13,sh.600015,2.779389,2.8184085,2.7583785,2.797398,2.773386,42790210,397678735.0,0.857428,1,0.8658,0
2012-06-14,sh.600015,2.7823905,2.791395,2.7463725,2.7523755,2.797398,30866997,284954939.0,0.618512,1,-1.6094,0
2012-06-15,sh.600015,2.7643815,2.8724355,2.76138,2.851425,2.7523755,69985470,656322379.0,1.402366,1,3.5987,0
2012-06-18,sh.600015,2.845422,2.8484235,2.82141,2.8304145,2.851425,27982976,263961917.0,0.560722,1,-0.7368,0
2012-06-19,sh.600015,2.8304145,2.8724355,2.8124055,2.8364175,2.8304145,23290654,220130130.0,0.466697,1,0.2121,0
2012-06-20,sh.600015,2.839419,2.8844415,2.8364175,2.851425,2.8364175,36736028,350472717.0,0.736115,1,0.5291,0
2012-06-21,sh.600015,2.851425,2.851425,2.803401,2.809404,2.851425,16810867,158095863.0,0.336855,1,-1.4737,0
2012-06-25,sh.600015,2.809404,2.8304145,2.779389,2.785392,2.809404,16491032,154275867.0,0.330447,1,-0.8547,0
2012-06-26,sh.600015,2.7883935,2.833416,2.7823905,2.82141,2.785392,27810659,260928590.0,0.557269,1,1.2931,0
2012-06-27,sh.600015,2.8184085,2.8364175,2.803401,2.815407,2.82141,15869322,149065838.0,0.317989,1,-0.2128,0
2012-06-28,sh.600015,2.82141,2.8364175,2.7523755,2.773386,2.815407,19615940,183160240.0,0.393063,1,-1.4925,0
2012-06-29,sh.600015,2.773386,2.8544265,2.767383,2.8424205,2.773386,30479213,286501531.0,0.610741,1,2.4892,0
2012-07-02,sh.600015,2.8484235,2.851425,2.809404,2.8244115,2.8424205,21607287,202938699.0,0.432966,1,-0.6336,0
2012-07-03,sh.600015,2.8244115,2.8484235,2.8064025,2.8364175,2.8244115,16578925,156357909.0,0.332208,1,0.4251,0
2012-07-04,sh.600015,2.8364175,2.875437,2.8184085,2.857428,2.8364175,27250904,258976554.0,0.546052,1,0.7407,0
2012-07-05,sh.600015,2.8424205,2.851425,2.8064025,2.8244115,2.857428,15767157,148485970.0,0.315942,1,-1.1555,0
2012-07-06,sh.600015,2.779389,2.7883935,2.7223605,2.767383,2.8244115,38313289,351524244.0,0.76772,1,-2.0191,0
2012-07-09,sh.600015,2.755377,2.7643815,2.6563275,2.659329,2.767383,32715866,294864707.0,0.655559,1,-3.9046,0
2012-07-10,sh.600015,2.659329,2.6863425,2.647323,2.6683335,2.659329,13189614,117343480.0,0.264293,1,0.3386,0
2012-07-11,sh.600015,2.665332,2.677338,2.6503245,2.659329,2.6683335,14343739,127470616.0,0.287419,1,-0.3375,0
2012-07-12,sh.600015,2.665332,2.665332,2.6083035,2.64132,2.659329,35390541,310928933.0,0.709154,1,-0.6772,0
2012-07-13,sh.600015,2.64132,2.6803395,2.6263125,2.653326,2.64132,15145613,134024403.0,0.303487,1,0.4545,0
2012-07-16,sh.600015,2.659329,2.659329,2.569284,2.58129,2.653326,26722851,231482832.0,0.535471,1,-2.7149,0
2012-07-17,sh.600015,2.575287,2.6203095,2.5722855,2.6023005,2.58129,14251568,123460423.0,0.285572,1,0.814,0
2012-07-18,sh.600015,2.599299,2.623311,2.5662825,2.617308,2.6023005,21613019,186671602.0,0.433081,1,0.5767,0
2012-07-19,sh.600015,2.6083035,2.6563275,2.6023005,2.6323155,2.617308,24241435,212826282.0,0.485749,1,0.5734,0
2012-07-20,sh.600015,2.6263125,2.629314,2.593296,2.605302,2.6323155,13350751,116068365.0,0.267522,1,-1.0262,0
2012-07-23,sh.600015,2.5842915,2.587293,2.509254,2.527263,2.605302,26496428,224186843.0,0.530934,1,-2.9954,0
2012-07-24,sh.600015,2.5122555,2.533266,2.5002495,2.5122555,2.527263,20558885,172201843.0,0.411958,1,-0.5938,0
2012-07-25,sh.600015,2.5062525,2.539269,2.503251,2.5182585,2.5122555,15154807,127069774.0,0.303671,1,0.2389,0
2012-07-26,sh.600015,2.515257,2.5362675,2.5062525,2.5122555,2.5182585,14958882,125525099.0,0.299745,1,-0.2384,0
2012-07-27,sh.600015,2.5242615,2.569284,2.515257,2.539269,2.5122555,21539788,182724174.0,0.431613,1,1.0753,0
2012-07-30,sh.600015,2.5482735,2.599299,2.5422705,2.557278,2.539269,24317381,207945692.0,0.487271,1,0.7092,0
2012-07-31,sh.600015,2.5602795,2.6563275,2.5602795,2.64132,2.557278,57124782,497777892.0,1.144664,1,3.2864,0
2012-08-01,sh.600015,2.64132,2.6563275,2.623311,2.653326,2.64132,33471927,294368654.0,0.670709,1,0.4545,0
2012-08-02,sh.600015,2.647323,2.677338,2.629314,2.6623305,2.653326,27068040,239341845.0,0.542388,1,0.3394,0
2012-08-03,sh.600015,2.665332,2.6683335,2.64132,2.659329,2.6623305,17683919,156199990.0,0.35435,1,-0.1127,0
2012-08-06,sh.600015,2.653326,2.665332,2.629314,2.659329,2.659329,18676695,164784118.0,0.374243,1,0.0,0
2012-08-07,sh.600015,2.647323,2.6563275,2.635317,2.6503245,2.659329,12836719,113156998.0,0.257222,1,-0.3386,0
2012-08-08,sh.600015,2.647323,2.6923455,2.647323,2.689344,2.6503245,21521086,191915881.0,0.431239,1,1.4723,0
2012-08-09,sh.600015,2.6923455,2.713356,2.665332,2.7103545,2.689344,19455126,174212403.0,0.389841,1,0.7812,0
2012-08-10,sh.600015,2.749374,2.76138,2.7103545,2.713356,2.7103545,35062279,319329268.0,0.702576,1,0.1107,0
2012-08-13,sh.600015,2.713356,2.7223605,2.6923455,2.695347,2.713356,17183286,155108906.0,0.344318,1,-0.6637,0
2012-08-14,sh.600015,2.6923455,2.713356,2.6803395,2.7043515,2.695347,12455008,111947215.0,0.249573,1,0.3341,0
2012-08-15,sh.600015,2.695347,2.7043515,2.64132,2.64132,2.7043515,18666821,165237310.0,0.374045,1,-2.3307,0
2012-08-16,sh.600015,2.64132,2.653326,2.6083035,2.617308,2.64132,12851108,112396914.0,0.25751,1,-0.9091,0
2012-08-17,sh.600015,2.617308,2.6503245,2.617308,2.647323,2.617308,12940736,113619837.0,0.259306,1,1.1468,0
2012-08-20,sh.600015,2.64132,2.647323,2.5902945,2.6143065,2.647323,10869082,94595285.0,0.217794,1,-1.2472,0
2012-08-21,sh.600015,2.6143065,2.6263125,2.605302,2.611305,2.6143065,14473038,126109959.0,0.29001,1,-0.1148,0
2012-08-22,sh.600015,2.6143065,2.6203095,2.593296,2.611305,2.611305,11574433,100551628.0,0.231928,1,0.0,0
2012-08-23,sh.600015,2.617308,2.629314,2.5962975,2.6203095,2.611305,10860689,94626476.0,0.217626,1,0.3448,0
2012-08-24,sh.600015,2.6203095,2.6203095,2.593296,2.599299,2.6203095,9351671,81209213.0,0.187388,1,-0.8018,0
2012-08-27,sh.600015,2.5902945,2.599299,2.557278,2.5782885,2.599299,14031554,120465729.0,0.281164,1,-0.8083,0
2012-08-28,sh.600015,2.587293,2.671335,2.5782885,2.6503245,2.5782885,22373217,195985776.0,0.448314,1,2.7939,0
2012-08-29,sh.600015,2.6323155,2.6503245,2.623311,2.6323155,2.6503245,12361712,108495322.0,0.247703,1,-0.6795,0
2012-08-30,sh.600015,2.605302,2.6623305,2.5962975,2.6503245,2.6323155,15879334,139757153.0,0.318189,1,0.684144,0
2012-08-31,sh.600015,2.64132,2.6563275,2.617308,2.623311,2.6503245,10305784,90553659.0,0.206507,1,-1.0193,0
2012-09-03,sh.600015,2.623311,2.6323155,2.605302,2.6083035,2.623311,17077328,148769523.0,0.342195,1,-0.5721,0
2012-09-04,sh.600015,2.6083035,2.6143065,2.5122555,2.5302645,2.6083035,29247009,248815276.0,0.58605,1,-2.9919,0
2012-09-05,sh.600015,2.52126,2.5302645,2.4582285,2.467233,2.5302645,36180515,299519961.0,0.724984,1,-2.4911,0
2012-09-06,sh.600015,2.4762375,2.4942465,2.4582285,2.491245,2.467233,19266310,159094680.0,0.386058,1,0.9732,0
2012-09-07,sh.600015,2.5002495,2.611305,2.485242,2.5722855,2.491245,55286124,469673092.0,1.107821,1,3.253,0
2012-09-10,sh.600015,2.5602795,2.575287,2.539269,2.5482735,2.5722855,36388600,309249340.0,0.729153,1,-0.9335,0
2012-09-11,sh.600015,2.5422705,2.545272,2.509254,2.5182585,2.5482735,23380590,196545294.0,0.468499,1,-1.1779,0
2012-09-12,sh.600015,2.5422705,2.5542765,2.5062525,2.5242615,2.5182585,20663655,174234046.0,0.414057,1,0.2384,0
2012-09-13,sh.600015,2.527263,2.539269,2.515257,2.5182585,2.5242615,12291407,103507524.0,0.246295,1,-0.2378,0
2012-09-14,sh.600015,2.5302645,2.557278,2.5182585,2.539269,2.5182585,24915692,210946817.0,0.49926,1,0.8343,0
2012-09-17,sh.600015,2.5362675,2.539269,2.485242,2.4882435,2.539269,19714047,164947089.0,0.395029,1,-2.0095,0
2012-09-18,sh.600015,2.4822405,2.4882435,2.4642315,2.4702345,2.4882435,12985291,107094242.0,0.260199,1,-0.7238,0
2012-09-19,sh.600015,2.4762375,2.485242,2.4582285,2.4702345,2.4702345,16070055,132063310.0,0.322011,1,0.0,0
2012-09-20,sh.600015,2.4642315,2.467233,2.3921955,2.395197,2.4702345,30990915,250222350.0,0.620995,1,-3.0377,0
2012-09-21,sh.600015,2.3921955,2.4042015,2.3681835,2.383191,2.395197,24835430,197243981.0,0.497651,1,-0.5013,0
2012-09-24,sh.600015,2.3621805,2.3861925,2.34117,2.3741865,2.383191,17152785,135038888.0,0.343707,1,-0.3778,0
2012-09-25,sh.600015,2.365182,2.377188,2.3501745,2.359179,2.3741865,8264355,65081715.0,0.165601,1,-0.6321,0
2012-09-26,sh.600015,2.3501745,2.3681835,2.3381685,2.3381685,2.359179,11479992,89871697.0,0.230036,1,-0.8906,0
2012-09-27,sh.600015,2.3381685,2.4222105,2.335167,2.3921955,2.3381685,32909396,261516960.0,0.659437,1,2.3107,0
2012-09-28,sh.600015,2.3741865,2.4162075,2.371185,2.413206,2.3921955,24704568,197049867.0,0.495029,1,0.8783,0
2012-10-08,sh.600015,2.407203,2.4282135,2.3921955,2.4102045,2.413206,16740223,134396084.0,0.33544,1,-0.1244,0
2012-10-09,sh.600015,2.413206,2.473236,2.4102045,2.4642315,2.4102045,29195696,238578818.0,0.585022,1,2.2416,0
2012-10-10,sh.600015,2.455227,2.467233,2.443221,2.46123,2.4642315,12959508,106015654.0,0.259682,1,-0.1218,0
2012-10-11,sh.600015,2.455227,2.46123,2.4462225,2.4522255,2.46123,11956398,97748847.0,0.239582,1,-0.3659,0
2012-10-12,sh.600015,2.46123,2.4942465,2.455227,2.4702345,2.4522255,24472752,201792642.0,0.490384,1,0.7344,0
2012-10-15,sh.600015,2.4702345,2.4762375,2.4282135,2.443221,2.4702345,12286302,100248575.0,0.246192,1,-1.0936,0
2012-10-16,sh.600015,2.4462225,2.5302645,2.4462225,2.5062525,2.443221,43363925,361588606.0,0.868925,1,2.5799,0
2012-10-17,sh.600015,2.509254,2.5242615,2.4882435,2.5122555,2.5062525,23009897,192366974.0,0.461071,1,0.2395,0
2012-10-18,sh.600015,2.5182585,2.545272,2.5122555,2.539269,2.5122555,20531027,173335871.0,0.4114,1,1.0753,0
2012-10-19,sh.600015,2.5362675,2.539269,2.52126,2.533266,2.539269,11545189,97320168.0,0.231342,1,-0.236412,0
2012-10-22,sh.600015,2.52126,2.5662825,2.5182585,2.5602795,2.533266,18104853,153518181.0,0.362784,1,1.0664,0
2012-10-23,sh.600015,2.5602795,2.5662825,2.515257,2.5242615,2.5602795,12931665,109545670.0,0.259124,1,-1.4068,0
2012-10-24,sh.600015,2.527263,2.5482735,2.515257,2.5302645,2.5242615,12289080,103784916.0,0.246248,1,0.2378,0
2012-10-25,sh.600015,2.5302645,2.545272,2.515257,2.5182585,2.5302645,15026513,126627975.0,0.301101,1,-0.4745,0
2012-10-26,sh.600015,2.533266,2.539269,2.473236,2.485242,2.5182585,21827664,182002784.0,0.437382,1,-1.3111,0
2012-10-29,sh.600015,2.479239,2.509254,2.4762375,2.491245,2.485242,8675168,72084711.0,0.173833,1,0.2415,0
2012-10-30,sh.600015,2.4942465,2.52126,2.4762375,2.5002495,2.491245,13348950,111007164.0,0.267486,1,0.3614,0
2012-10-31,sh.600015,2.5062525,2.5242615,2.491245,2.509254,2.5002495,13685693,114320719.0,0.274233,1,0.3601,0
2012-11-01,sh.600015,2.5122555,2.5722855,2.5062525,2.557278,2.509254,29978151,254172083.0,0.600701,1,1.9139,0
2012-11-02,sh.600015,2.5542765,2.635317,2.551275,2.6263125,2.557278,64874679,561200646.0,1.299956,1,2.6995,0
2012-11-05,sh.600015,2.617308,2.659329,2.5962975,2.6323155,2.6263125,44064028,386373319.0,0.882953,1,0.2286,0
2012-11-06,sh.600015,2.629314,2.6323155,2.575287,2.6143065,2.6323155,26134081,226222667.0,0.523674,1,-0.6842,0
2012-11-07,sh.600015,2.6083035,2.6203095,2.58129,2.605302,2.6143065,12983073,112657889.0,0.260154,1,-0.3444,0
2012-11-08,sh.600015,2.5782885,2.6023005,2.5482735,2.5542765,2.605302,18854298,161623251.0,0.377802,1,-1.9585,0
2012-11-09,sh.600015,2.5482735,2.569284,2.5422705,2.551275,2.5542765,9632439,82030500.0,0.193014,1,-0.1175,0
2012-11-12,sh.600015,2.563281,2.599299,2.557278,2.5962975,2.551275,18568029,159760382.0,0.372065,1,1.7647,0
2012-11-13,sh.600015,2.5962975,2.5962975,2.5302645,2.5362675,2.5962975,18440385,156769091.0,0.369508,1,-2.3121,0
2012-11-14,sh.600015,2.5362675,2.563281,2.527263,2.5542765,2.5362675,13310690,112901346.0,0.266719,1,0.7101,0
2012-11-15,sh.600015,2.5362675,2.545272,2.5062525,2.5062525,2.5542765,9913598,83475801.0,0.198648,1,-1.8801,0
2012-11-16,sh.600015,2.5062525,2.515257,2.485242,2.491245,2.5062525,13682499,113780023.0,0.274169,1,-0.5988,0
2012-11-19,sh.600015,2.4942465,2.515257,2.491245,2.509254,2.491245,7840712,65418422.0,0.157112,1,0.7229,0
2012-11-20,sh.600015,2.52126,2.5302645,2.5002495,2.5002495,2.509254,8940852,74828038.0,0.179156,1,-0.3589,0
2012-11-21,sh.600015,2.503251,2.551275,2.497248,2.545272,2.5002495,13979785,117748165.0,0.280126,1,1.8007,0
2012-11-22,sh.600015,2.5362675,2.545272,2.509254,2.527263,2.545272,10290290,86636712.0,0.206196,1,-0.7075,0
2012-11-23,sh.600015,2.533266,2.5902945,2.527263,2.58129,2.527263,32401935,277833255.0,0.649269,1,2.1378,0
2012-11-26,sh.600015,2.563281,2.587293,2.563281,2.5662825,2.58129,10326566,88561229.0,0.206923,1,-0.5814,0
2012-11-27,sh.600015,2.563281,2.587293,2.5602795,2.5662825,2.5662825,22728132,194974932.0,0.455425,1,0.0,0
2012-11-28,sh.600015,2.557278,2.569284,2.5302645,2.5422705,2.5662825,12693059,107818483.0,0.254343,1,-0.9357,0
2012-11-29,sh.600015,2.5362675,2.5482735,2.509254,2.527263,2.5422705,16249245,136600733.0,0.325602,1,-0.5903,0
2012-11-30,sh.600015,2.5182585,2.539269,2.497248,2.5302645,2.527263,18555356,155954214.0,0.371811,1,0.1188,0
2012-12-03,sh.600015,2.52126,2.52126,2.4102045,2.425212,2.5302645,74841539,608852997.0,1.499672,1,-4.1518,0
2012-12-04,sh.600015,2.4042015,2.455227,2.3861925,2.449224,2.425212,27491020,222002286.0,0.550864,1,0.9901,0
2012-12-05,sh.600015,2.4402195,2.5902945,2.4342165,2.5722855,2.449224,77216901,654457310.0,1.547269,1,5.0245,0
2012-12-06,sh.600015,2.557278,2.617308,2.557278,2.6083035,2.5722855,47255211,408087414.0,0.946898,1,1.4002,0
2012-12-07,sh.600015,2.6083035,2.7403695,2.593296,2.7343665,2.6083035,80534336,721037142.0,1.613744,1,4.8331,0
2012-12-10,sh.600015,2.755377,2.7643815,2.719359,2.7463725,2.7343665,64111837,586296170.0,1.28467,1,0.4391,0
2012-12-11,sh.600015,2.7403695,2.7703845,2.713356,2.749374,2.7463725,35513426,324556747.0,0.711617,1,0.1093,0
2012-12-12,sh.600015,2.7403695,2.8003995,2.731365,2.7763875,2.749374,34418216,318159501.0,0.689671,1,0.9825,0
2012-12-13,sh.600015,2.7703845,2.7883935,2.7343665,2.737368,2.7763875,26667299,245492281.0,0.534358,1,-1.4054,0
2012-12-14,sh.600015,2.725362,3.0045015,2.725362,2.9564775,2.737368,84120450,808934061.0,1.685602,1,8.0044,0
2012-12-17,sh.600015,2.9744865,2.9804895,2.917458,2.9504745,2.9564775,56454021,555142371.0,1.131223,1,-0.203,0
2012-12-18,sh.600015,2.9384685,3.0045015,2.911455,2.9624805,2.9504745,58998292,583554491.0,1.182205,1,0.4069,0
2012-12-19,sh.600015,2.9504745,2.9744865,2.947473,2.9504745,2.9624805,33027086,325920801.0,0.661795,1,-0.4053,0
2012-12-20,sh.600015,2.94147,2.953476,2.8604295,2.9204595,2.9504745,56697372,547607223.0,1.1361,1,-1.0173,0
2012-12-21,sh.600015,2.9204595,2.929464,2.8664325,2.88144,2.9204595,34753092,335006139.0,0.696381,1,-1.3361,0
2012-12-24,sh.600015,2.8784385,2.94147,2.8724355,2.917458,2.88144,42952907,417705147.0,0.860689,1,1.25,0
2012-12-25,sh.600015,2.911455,3.085542,2.887443,3.043521,2.917458,82680709,829177626.0,1.656753,1,4.321,0
2012-12-26,sh.600015,3.037518,3.0465225,2.9864925,3.013506,3.043521,44266662,444292429.0,0.887014,1,-0.9862,0
2012-12-27,sh.600015,3.0165075,3.055527,2.971485,3.0015,3.013506,34854348,349679529.0,0.69841,1,-0.3984,0
2012-12-28,sh.600015,3.007503,3.0585285,2.9984985,3.0405195,3.0015,25635987,259007079.0,0.513693,1,1.3,0
2012-12-31,sh.600015,3.0525255,3.115557,3.0525255,3.1065525,3.0405195,53961371,556460760.0,1.081276,1,2.1718,0
2013-01-04,sh.600015,3.1785885,3.2026005,3.079539,3.1005495,3.1065525,62240129,647400147.0,1.247165,1,-0.1932,0
2013-01-07,sh.600015,3.097548,3.1785885,3.085542,3.1365675,3.1005495,29429329,307059381.0,0.589704,1,1.1617,0
2013-01-08,sh.600015,3.145572,3.157578,3.0465225,3.067533,3.1365675,40073802,410805973.0,0.802997,1,-2.201,0
2013-01-09,sh.600015,3.0645315,3.0765375,3.0165075,3.031515,3.067533,34803651,352892971.0,0.697394,1,-1.1742,0
2013-01-10,sh.600015,3.031515,3.073536,3.0225105,3.0405195,3.031515,25982163,263361729.0,0.52063,1,0.297,0
2013-01-11,sh.600015,3.043521,3.0525255,2.977488,2.989494,3.0405195,27125736,272079836.0,0.543544,1,-1.6782,0
2013-01-14,sh.600015,2.9744865,3.1605795,2.971485,3.139569,2.989494,59575128,612251153.0,1.193764,1,5.0201,0
2013-01-15,sh.600015,3.1365675,3.187593,3.1245615,3.157578,3.139569,41841953,438985053.0,0.838427,1,0.5736,0
2013-01-16,sh.600015,3.1485735,3.151575,3.0465225,3.0945465,3.157578,29059849,300088671.0,0.5823,1,-1.9962,0
2013-01-17,sh.600015,3.085542,3.1365675,3.0465225,3.109554,3.0945465,26747111,274610372.0,0.535958,1,0.485,0
2013-01-18,sh.600015,3.12156,3.199599,3.1185585,3.1665825,3.109554,38960749,409751852.0,0.780694,1,1.834,0
2013-01-21,sh.600015,3.18159,3.2386185,3.1365675,3.235617,3.1665825,60097653,642175034.0,1.204234,1,2.1801,0
2013-01-22,sh.600015,3.235617,3.3766875,3.1965975,3.343671,3.235617,105110526,1158996472.0,2.1062,1,3.3395,0
2013-01-23,sh.600015,3.3166575,3.3886935,3.2986485,3.36168,3.343671,54969842,612357800.0,1.101483,1,0.5386,0
2013-01-24,sh.600015,3.36168,3.48174,3.2446215,3.2986485,3.36168,83466002,937974157.0,1.672488,1,-1.875,0
2013-01-25,sh.600015,3.3046515,3.3346665,3.2686335,3.313656,3.2986485,37667923,414908756.0,0.754788,1,0.455,0
2013-01-28,sh.600015,3.3226605,3.463731,3.3226605,3.4427205,3.313656,65020986,741294521.0,1.302888,1,3.8949,0
2013-01-29,sh.600015,3.457728,3.547773,3.4127055,3.499749,3.4427205,94112374,1090865976.0,1.88582,1,1.6565,0
2013-01-30,sh.600015,3.5027505,3.5027505,3.36168,3.463731,3.499749,48773601,561878810.0,0.977323,1,-1.0292,0
2013-01-31,sh.600015,3.4787385,3.499749,3.4187085,3.4967475,3.463731,54137084,624545651.0,1.084797,1,0.9532,0
2013-02-01,sh.600015,3.4667325,3.6018,3.451725,3.5927955,3.4967475,76800916,905997192.0,1.538934,1,2.7468,0
2013-02-04,sh.600015,3.6228105,3.7308645,3.6048015,3.6288135,3.5927955,95440806,1162773776.0,1.912439,1,1.0025,0
2013-02-05,sh.600015,3.6048015,3.637818,3.5087535,3.5687835,3.6288135,56002368,666000994.0,1.122173,1,-1.6543,0
2013-02-06,sh.600015,3.565782,3.673836,3.5387685,3.66183,3.5687835,57144236,684762146.0,1.145054,1,2.6072,0
2013-02-07,sh.600015,3.643821,3.6648315,3.4247115,3.5147565,3.66183,81253673,954667983.0,1.628158,1,-4.0164,0
2013-02-08,sh.600015,3.505752,3.553776,3.4307145,3.547773,3.5147565,55368790,646925452.0,1.109478,1,0.9394,0
2013-02-18,sh.600015,3.571785,3.571785,3.4367175,3.4487235,3.547773,45887539,533290818.0,0.919493,1,-2.7919,0
2013-02-19,sh.600015,3.4487235,3.4727355,3.3706845,3.4067025,3.4487235,41229942,468874635.0,0.826164,1,-1.2185,0
2013-02-20,sh.600015,3.4127055,3.415707,3.2686335,3.3466725,3.4067025,52840648,585218910.0,1.058819,1,-1.7621,0
2013-02-21,sh.600015,3.30165,3.319659,3.1725855,3.199599,3.3466725,58656592,631663718.0,1.175358,1,-4.3946,0
2013-02-22,sh.600015,3.1845915,3.2506245,3.1665825,3.18159,3.199599,41436373,443868003.0,0.8303,1,-0.5629,0
2013-02-25,sh.600015,3.2146065,3.2626305,3.205602,3.2446215,3.18159,31639207,341033340.0,0.633985,1,1.9811,0
2013-02-26,sh.600015,3.211605,3.3586785,3.199599,3.217608,3.2446215,48174562,527937884.0,0.96532,1,-0.8326,0
2013-02-27,sh.600015,3.235617,3.3106545,3.169584,3.24162,3.217608,42109646,454163859.0,0.843791,1,0.7463,0
2013-02-28,sh.600015,3.271635,3.379689,3.223611,3.373686,3.24162,51877092,573159829.0,1.039511,1,4.0741,0
2013-03-01,sh.600015,3.373686,3.4067025,3.2866425,3.355677,3.373686,46358774,518809005.0,0.928935,1,-0.5338,0
2013-03-04,sh.600015,3.2866425,3.30165,3.127563,3.1545765,3.355677,52362701,559638115.0,1.049242,1,-5.9928,0
2013-03-05,sh.600015,3.1545765,3.3526755,3.151575,3.319659,3.1545765,53887893,584748413.0,1.079803,1,5.2331,0
2013-03-06,sh.600015,3.343671,3.373686,3.2926455,3.3286635,3.319659,45636681,507332074.0,0.914466,1,0.2712,0
2013-03-07,sh.600015,3.3046515,3.3166575,3.169584,3.2146065,3.3286635,44663434,484815525.0,0.894964,1,-3.4265,0
2013-03-08,sh.600015,3.229614,3.283641,3.1965975,3.2446215,3.2146065,29351299,316983348.0,0.58814,1,0.9337,0
2013-03-11,sh.600015,3.235617,3.247623,3.1785885,3.205602,3.2446215,26214979,280494533.0,0.525295,1,-1.2026,0
2013-03-12,sh.600015,3.2026005,3.2326155,3.0645315,3.091545,3.205602,45296115,472714508.0,0.907642,1,-3.5581,0
2013-03-13,sh.600015,3.0885435,3.1305645,3.0765375,3.0945465,3.091545,27117760,279969712.0,0.543385,1,0.0971,0
2013-03-14,sh.600015,3.097548,3.139569,3.085542,3.1125555,3.0945465,20223335,209748351.0,0.405234,1,0.582,0
2013-03-15,sh.600015,3.115557,3.253626,3.079539,3.1245615,3.1125555,44355636,468257278.0,0.888796,1,0.3857,0
2013-03-18,sh.600015,3.1065525,3.1665825,3.0945465,3.127563,3.1245615,28548256,298505728.0,0.572049,1,0.0961,0
2013-03-19,sh.600015,3.139569,3.18159,3.115557,3.1785885,3.127563,25074634,262788752.0,0.502444,1,1.6315,0
2013-03-20,sh.600015,3.18159,3.367683,3.1725855,3.355677,3.1785885,63762653,698582528.0,1.277673,1,5.5713,0
2013-03-21,sh.600015,3.355677,3.3826905,3.3046515,3.3346665,3.355677,55541559,619620928.0,1.112939,1,-0.6261,0
2013-03-22,sh.600015,3.325662,3.367683,3.307653,3.3586785,3.3346665,34383177,383106560.0,0.688969,1,0.7201,0
2013-03-25,sh.600015,3.3646815,3.4067025,3.3166575,3.3226605,3.3586785,27784612,310343360.0,0.556747,1,-1.0724,0
2013-03-26,sh.600015,3.30165,3.313656,3.1965975,3.2146065,3.3226605,42142318,453588640.0,0.844446,1,-3.252,0
2013-03-27,sh.600015,3.223611,3.2986485,3.2146065,3.247623,3.2146065,31212061,338108416.0,0.625426,1,1.0271,0
2013-03-28,sh.600015,3.12156,3.12156,2.923461,3.0465225,3.247623,88640119,893535616.0,1.776167,1,-6.1922,0
2013-03-29,sh.600015,3.0405195,3.1425705,3.007503,3.139569,3.0465225,74351075,765829824.0,1.489844,1,3.0542,0
2013-04-01,sh.600015,3.1125555,3.1245615,3.0765375,3.0765375,3.139569,18084637,186563216.0,0.362379,1,-2.0076,0
2013-04-02,sh.600015,3.091545,3.127563,3.073536,3.0945465,3.0765375,24064853,248542032.0,0.482211,1,0.5854,0
2013-04-03,sh.600015,3.103551,3.1545765,3.103551,3.12156,3.0945465,23497537,244940928.0,0.470843,1,0.8729,0
2013-04-08,sh.600015,3.055527,3.091545,3.037518,3.079539,3.12156,18271556,186847216.0,0.366125,1,-1.3461,0
2013-04-09,sh.600015,3.0885435,3.1185585,3.0645315,3.073536,3.079539,24358562,250771008.0,0.488096,1,-0.1949,0
2013-04-10,sh.600015,3.073536,3.0825405,3.0165075,3.043521,3.073536,14169893,143902416.0,0.283936,1,-0.9766,0
2013-04-11,sh.600015,3.079539,3.0825405,3.037518,3.0525255,3.043521,11342935,115474192.0,0.227289,1,0.2959,0
2013-04-12,sh.600015,3.049524,3.0765375,3.031515,3.0585285,3.0525255,18849991,192153280.0,0.377715,1,0.196652,0
2013-04-15,sh.600015,3.0585285,3.0765375,3.037518,3.049524,3.0585285,16866437,171545136.0,0.337969,1,-0.2944,0
2013-04-16,sh.600015,3.031515,3.067533,2.989494,3.0525255,3.049524,21615487,218204912.0,0.43313,1,0.098427,0
2013-04-17,sh.600015,3.055527,3.055527,2.9924955,3.0225105,3.0525255,16304679,163856256.0,0.326712,1,-0.9833,0
2013-04-18,sh.600015,2.9924955,3.0765375,2.94147,3.055527,3.0225105,33119645,333660416.0,0.66365,1,1.0924,0
2013-04-19,sh.600015,3.055527,3.2266125,3.049524,3.1845915,3.055527,51958149,545063104.0,1.041135,1,4.223962,0
2013-04-22,sh.600015,3.1725855,3.205602,3.1605795,3.18159,3.1845915,25703109,272193280.0,0.515038,1,-0.0942,0
2013-04-23,sh.600015,3.217608,3.223611,3.025512,3.043521,3.18159,39088286,402398656.0,0.783249,1,-4.3396,0
2013-04-24,sh.600015,3.0585285,3.1665825,3.0285135,3.115557,3.043521,32544777,334516224.0,0.652131,1,2.3669,0
2013-04-25,sh.600015,3.1125555,3.1125555,3.049524,3.0585285,3.115557,22562431,231343728.0,0.452105,1,-1.8304,0
2013-04-26,sh.600015,3.1305645,3.2026005,3.115557,3.1425705,3.0585285,50156004,528552992.0,1.005024,1,2.747799,0
2013-05-02,sh.600015,3.12156,3.1965975,3.1125555,3.1785885,3.1425705,28839493,304139648.0,0.577885,1,1.1461,0
2013-05-03,sh.600015,3.1965975,3.3046515,3.187593,3.2386185,3.1785885,38019862,411740704.0,0.76184,1,1.888572,0
2013-05-06,sh.600015,3.2566275,3.289644,3.2206095,3.2566275,3.2386185,45325537,491382496.0,0.908231,1,0.5561,0
2013-05-07,sh.600015,3.2386185,3.2386185,3.187593,3.211605,3.2566275,30934046,330398784.0,0.619855,1,-1.3825,0
2013-05-08,sh.600015,3.229614,3.259629,3.199599,3.2086035,3.211605,27727326,297923328.0,0.555599,1,-0.0935,0
2013-05-09,sh.600015,3.211605,3.217608,3.1305645,3.1605795,3.2086035,27860745,294055424.0,0.558272,1,-1.4967,0
2013-05-10,sh.600015,3.157578,3.199599,3.1425705,3.1845915,3.1605795,18108813,191639152.0,0.362864,1,0.7597,0
2013-05-13,sh.600015,3.1845915,3.199599,3.157578,3.1785885,3.1845915,14977210,158581792.0,0.300113,1,-0.1885,0
2013-05-14,sh.600015,3.175587,3.1785885,3.127563,3.1485735,3.1785885,16170260,169690048.0,0.324019,1,-0.9443,0
2013-05-15,sh.600015,3.151575,3.1725855,3.139569,3.1545765,3.1485735,16092626,169226848.0,0.322463,1,0.1907,0
2013-05-16,sh.600015,3.1485735,3.2446215,3.1245615,3.2446215,3.1545765,37653329,400926656.0,0.754496,1,2.8544,0
2013-05-17,sh.600015,3.2326155,3.2686335,3.211605,3.259629,3.2446215,49385048,533778976.0,0.989576,1,0.4625,0
2013-05-20,sh.600015,3.271635,3.3406695,3.247623,3.289644,3.259629,52953796,581787776.0,1.061086,1,0.9208,0
2013-05-21,sh.600015,3.2806395,3.2926455,3.247623,3.265632,3.289644,25640007,279138944.0,0.513773,1,-0.729926,0
2013-05-22,sh.600015,3.265632,3.2926455,3.259629,3.2866425,3.265632,24477245,266831648.0,0.490474,1,0.6434,0
2013-05-23,sh.600015,3.271635,3.289644,3.217608,3.223611,3.2866425,24094033,261121472.0,0.482795,1,-1.9178,0
2013-05-24,sh.600015,3.2266125,3.259629,3.1965975,3.217608,3.223611,32310447,346325632.0,0.647435,1,-0.1862,0
2013-05-27,sh.600015,3.211605,3.2326155,3.1785885,3.193596,3.217608,29237201,311838208.0,0.585854,1,-0.7463,0
2013-05-28,sh.600015,3.193596,3.283641,3.1785885,3.2806395,3.193596,39938384,430774400.0,0.800284,1,2.7256,0
2013-05-29,sh.600015,3.289644,3.3046515,3.247623,3.253626,3.2806395,30015794,327217472.0,0.601455,1,-0.8234,0
2013-05-30,sh.600015,3.247623,3.2686335,3.2206095,3.229614,3.253626,31033052,334352832.0,0.621839,1,-0.738,0
2013-05-31,sh.600015,3.24162,3.2506245,3.2026005,3.2086035,3.229614,21616442,232595488.0,0.433149,1,-0.650564,0
2013-06-03,sh.600015,3.223611,3.2506245,3.205602,3.2146065,3.2086035,18041132,194010512.0,0.361507,1,0.1871,0
2013-06-04,sh.600015,3.2146065,3.235617,3.2026005,3.211605,3.2146065,20813458,222889184.0,0.417059,1,-0.0934,0
2013-06-05,sh.600015,3.205602,3.2146065,3.1665825,3.1785885,3.211605,18508786,196615680.0,0.370878,1,-1.028,0
2013-06-06,sh.600015,3.1725855,3.187593,3.115557,3.1185585,3.1785885,22532526,235908352.0,0.451506,1,-1.8886,0
2013-06-07,sh.600015,3.1305645,3.139569,3.073536,3.079539,3.1185585,18708737,193277136.0,0.374885,1,-1.2512,0
2013-06-13,sh.600015,3.0645315,3.0645315,2.977488,2.9984985,3.079539,27548549,275073472.0,0.552017,1,-2.6316,0
2013-06-14,sh.600015,3.0105045,3.025512,2.995497,3.019509,2.9984985,18984573,190358624.0,0.380412,1,0.7007,0
2013-06-17,sh.600015,3.037518,3.043521,3.0015,3.0105045,3.019509,12688805,127646008.0,0.254258,1,-0.2982,0
2013-06-18,sh.600015,3.031515,3.055527,3.013506,3.031515,3.0105045,11160821,112843376.0,0.22364,1,0.6979,0
2013-06-19,sh.600015,3.025512,3.025512,2.9564775,2.989494,3.031515,13720982,136320048.0,0.27494,1,-1.3861,0
2013-06-20,sh.600015,2.9744865,2.983491,2.851425,2.857428,2.989494,25026768,243108640.0,0.501485,1,-4.4177,0
2013-06-21,sh.600015,2.8124055,2.893446,2.803401,2.845422,2.857428,18585108,176604816.0,0.372408,1,-0.4202,0
2013-06-24,sh.600015,2.8424205,2.8424205,2.6023005,2.6083035,2.845422,45202123,406700896.0,0.905758,1,-8.3333,0
2013-06-25,sh.600015,2.599299,2.6203095,2.395197,2.6083035,2.6083035,70095909,589290752.0,1.404579,1,0.0,0
2013-06-26,sh.600015,2.6263125,2.6443215,2.5362675,2.575287,2.6083035,39230665,338028480.0,0.786102,1,-1.2658,0
2013-06-27,sh.600015,2.5962975,2.6203095,2.569284,2.599299,2.575287,31926081,275988096.0,0.639733,1,0.9324,0
2013-06-28,sh.600015,2.587293,2.719359,2.569284,2.707353,2.599299,37393435,330926528.0,0.749288,1,4.157,0
2013-07-01,sh.600015,2.6743365,2.70135,2.635317,2.677338,2.707353,19706104,175354048.0,0.39487,1,-1.1086,0
2013-07-02,sh.600015,2.6803395,2.689344,2.6443215,2.665332,2.677338,16458997,146009792.0,0.329805,1,-0.4484,0
2013-07-03,sh.600015,2.6563275,2.6563275,2.569284,2.605302,2.665332,24566432,213055216.0,0.492261,1,-2.2523,0
2013-07-04,sh.600015,2.58129,2.665332,2.5722855,2.6263125,2.605302,25616741,224277216.0,0.513307,1,0.8065,0
2013-07-05,sh.600015,2.635317,2.665332,2.623311,2.6263125,2.6263125,14493519,127641056.0,0.290421,1,0.0,0
2013-07-08,sh.600015,2.5902945,2.617308,2.5722855,2.5782885,2.6263125,18828915,162314656.0,0.377293,1,-1.8286,0
2013-07-09,sh.600015,2.58129,2.605302,2.58129,2.5962975,2.5782885,8255702,71337400.0,0.165427,1,0.6985,0
2013-07-10,sh.600015,2.593296,2.6683335,2.593296,2.665332,2.5962975,16348913,143512352.0,0.327599,1,2.659,0
2013-07-11,sh.600015,2.677338,2.9084535,2.677338,2.863431,2.665332,67967729,636287808.0,1.361935,1,7.4324,0
2013-07-12,sh.600015,2.8364175,2.863431,2.7523755,2.7643815,2.863431,40000324,374274560.0,0.801525,1,-3.4591,0
2013-07-15,sh.600015,2.785392,2.8664325,2.773386,2.8124055,2.7643815,30910516,290841088.0,0.619384,1,1.7372,0
2013-07-16,sh.600015,2.8124055,2.8304145,2.76138,2.8304145,2.8124055,21694186,202014944.0,0.434707,1,0.6403,0
2013-07-17,sh.600015,2.8184085,2.833416,2.7703845,2.785392,2.8304145,25210522,235431248.0,0.505167,1,-1.5907,0
2013-07-18,sh.600015,2.803401,2.815407,2.7463725,2.7523755,2.785392,28783876,266734240.0,0.57677,1,-1.1853,0
2013-07-19,sh.600015,2.76138,2.7823905,2.707353,2.7103545,2.7523755,23540852,215675712.0,0.471711,1,-1.5267,0
2013-07-22,sh.600015,2.671335,2.725362,2.6443215,2.7103545,2.7103545,21466572,192053808.0,0.430146,1,0.0,0
2013-07-23,sh.600015,2.7163575,2.809404,2.70135,2.785392,2.7103545,35500035,327573504.0,0.711348,1,2.7685,0
2013-07-24,sh.600015,2.773062,2.78538672,2.6498148,2.7114384,2.78538672,45560930,299728128.0,0.702268,1,-2.6549,0
2013-07-25,sh.600015,2.69911368,2.71965488,2.65392304,2.67857248,2.7114384,29542597,193233376.0,0.455364,1,-1.2121,0
2013-07-26,sh.600015,2.66624776,2.67857248,2.64159832,2.6498148,2.67857248,17191718,111102280.0,0.26499,1,-1.0736,0
2013-07-29,sh.600015,2.61284064,2.61284064,2.51835112,2.54300056,2.6498148,44766415,278276288.0,0.690021,1,-4.031,0
2013-07-30,sh.600015,2.55943352,2.62516536,2.55121704,2.57997472,2.54300056,34227476,215102224.0,0.527576,1,1.454,0
2013-07-31,sh.600015,2.59640768,2.63338184,2.56765,2.6087324,2.57997472,22425767,141513168.0,0.345667,1,1.1146,0
2013-08-01,sh.600015,2.6087324,2.65392304,2.60051592,2.64159832,2.6087324,29149138,186645104.0,0.449299,1,1.2598,0
2013-08-02,sh.600015,2.66624776,2.68268072,2.63338184,2.6498148,2.64159832,29430755,190190048.0,0.45364,1,0.311,0
2013-08-05,sh.600015,2.65392304,2.70733016,2.64570656,2.70322192,2.6498148,28121451,183004080.0,0.433459,1,2.0155,0
2013-08-06,sh.600015,2.6908972,2.71965488,2.670356,2.70733016,2.70322192,22833969,149510656.0,0.351959,1,0.152,0
2013-08-07,sh.600015,2.70733016,2.74430432,2.69911368,2.71965488,2.70733016,24096872,159691120.0,0.371425,1,0.4552,0
2013-08-08,sh.600015,2.7114384,2.7525208,2.68678896,2.74430432,2.71965488,27318048,181093648.0,0.421075,1,0.9063,0
2013-08-09,sh.600015,2.76895376,2.81003616,2.73608784,2.7525208,2.74430432,51779016,348834432.0,0.798112,1,0.2994,0
2013-08-12,sh.600015,2.76073728,2.84290208,2.7525208,2.83057736,2.7525208,55771721,380909248.0,0.859655,1,2.8358,0
2013-08-13,sh.600015,2.81825264,2.85933504,2.81003616,2.85111856,2.83057736,40775995,281778112.0,0.628514,1,0.7257,0
2013-08-14,sh.600015,2.85111856,2.90041744,2.82646912,2.8346856,2.85111856,43992767,307010176.0,0.678096,1,-0.5764,0
2013-08-15,sh.600015,2.82646912,2.8552268,2.77717024,2.7936032,2.8346856,32945860,225745584.0,0.507821,1,-1.4493,0
2013-08-16,sh.600015,2.773062,3.07296352,2.74841256,2.82236088,2.7936032,100140859,701038912.0,1.543553,1,1.0294,0
2013-08-19,sh.600015,2.77717024,2.88398448,2.76073728,2.8552268,2.82236088,42520997,292665184.0,0.655411,1,1.1645,0
2013-08-20,sh.600015,2.84701032,2.9168504,2.83879384,2.86344328,2.8552268,54564649,382267008.0,0.841049,1,0.2878,0
2013-08-21,sh.600015,2.86755152,2.88398448,2.82236088,2.83057736,2.86344328,29053917,200922592.0,0.447832,1,-1.1478,0
2013-08-22,sh.600015,2.82646912,2.88398448,2.82236088,2.83879384,2.83057736,25046500,174031776.0,0.386062,1,0.2903,0
2013-08-23,sh.600015,2.8552268,2.875768,2.76073728,2.81003616,2.83879384,33803480,232326880.0,0.521041,1,-1.013,0
2013-08-26,sh.600015,2.82236088,2.875768,2.79771144,2.86755152,2.81003616,43611559,303014848.0,0.67222,1,2.0468,0
2013-08-27,sh.600015,2.86755152,2.90041744,2.84701032,2.875768,2.86755152,32379467,226442016.0,0.499091,1,0.2865,0
2013-08-28,sh.600015,2.85933504,2.87987624,2.82646912,2.85933504,2.875768,34146456,237249200.0,0.526327,1,-0.5714,0
2013-08-29,sh.600015,2.87987624,2.8963092,2.83879384,2.85933504,2.85933504,28824496,200969120.0,0.444295,1,0.0,0
2013-08-30,sh.600015,2.85933504,2.88398448,2.8346856,2.86755152,2.85933504,33255828,231871552.0,0.512599,1,0.2874,0
2013-09-02,sh.600015,2.875768,2.8963092,2.84701032,2.87987624,2.86755152,36798128,257676512.0,0.5672,1,0.4298,0
2013-09-03,sh.600015,2.89220096,2.96204104,2.875768,2.95382456,2.87987624,63604523,453575680.0,0.980388,1,2.5678,0
2013-09-04,sh.600015,2.94560808,2.99079872,2.9373916,2.94560808,2.95382456,40395943,291160640.0,0.622656,1,-0.2782,0
2013-09-05,sh.600015,2.95382456,2.95382456,2.92095864,2.92506688,2.94560808,20203529,144227968.0,0.311413,1,-0.6974,0
2013-09-06,sh.600015,2.9168504,2.98258224,2.90863392,2.96204104,2.92506688,39044372,280049504.0,0.601823,1,1.264,0
2013-09-09,sh.600015,3.00312344,3.22907664,2.9990152,3.18799424,2.96204104,139679234,1067339456.0,2.15299,1,7.6283,0
2013-09-10,sh.600015,3.20853544,3.23318488,3.11815416,3.21675192,3.18799424,106643907,826152768.0,1.643789,1,0.9021,0
2013-09-11,sh.600015,3.22086016,3.27837552,3.2044272,3.21675192,3.21675192,69381994,547247088.0,1.069441,1,0.0,0
2013-09-12,sh.600015,3.21675192,3.44270512,3.183886,3.35232384,3.21675192,114067781,925008704.0,1.75822,1,4.2146,0
2013-09-13,sh.600015,3.3276744,3.4098392,3.30302496,3.33589088,3.35232384,70375366,574049552.0,1.084753,1,-0.4902,0
2013-09-16,sh.600015,3.37286504,3.38108152,3.27015904,3.31534968,3.33589088,62616830,506606096.0,0.965164,1,-0.6158,0
2013-09-17,sh.600015,3.32356616,3.33589088,3.20031896,3.2044272,3.31534968,53403979,423309088.0,0.823159,1,-3.3457,0
2013-09-18,sh.600015,3.20031896,3.24961784,3.16745304,3.22907664,3.2044272,32783582,256784279.0,0.50532,1,0.7692,0
2013-09-23,sh.600015,3.2455096,3.26194256,3.20031896,3.24140136,3.22907664,34488924,271111440.0,0.531606,1,0.3817,0
2013-09-24,sh.600015,3.21675192,3.2249684,3.12637064,3.14691184,3.24140136,43219003,332229328.0,0.66617,1,-2.9151,0
2013-09-25,sh.600015,3.1428036,3.183886,3.11404592,3.12637064,3.14691184,27189158,208080563.0,0.419089,1,-0.6527,0
2013-09-26,sh.600015,3.11404592,3.1222624,3.03188112,3.0400976,3.12637064,30490103,227314313.0,0.469969,1,-2.7595,0
2013-09-27,sh.600015,3.02777288,3.07296352,3.0195564,3.0606388,3.0400976,20621683,153011717.0,0.317859,1,0.6757,0
2013-09-30,sh.600015,3.07707176,3.1017212,3.0606388,3.06885528,3.0606388,20279942,151998863.0,0.312591,1,0.2685,0
2013-10-08,sh.600015,3.05653056,3.13047888,3.0195564,3.10993768,3.06885528,26319261,197328050.0,0.40568,1,1.3387,0
2013-10-09,sh.600015,3.08939648,3.15923656,3.08528824,3.14691184,3.10993768,30270192,230843595.0,0.466579,1,1.1889,0
2013-10-10,sh.600015,3.1633448,3.17156128,3.08118,3.08939648,3.14691184,28328188,215072074.0,0.436645,1,-1.8277,0
2013-10-11,sh.600015,3.11815416,3.17156128,3.1017212,3.1633448,3.08939648,38980852,297815952.0,0.600844,1,2.3936,0
2013-10-14,sh.600015,3.15512832,3.15512832,3.10993768,3.1222624,3.1633448,26650977,202775109.0,0.410793,1,-1.2987,0
2013-10-15,sh.600015,3.1222624,3.13047888,3.06885528,3.08118,3.1222624,22919079,172545687.0,0.35327,1,-1.3158,0
2013-10-16,sh.600015,3.07296352,3.08118,3.02366464,3.03598936,3.08118,21278158,157882667.0,0.327978,1,-1.4667,0
2013-10-17,sh.600015,3.0606388,3.07296352,3.02777288,3.03598936,3.03598936,17250765,128034356.0,0.2659,1,0.0,0
2013-10-18,sh.600015,3.04420584,3.09350472,3.03598936,3.05653056,3.03598936,18760548,139876132.0,0.289172,1,0.6766,0
2013-10-21,sh.600015,3.06474704,3.10582944,3.03188112,3.09761296,3.05653056,31448625,234827394.0,0.484743,1,1.3441,0
2013-10-22,sh.600015,3.08118,3.08528824,3.03598936,3.04420584,3.09761296,20587220,153101231.0,0.317328,1,-1.7241,0
2013-10-23,sh.600015,3.0606388,3.1633448,3.04831408,3.06474704,3.04420584,39279813,296542272.0,0.605452,1,0.6748,0
2013-10-24,sh.600015,3.05653056,3.11404592,3.04420584,3.06474704,3.06474704,25521316,190977173.0,0.393381,1,0.0,0
2013-10-25,sh.600015,3.07707176,3.15102008,3.07296352,3.10582944,3.06474704,45379022,343877296.0,0.699464,1,1.3405,0
2013-10-28,sh.600015,3.1222624,3.13458712,3.08939648,3.11815416,3.10582944,22145042,167619140.0,0.34134,1,0.3968,0
2013-10-29,sh.600015,3.13047888,3.29891672,3.12637064,3.22907664,3.11815416,88878286,694685424.0,1.369953,1,3.5573,0
2013-10-30,sh.600015,3.24961784,3.286592,3.21264368,3.28248376,3.22907664,59015793,466808208.0,0.909658,1,1.6539,0
2013-10-31,sh.600015,3.29070024,3.29070024,3.21264368,3.21675192,3.28248376,56116030,443130272.0,0.864962,1,-2.0025,0
2013-11-01,sh.600015,3.21675192,3.27426728,3.19621072,3.2455096,3.21675192,45282874,356977824.0,0.697982,1,0.894,0
2013-11-04,sh.600015,3.27015904,3.28248376,3.20853544,3.21264368,3.2455096,37291560,294568912.0,0.574805,1,-1.0127,0
2013-11-05,sh.600015,3.18799424,3.2044272,3.13869536,3.183886,3.21264368,36869141,284333504.0,0.568294,1,-0.8951,0
2013-11-06,sh.600015,3.1633448,3.16745304,3.10582944,3.10993768,3.183886,32593876,249190222.0,0.502396,1,-2.3226,0
2013-11-07,sh.600015,3.10993768,3.14691184,3.1017212,3.1222624,3.10993768,23180796,176349587.0,0.357304,1,0.3963,0
2013-11-08,sh.600015,3.10993768,3.14691184,3.1017212,3.10993768,3.1222624,20334336,154570370.0,0.31343,1,-0.3947,0
2013-11-11,sh.600015,3.1222624,3.183886,3.1017212,3.15512832,3.10993768,25238188,192847125.0,0.389017,1,1.4531,0
2013-11-12,sh.600015,3.16745304,3.22907664,3.15923656,3.2249684,3.15512832,39275471,306131888.0,0.605385,1,2.2135,0
2013-11-13,sh.600015,3.19621072,3.20853544,3.13869536,3.1428036,3.2249684,36355035,280380112.0,0.56037,1,-2.5478,0
2013-11-14,sh.600015,3.15512832,3.15923656,3.09350472,3.11815416,3.1428036,31878683,242775020.0,0.491372,1,-0.7843,0
2013-11-15,sh.600015,3.1222624,3.2249684,3.10993768,3.19210248,3.11815416,49396016,383596896.0,0.761381,1,2.3715,0
2013-11-18,sh.600015,3.2044272,3.31945792,3.18799424,3.31534968,3.19210248,78149725,619702880.0,1.204585,1,3.861,0
2013-11-19,sh.600015,3.31534968,3.31945792,3.2660508,3.27426728,3.31534968,44861981,359288192.0,0.691494,1,-1.2392,0
2013-11-20,sh.600015,3.29480848,3.33999912,3.27837552,3.31945792,3.27426728,39184992,315671392.0,0.60399,1,1.3802,0
2013-11-21,sh.600015,3.3071332,3.32356616,3.25783432,3.31945792,3.31945792,40905668,326815776.0,0.630512,1,0.0,0
2013-11-22,sh.600015,3.31945792,3.33178264,3.27426728,3.27837552,3.31945792,25303246,203246709.0,0.39002,1,-1.2376,0
2013-11-25,sh.600015,3.26194256,3.31945792,3.26194256,3.27426728,3.27837552,24206205,193890294.0,0.37311,1,-0.1253,0
2013-11-26,sh.600015,3.27837552,3.3071332,3.27015904,3.286592,3.27426728,21294318,170919801.0,0.328227,1,0.3764,0
2013-11-27,sh.600015,3.29070024,3.35643208,3.28248376,3.33178264,3.286592,33366955,269988544.0,0.514312,1,1.375,0
2013-11-28,sh.600015,3.33178264,3.43448864,3.3276744,3.39340624,3.33178264,47334255,389726432.0,0.729601,1,1.8496,0
2013-11-29,sh.600015,3.42216392,3.43859688,3.36464856,3.37697328,3.39340624,28868164,238750588.0,0.444969,1,-0.4843,0
2013-12-02,sh.600015,3.37286504,3.56184408,3.37286504,3.45913808,3.37697328,84908508,717027088.0,1.308764,1,2.4331,0
2013-12-03,sh.600015,3.4509216,3.5741688,3.4303804,3.54130288,3.45913808,79497392,678365376.0,1.225358,1,2.3753,0
2013-12-04,sh.600015,3.52486992,3.62757592,3.5125452,3.61114296,3.54130288,87273770,762160496.0,1.345222,1,1.9722,0
2013-12-05,sh.600015,3.6152512,3.6152512,3.48378752,3.50432872,3.61114296,112917863,974232064.0,1.740495,1,-2.9579,0
2013-12-06,sh.600015,3.47557104,3.50432872,3.4509216,3.48378752,3.50432872,35467630,300132176.0,0.546691,1,-0.5862,0
2013-12-09,sh.600015,3.50022048,3.52076168,3.40162272,3.4098392,3.48378752,45035039,377585536.0,0.694162,1,-2.1226,0
2013-12-10,sh.600015,3.41805568,3.44270512,3.39340624,3.41805568,3.4098392,24089506,200501792.0,0.371311,1,0.241,0
2013-12-11,sh.600015,3.40162272,3.40573096,3.33589088,3.36464856,3.41805568,31893288,261626901.0,0.491597,1,-1.5625,0
2013-12-12,sh.600015,3.35643208,3.38518976,3.3482156,3.36054032,3.36464856,19457602,159522809.0,0.299916,1,-0.1221,0
2013-12-13,sh.600015,3.3276744,3.3687568,3.30302496,3.35643208,3.36054032,20649349,167929202.0,0.318285,1,-0.1222,0
2013-12-16,sh.600015,3.37286504,3.43448864,3.31945792,3.34410736,3.35643208,29751103,244550309.0,0.458578,1,-0.3672,0
2013-12-17,sh.600015,3.35232384,3.3687568,3.33178264,3.33589088,3.34410736,15450000,125763718.0,0.238143,1,-0.2457,0
2013-12-18,sh.600015,3.33999912,3.37697328,3.3276744,3.34410736,3.33589088,15180608,123608779.0,0.233991,1,0.2463,0
2013-12-19,sh.600015,3.36054032,3.3687568,3.2249684,3.23318488,3.34410736,35429831,283198336.0,0.546109,1,-3.317,0
2013-12-20,sh.600015,3.23318488,3.24140136,3.1017212,3.10582944,3.23318488,48577640,372865584.0,0.748767,1,-3.939,0
2013-12-23,sh.600015,3.13047888,3.17566952,3.08528824,3.13869536,3.10582944,24679544,188329097.0,0.380406,1,1.0582,0
2013-12-24,sh.600015,3.15923656,3.183886,3.1017212,3.13869536,3.13869536,17931775,137483848.0,0.276397,1,0.0,0
2013-12-25,sh.600015,3.1428036,3.17977776,3.10582944,3.15102008,3.13869536,20781631,159337412.0,0.320324,1,0.3927,0
2013-12-26,sh.600015,3.14691184,3.3071332,3.12637064,3.25372608,3.15102008,95777426,751759664.0,1.476295,1,3.2595,0
2013-12-27,sh.600015,3.2455096,3.42627216,3.23318488,3.3687568,3.25372608,62749151,508387776.0,0.967204,1,3.5354,0
2013-12-30,sh.600015,3.3687568,3.46735456,3.33999912,3.43859688,3.3687568,74845879,623828112.0,1.15366,1,2.0732,0
2013-12-31,sh.600015,3.41394744,3.54130288,3.40162272,3.52076168,3.43859688,89627584,761296384.0,1.381503,1,2.3895,0
2014-01-02,sh.600015,3.49611224,3.49611224,3.38518976,3.4098392,3.52076168,37610633,312566000.0,0.579723,1,-3.1505,0
2014-01-03,sh.600015,3.389298,3.389298,3.286592,3.31124144,3.4098392,29878459,241173977.0,0.460541,1,-2.8916,0
2014-01-06,sh.600015,3.3276744,3.3482156,3.20853544,3.23318488,3.31124144,34358547,272247248.0,0.529596,1,-2.3573,0
2014-01-07,sh.600015,3.21264368,3.24961784,3.17977776,3.22086016,3.23318488,21266442,166163363.0,0.327797,1,-0.3812,0
2014-01-08,sh.600015,3.23318488,3.30302496,3.20853544,3.29070024,3.22086016,29337361,233617796.0,0.452201,1,2.1684,0
2014-01-09,sh.600015,3.27837552,3.35232384,3.27015904,3.29070024,3.29070024,26248054,211751673.0,0.404583,1,0.0,0
2014-01-10,sh.600015,3.27015904,3.3687568,3.24140136,3.35232384,3.29070024,32096672,259806068.0,0.494732,1,1.8727,0
2014-01-13,sh.600015,3.35232384,3.39340624,3.3276744,3.3687568,3.35232384,27266972,222984157.0,0.420288,1,0.4902,0
2014-01-14,sh.600015,3.37286504,3.40162272,3.33589088,3.37286504,3.3687568,23792053,194998120.0,0.366726,1,0.122,0
2014-01-15,sh.600015,3.3687568,3.3687568,3.25783432,3.29070024,3.37286504,27939691,224945192.0,0.430657,1,-2.4361,0
2014-01-16,sh.600015,3.29070024,3.35232384,3.24140136,3.32356616,3.29070024,20272185,163137174.0,0.312472,1,0.9988,0
2014-01-17,sh.600015,3.29891672,3.32356616,3.26194256,3.27015904,3.32356616,18778027,150125529.0,0.289441,1,-1.6069,0
2014-01-20,sh.600015,3.2660508,3.286592,3.24140136,3.24961784,3.27015904,11868693,94156746.0,0.182942,1,-0.6281,0
2014-01-21,sh.600015,3.26194256,3.31945792,3.24961784,3.27426728,3.24961784,12237490,97770107.0,0.188626,1,0.7585,0
2014-01-22,sh.600015,3.27426728,3.35643208,3.26194256,3.3482156,3.27426728,25776460,208499431.0,0.397314,1,2.2585,0
2014-01-23,sh.600015,3.33178264,3.34410736,3.29480848,3.29480848,3.3482156,16970887,136868559.0,0.261586,1,-1.5951,0
2014-01-24,sh.600015,3.27837552,3.38108152,3.27837552,3.33589088,3.29480848,24239418,197143767.0,0.373622,1,1.2469,0
2014-01-27,sh.600015,3.35643208,3.37697328,3.286592,3.3276744,3.33589088,23722233,192428022.0,0.36565,1,-0.2463,0
2014-01-28,sh.600015,3.3482156,3.389298,3.33178264,3.389298,3.3276744,25465200,208564134.0,0.392516,1,1.8519,0
2014-01-29,sh.600015,3.39751448,3.44681336,3.37697328,3.42627216,3.389298,27992665,233568440.0,0.431474,1,1.0909,0
2014-01-30,sh.600015,3.41394744,3.4303804,3.35232384,3.35643208,3.42627216,17118027,141074777.0,0.263854,1,-2.0384,0
2014-02-07,sh.600015,3.3276744,3.34410736,3.286592,3.3276744,3.35643208,18269518,147590842.0,0.281603,1,-0.8568,0
2014-02-10,sh.600015,3.3482156,3.39340624,3.33178264,3.38518976,3.3276744,23922411,196477024.0,0.368736,1,1.7284,0
2014-02-11,sh.600015,3.389298,3.52076168,3.35232384,3.46324632,3.38518976,55031301,463085920.0,0.848242,1,2.3058,0
2014-02-12,sh.600015,3.44270512,3.492004,3.4098392,3.42627216,3.46324632,36288626,304453552.0,0.559346,1,-1.0676,0
2014-02-13,sh.600015,3.41805568,3.54130288,3.389298,3.4714628,3.42627216,66872880,566285072.0,1.030766,1,1.3189,0
2014-02-14,sh.600015,3.44681336,3.47557104,3.4303804,3.45913808,3.4714628,27056193,227420239.0,0.417039,1,-0.355,0
2014-02-17,sh.600015,3.47967928,3.50432872,3.41394744,3.44270512,3.45913808,32564999,272694816.0,0.501951,1,-0.4751,0
2014-02-18,sh.600015,3.42627216,3.43448864,3.31945792,3.33178264,3.44270512,41720479,341117152.0,0.643072,1,-3.222,0
2014-02-19,sh.600015,3.33178264,3.47967928,3.31945792,3.44681336,3.33178264,57648770,479213696.0,0.888587,1,3.4525,0
2014-02-20,sh.600015,3.4509216,3.48789576,3.36054032,3.3687568,3.44681336,41782550,348642000.0,0.644028,1,-2.2646,0
2014-02-21,sh.600015,3.3687568,3.37286504,3.3276744,3.3482156,3.3687568,26753329,217925265.0,0.412371,1,-0.6098,0
2014-02-24,sh.600015,3.3276744,3.3276744,3.2455096,3.26194256,3.3482156,26806107,213209372.0,0.413184,1,-2.5767,0
2014-02-25,sh.600015,3.26194256,3.3071332,3.20853544,3.22086016,3.26194256,27150726,215322737.0,0.418496,1,-1.2594,0
2014-02-26,sh.600015,3.2249684,3.25783432,3.183886,3.2044272,3.22086016,20097040,157228151.0,0.309772,1,-0.5102,0
2014-02-27,sh.600015,3.21675192,3.4509216,3.19210248,3.36464856,3.2044272,72150360,589840576.0,1.112112,1,5.0,0
2014-02-28,sh.600015,3.33178264,3.389298,3.29070024,3.35643208,3.36464856,31441001,255761193.0,0.484626,1,-0.2442,0
2014-03-03,sh.600015,3.32356616,3.3687568,3.28248376,3.30302496,3.35643208,27673892,223640555.0,0.42656,1,-1.5912,0
2014-03-04,sh.600015,3.31945792,3.3687568,3.27426728,3.33178264,3.30302496,25744446,207936663.0,0.39682,1,0.8706,0
2014-03-05,sh.600015,3.3482156,3.389298,3.31534968,3.33999912,3.33178264,26294830,214624011.0,0.405304,1,0.2466,0
2014-03-06,sh.600015,3.32356616,3.42216392,3.31124144,3.37697328,3.33999912,36830162,303028672.0,0.567693,1,1.107,0
2014-03-07,sh.600015,3.36054032,3.41805568,3.3071332,3.31534968,3.37697328,31910151,261827487.0,0.491857,1,-1.8248,0
2014-03-10,sh.600015,3.286592,3.30302496,3.18799424,3.19210248,3.31534968,43085042,339189456.0,0.664105,1,-3.7175,0
2014-03-11,sh.600015,3.19210248,3.25783432,3.19210248,3.23729312,3.19210248,32559343,255752801.0,0.501864,1,1.4157,0
2014-03-12,sh.600015,3.22907664,3.3276744,3.22086016,3.286592,3.23729312,36018850,287088000.0,0.555188,1,1.5228,0
2014-03-13,sh.600015,3.3071332,3.40162272,3.3071332,3.33589088,3.286592,26511546,216373476.0,0.408644,1,1.5,0
2014-03-14,sh.600015,3.31534968,3.35232384,3.27837552,3.30302496,3.33589088,21285065,171623176.0,0.328084,1,-0.9852,0
2014-03-17,sh.600015,3.35232384,3.36054032,3.29480848,3.31124144,3.30302496,14860494,119891291.0,0.229057,1,0.2488,0
2014-03-18,sh.600015,3.31124144,3.33178264,3.28248376,3.286592,3.31124144,15761617,126638977.0,0.242947,1,-0.7444,0
2014-03-19,sh.600015,3.27837552,3.286592,3.25372608,3.28248376,3.286592,16372322,130213085.0,0.25236,1,-0.125,0
2014-03-20,sh.600015,3.27837552,3.31945792,3.26194256,3.26194256,3.28248376,16834492,135115775.0,0.259484,1,-0.6258,0
2014-03-21,sh.600015,3.2455096,3.4303804,3.2455096,3.41394744,3.26194256,56885939,466414928.0,0.876829,1,4.66,0
2014-03-24,sh.600015,3.44681336,3.48789576,3.42216392,3.43448864,3.41394744,55730008,469086832.0,0.859012,1,0.6017,0
2014-03-25,sh.600015,3.42627216,3.43859688,3.37286504,3.389298,3.43448864,21954813,182173729.0,0.338407,1,-1.3158,0
2014-03-26,sh.600015,3.39751448,3.41805568,3.35232384,3.36464856,3.389298,17227636,141592541.0,0.265544,1,-0.7273,0
2014-03-27,sh.600015,3.36054032,3.45502984,3.33178264,3.41805568,3.36464856,37906786,313849344.0,0.584288,1,1.5873,0
2014-03-28,sh.600015,3.40573096,3.45913808,3.38518976,3.40162272,3.41805568,23741244,197869778.0,0.365943,1,-0.4808,0
2014-03-31,sh.600015,3.4303804,3.47557104,3.38108152,3.46735456,3.40162272,29770625,249240564.0,0.458879,1,1.9324,0
2014-04-01,sh.600015,3.44681336,3.47557104,3.41805568,3.44681336,3.46735456,15317856,128625980.0,0.236107,1,-0.5924,0
2014-04-02,sh.600015,3.4509216,3.492004,3.44270512,3.4714628,3.44681336,26849761,226981378.0,0.413857,1,0.7151,0
2014-04-03,sh.600015,3.48378752,3.52076168,3.42216392,3.44681336,3.4714628,26771300,226788328.0,0.412648,1,-0.7101,0
2014-04-04,sh.600015,3.42216392,3.52486992,3.41805568,3.50432872,3.44681336,29934058,254159559.0,0.461398,1,1.6686,0
2014-04-08,sh.600015,3.50432872,3.74671488,3.492004,3.66865832,3.50432872,84638290,747976848.0,1.304599,1,4.6893,0
2014-04-09,sh.600015,3.6563336,3.6768748,3.63168416,3.6563336,3.66865832,33677750,299412704.0,0.519103,1,-0.336,0
2014-04-10,sh.600015,3.66044184,3.73439016,3.64400888,3.66865832,3.6563336,57613000,516387808.0,0.888036,1,0.3371,0
2014-04-11,sh.600015,3.66044184,3.68509128,3.61935944,3.64811712,3.66865832,40490334,359845136.0,0.62411,1,-0.5599,0
2014-04-14,sh.600015,3.63990064,3.64811712,3.5741688,3.59471,3.64811712,26765435,234458111.0,0.412557,1,-1.464,0
2014-04-15,sh.600015,3.57827704,3.58649352,3.45913808,3.49611224,3.59471,31406467,268428041.0,0.484093,1,-2.7429,0
2014-04-16,sh.600015,3.48378752,3.54541112,3.47967928,3.52897816,3.49611224,22950043,196881276.0,0.353748,1,0.9401,0
2014-04-17,sh.600015,3.53719464,3.54951936,3.46735456,3.50843696,3.52897816,25497727,217051286.0,0.393017,1,-0.5821,0
2014-04-18,sh.600015,3.47967928,3.492004,3.42216392,3.4714628,3.50843696,36865102,310191392.0,0.568232,1,-1.0539,0
2014-04-21,sh.600015,3.4509216,3.48378752,3.40162272,3.40573096,3.4714628,33390851,279778944.0,0.51468,1,-1.8935,0
2014-04-22,sh.600015,3.40162272,3.48789576,3.39751448,3.47557104,3.40573096,28424428,238190018.0,0.438129,1,2.0507,0
2014-04-23,sh.600015,3.4714628,3.47557104,3.42627216,3.43448864,3.47557104,23120877,193880888.0,0.356381,1,-1.182,0
2014-04-24,sh.600015,3.43859688,3.47557104,3.41394744,3.44681336,3.43448864,26160558,219774007.0,0.403234,1,0.3589,0
2014-04-25,sh.600015,3.46735456,3.64811712,3.44681336,3.47967928,3.44681336,83114476,713404752.0,1.281111,1,0.9535,0
2014-04-28,sh.600015,3.50843696,3.60703472,3.47967928,3.5536276,3.47967928,58668861,505297680.0,0.904311,1,2.1251,0
2014-04-29,sh.600015,3.56184408,3.56184408,3.48378752,3.53719464,3.5536276,35208400,301883104.0,0.542696,1,-0.4624,0
2014-04-30,sh.600015,3.54130288,3.54541112,3.4714628,3.48789576,3.53719464,25559085,217874734.0,0.393963,1,-1.3937,0
2014-05-05,sh.600015,3.45502984,3.48378752,3.4098392,3.4509216,3.48789576,29540788,247260530.0,0.455336,1,-1.0601,0
2014-05-06,sh.600015,3.44270512,3.49611224,3.4303804,3.4509216,3.4509216,22524120,189649083.0,0.347183,1,0.0,0
2014-05-07,sh.600015,3.44270512,3.4509216,3.41805568,3.41805568,3.4509216,13012404,108699183.0,0.200571,1,-0.9524,0
2014-05-08,sh.600015,3.4098392,3.46324632,3.40162272,3.40573096,3.41805568,24640029,205546200.0,0.379797,1,-0.3606,0
2014-05-09,sh.600015,3.42627216,3.42627216,3.389298,3.40162272,3.40573096,14638149,121393697.0,0.22563,1,-0.1206,0
2014-05-12,sh.600015,3.41805568,3.46735456,3.39751448,3.44681336,3.40162272,21009136,176075630.0,0.323831,1,1.3285,0
2014-05-13,sh.600015,3.44681336,3.45913808,3.43448864,3.45502984,3.44681336,10900268,91408263.0,0.168015,1,0.2384,0
2014-05-14,sh.600015,3.4509216,3.47557104,3.4303804,3.44270512,3.45502984,12283504,103133221.0,0.189336,1,-0.3567,0
2014-05-15,sh.600015,3.43859688,3.4714628,3.42216392,3.42627216,3.44270512,11774923,98792462.0,0.181496,1,-0.4773,0
2014-05-16,sh.600015,3.43859688,3.492004,3.4303804,3.48378752,3.42627216,25771226,217870626.0,0.397233,1,1.6786,0
2014-05-19,sh.600015,3.46324632,3.4714628,3.40162272,3.42216392,3.48378752,15536944,129571493.0,0.239484,1,-1.7689,0
2014-05-20,sh.600015,3.43859688,3.44681336,3.40573096,3.42216392,3.42216392,8383469,69855669.0,0.129221,1,0.0,0
2014-05-21,sh.600015,3.40573096,3.44681336,3.37286504,3.43448864,3.42216392,13103259,109150242.0,0.201971,1,0.3601,0
2014-05-22,sh.600015,3.4303804,3.54541112,3.42216392,3.42627216,3.43448864,40081782,339416464.0,0.617813,1,-0.2392,0
2014-05-23,sh.600015,3.41805568,3.46735456,3.41805568,3.45502984,3.42627216,21894959,183360076.0,0.337485,1,0.8393,0
2014-05-26,sh.600015,3.48378752,3.492004,3.43448864,3.4509216,3.45502984,15809528,132966239.0,0.243685,1,-0.1189,0
2014-05-27,sh.600015,3.4509216,3.45913808,3.4098392,3.42216392,3.4509216,19706852,164657081.0,0.303758,1,-0.8333,0
2014-05-28,sh.600015,3.42216392,3.43448864,3.40162272,3.4303804,3.42216392,23588368,196222290.0,0.363587,1,0.2401,0
2014-05-29,sh.600015,3.43448864,3.43859688,3.39340624,3.40162272,3.4303804,15030520,124952058.0,0.231678,1,-0.8383,0
2014-05-30,sh.600015,3.39751448,3.41805568,3.389298,3.39340624,3.40162272,11838175,98049707.0,0.182471,1,-0.2415,0
2014-06-03,sh.600015,3.39751448,3.41805568,3.36464856,3.3687568,3.39340624,15215672,125654439.0,0.234532,1,-0.7264,0
2014-06-04,sh.600015,3.3687568,3.3687568,3.29070024,3.31534968,3.3687568,26563818,214334937.0,0.40945,1,-1.5854,0
2014-06-05,sh.600015,3.31534968,3.35643208,3.30302496,3.3482156,3.31534968,14194146,115156470.0,0.218786,1,0.9913,0
2014-06-06,sh.600015,3.3482156,3.3687568,3.31534968,3.3276744,3.3482156,11898959,96846512.0,0.183408,1,-0.6135,0
2014-06-09,sh.600015,3.3276744,3.37286504,3.31945792,3.34410736,3.3276744,11251208,91640591.0,0.173424,1,0.4938,0
2014-06-10,sh.600015,3.35232384,3.37697328,3.31945792,3.36464856,3.34410736,18389831,150082873.0,0.283457,1,0.6142,0
2014-06-11,sh.600015,3.36054032,3.36464856,3.33589088,3.33999912,3.36464856,12889505,104963263.0,0.198676,1,-0.7326,0
2014-06-12,sh.600015,3.33999912,3.36054032,3.33589088,3.34410736,3.33999912,7799548,63617553.0,0.120221,1,0.123,0
2014-06-13,sh.600015,3.34410736,3.41805568,3.33589088,3.40162272,3.34410736,26352684,217132402.0,0.406195,1,1.7199,0
2014-06-16,sh.600015,3.40162272,3.44681336,3.38108152,3.43859688,3.40162272,21816209,181605564.0,0.336271,1,1.087,0
2014-06-17,sh.600015,3.42627216,3.4303804,3.37286504,3.39751448,3.43859688,15284757,126499904.0,0.235596,1,-1.1947,0
2014-06-18,sh.600015,3.389298,3.41805568,3.38518976,3.389298,3.39751448,11238337,93060646.0,0.173226,1,-0.2418,0
2014-06-19,sh.600015,3.39340624,3.40162272,3.34410736,3.35232384,3.389298,11065000,90766839.0,0.170554,1,-1.0909,0
2014-06-20,sh.600015,3.35643208,3.39751448,3.35643208,3.389298,3.35232384,10833403,88922647.0,0.166984,1,1.1029,0
2014-06-23,sh.600015,3.38518976,3.39751448,3.34410736,3.35232384,3.389298,13513981,110638650.0,0.208302,1,-1.0909,0
2014-06-24,sh.600015,3.36054032,3.37286504,3.33999912,3.35232384,3.35232384,14082239,114944448.0,0.217061,1,0.0,0
2014-06-25,sh.600015,3.35232384,3.36054032,3.3276744,3.34410736,3.35232384,12253036,99701892.0,0.188866,1,-0.2451,0
2014-06-26,sh.600015,3.35232384,3.37697328,3.34410736,3.35643208,3.34410736,9945007,81382243.0,0.15329,1,0.3685,0
2014-06-27,sh.600015,3.36054032,3.3687568,3.34410736,3.3482156,3.35643208,12565244,102514251.0,0.193678,1,-0.2448,0
2014-06-30,sh.600015,3.35643208,3.37286504,3.34410736,3.3687568,3.3482156,12952756,105939002.0,0.199651,1,0.6135,0
2014-07-01,sh.600015,3.38108152,3.38518976,3.3482156,3.36054032,3.3687568,11118262,90953237.0,0.171375,1,-0.2439,0
2014-07-02,sh.600015,3.36054032,3.36464856,3.33589088,3.35643208,3.36054032,16474408,134299166.0,0.253933,1,-0.1223,0
2014-07-03,sh.600015,3.35643208,3.3687568,3.34410736,3.3687568,3.35643208,16129485,131906002.0,0.248617,1,0.3672,0
2014-07-04,sh.600015,3.37697328,3.38518976,3.36464856,3.38108152,3.3687568,19020270,156327252.0,0.293175,1,0.3659,0
2014-07-07,sh.600015,3.38108152,3.38518976,3.35643208,3.37286504,3.38108152,14919224,122318906.0,0.229962,1,-0.243,0
2014-07-08,sh.600015,3.3687568,3.37286504,3.3482156,3.37286504,3.37286504,15827840,129429288.0,0.243967,1,0.0,0
2014-07-09,sh.600015,3.3687568,3.37286504,3.3276744,3.33589088,3.37286504,23773611,193614988.0,0.366442,1,-1.0962,0
2014-07-10,sh.600015,3.3402292,3.34456716,3.30986348,3.31420144,3.33589124,17549346,134657339.0,0.270502,1,-0.6502,0
2014-07-11,sh.600015,3.31420144,3.361919,3.30552552,3.33155328,3.31420144,12996357,100126919.0,0.200323,1,0.5236,0
2014-07-14,sh.600015,3.33155328,3.361919,3.32721532,3.35758104,3.33155328,11210595,86584065.0,0.172798,1,0.7812,0
2014-07-15,sh.600015,3.361919,3.39662268,3.35324308,3.35758104,3.35758104,20347728,158154946.0,0.313636,1,0.0,0
2014-07-16,sh.600015,3.36625696,3.3836088,3.35758104,3.37927084,3.35758104,19531334,151854058.0,0.301052,1,0.646,0
2014-07-17,sh.600015,3.38794676,3.38794676,3.35324308,3.36625696,3.37927084,9575565,74304512.0,0.147596,1,-0.3851,0
2014-07-18,sh.600015,3.361919,3.39662268,3.35324308,3.37927084,3.36625696,16186394,126147010.0,0.249494,1,0.3866,0
2014-07-21,sh.600015,3.37493288,3.39228472,3.37059492,3.3836088,3.37927084,11772045,91744566.0,0.181452,1,0.1284,0
2014-07-22,sh.600015,3.37927084,3.4269884,3.36625696,3.4052986,3.3836088,17937992,140827599.0,0.276493,1,0.641,0
2014-07-23,sh.600015,3.4052986,3.44000228,3.39662268,3.4052986,3.4052986,20984534,165404321.0,0.323452,1,0.0,0
2014-07-24,sh.600015,3.41831248,3.54411332,3.39662268,3.50940964,3.4052986,46741095,376680960.0,0.720459,1,3.0573,0
2014-07-25,sh.600015,3.5137476,3.56580312,3.50073372,3.5354374,3.50940964,28308941,230453490.0,0.436349,1,0.7416,0
2014-07-28,sh.600015,3.55278924,3.84777052,3.55278924,3.795715,3.5354374,128710855,1104090528.0,1.983925,1,7.362,0
2014-07-29,sh.600015,3.80872888,3.84777052,3.73932152,3.80439092,3.795715,69205625,606738592.0,1.066723,1,0.2286,0
2014-07-30,sh.600015,3.78703908,3.9258538,3.73932152,3.75667336,3.80439092,59420847,522760240.0,0.915902,1,-1.2543,0
2014-07-31,sh.600015,3.75667336,3.83475664,3.74799744,3.8174048,3.75667336,48122448,419532528.0,0.74175,1,1.6166,0
2014-08-01,sh.600015,3.80439092,3.89548808,3.795715,3.80439092,3.8174048,69846215,618568800.0,1.076597,1,-0.3409,0
2014-08-04,sh.600015,3.82174276,3.86512236,3.78703908,3.85644644,3.80439092,49718269,439392736.0,0.766348,1,1.3683,0
2014-08-05,sh.600015,3.85210848,3.8607844,3.79137704,3.82174276,3.85644644,39157563,345027872.0,0.603567,1,-0.8999,0
2014-08-06,sh.600015,3.795715,3.85210848,3.7523354,3.82608072,3.82174276,42137267,368770992.0,0.649496,1,0.1135,0
2014-08-07,sh.600015,3.84343256,3.84343256,3.75667336,3.76534928,3.82608072,39723273,346714240.0,0.612287,1,-1.5873,0
2014-08-08,sh.600015,3.76968724,3.78270112,3.73498356,3.74799744,3.76534928,28735661,249123247.0,0.442926,1,-0.4608,0
2014-08-11,sh.600015,3.76534928,3.81306684,3.74799744,3.795715,3.74799744,27368445,238918252.0,0.421852,1,1.2731,0
2014-08-12,sh.600015,3.7740252,3.79137704,3.72196968,3.74365948,3.795715,32487411,280129040.0,0.500755,1,-1.3714,0
2014-08-13,sh.600015,3.73932152,3.75667336,3.687266,3.71329376,3.74365948,36743654,314803232.0,0.56636,1,-0.8111,0
2014-08-14,sh.600015,3.71763172,3.72630764,3.687266,3.69160396,3.71329376,25410022,216727319.0,0.391665,1,-0.5841,0
2014-08-15,sh.600015,3.69594192,3.7306456,3.687266,3.71329376,3.69160396,22879470,195778743.0,0.35266,1,0.5875,0
2014-08-18,sh.600015,3.72196968,3.73932152,3.69160396,3.71763172,3.71329376,25480194,218058836.0,0.392747,1,0.1168,0
2014-08-19,sh.600015,3.71763172,3.7306456,3.69594192,3.7306456,3.71763172,24322608,208084169.0,0.374904,1,0.3501,0
2014-08-20,sh.600015,3.7306456,3.73498356,3.69160396,3.69594192,3.7306456,22037714,188380353.0,0.339685,1,-0.9302,0
2014-08-21,sh.600015,3.69594192,3.70461784,3.61352068,3.64822436,3.69594192,33828583,284387888.0,0.521427,1,-1.2911,0
2014-08-22,sh.600015,3.6438864,3.70461784,3.63087252,3.69594192,3.64822436,21040615,178009943.0,0.324316,1,1.308,0
2014-08-25,sh.600015,3.69594192,3.69594192,3.6221966,3.63087252,3.69594192,29135055,244558022.0,0.449082,1,-1.7606,0
2014-08-26,sh.600015,3.63087252,3.687266,3.61785864,3.65256232,3.63087252,20975361,176663889.0,0.32331,1,0.5974,0
2014-08-27,sh.600015,3.65256232,3.66991416,3.63087252,3.64822436,3.65256232,17337419,145798302.0,0.267236,1,-0.1188,0
2014-08-28,sh.600015,3.6438864,3.65690028,3.59616884,3.6005068,3.64822436,20013274,167011330.0,0.308481,1,-1.308,0
2014-08-29,sh.600015,3.62653456,3.66123824,3.60918272,3.65690028,3.6005068,17798456,148868030.0,0.274342,1,1.5663,0
2014-09-01,sh.600015,3.66123824,3.67425212,3.63087252,3.66123824,3.65690028,24162873,203639054.0,0.372442,1,0.1186,0
2014-09-02,sh.600015,3.66991416,3.72630764,3.6438864,3.72196968,3.66123824,37454835,317914928.0,0.577322,1,1.6588,0
2014-09-03,sh.600015,3.72630764,3.78703908,3.71329376,3.73498356,3.72196968,38244879,330583024.0,0.589499,1,0.3496,0
2014-09-04,sh.600015,3.74365948,3.7523354,3.70027988,3.74365948,3.73498356,36530657,313444592.0,0.563077,1,0.2323,0
2014-09-05,sh.600015,3.74365948,3.77836316,3.7306456,3.7740252,3.74365948,35394620,306790832.0,0.545566,1,0.8111,0
2014-09-09,sh.600015,3.7740252,3.78270112,3.72630764,3.74365948,3.7740252,25876911,223582846.0,0.398862,1,-0.8046,0
2014-09-10,sh.600015,3.72630764,3.7306456,3.69160396,3.70461784,3.74365948,27248759,232901215.0,0.420007,1,-1.0429,0
2014-09-11,sh.600015,3.7089558,3.7523354,3.69160396,3.70027988,3.70461784,30333410,260111709.0,0.467554,1,-0.1171,0
2014-09-12,sh.600015,3.69160396,3.69160396,3.66123824,3.687266,3.70027988,23810494,201713088.0,0.367011,1,-0.3517,0
2014-09-15,sh.600015,3.66991416,3.67859008,3.64822436,3.6655762,3.687266,39758979,335756864.0,0.612838,1,-0.5882,0
2014-09-16,sh.600015,3.67425212,3.7523354,3.65690028,3.6655762,3.6655762,60255254,512037072.0,0.928763,1,0.0,0
2014-09-17,sh.600015,3.67859008,3.687266,3.63521048,3.64822436,3.6655762,35045471,295409120.0,0.540184,1,-0.4734,0
2014-09-18,sh.600015,3.63954844,3.70461784,3.6221966,3.65690028,3.64822436,54322081,458948480.0,0.83731,1,0.2378,0
2014-09-19,sh.600015,3.6655762,3.687266,3.6438864,3.6655762,3.65690028,30633581,259154274.0,0.47218,1,0.2372,0
2014-09-22,sh.600015,3.6655762,3.6655762,3.57447904,3.59183088,3.6655762,36727664,306362240.0,0.566113,1,-2.0118,0
2014-09-23,sh.600015,3.58749292,3.63087252,3.58749292,3.62653456,3.59183088,20249647,168537461.0,0.312124,1,0.9662,0
2014-09-24,sh.600015,3.60918272,3.68292804,3.60484476,3.6655762,3.62653456,40123562,337952672.0,0.618457,1,1.0766,0
2014-09-25,sh.600015,3.687266,3.69594192,3.63954844,3.64822436,3.6655762,32188267,272223712.0,0.496144,1,-0.4734,0
2014-09-26,sh.600015,3.6438864,3.66991416,3.63087252,3.6655762,3.64822436,16892088,142233509.0,0.260372,1,0.4756,0
2014-09-29,sh.600015,3.66991416,3.687266,3.66123824,3.68292804,3.6655762,32930908,279042384.0,0.507591,1,0.4734,0
2014-09-30,sh.600015,3.69160396,3.69594192,3.6655762,3.68292804,3.68292804,26503721,224769779.0,0.408523,1,0.0,0
2014-10-08,sh.600015,3.69160396,3.70461784,3.65690028,3.70461784,3.68292804,40470656,343845136.0,0.623807,1,0.5889,0
2014-10-09,sh.600015,3.7089558,3.7089558,3.67425212,3.687266,3.70461784,32291526,274957552.0,0.497736,1,-0.4684,0
2014-10-10,sh.600015,3.67859008,3.74365948,3.6655762,3.69594192,3.687266,44089036,375113344.0,0.67958,1,0.2353,0
2014-10-13,sh.600015,3.67859008,3.70461784,3.65690028,3.67859008,3.69594192,25283224,214043716.0,0.389711,1,-0.4695,0
2014-10-14,sh.600015,3.66991416,3.69594192,3.65690028,3.67425212,3.67859008,24456775,207172074.0,0.376972,1,-0.1179,0
2014-10-15,sh.600015,3.6655762,3.7089558,3.65690028,3.69594192,3.67425212,30037106,255440699.0,0.462986,1,0.5903,0
2014-10-16,sh.600015,3.67859008,3.76534928,3.67425212,3.7089558,3.69594192,75105655,645750352.0,1.157665,1,0.3521,0
2014-10-17,sh.600015,3.7089558,3.73498356,3.64822436,3.68292804,3.7089558,37258249,317087904.0,0.574292,1,-0.7018,0
2014-10-20,sh.600015,3.70027988,3.7089558,3.66991416,3.70027988,3.68292804,26048646,221325315.0,0.401509,1,0.4711,0
2014-10-21,sh.600015,3.69594192,3.7089558,3.68292804,3.687266,3.70027988,27574646,235053178.0,0.42503,1,-0.3517,0
2014-10-22,sh.600015,3.687266,3.71329376,3.6655762,3.66991416,3.687266,36218334,307881552.0,0.558263,1,-0.4706,0
2014-10-23,sh.600015,3.6655762,3.70027988,3.63087252,3.63521048,3.66991416,37614707,318053696.0,0.579786,1,-0.9456,0
2014-10-24,sh.600015,3.6438864,3.64822436,3.61352068,3.6221966,3.63521048,20720987,173301473.0,0.319389,1,-0.358,0
2014-10-27,sh.600015,3.61352068,3.61352068,3.54845128,3.56146516,3.6221966,31704857,260764999.0,0.488693,1,-1.6767,0
2014-10-28,sh.600015,3.57447904,3.6005068,3.5571272,3.58749292,3.56146516,48227405,397933264.0,0.743368,1,0.7308,0
2014-10-29,sh.600015,3.59616884,3.64822436,3.58749292,3.6221966,3.58749292,54739715,456066304.0,0.843748,1,0.9674,0
2014-10-30,sh.600015,3.6221966,3.69160396,3.60484476,3.6655762,3.6221966,88640910,744832496.0,1.366295,1,1.1976,0
2014-10-31,sh.600015,3.69160396,3.89115012,3.67425212,3.80872888,3.6655762,259667961,2268953792.0,4.002474,1,3.9053,0
2014-11-03,sh.600015,3.85210848,3.8607844,3.795715,3.8174048,3.80872888,180544928,1590813552.0,2.782886,1,0.2278,0
2014-11-04,sh.600015,3.81306684,3.81306684,3.74799744,3.76101132,3.8174048,100168574,873397440.0,1.54398,1,-1.4773,0
2014-11-05,sh.600015,3.78270112,3.78270112,3.70027988,3.71329376,3.76101132,114282757,980616608.0,1.761533,1,-1.2687,0
2014-11-06,sh.600015,3.71329376,3.72630764,3.687266,3.71329376,3.71329376,76525925,653168512.0,1.179556,1,0.0,0
2014-11-07,sh.600015,3.71329376,3.81306684,3.70027988,3.72630764,3.71329376,192928868,1669162880.0,2.97377,1,0.3505,0
2014-11-10,sh.600015,3.76968724,3.83041868,3.74365948,3.82608072,3.72630764,199983020,1743919280.0,3.082501,1,2.6775,0
2014-11-11,sh.600015,3.8607844,4.02562688,3.83041868,3.9258538,3.82608072,291988816,2647920240.0,4.500661,1,2.6077,0
2014-11-12,sh.600015,3.88681216,3.9475436,3.86512236,3.94320564,3.9258538,105769811,951246800.0,1.630316,1,0.442,0
2014-11-13,sh.600015,3.96055748,4.00827504,3.89115012,3.91283992,3.94320564,136344105,1238980640.0,2.101583,1,-0.7701,0
2014-11-14,sh.600015,3.89548808,3.9258538,3.83041868,3.87379828,3.91283992,82684418,736724944.0,1.274482,1,-0.9978,0
2014-11-17,sh.600015,3.89982604,3.9258538,3.82174276,3.82608072,3.87379828,73885572,657720304.0,1.138858,1,-1.2318,0
2014-11-18,sh.600015,3.82608072,3.8390946,3.74365948,3.74799744,3.82608072,89566374,779029056.0,1.380559,1,-2.0408,0
2014-11-19,sh.600015,3.74365948,3.7523354,3.71329376,3.72630764,3.74799744,71351173,613252464.0,1.099794,1,-0.5787,0
2014-11-20,sh.600015,3.71763172,3.75667336,3.70027988,3.74799744,3.72630764,54647531,470177568.0,0.842327,1,0.5821,0
2014-11-21,sh.600015,3.74799744,3.81306684,3.69160396,3.795715,3.74799744,109670701,947892592.0,1.690444,1,1.2731,0
2014-11-24,sh.600015,3.72630764,3.84777052,3.70461784,3.80872888,3.795715,186557935,1624302944.0,2.875569,1,0.3429,0
2014-11-25,sh.600015,3.795715,3.85644644,3.76534928,3.84777052,3.80872888,117949922,1034647008.0,1.818058,1,1.0251,0
2014-11-26,sh.600015,3.8607844,3.9909232,3.84343256,3.9475436,3.84777052,169517257,1530717184.0,2.612908,1,2.593,0
2014-11-27,sh.600015,3.99526116,4.06900648,3.9475436,4.012613,3.9475436,185699852,1716364912.0,2.862343,1,1.6483,0
2014-11-28,sh.600015,4.02562688,4.41604328,3.99526116,4.41604328,4.012613,397206368,3884925728.0,6.122465,1,10.0541,0
2014-12-01,sh.600015,4.4897886,4.7066866,4.43339512,4.48111268,4.41604328,366054832,3845761504.0,5.642301,1,1.4735,0
2014-12-02,sh.600015,4.42905716,4.91057072,4.41604328,4.84983928,4.48111268,340551776,3691697264.0,5.249202,1,8.2285,0
2014-12-03,sh.600015,4.84983928,5.0754132,4.6416172,4.72403844,4.84983928,368915872,4128460848.0,5.686401,1,-2.5939,0
2014-12-04,sh.600015,4.72403844,5.0320336,4.68065884,5.02335768,4.72403844,319103920,3578339568.0,4.918609,1,6.3361,0
2014-12-05,sh.600015,5.0754132,5.3356908,4.84983928,5.11011688,5.02335768,351567904,4125641024.0,5.419002,1,1.7271,0
2014-12-08,sh.600015,5.02335768,5.35304264,4.94093644,5.21422792,5.11011688,299924928,3554985984.0,4.622987,1,2.0374,0
2014-12-09,sh.600015,5.10577892,5.314001,4.69367272,4.69367272,5.21422792,340409952,3981746320.0,5.247016,1,-9.9834,0
2014-12-10,sh.600015,4.7283764,4.93226052,4.45942288,4.84550132,4.69367272,280376448,3030242880.0,4.321671,1,3.2348,0
2014-12-11,sh.600015,4.76741804,4.94093644,4.73271436,4.771756,4.84550132,174334274,1943675872.0,2.687156,1,-1.5219,0
2014-12-12,sh.600015,4.7934458,4.87152908,4.67632088,4.7283764,4.771756,116155572,1279516560.0,1.7904,1,-0.9091,0
2014-12-15,sh.600015,4.65029312,4.72403844,4.56353392,4.65896904,4.7283764,121296733,1291643856.0,1.869645,1,-1.4679,0
2014-12-16,sh.600015,4.67198292,4.86719112,4.64595516,4.86719112,4.65896904,195070747,2143391248.0,3.006784,1,4.4693,0
2014-12-17,sh.600015,4.91924664,5.31833896,4.8585152,5.23157976,4.86719112,378870288,4455090688.0,5.839836,1,7.4866,0
2014-12-18,sh.600015,5.2489316,5.30966304,5.0537234,5.13180668,5.23157976,210264359,2503752976.0,3.240976,1,-1.9071,0
2014-12-19,sh.600015,5.11445484,5.2272418,4.97564012,5.16651036,5.13180668,199726372,2364030304.0,3.078545,1,0.6762,0
2014-12-22,sh.600015,5.1621724,5.5742786,5.1404826,5.35304264,5.16651036,323858816,4005943280.0,4.9919,1,3.6104,0
2014-12-23,sh.600015,5.205552,5.38774632,5.06673728,5.0754132,5.35304264,172970689,2085574176.0,2.666138,1,-5.1864,0
2014-12-24,sh.600015,5.10144096,5.12746872,4.77609396,4.86719112,5.0754132,143599007,1635488000.0,2.213408,1,-4.1026,0
2014-12-25,sh.600015,4.94961236,5.35304264,4.9018948,5.35304264,4.86719112,388298880,4703796224.0,5.985167,1,9.9822,0
2014-12-26,sh.600015,5.32701488,5.56994064,5.2272418,5.52656104,5.35304264,363912480,4528606976.0,5.609279,1,3.2415,0
2014-12-29,sh.600015,5.75647292,5.8996256,5.50053328,5.56126472,5.52656104,358146592,4714454784.0,5.520405,1,0.6279,0
2014-12-30,sh.600015,5.54391288,5.88227376,5.49185736,5.77382476,5.56126472,262004440,3472144528.0,4.038488,1,3.8222,0
2014-12-31,sh.600015,5.78250068,5.88227376,5.6610378,5.83889416,5.77382476,220222569,2942213440.0,3.39447,1,1.127,0
2015-01-05,sh.600015,5.88227376,6.00373664,5.7261072,5.87359784,5.83889416,233031763,3157864400.0,3.591908,1,0.5944,0
2015-01-06,sh.600015,5.79551456,6.01241256,5.69574148,5.7694868,5.87359784,194576573,2614867920.0,2.999167,1,-1.7725,0
2015-01-07,sh.600015,5.70875536,5.80852844,5.56126472,5.70007944,5.7694868,164144053,2147939376.0,2.530086,1,-1.203,0
2015-01-08,sh.600015,5.7044174,5.7261072,5.47016756,5.4875194,5.70007944,133523977,1707294976.0,2.058114,1,-3.7291,0
2015-01-09,sh.600015,5.47884348,5.89094968,5.43112592,5.56994064,5.4875194,230177628,3010164768.0,3.547915,1,1.502,0
2015-01-12,sh.600015,5.52656104,5.62199616,5.37039448,5.49185736,5.56994064,153002941,1938072720.0,2.358359,1,-1.4019,0
2015-01-13,sh.600015,5.47450552,5.54391288,5.42678796,5.45715368,5.49185736,82844964,1046745840.0,1.276957,1,-0.6319,0
2015-01-14,sh.600015,5.50487124,5.6610378,5.49185736,5.55692676,5.45715368,116269058,1493569664.0,1.79215,1,1.8283,0
2015-01-15,sh.600015,5.57861656,5.89528764,5.53523696,5.88661172,5.55692676,182221361,2406622304.0,2.808726,1,5.9329,0
2015-01-16,sh.600015,5.89528764,5.9863848,5.7911766,5.88227376,5.88661172,195295094,2659698112.0,3.010242,1,-0.0737,0
2015-01-19,sh.600015,5.44847776,5.58295452,5.2923112,5.2923112,5.88227376,200568202,2502721392.0,3.091521,1,-10.0295,0
2015-01-20,sh.600015,5.2923112,5.37473244,5.17084832,5.2923112,5.2923112,166576084,2029657056.0,2.567573,1,0.0,0
2015-01-21,sh.600015,5.32701488,5.63067208,5.2489316,5.62199616,5.2923112,201647512,2527002736.0,3.108157,1,6.2295,0
2015-01-22,sh.600015,5.5742786,5.61332024,5.4658296,5.56560268,5.62199616,118712032,1515342960.0,1.829805,1,-1.0031,0
2015-01-23,sh.600015,5.5742786,5.78683864,5.53523696,5.66537576,5.56560268,168409823,2194532224.0,2.595838,1,1.7927,0
2015-01-26,sh.600015,5.62633412,5.6610378,5.4875194,5.61332024,5.66537576,100653648,1288436176.0,1.551457,1,-0.9188,0
2015-01-27,sh.600015,5.5959684,5.60030636,5.34436672,5.47016756,5.61332024,127278191,1600858720.0,1.961842,1,-2.5502,0
2015-01-28,sh.600015,5.40509816,5.4875194,5.34436672,5.39642224,5.47016756,97380005,1212240672.0,1.500997,1,-1.3481,0
2015-01-29,sh.600015,5.314001,5.34002876,5.21422792,5.2706214,5.39642224,100572636,1222245024.0,1.550208,1,-2.3312,0
2015-01-30,sh.600015,5.30098712,5.32701488,5.19253812,5.2706214,5.2706214,87223535,1057813792.0,1.344447,1,0.0,0
2015-02-02,sh.600015,5.12313076,5.2272418,5.10144096,5.16651036,5.2706214,71015891,843192720.0,1.094626,1,-1.9753,0
2015-02-03,sh.600015,5.21422792,5.28363528,5.10577892,5.27929732,5.16651036,100184623,1195219600.0,1.544227,1,2.183,0
2015-02-04,sh.600015,5.24459364,5.27929732,5.1187928,5.13614464,5.27929732,77228863,927925216.0,1.190391,1,-2.7116,0
2015-02-05,sh.600015,5.34436672,5.34436672,5.10144096,5.1404826,5.13614464,166165506,2014176512.0,2.561244,1,0.0845,0
2015-02-06,sh.600015,5.08408912,5.14915852,4.99732992,5.04938544,5.1404826,72797999,851798240.0,1.122095,1,-1.7722,0
2015-02-09,sh.600015,5.03637156,5.12746872,4.9669642,5.07975116,5.04938544,80421021,936370704.0,1.239595,1,0.6014,0
2015-02-10,sh.600015,5.06239932,5.19687608,5.04504748,5.1838622,5.07975116,78265482,927319696.0,1.20637,1,2.0495,0
2015-02-11,sh.600015,5.17084832,5.19687608,5.12313076,5.15783444,5.1838622,46106924,547353584.0,0.710684,1,-0.5021,0
2015-02-12,sh.600015,5.16651036,5.24025568,5.05806136,5.18820016,5.15783444,64935440,769107264.0,1.000903,1,0.5887,0
2015-02-13,sh.600015,5.26194548,5.49185736,5.20988996,5.36171856,5.18820016,214106418,2644279904.0,3.300197,1,3.3445,0
2015-02-16,sh.600015,5.30532508,5.3356908,5.24459364,5.28797324,5.36171856,83420225,1016806512.0,1.285824,1,-1.3754,0
2015-02-17,sh.600015,5.314001,5.38774632,5.2923112,5.30966304,5.28797324,70653811,867947584.0,1.089045,1,0.4102,0
2015-02-25,sh.600015,5.314001,5.31833896,5.1404826,5.14915852,5.30966304,72106129,866828400.0,1.11143,1,-3.0229,0
2015-02-26,sh.600015,5.15349648,5.314001,5.097103,5.30098712,5.14915852,88337104,1062140320.0,1.361612,1,2.9486,0
2015-02-27,sh.600015,5.30532508,5.31833896,5.20121404,5.21422792,5.30098712,125007347,1513821040.0,1.92684,1,-1.6367,0
2015-03-02,sh.600015,5.23157976,5.2489316,5.16651036,5.21422792,5.21422792,98882346,1184452416.0,1.524154,1,0.0,0
2015-03-03,sh.600015,5.1838622,5.1838622,5.0320336,5.03637156,5.21422792,95652621,1126107696.0,1.474372,1,-3.411,0
2015-03-04,sh.600015,5.03637156,5.08408912,4.988654,5.01468176,5.03637156,66622493,772398208.0,1.026907,1,-0.4307,0
2015-03-05,sh.600015,4.99299196,5.00600584,4.87586704,4.90623276,5.01468176,82613346,938000304.0,1.273387,1,-2.1626,0
2015-03-06,sh.600015,4.90623276,4.95828828,4.88888092,4.9235846,4.90623276,51356289,583694496.0,0.791596,1,0.3537,0
2015-03-09,sh.600015,4.9452744,5.28797324,4.88888092,5.19687608,4.9235846,192011845,2264851088.0,2.959635,1,5.5507,0
2015-03-10,sh.600015,5.1404826,5.16651036,5.05806136,5.07107524,5.19687608,101868051,1197526640.0,1.570175,1,-2.4207,0
2015-03-11,sh.600015,5.0754132,5.18820016,5.0754132,5.09276504,5.07107524,83912285,992060512.0,1.293408,1,0.4277,0
2015-03-12,sh.600015,5.205552,5.52656104,5.17952424,5.36171856,5.09276504,259650819,3199457168.0,4.00221,1,5.2811,0
2015-03-13,sh.600015,5.41377408,5.58729248,5.30966304,5.37039448,5.36171856,191639415,2409617440.0,2.953894,1,0.1618,0
2015-03-16,sh.600015,5.43546388,5.49619532,5.3356908,5.43112592,5.37039448,142179539,1777500064.0,2.191529,1,1.1309,0
2015-03-17,sh.600015,5.5092092,5.53957492,5.43112592,5.49619532,5.43112592,141480823,1787772672.0,2.180759,1,1.1981,0
2015-03-18,sh.600015,5.5092092,5.60030636,5.47884348,5.5959684,5.49619532,156062374,1996701808.0,2.405516,1,1.8153,0
2015-03-19,sh.600015,5.5525888,5.5742786,5.48318144,5.50487124,5.5959684,115827693,1474193488.0,1.785347,1,-1.6279,0
2015-03-20,sh.600015,5.4875194,5.65236188,5.41377408,5.54391288,5.50487124,211701852,2699671248.0,3.263133,1,0.7092,0
2015-03-23,sh.600015,5.57861656,5.63501004,5.52656104,5.60030636,5.54391288,152776394,1968310720.0,2.354867,1,1.0172,0
2015-03-24,sh.600015,5.5742786,5.63501004,5.5092092,5.54825084,5.60030636,142935150,1828445088.0,2.203176,1,-0.9295,0
2015-03-25,sh.600015,5.5092092,5.54391288,5.4007602,5.42245,5.54825084,132250158,1663523440.0,2.038479,1,-2.2674,0
2015-03-26,sh.600015,5.3790704,5.53523696,5.34436672,5.45281572,5.42245,114034425,1435803792.0,1.757705,1,0.56,0
2015-03-27,sh.600015,5.43112592,5.6176582,5.3790704,5.53523696,5.45281572,139008285,1768542880.0,2.142648,1,1.5115,0
2015-03-30,sh.600015,5.58729248,5.77816272,5.56560268,5.72176924,5.53523696,204086828,2673458224.0,3.145756,1,3.3699,0
2015-03-31,sh.600015,5.8128664,5.8779358,5.56994064,5.5959684,5.72176924,188878625,2497976752.0,2.91134,1,-2.1986,0
2015-04-01,sh.600015,5.58729248,5.7044174,5.56560268,5.62633412,5.5959684,114772257,1490906816.0,1.769078,1,0.5426,0
2015-04-02,sh.600015,5.64802392,5.73478312,5.58295452,5.66537576,5.62633412,131537510,1712076320.0,2.027495,1,0.6939,0
2015-04-03,sh.600015,5.64802392,5.75213496,5.6176582,5.74345904,5.66537576,155219802,2039263840.0,2.392529,1,1.3782,0
2015-04-07,sh.600015,5.85190804,6.02108848,5.81720436,5.94734316,5.74345904,212319147,2892855648.0,3.272648,1,3.5499,0
2015-04-08,sh.600015,5.94734316,6.06013012,5.84323212,6.05579216,5.94734316,207298675,2850318800.0,3.195263,1,1.8235,0
2015-04-09,sh.600015,6.05579216,6.27269016,6.0080746,6.05579216,6.05579216,234051271,3296415856.0,3.607623,1,0.0,0
2015-04-10,sh.600015,6.05579216,6.37246324,5.99506072,6.32908364,6.05579216,197780701,2821689520.0,3.048555,1,4.5129,0
2015-04-13,sh.600015,6.46789836,6.62840288,6.33775956,6.45054652,6.32908364,219832641,3275271792.0,3.38846,1,1.9191,0
2015-04-14,sh.600015,6.41584284,6.79324536,6.25967628,6.65443064,6.45054652,256122871,3842567168.0,3.94783,1,3.1607,0
2015-04-15,sh.600015,6.81493516,7.31813852,6.81493516,7.31813852,6.65443064,249523542,4134371104.0,3.84611,1,9.9739,0
2015-04-16,sh.600015,7.43092548,7.53937448,7.157634,7.44393936,7.31813852,327793728,5544304640.0,5.052552,1,1.719,0
2015-04-17,sh.600015,7.62613368,7.67385124,7.27475892,7.32247648,7.44393936,236924383,4052537424.0,3.651908,1,-1.6317,0
2015-04-20,sh.600015,7.36585608,7.38754588,6.82361108,7.01448132,7.32247648,262634642,4314239232.0,4.048202,1,-4.2062,0
2015-04-21,sh.600015,6.940736,7.18799972,6.88000456,7.16197196,7.01448132,182912653,2965267984.0,2.819382,1,2.1027,0
2015-04-22,sh.600015,7.2010136,7.266083,7.07955072,7.24005524,7.16197196,184153878,3049918416.0,2.838514,1,1.0903,0
2015-04-23,sh.600015,7.2443932,7.42658752,7.15329604,7.21836544,7.24005524,186746684,3141951968.0,2.878479,1,-0.2996,0
2015-04-24,sh.600015,7.0274952,7.25740708,6.88868048,6.99279152,7.21836544,166031028,2700092464.0,2.559171,1,-3.125,0
2015-04-27,sh.600015,6.99712948,7.2010136,6.99712948,7.19233768,6.99279152,147467909,2424367664.0,2.273043,1,2.8536,0
2015-04-28,sh.600015,7.1793238,7.79097616,7.1793238,7.38754588,7.19233768,304266592,5225890560.0,4.689909,1,2.7141,0
2015-04-29,sh.600015,7.2877728,7.40489772,7.21402748,7.29644872,7.38754588,132190219,2227868256.0,2.037555,1,-1.2331,0
2015-04-30,sh.600015,7.29644872,7.374532,6.9841156,7.0274952,7.29644872,153536919,2537645056.0,2.36659,1,-3.6861,0
2015-05-04,sh.600015,7.0274952,7.049185,6.91470824,7.01448132,7.0274952,132859937,2135905600.0,2.047878,1,-0.1852,0
2015-05-05,sh.600015,7.01014336,7.01014336,6.50260204,6.5720094,7.01448132,185561316,2874355472.0,2.860208,1,-6.308,0
2015-05-06,sh.600015,6.5936992,6.75854168,6.4201808,6.46789836,6.5720094,120637832,1841379600.0,1.859489,1,-1.5842,0
2015-05-07,sh.600015,6.4635604,6.57634736,6.43753264,6.51127796,6.46789836,74114989,1113754832.0,1.142395,1,0.6707,0
2015-05-08,sh.600015,6.58936124,6.62840288,6.42451876,6.53296776,6.51127796,83506051,1256514816.0,1.287147,1,0.3331,0
2015-05-11,sh.600015,6.50694,6.71516208,6.35944936,6.68913432,6.53296776,180184653,2702931472.0,2.777333,1,2.3904,0
2015-05-12,sh.600015,6.6370788,6.76287964,6.615389,6.71082412,6.68913432,133509382,2056506656.0,2.057889,1,0.3243,0
2015-05-13,sh.600015,6.7889074,6.81493516,6.5503196,6.60671308,6.71082412,113395157,1742798256.0,1.747852,1,-1.5514,0
2015-05-14,sh.600015,6.64141676,6.7021482,6.56333348,6.58936124,6.60671308,91948656,1404353952.0,1.41728,1,-0.2626,0
2015-05-15,sh.600015,6.5503196,6.61105104,6.36812528,6.42885672,6.58936124,89191779,1332936304.0,1.374786,1,-2.4358,0
2015-05-18,sh.600015,6.38981508,6.48091224,6.290042,6.3117318,6.42885672,79642898,1173775968.0,1.227601,1,-1.8219,0
2015-05-19,sh.600015,6.3117318,6.62406492,6.30305588,6.59803716,6.3117318,111578593,1674959056.0,1.719852,1,4.5361,0
2015-05-20,sh.600015,6.60671308,6.84530088,6.5503196,6.67178248,6.59803716,144269665,2226516832.0,2.223746,1,1.1177,0
2015-05-21,sh.600015,6.71950004,6.74986576,6.62406492,6.7021482,6.67178248,63613601,981172720.0,0.980528,1,0.4551,0
2015-05-22,sh.600015,6.76287964,7.06219888,6.76287964,7.01881928,6.7021482,173026780,2779728832.0,2.667003,1,4.7249,0
2015-05-25,sh.600015,7.0708748,7.21402748,7.05352296,7.15329604,7.01881928,152984719,2513055008.0,2.358078,1,1.9159,0
2015-05-26,sh.600015,7.18799972,7.19233768,7.06219888,7.1359442,7.15329604,122826591,2014987568.0,1.893226,1,-0.2426,0
2015-05-27,sh.600015,7.1359442,7.18366176,6.9841156,7.05352296,7.1359442,120981754,1975528576.0,1.86479,1,-1.155,0
2015-05-28,sh.600015,7.01881928,7.05786092,6.51995388,6.5503196,7.05352296,153125703,2434249568.0,2.360251,1,-7.1341,0
2015-05-29,sh.600015,6.56333348,6.66310656,6.3768012,6.51561592,6.5503196,128761432,1938458896.0,1.984705,1,-0.5298,0
2015-06-01,sh.600015,6.5503196,6.88434252,6.4635604,6.8539768,6.51561592,125705711,1938491888.0,1.937604,1,5.1931,0
2015-06-02,sh.600015,6.8105972,6.9190462,6.73685188,6.90169436,6.8539768,118388728,1864804880.0,1.824822,1,0.6962,0
2015-06-03,sh.600015,6.93639804,7.2227034,6.7672176,7.157634,6.90169436,182262834,2942551536.0,2.809365,1,3.7084,0
2015-06-04,sh.600015,7.1793238,7.51334672,6.9624258,7.43526344,7.157634,230559772,3874506912.0,3.553806,1,3.8788,0
2015-06-05,sh.600015,7.5480504,7.59143,7.157634,7.28343484,7.43526344,176170724,2980468176.0,2.715463,1,-2.042,0
2015-06-08,sh.600015,7.30512464,7.75627248,7.23571728,7.699879,7.28343484,281611088,4905225216.0,4.340701,1,5.7177,0
2015-06-09,sh.600015,7.77362432,7.86472148,7.4612912,7.55238836,7.699879,203811685,3601699248.0,3.141515,1,-1.9155,0
2015-06-10,sh.600015,7.482981,7.55672632,7.33549036,7.40055976,7.55238836,149701290,2566223456.0,2.307468,1,-2.0103,0
2015-06-11,sh.600015,7.41357364,7.47864304,7.2877728,7.44827732,7.40055976,111894588,1904115152.0,1.724722,1,0.6448,0
2015-06-12,sh.600015,7.45261528,7.50033284,7.32247648,7.45261528,7.44827732,129218483,2209441264.0,1.99175,1,0.0582,0
2015-06-15,sh.600015,7.48731896,7.48731896,7.1142544,7.16197196,7.45261528,135728504,2291340528.0,2.092094,1,-3.8999,0
2015-06-16,sh.600015,7.1142544,7.21402748,6.91037028,6.97977764,7.16197196,102668781,1676118224.0,1.582518,1,-2.5439,0
2015-06-17,sh.600015,7.07955072,7.0925646,6.94941192,7.01448132,6.97977764,123602829,2000290272.0,1.905191,1,0.4972,0
2015-06-18,sh.600015,6.97977764,7.00146744,6.73251392,6.76287964,7.01448132,94107456,1495503200.0,1.450555,1,-3.5869,0
2015-06-19,sh.600015,6.76287964,6.8756666,6.21629668,6.38547712,6.76287964,127427623,1952317088.0,1.964146,1,-5.5805,0
2015-06-23,sh.600015,6.44620856,6.63274084,6.21629668,6.615389,6.38547712,90624223,1351711168.0,1.396865,1,3.6005,0
2015-06-24,sh.600015,6.58502328,6.70648616,6.50694,6.6804584,6.615389,99592390,1516999728.0,1.535099,1,0.9836,0
2015-06-25,sh.600015,6.8539768,6.92338416,6.46789836,6.51995388,6.6804584,128563124,2009797888.0,1.981648,1,-2.4026,0
2015-06-26,sh.600015,6.38547712,6.62406492,5.86925988,6.09917176,6.51995388,148495395,2151943504.0,2.28888,1,-6.4538,0
2015-06-29,sh.600015,6.2683522,6.32474568,5.58729248,6.14255136,6.09917176,190407718,2680213296.0,2.934909,1,0.7112,0
2015-06-30,sh.600015,6.14255136,6.62406492,6.11218564,6.59803716,6.14255136,159862395,2347939504.0,2.464089,1,7.4153,0
2015-07-01,sh.600015,6.51995388,6.60237512,6.30305588,6.41150488,6.59803716,112552876,1684669424.0,1.734869,1,-2.8271,0
2015-07-02,sh.600015,6.49826408,6.832287,6.32474568,6.51995388,6.41150488,212865187,3250361088.0,3.281064,1,1.6915,0
2015-07-03,sh.600015,6.5720094,6.77589352,5.9863848,6.32908364,6.51995388,174653742,2602054800.0,2.69208,1,-2.9275,0
2015-07-06,sh.600015,6.92772212,6.93206008,6.48958816,6.75854168,6.32908364,266286750,4116790048.0,4.104495,1,6.7855,0
2015-07-07,sh.600015,6.6804584,7.14028216,6.54598164,7.11859236,6.75854168,304610336,4858439168.0,4.695207,1,5.3273,0
2015-07-08,sh.600015,6.5784213,7.35927456,6.40727538,6.75491553,7.11860061,338487872,4365073664.0,4.347824,1,-5.1089,0
2015-07-09,sh.600015,6.75491553,7.30579146,6.23078115,7.07581413,6.75491553,306128416,3945222288.0,3.932172,1,4.7506,0
2015-07-10,sh.600015,6.85653342,7.56785865,6.76561215,7.19882526,7.07581413,308901312,4207386240.0,3.96779,1,1.7385,0
2015-07-13,sh.600015,6.95815131,7.2202185,6.7923537,6.97419624,7.19882526,208417172,2723654288.0,2.677086,1,-3.1204,0
2015-07-14,sh.600015,6.87257835,7.04907258,6.70678074,6.91001652,6.97419624,172387145,2202200000.0,2.214286,1,-0.9202,0
2015-07-15,sh.600015,6.84048849,7.07581413,6.7923537,7.05442089,6.91001652,195156735,2530850640.0,2.506758,1,2.0898,0
2015-07-16,sh.600015,7.05442089,7.08116244,6.8458368,6.91536483,7.05442089,118614287,1545298928.0,1.523582,1,-1.9712,0
2015-07-17,sh.600015,6.94745469,7.10790399,6.85118511,7.04907258,6.91536483,117931005,1538774352.0,1.514806,1,1.9335,0
2015-07-20,sh.600015,7.0062861,7.1132523,6.92606145,7.00093779,7.04907258,92841453,1215699824.0,1.192534,1,-0.6829,0
2015-07-21,sh.600015,6.94210638,7.0597692,6.82979187,6.86188173,7.00093779,91168884,1180632224.0,1.17105,1,-1.9863,0
2015-07-22,sh.600015,6.79770201,6.88327497,6.71747736,6.72817398,6.86188173,77957359,991618656.0,1.00135,1,-1.9486,0
2015-07-23,sh.600015,6.64794933,6.80305032,6.64794933,6.76561215,6.72817398,67950742,858480480.0,0.872817,1,0.5564,0
2015-07-24,sh.600015,6.7388706,6.76561215,6.55167975,6.56237637,6.76561215,70141634,877927424.0,0.900958,1,-3.0039,0
2015-07-27,sh.600015,6.46610679,6.51958989,5.90453424,5.90453424,6.56237637,134762389,1576857568.0,1.731002,1,-10.0245,0
2015-07-28,sh.600015,5.78152311,6.07568016,5.78152311,6.01150044,5.90453424,113791873,1265581696.0,1.461639,1,1.8116,0
2015-07-29,sh.600015,5.97941058,6.01150044,5.91523086,5.9901072,6.01150044,56883515,634896944.0,0.73066,1,-0.3559,0
2015-07-30,sh.600015,5.9901072,6.02754537,5.78687142,5.79221973,5.9901072,54836804,608472560.0,0.70437,1,-3.3036,0
2015-07-31,sh.600015,5.7761748,5.84570283,5.65851198,5.78687142,5.79221973,64013741,685944608.0,0.822247,1,-0.0923,0
2015-08-03,sh.600015,5.7226917,5.94732072,5.68525353,5.9366241,5.78687142,60796052,663393808.0,0.780916,1,2.5878,0
2015-08-04,sh.600015,5.93127579,6.00615213,5.88848931,5.99545551,5.9366241,34884346,387959888.0,0.448084,1,0.991,0
2015-08-05,sh.600015,5.96336565,5.9901072,5.84035452,5.85105114,5.99545551,29601070,327983248.0,0.380221,1,-2.4086,0
2015-08-06,sh.600015,5.82430959,5.9366241,5.78687142,5.81361297,5.85105114,24029872,263201219.0,0.30866,1,-0.6399,0
2015-08-07,sh.600015,5.87779269,5.97406227,5.84035452,5.89918593,5.81361297,39646105,438645040.0,0.509248,1,1.4719,0
2015-08-10,sh.600015,5.87779269,6.09172509,5.79756804,6.08102847,5.89918593,76085883,845499424.0,0.977311,1,3.0825,0
2015-08-11,sh.600015,6.03289368,6.06498354,5.9366241,5.97406227,6.08102847,59007235,661511344.0,0.757939,1,-1.759,0
2015-08-12,sh.600015,5.89383762,5.97941058,5.86174776,5.86709607,5.97406227,40785988,451004960.0,0.52389,1,-1.7905,0
2015-08-13,sh.600015,5.84035452,5.94197241,5.80291635,5.87779269,5.86709607,37835036,414689696.0,0.485985,1,0.1823,0
2015-08-14,sh.600015,5.89383762,5.90988255,5.81896128,5.85105114,5.87779269,40951093,448604336.0,0.52601,1,-0.455,0
2015-08-17,sh.600015,5.81896128,5.8296579,5.73338832,5.76547818,5.85105114,44329494,477957968.0,0.569405,1,-1.4625,0
2015-08-18,sh.600015,5.77082649,5.84035452,5.42853465,5.46062451,5.76547818,66279277,703393264.0,0.851347,1,-5.2876,0
2015-08-19,sh.600015,5.43923127,5.60502888,5.30552352,5.59433226,5.46062451,68358379,695570432.0,0.878053,1,2.4486,0
2015-08-20,sh.600015,5.51410761,5.57828733,5.44457958,5.48201775,5.59433226,38177397,393473024.0,0.490383,1,-2.0076,0
2015-08-21,sh.600015,5.44457958,5.54084916,5.35365831,5.36435493,5.48201775,44588965,452863472.0,0.572738,1,-2.1463,0
2015-08-24,sh.600015,5.20390563,5.22529887,4.82952393,4.87231041,5.36435493,114064221,1047710528.0,1.465137,1,-9.1725,0
2015-08-25,sh.600015,4.66907463,4.93649013,4.58884998,4.60489491,4.87231041,118551883,1054564560.0,1.522781,1,-5.4885,0
2015-08-26,sh.600015,4.69581618,4.98462492,4.61024322,4.87231041,4.60489491,90129937,811480464.0,1.157705,1,5.8072,0
2015-08-27,sh.600015,4.92579351,5.31087183,4.84022055,5.26808535,4.87231041,94340741,885924592.0,1.211792,1,8.1229,0
2015-08-28,sh.600015,5.27343366,5.42853465,5.15042253,5.28413028,5.26808535,90474140,895669248.0,1.162126,1,0.3046,0
2015-08-31,sh.600015,5.25204042,5.5622424,5.16646746,5.54619747,5.28413028,163132207,1638472112.0,2.095408,1,4.9595,0
2015-09-01,sh.600015,5.43388296,5.72804001,5.27878197,5.7226917,5.54619747,154040383,1602572832.0,1.978625,1,3.1823,0
2015-09-02,sh.600015,5.55154578,5.82430959,5.49271437,5.81361297,5.7226917,148796712,1580662720.0,1.911271,1,1.5888,0
2015-09-07,sh.600015,5.70129846,5.70664677,5.36435493,5.40714141,5.81361297,56303563,583142080.0,0.723211,1,-6.9917,0
2015-09-08,sh.600015,5.37505155,5.59968057,5.35900662,5.53550085,5.40714141,33864323,346939568.0,0.434982,1,2.3739,0
2015-09-09,sh.600015,5.53550085,5.58898395,5.48736606,5.55154578,5.53550085,35999596,373278352.0,0.462409,1,0.2899,0
2015-09-10,sh.600015,5.49806268,5.60502888,5.48736606,5.59433226,5.55154578,30877835,320771696.0,0.396621,1,0.7707,0
2015-09-11,sh.600015,5.5622424,5.60502888,5.52480423,5.5622424,5.59433226,20399922,211764612.0,0.262034,1,-0.5736,0
2015-09-14,sh.600015,5.54619747,5.73873663,5.32156845,5.7226917,5.5622424,80475475,838212032.0,1.033695,1,2.8846,0
2015-09-15,sh.600015,5.6157255,5.70129846,5.51410761,5.66386029,5.7226917,51956496,545545008.0,0.667373,1,-1.028,0
2015-09-16,sh.600015,5.58898395,5.81896128,5.52480423,5.70664677,5.66386029,36165680,381641680.0,0.464543,1,0.7554,0
2015-09-17,sh.600015,5.68525353,5.70129846,5.56759071,5.57293902,5.70664677,24179770,255222058.0,0.310585,1,-2.343,0
2015-09-18,sh.600015,5.56759071,5.59433226,5.50341099,5.51410761,5.57293902,14482769,150223784.0,0.186029,1,-1.0557,0
2015-09-21,sh.600015,5.48201775,5.5087593,5.44457958,5.49806268,5.51410761,15791610,161706109.0,0.202841,1,-0.291,0
2015-09-22,sh.600015,5.49806268,5.59968057,5.48201775,5.54619747,5.49806268,18924313,196450297.0,0.24308,1,0.8755,0
2015-09-23,sh.600015,5.50341099,5.54619747,5.4017931,5.41248972,5.54619747,14895359,152102193.0,0.191329,1,-2.4108,0
2015-09-24,sh.600015,5.43923127,5.47132113,5.41248972,5.42853465,5.41248972,8310920,84461750.0,0.106752,1,0.2964,0
2015-09-25,sh.600015,5.43388296,5.53550085,5.34831,5.51945592,5.42853465,24570100,250305324.0,0.315599,1,1.6749,0
2015-09-28,sh.600015,5.47132113,5.49271437,5.41783803,5.46062451,5.51945592,10912895,111359220.0,0.140174,1,-1.0659,0
2015-09-29,sh.600015,5.43923127,5.43923127,5.35365831,5.36435493,5.46062451,10249483,103388228.0,0.131653,1,-1.763,0
2015-09-30,sh.600015,5.38039986,5.44992789,5.36970324,5.40714141,5.36435493,14306103,144720173.0,0.18376,1,0.7976,0
2015-10-08,sh.600015,5.54084916,5.55154578,5.47666944,5.48736606,5.40714141,15515493,159846616.0,0.199294,1,1.4837,0
2015-10-09,sh.600015,5.49271437,5.53550085,5.46597282,5.5087593,5.48736606,25407662,261763041.0,0.326357,1,0.3899,0
2015-10-12,sh.600015,5.52480423,5.67990522,5.51945592,5.61037719,5.5087593,43577126,456806256.0,0.559741,1,1.8447,0
2015-10-13,sh.600015,5.59433226,5.63711874,5.55689409,5.57828733,5.61037719,21545227,224962260.0,0.276745,1,-0.572,0
2015-10-14,sh.600015,5.5622424,5.58363564,5.48736606,5.49271437,5.57828733,20164296,208789962.0,0.259007,1,-1.534,0
2015-10-15,sh.600015,5.49271437,5.62107381,5.48736606,5.59968057,5.49271437,28113719,292955120.0,0.361116,1,1.9474,0
2015-10-16,sh.600015,5.62642212,5.65851198,5.58363564,5.62107381,5.59968057,29788348,313191360.0,0.382627,1,0.382,0
2015-10-19,sh.600015,5.62107381,5.67990522,5.55154578,5.62107381,5.62107381,36532498,383592848.0,0.469254,1,0.0,0
2015-10-20,sh.600015,5.62642212,5.66386029,5.58363564,5.65851198,5.62107381,31610826,332494448.0,0.406036,1,0.666,0
2015-10-21,sh.600015,5.65851198,5.86709607,5.59968057,5.79221973,5.65851198,76329661,817265808.0,0.980443,1,2.3629,0
2015-10-22,sh.600015,5.71734339,5.71734339,5.63177043,5.67455691,5.79221973,43051196,456442784.0,0.552986,1,-2.0314,0
2015-10-23,sh.600015,5.66386029,5.69595015,5.64246705,5.69060184,5.67455691,29072962,308183872.0,0.373438,1,0.2828,0
2015-10-26,sh.600015,5.70129846,5.79221973,5.67455691,5.70664677,5.69060184,37977171,406817056.0,0.487811,1,0.282,0
2015-10-27,sh.600015,5.67455691,5.72804001,5.59433226,5.68525353,5.70664677,27771515,294635488.0,0.356721,1,-0.3749,0
2015-10-28,sh.600015,5.67990522,5.69595015,5.61037719,5.62107381,5.68525353,22344799,236458851.0,0.287015,1,-1.1289,0
2015-10-29,sh.600015,5.62642212,5.65316367,5.59968057,5.63177043,5.62107381,15458386,162599787.0,0.198561,1,0.1903,0
2015-10-30,sh.600015,5.63711874,5.68525353,5.6157255,5.64781536,5.63177043,35804475,377862512.0,0.459903,1,0.2849,0
2015-11-02,sh.600015,5.62642212,5.67990522,5.59433226,5.59968057,5.64781536,33487787,352976208.0,0.430145,1,-0.8523,0
2015-11-03,sh.600015,5.59968057,5.64246705,5.53550085,5.55154578,5.59968057,22489905,235848315.0,0.288879,1,-0.8596,0
2015-11-04,sh.600015,5.5622424,5.80291635,5.55689409,5.76012987,5.55154578,50934938,541778880.0,0.654251,1,3.7572,0
2015-11-05,sh.600015,5.74943325,6.14520819,5.70664677,5.90988255,5.76012987,156923683,1753063168.0,2.01566,1,2.5998,0
2015-11-06,sh.600015,5.86174776,6.07568016,5.85105114,6.05428692,5.90988255,75576112,843953824.0,0.970763,1,2.4434,0
2015-11-09,sh.600015,6.0970734,6.49819665,6.0970734,6.23612946,6.05428692,164980051,1952215648.0,2.119143,1,3.0035,0
2015-11-10,sh.600015,6.15590481,6.27891594,6.09172509,6.16125312,6.23612946,73787675,850061872.0,0.947791,1,-1.2007,0
2015-11-11,sh.600015,6.16660143,6.16660143,5.99545551,6.07033185,6.16125312,57286213,650008640.0,0.735833,1,-1.4757,0
2015-11-12,sh.600015,6.09172509,6.10777002,5.92592748,5.97406227,6.07033185,34933670,392349760.0,0.448718,1,-1.5859,0
2015-11-13,sh.600015,5.93127579,6.05963523,5.92057917,5.93127579,5.97406227,37449073,418714000.0,0.481028,1,-0.7162,0
2015-11-16,sh.600015,5.84035452,5.96871396,5.8296579,5.95801734,5.93127579,33482316,370161440.0,0.430075,1,0.4509,0
2015-11-17,sh.600015,6.00080382,6.1505565,5.97406227,6.02219706,5.95801734,56535176,641621264.0,0.726186,1,1.0772,0
2015-11-18,sh.600015,6.01150044,6.18264636,5.92057917,6.03824199,6.02219706,53317117,602385920.0,0.68485,1,0.2664,0
2015-11-19,sh.600015,6.04893861,6.06498354,6.00080382,6.04893861,6.03824199,30899744,348596528.0,0.396902,1,0.1772,0
2015-11-20,sh.600015,6.05963523,6.12381495,6.01150044,6.0435903,6.04893861,41453260,470142992.0,0.532461,1,-0.0884,0
2015-11-23,sh.600015,6.0435903,6.09172509,5.96871396,5.98475889,6.0435903,32691616,368763008.0,0.419919,1,-0.9735,0
2015-11-24,sh.600015,5.97406227,5.97941058,5.83500621,5.91523086,5.98475889,37914629,418048608.0,0.487008,1,-1.1617,0
2015-11-25,sh.600015,5.89918593,5.97406227,5.8296579,5.93127579,5.91523086,37789099,416801488.0,0.485395,1,0.2712,0
2015-11-26,sh.600015,5.96871396,6.0435903,5.94197241,5.94197241,5.93127579,38885814,435540752.0,0.499482,1,0.1803,0
2015-11-27,sh.600015,5.90453424,5.9366241,5.69595015,5.78687142,5.94197241,46172228,501554016.0,0.593075,1,-2.6103,0
2015-11-30,sh.600015,5.79221973,6.01684875,5.72804001,5.92057917,5.78687142,65524643,719803552.0,0.841654,1,2.3105,0
2015-12-01,sh.600015,5.93127579,6.00615213,5.79756804,5.99545551,5.92057917,67384722,745752160.0,0.865546,1,1.2647,0
2015-12-02,sh.600015,5.96336565,6.417972,5.9366241,6.37518552,5.99545551,158414229,1838098096.0,2.034806,1,6.3336,0
2015-12-03,sh.600015,6.30030918,6.46075848,6.17194974,6.24147777,6.37518552,111830864,1318308112.0,1.43645,1,-2.0973,0
2015-12-04,sh.600015,6.2040396,6.22543284,5.9901072,6.02219706,6.24147777,71996889,818934304.0,0.924789,1,-3.5133,0
2015-12-07,sh.600015,6.04893861,6.08637678,5.97941058,6.0435903,6.02219706,37120539,418672576.0,0.476808,1,0.3552,0
2015-12-08,sh.600015,5.99545551,6.04893861,5.94197241,5.98475889,6.0435903,33180142,371360288.0,0.426194,1,-0.9735,0
2015-12-09,sh.600015,5.97406227,6.05963523,5.95266903,6.01684875,5.98475889,33639869,378436384.0,0.432099,1,0.5362,0
2015-12-10,sh.600015,6.00615213,6.11846664,5.9366241,5.94732072,6.01684875,35103182,396065408.0,0.450895,1,-1.1556,0
2015-12-11,sh.600015,5.94732072,5.96336565,5.86709607,5.93127579,5.94732072,25256536,279148880.0,0.324416,1,-0.2698,0
2015-12-14,sh.600015,5.86709607,6.13451157,5.84570283,6.08102847,5.93127579,43232614,486291312.0,0.555316,1,2.5248,0
2015-12-15,sh.600015,6.07033185,6.09172509,5.96336565,5.99545551,6.08102847,29176049,328709824.0,0.374762,1,-1.4072,0
2015-12-16,sh.600015,6.02219706,6.02754537,5.96871396,5.97941058,5.99545551,17137099,191987032.0,0.220123,1,-0.2676,0
2015-12-17,sh.600015,6.00080382,6.07568016,5.99545551,6.03289368,5.97941058,35596281,401783680.0,0.457229,1,0.8944,0
2015-12-18,sh.600015,6.01684875,6.5249382,6.01150044,6.13985988,6.03289368,111389654,1296295056.0,1.430783,1,1.773,0
2015-12-21,sh.600015,6.0970734,6.48215172,6.07568016,6.40727538,6.13985988,129017006,1530396912.0,1.657203,1,4.3554,0
2015-12-22,sh.600015,6.3644889,6.51424158,6.30565749,6.33774735,6.40727538,77733319,927660800.0,0.998472,1,-1.0851,0
2015-12-23,sh.600015,6.36983721,6.53563482,6.28426425,6.40727538,6.33774735,80573382,965062816.0,1.034953,1,1.097,0
2015-12-24,sh.600015,6.40192707,6.45541017,6.27356763,6.40727538,6.40727538,59734272,711572016.0,0.767277,1,0.0,0
2015-12-25,sh.600015,6.41262369,6.45541017,6.35914059,6.40192707,6.40727538,34590499,414439824.0,0.44431,1,-0.0835,0
2015-12-28,sh.600015,6.42332031,6.43401693,6.0970734,6.11846664,6.40192707,51807037,606365488.0,0.665453,1,-4.4277,0
2015-12-29,sh.600015,6.22543284,6.40727538,6.17729805,6.3110058,6.11846664,59101138,695317696.0,0.759145,1,3.1469,0
2015-12-30,sh.600015,6.28426425,6.39123045,6.24147777,6.37518552,6.3110058,43377055,512401840.0,0.557172,1,1.0169,0
2015-12-31,sh.600015,6.3644889,6.54098313,6.24682608,6.49284834,6.37518552,111977293,1347298096.0,1.438331,1,1.8456,0
2016-01-04,sh.600015,6.417972,6.43936524,6.0970734,6.11311833,6.49284834,40111596,470269328.0,0.515227,1,-5.8484,0
2016-01-05,sh.600015,6.00080382,6.27356763,5.97941058,6.14520819,6.11311833,62471678,717805680.0,0.802439,1,0.5249,0
2016-01-06,sh.600015,6.11846664,6.17194974,6.02754537,6.15590481,6.14520819,45649576,520875024.0,0.586362,1,0.1741,0
2016-01-07,sh.600015,6.0435903,6.05963523,5.7226917,5.73873663,6.15590481,13282709,147031616.0,0.170614,1,-6.7767,0
2016-01-08,sh.600015,5.87244438,5.95801734,5.62642212,5.79221973,5.73873663,48348103,526523632.0,0.621024,1,0.932,0
2016-01-11,sh.600015,5.7226917,5.74943325,5.51945592,5.53015254,5.79221973,45184048,477505024.0,0.580382,1,-4.5245,0
2016-01-12,sh.600015,5.58898395,5.61037719,5.49806268,5.53015254,5.53015254,27156765,281734624.0,0.348824,1,0.0,0
2016-01-13,sh.600015,5.54084916,5.57828733,5.38039986,5.38574817,5.53015254,27904964,287180032.0,0.358435,1,-2.6112,0
2016-01-14,sh.600015,5.30017521,5.4552762,5.27343366,5.42853465,5.38574817,32031116,321236000.0,0.411435,1,0.7944,0
2016-01-15,sh.600015,5.42853465,5.49271437,5.25204042,5.25738873,5.42853465,30531254,306226912.0,0.392169,1,-3.1527,0
2016-01-18,sh.600015,5.18251239,5.38574817,5.17716408,5.32156845,5.25738873,32560635,321521200.0,0.418236,1,1.2208,0
2016-01-19,sh.600015,5.30552352,5.46597282,5.26273704,5.42853465,5.32156845,29691061,298595008.0,0.381377,1,2.01,0
2016-01-20,sh.600015,5.40714141,5.42853465,5.28413028,5.32156845,5.42853465,26886345,269440432.0,0.345351,1,-1.9704,0
2016-01-21,sh.600015,5.28947859,5.4552762,5.24669211,5.25204042,5.32156845,28519699,285398656.0,0.366331,1,-1.3065,0
2016-01-22,sh.600015,5.2948269,5.32691676,5.2413438,5.31087183,5.25204042,17776643,175706879.0,0.228338,1,1.1202,0
2016-01-25,sh.600015,5.31622014,5.32691676,5.25738873,5.30017521,5.31087183,15242876,151014325.0,0.195792,1,-0.2014,0
2016-01-26,sh.600015,5.27343366,5.31087183,4.99532154,5.0274114,5.30017521,25656135,247964445.0,0.329549,1,-5.1463,0
2016-01-27,sh.600015,5.04880464,5.12902929,4.94718675,5.06484957,5.0274114,34644316,325927152.0,0.445001,1,0.7447,0
2016-01-28,sh.600015,5.03275971,5.09693943,4.93114182,4.95788337,5.06484957,21350113,200741447.0,0.274239,1,-2.1119,0
2016-01-29,sh.600015,4.96857999,5.1343776,4.96857999,5.09693943,4.95788337,28340374,268229877.0,0.364028,1,2.8047,0
2016-02-01,sh.600015,5.0808945,5.11833267,4.92579351,4.97927661,5.09693943,22527017,211189736.0,0.289356,1,-2.3085,0
2016-02-02,sh.600015,4.97927661,5.09693943,4.9739283,5.07019788,4.97927661,20478391,193744079.0,0.263042,1,1.826,0
2016-02-03,sh.600015,5.03275971,5.06484957,4.97927661,5.03810802,5.07019788,15049287,141195657.0,0.193306,1,-0.6329,0
2016-02-04,sh.600015,5.04345633,5.11298436,5.03810802,5.09693943,5.03810802,17244371,163837224.0,0.221501,1,1.1677,0
2016-02-05,sh.600015,5.08624281,5.12368098,5.07019788,5.0808945,5.09693943,13964608,132989684.0,0.179373,1,-0.3148,0
2016-02-15,sh.600015,5.00601816,5.00601816,4.9204452,4.9739283,5.0808945,23685428,219691132.0,0.304236,1,-2.1053,0
2016-02-16,sh.600015,5.00066985,5.1343776,4.98997323,5.11833267,4.9739283,25086723,238371978.0,0.322235,1,2.9032,0
2016-02-17,sh.600015,5.10228774,5.17181577,5.09693943,5.15577084,5.11833267,29102843,279452944.0,0.373822,1,0.7315,0
2016-02-18,sh.600015,5.17181577,5.21460225,5.12368098,5.12902929,5.15577084,23218830,224497903.0,0.298242,1,-0.5187,0
2016-02-19,sh.600015,5.12368098,5.15042253,5.07554619,5.10228774,5.12902929,17407670,166471680.0,0.223599,1,-0.5214,0
2016-02-22,sh.600015,5.1343776,5.27343366,5.11833267,5.25204042,5.10228774,39582168,384832880.0,0.508427,1,2.935,0
2016-02-23,sh.600015,5.21995056,5.23064718,5.1343776,5.17181577,5.25204042,23851772,230884734.0,0.306372,1,-1.5275,0
2016-02-24,sh.600015,5.16111915,5.1878607,5.11833267,5.1878607,5.17181577,16909714,162992766.0,0.217203,1,0.3102,0
2016-02-25,sh.600015,5.17716408,5.17716408,4.87765872,4.92579351,5.1878607,31769302,299341952.0,0.408072,1,-5.0515,0
2016-02-26,sh.600015,4.96857999,5.01671478,4.93649013,4.98997323,4.92579351,19707849,183171335.0,0.253144,1,1.3029,0
2016-02-29,sh.600015,4.98462492,5.03275971,4.81882731,4.97927661,4.98997323,36491466,335632480.0,0.468727,1,-0.2144,0
2016-03-01,sh.600015,4.95788337,5.05950126,4.93649013,5.02206309,4.97927661,19364143,180593417.0,0.248729,1,0.8593,0
2016-03-02,sh.600015,5.04880464,5.22529887,5.01671478,5.19320901,5.02206309,46238101,443086944.0,0.593921,1,3.4079,0
2016-03-03,sh.600015,5.16646746,5.2413438,5.15577084,5.23599549,5.19320901,34705768,337504704.0,0.44579,1,0.8239,0
2016-03-04,sh.600015,5.20925394,5.5087593,5.18251239,5.49271437,5.23599549,107926526,1085179648.0,1.3863,1,4.903,0
2016-03-07,sh.600015,5.43923127,5.48201775,5.38039986,5.40714141,5.49271437,39569915,400960544.0,0.508269,1,-1.5579,0
2016-03-08,sh.600015,5.39109648,5.47132113,5.25738873,5.4552762,5.40714141,34295606,342646384.0,0.440522,1,0.8902,0
2016-03-09,sh.600015,5.36435493,5.5087593,5.28947859,5.49806268,5.4552762,44635292,449726416.0,0.573333,1,0.7843,0
2016-03-10,sh.600015,5.41248972,5.46597282,5.33226507,5.35365831,5.49806268,28904509,292290976.0,0.371274,1,-2.6265,0
2016-03-11,sh.600015,5.31087183,5.41783803,5.31087183,5.40714141,5.35365831,22405091,224827429.0,0.28779,1,0.999,0
2016-03-14,sh.600015,5.40714141,5.47666944,5.37505155,5.39109648,5.40714141,34076719,346274608.0,0.43771,1,-0.2967,0
2016-03-15,sh.600015,5.38039986,5.4552762,5.32691676,5.42318634,5.39109648,31077325,313114432.0,0.399183,1,0.5952,0
2016-03-16,sh.600015,5.38574817,5.55154578,5.38039986,5.48736606,5.42318634,93564853,960582352.0,1.201826,1,1.1834,0
2016-03-17,sh.600015,5.46062451,5.52480423,5.41248972,5.48201775,5.48736606,30093639,308092720.0,0.386548,1,-0.0975,0
2016-03-18,sh.600015,5.48201775,5.54619747,5.47666944,5.51410761,5.48201775,46919219,483397920.0,0.60267,1,0.5854,0
2016-03-21,sh.600015,5.51945592,5.65851198,5.51945592,5.53550085,5.51410761,51999114,542103328.0,0.667921,1,0.388,0
2016-03-22,sh.600015,5.54084916,5.62642212,5.5087593,5.53015254,5.53550085,28150787,292473616.0,0.361593,1,-0.0966,0
2016-03-23,sh.600015,5.53550085,5.54619747,5.47666944,5.48736606,5.53015254,23677739,243422540.0,0.304137,1,-0.7737,0
2016-03-24,sh.600015,5.48201775,5.48201775,5.39644479,5.4017931,5.48736606,20107914,204015654.0,0.258283,1,-1.5595,0
2016-03-25,sh.600015,5.39644479,5.4552762,5.38574817,5.42318634,5.4017931,13946600,141633786.0,0.179142,1,0.396,0
2016-03-28,sh.600015,5.43923127,5.47666944,5.38039986,5.39109648,5.42318634,17085522,173674488.0,0.219461,1,-0.5917,0
2016-03-29,sh.600015,5.4017931,5.41783803,5.31622014,5.34296169,5.39109648,23433999,235715691.0,0.301006,1,-0.8929,0
2016-03-30,sh.600015,5.37505155,5.46062451,5.36435493,5.44457958,5.34296169,29202916,296349248.0,0.375107,1,1.9019,0
2016-03-31,sh.600015,5.47132113,5.49271437,5.42318634,5.43388296,5.44457958,21541389,219459036.0,0.276696,1,-0.1965,0
2016-04-01,sh.600015,5.43923127,5.47666944,5.34831,5.47132113,5.43388296,34179293,347066064.0,0.439028,1,0.689,0
2016-04-05,sh.600015,5.4552762,5.50341099,5.41248972,5.48736606,5.47132113,41900373,426883680.0,0.538204,1,0.2933,0
2016-04-06,sh.600015,5.4552762,5.49271437,5.44457958,5.47666944,5.48736606,20145405,205998976.0,0.258765,1,-0.1949,0
2016-04-07,sh.600015,5.47666944,5.48736606,5.43388296,5.43388296,5.47666944,20161698,205502470.0,0.258974,1,-0.7812,0
2016-04-08,sh.600015,5.41248972,5.44457958,5.4017931,5.43388296,5.43388296,19484038,197609154.0,0.250269,1,0.0,0
2016-04-11,sh.600015,5.43923127,5.5087593,5.42853465,5.48201775,5.43388296,21427963,219514050.0,0.275239,1,0.8858,0
2016-04-12,sh.600015,5.48201775,5.48736606,5.44992789,5.46597282,5.48201775,14440196,147516808.0,0.185482,1,-0.2927,0
2016-04-13,sh.600015,5.47666944,5.5622424,5.47666944,5.5087593,5.46597282,33575821,347385440.0,0.431276,1,0.7828,0
2016-04-14,sh.600015,5.53550085,5.55689409,5.47666944,5.51945592,5.5087593,18539556,191149360.0,0.238138,1,0.1942,0
2016-04-15,sh.600015,5.51410761,5.55689409,5.49806268,5.54084916,5.51945592,21202866,219281825.0,0.272348,1,0.3876,0
2016-04-18,sh.600015,5.51945592,5.53015254,5.4552762,5.46597282,5.54084916,21833540,223812804.0,0.280448,1,-1.3513,0
2016-04-19,sh.600015,5.46597282,5.49271437,5.43923127,5.46597282,5.46597282,18196641,185831941.0,0.233733,1,0.0,0
2016-04-20,sh.600015,5.47132113,5.47666944,5.31087183,5.46062451,5.46597282,38643833,390121536.0,0.496374,1,-0.0978,0
2016-04-21,sh.600015,5.42853465,5.50341099,5.38574817,5.41783803,5.46062451,22552605,229424797.0,0.289685,1,-0.7835,0
2016-04-22,sh.600015,5.4017931,5.46062451,5.37505155,5.42318634,5.41783803,12593656,127628824.0,0.161764,1,0.0987,0
2016-04-25,sh.600015,5.4017931,5.41248972,5.35365831,5.38574817,5.42318634,14684865,147737761.0,0.188625,1,-0.6903,0
2016-04-26,sh.600015,5.39109648,5.41248972,5.36970324,5.40714141,5.38574817,13060682,131723297.0,0.122227,1,0.3972,0
2016-04-27,sh.600015,5.40714141,5.44457958,5.39109648,5.42853465,5.40714141,12874976,130569244.0,0.120489,1,0.3956,0
2016-04-28,sh.600015,5.42853465,5.55689409,5.41248972,5.48736606,5.42853465,24177161,248077819.0,0.22626,1,1.0837,0
2016-04-29,sh.600015,5.46062451,5.53015254,5.4017931,5.43923127,5.48736606,22910164,235182009.0,0.214403,1,-0.8772,0
2016-05-03,sh.600015,5.48201775,5.57293902,5.44992789,5.49271437,5.43923127,45228307,467389296.0,0.423265,1,0.9833,0
2016-05-04,sh.600015,5.49806268,5.54619747,5.49271437,5.53015254,5.49271437,23622730,243952792.0,0.221071,1,0.6816,0
2016-05-05,sh.600015,5.53015254,5.53015254,5.47666944,5.5087593,5.53015254,16123314,165854308.0,0.150889,1,-0.3868,0
2016-05-06,sh.600015,5.51410761,5.52480423,5.4017931,5.40714141,5.5087593,22836844,232681971.0,0.213717,1,-1.8447,0
2016-05-09,sh.600015,5.4017931,5.41783803,5.33226507,5.35365831,5.40714141,22949224,230358275.0,0.214768,1,-0.9891,0
2016-05-10,sh.600015,5.34831,5.38574817,5.33761338,5.36435493,5.35365831,11109670,111358960.0,0.103969,1,0.1998,0
2016-05-11,sh.600015,5.36970324,5.43388296,5.33761338,5.38039986,5.36435493,15819789,158832632.0,0.148048,1,0.2991,0
2016-05-12,sh.600015,5.35900662,5.39109648,5.31087183,5.35900662,5.38039986,15260532,152718167.0,0.142814,1,-0.3976,0
2016-05-13,sh.600015,5.36435493,5.36970324,5.30552352,5.33226507,5.35900662,17461627,174319666.0,0.163413,1,-0.499,0
2016-05-16,sh.600015,5.31087183,5.34296169,5.30017521,5.33761338,5.33226507,9589113,95509503.0,0.089739,1,0.1003,0
2016-05-17,sh.600015,5.32691676,5.34296169,5.30552352,5.31087183,5.33761338,11211514,111554232.0,0.104922,1,-0.501,0
2016-05-18,sh.600015,5.30552352,5.35365831,5.22529887,5.34296169,5.31087183,28050050,277629088.0,0.262504,1,0.6042,0
2016-05-19,sh.600015,5.31622014,5.34296169,5.28413028,5.28947859,5.34296169,9334245,92828236.0,0.087354,1,-1.001,0
2016-05-20,sh.600015,5.28947859,5.32156845,5.26273704,5.31622014,5.28947859,7479964,74058488.0,0.070001,1,0.5056,0
2016-05-23,sh.600015,5.32156845,5.34296169,5.30552352,5.32156845,5.31622014,7613582,75846493.0,0.071251,1,0.1006,0
2016-05-24,sh.600015,5.32156845,5.32156845,5.27878197,5.28947859,5.32156845,9268549,91790344.0,0.086739,1,-0.603,0
2016-05-25,sh.600015,5.31087183,5.32156845,5.28947859,5.30552352,5.28947859,6950818,68977138.0,0.065049,1,0.3033,0
2016-05-26,sh.600015,5.30552352,5.33226507,5.27878197,5.31087183,5.30552352,7417100,73542600.0,0.069412,1,0.1008,0
2016-05-27,sh.600015,5.30552352,5.32691676,5.28413028,5.30552352,5.31087183,7721112,76575724.0,0.072257,1,-0.1007,0
2016-05-30,sh.600015,5.31087183,5.33761338,5.27343366,5.32156845,5.30552352,9489461,94207232.0,0.088806,1,0.3024,0
2016-05-31,sh.600015,5.32691676,5.46597282,5.31622014,5.4552762,5.32156845,30730345,311895680.0,0.287587,1,2.5126,0
2016-06-01,sh.600015,5.44457958,5.47132113,5.41248972,5.44457958,5.4552762,18093506,183927823.0,0.169327,1,-0.1961,0
2016-06-02,sh.600015,5.43388296,5.44992789,5.40714141,5.43388296,5.44457958,12338372,125187833.0,0.115468,1,-0.1965,0
2016-06-03,sh.600015,5.43923127,5.4552762,5.41248972,5.43388296,5.43388296,17475367,177437339.0,0.163542,1,0.0,0
2016-06-06,sh.600015,5.44457958,5.44992789,5.39644479,5.41248972,5.43388296,14761202,149510336.0,0.138141,1,-0.3937,0
2016-06-07,sh.600015,5.41248972,5.42318634,5.38574817,5.41248972,5.41248972,14956121,151193587.0,0.139966,1,0.0,0
2016-06-08,sh.600015,5.40714141,5.41248972,5.37505155,5.40714141,5.41248972,15169748,153026879.0,0.141965,1,-0.0988,0
2016-06-13,sh.600015,5.37505155,5.38039986,5.32691676,5.33226507,5.40714141,15919662,159545787.0,0.148983,1,-1.3848,0
2016-06-14,sh.600015,5.32691676,5.36970324,5.32691676,5.34831,5.33226507,14313384,143027708.0,0.133951,1,0.3009,0
2016-06-15,sh.600015,5.33761338,5.38039986,5.32156845,5.34296169,5.34831,19690796,196847704.0,0.184275,1,-0.1,0
2016-06-16,sh.600015,5.34296169,5.34296169,5.31087183,5.31087183,5.34296169,17943445,178479738.0,0.167922,1,-0.6006,0
2016-06-17,sh.600015,5.31622014,5.34296169,5.30017521,5.31087183,5.31087183,21164455,210519024.0,0.198066,1,0.0,0
2016-06-20,sh.600015,5.32156845,5.33761338,5.30017521,5.32691676,5.31087183,19217557,191014450.0,0.179846,1,0.3021,0
2016-06-21,sh.600015,5.33226507,5.35900662,5.31087183,5.33226507,5.32691676,22239239,221844023.0,0.208124,1,0.1004,0
2016-06-22,sh.600015,5.32156845,5.35365831,5.31087183,5.34831,5.33226507,13308126,132629484.0,0.124543,1,0.3009,0
2016-06-23,sh.600015,5.34831,5.34831,5.30552352,5.32156845,5.34831,19047205,189502986.0,0.178252,1,-0.5,0
2016-06-24,sh.600015,5.31622014,5.33761338,5.25204042,5.26808535,5.32156845,22811553,225724780.0,0.21348,1,-1.005,0
2016-06-27,sh.600015,5.25204042,5.2948269,5.25204042,5.2948269,5.26808535,15239124,150383261.0,0.142614,1,0.5076,0
2016-06-28,sh.600015,5.27878197,5.28413028,5.25738873,5.28413028,5.2948269,20677747,203593131.0,0.193511,1,-0.202,0
2016-06-29,sh.600015,5.2948269,5.32156845,5.25738873,5.31087183,5.28413028,37468558,370084752.0,0.350646,1,0.5061,0
2016-06-30,sh.600015,5.31622014,5.32691676,5.26808535,5.28947859,5.31087183,40883229,405195904.0,0.382602,1,-0.4028,0
2016-07-01,sh.600015,5.28947859,5.31622014,5.27878197,5.30017521,5.28947859,26478907,262137185.0,0.247801,1,0.2022,0
2016-07-04,sh.600015,5.2948269,5.39109648,5.28947859,5.37505155,5.30017521,43108353,430875264.0,0.403426,1,1.4127,0
2016-07-05,sh.600015,5.37505155,5.38574817,5.35900662,5.36435493,5.37505155,35349029,354808704.0,0.330811,1,-0.199,0
2016-07-06,sh.600015,5.36970324,5.38039986,5.35365831,5.36970324,5.36435493,28156923,282372592.0,0.263504,1,0.0997,0
2016-07-07,sh.600015,5.36435493,5.36970324,5.34831,5.35900662,5.36970324,32657821,327364784.0,0.305625,1,-0.1992,0
2016-07-08,sh.600015,5.37009616,5.3811914,5.34235806,5.34790568,5.35900092,30605618,295625280.0,0.28642,1,-0.207,0
2016-07-11,sh.600015,5.3534533,5.3811914,5.34235806,5.35900092,5.34790568,30539388,295194720.0,0.2858,1,0.2075,0
2016-07-12,sh.600015,5.35900092,5.41447712,5.3257152,5.4089295,5.35900092,38459509,372529920.0,0.35992,1,0.9317,0
2016-07-13,sh.600015,5.42002474,5.54762,5.42002474,5.48104856,5.4089295,59473579,588168064.0,0.556578,1,1.3333,0
2016-07-14,sh.600015,5.47550094,5.52542952,5.44221522,5.45331046,5.48104856,35329765,348085264.0,0.330631,1,-0.5061,0
2016-07-15,sh.600015,5.4644057,5.5198819,5.45331046,5.48104856,5.45331046,44943219,443749808.0,0.420597,1,0.5086,0
2016-07-18,sh.600015,5.48104856,5.56426286,5.47550094,5.53652476,5.48104856,56688508,564013968.0,0.530514,1,1.0121,0
2016-07-19,sh.600015,5.53097714,5.54207238,5.45885808,5.48104856,5.53652476,34827860,344617584.0,0.325934,1,-1.002,0
2016-07-20,sh.600015,5.48104856,5.48104856,5.44221522,5.45885808,5.48104856,22845098,224810877.0,0.213794,1,-0.4049,0
2016-07-21,sh.600015,5.4644057,5.4921438,5.45885808,5.47550094,5.45885808,23380983,230684982.0,0.218809,1,0.3049,0
2016-07-22,sh.600015,5.47550094,5.48659618,5.4644057,5.47550094,5.47550094,33653653,332196656.0,0.314945,1,0.0,0
2016-07-25,sh.600015,5.48104856,5.53652476,5.47550094,5.5198819,5.47550094,36102629,357771488.0,0.337863,1,0.8105,0
2016-07-26,sh.600015,5.51433428,5.54762,5.50323904,5.54762,5.5198819,38097423,379561104.0,0.356531,1,0.5025,0
2016-07-27,sh.600015,5.54762,5.55871524,5.43111998,5.5198819,5.54762,60314725,597406752.0,0.56445,1,-0.5,0
2016-07-28,sh.600015,5.48659618,5.50323904,5.4644057,5.47550094,5.5198819,37002523,365726624.0,0.346285,1,-0.804,0
2016-07-29,sh.600015,5.47550094,5.51433428,5.46995332,5.50323904,5.47550094,33191714,328828592.0,0.310622,1,0.5066,0
2016-08-01,sh.600015,5.49769142,5.55316762,5.48659618,5.54762,5.50323904,52845026,526388688.0,0.494546,1,0.8065,0
2016-08-02,sh.600015,5.53097714,5.55316762,5.50323904,5.52542952,5.54762,35038570,348802240.0,0.327905,1,-0.4,0
2016-08-03,sh.600015,5.51433428,5.5198819,5.48104856,5.4921438,5.52542952,28301650,280746560.0,0.264859,1,-0.6024,0
2016-08-04,sh.600015,5.50878666,5.53097714,5.47550094,5.50323904,5.4921438,34703294,344190560.0,0.324768,1,0.202,0
2016-08-05,sh.600015,5.50323904,5.61973906,5.49769142,5.58090572,5.50323904,111067186,1114488944.0,1.039413,1,1.4113,0
2016-08-08,sh.600015,5.56426286,5.58090572,5.53097714,5.56981048,5.58090572,48164326,482356400.0,0.450742,1,-0.1988,0
2016-08-09,sh.600015,5.56981048,5.59200096,5.54762,5.58090572,5.56981048,49860023,500247088.0,0.466611,1,0.1992,0
2016-08-10,sh.600015,5.58645334,5.59200096,5.56426286,5.56426286,5.58090572,44859426,451040896.0,0.419813,1,-0.2982,0
2016-08-11,sh.600015,5.5753581,5.75842956,5.56426286,5.6863105,5.56426286,143652606,1475774304.0,1.34436,1,2.1934,0
2016-08-12,sh.600015,5.69185812,5.95814388,5.66412002,5.91376292,5.6863105,143208473,1502061504.0,1.340204,1,4.0,0
2016-08-15,sh.600015,5.97478674,6.23552488,5.9636915,6.06354866,5.91376292,182901670,2017589488.0,1.711669,1,2.5328,0
2016-08-16,sh.600015,6.06354866,6.09128676,5.89712006,5.94150102,6.06354866,173692284,1866518208.0,1.625484,1,-2.0128,0
2016-08-17,sh.600015,5.92485816,5.95814388,5.89712006,5.92485816,5.94150102,70557487,754247328.0,0.660306,1,-0.2801,0
2016-08-18,sh.600015,5.91376292,5.94150102,5.83054862,5.85828672,5.92485816,85137991,902710304.0,0.796756,1,-1.1236,0
2016-08-19,sh.600015,5.85828672,5.89712006,5.81945338,5.87492958,5.85828672,48678173,513791792.0,0.45555,1,0.2841,0
2016-08-22,sh.600015,5.87492958,5.88602482,5.825001,5.84719148,5.87492958,56312517,593684416.0,0.526996,1,-0.4721,0
2016-08-23,sh.600015,5.84164386,5.8804772,5.81390576,5.84164386,5.84719148,46202712,487448560.0,0.432384,1,-0.0949,0
2016-08-24,sh.600015,5.84164386,5.8527391,5.7695248,5.78062004,5.84164386,55482359,580129296.0,0.519227,1,-1.0446,0
2016-08-25,sh.600015,5.7695248,5.7972629,5.73069146,5.79171528,5.78062004,55997347,580859488.0,0.524046,1,0.1919,0
2016-08-26,sh.600015,5.78616766,5.81945338,5.76397718,5.78062004,5.79171528,36149908,377561328.0,0.338306,1,-0.1916,0
2016-08-29,sh.600015,5.77507242,5.81945338,5.75288194,5.77507242,5.78062004,41431836,432411072.0,0.387736,1,-0.096,0
2016-08-30,sh.600015,5.78616766,5.81390576,5.77507242,5.79171528,5.77507242,26726373,279156032.0,0.250116,1,0.2882,0
2016-08-31,sh.600015,5.7972629,5.84164386,5.78062004,5.83054862,5.79171528,43890440,459947936.0,0.410745,1,0.6705,0
2016-09-01,sh.600015,5.825001,5.86383434,5.80281052,5.80835814,5.83054862,39263846,412556880.0,0.367447,1,-0.3806,0
2016-09-02,sh.600015,5.80281052,5.825001,5.7695248,5.80281052,5.80835814,23647835,247207140.0,0.221306,1,-0.0955,0
2016-09-05,sh.600015,5.80281052,5.81945338,5.7695248,5.78616766,5.80281052,28003709,292441696.0,0.26207,1,-0.286804,0
2016-09-06,sh.600015,5.78062004,5.80281052,5.7417867,5.77507242,5.78616766,31733822,330323520.0,0.296978,1,-0.191759,0
2016-09-07,sh.600015,5.77507242,5.7972629,5.76397718,5.78062004,5.77507242,25757816,268437680.0,0.241052,1,0.096064,0
2016-09-08,sh.600015,5.78616766,5.79171528,5.7695248,5.78062004,5.78062004,15576169,162307019.0,0.145768,1,0.0,0
2016-09-09,sh.600015,5.77507242,5.78616766,5.7417867,5.74733432,5.78062004,18819307,195737351.0,0.176119,1,-0.57582,0
2016-09-12,sh.600015,5.69185812,5.70295336,5.56981048,5.61419144,5.74733432,57064540,579150688.0,0.534034,1,-2.3166,0
2016-09-13,sh.600015,5.62528668,5.63638192,5.5753581,5.6030962,5.61419144,35098237,354404224.0,0.328464,1,-0.197624,0
2016-09-14,sh.600015,5.59200096,5.59754858,5.52542952,5.54207238,5.6030962,40227866,403032896.0,0.376469,1,-1.089115,0
2016-09-19,sh.600015,5.55316762,5.59200096,5.54762,5.58090572,5.54207238,40626109,408207984.0,0.380196,1,0.700707,0
2016-09-20,sh.600015,5.58645334,5.58645334,5.55871524,5.5753581,5.58090572,22705196,228033314.0,0.212485,1,-0.099406,0
2016-09-21,sh.600015,5.5753581,5.59754858,5.56426286,5.59200096,5.5753581,15114241,152137742.0,0.141445,1,0.298505,0
2016-09-22,sh.600015,5.6030962,5.64747716,5.59200096,5.63638192,5.59200096,29277983,296788448.0,0.273995,1,0.79365,0
2016-09-23,sh.600015,5.63638192,5.64747716,5.62528668,5.62528668,5.63638192,19583179,198899384.0,0.183267,1,-0.196846,0
2016-09-26,sh.600015,5.61973906,5.61973906,5.55871524,5.56981048,5.62528668,25636169,258701143.0,0.239914,1,-0.986197,0
2016-09-27,sh.600015,5.55871524,5.6030962,5.53652476,5.59200096,5.56981048,20914969,210350611.0,0.195731,1,0.398406,0
2016-09-28,sh.600015,5.59754858,5.59754858,5.55316762,5.56426286,5.59200096,16349121,164258793.0,0.153002,1,-0.496034,0
2016-09-29,sh.600015,5.56426286,5.6030962,5.56426286,5.58090572,5.56426286,25329942,254838860.0,0.237048,1,0.299109,0
2016-09-30,sh.600015,5.56981048,5.59200096,5.55871524,5.5753581,5.58090572,23360585,234763186.0,0.218618,1,-0.099406,0
2016-10-10,sh.600015,5.60864382,5.6308343,5.58090572,5.6308343,5.5753581,34624041,350085600.0,0.324026,1,0.995019,0
2016-10-11,sh.600015,5.64192954,5.66412002,5.61419144,5.6585724,5.6308343,40284336,409836656.0,0.376997,1,0.492613,0
2016-10-12,sh.600015,5.64192954,5.66966764,5.63638192,5.66966764,5.6585724,30265298,308768864.0,0.283235,1,0.196083,0
2016-10-13,sh.600015,5.66412002,5.69740574,5.66412002,5.68076288,5.66966764,30492356,312462352.0,0.28536,1,0.19569,0
2016-10-14,sh.600015,5.68076288,5.69185812,5.67521526,5.6863105,5.68076288,20197620,206926923.0,0.189018,1,0.097658,0
2016-10-17,sh.600015,5.6863105,5.70295336,5.67521526,5.67521526,5.6863105,20578924,210967831.0,0.192586,1,-0.195126,0
2016-10-18,sh.600015,5.6585724,5.71959622,5.6585724,5.7140486,5.67521526,18219986,187009902.0,0.17051,1,0.684268,0
2016-10-19,sh.600015,5.70295336,5.73069146,5.6863105,5.69185812,5.7140486,18011264,185324237.0,0.168557,1,-0.388349,0
2016-10-20,sh.600015,5.69185812,5.72514384,5.69185812,5.7140486,5.69185812,17705013,182138760.0,0.165691,1,0.389863,0
2016-10-21,sh.600015,5.71959622,5.75842956,5.70850098,5.75288194,5.7140486,38927789,402795136.0,0.364302,1,0.679609,0
2016-10-24,sh.600015,5.75842956,5.88602482,5.75288194,5.83054862,5.75288194,57280407,602389616.0,0.536054,1,1.350052,0
2016-10-25,sh.600015,5.83609624,5.8527391,5.78616766,5.7972629,5.83054862,24617274,258342609.0,0.230379,1,-0.570889,0
2016-10-26,sh.600015,5.80281052,5.80835814,5.73623908,5.7417867,5.7972629,24593110,255660262.0,0.230152,1,-0.956932,0
2016-10-27,sh.600015,5.74733432,5.78062004,5.73623908,5.7695248,5.7417867,18975464,196828004.0,0.17758,1,0.483084,0
2016-10-28,sh.600015,5.76397718,5.8527391,5.75288194,5.7972629,5.7695248,35425819,371768000.0,0.331529,1,0.480771,0
2016-10-31,sh.600015,5.7972629,5.7972629,5.75288194,5.77507242,5.7972629,42168697,438538208.0,0.394632,1,-0.382775,0
2016-11-01,sh.600015,5.78062004,5.80281052,5.76397718,5.79171528,5.77507242,32212825,335730992.0,0.301461,1,0.288182,0
2016-11-02,sh.600015,5.79171528,5.81390576,5.7695248,5.78062004,5.79171528,39115467,407999568.0,0.366059,1,-0.191566,0
2016-11-03,sh.600015,5.7695248,5.89712006,5.7695248,5.88602482,5.78062004,60336390,635314096.0,0.564653,1,1.823412,0
2016-11-04,sh.600015,5.91376292,6.05800104,5.89712006,5.92485816,5.88602482,100345685,1080018624.0,0.939076,1,0.659761,0
2016-11-07,sh.600015,5.89157244,5.98033436,5.89157244,5.9359534,5.92485816,52779782,565817920.0,0.493935,1,0.187261,0
2016-11-08,sh.600015,5.95259626,6.01362008,5.94150102,5.97478674,5.9359534,41258278,444477920.0,0.386112,1,0.654212,0
2016-11-09,sh.600015,5.96923912,6.01362008,5.93040578,5.96923912,5.97478674,43296412,466457520.0,0.405186,1,-0.092853,0
2016-11-10,sh.600015,5.9914296,6.102382,5.9914296,6.06909628,5.96923912,51011748,557633776.0,0.477389,1,1.672856,0
2016-11-11,sh.600015,6.0469058,6.09128676,6.01362008,6.06909628,6.06909628,63025807,687429136.0,0.589822,1,0.0,0
2016-11-14,sh.600015,6.0469058,6.12457248,6.04135818,6.08573914,6.06909628,45174342,495665136.0,0.42276,1,0.274229,0
2016-11-15,sh.600015,6.06909628,6.10792962,6.05245342,6.0746439,6.08573914,32190276,352872736.0,0.30125,1,-0.18232,0
2016-11-16,sh.600015,6.0746439,6.09683438,6.06354866,6.09128676,6.0746439,21965246,240824312.0,0.20556,1,0.27397,0
2016-11-17,sh.600015,6.06909628,6.102382,6.03581056,6.09128676,6.09128676,36475137,399390928.0,0.341349,1,0.0,0
2016-11-18,sh.600015,6.06354866,6.10792962,6.06354866,6.0746439,6.09128676,24420518,268170430.0,0.228537,1,-0.273222,0
2016-11-21,sh.600015,6.0746439,6.2688106,6.06354866,6.16340582,6.0746439,60591689,677127120.0,0.567042,1,1.461186,0
2016-11-22,sh.600015,6.1578582,6.4075011,6.15231058,6.3520249,6.16340582,73321093,833105920.0,0.686169,1,3.060308,0
2016-11-23,sh.600015,6.33538204,6.5739297,6.33538204,6.52954874,6.3520249,82070308,964199648.0,0.768048,1,2.794765,0
2016-11-24,sh.600015,6.4907154,6.55173922,6.4352392,6.50735826,6.52954874,45885558,538115552.0,0.429416,1,-0.339855,0
2016-11-25,sh.600015,6.51290588,6.69597734,6.50181064,6.67933448,6.50735826,49803975,593849360.0,0.466086,1,2.6428,0
2016-11-28,sh.600015,6.72371544,6.77919164,6.55728684,6.5739297,6.67933448,105033335,1262191376.0,0.982945,1,-1.57807,0
2016-11-29,sh.600015,6.54064398,6.62385828,6.47962016,6.52400112,6.5739297,56623734,666126928.0,0.529908,1,-0.759495,0
2016-11-30,sh.600015,6.5184535,6.52400112,6.379763,6.4075011,6.52400112,56967027,661576976.0,0.533121,1,-1.785715,0
2016-12-01,sh.600015,6.42969158,6.53509636,6.4075011,6.4907154,6.4075011,41247860,480523232.0,0.386015,1,1.298698,0
2016-12-02,sh.600015,6.5184535,6.52954874,6.28545346,6.42969158,6.4907154,44816756,517748960.0,0.419414,1,-0.940168,0
2016-12-05,sh.600015,6.36866776,6.48516778,6.29100108,6.47962016,6.42969158,51280908,591539040.0,0.479908,1,0.776533,0
2016-12-06,sh.600015,6.44078682,6.50181064,6.32983442,6.36312014,6.47962016,40082200,463384000.0,0.375106,1,-1.797945,0
2016-12-07,sh.600015,6.3520249,6.38531062,6.31319156,6.36866776,6.36312014,26381461,302265104.0,0.246889,1,0.087178,0
2016-12-08,sh.600015,6.37421538,6.4907154,6.37421538,6.45742968,6.36866776,37215016,432205504.0,0.348273,1,1.393735,0
2016-12-09,sh.600015,6.45742968,6.64604876,6.45188206,6.59612018,6.45742968,47905296,568808944.0,0.448318,1,2.147766,0
2016-12-12,sh.600015,6.6016678,6.7126202,6.42414396,6.55173922,6.59612018,57802968,679821104.0,0.540944,1,-0.672834,0
2016-12-13,sh.600015,6.51290588,6.51290588,6.40195348,6.42414396,6.55173922,22976960,267140185.0,0.215028,1,-1.947506,0
2016-12-14,sh.600015,6.42969158,6.5184535,6.41859634,6.4629773,6.42414396,21845810,254531863.0,0.204442,1,0.604488,0
2016-12-15,sh.600015,6.4075011,6.42414396,6.10792962,6.15231058,6.4629773,63638370,712260880.0,0.595554,1,-4.806862,0
2016-12-16,sh.600015,6.13566772,6.18004868,6.0469058,6.08573914,6.15231058,34452340,379091936.0,0.322419,1,-1.082055,0
2016-12-19,sh.600015,6.09128676,6.09683438,6.0469058,6.06354866,6.08573914,21415862,234386683.0,0.200418,1,-0.364631,0
2016-12-20,sh.600015,6.06354866,6.06909628,5.94704864,5.99697722,6.06354866,25631854,276547216.0,0.239873,1,-1.097895,0
2016-12-21,sh.600015,6.00252484,6.05245342,5.97478674,6.01362008,5.99697722,34232713,370881536.0,0.320364,1,0.277518,0
2016-12-22,sh.600015,6.01362008,6.02471532,5.92485816,5.97478674,6.01362008,30321818,325821664.0,0.283764,1,-0.645754,0
2016-12-23,sh.600015,5.95259626,5.96923912,5.87492958,5.89157244,5.97478674,35120796,374441904.0,0.328675,1,-1.392763,0
2016-12-26,sh.600015,5.8804772,5.95259626,5.85828672,5.91376292,5.89157244,24287986,258619126.0,0.227297,1,0.376648,0
2016-12-27,sh.600015,5.92485816,5.96923912,5.9082153,5.93040578,5.91376292,23818312,254493499.0,0.222902,1,0.281423,0
2016-12-28,sh.600015,5.9359534,5.94150102,5.8804772,5.91931054,5.93040578,17048162,181406944.0,0.159544,1,-0.187086,0
2016-12-29,sh.600015,5.91376292,6.00252484,5.9082153,5.95259626,5.91931054,26817637,287621968.0,0.250971,1,0.562319,0
2016-12-30,sh.600015,5.95259626,6.06354866,5.95259626,6.0191677,5.95259626,27230143,295593440.0,0.254831,1,1.118368,0
2017-01-03,sh.600015,6.04135818,6.2410725,6.03581056,6.18004868,6.0191677,36245017,401975040.0,0.339196,1,2.672811,0
2017-01-04,sh.600015,6.1855963,6.25771536,6.1578582,6.2133344,6.18004868,28144290,315565760.0,0.263386,1,0.538595,0
2017-01-05,sh.600015,6.2133344,6.2410725,6.1578582,6.16895344,6.2133344,14083537,157218396.0,0.1318,1,-0.714285,0
2017-01-06,sh.600015,6.18004868,6.19114392,6.08019152,6.10792962,6.16895344,22253608,245385744.0,0.208258,1,-0.989206,0
2017-01-09,sh.600015,6.09128676,6.1855963,6.08573914,6.14121534,6.10792962,13707372,151753147.0,0.128279,1,0.544954,0
2017-01-10,sh.600015,6.14676296,6.16340582,6.11902486,6.14121534,6.14121534,9812729,108673225.0,0.091832,1,0.0,0
2017-01-11,sh.600015,6.1301201,6.14121534,6.03026294,6.03581056,6.14121534,23058651,252708747.0,0.215792,1,-1.716347,0
2017-01-12,sh.600015,6.05800104,6.06354866,6.00807246,6.0191677,6.03581056,11785234,128190314.0,0.110291,1,-0.275733,0
2017-01-13,sh.600015,6.00807246,6.14676296,5.99697722,6.0746439,6.0191677,18151512,198708528.0,0.169869,1,0.921654,0
2017-01-16,sh.600015,6.05800104,6.19669154,6.05245342,6.17450106,6.0746439,69344988,766054496.0,0.648959,1,1.643838,0
2017-01-17,sh.600015,6.1578582,6.20223916,6.14676296,6.17450106,6.17450106,18091288,201465210.0,0.169306,1,0.0,0
2017-01-18,sh.600015,6.18004868,6.25216774,6.17450106,6.2410725,6.17450106,17957000,201123541.0,0.168049,1,1.078166,0
2017-01-19,sh.600015,6.22442964,6.32983442,6.20778678,6.24662012,6.2410725,24778373,280659824.0,0.231886,1,0.088891,0
2017-01-20,sh.600015,6.23552488,6.34092966,6.23552488,6.30764394,6.24662012,18175701,206717801.0,0.170096,1,0.976906,0
2017-01-23,sh.600015,6.2965487,6.31319156,6.25771536,6.27990584,6.30764394,12128400,137390042.0,0.113503,1,-0.439755,0
2017-01-24,sh.600015,6.29100108,6.4075011,6.27435822,6.37421538,6.27990584,25556591,292629056.0,0.239169,1,1.501768,0
2017-01-25,sh.600015,6.37421538,6.42414396,6.34647728,6.4075011,6.37421538,14999863,172949831.0,0.140375,1,0.522197,0
2017-01-26,sh.600015,6.4075011,6.50181064,6.39640586,6.42969158,6.4075011,14494274,168760961.0,0.135643,1,0.34632,0
2017-02-03,sh.600015,6.44633444,6.4629773,6.35757252,6.37421538,6.42969158,17415778,200613865.0,0.162984,1,-0.862816,0
2017-02-06,sh.600015,6.36866776,6.39640586,6.28545346,6.30209632,6.37421538,16641833,189639817.0,0.155741,1,-1.13142,0
2017-02-07,sh.600015,6.30209632,6.31873918,6.2688106,6.30764394,6.30209632,12518471,142009671.0,0.117153,1,0.08803,0
2017-02-08,sh.600015,6.30209632,6.34092966,6.27990584,6.33538204,6.30764394,15573393,177257278.0,0.145742,1,0.439755,0
2017-02-09,sh.600015,6.32983442,6.41304872,6.31873918,6.36312014,6.33538204,11240485,129143910.0,0.105193,1,0.43783,0
2017-02-10,sh.600015,6.36866776,6.46852492,6.36312014,6.45188206,6.36312014,20813968,241450250.0,0.194786,1,1.394942,0
2017-02-13,sh.600015,6.45188206,6.52400112,6.41859634,6.45188206,6.45188206,34518102,402777760.0,0.323035,1,0.0,0
2017-02-14,sh.600015,6.45742968,6.46852492,6.39085824,6.41304872,6.45188206,20149740,233283676.0,0.18857,1,-0.601889,0
2017-02-15,sh.600015,6.41859634,6.52400112,6.41304872,6.48516778,6.41304872,36414584,425337920.0,0.340783,1,1.12456,0
2017-02-16,sh.600015,6.4907154,6.52954874,6.4629773,6.50181064,6.48516778,21061180,246521894.0,0.197099,1,0.256636,0
2017-02-17,sh.600015,6.50181064,6.5184535,6.4075011,6.4352392,6.50181064,17549166,204551907.0,0.164232,1,-1.02389,0
2017-02-20,sh.600015,6.44633444,6.657144,6.44078682,6.59057256,6.4352392,62381427,741223776.0,0.583791,1,2.413791,0
2017-02-21,sh.600015,6.6016678,6.67378686,6.56838208,6.59057256,6.59057256,34290377,409620656.0,0.320904,1,0.0,0
2017-02-22,sh.600015,6.58502494,6.61831066,6.5461916,6.61831066,6.59057256,18443835,218989531.0,0.172605,1,0.420877,0
2017-02-23,sh.600015,6.59057256,6.6294059,6.51290588,6.56283446,6.61831066,15729279,186332124.0,0.147201,1,-0.838226,0
2017-02-24,sh.600015,6.5461916,6.56283446,6.44078682,6.50735826,6.56283446,26589636,310709680.0,0.248837,1,-0.845312,0
2017-02-27,sh.600015,6.4907154,6.4907154,6.41859634,6.44078682,6.50735826,24190302,281357584.0,0.226383,1,-1.023017,0
2017-02-28,sh.600015,6.44078682,6.50735826,6.4352392,6.47407254,6.44078682,18879102,220412191.0,0.176678,1,0.516799,0
2017-03-01,sh.600015,6.47962016,6.55728684,6.38531062,6.42414396,6.47407254,41439809,483831312.0,0.387811,1,-0.771209,0
2017-03-02,sh.600015,6.4352392,6.47962016,6.33538204,6.34092966,6.42414396,27549199,317927312.0,0.257817,1,-1.295334,0
2017-03-03,sh.600015,6.31873918,6.36866776,6.30209632,6.34092966,6.34092966,17755831,202991322.0,0.166166,1,0.0,0
2017-03-06,sh.600015,6.33538204,6.41859634,6.32983442,6.38531062,6.34092966,23276236,268223667.0,0.217829,1,0.699912,0
2017-03-07,sh.600015,6.379763,6.44078682,6.36312014,6.4352392,6.38531062,15406738,177989278.0,0.144183,1,0.78193,0
2017-03-08,sh.600015,6.4075011,6.45188206,6.4075011,6.42969158,6.4352392,10902232,126296503.0,0.102028,1,-0.086209,0
2017-03-09,sh.600015,6.42414396,6.42969158,6.30764394,6.34647728,6.42969158,18309326,209640650.0,0.171346,1,-1.294224,0
2017-03-10,sh.600015,6.34647728,6.36866776,6.30209632,6.31319156,6.34647728,17440679,198884579.0,0.163217,1,-0.524471,0
2017-03-13,sh.600015,6.31319156,6.38531062,6.2965487,6.36312014,6.31319156,22861056,261636753.0,0.213943,1,0.790862,0
2017-03-14,sh.600015,6.35757252,6.38531062,6.34092966,6.37421538,6.36312014,20670280,237185195.0,0.193441,1,0.174364,0
2017-03-15,sh.600015,6.36866776,6.36866776,6.31319156,6.33538204,6.37421538,19804088,226113127.0,0.185335,1,-0.609223,0
2017-03-16,sh.600015,6.34647728,6.39085824,6.3242868,6.32983442,6.33538204,33582219,384839664.0,0.314276,1,-0.087568,0
2017-03-17,sh.600015,6.33538204,6.34647728,6.25216774,6.25771536,6.32983442,28988168,329252656.0,0.271283,1,-1.139352,0
2017-03-20,sh.600015,6.25771536,6.28545346,6.19114392,6.22442964,6.25771536,20088247,225632773.0,0.187994,1,-0.53191,0
2017-03-21,sh.600015,6.22442964,6.23552488,6.17450106,6.20778678,6.22442964,27648308,309068576.0,0.258744,1,-0.267386,0
2017-03-22,sh.600015,6.19669154,6.19669154,6.11902486,6.13566772,6.20778678,33553884,372075648.0,0.314011,1,-1.161744,0
2017-03-23,sh.600015,6.15231058,6.21888202,6.14121534,6.16895344,6.13566772,23332356,260107124.0,0.218354,1,0.542491,0
2017-03-24,sh.600015,6.16895344,6.24662012,6.14676296,6.22442964,6.16895344,33758995,377011008.0,0.315931,1,0.899284,0
2017-03-27,sh.600015,6.2133344,6.3520249,6.20778678,6.29100108,6.22442964,35076240,398484400.0,0.328258,1,1.069518,0
2017-03-28,sh.600015,6.27435822,6.30764394,6.22442964,6.22997726,6.29100108,17285321,195033997.0,0.161763,1,-0.970023,0
2017-03-29,sh.600015,6.24662012,6.2688106,6.16340582,6.19669154,6.22997726,26786975,299844384.0,0.250684,1,-0.534278,0
2017-03-30,sh.600015,6.20223916,6.22997726,6.16895344,6.20223916,6.19669154,21134047,236077775.0,0.197781,1,0.089528,0
2017-03-31,sh.600015,6.20223916,6.27990584,6.1855963,6.26326298,6.20223916,25726421,289456240.0,0.240758,1,0.983897,0
2017-04-05,sh.600015,6.35757252,6.37421538,6.25771536,6.31873918,6.26326298,45684970,518883968.0,0.427539,1,0.885743,0
2017-04-06,sh.600015,6.2965487,6.3242868,6.26326298,6.27990584,6.31873918,30612855,347005392.0,0.286488,1,-0.61458,0
2017-04-07,sh.600015,6.2688106,6.30209632,6.26326298,6.2965487,6.27990584,23082595,261453438.0,0.216016,1,0.265024,0
2017-04-10,sh.600015,6.2965487,6.2965487,6.20223916,6.21888202,6.2965487,36716438,412974160.0,0.343608,1,-1.233483,0
2017-04-11,sh.600015,6.20223916,6.2133344,6.11902486,6.19114392,6.21888202,40549866,450504256.0,0.379482,1,-0.446032,0
2017-04-12,sh.600015,6.18004868,6.19114392,6.12457248,6.13566772,6.19114392,29748673,330287952.0,0.2784,1,-0.896052,0
2017-04-13,sh.600015,6.11902486,6.13566772,6.02471532,6.0469058,6.13566772,47642158,521374176.0,0.445855,1,-1.446662,0
2017-04-14,sh.600015,6.04135818,6.05800104,5.95814388,6.00252484,6.0469058,36242339,392403552.0,0.339171,1,-0.733944,0
2017-04-17,sh.600015,5.9914296,6.03581056,5.94150102,6.0191677,6.00252484,27901652,300572192.0,0.261115,1,0.277271,0
2017-04-18,sh.600015,6.00807246,6.01362008,5.91931054,5.9359534,6.0191677,26044305,279938272.0,0.243733,1,-1.382494,0
2017-04-19,sh.600015,5.91376292,5.94704864,5.8804772,5.92485816,5.9359534,27028937,288073184.0,0.252948,1,-0.186911,0
2017-04-20,sh.600015,5.9359534,5.95259626,5.9082153,5.94150102,5.92485816,21136870,225857004.0,0.197808,1,0.280896,0
2017-04-21,sh.600015,5.9359534,6.01362008,5.93040578,5.99697722,5.94150102,24113254,260042087.0,0.225662,1,0.93371,0
2017-04-24,sh.600015,5.9914296,5.99697722,5.9359534,5.9636915,5.99697722,22619601,243131215.0,0.211684,1,-0.555045,0
2017-04-25,sh.600015,5.9636915,6.00252484,5.94150102,5.96923912,5.9636915,28369553,305471952.0,0.265494,1,0.093025,0
2017-04-26,sh.600015,5.95814388,5.9914296,5.91376292,5.91376292,5.96923912,30822996,330724448.0,0.288454,1,-0.929372,0
2017-04-27,sh.600015,5.89157244,5.92485816,5.87492958,5.9082153,5.91376292,30582676,325178304.0,0.286205,1,-0.093811,0
2017-04-28,sh.600015,5.9082153,5.91931054,5.80281052,5.89712006,5.9082153,42681434,450543040.0,0.39943,1,-0.187789,0
2017-05-02,sh.600015,5.825001,5.85828672,5.7140486,5.74733432,5.89712006,52963174,551658752.0,0.495651,1,-2.539985,0
2017-05-03,sh.600015,5.74733432,5.75288194,5.6308343,5.6863105,5.74733432,34571585,354428000.0,0.323535,1,-1.061773,0
2017-05-04,sh.600015,5.67521526,5.6863105,5.61973906,5.64192954,5.6863105,30501977,310777984.0,0.28545,1,-0.780487,0
2017-05-05,sh.600015,5.6308343,5.63638192,5.5753581,5.62528668,5.64192954,30454939,307366368.0,0.28501,1,-0.294983,0
2017-05-08,sh.600015,5.6030962,5.63638192,5.56426286,5.6308343,5.62528668,28549025,288095984.0,0.267174,1,0.098612,0
2017-05-09,sh.600015,5.61419144,5.69740574,5.58645334,5.67521526,5.6308343,26116738,266071627.0,0.244411,1,0.788177,0
2017-05-10,sh.600015,5.67521526,5.73069146,5.64747716,5.66412002,5.67521526,25511085,261884812.0,0.238743,1,-0.195499,0
2017-05-11,sh.600015,5.65302478,5.70850098,5.63638192,5.69185812,5.66412002,19258056,197054444.0,0.180225,1,0.489718,0
2017-05-12,sh.600015,5.69185812,5.84719148,5.68076288,5.84719148,5.69185812,41080067,429451920.0,0.384444,1,2.729042,0
2017-05-15,sh.600015,5.84164386,5.8804772,5.80281052,5.80281052,5.84719148,26073019,274289776.0,0.244002,1,-0.759013,0
2017-05-16,sh.600015,5.7972629,5.81390576,5.71959622,5.79171528,5.80281052,28066146,291173312.0,0.262655,1,-0.191209,0
2017-05-17,sh.600015,5.7695248,5.78062004,5.72514384,5.73069146,5.79171528,21354814,221442655.0,0.199847,1,-1.053637,0
2017-05-18,sh.600015,5.70295336,5.72514384,5.66966764,5.69185812,5.73069146,18963648,194734718.0,0.17747,1,-0.677635,0
2017-05-19,sh.600015,5.6863105,5.70850098,5.67521526,5.68076288,5.69185812,15104210,154925464.0,0.141351,1,-0.194936,0
2017-05-22,sh.600015,5.67521526,5.72514384,5.64747716,5.6863105,5.68076288,25487903,261345321.0,0.238526,1,0.097658,0
2017-05-23,sh.600015,5.67521526,5.83054862,5.67521526,5.7695248,5.6863105,38843750,403434544.0,0.363516,1,1.463411,0
2017-05-24,sh.600015,5.75842956,5.7972629,5.69185812,5.78062004,5.7695248,32665016,337968400.0,0.305693,1,0.192312,0
2017-05-25,sh.600015,5.76397718,6.04135818,5.75288194,5.98033436,5.78062004,83617654,893766080.0,0.782529,1,3.454891,0
2017-05-26,sh.600015,5.96923912,5.99697722,5.92485816,5.95259626,5.98033436,37025580,397404576.0,0.346501,1,-0.463824,0
2017-05-31,sh.600015,5.95814388,6.01362008,5.93040578,5.94150102,5.95259626,37246733,400661232.0,0.34857,1,-0.186389,0
2017-06-01,sh.600015,5.94704864,6.00807246,5.93040578,6.00252484,5.94150102,40867903,439597456.0,0.382459,1,1.027074,0
2017-06-02,sh.600015,5.9914296,6.06909628,5.96923912,6.00252484,6.00252484,37546514,407114512.0,0.351376,1,0.0,0
2017-06-05,sh.600015,5.9914296,5.99697722,5.88602482,5.9359534,6.00252484,34881396,371967888.0,0.326435,1,-1.109056,0
2017-06-06,sh.600015,5.91931054,5.94704864,5.88602482,5.9359534,5.9359534,19926795,212428818.0,0.186483,1,0.0,0
2017-06-07,sh.600015,5.92485816,6.00807246,5.92485816,5.98588198,5.9359534,32574917,350879264.0,0.30485,1,0.841123,0
2017-06-08,sh.600015,5.98588198,5.9914296,5.94150102,5.98588198,5.98588198,21951644,236083917.0,0.205433,1,0.0,0
2017-06-09,sh.600015,5.98033436,6.10792962,5.98033436,6.06354866,5.98588198,53258426,581705360.0,0.498414,1,1.297501,0
2017-06-12,sh.600015,6.05800104,6.08019152,6.00252484,6.00807246,6.06354866,21843052,237806611.0,0.204416,1,-0.914917,0
2017-06-13,sh.600015,6.00252484,6.01362008,5.94150102,5.98588198,6.00807246,22037793,237202524.0,0.206239,1,-0.369344,0
2017-06-14,sh.600015,5.9914296,5.9914296,5.91376292,5.96923912,5.98588198,23510957,252117063.0,0.220025,1,-0.278033,0
2017-06-15,sh.600015,5.95814388,5.9636915,5.91376292,5.92485816,5.96923912,18198134,194627654.0,0.170306,1,-0.743494,0
2017-06-16,sh.600015,5.9359534,5.95814388,5.92485816,5.94150102,5.92485816,13472054,144336162.0,0.126077,1,0.280896,0
2017-06-19,sh.600015,5.94150102,5.96923912,5.90266768,5.94704864,5.94150102,24224078,259645879.0,0.226699,1,0.093373,0
2017-06-20,sh.600015,5.95259626,5.96923912,5.91931054,5.9359534,5.94704864,14751116,157874500.0,0.138047,1,-0.186571,0
2017-06-21,sh.600015,5.95814388,5.9636915,5.90266768,5.94704864,5.9359534,24277613,259600978.0,0.2272,1,0.18692,0
2017-06-22,sh.600015,5.94150102,6.19114392,5.9359534,6.05800104,5.94704864,83150385,912300080.0,0.778156,1,1.86567,0
2017-06-23,sh.600015,6.0469058,6.14121534,6.00807246,6.11347724,6.05800104,39004888,426527616.0,0.365024,1,0.915754,0
2017-06-26,sh.600015,6.1301201,6.22997726,6.08573914,6.09683438,6.11347724,60965295,676472016.0,0.570538,1,-0.272238,0
2017-06-27,sh.600015,6.10792962,6.21888202,6.06354866,6.16895344,6.09683438,48630298,536130864.0,0.455102,1,1.182895,0
2017-06-28,sh.600015,6.15231058,6.32983442,6.14121534,6.2965487,6.16895344,81908878,924910528.0,0.766537,1,2.06835,0
2017-06-29,sh.600015,6.32360135,6.34389098,6.25596925,6.2897853,6.29654851,42123550,391868320.0,0.328508,1,-0.107414,0
2017-06-30,sh.600015,6.26949567,6.26949567,6.18157394,6.23567962,6.2897853,41317190,379909264.0,0.322219,1,-0.860214,0
2017-07-03,sh.600015,6.22891641,6.23567962,6.18157394,6.20186357,6.23567962,31417076,288310704.0,0.245012,1,-0.542301,0
2017-07-04,sh.600015,6.20186357,6.2221532,6.16804752,6.21538999,6.20186357,31404205,287801856.0,0.244911,1,0.218097,0
2017-07-05,sh.600015,6.20186357,6.25596925,6.18833715,6.24244283,6.21538999,32886510,302703552.0,0.256471,1,0.435255,0
2017-07-06,sh.600015,6.23567962,6.29654851,6.21538999,6.26273246,6.24244283,32721441,302319440.0,0.255184,1,0.325035,0
2017-07-07,sh.600015,6.25596925,6.26949567,6.20186357,6.24920604,6.26273246,34129178,314423280.0,0.266162,1,-0.215988,0
2017-07-10,sh.600015,6.25596925,6.26273246,6.2221532,6.25596925,6.24920604,23034726,212620898.0,0.17964,1,0.108228,0
2017-07-11,sh.600015,6.22891641,6.52649765,6.22891641,6.41828629,6.25596925,95789322,909306176.0,0.74703,1,2.594592,0
2017-07-12,sh.600015,6.4250495,6.57384012,6.40475987,6.44533913,6.41828629,92018076,883561248.0,0.717619,1,0.421496,0
2017-07-13,sh.600015,6.4250495,6.62118259,6.4250495,6.61441938,6.44533913,78536208,760505088.0,0.612479,1,2.623295,0
2017-07-14,sh.600015,6.64147222,6.8984742,6.63470901,6.89171099,6.61441938,145412719,1453643712.0,1.134027,1,4.192227,0
2017-07-17,sh.600015,6.92552704,7.19605544,6.78349963,6.97286951,6.89171099,156340187,1615481792.0,1.219247,1,1.177633,0
2017-07-18,sh.600015,6.89171099,6.97286951,6.72939395,6.90523741,6.97286951,72220007,733302048.0,0.563221,1,-0.969936,0
2017-07-19,sh.600015,6.88494778,7.02021198,6.88494778,7.00668556,6.90523741,69677034,714813952.0,0.543389,1,1.469144,0
2017-07-20,sh.600015,6.9661063,7.00668556,6.87818457,6.93905346,7.00668556,52469114,536902112.0,0.40919,1,-0.965245,0
2017-07-21,sh.600015,6.93229025,6.93905346,6.79702605,6.85113173,6.93905346,52656667,533336864.0,0.410652,1,-1.267058,0
2017-07-24,sh.600015,6.84436852,6.91876383,6.81731568,6.89171099,6.85113173,51227171,520250976.0,0.399504,1,0.592295,0
2017-07-25,sh.600015,6.87818457,6.95257988,6.75644679,6.79702605,6.89171099,78531708,795445856.0,0.612443,1,-1.37389,0
2017-07-26,sh.600015,6.76321,6.87818457,6.6955779,6.75644679,6.79702605,64562988,646826848.0,0.503506,1,-0.597019,0
2017-07-27,sh.600015,6.74292037,6.76997321,6.67528827,6.74968358,6.75644679,37387020,371588704.0,0.291569,1,-0.100102,0
2017-07-28,sh.600015,6.74292037,6.77673642,6.70234111,6.76321,6.74968358,26163671,260874292.0,0.204042,1,0.200405,0
2017-07-31,sh.600015,6.76321,6.79026284,6.67528827,6.76321,6.76321,47740181,475163696.0,0.37231,1,0.0,0
2017-08-01,sh.600015,6.75644679,6.87818457,6.72939395,6.86465815,6.76321,79423777,800434176.0,0.6194,1,1.499996,0
2017-08-02,sh.600015,6.86465815,6.91876383,6.81731568,6.82407889,6.86465815,54406691,552110016.0,0.4243,1,-0.591128,0
2017-08-03,sh.600015,6.82407889,6.83760531,6.64147222,6.66852506,6.82407889,63746782,632627024.0,0.497141,1,-2.27949,0
2017-08-04,sh.600015,6.64823543,6.70234111,6.59412975,6.64147222,6.66852506,52064486,511811184.0,0.406034,1,-0.405679,0
2017-08-07,sh.600015,6.59412975,6.64147222,6.58060333,6.6279458,6.64147222,27483076,268430019.0,0.214332,1,-0.203661,0
2017-08-08,sh.600015,6.60089296,6.63470901,6.58736654,6.60765617,6.6279458,31892559,311666288.0,0.24872,1,-0.30612,0
2017-08-09,sh.600015,6.60765617,6.60765617,6.47915518,6.51973444,6.60765617,35224818,340250368.0,0.274707,1,-1.330605,0
2017-08-10,sh.600015,6.4926816,6.58736654,6.48591839,6.5603137,6.51973444,37472737,362477056.0,0.292238,1,0.622401,0
2017-08-11,sh.600015,6.48591839,6.48591839,6.2221532,6.32360135,6.5603137,109426072,1022930512.0,0.853379,1,-3.608242,0
2017-08-14,sh.600015,6.30331172,6.31683814,6.24920604,6.2897853,6.32360135,50834855,471394656.0,0.396445,1,-0.534761,0
2017-08-15,sh.600015,6.2897853,6.37770703,6.25596925,6.30331172,6.2897853,75977630,709968704.0,0.592525,1,0.215048,0
2017-08-16,sh.600015,6.2897853,6.2897853,6.24920604,6.27625888,6.30331172,29945298,277595024.0,0.233534,1,-0.429184,0
2017-08-17,sh.600015,6.26949567,6.34389098,6.26273246,6.33712777,6.27625888,35619714,331814944.0,0.277787,1,0.969829,0
2017-08-18,sh.600015,6.30331172,6.38447024,6.29654851,6.34389098,6.33712777,43304609,406166560.0,0.337719,1,0.106726,0
2017-08-21,sh.600015,6.35065419,6.35065419,6.2897853,6.32360135,6.34389098,31931061,298135984.0,0.24902,1,-0.319827,0
2017-08-22,sh.600015,6.33036456,6.34389098,6.28302209,6.31007493,6.32360135,32925656,307060672.0,0.256777,1,-0.213909,0
2017-08-23,sh.600015,6.31683814,6.38447024,6.28302209,6.3574174,6.31007493,57127623,535765376.0,0.44552,1,0.750265,0
2017-08-24,sh.600015,6.34389098,6.39123345,6.2897853,6.30331172,6.3574174,37533346,351730176.0,0.29271,1,-0.851063,0
2017-08-25,sh.600015,6.29654851,6.55355049,6.2897853,6.54678728,6.30331172,90060449,856613744.0,0.702352,1,3.862668,0
2017-08-28,sh.600015,6.54678728,6.6279458,6.52649765,6.58736654,6.54678728,84953558,824616848.0,0.662525,1,0.619829,0
2017-08-29,sh.600015,6.56707691,6.58736654,6.51297123,6.57384012,6.58736654,36825256,357089888.0,0.287188,1,-0.205334,0
2017-08-30,sh.600015,6.57384012,6.59412975,6.51297123,6.51297123,6.57384012,39701715,384118528.0,0.309621,1,-0.925928,0
2017-08-31,sh.600015,6.50620802,6.52649765,6.36418061,6.43857592,6.51297123,52561637,499848416.0,0.409911,1,-1.14226,0
2017-09-01,sh.600015,6.41828629,6.45886555,6.39799666,6.43181271,6.43857592,32512260,309367440.0,0.253553,1,-0.105044,0
2017-09-04,sh.600015,6.41828629,6.45886555,6.36418061,6.45886555,6.43181271,32944730,312696880.0,0.256925,1,0.42061,0
2017-09-05,sh.600015,6.45886555,6.51297123,6.4250495,6.47915518,6.45886555,42459368,406836816.0,0.331127,1,0.314133,0
2017-09-06,sh.600015,6.45210234,6.45886555,6.39123345,6.4250495,6.47915518,33583804,318678864.0,0.261909,1,-0.835072,0
2017-09-07,sh.600015,6.4250495,6.43857592,6.3574174,6.36418061,6.4250495,38564917,364537216.0,0.300755,1,-0.94737,0
2017-09-08,sh.600015,6.36418061,6.39799666,6.34389098,6.36418061,6.36418061,25828124,243141486.0,0.201425,1,0.0,0
2017-09-11,sh.600015,6.37094382,6.41152308,6.3574174,6.36418061,6.36418061,31287040,294979168.0,0.243998,1,0.0,0
2017-09-12,sh.600015,6.37094382,6.39123345,6.33036456,6.37094382,6.36418061,28694763,269701131.0,0.223781,1,0.106272,0
2017-09-13,sh.600015,6.37094382,6.37094382,6.29654851,6.34389098,6.37094382,19230759,180249642.0,0.149974,1,-0.424628,0
2017-09-14,sh.600015,6.34389098,6.3574174,6.29654851,6.32360135,6.34389098,24350305,227756557.0,0.1899,1,-0.319827,0
2017-09-15,sh.600015,6.31007493,6.32360135,6.2897853,6.31007493,6.32360135,20624807,192381990.0,0.160846,1,-0.213909,0
2017-09-18,sh.600015,6.29654851,6.33712777,6.29654851,6.31007493,6.31007493,27805832,259672093.0,0.216849,1,0.0,0
2017-09-19,sh.600015,6.31007493,6.33036456,6.2897853,6.31683814,6.31007493,27165650,253346831.0,0.211856,1,0.107184,0
2017-09-20,sh.600015,6.31683814,6.31683814,6.2897853,6.31007493,6.31683814,21348499,198934882.0,0.16649,1,-0.107069,0
2017-09-21,sh.600015,6.30331172,6.3574174,6.2897853,6.32360135,6.31007493,28421313,265709903.0,0.221649,1,0.214367,0
2017-09-22,sh.600015,6.31007493,6.35065419,6.29654851,6.34389098,6.32360135,38778892,362820250.0,0.302424,1,0.320853,0
2017-09-25,sh.600015,6.33712777,6.35065419,6.26273246,6.34389098,6.34389098,44112930,411566261.0,0.344023,1,0.0,0
2017-09-26,sh.600015,6.31683814,6.33036456,6.29654851,6.31683814,6.34389098,20458022,191016950.0,0.159546,1,-0.426439,0
2017-09-27,sh.600015,6.31007493,6.31683814,6.26273246,6.26949567,6.31683814,28006063,260233952.0,0.21841,1,-0.749461,0
2017-09-28,sh.600015,6.28302209,6.28302209,6.24244283,6.26273246,6.26949567,20738332,191967911.0,0.161732,1,-0.107877,0
2017-09-29,sh.600015,6.26949567,6.30331172,6.24920604,6.26949567,6.26273246,19360821,179666943.0,0.150989,1,0.107994,0
2017-10-09,sh.600015,6.41152308,6.43857592,6.34389098,6.36418061,6.26949567,49526030,467332053.0,0.386238,1,1.510241,0
2017-10-10,sh.600015,6.36418061,6.37770703,6.31683814,6.37094382,6.36418061,25202457,236648064.0,0.196546,1,0.106272,0
2017-10-11,sh.600015,6.36418061,6.39123345,6.33712777,6.36418061,6.37094382,26312226,247454214.0,0.205201,1,-0.10616,0
2017-10-12,sh.600015,6.36418061,6.36418061,6.31683814,6.34389098,6.36418061,22256540,208528651.0,0.173572,1,-0.318807,0
2017-10-13,sh.600015,6.33712777,6.35065419,6.31683814,6.32360135,6.34389098,20716795,193849823.0,0.161564,1,-0.319827,0
2017-10-16,sh.600015,6.32360135,6.35065419,6.31007493,6.33036456,6.32360135,28510336,266792426.0,0.222343,1,0.106944,0
2017-10-17,sh.600015,6.33712777,6.34389098,6.30331172,6.31007493,6.33036456,15600715,145775259.0,0.121665,1,-0.32051,0
2017-10-18,sh.600015,6.31007493,6.34389098,6.29654851,6.33712777,6.31007493,29991493,280207168.0,0.233894,1,0.428724,0
2017-10-19,sh.600015,6.33036456,6.33712777,6.2897853,6.33712777,6.33712777,30067554,280806427.0,0.234487,1,0.0,0
2017-10-20,sh.600015,6.32360135,6.33712777,6.30331172,6.33036456,6.33712777,13107742,122546927.0,0.102223,1,-0.106726,0
2017-10-23,sh.600015,6.33036456,6.33712777,6.31007493,6.31683814,6.33036456,13010013,121646884.0,0.101461,1,-0.21367,0
2017-10-24,sh.600015,6.31683814,6.36418061,6.31683814,6.35065419,6.31683814,19925234,186735307.0,0.15539,1,0.535334,0
2017-10-25,sh.600015,6.35065419,6.39123345,6.33036456,6.37094382,6.35065419,18662406,175327557.0,0.145542,1,0.319486,0
2017-10-26,sh.600015,6.3574174,6.36418061,6.31007493,6.33036456,6.37094382,25181452,236195634.0,0.196382,1,-0.636947,0
2017-10-27,sh.600015,6.32360135,6.39799666,6.31683814,6.37770703,6.33036456,43900735,413385522.0,0.342368,1,0.74787,0
2017-10-30,sh.600015,6.37770703,6.39799666,6.25596925,6.31683814,6.37770703,49733319,464231537.0,0.387854,1,-0.954402,0
2017-10-31,sh.600015,6.26273246,6.26273246,6.11394184,6.14775789,6.31683814,80681611,735688348.0,0.62921,1,-2.676659,0
2017-11-01,sh.600015,6.13423147,6.14775789,6.09365221,6.10717863,6.14775789,36169552,327265475.0,0.282075,1,-0.660071,0
2017-11-02,sh.600015,6.10717863,6.11394184,6.03278332,6.086889,6.10717863,37252954,333879171.0,0.290524,1,-0.332223,0
2017-11-03,sh.600015,6.08012579,6.11394184,6.02602011,6.10041542,6.086889,38421942,344192721.0,0.29964,1,0.222227,0
2017-11-06,sh.600015,6.07336258,6.08012579,6.03278332,6.04630974,6.10041542,21735535,194374116.0,0.169508,1,-0.886928,0
2017-11-07,sh.600015,6.04630974,6.12746826,6.03278332,6.10041542,6.04630974,29286703,263190091.0,0.228398,1,0.894864,0
2017-11-08,sh.600015,6.086889,6.16128431,6.08012579,6.12746826,6.10041542,26829657,243416910.0,0.209236,1,0.443459,0
2017-11-09,sh.600015,6.11394184,6.16128431,6.10717863,6.11394184,6.12746826,19605574,177801222.0,0.152898,1,-0.220756,0
2017-11-10,sh.600015,6.12746826,6.12746826,6.05983616,6.06659937,6.11394184,19962276,179512214.0,0.155679,1,-0.774333,0
2017-11-13,sh.600015,6.07336258,6.18833715,6.07336258,6.12070505,6.06659937,39525802,358409723.0,0.308249,1,0.891861,0
2017-11-14,sh.600015,6.11394184,6.12746826,6.08012579,6.10041542,6.12070505,18271437,164748141.0,0.142493,1,-0.331489,0
2017-11-15,sh.600015,6.086889,6.10717863,6.07336258,6.09365221,6.10041542,15776535,142097821.0,0.123036,1,-0.110867,0
2017-11-16,sh.600015,6.08012579,6.09365221,6.03954653,6.03954653,6.09365221,17681681,158281333.0,0.137894,1,-0.887901,0
2017-11-17,sh.600015,6.03278332,6.18833715,6.03278332,6.17481073,6.03954653,64800445,587146176.0,0.505358,1,2.23964,0
2017-11-20,sh.600015,6.14775789,6.18157394,6.10041542,6.16804752,6.17481073,44612316,405465476.0,0.347917,1,-0.109532,0
2017-11-21,sh.600015,6.16804752,6.2897853,6.16128431,6.24920604,6.16804752,58130829,535597050.0,0.453344,1,1.315788,0
2017-11-22,sh.600015,6.24244283,6.45210234,6.24244283,6.3574174,6.24920604,96524003,906352609.0,0.75276,1,1.7316,0
2017-11-23,sh.600015,6.34389098,6.41828629,6.24244283,6.29654851,6.3574174,69430641,650766977.0,0.541467,1,-0.957438,0
2017-11-24,sh.600015,6.27625888,6.3574174,6.20862678,6.34389098,6.29654851,62207206,578408104.0,0.485134,1,0.751876,0
2017-11-27,sh.600015,6.32360135,6.35065419,6.24244283,6.34389098,6.34389098,45541015,424465920.0,0.35516,1,0.0,0
2017-11-28,sh.600015,6.31007493,6.33036456,6.26273246,6.27625888,6.34389098,17835832,165704320.0,0.139096,1,-1.066102,0
2017-11-29,sh.600015,6.26949567,6.2897853,6.18833715,6.24920604,6.27625888,32693814,301677833.0,0.254969,1,-0.431034,0
2017-11-30,sh.600015,6.24244283,6.33036456,6.22891641,6.26949567,6.24920604,33601261,312218120.0,0.262045,1,0.324683,0
2017-12-01,sh.600015,6.26949567,6.30331172,6.25596925,6.28302209,6.26949567,21549211,200014020.0,0.168055,1,0.215744,0
2017-12-04,sh.600015,6.28302209,6.33036456,6.26273246,6.29654851,6.28302209,19249813,179086607.0,0.150123,1,0.21529,0
2017-12-05,sh.600015,6.29654851,6.43857592,6.29654851,6.41828629,6.29654851,85100632,803635117.0,0.663672,1,1.933398,0
2017-12-06,sh.600015,6.39123345,6.40475987,6.31007493,6.35065419,6.41828629,34981914,328374545.0,0.272813,1,-1.053735,0
2017-12-07,sh.600015,6.33712777,6.34389098,6.27625888,6.34389098,6.35065419,26501323,247429540.0,0.206675,1,-0.106499,0
2017-12-08,sh.600015,6.32360135,6.33036456,6.26949567,6.26949567,6.34389098,22269275,207160208.0,0.173671,1,-1.172704,0
2017-12-11,sh.600015,6.26949567,6.27625888,6.2221532,6.26273246,6.26949567,17870204,164976683.0,0.139364,1,-0.107877,0
2017-12-12,sh.600015,6.26949567,6.26949567,6.2221532,6.23567962,6.26273246,10389167,95866189.0,0.081022,1,-0.431965,0
2017-12-13,sh.600015,6.22891641,6.24920604,6.18157394,6.22891641,6.23567962,19609397,179980361.0,0.152927,1,-0.108462,0
2017-12-14,sh.600015,6.23567962,6.24920604,6.16128431,6.16804752,6.22891641,19328986,176855087.0,0.150741,1,-0.9772,0
2017-12-15,sh.600015,6.18157394,6.18833715,6.12070505,6.12070505,6.16804752,15064374,136670954.0,0.117482,1,-0.76754,0
2017-12-18,sh.600015,6.12070505,6.1545211,6.11394184,6.14775789,6.12070505,14576349,132295626.0,0.113676,1,0.441989,0
2017-12-19,sh.600015,6.14099468,6.20186357,6.13423147,6.17481073,6.14775789,16516193,150689753.0,0.128804,1,0.440044,0
2017-12-20,sh.600015,6.17481073,6.18157394,6.12070505,6.16804752,6.17481073,15346789,139482988.0,0.119685,1,-0.109532,0
2017-12-21,sh.600015,6.1545211,6.18157394,6.12070505,6.14775789,6.16804752,18695141,169987623.0,0.145797,1,-0.328944,0
2017-12-22,sh.600015,6.14775789,6.1545211,6.10041542,6.12746826,6.14775789,22516181,204016641.0,0.175596,1,-0.33003,0
2017-12-25,sh.600015,6.12746826,6.14775789,6.06659937,6.07336258,6.12746826,21851504,197463930.0,0.170413,1,-0.883012,0
2017-12-26,sh.600015,6.07336258,6.13423147,6.05983616,6.12746826,6.07336258,17273306,155809957.0,0.134709,1,0.890878,0
2017-12-27,sh.600015,6.12070505,6.12070505,6.05983616,6.09365221,6.12746826,23924883,215349272.0,0.186582,1,-0.551879,0
2017-12-28,sh.600015,6.07336258,6.10041542,6.05307295,6.05983616,6.09365221,13985542,125660428.0,0.109069,1,-0.554941,0
2017-12-29,sh.600015,6.05307295,6.086889,6.05307295,6.086889,6.05983616,12181175,109402840.0,0.094997,1,0.446428,0
2018-01-02,sh.600015,6.10041542,6.17481073,6.09365221,6.16128431,6.086889,26994220,245627203.0,0.210519,1,1.222218,0
2018-01-03,sh.600015,6.1545211,6.19510036,6.13423147,6.17481073,6.16128431,19473041,177751308.0,0.151864,1,0.219544,0
2018-01-04,sh.600015,6.17481073,6.20186357,6.16128431,6.18833715,6.17481073,12258526,112020694.0,0.0956,1,0.219053,0
2018-01-05,sh.600015,6.18833715,6.20186357,6.17481073,6.19510036,6.18833715,19824180,181363308.0,0.154602,1,0.109292,0
2018-01-08,sh.600015,6.18833715,6.23567962,6.16804752,6.21538999,6.19510036,19749310,181231933.0,0.154019,1,0.327508,0
2018-01-09,sh.600015,6.20862678,6.26273246,6.19510036,6.21538999,6.21538999,15557342,143140639.0,0.121327,1,0.0,0
2018-01-10,sh.600015,6.21538999,6.33712777,6.20186357,6.32360135,6.21538999,48776059,454020821.0,0.380389,1,1.741032,0
2018-01-11,sh.600015,6.31007493,6.34389098,6.26949567,6.28302209,6.32360135,29240951,272322067.0,0.228041,1,-0.641716,0
2018-01-12,sh.600015,6.28302209,6.35065419,6.28302209,6.33036456,6.28302209,27701343,259081222.0,0.216034,1,0.753495,0
2018-01-15,sh.600015,6.32360135,6.4250495,6.30331172,6.3574174,6.33036456,52782326,497369341.0,0.411632,1,0.42735,0
2018-01-16,sh.600015,6.34389098,6.39123345,6.31007493,6.37094382,6.3574174,40471079,379192292.0,0.315621,1,0.212771,0
2018-01-17,sh.600015,6.3574174,6.58060333,6.3574174,6.43857592,6.37094382,83927019,803444336.0,0.65452,1,1.061575,0
2018-01-18,sh.600015,6.45886555,6.53326086,6.4250495,6.52649765,6.43857592,52007161,497500151.0,0.405587,1,1.365537,0
2018-01-19,sh.600015,6.57384012,6.76321,6.57384012,6.64823543,6.52649765,112055189,1106453530.0,0.873882,1,1.865288,0
2018-01-22,sh.600015,6.60089296,6.68205148,6.50620802,6.54002407,6.64823543,68351105,665503346.0,0.533048,1,-1.627669,0
2018-01-23,sh.600015,6.55355049,6.75644679,6.54002407,6.75644679,6.54002407,94471552,925750734.0,0.736753,1,3.309201,0
2018-01-24,sh.600015,6.76997321,6.89171099,6.67528827,6.81055247,6.75644679,108011912,1085319339.0,0.84235,1,0.8008,0
2018-01-25,sh.600015,6.80378926,6.81055247,6.68881469,6.74968358,6.81055247,56714332,566304320.0,0.442297,1,-0.893745,0
2018-01-26,sh.600015,6.73615716,6.83760531,6.70910432,6.80378926,6.74968358,57867228,580105656.0,0.451288,1,0.801612,0
2018-01-29,sh.600015,6.79026284,6.85789494,6.68881469,6.72263074,6.80378926,70063090,702517425.0,0.546399,1,-1.192851,0
2018-01-30,sh.600015,6.70234111,6.72263074,6.58736654,6.59412975,6.72263074,56958030,559726814.0,0.444197,1,-1.911465,0
2018-01-31,sh.600015,6.58060333,6.67528827,6.54678728,6.66176185,6.59412975,45306971,443557631.0,0.353334,1,1.025645,0
2018-02-01,sh.600015,6.64823543,6.76321,6.60089296,6.75644679,6.66176185,74607031,737409551.0,0.581836,1,1.421314,0
2018-02-02,sh.600015,6.6955779,6.70234111,6.58736654,6.68205148,6.75644679,43046706,423556876.0,0.335707,1,-1.101098,0
2018-02-05,sh.600015,6.62118259,7.04726482,6.60765617,7.0337384,6.68205148,112339795,1141593678.0,0.876102,1,5.263153,0
2018-02-06,sh.600015,6.91200062,6.97963272,6.77673642,6.84436852,7.0337384,126031368,1284342084.0,0.982878,1,-2.692305,0
2018-02-07,sh.600015,6.91876383,7.04726482,6.68205148,6.76321,6.84436852,124740700,1268521907.0,0.972813,1,-1.18577,0
2018-02-08,sh.600015,6.68205148,6.71586753,6.45210234,6.53326086,6.76321,72833167,710975128.0,0.568002,1,-3.400002,0
2018-02-09,sh.600015,6.38447024,6.44533913,6.09365221,6.23567962,6.53326086,57649886,535140029.0,0.449593,1,-4.554861,0
2018-02-12,sh.600015,6.25596925,6.25596925,6.17481073,6.20186357,6.23567962,36010854,330605668.0,0.280837,1,-0.542301,0
2018-02-13,sh.600015,6.24920604,6.35065419,6.22891641,6.28302209,6.20186357,40165401,373078661.0,0.313237,1,1.308614,0
2018-02-14,sh.600015,6.26949567,6.30331172,6.23567962,6.28302209,6.28302209,15773449,146215981.0,0.123012,1,0.0,0
2018-02-22,sh.600015,6.37094382,6.39799666,6.33712777,6.38447024,6.28302209,28012590,263816505.0,0.218461,1,1.614635,0
2018-02-23,sh.600015,6.37770703,6.4926816,6.36418061,6.47239197,6.38447024,31913546,303566248.0,0.248883,1,1.37712,0
2018-02-26,sh.600015,6.46562876,6.52649765,6.40475987,6.45210234,6.47239197,44796796,426785342.0,0.349356,1,-0.313477,0
2018-02-27,sh.600015,6.45886555,6.46562876,6.33036456,6.3574174,6.45210234,30018786,283535786.0,0.234107,1,-1.467509,0
2018-02-28,sh.600015,6.32360135,6.33036456,6.27625888,6.2897853,6.3574174,23718416,221179584.0,0.184972,1,-1.063824,0
2018-03-01,sh.600015,6.25596925,6.33036456,6.2221532,6.29654851,6.2897853,18074332,168238944.0,0.140956,1,0.107529,0
2018-03-02,sh.600015,6.26949567,6.33036456,6.24244283,6.30331172,6.29654851,22136983,205852180.0,0.172639,1,0.107404,0
2018-03-05,sh.600015,6.2897853,6.33036456,6.26273246,6.2897853,6.30331172,12042706,111957717.0,0.093917,1,-0.214587,0
2018-03-06,sh.600015,6.30331172,6.33036456,6.26273246,6.33036456,6.2897853,20574446,191480467.0,0.160453,1,0.645155,0
2018-03-07,sh.600015,6.35065419,6.41152308,6.31007493,6.31007493,6.33036456,25709134,241932076.0,0.200497,1,-0.32051,0
2018-03-08,sh.600015,6.31007493,6.33712777,6.28302209,6.32360135,6.31007493,11308557,105651292.0,0.088192,1,0.214367,0
2018-03-09,sh.600015,6.32360135,6.34389098,6.30331172,6.32360135,6.32360135,14218702,132854698.0,0.110887,1,0.0,0
2018-03-12,sh.600015,6.32360135,6.34389098,6.30331172,6.33036456,6.32360135,18936705,177123626.0,0.147681,1,0.106944,0
2018-03-13,sh.600015,6.33036456,6.38447024,6.29654851,6.30331172,6.33036456,17809953,166975996.0,0.138894,1,-0.42735,0
2018-03-14,sh.600015,6.29654851,6.31007493,6.25596925,6.28302209,6.30331172,13435719,124826336.0,0.104781,1,-0.321886,0
2018-03-15,sh.600015,6.26949567,6.2897853,6.2221532,6.26273246,6.28302209,14740229,136273966.0,0.114954,1,-0.322925,0
2018-03-16,sh.600015,6.25596925,6.25596925,6.20862678,6.21538999,6.26273246,16657118,153433721.0,0.129903,1,-0.755946,0
2018-03-19,sh.600015,6.20186357,6.2221532,6.18833715,6.2221532,6.21538999,10509683,96414607.0,0.081962,1,0.108816,0
2018-03-20,sh.600015,6.20862678,6.24244283,6.18833715,6.23567962,6.2221532,8668431,79722538.0,0.067602,1,0.217396,0
2018-03-21,sh.600015,6.23567962,6.26949567,6.20186357,6.20862678,6.23567962,14740582,136047607.0,0.114957,1,-0.433839,0
2018-03-22,sh.600015,6.20862678,6.22891641,6.1545211,6.17481073,6.20862678,13471632,123227976.0,0.105061,1,-0.544664,0
2018-03-23,sh.600015,6.086889,6.10717863,5.97867764,6.01249369,6.17481073,36579177,327378100.0,0.285269,1,-2.628694,0
2018-03-26,sh.600015,5.96515122,5.99220406,5.92457196,5.97867764,6.01249369,23319721,205549313.0,0.181863,1,-0.562432,0
2018-03-27,sh.600015,6.02602011,6.05307295,5.96515122,5.98544085,5.97867764,23655244,210262898.0,0.18448,1,0.113125,0
2018-03-28,sh.600015,5.97867764,6.04630974,5.9516248,5.97867764,5.98544085,18125856,160547134.0,0.141358,1,-0.112997,0
2018-03-29,sh.600015,5.97867764,6.07336258,5.9516248,6.05983616,5.97867764,20133897,178832469.0,0.157018,1,1.357465,0
2018-03-30,sh.600015,6.05983616,6.05983616,6.01249369,6.02602011,6.05983616,12874639,114784185.0,0.100405,1,-0.558038,0
2018-04-02,sh.600015,6.02602011,6.05307295,5.97867764,5.99896727,6.02602011,16041459,142684401.0,0.125102,1,-0.448933,0
2018-04-03,sh.600015,5.96515122,5.97867764,5.93133517,5.96515122,5.99896727,13053098,114951806.0,0.101797,1,-0.5637,0
2018-04-04,sh.600015,5.96515122,6.00573048,5.9516248,5.95838801,5.96515122,9966567,88110008.0,0.077726,1,-0.11337,0
2018-04-09,sh.600015,5.9516248,5.97191443,5.92457196,5.94486159,5.95838801,10135029,89091727.0,0.07904,1,-0.22702,0
2018-04-10,sh.600015,5.9516248,6.05307295,5.94486159,6.04630974,5.94486159,17200799,152648619.0,0.134143,1,1.70648,0
2018-04-11,sh.600015,6.05307295,6.1545211,6.03278332,6.10717863,6.04630974,23778717,214193087.0,0.185443,1,1.006713,0
2018-04-12,sh.600015,6.09365221,6.10041542,6.02602011,6.03278332,6.10717863,11759773,105255375.0,0.091711,1,-1.218158,0
2018-04-13,sh.600015,6.05307295,6.07336258,5.99220406,6.00573048,6.03278332,8449946,75394337.0,0.065898,1,-0.44843,0
2018-04-16,sh.600015,5.99220406,6.00573048,5.89075591,5.90428233,6.00573048,21274627,186501181.0,0.165914,1,-1.689196,0
2018-04-17,sh.600015,5.91104554,5.94486159,5.87722949,5.87722949,5.90428233,11848584,103615503.0,0.092403,1,-0.45819,0
2018-04-18,sh.600015,5.93809838,5.9516248,5.89075591,5.91780875,5.87722949,13994649,122452116.0,0.10914,1,0.690454,0
2018-04-19,sh.600015,5.92457196,5.96515122,5.91780875,5.9516248,5.91780875,9688501,85191821.0,0.075557,1,0.571431,0
2018-04-20,sh.600015,5.93809838,5.93809838,5.85017665,5.86370307,5.9516248,17165929,149444212.0,0.133872,1,-1.477274,0
2018-04-23,sh.600015,5.84341344,5.91780875,5.84341344,5.87046628,5.86370307,16741252,145380516.0,0.13056,1,0.115343,0
2018-04-24,sh.600015,5.87722949,5.99220406,5.87722949,5.97191443,5.87046628,22651203,199596700.0,0.176649,1,1.728106,0
2018-04-25,sh.600015,5.9516248,5.97867764,5.90428233,5.91780875,5.97191443,15210387,133451235.0,0.118621,1,-0.906001,0
2018-04-26,sh.600015,5.91780875,5.93809838,5.85693986,5.87046628,5.91780875,13978555,121604871.0,0.109014,1,-0.799996,0
2018-04-27,sh.600015,5.8839927,5.89751912,5.82988702,5.89075591,5.87046628,18084595,156899082.0,0.141036,1,0.345619,0
2018-05-02,sh.600015,5.89751912,5.90428233,5.72167566,5.73520208,5.89075591,39932197,341953330.0,0.311418,1,-2.640649,0
2018-05-03,sh.600015,5.72843887,5.73520208,5.66756998,5.72167566,5.73520208,25936304,218590790.0,0.202269,1,-0.235843,0
2018-05-04,sh.600015,5.70814924,5.71491245,5.67433319,5.68785961,5.72167566,19887799,167286910.0,0.155099,1,-0.591019,0
2018-05-07,sh.600015,5.6810964,5.72843887,5.67433319,5.70814924,5.68785961,21436071,180592394.0,0.167173,1,0.356715,0
2018-05-08,sh.600015,5.70814924,5.76225492,5.6810964,5.73520208,5.70814924,29839068,252903697.0,0.232705,1,0.473933,0
2018-05-09,sh.600015,5.73520208,5.73520208,5.70138603,5.70814924,5.73520208,16097918,135976963.0,0.125542,1,-0.471698,0
2018-05-10,sh.600015,5.72167566,5.73520208,5.69462282,5.72843887,5.70814924,17217482,145653392.0,0.134274,1,0.355458,0
2018-05-11,sh.600015,5.73520208,5.76901813,5.72843887,5.7487285,5.72843887,20937886,178026419.0,0.163288,1,0.354188,0
2018-05-14,sh.600015,5.7487285,5.8163606,5.7487285,5.80959739,5.7487285,28721665,245750445.0,0.223991,1,1.058825,0
2018-05-15,sh.600015,5.8163606,5.82312381,5.77578134,5.78930776,5.80959739,19621989,168094220.0,0.153026,1,-0.34924,0
2018-05-16,sh.600015,5.78254455,5.78930776,5.7487285,5.75549171,5.78930776,11861660,101201152.0,0.092505,1,-0.584114,0
2018-05-17,sh.600015,5.75549171,5.77578134,5.74196529,5.7487285,5.75549171,14966326,127409491.0,0.116718,1,-0.117512,0
2018-05-18,sh.600015,5.76225492,5.79607097,5.72167566,5.78930776,5.7487285,14500350,123484566.0,0.113084,1,0.705887,0
2018-05-21,sh.600015,5.80959739,5.82988702,5.80283418,5.82312381,5.78930776,15903178,136755388.0,0.124024,1,0.584103,0
2018-05-22,sh.600015,5.8163606,5.82988702,5.7487285,5.78254455,5.82312381,14883560,127240071.0,0.116072,1,-0.696858,0
2018-05-23,sh.600015,5.78254455,5.78254455,5.72843887,5.72843887,5.78254455,14184589,120660692.0,0.110621,1,-0.935672,0
2018-05-24,sh.600015,5.72843887,5.75549171,5.70814924,5.72843887,5.72843887,12292655,104228239.0,0.095866,1,0.0,0
2018-05-25,sh.600015,5.72843887,5.7487285,5.6810964,5.69462282,5.72843887,14246014,120397692.0,0.1111,1,-0.590321,0
2018-05-28,sh.600015,5.70814924,5.70814924,5.66080677,5.70138603,5.69462282,17031476,143142899.0,0.132823,1,0.118768,0
2018-05-29,sh.600015,5.69462282,5.70138603,5.6134643,5.65404356,5.70138603,15640669,130839755.0,0.121977,1,-0.830375,0
2018-05-30,sh.600015,5.62699072,5.63375393,5.55259541,5.55259541,5.65404356,16401843,135639960.0,0.127913,1,-1.794254,0
2018-05-31,sh.600015,5.58641146,5.64728035,5.57288504,5.63375393,5.55259541,21036623,174816280.0,0.164058,1,1.461631,0
2018-06-01,sh.600015,5.62699072,5.66080677,5.6134643,5.64051714,5.63375393,16854141,140417589.0,0.13144,1,0.120051,0
2018-06-04,sh.600015,5.63375393,5.69462282,5.63375393,5.67433319,5.64051714,12783431,106989400.0,0.099694,1,0.599523,0
2018-06-05,sh.600015,5.66080677,5.66756998,5.64051714,5.66080677,5.67433319,9741230,81417302.0,0.075969,1,-0.238384,0
2018-06-06,sh.600015,5.66080677,5.66080677,5.60670109,5.62699072,5.66080677,11156390,92852296.0,0.087005,1,-0.597374,0
2018-06-07,sh.600015,5.64051714,5.65404356,5.59993788,5.60670109,5.62699072,18180618,151319785.0,0.141785,1,-0.360574,0
2018-06-08,sh.600015,5.60670109,5.60670109,5.49172652,5.51201615,5.60670109,24723401,202088655.0,0.19281,1,-1.688786,0
2018-06-11,sh.600015,5.4782001,5.49848973,5.40380479,5.43085763,5.51201615,33224649,267115704.0,0.259108,1,-1.472391,0
2018-06-12,sh.600015,5.40380479,5.43085763,5.36998874,5.41733121,5.43085763,24110966,192571988.0,0.188034,1,-0.24906,0
2018-06-13,sh.600015,5.40380479,5.410568,5.34969911,5.36322553,5.41733121,15470230,122939615.0,0.120647,1,-0.998757,0
2018-06-14,sh.600015,5.36322553,5.39704158,5.34969911,5.37675195,5.36322553,14749631,117059285.0,0.115028,1,0.252207,0
2018-06-15,sh.600015,5.38351516,5.43085763,5.37675195,5.39704158,5.37675195,22031010,176005818.0,0.171813,1,0.377361,0
2018-06-19,sh.600015,5.36322553,5.36322553,5.17385565,5.23472454,5.39704158,32029639,250317719.0,0.249789,1,-3.007522,0
2018-06-20,sh.600015,5.22119812,5.26177738,5.18738207,5.23472454,5.23472454,20785949,160554984.0,0.162103,1,0.0,0
2018-06-21,sh.600015,5.24148775,5.28206701,5.19414528,5.2076717,5.23472454,16550119,128140430.0,0.129069,1,-0.516795,0
2018-06-22,sh.600015,5.19414528,5.23472454,5.17385565,5.23472454,5.2076717,28478905,219627192.0,0.222098,1,0.51948,0
2018-06-25,sh.600015,5.25501417,5.2753038,5.18061886,5.18738207,5.23472454,12122450,93615926.0,0.094539,1,-0.904389,0
2018-06-26,sh.600015,5.18061886,5.18061886,5.06564429,5.09269713,5.18738207,24124139,181984924.0,0.188136,1,-1.825292,0
2018-06-27,sh.600015,5.09269713,5.11298676,5.01830182,5.05211787,5.09269713,18675803,139993049.0,0.145647,1,-0.796818,0
2018-06-28,sh.600015,5.03182824,5.11298676,5.01830182,5.07917071,5.05211787,19610079,146915451.0,0.152933,1,0.535481,0
2018-06-29,sh.600015,5.0929749,5.15508435,5.0791728,5.14128225,5.0791728,13169010,97673204.0,0.102701,1,1.222822,0
2018-07-02,sh.600015,5.14128225,5.1481833,5.0101623,5.03086545,5.14128225,15714208,115691548.0,0.12255,1,-2.147649,0
2018-07-03,sh.600015,5.0377665,5.0515686,4.968756,5.03086545,5.03086545,18087843,131543740.0,0.141061,1,0.0,0
2018-07-04,sh.600015,5.03086545,5.05846965,4.9825581,4.9963602,5.03086545,12427015,90331994.0,0.096914,1,-0.685874,0
2018-07-05,sh.600015,4.98945915,5.01706335,4.9135476,4.9549539,4.9963602,19539020,140609405.0,0.152379,1,-0.828729,0
2018-07-06,sh.600015,4.94805285,5.0239644,4.8997455,4.98945915,4.9549539,21568081,155223268.0,0.168203,1,0.696381,0
2018-07-09,sh.600015,4.98945915,5.106777,4.9825581,5.09987595,4.98945915,25277481,185369896.0,0.197131,1,2.212999,0
2018-07-10,sh.600015,5.09987595,5.09987595,5.04466755,5.07227175,5.09987595,15887714,116667064.0,0.123903,1,-0.541272,0
2018-07-11,sh.600015,5.00326125,5.00326125,4.9135476,4.9549539,5.07227175,21386440,153753404.0,0.166786,1,-2.312926,0
2018-07-12,sh.600015,4.9411518,5.0929749,4.9273497,5.0929749,4.9549539,25340615,185211948.0,0.197623,1,2.785519,0
2018-07-13,sh.600015,5.0929749,5.09987595,5.05846965,5.07227175,5.0929749,11027861,81056067.0,0.086003,1,-0.406507,0
2018-07-16,sh.600015,5.07227175,5.08607385,5.0101623,5.01706335,5.07227175,11194023,81760088.0,0.087299,1,-1.088434,0
2018-07-17,sh.600015,5.03086545,5.03086545,4.97565705,5.00326125,5.01706335,9017777,65375948.0,0.070327,1,-0.275103,0
2018-07-18,sh.600015,5.0101623,5.0653707,5.00326125,5.01706335,5.00326125,11376264,83027641.0,0.08872,1,0.275862,0
2018-07-19,sh.600015,5.03086545,5.04466755,4.968756,4.9825581,5.01706335,9659500,70035312.0,0.075331,1,-0.68776,0
2018-07-20,sh.600015,4.97565705,5.2033917,4.96185495,5.1481833,4.9825581,30400109,224621939.0,0.237081,1,3.324103,0
2018-07-23,sh.600015,5.11367805,5.26550115,5.106777,5.244798,5.1481833,29520703,221788307.0,0.230222,1,1.876674,0
2018-07-24,sh.600015,5.22409485,5.32070955,5.22409485,5.2724022,5.244798,27374628,209584787.0,0.213486,1,0.526315,0
2018-07-25,sh.600015,5.2862043,5.29310535,5.244798,5.26550115,5.2724022,15981514,121938667.0,0.124635,1,-0.130887,0
2018-07-26,sh.600015,5.27930325,5.29310535,5.19649065,5.22409485,5.26550115,16291897,123528371.0,0.127055,1,-0.786369,0
2018-07-27,sh.600015,5.22409485,5.23789695,5.18268855,5.21029275,5.22409485,9787096,73932358.0,0.076326,1,-0.264201,0
2018-07-30,sh.600015,5.19649065,5.27930325,5.1895896,5.23789695,5.21029275,14119265,107104803.0,0.110112,1,0.529801,0
2018-07-31,sh.600015,5.23789695,5.2862043,5.2033917,5.25169905,5.23789695,14000562,106283912.0,0.109186,1,0.263504,0
2018-08-01,sh.600015,5.244798,5.2862043,5.1619854,5.16888645,5.25169905,19300828,146577949.0,0.150521,1,-1.576877,0
2018-08-02,sh.600015,5.14128225,5.16888645,5.01706335,5.0653707,5.16888645,18011755,132830990.0,0.140468,1,-2.002665,0
2018-08-03,sh.600015,5.07227175,5.11367805,5.0515686,5.0653707,5.0653707,9970975,73496563.0,0.07776,1,0.0,0
2018-08-06,sh.600015,5.07227175,5.1481833,5.04466755,5.07227175,5.0653707,14160090,104437402.0,0.11043,1,0.136236,0
2018-08-07,sh.600015,5.08607385,5.1757875,5.0515686,5.16888645,5.07227175,19874700,147283756.0,0.154996,1,1.90476,0
2018-08-08,sh.600015,5.1619854,5.16888645,5.11367805,5.1205791,5.16888645,14331535,106761891.0,0.111767,1,-0.934575,0
2018-08-09,sh.600015,5.11367805,5.2309959,5.09987595,5.2033917,5.1205791,14467355,108749043.0,0.112826,1,1.617249,0
2018-08-10,sh.600015,5.19649065,5.2171938,5.1757875,5.2033917,5.2033917,7934304,59719057.0,0.061877,1,0.0,0
2018-08-13,sh.600015,5.1757875,5.1757875,5.09987595,5.14128225,5.2033917,11821667,87920991.0,0.092193,1,-1.193636,0
2018-08-14,sh.600015,5.14128225,5.1481833,5.11367805,5.1343812,5.14128225,7978313,59284143.0,0.06222,1,-0.134225,0
2018-08-15,sh.600015,5.1343812,5.14128225,5.0377665,5.0515686,5.1343812,11230481,82657425.0,0.087583,1,-1.612902,0
2018-08-16,sh.600015,5.0239644,5.0791728,4.9825581,5.03086545,5.0515686,9714473,70808594.0,0.07576,1,-0.409839,0
2018-08-17,sh.600015,5.0515686,5.07227175,5.00326125,5.0101623,5.03086545,10847331,79288067.0,0.084595,1,-0.411519,0
2018-08-20,sh.600015,5.0239644,5.106777,5.0239644,5.09987595,5.0101623,18948281,139077565.0,0.147772,1,1.790629,0
2018-08-21,sh.600015,5.0791728,5.1481833,5.0791728,5.106777,5.09987595,18554583,137483683.0,0.144701,1,0.135321,0
2018-08-22,sh.600015,5.106777,5.11367805,5.0515686,5.0653707,5.106777,15293552,112435086.0,0.119269,1,-0.81081,0
2018-08-23,sh.600015,5.0515686,5.09987595,5.04466755,5.08607385,5.0653707,20511534,150810520.0,0.159963,1,0.408716,0
2018-08-24,sh.600015,5.07227175,5.4104232,5.0653707,5.2724022,5.08607385,62169315,471510574.0,0.484838,1,3.6635,0
2018-08-27,sh.600015,5.25169905,5.32070955,5.2171938,5.32070955,5.2724022,45589132,347994180.0,0.355535,1,0.916233,0
2018-08-28,sh.600015,5.27930325,5.3414127,5.26550115,5.2862043,5.32070955,24986131,191896184.0,0.194859,1,-0.648511,0
2018-08-29,sh.600015,5.2724022,5.3000064,5.244798,5.2724022,5.2862043,18808702,143594183.0,0.146683,1,-0.261096,0
2018-08-30,sh.600015,5.26550115,5.30690745,5.16888645,5.1757875,5.2724022,31318224,236787112.0,0.244241,1,-1.832459,0
2018-08-31,sh.600015,5.1895896,5.38972005,5.16888645,5.34831375,5.1757875,70475136,541311226.0,0.549613,1,3.333333,0
2018-09-03,sh.600015,5.32070955,5.3552148,5.2586001,5.3000064,5.34831375,38275517,294162606.0,0.298498,1,-0.903228,0
2018-09-04,sh.600015,5.29310535,5.38972005,5.25169905,5.3552148,5.3000064,37769507,291299826.0,0.294552,1,1.041672,0
2018-09-05,sh.600015,5.3138085,5.34831375,5.23789695,5.23789695,5.3552148,27522506,210935345.0,0.214639,1,-2.190722,0
2018-09-06,sh.600015,5.2309959,5.2586001,5.1757875,5.19649065,5.23789695,24384747,184496490.0,0.190169,1,-0.790513,0
2018-09-07,sh.600015,5.1895896,5.25169905,5.1895896,5.2033917,5.19649065,21614507,163435751.0,0.168565,1,0.132799,0
2018-09-10,sh.600015,5.19649065,5.21029275,5.1619854,5.1757875,5.2033917,17168872,128868675.0,0.133894,1,-0.530504,0
2018-09-11,sh.600015,5.18268855,5.2033917,5.12748015,5.14128225,5.1757875,18410520,137908890.0,0.143578,1,-0.666669,0
2018-09-12,sh.600015,5.1343812,5.1895896,5.08607385,5.15508435,5.14128225,19767372,147059767.0,0.154159,1,0.268456,0
2018-09-13,sh.600015,5.1895896,5.2171938,5.15508435,5.21029275,5.15508435,20314974,152665796.0,0.15843,1,1.070956,0
2018-09-14,sh.600015,5.19649065,5.2171938,5.18268855,5.19649065,5.21029275,14760115,111144390.0,0.115109,1,-0.2649,0
2018-09-17,sh.600015,5.18268855,5.18268855,5.12748015,5.14128225,5.19649065,15661092,116843588.0,0.122136,1,-1.062422,0
2018-09-18,sh.600015,5.19649065,5.30690745,5.19649065,5.3000064,5.14128225,49453322,376100630.0,0.385671,1,3.087249,0
2018-09-19,sh.600015,5.2724022,5.382819,5.26550115,5.34831375,5.3000064,47372686,366029653.0,0.369444,1,0.911461,0
2018-09-20,sh.600015,5.34831375,5.3966211,5.3276106,5.3552148,5.34831375,29187633,226489818.0,0.227625,1,0.129035,0
2018-09-21,sh.600015,5.3690169,5.55534525,5.3276106,5.54154315,5.3552148,58739538,463976013.0,0.458091,1,3.479375,0
2018-09-25,sh.600015,5.48633475,5.5070379,5.4656316,5.48633475,5.54154315,36674387,291422732.0,0.286012,1,-0.996263,0
2018-09-26,sh.600015,5.48633475,5.658861,5.4794337,5.59675155,5.48633475,59170167,478874360.0,0.461449,1,2.012577,0
2018-09-27,sh.600015,5.56914735,5.61055365,5.5484442,5.59675155,5.59675155,35414094,286053898.0,0.276183,1,0.0,0
2018-09-28,sh.600015,5.6036526,5.69336625,5.56914735,5.63815785,5.59675155,49451825,404019346.0,0.385659,1,0.739833,0
2018-10-08,sh.600015,5.52084,5.5346421,5.3690169,5.382819,5.63815785,49722750,392950019.0,0.387772,1,-4.528762,0
2018-10-09,sh.600015,5.40352215,5.4380274,5.36211585,5.4104232,5.382819,29707090,232616660.0,0.231676,1,0.51282,0
2018-10-10,sh.600015,5.4242253,5.4932358,5.40352215,5.41732425,5.4104232,22114137,174509906.0,0.172461,1,0.127548,0
2018-10-11,sh.600015,5.2862043,5.34831375,5.1757875,5.21029275,5.41732425,45062045,343981208.0,0.351424,1,-3.821652,0
2018-10-12,sh.600015,5.2033917,5.33451165,5.18268855,5.3138085,5.21029275,36604419,279063905.0,0.285466,1,1.98675,0
2018-10-15,sh.600015,5.32070955,5.3276106,5.2171938,5.23789695,5.3138085,27090654,207056183.0,0.211271,1,-1.428567,0
2018-10-16,sh.600015,5.23789695,5.3414127,5.2309959,5.2724022,5.23789695,31039387,237242811.0,0.242066,1,0.658758,0
2018-10-17,sh.600015,5.3138085,5.3552148,5.25169905,5.30690745,5.2724022,32925371,253205294.0,0.256774,1,0.654453,0
2018-10-18,sh.600015,5.29310535,5.3000064,5.19649065,5.19649065,5.30690745,24928364,189391668.0,0.194408,1,-2.080622,0
2018-10-19,sh.600015,5.1619854,5.37591795,5.14128225,5.37591795,5.19649065,40581284,310735799.0,0.31648,1,3.452852,0
2018-10-22,sh.600015,5.382819,5.5760484,5.3690169,5.52774105,5.37591795,58050591,461987130.0,0.452718,1,2.824137,0
2018-10-23,sh.600015,5.4932358,5.52774105,5.37591795,5.3966211,5.52774105,39230061,309631288.0,0.305943,1,-2.372036,0
2018-10-24,sh.600015,5.40352215,5.6450589,5.3966211,5.52084,5.3966211,55863202,447727911.0,0.435659,1,2.301788,0
2018-10-25,sh.600015,5.41732425,5.6036526,5.3966211,5.5622463,5.52084,40675635,323368346.0,0.317216,1,0.750005,0
2018-10-26,sh.600015,5.5622463,5.5760484,5.48633475,5.5484442,5.5622463,26152865,209473710.0,0.203958,1,-0.248145,0
2018-10-29,sh.600015,5.5346421,5.5898505,5.43112635,5.4794337,5.5484442,26916725,214287514.0,0.209915,1,-1.24378,0
2018-10-30,sh.600015,5.47253265,5.59675155,5.4518295,5.55534525,5.4794337,36787618,295492226.0,0.286895,1,1.385392,0
2018-10-31,sh.600015,5.55534525,5.5622463,5.5070379,5.52084,5.55534525,27324446,218967869.0,0.213095,1,-0.62112,0
2018-11-01,sh.600015,5.52774105,5.5622463,5.4656316,5.47253265,5.52084,31533798,252238273.0,0.245922,1,-0.875002,0
2018-11-02,sh.600015,5.52774105,5.59675155,5.47253265,5.58294945,5.47253265,48360725,388188052.0,0.37715,1,2.017658,0
2018-11-05,sh.600015,5.5484442,5.55534525,5.47253265,5.50013685,5.58294945,36583686,292001261.0,0.285304,1,-1.483317,0
2018-11-06,sh.600015,5.48633475,5.50013685,5.43112635,5.4656316,5.50013685,20462963,161826902.0,0.159584,1,-0.627349,0
2018-11-07,sh.600015,5.4656316,5.50013685,5.4242253,5.4380274,5.4656316,23555340,186449674.0,0.183701,1,-0.50505,0
2018-11-08,sh.600015,5.4656316,5.4932358,5.43112635,5.44492845,5.4380274,19891858,157370411.0,0.15513,1,0.1269,0
2018-11-09,sh.600015,5.41732425,5.41732425,5.33451165,5.34831375,5.44492845,27221849,211428248.0,0.212294,1,-1.774396,0
2018-11-12,sh.600015,5.382819,5.4380274,5.3690169,5.4242253,5.34831375,20080049,157169103.0,0.156598,1,1.419357,0
2018-11-13,sh.600015,5.3690169,5.4932358,5.36211585,5.47253265,5.4242253,22748771,178915855.0,0.17741,1,0.890581,0
2018-11-14,sh.600015,5.45873055,5.4656316,5.3966211,5.40352215,5.47253265,17342161,136577510.0,0.135246,1,-1.261033,0
2018-11-15,sh.600015,5.3966211,5.47253265,5.3966211,5.45873055,5.40352215,19702697,155567261.0,0.153655,1,1.02171,0
2018-11-16,sh.600015,5.45873055,5.50013685,5.4242253,5.4656316,5.45873055,29199229,231290601.0,0.227715,1,0.126425,0
2018-11-19,sh.600015,5.4656316,5.5346421,5.4518295,5.52774105,5.4656316,31795646,253804162.0,0.247964,1,1.136366,0
2018-11-20,sh.600015,5.4932358,5.52084,5.41732425,5.4242253,5.52774105,23293048,184232962.0,0.181655,1,-1.87266,0
2018-11-21,sh.600015,5.3966211,5.4380274,5.3966211,5.4380274,5.4242253,14085681,110633994.0,0.10985,1,0.254453,0
2018-11-22,sh.600015,5.45873055,5.47253265,5.41732425,5.4380274,5.4380274,12430692,98001804.0,0.096943,1,0.0,0
2018-11-23,sh.600015,5.4242253,5.44492845,5.3414127,5.3414127,5.4380274,21176490,165248403.0,0.165149,1,-1.776654,0
2018-11-26,sh.600015,5.3552148,5.3966211,5.3414127,5.3552148,5.3414127,10605101,82391331.0,0.082706,1,0.258404,0
2018-11-27,sh.600015,5.3690169,5.3966211,5.33451165,5.33451165,5.3552148,13159525,102239329.0,0.102627,1,-0.386601,0
2018-11-28,sh.600015,5.3276106,5.382819,5.3276106,5.3690169,5.33451165,11750977,91234837.0,0.091642,1,0.646833,0
2018-11-29,sh.600015,5.38972005,5.3966211,5.32070955,5.3414127,5.3690169,11766466,91512221.0,0.091763,1,-0.514144,0
2018-11-30,sh.600015,5.33451165,5.37591795,5.3276106,5.37591795,5.3414127,13002760,101029931.0,0.101404,1,0.645997,0
2018-12-03,sh.600015,5.4380274,5.4656316,5.4104232,5.43112635,5.37591795,30418274,239814425.0,0.237222,1,1.026957,0
2018-12-04,sh.600015,5.41732425,5.4380274,5.3966211,5.43112635,5.43112635,16138686,126676367.0,0.12586,1,0.0,0
2018-12-05,sh.600015,5.382819,5.3966211,5.36211585,5.38972005,5.43112635,14812546,115575889.0,0.115518,1,-0.762388,0
2018-12-06,sh.600015,5.36211585,5.3690169,5.3138085,5.32070955,5.38972005,14767551,114070558.0,0.115167,1,-1.280409,0
2018-12-07,sh.600015,5.33451165,5.33451165,5.3138085,5.3276106,5.32070955,7907335,60973568.0,0.061667,1,0.129698,0
2018-12-10,sh.600015,5.30690745,5.30690745,5.2724022,5.27930325,5.3276106,8560113,65570043.0,0.066758,1,-0.906732,0
2018-12-11,sh.600015,5.2862043,5.3000064,5.2724022,5.2862043,5.27930325,5656998,43322819.0,0.044117,1,0.130716,0
2018-12-12,sh.600015,5.3000064,5.30690745,5.26550115,5.29310535,5.2862043,9044881,69283033.0,0.070538,1,0.130551,0
2018-12-13,sh.600015,5.29310535,5.34831375,5.2724022,5.3276106,5.29310535,16512432,127295370.0,0.128775,1,0.651887,0
2018-12-14,sh.600015,5.30690745,5.3138085,5.22409485,5.2309959,5.3276106,17092241,130297361.0,0.133297,1,-1.81347,0
2018-12-17,sh.600015,5.2171938,5.2309959,5.18268855,5.21029275,5.2309959,16335464,123148729.0,0.127395,1,-0.395775,0
2018-12-18,sh.600015,5.19649065,5.26550115,5.1895896,5.2033917,5.21029275,19705431,149121847.0,0.153676,1,-0.132453,0
2018-12-19,sh.600015,5.2171938,5.2309959,5.1619854,5.16888645,5.2033917,10992785,82743193.0,0.085729,1,-0.663133,0
2018-12-20,sh.600015,5.16888645,5.1757875,5.0929749,5.12748015,5.16888645,19503503,144730469.0,0.152102,1,-0.801067,0
2018-12-21,sh.600015,5.0929749,5.09987595,5.0653707,5.08607385,5.12748015,14673154,108013521.0,0.114431,1,-0.807536,0
2018-12-24,sh.600015,5.0515686,5.08607385,5.04466755,5.08607385,5.08607385,11708969,85974824.0,0.091314,1,0.0,0
2018-12-25,sh.600015,5.04466755,5.0515686,4.968756,5.0377665,5.08607385,19322432,140434240.0,0.150689,1,-0.949792,0
2018-12-26,sh.600015,5.0239644,5.0515686,5.00326125,5.0239644,5.0377665,11468331,83599882.0,0.089438,1,-0.273972,0
2018-12-27,sh.600015,5.0791728,5.0791728,5.01706335,5.03086545,5.0239644,17583327,128604139.0,0.137127,1,0.137359,0
2018-12-28,sh.600015,5.0377665,5.106777,5.0377665,5.09987595,5.03086545,17961536,132279583.0,0.140076,1,1.371741,0
2019-01-02,sh.600015,5.106777,5.106777,4.9963602,5.04466755,5.09987595,15161279,110739783.0,0.118238,1,-1.082543,0
2019-01-03,sh.600015,5.0515686,5.106777,5.03086545,5.07227175,5.04466755,12073544,88623562.0,0.094158,1,0.547195,0
2019-01-04,sh.600015,5.04466755,5.16888645,5.0239644,5.16888645,5.07227175,21609087,160283512.0,0.168522,1,1.90476,0
2019-01-07,sh.600015,5.1895896,5.19649065,5.11367805,5.14128225,5.16888645,24692935,184126859.0,0.192572,1,-0.534045,0
2019-01-08,sh.600015,5.14128225,5.14128225,5.106777,5.11367805,5.14128225,13248000,98325085.0,0.103317,1,-0.536912,0
2019-01-09,sh.600015,5.1205791,5.19649065,5.1205791,5.14128225,5.11367805,21664900,162309422.0,0.168958,1,0.539811,0
2019-01-10,sh.600015,5.1481833,5.15508435,5.11367805,5.1205791,5.14128225,13039877,97022041.0,0.101694,1,-0.402681,0
2019-01-11,sh.600015,5.12748015,5.1619854,5.11367805,5.1481833,5.1205791,13574794,101140641.0,0.105865,1,0.539083,0
2019-01-14,sh.600015,5.14128225,5.1481833,5.08607385,5.08607385,5.1481833,16056827,118985184.0,0.125222,1,-1.206436,0
2019-01-15,sh.600015,5.09987595,5.1481833,5.0653707,5.14128225,5.08607385,22264000,165061055.0,0.17363,1,1.085481,0
2019-01-16,sh.600015,5.12748015,5.1481833,5.11367805,5.12748015,5.14128225,13553682,100710318.0,0.105701,1,-0.268456,0
2019-01-17,sh.600015,5.1343812,5.14128225,5.0791728,5.106777,5.12748015,19306587,143078628.0,0.150566,1,-0.403765,0
2019-01-18,sh.600015,5.1205791,5.18268855,5.106777,5.1757875,5.106777,25296050,188910496.0,0.197276,1,1.35135,0
2019-01-21,sh.600015,5.18268855,5.2033917,5.15508435,5.1619854,5.1757875,18865188,141478367.0,0.147124,1,-0.266666,0
2019-01-22,sh.600015,5.16888645,5.16888645,5.11367805,5.1205791,5.1619854,10045505,74788153.0,0.078342,1,-0.802138,0
2019-01-23,sh.600015,5.11367805,5.1481833,5.11367805,5.12748015,5.1205791,10079054,74920921.0,0.078603,1,0.134768,0
2019-01-24,sh.600015,5.14128225,5.15508435,5.11367805,5.14128225,5.12748015,12932540,96188874.0,0.100857,1,0.269179,0
2019-01-25,sh.600015,5.1481833,5.2171938,5.14128225,5.1895896,5.14128225,30369443,228480636.0,0.236841,1,0.9396,0
2019-01-28,sh.600015,5.2171938,5.23789695,5.15508435,5.1757875,5.1895896,27343469,206068186.0,0.213243,1,-0.265957,0
2019-01-29,sh.600015,5.16888645,5.21029275,5.1343812,5.2033917,5.1757875,27446916,205963916.0,0.21405,1,0.533333,0
2019-01-30,sh.600015,5.18268855,5.2033917,5.16888645,5.18268855,5.2033917,21065308,158328252.0,0.164282,1,-0.397875,0
2019-01-31,sh.600015,5.19649065,5.2586001,5.1757875,5.22409485,5.18268855,37743878,285103639.0,0.294352,1,0.798934,0
2019-02-01,sh.600015,5.23789695,5.25169905,5.2033917,5.2309959,5.22409485,27102750,205140670.0,0.211366,1,0.132097,0
2019-02-11,sh.600015,5.22409485,5.29310535,5.2171938,5.27930325,5.2309959,30588163,232588032.0,0.238547,1,0.923485,0
2019-02-12,sh.600015,5.27930325,5.33451165,5.25169905,5.3000064,5.27930325,24882945,190771204.0,0.194054,1,0.392153,0
2019-02-13,sh.600015,5.3000064,5.4242253,5.2862043,5.40352215,5.3000064,45863268,355984163.0,0.357673,1,1.953126,0
2019-02-14,sh.600015,5.382819,5.41732425,5.3552148,5.37591795,5.40352215,23021007,179462487.0,0.179533,1,-0.510855,0
2019-02-15,sh.600015,5.36211585,5.3690169,5.27930325,5.2862043,5.37591795,28005458,216402020.0,0.218406,1,-1.668808,0
2019-02-18,sh.600015,5.30690745,5.38972005,5.3000064,5.38972005,5.2862043,26349650,204510412.0,0.205492,1,1.958226,0
2019-02-19,sh.600015,5.38972005,5.4380274,5.36211585,5.382819,5.38972005,31136416,243177897.0,0.242823,1,-0.128038,0
2019-02-20,sh.600015,5.38972005,5.3966211,5.3414127,5.36211585,5.382819,25337802,196862601.0,0.197601,1,-0.384618,0
2019-02-21,sh.600015,5.36211585,5.382819,5.30690745,5.32070955,5.36211585,36358597,281564757.0,0.283549,1,-0.7722,0
2019-02-22,sh.600015,5.32070955,5.4104232,5.27930325,5.40352215,5.32070955,37873151,293477549.0,0.29536,1,1.556419,0
2019-02-25,sh.600015,5.45873055,5.81758515,5.44492845,5.7692778,5.40352215,121225985,982164050.0,0.945402,1,6.768835,0
2019-02-26,sh.600015,5.74857465,5.7830799,5.63815785,5.6726631,5.7692778,80642038,667716928.0,0.628901,1,-1.674634,0
2019-02-27,sh.600015,5.6726631,5.9487051,5.6726631,5.7692778,5.6726631,100528835,844271506.0,0.783992,1,1.703156,0
2019-02-28,sh.600015,5.76237675,5.8244862,5.7140694,5.7416736,5.7692778,50426871,420809441.0,0.393263,1,-0.478469,0
2019-03-01,sh.600015,5.7692778,5.92800195,5.6864652,5.9211009,5.7416736,79063902,664906540.0,0.616594,1,3.125003,0
2019-03-04,sh.600015,5.9625072,6.1005282,5.8658925,5.90039775,5.9211009,148233958,1283455027.0,1.156029,1,-0.349647,0
2019-03-05,sh.600015,5.8658925,5.8934967,5.8244862,5.8796946,5.90039775,57784451,490701576.0,0.450642,1,-0.350874,0
2019-03-06,sh.600015,5.87279355,5.95560615,5.8520904,5.92800195,5.8796946,64022904,546794265.0,0.499294,1,0.821593,0
2019-03-07,sh.600015,5.9072988,5.9211009,5.84518935,5.90039775,5.92800195,74372979,634199412.0,0.580011,1,-0.465657,0
2019-03-08,sh.600015,5.8244862,5.8244862,5.59675155,5.6174547,5.90039775,85662194,709211914.0,0.668052,1,-4.79532,0
2019-03-11,sh.600015,5.658861,5.7554757,5.6450589,5.72097045,5.6174547,48870538,403906506.0,0.381126,1,1.842747,0
2019-03-12,sh.600015,5.7554757,5.8244862,5.7140694,5.7416736,5.72097045,59859419,500721388.0,0.466824,1,0.361879,0
2019-03-13,sh.600015,5.74857465,5.7830799,5.6726631,5.72097045,5.7416736,59469202,492660635.0,0.463781,1,-0.360574,0
2019-03-14,sh.600015,5.7002673,5.7692778,5.6726631,5.69336625,5.72097045,35758627,296000114.0,0.27887,1,-0.482509,0
2019-03-15,sh.600015,5.69336625,5.74857465,5.67956415,5.6864652,5.69336625,38258175,316502261.0,0.298363,1,-0.121215,0
2019-03-18,sh.600015,5.69336625,5.7830799,5.66576205,5.7830799,5.6864652,60458036,501425230.0,0.471493,1,1.699033,0
2019-03-19,sh.600015,5.7830799,5.78998095,5.73477255,5.76237675,5.7830799,41329334,345116922.0,0.322314,1,-0.357992,0
2019-03-20,sh.600015,5.7416736,5.80378305,5.73477255,5.7830799,5.76237675,43483018,363253127.0,0.33911,1,0.359278,0
2019-03-21,sh.600015,5.7692778,5.78998095,5.74857465,5.76237675,5.7830799,33899144,283356019.0,0.264368,1,-0.357992,0
2019-03-22,sh.600015,5.76237675,5.7830799,5.7002673,5.73477255,5.76237675,37249836,309661958.0,0.290499,1,-0.479042,0
2019-03-25,sh.600015,5.67956415,5.70716835,5.63815785,5.6450589,5.73477255,40701211,334864835.0,0.317416,1,-1.564382,0
2019-03-26,sh.600015,5.66576205,5.67956415,5.5760484,5.5898505,5.6450589,26177629,213247552.0,0.204151,1,-0.977994,0
2019-03-27,sh.600015,5.59675155,5.65195995,5.5898505,5.62435575,5.5898505,30823475,251115364.0,0.240382,1,0.617274,0
2019-03-28,sh.600015,5.6036526,5.61055365,5.55534525,5.58294945,5.62435575,20666452,167131607.0,0.161171,1,-0.73619,0
2019-03-29,sh.600015,5.59675155,5.7140694,5.5760484,5.69336625,5.58294945,51874202,426399911.0,0.40455,1,1.977748,0
2019-04-01,sh.600015,5.70716835,5.84518935,5.69336625,5.83138725,5.69336625,80369079,675484337.0,0.626773,1,2.42424,0
2019-04-02,sh.600015,5.83138725,5.85899145,5.7830799,5.78998095,5.83138725,53558220,451291904.0,0.417683,1,-0.710053,0
2019-04-03,sh.600015,5.7554757,5.83138725,5.7278715,5.83138725,5.78998095,57490023,481847450.0,0.448346,1,0.715131,0
2019-04-04,sh.600015,5.83138725,5.934903,5.83138725,5.9072988,5.83138725,80570580,687333951.0,0.628344,1,1.301782,0
2019-04-08,sh.600015,5.9487051,6.0591219,5.88659565,5.934903,5.9072988,111219248,962900629.0,0.867363,1,0.467289,0
2019-04-09,sh.600015,5.92800195,5.9625072,5.8520904,5.8796946,5.934903,53036449,453944500.0,0.413614,1,-0.930232,0
2019-04-10,sh.600015,5.87279355,5.90039775,5.83138725,5.8658925,5.8796946,42475831,360665461.0,0.331255,1,-0.234747,0
2019-04-11,sh.600015,5.8658925,5.92800195,5.796882,5.81758515,5.8658925,37288265,316468075.0,0.290799,1,-0.823526,0
2019-04-12,sh.600015,5.8106841,5.8382883,5.796882,5.8244862,5.81758515,26379993,222359705.0,0.205729,1,0.118615,0
2019-04-15,sh.600015,5.90039775,5.9625072,5.83138725,5.83138725,5.8244862,61828487,529970184.0,0.48218,1,0.118486,0
2019-04-16,sh.600015,5.80378305,6.02461665,5.78998095,6.0177156,5.83138725,100051354,861924472.0,0.780268,1,3.195272,0
2019-04-17,sh.600015,5.99701245,6.05222085,5.9625072,6.0039135,6.0177156,65728960,571857236.0,0.512599,1,-0.229363,0
2019-04-18,sh.600015,6.0039135,6.0867261,5.96940825,6.03841875,6.0039135,59977285,524110581.0,0.467744,1,0.574715,0
2019-04-19,sh.600015,6.0177156,6.0453198,5.934903,5.9901114,6.03841875,70621622,612663157.0,0.550755,1,-0.799996,0
2019-04-22,sh.600015,6.0039135,6.01081455,5.8658925,5.8658925,5.9901114,56468635,484797091.0,0.440381,1,-2.073736,0
2019-04-23,sh.600015,5.8658925,5.8934967,5.8382883,5.84518935,5.8658925,32325350,274893499.0,0.252095,1,-0.352938,0
2019-04-24,sh.600015,5.8658925,5.88659565,5.8106841,5.8658925,5.84518935,33283352,281891647.0,0.259566,1,0.354188,0
2019-04-25,sh.600015,5.8382883,5.8520904,5.73477255,5.76237675,5.8658925,37605045,316195744.0,0.29327,1,-1.764701,0
2019-04-26,sh.600015,5.74857465,5.76237675,5.66576205,5.6726631,5.76237675,36767087,304483695.0,0.286735,1,-1.556888,0
2019-04-29,sh.600015,5.6726631,5.74857465,5.66576205,5.69336625,5.6726631,37274646,308145536.0,0.290693,1,0.36496,0
2019-04-30,sh.600015,5.5622463,5.5898505,5.50013685,5.5346421,5.69336625,83335959,669484317.0,0.64991,1,-2.787873,0
2019-05-06,sh.600015,5.4380274,5.4380274,5.25169905,5.3138085,5.5346421,81179401,628727162.0,0.633092,1,-3.990033,0
2019-05-07,sh.600015,5.32070955,5.3276106,5.2033917,5.23789695,5.3138085,51231151,391199026.0,0.399535,1,-1.428567,0
2019-05-08,sh.600015,5.1895896,5.23789695,5.16888645,5.19649065,5.23789695,28685970,216086725.0,0.223713,1,-0.790513,0
2019-05-09,sh.600015,5.1757875,5.21029275,5.1619854,5.1895896,5.19649065,27699533,208141516.0,0.21602,1,-0.132805,0
2019-05-10,sh.600015,5.2033917,5.2586001,5.1619854,5.25169905,5.1895896,36492520,276354748.0,0.284593,1,1.19681,0
2019-05-13,sh.600015,5.21029275,5.2171938,5.1619854,5.1757875,5.25169905,23115452,173601591.0,0.18027,1,-1.445468,0
2019-05-14,sh.600015,5.14128225,5.18268855,5.1343812,5.15508435,5.1757875,20773140,155237510.0,0.162003,1,-0.400003,0
2019-05-15,sh.600015,5.2033917,5.23789695,5.1757875,5.22409485,5.15508435,29137897,219821900.0,0.227237,1,1.338693,0
2019-05-16,sh.600015,5.22409485,5.26550115,5.21029275,5.23789695,5.22409485,28362466,215544337.0,0.22119,1,0.264201,0
2019-05-17,sh.600015,5.25169905,5.2586001,5.14128225,5.1619854,5.23789695,29637339,223422455.0,0.231132,1,-1.449277,0
2019-05-20,sh.600015,5.1619854,5.1895896,5.1481833,5.16888645,5.1619854,16887739,126386323.0,0.131702,1,0.133687,0
2019-05-21,sh.600015,5.1619854,5.2309959,5.1619854,5.2171938,5.16888645,20476251,154447361.0,0.159688,1,0.934582,0
2019-05-22,sh.600015,5.2309959,5.2309959,5.18268855,5.19649065,5.2171938,12731682,95983650.0,0.09929,1,-0.396822,0
2019-05-23,sh.600015,5.19649065,5.19649065,5.1619854,5.1619854,5.19649065,14686708,110069166.0,0.114537,1,-0.664013,0
2019-05-24,sh.600015,5.1619854,5.1895896,5.1481833,5.1619854,5.1619854,19546469,146339469.0,0.152437,1,0.0,0
2019-05-27,sh.600015,5.1481833,5.21029275,5.106777,5.19649065,5.1619854,29811905,222556231.0,0.232493,1,0.668452,0
2019-05-28,sh.600015,5.18268855,5.22409485,5.15508435,5.2171938,5.19649065,34752868,261447331.0,0.271026,1,0.398403,0
2019-05-29,sh.600015,5.19649065,5.21029275,5.1757875,5.1757875,5.2171938,11814463,88809180.0,0.092137,1,-0.79365,0
2019-05-30,sh.600015,5.1757875,5.1895896,5.1481833,5.18268855,5.1757875,13412998,100350900.0,0.104604,1,0.133336,0
2019-05-31,sh.600015,5.18268855,5.19649065,5.1619854,5.1757875,5.18268855,11804137,88565239.0,0.092057,1,-0.133159,0
2019-06-03,sh.600015,5.1757875,5.2033917,5.1619854,5.19649065,5.1757875,27354996,205467923.0,0.213333,1,0.400003,0
2019-06-04,sh.600015,5.18268855,5.19649065,5.16888645,5.19649065,5.19649065,13518730,101497423.0,0.105428,1,0.0,0
2019-06-05,sh.600015,5.2033917,5.2309959,5.2033917,5.2033917,5.19649065,13642097,103108526.0,0.10639,1,0.132799,0
2019-06-06,sh.600015,5.21029275,5.2171938,5.18268855,5.18268855,5.2033917,13543176,101919789.0,0.105619,1,-0.397875,0
2019-06-10,sh.600015,5.2033917,5.244798,5.1895896,5.22409485,5.18268855,18231776,137827066.0,0.142184,1,0.798934,0
2019-06-11,sh.600015,5.2309959,5.29310535,5.2171938,5.2862043,5.22409485,31319409,238977981.0,0.24425,1,1.188899,0
2019-06-12,sh.600015,5.27930325,5.27930325,5.25169905,5.26550115,5.2862043,15694077,119690738.0,0.122393,1,-0.391641,0
2019-06-13,sh.600015,5.26550115,5.27930325,5.23789695,5.2586001,5.26550115,13304141,101382302.0,0.103755,1,-0.131065,0
2019-06-14,sh.600015,5.2724022,5.2724022,5.22409485,5.23789695,5.2586001,17372234,132050794.0,0.13548,1,-0.393697,0
2019-06-17,sh.600015,5.25169905,5.2724022,5.2309959,5.25169905,5.23789695,12048029,91632051.0,0.093959,1,0.263504,0
2019-06-18,sh.600015,5.2586001,5.26550115,5.23789695,5.2586001,5.25169905,10745172,81760221.0,0.083798,1,0.131403,0
2019-06-19,sh.600015,5.32070955,5.3276106,5.27930325,5.2862043,5.2586001,23572456,180846043.0,0.183834,1,0.524934,0
2019-06-20,sh.600015,5.2862043,5.41732425,5.27930325,5.37591795,5.2862043,42253762,327830310.0,0.329523,1,1.697129,0
2019-06-21,sh.600015,5.3690169,5.38972005,5.34831375,5.3690169,5.37591795,27136509,211170183.0,0.211629,1,-0.128366,0
2019-06-24,sh.600015,5.3690169,5.38972005,5.3552148,5.37591795,5.3690169,12297536,95660672.0,0.095905,1,0.128531,0
2019-06-25,sh.600015,5.37591795,5.37591795,5.2862043,5.3138085,5.37591795,24083158,185437232.0,0.187817,1,-1.155329,0
2019-06-26,sh.600015,5.29310535,5.3276106,5.2862043,5.3138085,5.3138085,11039283,84937655.0,0.086092,1,0.0,0
2019-06-27,sh.600015,5.3138085,5.36211585,5.3000064,5.3138085,5.3138085,17563336,135710329.0,0.136971,1,0.0,0
2019-06-28,sh.600015,5.3276106,5.3276106,5.2862043,5.3138085,5.3138085,10675470,82023371.0,0.083255,1,0.0,0
2019-07-01,sh.600015,5.36211585,5.37591795,5.3414127,5.36211585,5.3138085,18464672,143440221.0,0.144,1,0.909093,0
2019-07-02,sh.600015,5.3690169,5.37591795,5.3414127,5.3690169,5.36211585,16622493,129047566.0,0.129633,1,0.128703,0
2019-07-03,sh.600015,5.3690169,5.3966211,5.33451165,5.38972005,5.3690169,16346363,127064574.0,0.12748,1,0.385601,0
2019-07-04,sh.600015,5.37591795,5.4104232,5.37591795,5.38972005,5.38972005,15076390,117838691.0,0.117576,1,0.0,0
2019-07-05,sh.600015,5.40352215,5.40352215,5.36211585,5.382819,5.38972005,11575876,90268624.0,0.090277,1,-0.128038,0
2019-07-08,sh.600015,5.382819,5.38972005,5.27930325,5.30690745,5.382819,20670852,159338451.0,0.161205,1,-1.410258,0
2019-07-09,sh.600015,5.3000064,5.3138085,5.2862043,5.3000064,5.30690745,9563864,73451747.0,0.074585,1,-0.130042,0
2019-07-10,sh.600015,5.3000064,5.3138085,5.2724022,5.2724022,5.3000064,12719238,97463717.0,0.099193,1,-0.520833,0
2019-07-11,sh.600015,5.293575,5.3076912,5.2724007,5.2794588,5.2724007,10214136,76548040.0,0.079657,1,0.133872,0
2019-07-12,sh.600015,5.293575,5.3288655,5.2794588,5.3076912,5.2794588,7786817,58559570.0,0.060727,1,0.534759,0
2019-07-15,sh.600015,5.3076912,5.3288655,5.2441683,5.3076912,5.3076912,11023741,82554298.0,0.085971,1,0.0,0
2019-07-16,sh.600015,5.3076912,5.3147493,5.293575,5.3147493,5.3076912,6879185,51714415.0,0.053649,1,0.132982,0
2019-07-17,sh.600015,5.3076912,5.3147493,5.2865169,5.2865169,5.3147493,7393642,55455243.0,0.057661,1,-0.531214,0
2019-07-18,sh.600015,5.2794588,5.2794588,5.2512264,5.2582845,5.2865169,9433896,70377392.0,0.073572,1,-0.534045,0
2019-07-19,sh.600015,5.2794588,5.3006331,5.2582845,5.293575,5.2582845,9713044,72741823.0,0.075749,1,0.671144,0
2019-07-22,sh.600015,5.293575,5.293575,5.2371102,5.2724007,5.293575,12089233,90286475.0,0.09428,1,-0.400003,0
2019-07-23,sh.600015,5.2724007,5.293575,5.2653426,5.2794588,5.2724007,6762609,50570832.0,0.052739,1,0.133872,0
2019-07-24,sh.600015,5.293575,5.3218074,5.2865169,5.3076912,5.2794588,9968655,74970107.0,0.077742,1,0.534759,0
2019-07-25,sh.600015,5.3006331,5.3500398,5.3006331,5.3429817,5.3076912,12313850,93032112.0,0.096032,1,0.664896,0
2019-07-26,sh.600015,5.3359236,5.3429817,5.3218074,5.3429817,5.3429817,9675494,73139184.0,0.0755,1,0.0,0
2019-07-29,sh.600015,5.3429817,5.3500398,5.3288655,5.3359236,5.3429817,8959434,67745959.0,0.069872,1,-0.132103,0
2019-07-30,sh.600015,5.3359236,5.3853303,5.3288655,5.3782722,5.3359236,14510881,110334089.0,0.1132,1,0.7937,0
2019-07-31,sh.600015,5.364156,5.3782722,5.3359236,5.3359236,5.3782722,12545399,95103603.0,0.0978,1,-0.7874,0
2019-08-01,sh.600015,5.3359236,5.3429817,5.3076912,5.3147493,5.3359236,9854149,74325185.0,0.0768,1,-0.3968,0
2019-08-02,sh.600015,5.2865169,5.2865169,5.2512264,5.2724007,5.3147493,14411343,107498904.0,0.1124,1,-0.7968,0
2019-08-05,sh.600015,5.2582845,5.2653426,5.1735873,5.1735873,5.2724007,17198995,127340189.0,0.1341,1,-1.8742,0
2019-08-06,sh.600015,5.081832,5.1171225,5.0677158,5.1030063,5.1735873,20263261,146174502.0,0.158,1,-1.3643,0
2019-08-07,sh.600015,5.1030063,5.1312387,5.0888901,5.0888901,5.1030063,10792250,78005292.0,0.0842,1,-0.2766,0
2019-08-08,sh.600015,5.1100644,5.1382968,5.0959482,5.1100644,5.0888901,13190392,95544631.0,0.1029,1,0.4161,0
2019-08-09,sh.600015,5.1171225,5.1312387,5.1030063,5.1241806,5.1100644,8648619,62676846.0,0.0674,1,0.2762,0
2019-08-12,sh.600015,5.1171225,5.2018197,5.1171225,5.1947616,5.1241806,11505251,84138161.0,0.0897,1,1.3774,0
2019-08-13,sh.600015,5.1735873,5.1735873,5.1382968,5.1453549,5.1947616,12264500,89477171.0,0.0956,1,-0.9511,0
2019-08-14,sh.600015,5.1806454,5.1947616,5.1453549,5.1453549,5.1453549,8695416,63680024.0,0.0678,1,0.0,0
2019-08-15,sh.600015,5.0677158,5.1312387,5.0677158,5.1241806,5.1453549,13491870,97550479.0,0.1052,1,-0.4115,0
2019-08-16,sh.600015,5.1241806,5.1382968,5.0959482,5.1100644,5.1241806,9210251,66806408.0,0.0718,1,-0.2755,0
2019-08-19,sh.600015,5.1100644,5.1877035,5.0747739,5.1806454,5.1100644,23057699,167357573.0,0.1798,1,1.3812,0
2019-08-20,sh.600015,5.1594711,5.1806454,5.1382968,5.1735873,5.1806454,12823601,93819357.0,0.1,1,-0.1362,0
2019-08-21,sh.600015,5.1594711,5.1735873,5.1453549,5.152413,5.1735873,7862050,57495242.0,0.0613,1,-0.4093,0
2019-08-22,sh.600015,5.1594711,5.1665292,5.1382968,5.1665292,5.152413,7846858,57263803.0,0.0612,1,0.274,0
2019-08-23,sh.600015,5.1665292,5.1947616,5.1594711,5.1735873,5.1665292,10737403,78785898.0,0.0837,1,0.1366,0
2019-08-26,sh.600015,5.1171225,5.152413,5.1100644,5.1312387,5.1735873,10941148,79431835.0,0.0853,1,-0.8186,0
2019-08-27,sh.600015,5.1312387,5.2018197,5.1171225,5.1171225,5.1312387,23322631,170697973.0,0.1819,1,-0.2751,0
2019-08-28,sh.600015,5.1453549,5.1665292,5.1241806,5.1453549,5.1171225,15231630,110956402.0,0.1188,1,0.5517,0
2019-08-29,sh.600015,5.152413,5.1594711,5.1171225,5.1241806,5.1453549,10581087,77018555.0,0.0825,1,-0.4115,0
2019-08-30,sh.600015,5.1382968,5.152413,5.1030063,5.1100644,5.1241806,13339623,97000997.0,0.104,1,-0.2755,0
2019-09-02,sh.600015,5.1100644,5.1735873,5.1100644,5.1594711,5.1100644,15814545,115458199.0,0.1233,1,0.9669,0
2019-09-03,sh.600015,5.1594711,5.1806454,5.152413,5.1594711,5.1594711,10755305,78700225.0,0.0839,1,0.0,0
2019-09-04,sh.600015,5.152413,5.2371102,5.152413,5.2300521,5.1594711,20519931,151417360.0,0.16,1,1.368,0
2019-09-05,sh.600015,5.2371102,5.3288655,5.2371102,5.2724007,5.2300521,28071594,210274155.0,0.2189,1,0.8097,0
2019-09-06,sh.600015,5.2794588,5.3006331,5.2582845,5.293575,5.2724007,12680916,94854501.0,0.0989,1,0.4016,0
2019-09-09,sh.600015,5.3359236,5.3429817,5.2865169,5.3076912,5.293575,14452141,108650433.0,0.1127,1,0.2667,0
2019-09-10,sh.600015,5.3076912,5.3147493,5.2653426,5.293575,5.3076912,9826095,73568874.0,0.0766,1,-0.266,0
2019-09-11,sh.600015,5.3076912,5.3429817,5.293575,5.3288655,5.293575,18798377,141726847.0,0.1466,1,0.6667,0
2019-09-12,sh.600015,5.3288655,5.3500398,5.3218074,5.3429817,5.3288655,12705468,96001788.0,0.0991,1,0.2649,0
2019-09-16,sh.600015,5.3429817,5.3500398,5.3076912,5.3218074,5.3429817,12622148,95136343.0,0.0984,1,-0.3963,0
2019-09-17,sh.600015,5.3147493,5.3218074,5.2512264,5.2512264,5.3218074,19579949,146668660.0,0.1527,1,-1.3263,0
2019-09-18,sh.600015,5.2653426,5.2865169,5.2441683,5.2441683,5.2512264,9275953,69204195.0,0.0723,1,-0.1344,0
2019-09-19,sh.600015,5.2582845,5.293575,5.2441683,5.2724007,5.2441683,10304341,76926207.0,0.0804,1,0.5384,0
2019-09-20,sh.600015,5.2865169,5.3006331,5.2512264,5.3006331,5.2724007,21467894,160678955.0,0.1674,1,0.5355,0
2019-09-23,sh.600015,5.2794588,5.2865169,5.2371102,5.2582845,5.3006331,13781639,102564898.0,0.1075,1,-0.7989,0
2019-09-24,sh.600015,5.2582845,5.2865169,5.2371102,5.2653426,5.2582845,10420755,77664915.0,0.0813,1,0.1342,0
2019-09-25,sh.600015,5.2512264,5.2865169,5.2300521,5.2441683,5.2653426,10712276,79795846.0,0.0835,1,-0.4021,0
2019-09-26,sh.600015,5.2582845,5.3147493,5.2512264,5.3006331,5.2441683,24524702,184122925.0,0.1913,1,1.0767,0
2019-09-27,sh.600015,5.3006331,5.3006331,5.2441683,5.2794588,5.3006331,13503489,100773190.0,0.1053,1,-0.3995,0
2019-09-30,sh.600015,5.2794588,5.2865169,5.2018197,5.2088778,5.2794588,16267711,120854452.0,0.1269,1,-1.3369,0
2019-10-08,sh.600015,5.2088778,5.2794588,5.2018197,5.2512264,5.2088778,15332434,113949408.0,0.1196,1,0.813,0
2019-10-09,sh.600015,5.2300521,5.364156,5.2159359,5.3076912,5.2512264,27409658,206217444.0,0.2138,1,1.0753,0
2019-10-10,sh.600015,5.3006331,5.3429817,5.293575,5.3147493,5.3076912,14922688,112412873.0,0.1164,1,0.133,0
2019-10-11,sh.600015,5.3218074,5.3782722,5.3076912,5.3712141,5.3147493,29047197,220518122.0,0.2265,1,1.0624,0
2019-10-14,sh.600015,5.3994465,5.5617828,5.3853303,5.4841437,5.3712141,58579570,455335651.0,0.4568,1,2.1025,0
2019-10-15,sh.600015,5.4770856,5.5123761,5.4629694,5.4841437,5.4841437,25182850,195664931.0,0.1964,1,0.0,0
2019-10-16,sh.600015,5.505318,5.5547247,5.4206208,5.434737,5.4841437,33234067,257797217.0,0.2592,1,-0.9009,0
2019-10-17,sh.600015,5.4488532,5.4629694,5.3853303,5.4065046,5.434737,17458004,134133722.0,0.1361,1,-0.5195,0
2019-10-18,sh.600015,5.4276789,5.4559113,5.3359236,5.3359236,5.4065046,21897168,167298962.0,0.1708,1,-1.3055,0
2019-10-21,sh.600015,5.3429817,5.4135627,5.3288655,5.4135627,5.3359236,20668632,157645759.0,0.1612,1,1.455,0
2019-10-22,sh.600015,5.4206208,5.4206208,5.3712141,5.4065046,5.4135627,11093071,84799987.0,0.0865,1,-0.1304,0
2019-10-23,sh.600015,5.4065046,5.4276789,5.3712141,5.3994465,5.4065046,12756020,97560808.0,0.0995,1,-0.1305,0
2019-10-24,sh.600015,5.4065046,5.4700275,5.3923884,5.434737,5.3994465,20075296,154684785.0,0.1566,1,0.6536,0
2019-10-25,sh.600015,5.4206208,5.4417951,5.364156,5.4065046,5.434737,17896008,136885798.0,0.1396,1,-0.5195,0
2019-10-28,sh.600015,5.3994465,5.4206208,5.3712141,5.3923884,5.4065046,17534580,133924082.0,0.1367,1,-0.2611,0
2019-10-29,sh.600015,5.3853303,5.3994465,5.3429817,5.3500398,5.3923884,18885075,143862259.0,0.1473,1,-0.7853,0
2019-10-30,sh.600015,5.3500398,5.364156,5.3218074,5.3570979,5.3500398,14254450,107902226.0,0.1112,1,0.1319,0
2019-10-31,sh.600015,5.3429817,5.3429817,5.2582845,5.2865169,5.3570979,25867157,193556179.0,0.2017,1,-1.3175,0
2019-11-01,sh.600015,5.2794588,5.3429817,5.2512264,5.3359236,5.2865169,20992670,157703037.0,0.1637,1,0.9346,0
2019-11-04,sh.600015,5.3288655,5.3853303,5.3218074,5.3782722,5.3359236,22174934,168464710.0,0.1729,1,0.7937,0
2019-11-05,sh.600015,5.364156,5.4841437,5.364156,5.434737,5.3782722,33420301,257368757.0,0.2606,1,1.0499,0
2019-11-06,sh.600015,5.434737,5.4841437,5.4276789,5.4488532,5.434737,21157574,163452685.0,0.165,1,0.2597,0
2019-11-07,sh.600015,5.4488532,5.4700275,5.4206208,5.434737,5.4488532,12925366,99671409.0,0.1008,1,-0.2591,0
2019-11-08,sh.600015,5.4559113,5.4700275,5.3853303,5.3923884,5.434737,14123471,108427169.0,0.1101,1,-0.7792,0
2019-11-11,sh.600015,5.3853303,5.3853303,5.293575,5.3147493,5.3923884,18422166,139243038.0,0.1437,1,-1.4398,0
2019-11-12,sh.600015,5.3288655,5.3359236,5.3006331,5.3288655,5.3147493,10356590,78104296.0,0.0808,1,0.2656,0
2019-11-13,sh.600015,5.3147493,5.3359236,5.2794588,5.293575,5.3288655,10518764,78987294.0,0.082,1,-0.6623,0
2019-11-14,sh.600015,5.3006331,5.3147493,5.2653426,5.2794588,5.293575,10574418,79215053.0,0.0825,1,-0.2667,0
2019-11-15,sh.600015,5.2794588,5.3006331,5.2582845,5.2582845,5.2794588,10047064,75073173.0,0.0784,1,-0.4011,0
2019-11-18,sh.600015,5.2653426,5.3076912,5.2371102,5.2865169,5.2582845,15775256,117848195.0,0.123,1,0.5369,0
2019-11-19,sh.600015,5.2794588,5.3147493,5.2724007,5.3076912,5.2865169,9660594,72485948.0,0.0753,1,0.4005,0
2019-11-20,sh.600015,5.3006331,5.3076912,5.2441683,5.2441683,5.3076912,11535173,86116753.0,0.09,1,-1.1968,0
2019-11-21,sh.600015,5.2441683,5.2512264,5.2088778,5.222994,5.2441683,13915921,103007969.0,0.1085,1,-0.4038,0
2019-11-22,sh.600015,5.2300521,5.2582845,5.2088778,5.2300521,5.222994,12143965,89977328.0,0.0947,1,0.1351,0
2019-11-25,sh.600015,5.2300521,5.293575,5.222994,5.2794588,5.2300521,21746900,162356662.0,0.1696,1,0.9447,0
2019-11-26,sh.600015,5.2865169,5.3076912,5.2724007,5.3076912,5.2794588,26542941,199118505.0,0.207,1,0.5348,0
2019-11-27,sh.600015,5.293575,5.3006331,5.2512264,5.2582845,5.3076912,11741238,87760961.0,0.0916,1,-0.9309,0
2019-11-28,sh.600015,5.2582845,5.2794588,5.2441683,5.2582845,5.2582845,9602975,71581138.0,0.0749,1,0.0,0
2019-11-29,sh.600015,5.2582845,5.2865169,5.2441683,5.2441683,5.2582845,10747645,80090531.0,0.0838,1,-0.2685,0
2019-12-02,sh.600015,5.2441683,5.2724007,5.2371102,5.2441683,5.2441683,11323856,84306256.0,0.0883,1,0.0,0
2019-12-03,sh.600015,5.2441683,5.2512264,5.222994,5.2512264,5.2441683,8596203,63792694.0,0.067,1,0.1346,0
2019-12-04,sh.600015,5.2441683,5.2441683,5.2088778,5.2159359,5.2512264,12586289,93187813.0,0.0982,1,-0.672,0
2019-12-05,sh.600015,5.2300521,5.2512264,5.222994,5.2371102,5.2159359,11710554,86811880.0,0.0913,1,0.406,0
2019-12-06,sh.600015,5.2441683,5.2512264,5.222994,5.2441683,5.2371102,8217598,60974515.0,0.0641,1,0.1348,0
2019-12-09,sh.600015,5.2512264,5.2653426,5.2371102,5.2512264,5.2441683,9295553,69145167.0,0.0725,1,0.1346,0
2019-12-10,sh.600015,5.2582845,5.2582845,5.2371102,5.2582845,5.2512264,8253760,61401839.0,0.0644,1,0.1344,0
2019-12-11,sh.600015,5.2512264,5.2724007,5.2371102,5.2653426,5.2582845,15009295,111776488.0,0.1171,1,0.1342,0
2019-12-12,sh.600015,5.2582845,5.2653426,5.2371102,5.2512264,5.2653426,11548101,85915161.0,0.0901,1,-0.2681,0
2019-12-13,sh.600015,5.2724007,5.3076912,5.2653426,5.3076912,5.2512264,22448797,168179952.0,0.1751,1,1.0753,0
2019-12-16,sh.600015,5.3147493,5.3147493,5.2794588,5.3076912,5.3076912,17826166,133786696.0,0.139,1,0.0,0
2019-12-17,sh.600015,5.3076912,5.4276789,5.3006331,5.3994465,5.3076912,31875527,242468889.0,0.2486,1,1.7287,0
2019-12-18,sh.600015,5.3853303,5.4206208,5.3712141,5.3782722,5.3994465,16206448,123833573.0,0.1264,1,-0.3922,0
2019-12-19,sh.600015,5.3853303,5.4276789,5.3712141,5.4135627,5.3782722,21317422,163257013.0,0.1662,1,0.6562,0
2019-12-20,sh.600015,5.4135627,5.4276789,5.3853303,5.3923884,5.4135627,17983099,137767885.0,0.1402,1,-0.3911,0
2019-12-23,sh.600015,5.3923884,5.4065046,5.3218074,5.3359236,5.3923884,16652163,126688655.0,0.1299,1,-1.0471,0
2019-12-24,sh.600015,5.3429817,5.3570979,5.3288655,5.3570979,5.3359236,7821332,59256914.0,0.061,1,0.3968,0
2019-12-25,sh.600015,5.3500398,5.3570979,5.3147493,5.3288655,5.3570979,8097537,61221736.0,0.0632,1,-0.527,0
2019-12-26,sh.600015,5.3288655,5.364156,5.3076912,5.3570979,5.3288655,11285165,85388574.0,0.088,1,0.5298,0
2019-12-27,sh.600015,5.3570979,5.4276789,5.3500398,5.3853303,5.3570979,20060430,153347207.0,0.1564,1,0.527,0
2019-12-30,sh.600015,5.3712141,5.4135627,5.3429817,5.3994465,5.3853303,24263736,185135568.0,0.1892,1,0.2621,0
2019-12-31,sh.600015,5.3994465,5.4276789,5.3712141,5.4135627,5.3994465,21924934,167707457.0,0.171,1,0.2614,0
2020-01-02,sh.600015,5.4488532,5.4841437,5.4206208,5.434737,5.4135627,34710528,268186941.0,0.2707,1,0.3911,0
2020-01-03,sh.600015,5.4417951,5.4559113,5.4206208,5.4276789,5.434737,17977166,138431731.0,0.1402,1,-0.1299,0
2020-01-06,sh.600015,5.4135627,5.4488532,5.3923884,5.4065046,5.4276789,21746808,167139765.0,0.1696,1,-0.3901,0
2020-01-07,sh.600015,5.4206208,5.4841437,5.4206208,5.4417951,5.4065046,18160615,140121570.0,0.1416,1,0.6527,0
2020-01-08,sh.600015,5.434737,5.4417951,5.3570979,5.3712141,5.4417951,21430361,163731465.0,0.1671,1,-1.297,0
2020-01-09,sh.600015,5.3994465,5.4135627,5.3782722,5.3923884,5.3712141,16654254,127355455.0,0.1299,1,0.3942,0
2020-01-10,sh.600015,5.3994465,5.4206208,5.3782722,5.4065046,5.3923884,16041199,122655324.0,0.1251,1,0.2618,0
2020-01-13,sh.600015,5.3994465,5.4135627,5.3782722,5.4135627,5.4065046,11419105,87333890.0,0.0891,1,0.1306,0
2020-01-14,sh.600015,5.4065046,5.4417951,5.3994465,5.4065046,5.4135627,12814217,98417382.0,0.0999,1,-0.1304,0
2020-01-15,sh.600015,5.4135627,5.4206208,5.364156,5.3782722,5.4065046,12345439,94135452.0,0.0963,1,-0.5222,0
2020-01-16,sh.600015,5.3712141,5.3923884,5.3429817,5.3500398,5.3782722,12690030,96399676.0,0.099,1,-0.5249,0
2020-01-17,sh.600015,5.3570979,5.3782722,5.3288655,5.3500398,5.3500398,10698056,81109332.0,0.0834,1,0.0,0
2020-01-20,sh.600015,5.3429817,5.364156,5.3288655,5.364156,5.3500398,12780053,96802054.0,0.0997,1,0.2639,0
2020-01-21,sh.600015,5.3500398,5.3500398,5.293575,5.3006331,5.364156,18060712,135955059.0,0.1408,1,-1.1842,0
2020-01-22,sh.600015,5.3006331,5.3076912,5.2582845,5.2794588,5.3006331,15501959,115942791.0,0.1209,1,-0.3995,0
2020-01-23,sh.600015,5.2724007,5.2724007,5.2088778,5.222994,5.2794588,29193159,216469255.0,0.2277,1,-1.0695,0
2020-02-03,sh.600015,4.8065661,4.9830186,4.8065661,4.9547862,5.222994,55057898,379009839.0,0.4294,1,-5.1351,0
2020-02-04,sh.600015,4.9265538,5.1382968,4.9053795,4.9971348,4.9547862,35505153,251055446.0,0.2769,1,0.8547,0
2020-02-05,sh.600015,5.0253672,5.0324253,4.9547862,4.9971348,4.9971348,20425362,144627345.0,0.1593,1,0.0,0
2020-02-06,sh.600015,5.0041929,5.0183091,4.9618443,5.0041929,4.9971348,23249082,164324641.0,0.1813,1,0.1412,0
2020-02-07,sh.600015,4.9830186,5.0465415,4.9547862,5.0253672,5.0041929,22679674,160101203.0,0.1769,1,0.4231,0
2020-02-10,sh.600015,5.0041929,5.0183091,4.9830186,5.0041929,5.0253672,16513467,116940211.0,0.1288,1,-0.4213,0
2020-02-11,sh.600015,5.011251,5.0465415,5.0041929,5.0324253,5.0041929,17763997,126565351.0,0.1385,1,0.5642,0
2020-02-12,sh.600015,5.0183091,5.0324253,5.0041929,5.0253672,5.0324253,14123773,100419571.0,0.1101,1,-0.1403,0
2020-02-13,sh.600015,5.0183091,5.0253672,4.9830186,4.9830186,5.0253672,12734391,90292355.0,0.0993,1,-0.8427,0
2020-02-14,sh.600015,4.9759605,5.011251,4.9689024,4.9971348,4.9830186,10643405,75305883.0,0.083,1,0.2833,0
2020-02-17,sh.600015,5.0041929,5.0677158,4.9900767,5.0606577,4.9971348,26837400,191284263.0,0.2093,1,1.2712,0
2020-02-18,sh.600015,5.0535996,5.0747739,5.0324253,5.0394834,5.0606577,17078872,122148087.0,0.1332,1,-0.4184,0
2020-02-19,sh.600015,5.0465415,5.0606577,5.0253672,5.0324253,5.0394834,14062546,100516509.0,0.1097,1,-0.1401,0
2020-02-20,sh.600015,5.0324253,5.0888901,5.0183091,5.081832,5.0324253,22278259,159435635.0,0.1737,1,0.9818,0
2020-02-21,sh.600015,5.0747739,5.1171225,5.0606577,5.0747739,5.081832,22146956,159417655.0,0.1727,1,-0.1389,0
2020-02-24,sh.600015,5.0677158,5.0888901,5.0324253,5.0465415,5.0747739,15595983,111669101.0,0.1216,1,-0.5563,0
2020-02-25,sh.600015,5.0041929,5.0183091,4.9618443,4.9900767,5.0465415,27548830,194641852.0,0.2148,1,-1.1189,0
2020-02-26,sh.600015,4.9547862,5.0465415,4.9547862,5.0183091,4.9900767,26016870,184665308.0,0.2029,1,0.5658,0
2020-02-27,sh.600015,5.011251,5.0465415,4.9971348,5.0253672,5.0183091,18875536,134317081.0,0.1472,1,0.1406,0
2020-02-28,sh.600015,4.9759605,5.0183091,4.9053795,4.9053795,5.0253672,32690751,229342170.0,0.2549,1,-2.3876,0
2020-03-02,sh.600015,4.9336119,5.011251,4.9336119,4.9971348,4.9053795,23148504,163459277.0,0.1805,1,1.8705,0
2020-03-03,sh.600015,5.0183091,5.0535996,5.011251,5.0253672,4.9971348,19996725,142603287.0,0.1559,1,0.565,0
2020-03-04,sh.600015,5.011251,5.0535996,5.011251,5.0465415,5.0253672,14472712,103185810.0,0.1129,1,0.4214,0
2020-03-05,sh.600015,5.0606577,5.1453549,5.0465415,5.1171225,5.0465415,38522900,279095090.0,0.3004,1,1.3986,0
2020-03-06,sh.600015,5.081832,5.1100644,5.0465415,5.0535996,5.1171225,19099725,137189824.0,0.149,1,-1.2414,0
2020-03-09,sh.600015,5.011251,5.011251,4.9547862,4.9759605,5.0535996,29057737,204856127.0,0.2266,1,-1.5363,0
2020-03-10,sh.600015,4.9477281,5.0324253,4.94067,5.0183091,4.9759605,22845992,161812719.0,0.1782,1,0.8511,0
2020-03-11,sh.600015,5.0324253,5.0324253,4.9830186,4.9900767,5.0183091,16240875,115174497.0,0.1267,1,-0.5626,0
2020-03-12,sh.600015,4.9689024,4.9900767,4.9477281,4.9689024,4.9900767,16633461,117003138.0,0.1297,1,-0.4243,0
2020-03-13,sh.600015,4.8559728,4.9547862,4.8277404,4.9053795,4.9689024,37041748,256340515.0,0.2889,1,-1.2784,0
2020-03-16,sh.600015,4.9265538,4.9547862,4.8489147,4.8559728,4.9053795,31867273,221683926.0,0.2485,1,-1.0072,0
2020-03-17,sh.600015,4.8559728,4.9124376,4.8136242,4.8277404,4.8559728,34122787,234446245.0,0.2661,1,-0.5814,0
2020-03-18,sh.600015,4.8418566,4.8559728,4.7148108,4.728927,4.8277404,28650305,195036481.0,0.2234,1,-2.0468,0
2020-03-19,sh.600015,4.7218689,4.7359851,4.5524745,4.5665907,4.728927,61357895,401445521.0,0.4785,1,-3.4328,0
2020-03-20,sh.600015,4.5948231,4.6230555,4.5383583,4.5736488,4.5665907,40714387,264246680.0,0.3175,1,0.1546,0
2020-03-23,sh.600015,4.5030678,4.5383583,4.4677773,4.4677773,4.5736488,28418930,181080345.0,0.2216,1,-2.3148,0
2020-03-24,sh.600015,4.5242421,4.5665907,4.5101259,4.5524745,4.4677773,26048140,167642332.0,0.2031,1,1.8957,0
2020-03-25,sh.600015,4.6089393,4.6371717,4.5807069,4.6230555,4.5524745,22555883,147406949.0,0.1759,1,1.5504,0
2020-03-26,sh.600015,4.6089393,4.6724622,4.5807069,4.6230555,4.6230555,19222994,125897815.0,0.1499,1,0.0,0
2020-03-27,sh.600015,4.6512879,4.6724622,4.6159974,4.6159974,4.6230555,17575836,115492886.0,0.1371,1,-0.1527,0
2020-03-30,sh.600015,4.5454164,4.6371717,4.5454164,4.5948231,4.6159974,18902651,123053120.0,0.1474,1,-0.4587,0
2020-03-31,sh.600015,4.6230555,4.6371717,4.5524745,4.5665907,4.5948231,13914820,90670357.0,0.1085,1,-0.6144,0
2020-04-01,sh.600015,4.5807069,4.6159974,4.5454164,4.5665907,4.5665907,13936090,90501705.0,0.1087,1,0.0,0
2020-04-02,sh.600015,4.5524745,4.6089393,4.5383583,4.6018812,4.5665907,15535190,100688613.0,0.1212,1,0.7728,0
2020-04-03,sh.600015,4.5948231,4.6018812,4.5595326,4.5665907,4.6018812,9546283,61946257.0,0.0744,1,-0.7669,0
2020-04-07,sh.600015,4.6089393,4.6371717,4.6089393,4.6230555,4.5665907,16216653,106125251.0,0.1265,1,1.2365,0
2020-04-08,sh.600015,4.6089393,4.6301136,4.6018812,4.6230555,4.6230555,10245979,66982004.0,0.0799,1,0.0,0
2020-04-09,sh.600015,4.6301136,4.6371717,4.6089393,4.6089393,4.6230555,9256409,60597795.0,0.0722,1,-0.3053,0
2020-04-10,sh.600015,4.6159974,4.6230555,4.5665907,4.5665907,4.6089393,13272707,86311995.0,0.1035,1,-0.9188,0
2020-04-13,sh.600015,4.5595326,4.5665907,4.517184,4.5313002,4.5665907,12524699,80509200.0,0.0977,1,-0.7728,0
2020-04-14,sh.600015,4.5454164,4.587765,4.5383583,4.5736488,4.5313002,12912880,83385648.0,0.1007,1,0.9346,0
2020-04-15,sh.600015,4.5736488,4.5736488,4.5524745,4.5595326,4.5736488,9265185,59896906.0,0.0723,1,-0.3086,0
2020-04-16,sh.600015,4.5454164,4.5736488,4.5383583,4.5736488,4.5595326,12534807,80828150.0,0.0978,1,0.3096,0
2020-04-17,sh.600015,4.5807069,4.5948231,4.5524745,4.5736488,4.5736488,18266407,118332730.0,0.1425,1,0.0,0
2020-04-20,sh.600015,4.5736488,4.5736488,4.5313002,4.5454164,4.5736488,18187109,117113860.0,0.1418,1,-0.6173,0
2020-04-21,sh.600015,4.5454164,4.5454164,4.5101259,4.517184,4.5454164,14655352,94026490.0,0.1143,1,-0.6211,0
2020-04-22,sh.600015,4.517184,4.5242421,4.4889516,4.5242421,4.517184,10721875,68523615.0,0.0836,1,0.1562,0
2020-04-23,sh.600015,4.5313002,4.5313002,4.5030678,4.517184,4.5242421,10515406,67323704.0,0.082,1,-0.156,0
2020-04-24,sh.600015,4.5242421,4.5242421,4.4748354,4.5030678,4.517184,13312588,84831906.0,0.1038,1,-0.3125,0
2020-04-27,sh.600015,4.5101259,4.5595326,4.4960097,4.5313002,4.5030678,18009349,115786842.0,0.1404,1,0.627,0
2020-04-28,sh.600015,4.5383583,4.5454164,4.4748354,4.5313002,4.5313002,16712074,106920719.0,0.1303,1,0.0,0
2020-04-29,sh.600015,4.5313002,4.6442298,4.5242421,4.6371717,4.5313002,25496489,166074026.0,0.1988,1,2.3364,0
2020-04-30,sh.600015,4.6512879,4.658346,4.6018812,4.6301136,4.6371717,31009567,203364568.0,0.2418,1,-0.1522,0
2020-05-06,sh.600015,4.587765,4.6018812,4.5736488,4.5948231,4.6301136,26151238,169958058.0,0.2039,1,-0.7622,0
2020-05-07,sh.600015,4.5948231,4.5948231,4.5595326,4.5665907,4.5948231,16363920,105993247.0,0.1276,1,-0.6144,0
2020-05-08,sh.600015,4.5807069,4.6159974,4.5665907,4.6018812,4.5665907,15612766,101609489.0,0.1218,1,0.7728,0
2020-05-11,sh.600015,4.6018812,4.6230555,4.5807069,4.587765,4.6018812,11273792,73452455.0,0.0879,1,-0.3067,0
2020-05-12,sh.600015,4.5948231,4.6018812,4.5524745,4.5595326,4.587765,11895989,77007488.0,0.0928,1,-0.6154,0
2020-05-13,sh.600015,4.5524745,4.5595326,4.5313002,4.5454164,4.5595326,13075539,84157072.0,0.102,1,-0.3096,0
2020-05-14,sh.600015,4.5313002,4.5383583,4.5101259,4.517184,4.5454164,11900164,76244248.0,0.0928,1,-0.6211,0
2020-05-15,sh.600015,4.5313002,4.5383583,4.5101259,4.517184,4.517184,7039890,45147116.0,0.0549,1,0.0,0
2020-05-18,sh.600015,4.517184,4.5383583,4.5030678,4.5313002,4.517184,7465737,47886907.0,0.0582,1,0.3125,0
2020-05-19,sh.600015,4.5524745,4.5665907,4.5313002,4.5383583,4.5313002,8043249,51795556.0,0.0627,1,0.1558,0
2020-05-20,sh.600015,4.5383583,4.5524745,4.5242421,4.5313002,4.5383583,6730856,43223805.0,0.0525,1,-0.1555,0
2020-05-21,sh.600015,4.5383583,4.5454164,4.517184,4.517184,4.5313002,8309709,53397219.0,0.0648,1,-0.3115,0
2020-05-22,sh.600015,4.517184,4.5313002,4.4748354,4.4748354,4.517184,9714420,61866285.0,0.0758,1,-0.9375,0
2020-05-25,sh.600015,4.4818935,4.4818935,4.446603,4.4607192,4.4748354,12984202,82173998.0,0.1013,1,-0.3155,0
2020-05-26,sh.600015,4.4607192,4.4748354,4.4536611,4.4677773,4.4607192,8827407,55858128.0,0.0688,1,0.1582,0
2020-05-27,sh.600015,4.4748354,4.4960097,4.4677773,4.4818935,4.4677773,8965939,56933729.0,0.0699,1,0.316,0
2020-05-28,sh.600015,4.4889516,4.5454164,4.4818935,4.5101259,4.4818935,13188834,84326874.0,0.1029,1,0.6299,0
2020-05-29,sh.600015,4.4960097,4.5030678,4.4607192,4.4960097,4.5101259,17414597,110620133.0,0.1358,1,-0.313,0
2020-06-01,sh.600015,4.4960097,4.5313002,4.4889516,4.5313002,4.4960097,15700729,100554101.0,0.1224,1,0.7849,0
2020-06-02,sh.600015,4.5242421,4.5454164,4.517184,4.5454164,4.5313002,16126757,103598419.0,0.1258,1,0.3115,0
2020-06-03,sh.600015,4.5524745,4.5807069,4.5313002,4.5454164,4.5454164,17052522,110087753.0,0.133,1,0.0,0
2020-06-04,sh.600015,4.5454164,4.5524745,4.5030678,4.517184,4.5454164,10404725,66652650.0,0.0811,1,-0.6211,0
2020-06-05,sh.600015,4.517184,4.5242421,4.4960097,4.5101259,4.517184,11664281,74498140.0,0.091,1,-0.1563,0
2020-06-08,sh.600015,4.517184,4.5242421,4.4818935,4.4889516,4.5101259,15116273,96468434.0,0.1179,1,-0.4695,0
2020-06-09,sh.600015,4.4960097,4.5101259,4.4748354,4.5030678,4.4889516,16728456,106499725.0,0.1305,1,0.3145,0
2020-06-10,sh.600015,4.5030678,4.5030678,4.4607192,4.4748354,4.5030678,21013152,133327994.0,0.1639,1,-0.627,0
2020-06-11,sh.600015,4.4818935,4.4818935,4.446603,4.446603,4.4748354,18097911,114392109.0,0.1411,1,-0.6309,0
2020-06-12,sh.600015,4.4183706,4.446603,4.4042544,4.4395449,4.446603,18896780,118594791.0,0.1474,1,-0.1587,0
2020-06-15,sh.600015,4.4324868,4.4536611,4.4254287,4.4254287,4.4395449,15627172,98244488.0,0.1219,1,-0.318,0
2020-06-16,sh.600015,4.4395449,4.4677773,4.4395449,4.4607192,4.4254287,12092655,76261716.0,0.0943,1,0.7975,0
2020-06-17,sh.600015,4.4677773,4.4748354,4.4536611,4.4677773,4.4607192,10383514,65684818.0,0.081,1,0.1582,0
2020-06-18,sh.600015,4.4748354,4.5030678,4.446603,4.4748354,4.4677773,28899091,183447127.0,0.2254,1,0.158,0
2020-06-19,sh.600015,4.48953024,4.52626944,4.47483456,4.50422592,4.47483456,29305599,179306831.0,0.2285,1,0.6568,0
2020-06-22,sh.600015,4.50422592,4.53361728,4.49687808,4.50422592,4.50422592,18853365,115877702.0,0.147,1,0.0,0
2020-06-23,sh.600015,4.50422592,4.51157376,4.47483456,4.4821824,4.50422592,12674149,77378489.0,0.0988,1,-0.4894,0
2020-06-24,sh.600015,4.48953024,4.53361728,4.47483456,4.50422592,4.4821824,14708795,90236982.0,0.1147,1,0.4918,0
2020-06-29,sh.600015,4.52626944,4.53361728,4.47483456,4.48953024,4.50422592,15291650,93643777.0,0.1193,1,-0.3263,0
2020-06-30,sh.600015,4.48953024,4.5189216,4.48953024,4.49687808,4.48953024,20295137,124406460.0,0.1583,1,0.1637,0
2020-07-01,sh.600015,4.49687808,4.57035648,4.48953024,4.5556608,4.49687808,31598565,194994472.0,0.2464,1,1.3072,0
2020-07-02,sh.600015,4.54831296,4.68057408,4.54096512,4.68057408,4.5556608,53728021,337699217.0,0.419,1,2.7419,0
2020-07-03,sh.600015,4.68057408,4.79079168,4.67322624,4.78344384,4.68057408,63538897,409749461.0,0.4955,1,2.1978,0
2020-07-06,sh.600015,4.82018304,5.26105344,4.82018304,5.24635776,4.78344384,132908759,918715136.0,1.0365,1,9.6774,0
2020-07-07,sh.600015,5.327184,5.45209728,5.08470528,5.09940096,5.24635776,153034916,1082853556.0,1.1935,1,-2.8011,0
2020-07-08,sh.600015,5.07735744,5.22431424,5.04796608,5.15818368,5.09940096,95261586,665340718.0,0.7429,1,1.1527,0
2020-07-09,sh.600015,5.12879232,5.18757504,5.08470528,5.11409664,5.15818368,70165889,489461911.0,0.5472,1,-0.8547,0
2020-07-10,sh.600015,5.09205312,5.11409664,4.94509632,4.96713984,5.11409664,69735770,476635079.0,0.5438,1,-2.8736,0
2020-07-13,sh.600015,4.94509632,5.01122688,4.90835712,4.959792,4.96713984,67164482,453307500.0,0.5238,1,-0.1479,0
2020-07-14,sh.600015,4.959792,4.98183552,4.84222656,4.87161792,4.959792,64063747,428270585.0,0.4996,1,-1.7778,0
2020-07-15,sh.600015,4.89366144,4.90835712,4.776096,4.78344384,4.87161792,57762805,379109863.0,0.4505,1,-1.81,0
2020-07-16,sh.600015,4.79813952,4.83487872,4.75405248,4.76140032,4.78344384,52351512,341892008.0,0.4083,1,-0.4608,0
2020-07-17,sh.600015,4.776096,4.79813952,4.68792192,4.72466112,4.76140032,41277216,266026862.0,0.3219,1,-0.7716,0
2020-07-20,sh.600015,4.74670464,4.85692224,4.73200896,4.85692224,4.72466112,50204195,328652162.0,0.3915,1,2.7994,0
2020-07-21,sh.600015,4.86427008,4.8863136,4.80548736,4.83487872,4.85692224,31395368,206735358.54,0.2448,1,-0.4539,0
2020-07-22,sh.600015,4.82753088,4.89366144,4.79813952,4.83487872,4.83487872,37157478,244937414.66,0.2898,1,0.0,0
2020-07-23,sh.600015,4.79813952,4.80548736,4.68792192,4.74670464,4.83487872,36850352,237995222.4,0.2874,1,-1.8237,0
2020-07-24,sh.600015,4.73200896,4.74670464,4.64383488,4.65118272,4.74670464,33820139,215642675.88,0.2638,1,-2.0124,0
2020-07-27,sh.600015,4.65853056,4.68057408,4.62179136,4.63648704,4.65118272,19736211,124679740.95,0.1539,1,-0.316,0
2020-07-28,sh.600015,4.65118272,4.68792192,4.65118272,4.6658784,4.63648704,17320501,109990940.11,0.1351,1,0.6339,0
2020-07-29,sh.600015,4.6658784,4.73200896,4.63648704,4.71731328,4.6658784,21627074,138293963.7,0.1687,1,1.1024,0
2020-07-30,sh.600015,4.71731328,4.73200896,4.67322624,4.68057408,4.71731328,15205257,97164637.58,0.1186,1,-0.7788,0
2020-07-31,sh.600015,4.68057408,4.73200896,4.6658784,4.67322624,4.68057408,24215857,154558280.29,0.1889,1,-0.157,0
2020-08-03,sh.600015,4.69526976,4.71731328,4.68792192,4.70996544,4.67322624,32330439,206804837.82,0.2521,1,0.7862,0
2020-08-04,sh.600015,4.72466112,4.8128352,4.69526976,4.76140032,4.70996544,60097108,389341699.75,0.4687,1,1.092,0
2020-08-05,sh.600015,4.74670464,4.75405248,4.69526976,4.71731328,4.76140032,24931281,160065905.25,0.1944,1,-0.9259,0
2020-08-06,sh.600015,4.72466112,4.75405248,4.68792192,4.73200896,4.71731328,25125703,161185869.6,0.1959,1,0.3115,0
2020-08-07,sh.600015,4.71731328,4.73200896,4.65853056,4.67322624,4.73200896,27938384,178229474.75,0.2179,1,-1.2422,0
2020-08-10,sh.600015,4.68792192,4.73200896,4.65853056,4.71731328,4.67322624,36826246,235902985.28,0.2872,1,0.9434,0
2020-08-11,sh.600015,4.72466112,4.79813952,4.68792192,4.69526976,4.71731328,42899069,277139816.67,0.3346,1,-0.4673,0
2020-08-12,sh.600015,4.7026176,4.71731328,4.65853056,4.7026176,4.69526976,27286341,173993622.98,0.2128,1,0.1565,0
2020-08-13,sh.600015,4.70996544,4.71731328,4.68792192,4.69526976,4.7026176,20999022,134295800.72,0.1638,1,-0.1563,0
2020-08-14,sh.600015,4.69526976,4.7393568,4.68057408,4.73200896,4.69526976,27770244,178183466.41,0.2166,1,0.7825,0
2020-08-17,sh.600015,4.7393568,4.9230528,4.7393568,4.87161792,4.73200896,80577395,531253017.48,0.6284,1,2.9503,0
2020-08-18,sh.600015,4.85692224,4.86427008,4.79079168,4.8128352,4.87161792,42529962,279064269.24,0.3317,1,-1.2066,0
2020-08-19,sh.600015,4.79813952,4.83487872,4.776096,4.79813952,4.8128352,32187011,210497913.79,0.251,1,-0.3053,0
2020-08-20,sh.600015,4.79079168,4.79079168,4.70996544,4.72466112,4.79813952,29105127,187854399.13,0.227,1,-1.5314,0
2020-08-21,sh.600015,4.7393568,4.75405248,4.71731328,4.72466112,4.72466112,22630780,145810646.46,0.1765,1,0.0,0
2020-08-24,sh.600015,4.7393568,4.75405248,4.70996544,4.71731328,4.72466112,19471406,125288933.48,0.1519,1,-0.1555,0
2020-08-25,sh.600015,4.72466112,4.7393568,4.69526976,4.71731328,4.71731328,21606230,138647007.89,0.1685,1,0.0,0
2020-08-26,sh.600015,4.71731328,4.71731328,4.67322624,4.68792192,4.71731328,20350601,129944388.23,0.1587,1,-0.6231,0
2020-08-27,sh.600015,4.68792192,4.69526976,4.6658784,4.68057408,4.68792192,15204520,96812064.83,0.1186,1,-0.1567,0
2020-08-28,sh.600015,4.68057408,4.73200896,4.6658784,4.72466112,4.68057408,28206049,180831302.95,0.22,1,0.9419,0
2020-08-31,sh.600015,4.71731328,4.75405248,4.69526976,4.72466112,4.72466112,47102786,302852695.0,0.3673,1,0.0,0
2020-09-01,sh.600015,4.7026176,4.70996544,4.67322624,4.68792192,4.72466112,31710935,202359355.61,0.2473,1,-0.7776,0
2020-09-02,sh.600015,4.69526976,4.7026176,4.64383488,4.65118272,4.68792192,31815960,201876122.34,0.2481,1,-0.7837,0
2020-09-03,sh.600015,4.65853056,4.67322624,4.60709568,4.6291392,4.65118272,27098826,171235195.95,0.2113,1,-0.4739,0
2020-09-04,sh.600015,4.59974784,4.60709568,4.57035648,4.57770432,4.6291392,23235075,145091658.83,0.1812,1,-1.1111,0
2020-09-07,sh.600015,4.57770432,4.61444352,4.5556608,4.57770432,4.57770432,20705989,129192671.6,0.1615,1,0.0,0
2020-09-08,sh.600015,4.57770432,4.6291392,4.57770432,4.62179136,4.57770432,20337800,127435430.62,0.1586,1,0.9631,0
2020-09-09,sh.600015,4.5924,4.62179136,4.57770432,4.5924,4.62179136,23243648,145333439.72,0.1813,1,-0.6359,0
2020-09-10,sh.600015,4.59974784,4.61444352,4.54096512,4.5556608,4.5924,21451414,133490028.02,0.1673,1,-0.8,0
2020-09-11,sh.600015,4.54096512,4.5924,4.5189216,4.57035648,4.5556608,22083699,136888195.58,0.1722,1,0.3226,0
2020-09-14,sh.600015,4.56300864,4.58505216,4.54831296,4.57770432,4.57035648,14983160,93098495.15,0.1168,1,0.1608,0
2020-09-15,sh.600015,4.57770432,4.58505216,4.5556608,4.57035648,4.57770432,12158942,75625307.15,0.0948,1,-0.1605,0
2020-09-16,sh.600015,4.56300864,4.60709568,4.5556608,4.5924,4.57035648,18151152,113397708.14,0.1416,1,0.4823,0
2020-09-17,sh.600015,4.5924,4.60709568,4.57770432,4.5924,4.5924,13119768,81936463.71,0.1023,1,0.0,0
2020-09-18,sh.600015,4.5924,4.65853056,4.57770432,4.65853056,4.5924,22559909,142077116.04,0.1759,1,1.44,0
2020-09-21,sh.600015,4.65118272,4.6658784,4.62179136,4.64383488,4.65853056,19829332,125263799.9,0.1546,1,-0.3155,0
2020-09-22,sh.600015,4.6291392,4.65118272,4.57035648,4.58505216,4.64383488,16160792,101355573.2,0.126,1,-1.2658,0
2020-09-23,sh.600015,4.5924,4.59974784,4.5556608,4.5556608,4.58505216,13718493,85266600.05,0.107,1,-0.641,0
2020-09-24,sh.600015,4.54096512,4.54831296,4.49687808,4.54096512,4.5556608,21907402,134819253.66,0.1708,1,-0.3226,0
2020-09-25,sh.600015,4.53361728,4.54831296,4.5189216,4.54096512,4.54096512,11302587,69707919.79,0.0881,1,0.0,0
2020-09-28,sh.600015,4.54096512,4.5556608,4.5189216,4.53361728,4.54096512,8474898,52332212.01,0.0661,1,-0.1618,0
2020-09-29,sh.600015,4.5556608,4.5556608,4.50422592,4.51157376,4.53361728,12538195,77312371.13,0.0978,1,-0.4862,0
2020-09-30,sh.600015,4.5189216,4.53361728,4.48953024,4.50422592,4.51157376,16853738,103467170.04,0.1314,1,-0.1629,0
2020-10-09,sh.600015,4.52626944,4.53361728,4.5189216,4.52626944,4.50422592,15951391,98231905.11,0.1244,1,0.4894,0
2020-10-12,sh.600015,4.5189216,4.59974784,4.5189216,4.58505216,4.52626944,19590893,121745738.41,0.1528,1,1.2987,0
2020-10-13,sh.600015,4.57770432,4.58505216,4.5556608,4.57035648,4.58505216,11884865,73934129.42,0.0927,1,-0.3205,0
2020-10-14,sh.600015,4.57770432,4.58505216,4.54096512,4.5556608,4.57035648,11751141,72859162.64,0.0916,1,-0.3215,0
2020-10-15,sh.600015,4.5556608,4.64383488,4.54831296,4.58505216,4.5556608,20252746,126645812.75,0.1579,1,0.6452,0
2020-10-16,sh.600015,4.57035648,4.65853056,4.57035648,4.60709568,4.58505216,35641115,223937825.33,0.278,1,0.4808,0
2020-10-19,sh.600015,4.61444352,4.70996544,4.61444352,4.6291392,4.60709568,34207959,216933748.51,0.2668,1,0.4785,0
2020-10-20,sh.600015,4.6291392,4.63648704,4.57035648,4.58505216,4.6291392,21977407,137179746.36,0.1714,1,-0.9524,0
2020-10-21,sh.600015,4.58505216,4.6658784,4.57035648,4.65853056,4.58505216,30547719,192108929.98,0.2382,1,1.6026,0
2020-10-22,sh.600015,4.63648704,4.68792192,4.61444352,4.62179136,4.65853056,24440415,154309732.33,0.1906,1,-0.7886,0
2020-10-23,sh.600015,4.62179136,4.68792192,4.61444352,4.67322624,4.62179136,38199370,242508099.64,0.2979,1,1.1129,0
2020-10-26,sh.600015,4.6658784,4.68057408,4.58505216,4.58505216,4.67322624,30475181,191451084.13,0.2377,1,-1.8868,0
2020-10-27,sh.600015,4.57770432,4.5924,4.5556608,4.58505216,4.58505216,14823134,92246636.0,0.1156,1,0.0,0
2020-10-28,sh.600015,4.58505216,4.58505216,4.5189216,4.54096512,4.58505216,16900904,104466077.95,0.1318,1,-0.9615,0
2020-10-29,sh.600015,4.5189216,4.54831296,4.51157376,4.52626944,4.54096512,13652417,84098310.12,0.1065,1,-0.3236,0
2020-10-30,sh.600015,4.52626944,4.5556608,4.4454432,4.45279104,4.52626944,32402858,198360381.43,0.2527,1,-1.6234,0
2020-11-02,sh.600015,4.47483456,4.50422592,4.43809536,4.4454432,4.45279104,24241248,147483143.57,0.189,1,-0.165,0
2020-11-03,sh.600015,4.4821824,4.54831296,4.47483456,4.51157376,4.4454432,28867960,177813262.4,0.2251,1,1.4876,0
2020-11-04,sh.600015,4.5556608,4.57770432,4.51157376,4.54831296,4.51157376,23808762,147393631.04,0.1857,1,0.8143,0
2020-11-05,sh.600015,4.57035648,4.57770432,4.53361728,4.5556608,4.54831296,18872550,116845225.37,0.1472,1,0.1616,0
2020-11-06,sh.600015,4.5556608,4.57035648,4.50422592,4.56300864,4.5556608,20770180,128415474.22,0.162,1,0.1613,0
2020-11-09,sh.600015,4.56300864,4.60709568,4.56300864,4.59974784,4.56300864,23031139,143795384.17,0.1796,1,0.8052,0
2020-11-10,sh.600015,4.6291392,4.64383488,4.57770432,4.58505216,4.59974784,23749758,149181535.07,0.1852,1,-0.3195,0
2020-11-11,sh.600015,4.5924,4.63648704,4.57035648,4.60709568,4.58505216,20617941,129240808.83,0.1608,1,0.4808,0
2020-11-12,sh.600015,4.60709568,4.65853056,4.59974784,4.6291392,4.60709568,24039842,151478891.1,0.1875,1,0.4785,0
2020-11-13,sh.600015,4.62179136,4.62179136,4.54096512,4.54831296,4.6291392,18514050,115014421.47,0.1444,1,-1.746,0
2020-11-16,sh.600015,4.54096512,4.59974784,4.54096512,4.5924,4.54831296,14670929,91488619.21,0.1144,1,0.9693,0
2020-11-17,sh.600015,4.5924,4.6291392,4.58505216,4.61444352,4.5924,16830085,105492817.5,0.1313,1,0.48,0
2020-11-18,sh.600015,4.62179136,4.70996544,4.59974784,4.68792192,4.61444352,46609116,296158555.93,0.3635,1,1.5924,0
2020-11-19,sh.600015,4.67322624,4.70996544,4.6658784,4.68057408,4.68792192,27874298,177595734.55,0.2174,1,-0.1567,0
2020-11-20,sh.600015,4.6658784,4.68792192,4.63648704,4.6658784,4.68057408,18392422,116533477.11,0.1434,1,-0.314,0
2020-11-23,sh.600015,4.65853056,4.7393568,4.65118272,4.73200896,4.6658784,34866347,223517238.31,0.2719,1,1.4173,0
2020-11-24,sh.600015,4.73200896,4.7393568,4.69526976,4.7026176,4.73200896,21791387,139883551.4,0.1699,1,-0.6211,0
2020-11-25,sh.600015,4.73200896,4.75405248,4.6658784,4.67322624,4.7026176,23043634,147830841.35,0.1797,1,-0.625,0
2020-11-26,sh.600015,4.6658784,4.73200896,4.6658784,4.70996544,4.67322624,21916199,140468760.61,0.1709,1,0.7862,0
2020-11-27,sh.600015,4.71731328,4.79813952,4.71731328,4.79813952,4.70996544,45962130,297678455.72,0.3584,1,1.8721,0
2020-11-30,sh.600015,4.8128352,4.959792,4.75405248,4.79813952,4.79813952,94929404,630802056.31,0.7403,1,0.0,0
2020-12-01,sh.600015,4.776096,4.9230528,4.72466112,4.90835712,4.79813952,62620929,412937924.85,0.4884,1,2.2971,0
2020-12-02,sh.600015,4.90835712,4.90835712,4.8128352,4.8495744,4.90835712,55177300,364201128.93,0.4303,1,-1.1976,0
2020-12-03,sh.600015,4.83487872,4.95244416,4.83487872,4.93040064,4.8495744,64574781,430032448.15,0.5036,1,1.6667,0
2020-12-04,sh.600015,4.8863136,4.90100928,4.76874816,4.8128352,4.93040064,46001875,301841835.67,0.3588,1,-2.3845,0
2020-12-07,sh.600015,4.79079168,4.82018304,4.70996544,4.73200896,4.8128352,29710047,191766824.22,0.2317,1,-1.6794,0
2020-12-08,sh.600015,4.73200896,4.76140032,4.7026176,4.72466112,4.73200896,19872073,127797333.36,0.155,1,-0.1553,0
2020-12-09,sh.600015,4.7393568,4.76140032,4.67322624,4.68057408,4.72466112,24897277,160013241.42,0.1942,1,-0.9331,0
2020-12-10,sh.600015,4.67322624,4.69526976,4.59974784,4.63648704,4.68057408,23858128,150874621.32,0.1861,1,-0.9419,0
2020-12-11,sh.600015,4.64383488,4.65118272,4.5556608,4.63648704,4.63648704,40017141,250096109.52,0.3121,1,0.0,0
2020-12-14,sh.600015,4.59974784,4.62179136,4.57035648,4.59974784,4.63648704,21645232,135295625.05,0.1688,1,-0.7924,0
2020-12-15,sh.600015,4.5924,4.5924,4.52626944,4.57035648,4.59974784,22472132,139005898.88,0.1753,1,-0.639,0
2020-12-16,sh.600015,4.57035648,4.60709568,4.54096512,4.54096512,4.57035648,21369004,133093328.71,0.1666,1,-0.6431,0
2020-12-17,sh.600015,4.54096512,4.5924,4.54096512,4.58505216,4.54096512,17358125,107982176.99,0.1354,1,0.9709,0
2020-12-18,sh.600015,4.57770432,4.60709568,4.56300864,4.57770432,4.58505216,15079728,94042456.86,0.1176,1,-0.1603,0
2020-12-21,sh.600015,4.57770432,4.59974784,4.5556608,4.58505216,4.57770432,13137060,81852468.4,0.1025,1,0.1605,0
2020-12-22,sh.600015,4.57770432,4.58505216,4.52626944,4.54096512,4.58505216,17532062,108670014.26,0.1367,1,-0.9615,0
2020-12-23,sh.600015,4.54096512,4.54831296,4.50422592,4.54096512,4.54096512,15196990,93657059.49,0.1185,1,0.0,0
2020-12-24,sh.600015,4.54096512,4.57035648,4.51157376,4.53361728,4.54096512,10964201,67734194.19,0.0855,1,-0.1618,0
2020-12-25,sh.600015,4.5189216,4.56300864,4.5189216,4.53361728,4.53361728,16672773,102964435.77,0.13,1,0.0,0
2020-12-28,sh.600015,4.52626944,4.54096512,4.49687808,4.51157376,4.53361728,14206840,87339651.32,0.1108,1,-0.4862,0
2020-12-29,sh.600015,4.51157376,4.53361728,4.50422592,4.5189216,4.51157376,13816126,84991588.47,0.1077,1,0.1629,0
2020-12-30,sh.600015,4.51157376,4.54831296,4.49687808,4.54831296,4.5189216,17121696,105291236.46,0.1335,1,0.6504,0
2020-12-31,sh.600015,4.53361728,4.61444352,4.53361728,4.5924,4.54831296,32362800,202126611.42,0.2524,1,0.9693,0
2021-01-04,sh.600015,4.57035648,4.58505216,4.53361728,4.56300864,4.5924,26437743,164027790.55,0.2062,1,-0.64,0
2021-01-05,sh.600015,4.54831296,4.62179136,4.5189216,4.59974784,4.56300864,31329363,194585331.38,0.2443,1,0.8052,0
2021-01-06,sh.600015,4.5924,4.6291392,4.57035648,4.60709568,4.59974784,27160551,169912524.57,0.2118,1,0.1597,0
2021-01-07,sh.600015,4.60709568,4.6291392,4.53361728,4.58505216,4.60709568,25398041,158152057.74,0.1981,1,-0.4785,0
2021-01-08,sh.600015,4.58505216,4.61444352,4.56300864,4.5924,4.58505216,20739351,129474261.64,0.1617,1,0.1603,0
2021-01-11,sh.600015,4.57770432,4.6291392,4.50422592,4.53361728,4.5924,37000271,230183171.1,0.2886,1,-1.28,0
2021-01-12,sh.600015,4.52626944,4.54831296,4.43809536,4.52626944,4.53361728,49954526,305286632.59,0.3896,1,-0.1621,0
2021-01-13,sh.600015,4.51157376,4.54096512,4.45279104,4.52626944,4.52626944,29985269,183549193.65,0.2338,1,0.0,0
2021-01-14,sh.600015,4.5189216,4.58505216,4.50422592,4.53361728,4.52626944,35282779,218091016.17,0.2752,1,0.1623,0
2021-01-15,sh.600015,4.5556608,4.68057408,4.54831296,4.57770432,4.53361728,58647452,368326156.66,0.4574,1,0.9724,0
2021-01-18,sh.600015,4.5924,4.61444352,4.54831296,4.5924,4.57770432,37350891,233159546.14,0.2913,1,0.321,0
2021-01-19,sh.600015,4.59974784,4.65118272,4.56300864,4.63648704,4.5924,34636734,217440200.36,0.2701,1,0.96,0
2021-01-20,sh.600015,4.62179136,4.65853056,4.57035648,4.58505216,4.63648704,29860540,186920666.3,0.2329,1,-1.1094,0
2021-01-21,sh.600015,4.5924,4.60709568,4.56300864,4.57770432,4.58505216,25585443,159658261.59,0.1995,1,-0.1603,0
2021-01-22,sh.600015,4.57770432,4.57770432,4.47483456,4.48953024,4.57770432,40949292,251035332.97,0.3194,1,-1.9262,0
2021-01-25,sh.600015,4.48953024,4.49687808,4.45279104,4.4821824,4.48953024,25717880,156469022.61,0.2006,1,-0.1637,0
2021-01-26,sh.600015,4.47483456,4.51157376,4.45279104,4.47483456,4.4821824,22673737,138148128.62,0.1768,1,-0.1639,0
2021-01-27,sh.600015,4.46748672,4.53361728,4.46748672,4.47483456,4.47483456,25684818,157226490.51,0.2003,1,0.0,0
2021-01-28,sh.600015,4.46013888,4.46748672,4.43809536,4.46013888,4.47483456,28885947,175144145.26,0.2253,1,-0.3284,0
2021-01-29,sh.600015,4.46748672,4.52626944,4.4454432,4.4821824,4.46013888,38001278,232196261.35,0.2964,1,0.4942,0
2021-02-01,sh.600015,4.4821824,4.7026176,4.46748672,4.67322624,4.4821824,90359063,566562883.06,0.7047,1,4.2623,0
2021-02-02,sh.600015,4.63648704,4.78344384,4.63648704,4.68792192,4.67322624,106707339,684663244.57,0.8322,1,0.3145,0
2021-02-03,sh.600015,4.68057408,4.76140032,4.64383488,4.70996544,4.68792192,64366780,412474627.43,0.502,1,0.4702,0
2021-02-04,sh.600015,4.68792192,4.82018304,4.68057408,4.71731328,4.70996544,95646153,617060982.79,0.7459,1,0.156,0
2021-02-05,sh.600015,4.70996544,4.82753088,4.7026176,4.80548736,4.71731328,97418859,633933953.59,0.7597,1,1.8692,0
2021-02-08,sh.600015,4.78344384,4.80548736,4.7026176,4.7393568,4.80548736,77488019,500680675.76,0.6043,1,-1.3761,0
2021-02-09,sh.600015,4.70996544,4.7393568,4.64383488,4.7026176,4.7393568,61674546,392359662.36,0.481,1,-0.7752,0
2021-02-10,sh.600015,4.68792192,4.7393568,4.62179136,4.64383488,4.7026176,59950123,381090580.66,0.4675,1,-1.25,0
2021-02-18,sh.600015,4.68057408,4.71731328,4.63648704,4.65118272,4.64383488,80221497,510108736.31,0.6256,1,0.1582,0
2021-02-19,sh.600015,4.65118272,4.7026176,4.6291392,4.67322624,4.65118272,76453938,486272717.56,0.5962,1,0.4739,0
2021-02-22,sh.600015,4.69526976,4.76874816,4.6658784,4.68057408,4.67322624,101200377,647511331.01,0.7892,1,0.1572,0
2021-02-23,sh.600015,4.6658784,4.72466112,4.63648704,4.65118272,4.68057408,112731521,718351202.91,0.8792,1,-0.6279,0
2021-02-24,sh.600015,4.65118272,4.67322624,4.57035648,4.5924,4.65118272,88685749,558207485.37,0.6916,1,-1.2638,0
2021-02-25,sh.600015,4.60709568,4.68057408,4.5924,4.6658784,4.5924,79546915,502737492.85,0.6204,1,1.6,0
2021-02-26,sh.600015,4.6291392,4.6658784,4.58505216,4.58505216,4.6658784,56188459,352937653.44,0.4382,1,-1.7323,0
2021-03-01,sh.600015,4.59974784,4.61444352,4.57035648,4.5924,4.58505216,47476102,296577413.46,0.3703,1,0.1603,0
2021-03-02,sh.600015,4.59974784,4.61444352,4.54831296,4.56300864,4.5924,48177444,300172072.04,0.3757,1,-0.64,0
2021-03-03,sh.600015,4.5924,4.70996544,4.58505216,4.69526976,4.56300864,77047421,488266058.73,0.6009,1,2.8986,0
2021-03-04,sh.600015,4.6658784,4.71731328,4.65853056,4.68057408,4.69526976,59287621,378512678.41,0.4624,1,-0.313,0
2021-03-05,sh.600015,4.65853056,4.71731328,4.65853056,4.69526976,4.68057408,52957081,337738887.18,0.413,1,0.314,0
2021-03-08,sh.600015,4.7026176,4.76140032,4.69526976,4.71731328,4.69526976,68122765,438269049.85,0.5313,1,0.4695,0
2021-03-09,sh.600015,4.73200896,4.76140032,4.6658784,4.69526976,4.71731328,65485844,419572356.19,0.5107,1,-0.4673,0
2021-03-10,sh.600015,4.69526976,4.7393568,4.67322624,4.68792192,4.69526976,50980890,326762172.11,0.3976,1,-0.1565,0
2021-03-11,sh.600015,4.70996544,4.86427008,4.7026176,4.82753088,4.68792192,110982144,722148382.76,0.8655,1,2.9781,0
2021-03-12,sh.600015,4.80548736,4.86427008,4.79079168,4.82753088,4.82753088,53380821,350719160.47,0.4163,1,0.0,0
2021-03-15,sh.600015,4.83487872,4.8863136,4.8128352,4.85692224,4.82753088,56498790,373434898.17,0.4406,1,0.6088,0
2021-03-16,sh.600015,4.84222656,4.89366144,4.82018304,4.85692224,4.85692224,41732378,275610979.1,0.3255,1,0.0,0
2021-03-17,sh.600015,4.82753088,4.86427008,4.79079168,4.8128352,4.85692224,43719193,286638460.04,0.341,1,-0.9077,0
2021-03-18,sh.600015,4.8128352,4.89366144,4.80548736,4.86427008,4.8128352,39033712,257916516.9,0.3044,1,1.0687,0
2021-03-19,sh.600015,4.86427008,4.87896576,4.74670464,4.776096,4.86427008,47995203,313781612.78,0.3743,1,-1.8127,0
2021-03-22,sh.600015,4.76140032,4.83487872,4.75405248,4.79079168,4.776096,36644609,239279741.85,0.2858,1,0.3077,0
2021-03-23,sh.600015,4.79079168,4.82018304,4.7393568,4.75405248,4.79079168,33759266,219031919.86,0.2633,1,-0.7669,0
2021-03-24,sh.600015,4.74670464,4.76140032,4.7026176,4.72466112,4.75405248,32249068,207457435.53,0.2515,1,-0.6182,0
2021-03-25,sh.600015,4.72466112,4.7393568,4.68792192,4.69526976,4.72466112,24019445,154121865.85,0.1873,1,-0.6221,0
2021-03-26,sh.600015,4.7026176,4.76140032,4.68792192,4.7393568,4.69526976,40816323,262905288.81,0.3183,1,0.939,0
2021-03-29,sh.600015,4.7393568,4.76874816,4.71731328,4.76140032,4.7393568,30800027,198878935.8,0.2402,1,0.4651,0
2021-03-30,sh.600015,4.74670464,4.76140032,4.71731328,4.76140032,4.76140032,28653686,184596958.19,0.2235,1,0.0,0
2021-03-31,sh.600015,4.7393568,4.76140032,4.68792192,4.73200896,4.76140032,38065597,244385161.68,0.2969,1,-0.6173,0
2021-04-01,sh.600015,4.72466112,4.7393568,4.69526976,4.72466112,4.73200896,22705406,145707649.15,0.1771,1,-0.1553,0
2021-04-02,sh.600015,4.72466112,4.72466112,4.68057408,4.69526976,4.72466112,25185711,161029054.59,0.1964,1,-0.6221,0
2021-04-06,sh.600015,4.68057408,4.7026176,4.68057408,4.68057408,4.69526976,19662382,125408402.38,0.1533,1,-0.313,0
2021-04-07,sh.600015,4.68057408,4.69526976,4.6658784,4.68792192,4.68057408,26183440,166688674.59,0.2042,1,0.157,0
2021-04-08,sh.600015,4.68057408,4.68057408,4.65853056,4.65853056,4.68792192,22485365,142873393.42,0.1754,1,-0.627,0
2021-04-09,sh.600015,4.65853056,4.67322624,4.65118272,4.65853056,4.65853056,21503090,136353831.13,0.1677,1,0.0,0
2021-04-12,sh.600015,4.65853056,4.68792192,4.64383488,4.67322624,4.65853056,28083230,178514529.02,0.219,1,0.3155,0
2021-04-13,sh.600015,4.67322624,4.69526976,4.60709568,4.62179136,4.67322624,29197874,184269730.25,0.2277,1,-1.1006,0
2021-04-14,sh.600015,4.62179136,4.6291392,4.5924,4.60709568,4.62179136,17991857,112832570.1,0.1403,1,-0.318,0
2021-04-15,sh.600015,4.61444352,4.61444352,4.57035648,4.5924,4.60709568,19807952,123585491.57,0.1545,1,-0.319,0
2021-04-16,sh.600015,4.59974784,4.62179136,4.57770432,4.61444352,4.5924,18060372,113171908.62,0.1408,1,0.48,0
2021-04-19,sh.600015,4.61444352,4.63648704,4.58505216,4.63648704,4.61444352,20828105,130948764.83,0.1624,1,0.4777,0
2021-04-20,sh.600015,4.6291392,4.63648704,4.60709568,4.61444352,4.63648704,18511100,116353848.0,0.1444,1,-0.4754,0
2021-04-21,sh.600015,4.59974784,4.63648704,4.59974784,4.61444352,4.61444352,18826314,118426843.87,0.1468,1,0.0,0
2021-04-22,sh.600015,4.62179136,4.6291392,4.58505216,4.5924,4.61444352,20151896,126408140.86,0.1572,1,-0.4777,0
2021-04-23,sh.600015,4.59974784,4.59974784,4.57035648,4.58505216,4.5924,18718097,116749723.79,0.146,1,-0.16,0
2021-04-26,sh.600015,4.5924,4.60709568,4.54831296,4.54831296,4.58505216,24175015,150529178.45,0.1885,1,-0.8013,0
2021-04-27,sh.600015,4.5556608,4.5556608,4.5189216,4.54096512,4.54831296,18576705,114642453.01,0.1449,1,-0.1616,0
2021-04-28,sh.600015,4.54096512,4.54831296,4.5189216,4.53361728,4.54096512,13426757,82732768.92,0.1047,1,-0.1618,0
2021-04-29,sh.600015,4.53361728,4.60709568,4.52626944,4.5924,4.53361728,21555594,134110324.04,0.1681,1,1.2966,0
2021-04-30,sh.600015,4.63648704,4.63648704,4.54831296,4.58505216,4.5924,33628983,209904869.1,0.2623,1,-0.16,0
2021-05-06,sh.600015,4.57770432,4.65118272,4.57035648,4.59974784,4.58505216,32719047,205587645.06,0.2552,1,0.3205,0
2021-05-07,sh.600015,4.60709568,4.64383488,4.59974784,4.61444352,4.59974784,34904810,219609528.49,0.2722,1,0.3195,0
2021-05-10,sh.600015,4.61444352,4.62179136,4.56300864,4.5924,4.61444352,25858035,161517410.89,0.2017,1,-0.4777,0
2021-05-11,sh.600015,4.58505216,4.63648704,4.57770432,4.62179136,4.5924,25944699,162740247.8,0.2023,1,0.64,0
2021-05-12,sh.600015,4.60709568,4.67322624,4.60709568,4.6658784,4.62179136,32376750,204863528.64,0.2525,1,0.9539,0
2021-05-13,sh.600015,4.6658784,4.70996544,4.65853056,4.67322624,4.6658784,36926119,234988395.23,0.288,1,0.1575,0
2021-05-14,sh.600015,4.68057408,4.7026176,4.65853056,4.69526976,4.67322624,38907343,248010893.89,0.3034,1,0.4717,0
2021-05-17,sh.600015,4.69526976,4.76140032,4.68792192,4.73200896,4.69526976,47541711,305944156.48,0.3708,1,0.7825,0
2021-05-18,sh.600015,4.71731328,4.72466112,4.69526976,4.70996544,4.73200896,19481207,124845669.79,0.1519,1,-0.4658,0
2021-05-19,sh.600015,4.70996544,4.71731328,4.67322624,4.71731328,4.70996544,28553830,182523931.1,0.2227,1,0.156,0
2021-05-20,sh.600015,4.7026176,4.7393568,4.68792192,4.73200896,4.71731328,24508785,157198863.44,0.1911,1,0.3115,0
2021-05-21,sh.600015,4.7393568,4.75405248,4.7026176,4.73200896,4.73200896,26304900,169200052.99,0.2051,1,0.0,0
2021-05-24,sh.600015,4.7026176,4.7393568,4.7026176,4.72466112,4.73200896,19717716,126699256.66,0.1538,1,-0.1553,0
2021-05-25,sh.600015,4.71731328,4.776096,4.7026176,4.76874816,4.72466112,43683736,282501160.6,0.3407,1,0.9331,0
2021-05-26,sh.600015,4.76140032,4.776096,4.7393568,4.74670464,4.76874816,33412442,216364694.02,0.2606,1,-0.4622,0
2021-05-27,sh.600015,4.74670464,4.74670464,4.70996544,4.72466112,4.74670464,39246883,252484986.59,0.3061,1,-0.4644,0
2021-05-28,sh.600015,4.72466112,4.74670464,4.69526976,4.72466112,4.72466112,29733014,190940333.82,0.2319,1,0.0,0
2021-05-31,sh.600015,4.73200896,4.7393568,4.68792192,4.72466112,4.72466112,22997037,147304931.54,0.1793,1,0.0,0
2021-06-01,sh.600015,4.7026176,4.70996544,4.68057408,4.68792192,4.72466112,22897376,146219159.82,0.1786,1,-0.7776,0
2021-06-02,sh.600015,4.69526976,4.7026176,4.6658784,4.69526976,4.68792192,24406506,155510127.05,0.1903,1,0.1567,0
2021-06-03,sh.600015,4.68792192,4.70996544,4.6658784,4.67322624,4.69526976,22576080,143807550.75,0.1761,1,-0.4695,0
2021-06-04,sh.600015,4.6658784,4.7026176,4.65118272,4.67322624,4.67322624,23870686,151848798.98,0.1862,1,0.0,0
2021-06-07,sh.600015,4.67322624,4.68792192,4.65118272,4.68057408,4.67322624,20455434,129960689.06,0.1595,1,0.1572,0
2021-06-08,sh.600015,4.67322624,4.68792192,4.65118272,4.67322624,4.68057408,19019003,120834284.18,0.1483,1,-0.157,0
2021-06-09,sh.600015,4.67322624,4.68057408,4.65853056,4.6658784,4.67322624,12450034,79069001.96,0.0971,1,-0.1572,0
2021-06-10,sh.600015,4.6658784,4.68792192,4.63648704,4.64383488,4.6658784,22937144,145611030.47,0.1789,1,-0.4724,0
2021-06-11,sh.600015,4.65118272,4.65853056,4.61444352,4.63648704,4.64383488,18424450,116332001.62,0.1437,1,-0.1582,0
2021-06-15,sh.600015,4.6291392,4.6291392,4.5556608,4.57035648,4.63648704,26978374,168263698.62,0.2104,1,-1.4263,0
2021-06-16,sh.600015,4.57035648,4.59974784,4.56300864,4.57770432,4.57035648,16214725,101100648.46,0.1265,1,0.1608,0
2021-06-17,sh.600015,4.58505216,4.61444352,4.56300864,4.57770432,4.57770432,12201316,76187731.24,0.0952,1,0.0,0
2021-06-18,sh.600015,4.57770432,4.58505216,4.5556608,4.5556608,4.57770432,19159647,119033804.65,0.1494,1,-0.4815,0
2021-06-21,sh.600015,4.56300864,4.57035648,4.54096512,4.5556608,4.5556608,13754958,85207928.2,0.1073,1,0.0,0
2021-06-22,sh.600015,4.56300864,4.58505216,4.5556608,4.56300864,4.5556608,17599170,109439306.18,0.1373,1,0.1613,0
2021-06-23,sh.600015,4.56300864,4.58505216,4.54831296,4.57770432,4.56300864,11709784,72824640.08,0.0913,1,0.3221,0
2021-06-24,sh.600015,4.57035648,4.5924,4.57035648,4.58505216,4.57770432,12198124,76059670.79,0.0951,1,0.1605,0
2021-06-25,sh.600015,4.57770432,4.61444352,4.57770432,4.59974784,4.58505216,19586048,122587731.83,0.1527,1,0.3205,0
2021-06-28,sh.600015,4.59974784,4.60709568,4.56300864,4.57770432,4.59974784,14090676,87773349.52,0.1099,1,-0.4792,0
2021-06-29,sh.600015,4.57770432,4.58505216,4.53361728,4.54096512,4.57770432,21035621,130488529.96,0.1641,1,-0.8026,0
2021-06-30,sh.600015,4.54096512,4.56300864,4.53361728,4.54831296,4.54096512,13779634,85283527.32,0.1075,1,0.1618,0
2021-07-01,sh.600015,4.54831296,4.57035648,4.54096512,4.54831296,4.54831296,19194577,119029131.46,0.1497,1,0.0,0
2021-07-02,sh.600015,4.5556608,4.57770432,4.52626944,4.54096512,4.54831296,26195640,162111197.99,0.2043,1,-0.1616,0
2021-07-05,sh.600015,4.5556608,4.5556608,4.5189216,4.52626944,4.54096512,22817001,140696212.62,0.1779,1,-0.3236,0
2021-07-06,sh.600015,4.53361728,4.56300864,4.52626944,4.56300864,4.52626944,29324062,181474433.51,0.2287,1,0.8117,0
2021-07-07,sh.600015,4.5556608,4.57770432,4.54096512,4.54831296,4.56300864,22228518,137708078.11,0.1734,1,-0.3221,0
2021-07-08,sh.600015,4.56300864,4.56300864,4.51157376,4.5189216,4.54831296,34396047,211934350.87,0.2682,1,-0.6462,0
2021-07-09,sh.600015,4.53437542,4.54982474,4.49575212,4.49575212,4.5189261,36905672,215912418.04,0.2878,1,-0.5128,0
2021-07-12,sh.600015,4.5189261,4.52665076,4.45712882,4.46485348,4.49575212,32827571,190848265.74,0.256,1,-0.6873,0
2021-07-13,sh.600015,4.47257814,4.50347678,4.46485348,4.47257814,4.46485348,21625137,125313264.79,0.1686,1,0.173,0
2021-07-14,sh.600015,4.47257814,4.48802746,4.42623018,4.43395484,4.47257814,28730919,165358972.42,0.2241,1,-0.8636,0
2021-07-15,sh.600015,4.4416795,4.48802746,4.42623018,4.47257814,4.43395484,22972326,132773858.5,0.1792,1,0.8711,0
2021-07-16,sh.600015,4.46485348,4.4803028,4.44940416,4.46485348,4.47257814,13824047,79898057.85,0.1078,1,-0.1727,0
2021-07-19,sh.600015,4.45712882,4.47257814,4.41078086,4.47257814,4.46485348,18124546,104209532.36,0.1413,1,0.173,0
2021-07-20,sh.600015,4.44940416,4.45712882,4.42623018,4.4416795,4.47257814,11740368,67444622.24,0.0916,1,-0.6908,0
2021-07-21,sh.600015,4.44940416,4.47257814,4.43395484,4.4416795,4.4416795,12832611,73884671.3,0.1001,1,0.0,0
2021-07-22,sh.600015,4.44940416,4.4803028,4.4416795,4.45712882,4.4416795,13627482,78689764.32,0.1063,1,0.3478,0
2021-07-23,sh.600015,4.44940416,4.46485348,4.43395484,4.44940416,4.45712882,11904572,68516619.34,0.0928,1,-0.1733,0
2021-07-26,sh.600015,4.4416795,4.44940416,4.35670824,4.35670824,4.44940416,27302416,155120673.34,0.2129,1,-2.0833,0
2021-07-27,sh.600015,4.35670824,4.37988222,4.2871863,4.2871863,4.35670824,23882051,134365422.62,0.1862,1,-1.5957,0
2021-07-28,sh.600015,4.2871863,4.31036028,4.26401232,4.27173698,4.2871863,23624800,131134100.13,0.1842,1,-0.3604,0
2021-07-29,sh.600015,4.2871863,4.29491096,4.22538902,4.24083834,4.27173698,20631259,113566072.11,0.1609,1,-0.7233,0
2021-07-30,sh.600015,4.22538902,4.24083834,4.18676572,4.23311368,4.24083834,16258506,88715491.21,0.1268,1,-0.1821,0
2021-08-02,sh.600015,4.22538902,4.31036028,4.19449038,4.2871863,4.23311368,20303993,112029798.26,0.1583,1,1.2774,0
2021-08-03,sh.600015,4.26401232,4.27946164,4.24083834,4.25628766,4.2871863,14767610,81398708.19,0.1152,1,-0.7207,0
2021-08-04,sh.600015,4.25628766,4.26401232,4.23311368,4.24083834,4.25628766,12242992,67228512.66,0.0955,1,-0.363,0
2021-08-05,sh.600015,4.23311368,4.27946164,4.22538902,4.24083834,4.24083834,14693267,80842341.4,0.1146,1,0.0,0
2021-08-06,sh.600015,4.23311368,4.248563,4.2099397,4.24083834,4.24083834,10410186,56985370.16,0.0812,1,0.0,0
2021-08-09,sh.600015,4.23311368,4.31808494,4.22538902,4.2871863,4.24083834,22463022,124655647.56,0.1752,1,1.0929,0
2021-08-10,sh.600015,4.27946164,4.31036028,4.25628766,4.29491096,4.2871863,19179719,106222339.81,0.1496,1,0.1802,0
2021-08-11,sh.600015,4.2871863,4.34125892,4.26401232,4.31036028,4.29491096,19707614,110028551.05,0.1537,1,0.3597,0
2021-08-12,sh.600015,4.31036028,4.31036028,4.2871863,4.29491096,4.31036028,11505641,64030526.12,0.0897,1,-0.3584,0
2021-08-13,sh.600015,4.2871863,4.30263562,4.27946164,4.29491096,4.29491096,10187720,56578693.48,0.0795,1,0.0,0
2021-08-16,sh.600015,4.29491096,4.31808494,4.27946164,4.30263562,4.29491096,12227209,68139830.5,0.0954,1,0.1799,0
2021-08-17,sh.600015,4.30263562,4.33353426,4.27173698,4.29491096,4.30263562,22481695,125268499.73,0.1753,1,-0.1795,0
2021-08-18,sh.600015,4.27946164,4.35670824,4.26401232,4.34898358,4.29491096,24204313,135405484.69,0.1888,1,1.259,0
2021-08-19,sh.600015,4.34125892,4.34898358,4.2871863,4.30263562,4.34898358,17621606,98340234.63,0.1374,1,-1.0657,0
2021-08-20,sh.600015,4.29491096,4.31808494,4.27946164,4.2871863,4.30263562,22347344,124212778.56,0.1743,1,-0.3591,0
2021-08-23,sh.600015,4.2871863,4.31808494,4.27946164,4.29491096,4.2871863,16184843,89982584.65,0.1262,1,0.1802,0
2021-08-24,sh.600015,4.29491096,4.31036028,4.26401232,4.2871863,4.29491096,18750061,104093817.64,0.1462,1,-0.1799,0
2021-08-25,sh.600015,4.2871863,4.30263562,4.27173698,4.27946164,4.2871863,14495156,80351669.9,0.113,1,-0.1802,0
2021-08-26,sh.600015,4.27946164,4.27946164,4.25628766,4.25628766,4.27946164,17760511,98093539.09,0.1385,1,-0.5415,0
2021-08-27,sh.600015,4.26401232,4.27946164,4.25628766,4.26401232,4.25628766,14084217,77748895.29,0.1098,1,0.1815,0
2021-08-30,sh.600015,4.25628766,4.26401232,4.22538902,4.23311368,4.26401232,22046196,120922890.85,0.1719,1,-0.7246,0
2021-08-31,sh.600015,4.248563,4.3258096,4.24083834,4.3258096,4.23311368,36517930,202673327.35,0.2848,1,2.1898,0
2021-09-01,sh.600015,4.3258096,4.39533154,4.31036028,4.37988222,4.3258096,44351314,250357141.03,0.3459,1,1.25,0
2021-09-02,sh.600015,4.37988222,4.39533154,4.35670824,4.37215756,4.37988222,25476148,144243401.85,0.1987,1,-0.1764,0
2021-09-03,sh.600015,4.39533154,4.45712882,4.3644329,4.41850552,4.37215756,36576496,208888712.07,0.2852,1,1.0601,0
2021-09-06,sh.600015,4.39533154,4.42623018,4.38760688,4.4030562,4.41850552,28089483,160390001.99,0.2191,1,-0.3497,0
2021-09-07,sh.600015,4.41078086,4.44940416,4.38760688,4.4416795,4.4030562,31141053,178041241.58,0.2429,1,0.8772,0
2021-09-08,sh.600015,4.43395484,4.48802746,4.43395484,4.46485348,4.4416795,24739328,142776326.94,0.1929,1,0.5217,0
2021-09-09,sh.600015,4.44940416,4.47257814,4.42623018,4.45712882,4.46485348,22011345,126910471.32,0.1717,1,-0.173,0
2021-09-10,sh.600015,4.44940416,4.53437542,4.44940416,4.48802746,4.45712882,41230874,240239060.25,0.3215,1,0.6932,0
2021-09-13,sh.600015,4.48802746,4.49575212,4.44940416,4.47257814,4.48802746,27855735,161234684.86,0.2172,1,-0.3442,0
2021-09-14,sh.600015,4.47257814,4.48802746,4.38760688,4.39533154,4.47257814,32047417,183815965.02,0.2499,1,-1.7271,0
2021-09-15,sh.600015,4.37988222,4.41078086,4.3644329,4.38760688,4.39533154,26156777,148443757.69,0.204,1,-0.1757,0
2021-09-16,sh.600015,4.37988222,4.41850552,4.35670824,4.35670824,4.38760688,25473288,144547546.93,0.1987,1,-0.7042,0
2021-09-17,sh.600015,4.3644329,4.37215756,4.31036028,4.33353426,4.35670824,19797924,111200671.83,0.1544,1,-0.5319,0
2021-09-22,sh.600015,4.26401232,4.31808494,4.25628766,4.31036028,4.33353426,21089932,116886026.18,0.1645,1,-0.5348,0
2021-09-23,sh.600015,4.31808494,4.39533154,4.31036028,4.34125892,4.31036028,20308166,114638174.32,0.1584,1,0.7168,0
2021-09-24,sh.600015,4.35670824,4.37215756,4.33353426,4.34898358,4.34125892,21903906,123358506.64,0.1708,1,0.1779,0
2021-09-27,sh.600015,4.34125892,4.34125892,4.27946164,4.30263562,4.34898358,17221994,96136729.97,0.1343,1,-1.0657,0
2021-09-28,sh.600015,4.30263562,4.34125892,4.29491096,4.31808494,4.30263562,14083011,78793427.23,0.1098,1,0.3591,0
2021-09-29,sh.600015,4.30263562,4.33353426,4.2871863,4.31036028,4.31808494,19493194,108665281.43,0.152,1,-0.1789,0
2021-09-30,sh.600015,4.31036028,4.31808494,4.27946164,4.30263562,4.31036028,13704294,76246227.1,0.1069,1,-0.1792,0
2021-10-08,sh.600015,4.3258096,4.38760688,4.31808494,4.37215756,4.30263562,26970681,152308608.91,0.2103,1,1.6158,0
2021-10-11,sh.600015,4.38760688,4.4416795,4.37988222,4.41850552,4.37215756,27915431,159901245.91,0.2177,1,1.0601,0
2021-10-12,sh.600015,4.41078086,4.43395484,4.37215756,4.4030562,4.41850552,18915814,107840569.48,0.1475,1,-0.3497,0
2021-10-13,sh.600015,4.4030562,4.41078086,4.3644329,4.38760688,4.4030562,11079128,62935828.08,0.0864,1,-0.3509,0
2021-10-14,sh.600015,4.39533154,4.39533154,4.35670824,4.3644329,4.38760688,10835348,61270301.8,0.0845,1,-0.5282,0
2021-10-15,sh.600015,4.35670824,4.37988222,4.34898358,4.35670824,4.3644329,13606696,76824122.35,0.1061,1,-0.177,0
2021-10-18,sh.600015,4.3644329,4.3644329,4.33353426,4.3644329,4.35670824,14023148,78977448.0,0.1094,1,0.1773,0
2021-10-19,sh.600015,4.3644329,4.38760688,4.34898358,4.3644329,4.3644329,14761411,83464775.41,0.1151,1,0.0,0
2021-10-20,sh.600015,4.3644329,4.37988222,4.34125892,4.34898358,4.3644329,12060045,67977858.74,0.0941,1,-0.354,0
2021-10-21,sh.600015,4.3644329,4.41850552,4.34898358,4.41850552,4.34898358,25821455,146730165.64,0.2014,1,1.5986,0
2021-10-22,sh.600015,4.41850552,4.44940416,4.39533154,4.42623018,4.41850552,19320066,110544302.42,0.1507,1,0.1748,0
2021-10-25,sh.600015,4.41078086,4.41850552,4.3644329,4.4030562,4.42623018,15754278,89603271.08,0.1229,1,-0.5236,0
2021-10-26,sh.600015,4.41078086,4.42623018,4.39533154,4.4030562,4.4030562,12721499,72585087.06,0.0992,1,0.0,0
2021-10-27,sh.600015,4.39533154,4.4030562,4.33353426,4.34898358,4.4030562,18991651,107096760.12,0.1481,1,-1.2281,0
2021-10-28,sh.600015,4.34898358,4.35670824,4.29491096,4.30263562,4.34898358,18847639,105345609.81,0.147,1,-1.0657,0
2021-10-29,sh.600015,4.31808494,4.34898358,4.31036028,4.34898358,4.30263562,16336080,91586999.6,0.1274,1,1.0772,0
2021-11-01,sh.600015,4.33353426,4.39533154,4.30263562,4.35670824,4.34898358,25875419,145880165.73,0.2018,1,0.1776,0
2021-11-02,sh.600015,4.3644329,4.3644329,4.27173698,4.29491096,4.35670824,29949574,167298023.62,0.2336,1,-1.4184,0
2021-11-03,sh.600015,4.29491096,4.31036028,4.27946164,4.29491096,4.29491096,13314738,74018374.52,0.1038,1,0.0,0
2021-11-04,sh.600015,4.29491096,4.30263562,4.26401232,4.27946164,4.29491096,17026045,94357495.07,0.1328,1,-0.3597,0
2021-11-05,sh.600015,4.27946164,4.27946164,4.248563,4.27173698,4.27946164,12409805,68484232.67,0.0968,1,-0.1805,0
2021-11-08,sh.600015,4.27173698,4.27946164,4.248563,4.25628766,4.27173698,11154813,61543453.24,0.087,1,-0.3617,0
2021-11-09,sh.600015,4.26401232,4.27946164,4.25628766,4.26401232,4.25628766,11150210,61552350.71,0.087,1,0.1815,0
2021-11-10,sh.600015,4.26401232,4.27173698,4.24083834,4.26401232,4.26401232,11014800,60676754.04,0.0859,1,0.0,0
2021-11-11,sh.600015,4.26401232,4.31808494,4.25628766,4.31808494,4.26401232,16329281,90797497.28,0.1273,1,1.2681,0
2021-11-12,sh.600015,4.31808494,4.31808494,4.27946164,4.27946164,4.31808494,12456823,69215664.38,0.0971,1,-0.8945,0
2021-11-15,sh.600015,4.27946164,4.31036028,4.27946164,4.30263562,4.27946164,9755019,54245990.3,0.0761,1,0.5415,0
2021-11-16,sh.600015,4.30263562,4.31036028,4.27173698,4.2871863,4.30263562,10685040,59405101.4,0.0833,1,-0.3591,0
2021-11-17,sh.600015,4.27946164,4.29491096,4.27173698,4.27946164,4.2871863,10896566,60372959.26,0.085,1,-0.1802,0
2021-11-18,sh.600015,4.27173698,4.69659328,4.27173698,4.33353426,4.27946164,37138712,208281118.12,0.2896,1,1.2635,0
2021-11-19,sh.600015,4.33353426,4.34898358,4.30263562,4.34898358,4.33353426,25714041,144072769.18,0.2005,1,0.3565,0
2021-11-22,sh.600015,4.33353426,4.34898358,4.31808494,4.3258096,4.34898358,16534794,92735229.63,0.1289,1,-0.5329,0
2021-11-23,sh.600015,4.33353426,4.34898358,4.3258096,4.34898358,4.3258096,14056348,79005203.4,0.1096,1,0.5357,0
2021-11-24,sh.600015,4.34898358,4.3644329,4.3258096,4.34898358,4.34898358,12244144,68850519.28,0.0955,1,0.0,0
2021-11-25,sh.600015,4.34898358,4.39533154,4.33353426,4.37988222,4.34898358,24190431,136857288.89,0.1887,1,0.7105,0
2021-11-26,sh.600015,4.37988222,4.41078086,4.35670824,4.4030562,4.37988222,25912627,147247816.79,0.2021,1,0.5291,0
2021-11-29,sh.600015,4.37988222,4.4416795,4.35670824,4.38760688,4.4030562,28382226,161663908.85,0.2213,1,-0.3509,0
2021-11-30,sh.600015,4.37215756,4.4030562,4.34125892,4.35670824,4.38760688,24115653,136302022.96,0.1881,1,-0.7042,0
2021-12-01,sh.600015,4.34898358,4.38760688,4.34898358,4.37988222,4.35670824,15799029,89369408.69,0.1232,1,0.5319,0
2021-12-02,sh.600015,4.37988222,4.38760688,4.35670824,4.37215756,4.37988222,17408345,98610808.48,0.1358,1,-0.1764,0
2021-12-03,sh.600015,4.37215756,4.4030562,4.34125892,4.39533154,4.37215756,23952786,135579371.59,0.1868,1,0.53,0
2021-12-06,sh.600015,4.39533154,4.42623018,4.37215756,4.38760688,4.39533154,25080504,142861153.08,0.1956,1,-0.1757,0
2021-12-07,sh.600015,4.4030562,4.41078086,4.37988222,4.4030562,4.38760688,24007557,136664838.48,0.1872,1,0.3521,0
2021-12-08,sh.600015,4.4030562,4.4030562,4.3644329,4.37988222,4.4030562,24915520,141142158.14,0.1943,1,-0.5263,0
2021-12-09,sh.600015,4.37215756,4.4416795,4.3644329,4.39533154,4.37988222,38102535,217197308.92,0.2971,1,0.3527,0
2021-12-10,sh.600015,4.37988222,4.39533154,4.3644329,4.37988222,4.39533154,30191356,171052784.33,0.2355,1,-0.3515,0
2021-12-13,sh.600015,4.37988222,4.39533154,4.34898358,4.34898358,4.37988222,31454901,177832858.55,0.2453,1,-0.7055,0
2021-12-14,sh.600015,4.34898358,4.34898358,4.31036028,4.31036028,4.34898358,23259190,130142981.58,0.1814,1,-0.8881,0
2021-12-15,sh.600015,4.31036028,4.3258096,4.30263562,4.31036028,4.31036028,10862224,60696243.42,0.0847,1,0.0,0
2021-12-16,sh.600015,4.31808494,4.34125892,4.31036028,4.33353426,4.31036028,13667451,76528763.33,0.1066,1,0.5376,0
2021-12-17,sh.600015,4.3258096,4.33353426,4.30263562,4.31036028,4.33353426,17880847,99871485.73,0.1394,1,-0.5348,0
2021-12-20,sh.600015,4.31036028,4.31808494,4.30263562,4.30263562,4.31036028,15389000,85853900.57,0.12,1,-0.1792,0
2021-12-21,sh.600015,4.31036028,4.34898358,4.30263562,4.33353426,4.30263562,16041246,89895022.96,0.1251,1,0.7181,0
2021-12-22,sh.600015,4.34125892,4.34898358,4.31808494,4.31808494,4.33353426,15334435,85869642.65,0.1196,1,-0.3565,0
2021-12-23,sh.600015,4.31808494,4.3258096,4.31036028,4.3258096,4.31808494,10357351,57930479.09,0.0808,1,0.1789,0
2021-12-24,sh.600015,4.3258096,4.33353426,4.30263562,4.31808494,4.3258096,17228569,96208707.21,0.1344,1,-0.1786,0
2021-12-27,sh.600015,4.31036028,4.3258096,4.31036028,4.31808494,4.31808494,11823090,66065710.25,0.0922,1,0.0,0
2021-12-28,sh.600015,4.31808494,4.3258096,4.31036028,4.3258096,4.31808494,12591759,70406398.96,0.0982,1,0.1789,0
2021-12-29,sh.600015,4.31808494,4.3258096,4.31036028,4.3258096,4.3258096,10967526,61331455.78,0.0855,1,0.0,0
2021-12-30,sh.600015,4.3258096,4.33353426,4.31036028,4.31808494,4.3258096,12921461,72274831.22,0.1008,1,-0.1786,0
2021-12-31,sh.600015,4.31808494,4.33353426,4.31036028,4.3258096,4.31808494,18110584,101293498.36,0.1412,1,0.1789,0
2022-01-04,sh.600015,4.3258096,4.35670824,4.31036028,4.34898358,4.3258096,26740105,150128761.15,0.2085,1,0.5357,0
2022-01-05,sh.600015,4.34125892,4.39533154,4.34125892,4.37988222,4.34898358,36018508,203766768.53,0.2809,1,0.7105,0
2022-01-06,sh.600015,4.37215756,4.37988222,4.35670824,4.35670824,4.37988222,20367405,115111934.72,0.1588,1,-0.5291,0
2022-01-07,sh.600015,4.35670824,4.42623018,4.35670824,4.4030562,4.35670824,37148563,211523315.28,0.2897,1,1.0638,0
2022-01-10,sh.600015,4.41078086,4.4416795,4.41078086,4.43395484,4.4030562,32508642,186231783.11,0.2535,1,0.7018,0
2022-01-11,sh.600015,4.43395484,4.48802746,4.42623018,4.4416795,4.43395484,34697685,200200773.02,0.2706,1,0.1742,0
2022-01-12,sh.600015,4.44940416,4.47257814,4.41078086,4.45712882,4.4416795,29507469,169719517.28,0.2301,1,0.3478,0
2022-01-13,sh.600015,4.45712882,4.49575212,4.4416795,4.46485348,4.45712882,27104962,157093526.92,0.2114,1,0.1733,0
2022-01-14,sh.600015,4.45712882,4.46485348,4.38760688,4.39533154,4.46485348,28669342,163659343.48,0.2236,1,-1.5571,0
2022-01-17,sh.600015,4.38760688,4.43395484,4.38760688,4.39533154,4.39533154,15142252,86381684.77,0.1181,1,0.0,0
2022-01-18,sh.600015,4.39533154,4.4416795,4.37215756,4.4416795,4.39533154,34514386,197004257.72,0.2692,1,1.0545,0
2022-01-19,sh.600015,4.42623018,4.45712882,4.42623018,4.44940416,4.4416795,28128718,161793452.71,0.2194,1,0.1739,0
2022-01-20,sh.600015,4.44940416,4.50347678,4.43395484,4.46485348,4.44940416,40837359,236387341.79,0.3185,1,0.3472,0
2022-01-21,sh.600015,4.46485348,4.47257814,4.4030562,4.43395484,4.46485348,34580386,198511477.21,0.2697,1,-0.692,0
2022-01-24,sh.600015,4.42623018,4.44940416,4.4030562,4.42623018,4.43395484,20434521,117163758.76,0.1594,1,-0.1742,0
2022-01-25,sh.600015,4.42623018,4.42623018,4.34898358,4.34898358,4.42623018,30067131,170826911.75,0.2345,1,-1.7452,0
2022-01-26,sh.600015,4.3644329,4.38760688,4.34898358,4.38760688,4.34898358,20917735,118357666.19,0.1631,1,0.8881,0
2022-01-27,sh.600015,4.38760688,4.4030562,4.34898358,4.3644329,4.38760688,23831711,134920605.98,0.1859,1,-0.5282,0
2022-01-28,sh.600015,4.3644329,4.38760688,4.34898358,4.34898358,4.3644329,27381215,154724633.6,0.2135,1,-0.354,0
2022-02-07,sh.600015,4.37988222,4.46485348,4.3644329,4.45712882,4.34898358,41895038,239638044.43,0.3267,1,2.4867,0
2022-02-08,sh.600015,4.4416795,4.51120144,4.43395484,4.51120144,4.45712882,52483533,304632861.01,0.4093,1,1.2132,0
2022-02-09,sh.600015,4.49575212,4.52665076,4.47257814,4.49575212,4.51120144,39382929,229341230.87,0.3071,1,-0.3425,0
2022-02-10,sh.600015,4.49575212,4.5189261,4.47257814,4.5189261,4.49575212,35657990,207937660.38,0.2781,1,0.5155,0
2022-02-11,sh.600015,4.50347678,4.54982474,4.49575212,4.5189261,4.5189261,47400536,277649652.07,0.3697,1,0.0,0
2022-02-14,sh.600015,4.5189261,4.5189261,4.43395484,4.44940416,4.5189261,40384891,233552346.06,0.3149,1,-1.5385,0
2022-02-15,sh.600015,4.4416795,4.46485348,4.41078086,4.41850552,4.44940416,26584435,152566766.98,0.2073,1,-0.6944,0
2022-02-16,sh.600015,4.43395484,4.47257814,4.43395484,4.4416795,4.41850552,22808301,131532043.67,0.1779,1,0.5245,0
2022-02-17,sh.600015,4.4416795,4.47257814,4.42623018,4.42623018,4.4416795,21064506,121183478.68,0.1643,1,-0.3478,0
2022-02-18,sh.600015,4.42623018,4.47257814,4.41078086,4.46485348,4.42623018,26789766,153953184.4,0.2089,1,0.8726,0
2022-02-21,sh.600015,4.45712882,4.45712882,4.41850552,4.4416795,4.46485348,36376156,208902014.86,0.2837,1,-0.519,0
2022-02-22,sh.600015,4.43395484,4.47257814,4.41078086,4.43395484,4.4416795,45873867,263513593.72,0.3578,1,-0.1739,0
2022-02-23,sh.600015,4.44940416,4.46485348,4.41850552,4.43395484,4.43395484,39167724,224895441.07,0.3055,1,0.0,0
2022-02-24,sh.600015,4.41850552,4.42623018,4.33353426,4.34898358,4.43395484,46776020,265414727.86,0.3648,1,-1.9164,0
2022-02-25,sh.600015,4.35670824,4.37988222,4.34125892,4.35670824,4.34898358,27912922,157498091.64,0.2177,1,0.1776,0
2022-02-28,sh.600015,4.35670824,4.35670824,4.31036028,4.34898358,4.35670824,41694949,234366543.0,0.3252,1,-0.1773,0
2022-03-01,sh.600015,4.34898358,4.37988222,4.34125892,4.37215756,4.34898358,20977187,118350051.0,0.1636,1,0.5329,0
2022-03-02,sh.600015,4.35670824,4.38760688,4.34898358,4.3644329,4.37215756,24719835,139631471.0,0.1928,1,-0.1767,0
2022-03-03,sh.600015,4.37215756,4.41078086,4.3644329,4.39533154,4.3644329,41394239,235161831.0,0.3228,1,0.708,0
2022-03-04,sh.600015,4.38760688,4.39533154,4.34125892,4.37988222,4.39533154,29368803,166117335.0,0.229,1,-0.3515,0
2022-03-07,sh.600015,4.3644329,4.37215756,4.31808494,4.3258096,4.37988222,27152267,152796056.0,0.2118,1,-1.2346,0
2022-03-08,sh.600015,4.3258096,4.33353426,4.25628766,4.26401232,4.3258096,36099427,200716243.0,0.2815,1,-1.4286,0
2022-03-09,sh.600015,4.27173698,4.27946164,4.0940698,4.17904106,4.26401232,49775862,270508368.0,0.3882,1,-1.9928,0
2022-03-10,sh.600015,4.2099397,4.23311368,4.17904106,4.18676572,4.17904106,28079652,152837352.0,0.219,1,0.1848,0
2022-03-11,sh.600015,4.1713164,4.2099397,4.10951912,4.20221504,4.18676572,32073769,172128682.0,0.2501,1,0.369,0
2022-03-14,sh.600015,4.16359174,4.22538902,4.14814242,4.14814242,4.20221504,26739531,144700716.0,0.2085,1,-1.2868,0
2022-03-15,sh.600015,4.14041776,4.14041776,3.9781999,3.9781999,4.14814242,55195899,289656320.0,0.4305,1,-4.0968,0
2022-03-16,sh.600015,4.0168232,4.07089582,3.9395766,4.0554465,3.9781999,44160087,228968321.0,0.3444,1,1.9417,0
2022-03-17,sh.600015,4.0940698,4.10951912,4.0554465,4.06317116,4.0554465,34491222,182108480.0,0.269,1,0.1905,0
2022-03-18,sh.600015,4.04772184,4.14814242,4.03999718,4.12496844,4.06317116,38329454,203259726.55,0.2989,1,1.5209,0
2022-03-21,sh.600015,4.11724378,4.12496844,4.07089582,4.08634514,4.12496844,24082901,127688290.38,0.1878,1,-0.9363,0
2022-03-22,sh.600015,4.07862048,4.1713164,4.07862048,4.14814242,4.08634514,28713960,153709228.0,0.2239,1,1.5123,0
2022-03-23,sh.600015,4.14814242,4.15586708,4.10951912,4.14041776,4.14814242,23810368,127494461.8,0.1857,1,-0.1862,0
2022-03-24,sh.600015,4.12496844,4.15586708,4.10951912,4.12496844,4.14041776,14281298,76362547.88,0.1114,1,-0.3731,0
2022-03-25,sh.600015,4.12496844,4.16359174,4.11724378,4.14041776,4.12496844,20681664,110789142.44,0.1613,1,0.3745,0
2022-03-28,sh.600015,4.12496844,4.18676572,4.07862048,4.18676572,4.14041776,27398738,147094460.66,0.2137,1,1.1194,0
2022-03-29,sh.600015,4.1713164,4.18676572,4.14814242,4.1713164,4.18676572,19406571,104800338.64,0.1513,1,-0.369,0
2022-03-30,sh.600015,4.1713164,4.23311368,4.1713164,4.22538902,4.1713164,29209329,159054663.0,0.2278,1,1.2963,0
2022-03-31,sh.600015,4.21766436,4.31808494,4.20221504,4.29491096,4.22538902,41591230,230602704.12,0.3244,1,1.6453,0
2022-04-01,sh.600015,4.27173698,4.35670824,4.27173698,4.35670824,4.29491096,40651792,227361975.1,0.317,1,1.4388,0
2022-04-06,sh.600015,4.33353426,4.4416795,4.3258096,4.42623018,4.35670824,60593025,345896466.67,0.4725,1,1.5957,0
2022-04-07,sh.600015,4.41850552,4.44940416,4.37215756,4.37215756,4.42623018,45997338,262301096.3,0.3587,1,-1.2216,0
2022-04-08,sh.600015,4.37215756,4.41850552,4.34125892,4.4030562,4.37215756,34937449,197977171.39,0.2725,1,0.7067,0
2022-04-11,sh.600015,4.39533154,4.4030562,4.33353426,4.34898358,4.4030562,28413362,160615707.62,0.2216,1,-1.2281,0
2022-04-12,sh.600015,4.35670824,4.39533154,4.30263562,4.37215756,4.34898358,32190875,181474780.29,0.251,1,0.5329,0
2022-04-13,sh.600015,4.34898358,4.39533154,4.34125892,4.34898358,4.37215756,21651161,122512387.99,0.1689,1,-0.53,0
2022-04-14,sh.600015,4.3644329,4.37988222,4.34898358,4.35670824,4.34898358,15627321,88326721.69,0.1219,1,0.1776,0
2022-04-15,sh.600015,4.34898358,4.4030562,4.33353426,4.37988222,4.35670824,25720490,145763369.49,0.2006,1,0.5319,0
2022-04-18,sh.600015,4.34898358,4.3644329,4.2871863,4.29491096,4.37988222,25452318,142310122.78,0.1985,1,-1.94,0
2022-04-19,sh.600015,4.2871863,4.33353426,4.27946164,4.33353426,4.29491096,17593384,98235975.52,0.1372,1,0.8993,0
2022-04-20,sh.600015,4.33353426,4.34898358,4.29491096,4.30263562,4.33353426,20772419,116226354.01,0.162,1,-0.713,0
2022-04-21,sh.600015,4.2871863,4.33353426,4.248563,4.27173698,4.30263562,26186790,145692532.41,0.2042,1,-0.7181,0
2022-04-22,sh.600015,4.25628766,4.35670824,4.248563,4.3258096,4.27173698,26982819,150656599.11,0.2104,1,1.2658,0
2022-04-25,sh.600015,4.29491096,4.34125892,4.2099397,4.2099397,4.3258096,38214323,211841481.62,0.298,1,-2.6786,0
2022-04-26,sh.600015,4.21766436,4.25628766,4.15586708,4.15586708,4.2099397,30376985,165384293.36,0.2369,1,-1.2844,0
2022-04-27,sh.600015,4.14814242,4.1713164,4.10951912,4.15586708,4.15586708,37031157,198525820.09,0.2888,1,0.0,0
2022-04-28,sh.600015,4.14814242,4.20221504,4.10951912,4.16359174,4.15586708,35347702,190183474.92,0.2757,1,0.1859,0
2022-04-29,sh.600015,4.14814242,4.22538902,4.12496844,4.2099397,4.16359174,33251136,179769195.45,0.2593,1,1.1132,0
2022-05-05,sh.600015,4.20221504,4.21766436,4.14814242,4.15586708,4.2099397,40442125,218504173.1,0.3154,1,-1.2844,0
2022-05-06,sh.600015,4.11724378,4.11724378,4.06317116,4.06317116,4.15586708,24612151,130202395.51,0.1919,1,-2.2305,0
2022-05-09,sh.600015,4.0554465,4.07862048,4.04772184,4.07089582,4.06317116,12377587,65096874.98,0.0965,1,0.1901,0
2022-05-10,sh.600015,4.04772184,4.07862048,4.02454786,4.07089582,4.07089582,33839773,177527436.69,0.2639,1,0.0,0
2022-05-11,sh.600015,4.06317116,4.10951912,4.0554465,4.07089582,4.07089582,29952521,158229044.26,0.2336,1,0.0,0
2022-05-12,sh.600015,4.0554465,4.07862048,4.04772184,4.06317116,4.07089582,19330940,101647286.47,0.1508,1,-0.1898,0
2022-05-13,sh.600015,4.07089582,4.10179446,4.06317116,4.10179446,4.06317116,17273553,91470943.53,0.1347,1,0.9506,0
2022-05-16,sh.600015,4.0940698,4.10951912,4.07089582,4.0940698,4.10179446,19816860,104899521.75,0.1545,1,-0.1883,0
2022-05-17,sh.600015,4.0940698,4.10951912,4.06317116,4.10179446,4.0940698,16807656,89040951.92,0.1311,1,0.1887,0
2022-05-18,sh.600015,4.10179446,4.10179446,4.07089582,4.0940698,4.10179446,13818457,73063538.32,0.1078,1,-0.1883,0
2022-05-19,sh.600015,4.06317116,4.08634514,4.04772184,4.08634514,4.0940698,14579718,76848134.55,0.1137,1,-0.1887,0
2022-05-20,sh.600015,4.0940698,4.12496844,4.08634514,4.11724378,4.08634514,26880960,142959972.84,0.2096,1,0.7561,0
2022-05-23,sh.600015,4.12496844,4.1326931,4.10179446,4.10951912,4.11724378,19854960,105687348.6,0.1548,1,-0.1876,0
2022-05-24,sh.600015,4.11724378,4.11724378,4.0554465,4.06317116,4.10951912,23046096,121885869.34,0.1797,1,-1.1278,0
2022-05-25,sh.600015,4.06317116,4.08634514,4.0554465,4.07862048,4.06317116,13506467,71253830.87,0.1053,1,0.3802,0
2022-05-26,sh.600015,4.08634514,4.11724378,4.07089582,4.10951912,4.07862048,16722627,88639535.27,0.1304,1,0.7576,0
2022-05-27,sh.600015,4.11724378,4.12496844,4.08634514,4.10951912,4.10951912,14271540,75881866.0,0.1113,1,0.0,0
2022-05-30,sh.600015,4.11724378,4.12496844,4.10179446,4.10179446,4.10951912,16071145,85589998.45,0.1253,1,-0.188,0
2022-05-31,sh.600015,4.10951912,4.14814242,4.0940698,4.10951912,4.10179446,28388769,151534237.13,0.2214,1,0.1883,0
2022-06-01,sh.600015,4.11724378,4.14814242,4.11724378,4.14041776,4.10951912,21812956,116644465.87,0.1701,1,0.7519,0
2022-06-02,sh.600015,4.1326931,4.14041776,4.11724378,4.14041776,4.14041776,16266317,86955933.08,0.1269,1,0.0,0
2022-06-06,sh.600015,4.1326931,4.16359174,4.12496844,4.16359174,4.14041776,27028195,145014382.26,0.2108,1,0.5597,0
2022-06-07,sh.600015,4.16359174,4.18676572,4.14814242,4.17904106,4.16359174,35927152,194064550.87,0.2802,1,0.3711,0
2022-06-08,sh.600015,4.21200948,4.21200948,4.15431072,4.1625534,4.17903876,46038916,233182490.0,0.359,1,-0.3945,0
2022-06-09,sh.600015,4.1625534,4.18728144,4.15431072,4.17903876,4.1625534,24424612,123704439.44,0.1905,1,0.396,0
2022-06-10,sh.600015,4.1625534,4.19552412,4.15431072,4.18728144,4.17903876,26954462,136421712.22,0.2102,1,0.1972,0
2022-06-13,sh.600015,4.17079608,4.19552412,4.15431072,4.17079608,4.18728144,23449805,118716035.52,0.1829,1,-0.3937,0
2022-06-14,sh.600015,4.1625534,4.2449802,4.15431072,4.23673752,4.17079608,30078006,153191849.59,0.2346,1,1.581,0
2022-06-15,sh.600015,4.23673752,4.36037772,4.22849484,4.30267896,4.23673752,52530356,274721018.26,0.4097,1,1.5564,0
2022-06-16,sh.600015,4.30267896,4.31916432,4.25322288,4.26970824,4.30267896,30164495,156563735.94,0.2352,1,-0.7663,0
2022-06-17,sh.600015,4.25322288,4.2861936,4.22849484,4.26970824,4.26970824,20364143,105314538.03,0.1588,1,0.0,0
2022-06-20,sh.600015,4.26146556,4.27795092,4.22025216,4.22849484,4.26970824,15769375,81075821.28,0.123,1,-0.9653,0
2022-06-21,sh.600015,4.22025216,4.26146556,4.22025216,4.25322288,4.22849484,12489892,64316722.18,0.0974,1,0.5848,0
2022-06-22,sh.600015,4.25322288,4.25322288,4.2037668,4.21200948,4.25322288,13568510,69551407.2,0.1058,1,-0.969,0
2022-06-23,sh.600015,4.22025216,4.2449802,4.2037668,4.2449802,4.21200948,14114806,72406354.92,0.1101,1,0.7828,0
2022-06-24,sh.600015,4.2449802,4.25322288,4.21200948,4.23673752,4.2449802,15065319,77394404.66,0.1175,1,-0.1942,0
2022-06-27,sh.600015,4.23673752,4.25322288,4.22849484,4.23673752,4.23673752,14656436,75374222.14,0.1143,1,0.0,0
2022-06-28,sh.600015,4.2449802,4.26970824,4.23673752,4.26146556,4.23673752,14089305,72675514.97,0.1099,1,0.5837,0
2022-06-29,sh.600015,4.26146556,4.31092164,4.25322288,4.27795092,4.26146556,19211153,99831244.64,0.1498,1,0.3868,0
2022-06-30,sh.600015,4.27795092,4.31092164,4.26970824,4.29443628,4.27795092,16036824,83482190.38,0.1251,1,0.3854,0
2022-07-01,sh.600015,4.29443628,4.30267896,4.26146556,4.27795092,4.29443628,12033161,62439977.51,0.0938,1,-0.3839,0
2022-07-04,sh.600015,4.26970824,4.27795092,4.2449802,4.26146556,4.27795092,12723239,65738627.57,0.0992,1,-0.3854,0
2022-07-05,sh.600015,4.26146556,4.2861936,4.2449802,4.26146556,4.26146556,12983173,67235003.22,0.1013,1,0.0,0
2022-07-06,sh.600015,4.25322288,4.26146556,4.2037668,4.22025216,4.26146556,17921317,91796261.91,0.1398,1,-0.9671,0
2022-07-07,sh.600015,4.22849484,4.23673752,4.2037668,4.21200948,4.22025216,10513487,53823349.0,0.082,1,-0.1953,0
2022-07-08,sh.600015,4.22025216,4.23673752,4.21200948,4.22025216,4.21200948,6294536,32250507.45,0.0491,1,0.1957,0
2022-07-11,sh.600015,4.22025216,4.2449802,4.21200948,4.22849484,4.22025216,13552182,69560075.62,0.1057,1,0.1953,0
2022-07-12,sh.600015,4.23673752,4.27795092,4.22849484,4.26970824,4.22849484,16782657,86775435.38,0.1309,1,0.9747,0
2022-07-13,sh.600015,4.26970824,4.27795092,4.22849484,4.23673752,4.26970824,15701395,80980610.85,0.1225,1,-0.7722,0
2022-07-14,sh.600015,4.22849484,4.23673752,4.17079608,4.17903876,4.23673752,18563148,94395455.02,0.1448,1,-1.3619,0
2022-07-15,sh.600015,4.18728144,4.2037668,4.13782536,4.13782536,4.17903876,19253817,97522483.52,0.1502,1,-0.9862,0
2022-07-18,sh.600015,4.14606804,4.19552412,4.14606804,4.18728144,4.13782536,15145709,76880630.04,0.1181,1,1.1952,0
2022-07-19,sh.600015,4.19552412,4.2449802,4.17903876,4.23673752,4.18728144,17771088,90928438.47,0.1386,1,1.1811,0
2022-07-20,sh.600015,4.2449802,4.26146556,4.22849484,4.2449802,4.23673752,10448384,53821252.94,0.0815,1,0.1946,0
2022-07-21,sh.600015,4.25322288,4.25322288,4.2037668,4.2037668,4.2449802,10660229,54667775.95,0.0831,1,-0.9709,0
2022-07-22,sh.600015,4.21200948,4.26146556,4.2037668,4.23673752,4.2037668,11783264,60578433.75,0.0919,1,0.7843,0
2022-07-25,sh.600015,4.22849484,4.25322288,4.22025216,4.2449802,4.23673752,8022322,41264517.4,0.0626,1,0.1946,0
2022-07-26,sh.600015,4.25322288,4.26970824,4.23673752,4.25322288,4.2449802,9756132,50377943.21,0.0761,1,0.1942,0
2022-07-27,sh.600015,4.2449802,4.25322288,4.22849484,4.23673752,4.25322288,7246034,37271416.91,0.0565,1,-0.3876,0
2022-07-28,sh.600015,4.23673752,4.2861936,4.22849484,4.26970824,4.23673752,18894578,97606078.01,0.1474,1,0.7782,0
2022-07-29,sh.600015,4.26970824,4.27795092,4.21200948,4.22025216,4.26970824,13868636,71358862.98,0.1082,1,-1.1583,0
2022-08-01,sh.600015,4.22025216,4.22849484,4.19552412,4.2037668,4.22025216,10267909,52480152.37,0.0801,1,-0.3906,0
2022-08-02,sh.600015,4.19552412,4.19552412,4.12958268,4.1625534,4.2037668,22893031,115312337.14,0.1785,1,-0.9804,0
2022-08-03,sh.600015,4.15431072,4.17903876,4.12958268,4.12958268,4.1625534,14711005,74177985.56,0.1147,1,-0.7921,0
2022-08-04,sh.600015,4.14606804,4.1625534,4.13782536,4.14606804,4.12958268,8186634,41199536.0,0.0638,1,0.3992,0
2022-08-05,sh.600015,4.1625534,4.19552412,4.13782536,4.18728144,4.14606804,10547923,53317130.0,0.0823,1,0.994,0
2022-08-08,sh.600015,4.17903876,4.19552412,4.17079608,4.17079608,4.18728144,8075513,40969370.0,0.063,1,-0.3937,0
2022-08-09,sh.600015,4.19552412,4.2449802,4.19552412,4.21200948,4.17079608,19698653,101010801.0,0.1536,1,0.9881,0
2022-08-10,sh.600015,4.22025216,4.25322288,4.22025216,4.23673752,4.21200948,11325652,58189796.0,0.0883,1,0.5871,0
2022-08-11,sh.600015,4.2449802,4.26146556,4.21200948,4.25322288,4.23673752,18339265,94407044.0,0.143,1,0.3891,0
2022-08-12,sh.600015,4.26146556,4.26146556,4.23673752,4.25322288,4.25322288,13054801,67353348.0,0.1018,1,0.0,0
2022-08-15,sh.600015,4.2449802,4.2449802,4.2037668,4.21200948,4.25322288,19269725,98686800.22,0.1503,1,-0.969,0
2022-08-16,sh.600015,4.21200948,4.22849484,4.19552412,4.2037668,4.21200948,15266831,78003863.9,0.1191,1,-0.1957,0
2022-08-17,sh.600015,4.21200948,4.2449802,4.19552412,4.2449802,4.2037668,19813102,101503065.85,0.1545,1,0.9804,0
2022-08-18,sh.600015,4.22849484,4.23673752,4.2037668,4.2037668,4.2449802,14250683,72850593.7,0.1111,1,-0.9709,0
2022-08-19,sh.600015,4.19552412,4.23673752,4.19552412,4.2037668,4.2037668,20002869,102467592.46,0.156,1,0.0,0
2022-08-22,sh.600015,4.21200948,4.22025216,4.19552412,4.21200948,4.2037668,13613287,69549376.66,0.1062,1,0.1961,0
2022-08-23,sh.600015,4.2037668,4.21200948,4.18728144,4.19552412,4.21200948,10212774,51996944.16,0.0796,1,-0.3914,0
2022-08-24,sh.600015,4.19552412,4.22849484,4.18728144,4.2037668,4.19552412,19161752,97830707.39,0.1494,1,0.1965,0
2022-08-25,sh.600015,4.2037668,4.22025216,4.18728144,4.22025216,4.2037668,13947946,71177529.67,0.1088,1,0.3922,0
2022-08-26,sh.600015,4.22025216,4.22849484,4.2037668,4.21200948,4.22025216,13268630,67845293.7,0.1035,1,-0.1953,0
2022-08-29,sh.600015,4.19552412,4.22849484,4.1625534,4.22025216,4.21200948,22753052,115882507.44,0.1774,1,0.1957,0
2022-08-30,sh.600015,4.22025216,4.26970824,4.2037668,4.22849484,4.22025216,30138981,154960136.38,0.235,1,0.1953,0
2022-08-31,sh.600015,4.22849484,4.26146556,4.22025216,4.23673752,4.22849484,26932856,138823661.75,0.21,1,0.1949,0
2022-09-01,sh.600015,4.25322288,4.27795092,4.23673752,4.25322288,4.23673752,26085494,134934057.87,0.2034,1,0.3891,0
2022-09-02,sh.600015,4.26970824,4.27795092,4.2449802,4.2449802,4.25322288,19990838,103277103.9,0.1559,1,-0.1938,0
2022-09-05,sh.600015,4.25322288,4.30267896,4.22849484,4.30267896,4.2449802,35058864,182068522.94,0.2734,1,1.3592,0
2022-09-06,sh.600015,4.30267896,4.31916432,4.27795092,4.2861936,4.30267896,25329620,132093826.68,0.1975,1,-0.3831,0
2022-09-07,sh.600015,4.2861936,4.29443628,4.25322288,4.26970824,4.2861936,17489778,90581724.45,0.1364,1,-0.3846,0
2022-09-08,sh.600015,4.27795092,4.30267896,4.26146556,4.27795092,4.26970824,26594711,138411871.32,0.2074,1,0.1931,0
2022-09-09,sh.600015,4.29443628,4.33564968,4.26970824,4.31916432,4.27795092,30850134,161429669.97,0.2406,1,0.9634,0
2022-09-13,sh.600015,4.34389236,4.34389236,4.30267896,4.31092164,4.31916432,23747055,124635573.94,0.1852,1,-0.1908,0
2022-09-14,sh.600015,4.2861936,4.30267896,4.26970824,4.27795092,4.31092164,17553678,91334442.32,0.1369,1,-0.7648,0
2022-09-15,sh.600015,4.29443628,4.33564968,4.2861936,4.31916432,4.27795092,28839136,151111248.59,0.2249,1,0.9634,0
2022-09-16,sh.600015,4.31916432,4.327407,4.22849484,4.22849484,4.31916432,27295998,141058175.51,0.2129,1,-2.0992,0
2022-09-19,sh.600015,4.22849484,4.2449802,4.2037668,4.23673752,4.22849484,32637940,167236345.25,0.2545,1,0.1949,0
2022-09-20,sh.600015,4.2449802,4.25322288,4.2037668,4.21200948,4.23673752,19108982,97893205.02,0.149,1,-0.5837,0
2022-09-21,sh.600015,4.21200948,4.2449802,4.18728144,4.22849484,4.21200948,14737477,75506195.29,0.1149,1,0.3914,0
2022-09-22,sh.600015,4.22025216,4.22849484,4.19552412,4.21200948,4.22849484,12527042,63990375.81,0.0977,1,-0.3899,0
2022-09-23,sh.600015,4.21200948,4.25322288,4.2037668,4.23673752,4.21200948,19547965,100599937.3,0.1524,1,0.5871,0
2022-09-26,sh.600015,4.21200948,4.26146556,4.17079608,4.17903876,4.23673752,28970566,148304196.83,0.2259,1,-1.3619,0
2022-09-27,sh.600015,4.17903876,4.19552412,4.14606804,4.19552412,4.17903876,16534308,83705784.57,0.1289,1,0.3945,0
2022-09-28,sh.600015,4.17903876,4.22025216,4.15431072,4.18728144,4.19552412,20060527,101916410.53,0.1564,1,-0.1965,0
2022-09-29,sh.600015,4.19552412,4.2037668,4.12958268,4.14606804,4.18728144,20998108,105894231.89,0.1638,1,-0.9843,0
2022-09-30,sh.600015,4.14606804,4.17079608,4.14606804,4.14606804,4.14606804,14119453,71213659.55,0.1101,1,0.0,0
2022-10-10,sh.600015,4.13782536,4.17903876,4.12958268,4.15431072,4.14606804,21056762,106373858.75,0.1642,1,0.1988,0
2022-10-11,sh.600015,4.1625534,4.18728144,4.13782536,4.14606804,4.15431072,13478173,67988388.33,0.1051,1,-0.1984,0
2022-10-12,sh.600015,4.14606804,4.17903876,4.13782536,4.17903876,4.14606804,14317660,72184646.36,0.1117,1,0.7952,0
2022-10-13,sh.600015,4.17079608,4.17079608,4.13782536,4.14606804,4.17903876,13098279,65967580.06,0.1021,1,-0.789,0
2022-10-14,sh.600015,4.18728144,4.2037668,4.1625534,4.18728144,4.14606804,24952494,126904055.78,0.1946,1,0.994,0
2022-10-17,sh.600015,4.18728144,4.2037668,4.1625534,4.18728144,4.18728144,17380607,88254563.74,0.1355,1,0.0,0
2022-10-18,sh.600015,4.2037668,4.2037668,4.17079608,4.17903876,4.18728144,15097635,76622797.23,0.1177,1,-0.1969,0
2022-10-19,sh.600015,4.17903876,4.18728144,4.14606804,4.15431072,4.17903876,13974373,70605675.65,0.109,1,-0.5917,0
2022-10-20,sh.600015,4.15431072,4.17903876,4.14606804,4.17079608,4.15431072,15549581,78508443.65,0.1213,1,0.3968,0
2022-10-21,sh.600015,4.17079608,4.17903876,4.14606804,4.14606804,4.17079608,12470585,62988940.68,0.0973,1,-0.5929,0
2022-10-24,sh.600015,4.15431072,4.15431072,4.0389132,4.04715588,4.14606804,43266072,214953335.49,0.3374,1,-2.3857,0
2022-10-25,sh.600015,4.05539856,4.06364124,3.9976998,4.00594248,4.04715588,30362947,148180284.76,0.2368,1,-1.0183,0
2022-10-26,sh.600015,4.01418516,4.0389132,3.98121444,3.9976998,4.00594248,22420297,109194664.85,0.1748,1,-0.2058,0
2022-10-27,sh.600015,4.00594248,4.02242784,3.9976998,3.9976998,3.9976998,16525049,80392225.58,0.1289,1,0.0,0
2022-10-28,sh.600015,3.9976998,4.01418516,3.93175836,3.9564864,3.9976998,24125635,116415882.35,0.1881,1,-1.0309,0
2022-10-31,sh.600015,3.94824372,3.9976998,3.93175836,3.94824372,3.9564864,32723526,157084641.72,0.2552,1,-0.2083,0
2022-11-01,sh.600015,3.94824372,3.9976998,3.94000104,3.98945712,3.94824372,24651631,118757635.78,0.1923,1,1.0438,0
2022-11-02,sh.600015,3.98121444,4.01418516,3.96472908,3.9976998,3.98945712,16977152,82160170.19,0.1324,1,0.2066,0
2022-11-03,sh.600015,3.98121444,3.9976998,3.96472908,3.98121444,3.9976998,14071244,67973494.23,0.1097,1,-0.4124,0
2022-11-04,sh.600015,3.98121444,4.0389132,3.97297176,4.0389132,3.98121444,21060632,102654145.44,0.1642,1,1.4493,0
2022-11-07,sh.600015,4.03067052,4.04715588,4.01418516,4.04715588,4.0389132,16650123,81475246.73,0.1298,1,0.2041,0
2022-11-08,sh.600015,4.0389132,4.04715588,4.02242784,4.0389132,4.04715588,12094713,59216768.09,0.0943,1,-0.2037,0
2022-11-09,sh.600015,4.04715588,4.05539856,4.02242784,4.03067052,4.0389132,10142083,49690083.16,0.0791,1,-0.2041,0
2022-11-10,sh.600015,4.02242784,4.0389132,4.00594248,4.0389132,4.03067052,11238513,54880880.58,0.0876,1,0.2045,0
2022-11-11,sh.600015,4.07188392,4.12134,4.05539856,4.10485464,4.0389132,35462212,175765212.4,0.2766,1,1.6327,0
2022-11-14,sh.600015,4.11309732,4.1625534,4.10485464,4.12134,4.10485464,35099090,176229154.48,0.2737,1,0.4016,0
2022-11-15,sh.600015,4.12134,4.1625534,4.10485464,4.13782536,4.12134,23380751,117488548.63,0.1823,1,0.4,0
2022-11-16,sh.600015,4.13782536,4.14606804,4.10485464,4.12134,4.13782536,14595352,72985303.04,0.1138,1,-0.3984,0
2022-11-17,sh.600015,4.11309732,4.12134,4.08836928,4.10485464,4.12134,15516291,77231879.0,0.121,1,-0.4,0
2022-11-18,sh.600015,4.11309732,4.11309732,4.07188392,4.0801266,4.10485464,17416600,86483549.78,0.1358,1,-0.6024,0
2022-11-21,sh.600015,4.07188392,4.0801266,4.04715588,4.06364124,4.0801266,17549423,86520791.44,0.1369,1,-0.404,0
2022-11-22,sh.600015,4.06364124,4.17903876,4.05539856,4.14606804,4.06364124,36620185,183705526.24,0.2856,1,2.0284,0
2022-11-23,sh.600015,4.15431072,4.2449802,4.14606804,4.19552412,4.14606804,47321921,240982708.62,0.369,1,1.1928,0
2022-11-24,sh.600015,4.19552412,4.22025216,4.1625534,4.17079608,4.19552412,24870864,126410835.45,0.194,1,-0.5894,0
2022-11-25,sh.600015,4.17079608,4.25322288,4.17079608,4.2449802,4.17079608,35211985,180689127.38,0.2746,1,1.7787,0
2022-11-28,sh.600015,4.21200948,4.21200948,4.14606804,4.19552412,4.2449802,31001118,157369570.76,0.2418,1,-1.165,0
2022-11-29,sh.600015,4.2037668,4.34389236,4.19552412,4.31916432,4.19552412,58803782,305957679.6,0.4586,1,2.947,0
2022-11-30,sh.600015,4.31092164,4.36037772,4.29443628,4.31916432,4.31916432,46879248,245926173.88,0.3656,1,0.0,0
2022-12-01,sh.600015,4.34389236,4.35213504,4.26146556,4.27795092,4.31916432,35233963,183773069.58,0.2748,1,-0.9542,0
2022-12-02,sh.600015,4.27795092,4.2861936,4.22849484,4.27795092,4.27795092,25947241,134114076.83,0.2024,1,0.0,0
2022-12-05,sh.600015,4.29443628,4.40159112,4.29443628,4.38510576,4.27795092,60947741,322134072.79,0.4753,1,2.5048,0
2022-12-06,sh.600015,4.3686204,4.42631916,4.3686204,4.4098338,4.38510576,47528059,253596205.31,0.3707,1,0.5639,0
2022-12-07,sh.600015,4.39334844,4.44280452,4.35213504,4.40159112,4.4098338,43779350,233624606.25,0.3414,1,-0.1869,0
2022-12-08,sh.600015,4.40159112,4.44280452,4.39334844,4.43456184,4.40159112,33715189,181004712.93,0.2629,1,0.7491,0
2022-12-09,sh.600015,4.43456184,4.45928988,4.3686204,4.3686204,4.43456184,43243164,231160389.54,0.3372,1,-1.487,0
2022-12-12,sh.600015,4.39334844,4.40159112,4.327407,4.34389236,4.3686204,30291666,160466739.6,0.2362,1,-0.566,0
2022-12-13,sh.600015,4.36037772,4.39334844,4.34389236,4.37686308,4.34389236,20514621,108754851.52,0.16,1,0.759,0
2022-12-14,sh.600015,4.36037772,4.39334844,4.327407,4.37686308,4.37686308,20868910,110401499.38,0.1627,1,0.0,0
2022-12-15,sh.600015,4.3686204,4.3686204,4.31916432,4.31916432,4.37686308,20696609,108796746.28,0.1614,1,-1.3183,0
2022-12-16,sh.600015,4.31916432,4.37686308,4.31092164,4.3686204,4.31916432,22018658,116361111.36,0.1717,1,1.145,0
2022-12-19,sh.600015,4.36037772,4.38510576,4.2861936,4.30267896,4.3686204,22661722,118864127.63,0.1767,1,-1.5094,0
2022-12-20,sh.600015,4.29443628,4.31092164,4.2449802,4.26146556,4.30267896,21149005,109734754.85,0.1649,1,-0.9579,0
2022-12-21,sh.600015,4.26970824,4.30267896,4.2449802,4.26146556,4.26146556,14951195,77529969.94,0.1166,1,0.0,0
2022-12-22,sh.600015,4.2861936,4.31092164,4.2449802,4.26146556,4.26146556,14894854,77369912.34,0.1162,1,0.0,0
2022-12-23,sh.600015,4.25322288,4.26970824,4.22025216,4.22025216,4.26146556,12091950,62241438.31,0.0943,1,-0.9671,0
2022-12-26,sh.600015,4.22849484,4.23673752,4.2037668,4.22025216,4.22025216,12440052,63729733.65,0.097,1,0.0,0
2022-12-27,sh.600015,4.23673752,4.29443628,4.22849484,4.26970824,4.22025216,15067242,78135563.44,0.1175,1,1.1719,0
2022-12-28,sh.600015,4.26970824,4.31092164,4.25322288,4.26970824,4.26970824,17261858,89618957.72,0.1346,1,0.0,0
2022-12-29,sh.600015,4.27795092,4.27795092,4.21200948,4.26970824,4.26970824,19908784,102766989.82,0.1553,1,0.0,0
2022-12-30,sh.600015,4.27795092,4.29443628,4.26146556,4.27795092,4.26970824,12639305,65654052.36,0.0986,1,0.1931,0
2023-01-03,sh.600015,4.2861936,4.29443628,4.2449802,4.29443628,4.27795092,20770440,107883208.54,0.162,1,0.3854,0
2023-01-04,sh.600015,4.29443628,4.36037772,4.2861936,4.34389236,4.29443628,28831236,151629676.51,0.2248,1,1.1516,0
2023-01-05,sh.600015,4.35213504,4.3686204,4.327407,4.34389236,4.34389236,16800833,88555108.7,0.131,1,0.0,0
2023-01-06,sh.600015,4.33564968,4.36037772,4.31092164,4.327407,4.34389236,14222438,74701019.42,0.1109,1,-0.3795,0
2023-01-09,sh.600015,4.327407,4.39334844,4.31092164,4.35213504,4.327407,24729341,130532108.04,0.1929,1,0.5714,0
2023-01-10,sh.600015,4.35213504,4.35213504,4.29443628,4.29443628,4.35213504,13935261,73032083.03,0.1087,1,-1.3258,0
2023-01-11,sh.600015,4.30267896,4.31916432,4.2861936,4.30267896,4.29443628,16810087,87774625.07,0.1311,1,0.1919,0
2023-01-12,sh.600015,4.29443628,4.30267896,4.25322288,4.26146556,4.30267896,18981966,98296616.39,0.148,1,-0.9579,0
2023-01-13,sh.600015,4.26146556,4.31092164,4.25322288,4.30267896,4.26146556,24608696,127656301.74,0.1919,1,0.9671,0
2023-01-16,sh.600015,4.30267896,4.33564968,4.26970824,4.2861936,4.30267896,40394317,210670769.97,0.315,1,-0.3831,0
2023-01-17,sh.600015,4.2861936,4.2861936,4.23673752,4.26146556,4.2861936,29431441,151958099.15,0.2295,1,-0.5769,0
2023-01-18,sh.600015,4.25322288,4.327407,4.2449802,4.30267896,4.26146556,32613524,169671906.58,0.2543,1,0.9671,0
2023-01-19,sh.600015,4.2861936,4.30267896,4.27795092,4.29443628,4.30267896,17267842,89811900.49,0.1347,1,-0.1916,0
2023-01-20,sh.600015,4.29443628,4.31092164,4.2861936,4.31092164,4.29443628,18506244,96543780.47,0.1443,1,0.3839,0
2023-01-30,sh.600015,4.33564968,4.35213504,4.31092164,4.31916432,4.31092164,27834662,146100591.03,0.2171,1,0.1912,0
2023-01-31,sh.600015,4.31916432,4.327407,4.29443628,4.29443628,4.31916432,20718925,108357205.16,0.1616,1,-0.5725,0
2023-02-01,sh.600015,4.30267896,4.31092164,4.2861936,4.30267896,4.29443628,19148395,99845562.1,0.1493,1,0.1919,0
2023-02-02,sh.600015,4.31916432,4.31916432,4.27795092,4.27795092,4.30267896,22620279,117744903.03,0.1764,1,-0.5747,0
2023-02-03,sh.600015,4.27795092,4.2861936,4.2449802,4.25322288,4.27795092,30470143,157418646.37,0.2376,1,-0.578,0
2023-02-06,sh.600015,4.26146556,4.26146556,4.22849484,4.23673752,4.25322288,23297663,119893872.82,0.1817,1,-0.3876,0
2023-02-07,sh.600015,4.2449802,4.25322288,4.23673752,4.2449802,4.23673752,20557246,105770827.24,0.1603,1,0.1946,0
2023-02-08,sh.600015,4.2449802,4.25322288,4.22849484,4.22849484,4.2449802,13516549,69523400.59,0.1054,1,-0.3883,0
2023-02-09,sh.600015,4.22849484,4.25322288,4.22849484,4.25322288,4.22849484,18156935,93479650.49,0.1416,1,0.5848,0
2023-02-10,sh.600015,4.2449802,4.25322288,4.23673752,4.2449802,4.25322288,18155185,93486026.79,0.1416,1,-0.1938,0
2023-02-13,sh.600015,4.2449802,4.25322288,4.22849484,4.23673752,4.2449802,25952150,133425841.0,0.2024,1,-0.1942,0
2023-02-14,sh.600015,4.23673752,4.25322288,4.23673752,4.2449802,4.23673752,23470671,120821047.01,0.183,1,0.1946,0
2023-02-15,sh.600015,4.2449802,4.25322288,4.22849484,4.23673752,4.2449802,18693086,96163737.68,0.1458,1,-0.1942,0
2023-02-16,sh.600015,4.23673752,4.26970824,4.22025216,4.22849484,4.23673752,32238705,166172380.9,0.2514,1,-0.1946,0
2023-02-17,sh.600015,4.22849484,4.2449802,4.19552412,4.19552412,4.22849484,25413340,130122332.17,0.1982,1,-0.7797,0
2023-02-20,sh.600015,4.2037668,4.26970824,4.2037668,4.26970824,4.19552412,34181450,175891875.37,0.2666,1,1.7682,0
2023-02-21,sh.600015,4.27795092,4.29443628,4.26146556,4.29443628,4.26970824,27924868,145043747.65,0.2178,1,0.5792,0
2023-02-22,sh.600015,4.2861936,4.29443628,4.26970824,4.26970824,4.29443628,14623397,75907197.65,0.114,1,-0.5758,0
2023-02-23,sh.600015,4.27795092,4.29443628,4.26970824,4.27795092,4.26970824,22760678,118285601.1,0.1775,1,0.1931,0
2023-02-24,sh.600015,4.30267896,4.31916432,4.2861936,4.2861936,4.27795092,31908099,166598282.09,0.2488,1,0.1927,0
2023-02-27,sh.600015,4.2861936,4.30267896,4.26970824,4.26970824,4.2861936,21367252,111079624.36,0.1666,1,-0.3846,0
2023-02-28,sh.600015,4.27795092,4.30267896,4.26970824,4.30267896,4.26970824,22350419,116212020.14,0.1743,1,0.7722,0
2023-03-01,sh.600015,4.29443628,4.34389236,4.29443628,4.33564968,4.30267896,27686360,145259967.75,0.2159,1,0.7663,0
2023-03-02,sh.600015,4.33564968,4.36037772,4.327407,4.36037772,4.33564968,25083944,132291708.25,0.1956,1,0.5703,0
2023-03-03,sh.600015,4.36037772,4.42631916,4.34389236,4.41807648,4.36037772,42194628,224838399.04,0.3291,1,1.3233,0
2023-03-06,sh.600015,4.4098338,4.44280452,4.38510576,4.38510576,4.41807648,34732220,185833124.59,0.2709,1,-0.7463,0
2023-03-07,sh.600015,4.38510576,4.54171668,4.38510576,4.43456184,4.38510576,87568148,474981579.18,0.6829,1,1.1278,0
2023-03-08,sh.600015,4.4098338,4.43456184,4.39334844,4.42631916,4.43456184,30374661,162554335.24,0.2369,1,-0.1859,0
2023-03-09,sh.600015,4.41807648,4.46753256,4.4098338,4.41807648,4.42631916,27956152,150317585.87,0.218,1,-0.1862,0
2023-03-10,sh.600015,4.39334844,4.41807648,4.33564968,4.35213504,4.41807648,32857404,174253124.1,0.2562,1,-1.4925,0
2023-03-13,sh.600015,4.327407,4.37686308,4.31916432,4.3686204,4.35213504,29899174,157793952.84,0.2332,1,0.3788,0
2023-03-14,sh.600015,4.35213504,4.36037772,4.2861936,4.33564968,4.3686204,30213302,158775643.85,0.2356,1,-0.7547,0
2023-03-15,sh.600015,4.36037772,4.37686308,4.34389236,4.3686204,4.33564968,21662468,114631551.54,0.1689,1,0.7605,0
2023-03-16,sh.600015,4.35213504,4.43456184,4.33564968,4.39334844,4.3686204,40836559,218309043.55,0.3185,1,0.566,0
2023-03-17,sh.600015,4.4098338,4.4510472,4.39334844,4.40159112,4.39334844,33839859,181476853.31,0.2639,1,0.1876,0
2023-03-20,sh.600015,4.4098338,4.47577524,4.40159112,4.4098338,4.40159112,42476007,228615432.66,0.3313,1,0.1873,0
2023-03-21,sh.600015,4.41807648,4.45928988,4.39334844,4.4098338,4.4098338,30271807,162395211.94,0.2361,1,0.0,0
2023-03-22,sh.600015,4.41807648,4.45928988,4.40159112,4.45928988,4.4098338,28066923,151107181.96,0.2189,1,1.1215,0
2023-03-23,sh.600015,4.44280452,4.4922606,4.43456184,4.48401792,4.45928988,19826401,107415744.16,0.1546,1,0.5545,0
2023-03-24,sh.600015,4.48401792,4.4922606,4.4510472,4.4510472,4.48401792,28587226,155153562.77,0.2229,1,-0.7353,0
2023-03-27,sh.600015,4.45928988,4.47577524,4.41807648,4.42631916,4.4510472,30505381,164547745.06,0.2379,1,-0.5556,0
2023-03-28,sh.600015,4.43456184,4.48401792,4.42631916,4.45928988,4.42631916,20872999,112935099.52,0.1628,1,0.7449,0
2023-03-29,sh.600015,4.46753256,4.48401792,4.41807648,4.42631916,4.45928988,18944284,101950295.45,0.1477,1,-0.7394,0
2023-03-30,sh.600015,4.4510472,4.4922606,4.41807648,4.46753256,4.42631916,27043505,145983374.71,0.2109,1,0.9311,0
2023-03-31,sh.600015,4.4510472,4.48401792,4.42631916,4.43456184,4.46753256,24000127,129636836.68,0.1872,1,-0.738,0
2023-04-03,sh.600015,4.4510472,4.46753256,4.42631916,4.45928988,4.43456184,27736383,149732924.17,0.2163,1,0.5576,0
2023-04-04,sh.600015,4.4510472,4.50050328,4.43456184,4.4922606,4.45928988,31597108,171646015.25,0.2464,1,0.7394,0
2023-04-06,sh.600015,4.47577524,4.48401792,4.43456184,4.44280452,4.4922606,23673713,127875939.62,0.1846,1,-1.1009,0
2023-04-07,sh.600015,4.4510472,4.4510472,4.41807648,4.43456184,4.44280452,19267300,103655488.74,0.1503,1,-0.1855,0
2023-04-10,sh.600015,4.44280452,4.44280452,4.4098338,4.41807648,4.43456184,19493867,104582513.89,0.152,1,-0.3717,0
2023-04-11,sh.600015,4.41807648,4.43456184,4.39334844,4.42631916,4.41807648,20232454,108459697.25,0.1578,1,0.1866,0
2023-04-12,sh.600015,4.43456184,4.48401792,4.42631916,4.46753256,4.42631916,29532365,159979482.0,0.2303,1,0.9311,0
2023-04-13,sh.600015,4.46753256,4.50874596,4.45928988,4.48401792,4.46753256,27651611,150415282.54,0.2156,1,0.369,0
2023-04-14,sh.600015,4.50050328,4.51698864,4.47577524,4.4922606,4.48401792,20723777,112947691.28,0.1616,1,0.1838,0
2023-04-17,sh.600015,4.48401792,4.59941544,4.47577524,4.59941544,4.4922606,51469724,284371503.01,0.4014,1,2.3853,0
2023-04-18,sh.600015,4.59117276,4.6983276,4.5746874,4.67359956,4.59941544,68820614,389070680.65,0.5367,1,1.6129,0
2023-04-19,sh.600015,4.67359956,4.78899708,4.66535688,4.739541,4.67359956,75695366,434440077.48,0.5903,1,1.4109,0
2023-04-20,sh.600015,4.74778368,4.7807544,4.69008492,4.76426904,4.739541,48084103,276399848.43,0.375,1,0.5217,0
2023-04-21,sh.600015,4.75602636,4.8631812,4.73129832,4.75602636,4.76426904,65902180,383914710.28,0.5139,1,-0.173,0
2023-04-24,sh.600015,4.74778368,4.78899708,4.70657028,4.72305564,4.75602636,41737965,239936573.56,0.3255,1,-0.6932,0
2023-04-25,sh.600015,4.72305564,4.8631812,4.71481296,4.81372512,4.72305564,64857352,378698381.98,0.5058,1,1.9197,0
2023-04-26,sh.600015,4.80548244,4.81372512,4.70657028,4.77251172,4.81372512,48438549,280120642.71,0.3778,1,-0.8562,0
2023-04-27,sh.600015,4.7807544,4.78899708,4.72305564,4.7807544,4.77251172,44762664,258606106.03,0.3491,1,0.1727,0
2023-04-28,sh.600015,4.7807544,4.7807544,4.70657028,4.74778368,4.7807544,55750348,320725799.16,0.4348,1,-0.6897,0
2023-05-04,sh.600015,4.72305564,4.96209336,4.68184224,4.95385068,4.74778368,110525974,651750886.92,0.862,1,4.3403,0
2023-05-05,sh.600015,4.93736532,5.05276284,4.91263728,4.95385068,4.95385068,77214985,465972266.38,0.6022,1,0.0,0
2023-05-08,sh.600015,4.96209336,5.28355788,4.945608,5.1928884,4.95385068,143570704,897081468.0,1.1197,1,4.8253,0
2023-05-09,sh.600015,5.2341018,5.357742,5.18464572,5.20113108,5.1928884,142840924,913848443.77,1.114,1,0.1587,0
2023-05-10,sh.600015,5.1928884,5.20113108,4.9868214,5.01154944,5.20113108,87007786,535432259.68,0.6785,1,-3.645,0
2023-05-11,sh.600015,5.06100552,5.07749088,4.97857872,5.00330676,5.01154944,47808672,290943113.61,0.3728,1,-0.1645,0
2023-05-12,sh.600015,4.99506408,5.01979212,4.93736532,4.97033604,5.00330676,42408023,255723695.16,0.3307,1,-0.659,0
2023-05-15,sh.600015,4.95385068,5.0280348,4.85493852,5.00330676,4.97033604,57257650,341811564.08,0.4465,1,0.6633,0
2023-05-16,sh.600015,5.01154944,5.0692482,4.97033604,5.00330676,5.00330676,39138380,238361561.98,0.3052,1,0.0,0
2023-05-17,sh.600015,4.9868214,5.01979212,4.92087996,4.97033604,5.00330676,28969691,174777606.61,0.2259,1,-0.659,0
2023-05-18,sh.600015,5.01979212,5.26707252,5.00330676,5.17640304,4.97033604,128384701,805486491.26,1.0012,1,4.1459,0
2023-05-19,sh.600015,5.151675,5.15991768,4.97857872,5.00330676,5.17640304,75915735,463598537.67,0.592,1,-3.3439,0
2023-05-22,sh.600015,4.99506408,5.0280348,4.945608,4.97033604,5.00330676,43061265,260497425.84,0.3358,1,-0.659,0
2023-05-23,sh.600015,4.96209336,5.01154944,4.87966656,4.87966656,4.97033604,42044389,251470276.37,0.3279,1,-1.8242,0
2023-05-24,sh.600015,4.85493852,4.85493852,4.71481296,4.739541,4.87966656,51482539,298501464.81,0.4015,1,-2.8716,0
2023-05-25,sh.600015,4.72305564,4.74778368,4.66535688,4.73129832,4.739541,37418163,213814898.25,0.2918,1,-0.1739,0
2023-05-26,sh.600015,4.739541,4.78899708,4.69008492,4.739541,4.73129832,28518790,163860472.5,0.2224,1,0.1742,0
2023-05-29,sh.600015,4.739541,4.80548244,4.739541,4.77251172,4.739541,26180678,151441987.22,0.2042,1,0.6957,0
2023-05-30,sh.600015,4.77251172,4.81372512,4.73129832,4.7807544,4.77251172,23229944,134262599.68,0.1812,1,0.1727,0
2023-05-31,sh.600015,4.75602636,4.78899708,4.73129832,4.76426904,4.7807544,19461299,112315651.58,0.1518,1,-0.3448,0
2023-06-01,sh.600015,4.75602636,4.79723976,4.70657028,4.72305564,4.76426904,24117723,138821085.11,0.1881,1,-0.8651,0
2023-06-02,sh.600015,4.73129832,4.76426904,4.72305564,4.74778368,4.72305564,22422125,128995046.52,0.1749,1,0.5236,0
2023-06-05,sh.600015,4.74778368,4.87142388,4.739541,4.80548244,4.74778368,31953241,186254890.13,0.2492,1,1.2153,0
2023-06-06,sh.600015,4.80548244,4.87966656,4.78899708,4.80548244,4.80548244,35935986,210829033.07,0.2803,1,0.0,0
2023-06-07,sh.600015,4.81372512,4.87142388,4.80548244,4.8631812,4.80548244,21496529,126304612.12,0.1676,1,1.2007,0
2023-06-08,sh.600015,4.8631812,4.93736532,4.84669584,4.93736532,4.8631812,33562259,199614187.2,0.2617,1,1.5254,0
2023-06-09,sh.600015,4.92912264,4.95385068,4.91263728,4.92087996,4.93736532,27253589,163200986.43,0.2125,1,-0.3339,0
2023-06-12,sh.600015,4.91263728,4.92087996,4.8219678,4.83021048,4.92087996,30188179,177870359.79,0.2354,1,-1.8425,0
2023-06-13,sh.600015,4.84669584,4.88790924,4.83021048,4.88790924,4.83021048,25666203,151440389.21,0.2002,1,1.1945,0
2023-06-14,sh.600015,4.87966656,4.89615192,4.78899708,4.78899708,4.88790924,30660233,179703531.55,0.2391,1,-2.0236,0
2023-06-15,sh.600015,4.80548244,4.83021048,4.7807544,4.80548244,4.78899708,21166060,123267744.69,0.1651,1,0.3442,0
2023-06-16,sh.600015,4.81372512,4.83021048,4.78899708,4.81372512,4.80548244,24713007,144301087.0,0.1927,1,0.1715,0
2023-06-19,sh.600015,4.8219678,4.85493852,4.79723976,4.80548244,4.81372512,41979022,245921901.11,0.3274,1,-0.1712,0
2023-06-20,sh.600015,4.79723976,4.80548244,4.75602636,4.75602636,4.80548244,32708770,189605650.96,0.2551,1,-1.0292,0
2023-06-21,sh.600015,4.7736758,4.8354424,4.7472044,4.7472044,4.7560282,32402282,175744982.21,0.2527,1,-0.1855,0
2023-06-26,sh.600015,4.7383806,4.7472044,4.6501426,4.6677902,4.7472044,31621507,167822709.36,0.2466,1,-1.6729,0
2023-06-27,sh.600015,4.6677902,4.7472044,4.6589664,4.720733,4.6677902,17139616,91537487.62,0.1337,1,1.1342,0
2023-06-28,sh.600015,4.720733,4.764852,4.7119092,4.7383806,4.720733,14715101,78984819.16,0.1148,1,0.3738,0
2023-06-29,sh.600015,4.7383806,4.7913234,4.720733,4.764852,4.7383806,15142291,81670871.62,0.1181,1,0.5587,0
2023-06-30,sh.600015,4.764852,4.8001472,4.7560282,4.7736758,4.764852,13053648,70720894.83,0.1018,1,0.1852,0
2023-07-03,sh.600015,4.7824996,4.8442662,4.7736758,4.8354424,4.7736758,20447335,111435408.67,0.1595,1,1.2939,0
2023-07-04,sh.600015,4.8266186,4.8266186,4.7383806,4.764852,4.8354424,23706641,128178665.55,0.1849,1,-1.4599,0
2023-07-05,sh.600015,4.7736758,4.7736758,4.7295568,4.7560282,4.764852,14594518,78630760.41,0.1138,1,-0.1852,0
2023-07-06,sh.600015,4.7560282,4.764852,4.676614,4.6942616,4.7560282,23083627,123233756.56,0.18,1,-1.2987,0
2023-07-07,sh.600015,4.6854378,4.7560282,4.676614,4.7383806,4.6942616,17249815,92405434.17,0.1345,1,0.9398,0
2023-07-10,sh.600015,4.7560282,4.764852,4.720733,4.7295568,4.7383806,11246303,60421330.84,0.0877,1,-0.1862,0
2023-07-11,sh.600015,4.7472044,4.7824996,4.7383806,4.764852,4.7295568,13657456,73702078.47,0.1065,1,0.7463,0
2023-07-12,sh.600015,4.7736758,4.8001472,4.7472044,4.7560282,4.764852,12729464,68934474.58,0.0993,1,-0.1852,0
2023-07-13,sh.600015,4.7736758,4.8442662,4.764852,4.8442662,4.7560282,21674974,118255414.72,0.169,1,1.8553,0
2023-07-14,sh.600015,4.8442662,4.897209,4.8177948,4.8707376,4.8442662,15693326,86552551.47,0.1224,1,0.5464,0
2023-07-17,sh.600015,4.8619138,4.8707376,4.8177948,4.85309,4.8707376,11015425,60367571.84,0.0859,1,-0.3623,0
2023-07-18,sh.600015,4.85309,4.8707376,4.8177948,4.8266186,4.85309,11024936,60409626.71,0.086,1,-0.5455,0
2023-07-19,sh.600015,4.8266186,4.8883852,4.808971,4.8707376,4.8266186,14203444,78082559.75,0.1108,1,0.9141,0
2023-07-20,sh.600015,4.8883852,4.9148566,4.8619138,4.8707376,4.8707376,14115844,78256247.08,0.1101,1,0.0,0
2023-07-21,sh.600015,4.8795614,4.897209,4.8619138,4.8883852,4.8707376,12379902,68471031.38,0.0965,1,0.3623,0
2023-07-24,sh.600015,4.8707376,4.9060328,4.8619138,4.8883852,4.8883852,13683514,75787653.49,0.1067,1,0.0,0
2023-07-25,sh.600015,4.9060328,4.9589756,4.897209,4.9501518,4.8883852,25320688,141548556.49,0.1975,1,1.2635,0
2023-07-26,sh.600015,4.941328,4.9589756,4.9060328,4.9325042,4.9501518,20822483,116452626.65,0.1624,1,-0.3565,0
2023-07-27,sh.600015,4.941328,5.0119184,4.9325042,4.9589756,4.9325042,24494761,138199980.52,0.191,1,0.5367,0
2023-07-28,sh.600015,4.9677994,5.0913326,4.9501518,5.0913326,4.9589756,39303759,224632794.21,0.3065,1,2.669,0
2023-07-31,sh.600015,5.1001564,5.1530992,5.0648612,5.117804,5.0913326,40445006,234128623.59,0.3154,1,0.5199,0
2023-08-01,sh.600015,5.117804,5.1442754,5.073685,5.117804,5.117804,30869982,178795978.82,0.2407,1,0.0,0
2023-08-02,sh.600015,5.1001564,5.1266278,5.0383898,5.0560374,5.117804,30088485,172805848.58,0.2347,1,-1.2069,0
2023-08-03,sh.600015,5.0648612,5.117804,5.029566,5.1001564,5.0560374,27836271,160089774.2,0.2171,1,0.8726,0
2023-08-04,sh.600015,5.1266278,5.1707468,5.0913326,5.1089802,5.1001564,29708012,172743918.3,0.2317,1,0.173,0
2023-08-07,sh.600015,5.0913326,5.0913326,5.0207422,5.0472136,5.1089802,24100504,137823094.99,0.188,1,-1.209,0
2023-08-08,sh.600015,5.0472136,5.1001564,5.0207422,5.0560374,5.0472136,19967851,114500555.72,0.1557,1,0.1748,0
2023-08-09,sh.600015,5.0648612,5.0913326,5.0472136,5.0560374,5.0560374,17090660,98127433.1,0.1333,1,0.0,0
2023-08-10,sh.600015,5.0648612,5.0825088,5.0207422,5.073685,5.0560374,18232566,104399272.82,0.1422,1,0.349,0
2023-08-11,sh.600015,5.0648612,5.0825088,4.941328,4.941328,5.073685,26675094,151027247.52,0.208,1,-2.6087,0
2023-08-14,sh.600015,4.9236804,4.941328,4.8619138,4.9236804,4.941328,24440295,135983843.45,0.1906,1,-0.3571,0
2023-08-15,sh.600015,4.9236804,4.9942708,4.9148566,4.9766232,4.9236804,17333187,97368157.37,0.1352,1,1.0753,0
2023-08-16,sh.600015,4.9589756,5.0119184,4.9325042,4.985447,4.9766232,16552391,93393870.66,0.1291,1,0.1773,0
2023-08-17,sh.600015,4.9677994,4.9766232,4.8795614,4.9148566,4.985447,25920825,144561311.04,0.2021,1,-1.4159,0
2023-08-18,sh.600015,4.9148566,4.985447,4.9060328,4.9236804,4.9148566,20518917,115101159.25,0.16,1,0.1795,0
2023-08-21,sh.600015,4.941328,4.9589756,4.8619138,4.8707376,4.9236804,24708457,137382028.47,0.1927,1,-1.0753,0
2023-08-22,sh.600015,4.8795614,4.9325042,4.8707376,4.9236804,4.8707376,18481819,102681479.69,0.1441,1,1.087,0
2023-08-23,sh.600015,4.9236804,4.9677994,4.9060328,4.9148566,4.9236804,20338936,113826294.81,0.1586,1,-0.1792,0
2023-08-24,sh.600015,4.9148566,4.9325042,4.8619138,4.8619138,4.9148566,20192156,111728560.12,0.1575,1,-1.0772,0
2023-08-25,sh.600015,4.8619138,4.941328,4.85309,4.9236804,4.8619138,22339287,124407904.2,0.1742,1,1.2704,0
2023-08-28,sh.600015,5.161923,5.1883944,5.0825088,5.117804,4.9236804,103020370,599551221.07,0.8034,1,3.9427,0
2023-08-29,sh.600015,5.1001564,5.1266278,4.9677994,4.9766232,5.117804,67767857,384402679.41,0.5285,1,-2.7586,0
2023-08-30,sh.600015,4.9766232,4.985447,4.9325042,4.9501518,4.9766232,29304694,164440350.75,0.2285,1,-0.5319,0
2023-08-31,sh.600015,4.941328,4.985447,4.8883852,4.8883852,4.9501518,26133389,145995020.31,0.2038,1,-1.2478,0
2023-09-01,sh.600015,4.897209,4.9501518,4.8883852,4.9148566,4.8883852,19840340,110749577.83,0.1547,1,0.5415,0
2023-09-04,sh.600015,4.9325042,5.0030946,4.9236804,4.9766232,4.9148566,31773429,179250062.11,0.2478,1,1.2567,0
2023-09-05,sh.600015,4.9766232,4.9766232,4.9236804,4.941328,4.9766232,20566195,115137752.04,0.1604,1,-0.7092,0
2023-09-06,sh.600015,4.9325042,4.941328,4.8883852,4.9325042,4.941328,18902908,105362058.8,0.1474,1,-0.1786,0
2023-09-07,sh.600015,4.9236804,4.9589756,4.9060328,4.9060328,4.9325042,16236266,90679527.48,0.1266,1,-0.5367,0
2023-09-08,sh.600015,4.9060328,4.9236804,4.8883852,4.897209,4.9060328,11772367,65460920.6,0.0918,1,-0.1799,0
2023-09-11,sh.600015,4.9148566,4.9501518,4.897209,4.9325042,4.897209,19221200,107370725.43,0.1499,1,0.7207,0
2023-09-12,sh.600015,4.9236804,4.9501518,4.9060328,4.9148566,4.9325042,17715232,98850224.33,0.1382,1,-0.3578,0
2023-09-13,sh.600015,4.9236804,4.9325042,4.8883852,4.9236804,4.9148566,22439575,124972172.17,0.175,1,0.1795,0
2023-09-14,sh.600015,4.9236804,4.9677994,4.9060328,4.9589756,4.9236804,35841774,200858485.82,0.2795,1,0.7168,0
2023-09-15,sh.600015,4.9677994,5.029566,4.9501518,4.9677994,4.9589756,46030090,260117573.25,0.359,1,0.1779,0
2023-09-18,sh.600015,4.9677994,4.9677994,4.9060328,4.941328,4.9677994,24741723,138357224.41,0.193,1,-0.5329,0
2023-09-19,sh.600015,4.9325042,5.0119184,4.9236804,5.0030946,4.941328,39575283,223229320.87,0.3086,1,1.25,0
2023-09-20,sh.600015,5.0119184,5.029566,4.985447,5.0207422,5.0030946,26116693,148520761.79,0.2037,1,0.3527,0
2023-09-21,sh.600015,5.029566,5.0472136,4.985447,4.9942708,5.0207422,28549429,162248248.82,0.2226,1,-0.5272,0
2023-09-22,sh.600015,5.0030946,5.0207422,4.9677994,5.0119184,4.9942708,26578224,150465525.18,0.2073,1,0.3534,0
2023-09-25,sh.600015,5.0119184,5.0648612,4.9942708,5.0560374,5.0119184,37921253,216717067.84,0.2957,1,0.8803,0
2023-09-26,sh.600015,5.0560374,5.0913326,5.0472136,5.0825088,5.0560374,28457095,163551558.85,0.2219,1,0.5236,0
2023-09-27,sh.600015,5.0913326,5.1001564,5.029566,5.0472136,5.0825088,26597289,152488475.37,0.2074,1,-0.6944,0
2023-09-28,sh.600015,5.0560374,5.073685,5.0383898,5.0472136,5.0472136,22776551,130429332.91,0.1776,1,0.0,0
2023-10-09,sh.600015,5.0207422,5.0383898,4.9501518,5.0119184,5.0472136,29347698,166275227.82,0.2289,1,-0.6993,0
2023-10-10,sh.600015,4.9942708,5.0383898,4.985447,4.985447,5.0119184,23209033,131522369.13,0.181,1,-0.5282,0
2023-10-11,sh.600015,4.9942708,5.0030946,4.941328,4.9501518,4.985447,27785361,156566902.16,0.2167,1,-0.708,0
2023-10-12,sh.600015,5.0030946,5.0648612,4.9942708,5.0383898,4.9501518,34717190,198148252.63,0.2707,1,1.7825,0
2023-10-13,sh.600015,5.0207422,5.117804,5.0119184,5.073685,5.0383898,33954912,195374765.72,0.2648,1,0.7005,0
2023-10-16,sh.600015,5.0825088,5.0913326,5.029566,5.0825088,5.073685,20968458,120328848.16,0.1635,1,0.1739,0
2023-10-17,sh.600015,5.073685,5.117804,5.0648612,5.0913326,5.0825088,19480008,112454039.23,0.1519,1,0.1736,0
2023-10-18,sh.600015,5.0913326,5.1266278,5.0560374,5.0648612,5.0913326,24356329,140653661.02,0.1899,1,-0.5199,0
2023-10-19,sh.600015,5.0560374,5.073685,4.9148566,4.9589756,5.0648612,35824384,202618165.49,0.2794,1,-2.0906,0
2023-10-20,sh.600015,4.9589756,4.9942708,4.9236804,4.9501518,4.9589756,27251120,153045239.79,0.2125,1,-0.1779,0
2023-10-23,sh.600015,4.9501518,4.9766232,4.897209,4.9236804,4.9501518,22632109,126653359.23,0.1765,1,-0.5348,0
2023-10-24,sh.600015,4.9236804,4.941328,4.8619138,4.8707376,4.9236804,29817945,165221139.12,0.2325,1,-1.0753,0
2023-10-25,sh.600015,4.897209,4.941328,4.85309,4.9325042,4.8707376,29380335,163184176.2,0.2291,1,1.2681,0
2023-10-26,sh.600015,4.9148566,5.0207422,4.9060328,5.0119184,4.9325042,31158763,176111387.6,0.243,1,1.61,0
2023-10-27,sh.600015,5.0030946,5.0472136,4.9677994,4.985447,5.0119184,22590235,127977177.0,0.1762,1,-0.5282,0
2023-10-30,sh.600015,4.9942708,4.9942708,4.8883852,4.897209,4.985447,40046826,223566171.76,0.3123,1,-1.7699,0
2023-10-31,sh.600015,4.9060328,4.9501518,4.8883852,4.941328,4.897209,27297770,152368626.98,0.2129,1,0.9009,0
2023-11-01,sh.600015,4.9501518,4.985447,4.941328,4.9677994,4.941328,24574434,138249646.71,0.1916,1,0.5357,0
2023-11-02,sh.600015,4.9677994,5.0472136,4.9589756,5.0207422,4.9677994,29259680,166415389.6,0.2282,1,1.0657,0
2023-11-03,sh.600015,5.029566,5.0383898,4.9589756,4.9677994,5.0207422,26081494,147360074.02,0.2034,1,-1.0545,0
2023-11-06,sh.600015,4.985447,4.9942708,4.9148566,4.9325042,4.9677994,46595965,260985160.78,0.3634,1,-0.7105,0
2023-11-07,sh.600015,4.9236804,4.9501518,4.897209,4.9236804,4.9325042,26692250,148948250.78,0.2082,1,-0.1789,0
2023-11-08,sh.600015,4.9236804,4.941328,4.897209,4.9148566,4.9236804,22897113,127468225.15,0.1786,1,-0.1792,0
2023-11-09,sh.600015,4.9148566,4.9589756,4.897209,4.9325042,4.9148566,22713868,126958091.32,0.1771,1,0.3591,0
2023-11-10,sh.600015,4.9236804,4.941328,4.897209,4.9060328,4.9325042,16703911,92954603.23,0.1303,1,-0.5367,0
2023-11-13,sh.600015,4.9060328,4.9236804,4.85309,4.8795614,4.9060328,25607582,141381939.57,0.1997,1,-0.5396,0
2023-11-14,sh.600015,4.8795614,4.9325042,4.8795614,4.9236804,4.8795614,22472728,125230769.61,0.1753,1,0.9042,0
2023-11-15,sh.600015,4.9325042,4.9589756,4.9148566,4.9325042,4.9236804,17633500,98650214.8,0.1375,1,0.1792,0
2023-11-16,sh.600015,4.9325042,4.9677994,4.9148566,4.941328,4.9325042,19424800,108836848.4,0.1515,1,0.1789,0
2023-11-17,sh.600015,4.941328,4.941328,4.897209,4.9060328,4.941328,18001720,100284109.77,0.1404,1,-0.7143,0
2023-11-20,sh.600015,4.9236804,4.941328,4.897209,4.9325042,4.9060328,16874177,94208042.69,0.1316,1,0.5396,0
2023-11-21,sh.600015,4.9501518,5.0119184,4.9325042,4.9677994,4.9325042,32197757,181668501.07,0.2511,1,0.7156,0
2023-11-22,sh.600015,4.9766232,5.0472136,4.9677994,5.0030946,4.9677994,31715978,180316408.21,0.2473,1,0.7105,0
2023-11-23,sh.600015,5.0030946,5.0207422,4.9766232,4.9942708,5.0030946,17045939,96505606.72,0.1329,1,-0.1764,0
2023-11-24,sh.600015,4.9942708,5.0383898,4.985447,5.029566,4.9942708,22734405,129323457.05,0.1773,1,0.7067,0
2023-11-27,sh.600015,5.0383898,5.073685,5.0030946,5.0560374,5.029566,46001410,263253709.41,0.3588,1,0.5263,0
2023-11-28,sh.600015,5.0648612,5.0825088,5.029566,5.0648612,5.0560374,41007369,235409186.57,0.3198,1,0.1745,0
2023-11-29,sh.600015,5.073685,5.1530992,5.0560374,5.073685,5.0648612,40163763,232067499.76,0.3132,1,0.1742,0
2023-11-30,sh.600015,5.073685,5.1354516,5.0560374,5.117804,5.073685,35414137,205170894.05,0.2762,1,0.8696,0
2023-12-01,sh.600015,5.1266278,5.161923,5.1089802,5.1442754,5.117804,36908935,215160125.33,0.2878,1,0.5172,0
2023-12-04,sh.600015,5.1530992,5.2148658,5.1442754,5.1972182,5.1442754,39861516,234821063.59,0.3109,1,1.0292,0
2023-12-05,sh.600015,5.206042,5.206042,5.117804,5.1354516,5.1972182,36618260,214418792.08,0.2856,1,-1.1885,0
2023-12-06,sh.600015,5.1354516,5.161923,5.0648612,5.0825088,5.1354516,36205346,209262952.63,0.2824,1,-1.0309,0
2023-12-07,sh.600015,5.073685,5.161923,5.0383898,5.1442754,5.0825088,55089994,319470462.6,0.4296,1,1.2153,0
2023-12-08,sh.600015,5.1354516,5.1795706,5.0119184,5.0119184,5.1442754,78116130,452855141.55,0.6092,1,-2.5729,0
2023-12-11,sh.600015,5.0383898,5.1530992,4.9589756,5.1442754,5.0119184,65808656,378598977.77,0.5132,1,2.6408,0
2023-12-12,sh.600015,5.117804,5.1883944,5.073685,5.1354516,5.1442754,30421810,177257764.8,0.2372,1,-0.1715,0
2023-12-13,sh.600015,5.1354516,5.1795706,5.117804,5.1266278,5.1354516,20617746,120220874.03,0.1608,1,-0.1718,0
2023-12-14,sh.600015,5.1354516,5.1354516,5.0648612,5.0825088,5.1266278,20410393,117716491.47,0.1592,1,-0.8606,0
2023-12-15,sh.600015,5.0825088,5.1089802,5.029566,5.0383898,5.0825088,21241921,121947188.07,0.1657,1,-0.8681,0
2023-12-18,sh.600015,5.0383898,5.1266278,5.0119184,5.0913326,5.0383898,28122258,162499174.73,0.2193,1,1.0508,0
2023-12-19,sh.600015,5.0913326,5.1089802,5.0560374,5.1001564,5.0913326,22296338,128586733.28,0.1739,1,0.1733,0
2023-12-20,sh.600015,5.1001564,5.1266278,5.0648612,5.073685,5.1001564,18959348,109553977.48,0.1479,1,-0.519,0
2023-12-21,sh.600015,5.073685,5.073685,5.0207422,5.0560374,5.073685,35005537,200242935.58,0.273,1,-0.3478,0
2023-12-22,sh.600015,5.0648612,5.1001564,5.0383898,5.0648612,5.0560374,29579094,169949307.7,0.2307,1,0.1745,0
2023-12-25,sh.600015,5.0560374,5.073685,5.0207422,5.073685,5.0648612,25495870,145944900.44,0.1988,1,0.1742,0
2023-12-26,sh.600015,5.0648612,5.1001564,5.0472136,5.073685,5.073685,21835595,125647414.32,0.1703,1,0.0,0
2023-12-27,sh.600015,5.0560374,5.0825088,5.0383898,5.073685,5.073685,19974087,114554474.01,0.1558,1,0.0,0
2023-12-28,sh.600015,5.0648612,5.1001564,4.9942708,5.0030946,5.073685,59493232,338891452.89,0.464,1,-1.3913,0
2023-12-29,sh.600015,4.9942708,5.0030946,4.9501518,4.9589756,5.0030946,44788764,252179953.15,0.3493,1,-0.8818,0
2024-01-02,sh.600015,4.9677994,5.0648612,4.9589756,5.029566,4.9589756,54888898,312420943.84,0.4281,1,1.4235,0
2024-01-03,sh.600015,5.029566,5.1089802,5.0030946,5.0913326,5.029566,38851033,223176301.44,0.303,1,1.2281,0
2024-01-04,sh.600015,5.0913326,5.1530992,5.0825088,5.117804,5.0913326,34881171,202006631.97,0.272,1,0.5199,0
2024-01-05,sh.600015,5.117804,5.2766324,5.1001564,5.206042,5.117804,59722161,352315745.27,0.4658,1,1.7241,0
2024-01-08,sh.600015,5.206042,5.250161,5.161923,5.1972182,5.206042,38672832,227885000.3,0.2513,1,-0.1695,0
2024-01-09,sh.600015,5.1972182,5.2148658,5.1266278,5.1972182,5.1972182,34258358,201009621.95,0.2226,1,0.0,0
2024-01-10,sh.600015,5.1972182,5.2413372,5.1530992,5.1795706,5.1972182,27597441,162331685.96,0.1794,1,-0.3396,0
2024-01-11,sh.600015,5.1883944,5.1883944,5.1089802,5.117804,5.1795706,41021968,239068515.21,0.2666,1,-1.1925,0
2024-01-12,sh.600015,5.117804,5.1972182,5.1089802,5.1530992,5.117804,30962946,180893174.38,0.2012,1,0.6897,0
2024-01-15,sh.600015,5.161923,5.206042,5.1354516,5.1883944,5.1530992,29910312,175615747.48,0.1944,1,0.6849,0
2024-01-16,sh.600015,5.1883944,5.2589848,5.1707468,5.250161,5.1883944,49195924,291562521.05,0.3197,1,1.1905,0
2024-01-17,sh.600015,5.2589848,5.3031038,5.1972182,5.1972182,5.250161,35287599,210238875.2,0.2293,1,-1.0084,0
2024-01-18,sh.600015,5.206042,5.2236896,5.0207422,5.161923,5.1972182,55941355,323930816.48,0.3636,1,-0.6791,0
2024-01-19,sh.600015,5.1442754,5.1795706,5.0825088,5.117804,5.161923,34965691,203497800.8,0.2272,1,-0.8547,0
2024-01-22,sh.600015,5.117804,5.161923,5.0119184,5.0383898,5.117804,56056829,323970262.25,0.3643,1,-1.5517,0
2024-01-23,sh.600015,5.029566,5.0913326,4.9677994,5.073685,5.0383898,43589329,248889666.22,0.2833,1,0.7005,0
2024-01-24,sh.600015,5.0825088,5.206042,5.073685,5.1883944,5.073685,47067024,274301907.81,0.3059,1,2.2609,0
2024-01-25,sh.600015,5.1883944,5.2766324,5.1795706,5.2678086,5.1883944,45344043,268710884.66,0.2947,1,1.5306,0
2024-01-26,sh.600015,5.2678086,5.3736942,5.2589848,5.3560466,5.2678086,54679997,330766844.64,0.3554,1,1.675,0
2024-01-29,sh.600015,5.3736942,5.470756,5.3736942,5.4178132,5.3560466,57414308,353417297.94,0.3731,1,1.1532,0
2024-01-30,sh.600015,5.3913418,5.4619322,5.3472228,5.3736942,5.4178132,44418449,272172080.62,0.2887,1,-0.8143,0
2024-01-31,sh.600015,5.382518,5.4089894,5.3119276,5.3472228,5.3736942,44021584,267607122.28,0.2861,1,-0.4926,0
2024-02-01,sh.600015,5.3295752,5.3736942,5.29428,5.3207514,5.3472228,50819777,307362330.57,0.3303,1,-0.495,0
2024-02-02,sh.600015,5.3295752,5.4178132,5.2325134,5.3207514,5.3207514,61026422,370342488.01,0.3966,1,0.0,0
2024-02-05,sh.600015,5.3119276,5.4001656,5.2413372,5.3295752,5.3207514,83790891,505431723.06,0.5445,1,0.1658,0
2024-02-06,sh.600015,5.3031038,5.4089894,5.2854562,5.4001656,5.3295752,74055976,449221486.32,0.4813,1,1.3245,0
2024-02-07,sh.600015,5.4001656,5.4001656,5.2589848,5.3207514,5.4001656,84661276,509202507.91,0.5502,1,-1.4706,0
2024-02-08,sh.600015,5.3119276,5.3119276,5.1795706,5.2678086,5.3207514,76555823,453986151.17,0.4975,1,-0.995,0
2024-02-19,sh.600015,5.29428,5.426637,5.2589848,5.4178132,5.2678086,62724578,380197739.97,0.4076,1,2.8476,0
2024-02-20,sh.600015,5.4178132,5.4884036,5.3736942,5.470756,5.4178132,42872340,264528561.35,0.2786,1,0.9772,0
2024-02-21,sh.600015,5.4619322,5.6119368,5.4354608,5.5236988,5.470756,65051166,408762379.76,0.4228,1,0.9677,0
2024-02-22,sh.600015,5.5060512,5.5854654,5.5060512,5.5678178,5.5236988,41448401,260383294.26,0.2694,1,0.7987,0
2024-02-23,sh.600015,5.6119368,5.911946,5.6119368,5.7531176,5.5678178,89318019,585457642.06,0.5805,1,3.3281,0
2024-02-26,sh.600015,5.73547,5.7442938,5.5678178,5.5678178,5.7531176,69088291,441666128.72,0.449,1,-3.2209,0
2024-02-27,sh.600015,5.558994,5.6295844,5.5413464,5.5678178,5.5678178,44309217,279929713.63,0.288,1,0.0,0
2024-02-28,sh.600015,5.5501702,5.647232,5.5060512,5.6119368,5.5678178,55185399,349580390.67,0.3586,1,0.7924,0
2024-02-29,sh.600015,5.5766416,5.6119368,5.5325226,5.5942892,5.6119368,48346150,305622373.47,0.3142,1,-0.3145,0
2024-03-01,sh.600015,5.5766416,5.6119368,5.5678178,5.5942892,5.5942892,37194373,235688669.21,0.2417,1,0.0,0
2024-03-04,sh.600015,5.5854654,5.6119368,5.5413464,5.5766416,5.5942892,37367707,236301856.83,0.2428,1,-0.3155,0
2024-03-05,sh.600015,5.558994,5.6648796,5.558994,5.647232,5.5766416,43942790,280205975.85,0.2856,1,1.2658,0
2024-03-06,sh.600015,5.6560558,5.73547,5.5942892,5.6119368,5.647232,39640489,253821244.28,0.2576,1,-0.625,0
2024-03-07,sh.600015,5.603113,5.6737034,5.5942892,5.6295844,5.6119368,29662059,189413805.04,0.1928,1,0.3145,0
2024-03-08,sh.600015,5.6295844,5.6737034,5.603113,5.6384082,5.6295844,26720196,170617823.62,0.1737,1,0.1567,0
2024-03-11,sh.600015,5.6384082,5.6648796,5.5766416,5.6119368,5.6384082,34253124,217398563.34,0.2226,1,-0.4695,0
2024-03-12,sh.600015,5.603113,5.603113,5.5236988,5.5325226,5.6119368,41484969,261177877.86,0.2696,1,-1.4151,0
2024-03-13,sh.600015,5.5236988,5.5325226,5.4619322,5.514875,5.5325226,28198251,175773308.09,0.1833,1,-0.319,0
2024-03-14,sh.600015,5.4972274,5.5501702,5.4884036,5.5060512,5.514875,22047792,138049216.15,0.1433,1,-0.16,0
2024-03-15,sh.600015,5.5413464,5.5678178,5.5236988,5.5501702,5.5060512,32639637,205157714.51,0.2121,1,0.8013,0
2024-03-18,sh.600015,5.5325226,5.5854654,5.5325226,5.5678178,5.5501702,27892150,175835807.85,0.1813,1,0.318,0
2024-03-19,sh.600015,5.5501702,5.5766416,5.5060512,5.514875,5.5678178,24674423,154803750.95,0.1604,1,-0.9509,0
2024-03-20,sh.600015,5.5060512,5.5766416,5.4795798,5.5413464,5.514875,24167313,151613010.63,0.1571,1,0.48,0
2024-03-21,sh.600015,5.5325226,5.5942892,5.5325226,5.5854654,5.5413464,28967517,182970614.18,0.1883,1,0.7962,0
2024-03-22,sh.600015,5.5854654,5.6119368,5.5325226,5.5766416,5.5854654,29295494,184925606.33,0.1904,1,-0.158,0
2024-03-25,sh.600015,5.5766416,5.6648796,5.558994,5.6295844,5.5766416,38555860,245735374.99,0.2506,1,0.9494,0
2024-03-26,sh.600015,5.6384082,5.73547,5.6295844,5.7178224,5.6295844,50653124,326762964.31,0.3292,1,1.5674,0
2024-03-27,sh.600015,5.7089986,5.779589,5.7001748,5.73547,5.7178224,40008927,260678714.73,0.26,1,0.3086,0
2024-03-28,sh.600015,5.73547,5.7442938,5.6737034,5.7089986,5.73547,42089105,271933510.17,0.2735,1,-0.4615,0
2024-03-29,sh.600015,5.691351,5.7531176,5.6825272,5.7178224,5.7089986,26061206,169151865.43,0.1694,1,0.1546,0
2024-04-01,sh.600015,5.7266462,5.7972366,5.7089986,5.7884128,5.7178224,39532416,258175879.96,0.2569,1,1.2346,0
2024-04-02,sh.600015,5.7972366,5.8325318,5.7707652,5.7884128,5.7884128,32038433,210386259.34,0.2082,1,0.0,0
2024-04-03,sh.600015,5.7884128,5.8148842,5.7266462,5.779589,5.7884128,24575078,160733320.11,0.1597,1,-0.1524,0
2024-04-08,sh.600015,5.7884128,5.8413556,5.7442938,5.8060604,5.779589,34159936,224928568.25,0.222,1,0.458,0
2024-04-09,sh.600015,5.8148842,5.8325318,5.7619414,5.7707652,5.8060604,27436622,179848063.21,0.1783,1,-0.6079,0
2024-04-10,sh.600015,5.7884128,5.8413556,5.7707652,5.8060604,5.7707652,36184779,238409669.49,0.2352,1,0.6116,0
2024-04-11,sh.600015,5.7972366,5.8413556,5.7178224,5.823708,5.8060604,28259110,185996353.72,0.1837,1,0.304,0
2024-04-12,sh.600015,5.8148842,5.8766508,5.7884128,5.8060604,5.823708,29767852,196496294.28,0.1935,1,-0.303,0
2024-04-15,sh.600015,5.8060604,5.8942984,5.779589,5.8766508,5.8060604,39255265,260613630.67,0.2551,1,1.2158,0
2024-04-16,sh.600015,5.8766508,5.911946,5.823708,5.8590032,5.8766508,46066320,306505446.09,0.2994,1,-0.3003,0
2024-04-17,sh.600015,5.8413556,5.9737126,5.7972366,5.9737126,5.8590032,56217674,376070957.04,0.3654,1,1.9578,0
2024-04-18,sh.600015,5.9737126,6.1237172,5.9648888,6.0266554,5.9737126,58145811,397959800.24,0.3779,1,0.8863,0
2024-04-19,sh.600015,6.0354792,6.0972458,6.000184,6.044303,6.0266554,36509092,250237710.01,0.2373,1,0.2928,0
2024-04-22,sh.600015,6.044303,6.1237172,5.956065,6.0090078,6.044303,42117144,287762507.92,0.2737,1,-0.5839,0
2024-04-23,sh.600015,6.000184,6.0707744,5.956065,5.9913602,6.0090078,34016974,231737140.01,0.2211,1,-0.2937,0
2024-04-24,sh.600015,5.9913602,6.0354792,5.9472412,6.0090078,5.9913602,29476039,199916307.2,0.1916,1,0.2946,0
2024-04-25,sh.600015,6.000184,6.0707744,5.9737126,6.0707744,6.0090078,32348711,220994219.54,0.2102,1,1.0279,0
2024-04-26,sh.600015,6.0707744,6.088422,5.9031222,5.956065,6.0707744,52912016,358456697.66,0.3439,1,-1.8895,0
2024-04-29,sh.600015,5.9472412,6.000184,5.9031222,5.9295936,5.956065,43088695,290720736.95,0.28,1,-0.4444,0
2024-04-30,sh.600015,5.9031222,5.9913602,5.8942984,5.9207698,5.9295936,44577362,299850008.22,0.2897,1,-0.1488,0
2024-05-06,sh.600015,5.9737126,5.9913602,5.8501794,5.8854746,5.9207698,61792661,413629638.53,0.4016,1,-0.5961,0
2024-05-07,sh.600015,5.8854746,5.8854746,5.823708,5.8501794,5.8854746,40104727,265853566.28,0.2606,1,-0.5997,0
2024-05-08,sh.600015,5.8501794,5.911946,5.8413556,5.8854746,5.8501794,36005932,240282730.45,0.234,1,0.6033,0
2024-05-09,sh.600015,5.867827,5.9295936,5.8590032,5.8854746,5.8854746,32097406,214331108.79,0.2086,1,0.0,0
2024-05-10,sh.600015,5.8942984,5.9472412,5.8854746,5.9207698,5.8854746,28905406,194101708.18,0.1879,1,0.5997,0
2024-05-13,sh.600015,5.9295936,6.0178316,5.8854746,6.0090078,5.9207698,47541845,321036489.44,0.309,1,1.4903,0
2024-05-14,sh.600015,6.000184,6.044303,5.9648888,5.9648888,6.0090078,32903757,223549801.31,0.2138,1,-0.7342,0
2024-05-15,sh.600015,5.9737126,5.9913602,5.9207698,5.956065,5.9648888,25848925,174632763.5,0.168,1,-0.1479,0
2024-05-16,sh.600015,5.956065,6.0707744,5.9472412,6.0354792,5.956065,35984265,245584004.26,0.2339,1,1.3333,0
2024-05-17,sh.600015,6.044303,6.1237172,6.0178316,6.1237172,6.0354792,39260128,270129441.26,0.2551,1,1.462,0
2024-05-20,sh.600015,6.1148934,6.1590124,6.0090078,6.0619506,6.1237172,43458780,299152968.43,0.2824,1,-1.0086,0
2024-05-21,sh.600015,6.0619506,6.1148934,6.044303,6.0972458,6.0619506,28627087,197378926.39,0.186,1,0.5822,0
2024-05-22,sh.600015,6.0972458,6.2119552,6.088422,6.17666,6.0972458,46457168,324833488.71,0.3019,1,1.3025,0
2024-05-23,sh.600015,6.17666,6.2119552,6.1237172,6.1413648,6.17666,30074010,209838931.63,0.1954,1,-0.5714,0
2024-05-24,sh.600015,6.132541,6.2384266,6.1237172,6.132541,6.1413648,33589946,235612424.43,0.2183,1,-0.1437,0
2024-05-27,sh.600015,6.132541,6.2119552,6.132541,6.2031314,6.132541,30527631,213879188.09,0.1984,1,1.1511,0
2024-05-28,sh.600015,6.2031314,6.2472504,6.1501886,6.1590124,6.2031314,26410143,184881507.73,0.1716,1,-0.7112,0
2024-05-29,sh.600015,6.1678362,6.2031314,6.0972458,6.1237172,6.1590124,33657533,234696869.51,0.2187,1,-0.5731,0
2024-05-30,sh.600015,6.1237172,6.1678362,6.0619506,6.0707744,6.1237172,29826514,206554048.34,0.1938,1,-0.8646,0
2024-05-31,sh.600015,6.088422,6.1237172,6.044303,6.0795982,6.0707744,40057427,276278934.05,0.2603,1,0.1453,0
2024-06-03,sh.600015,6.0795982,6.0795982,5.9648888,6.0090078,6.0795982,38676105,263602500.8,0.2514,1,-1.1611,0
2024-06-04,sh.600015,6.000184,6.0707744,5.9825364,6.044303,6.0090078,28253469,193353869.59,0.1836,1,0.5874,0
2024-06-05,sh.600015,6.0619506,6.0707744,5.956065,5.9737126,6.044303,29154219,197901196.01,0.1895,1,-1.1679,0
2024-06-06,sh.600015,5.9648888,6.000184,5.9207698,5.9384174,5.9737126,29061140,196057839.72,0.1889,1,-0.5908,0
2024-06-07,sh.600015,5.956065,6.000184,5.9384174,5.9913602,5.9384174,32500770,219921355.3,0.2112,1,0.8915,0
2024-06-11,sh.600015,6.000184,6.0178316,5.8942984,5.8942984,5.9913602,40226748,270005991.33,0.2614,1,-1.62,0
2024-06-12,sh.600015,5.8854746,5.8942984,5.7972366,5.8766508,5.8942984,43954636,291078017.65,0.2857,1,-0.2994,0
2024-06-13,sh.600015,5.8766508,5.8942984,5.8148842,5.823708,5.8766508,21622578,143432398.16,0.1405,1,-0.9009,0
2024-06-14,sh.600015,5.8325318,5.8942984,5.7972366,5.8590032,5.823708,29172803,193274722.96,0.1896,1,0.6061,0
2024-06-17,sh.600015,5.8501794,5.867827,5.7266462,5.7619414,5.8590032,41407727,271581431.04,0.2691,1,-1.6566,0
2024-06-18,sh.600015,5.7619414,5.8148842,5.7178224,5.8060604,5.7619414,26368677,172699064.33,0.1714,1,0.7657,0
2024-06-19,sh.600015,5.8060604,5.8854746,5.7884128,5.8590032,5.8060604,25345875,167950213.01,0.1647,1,0.9119,0
2024-06-20,sh.600015,5.8590032,5.8854746,5.8060604,5.823708,5.8590032,28649758,189430647.78,0.1862,1,-0.6024,0
2024-06-21,sh.600015,5.83306801,5.86115662,5.79561653,5.81434227,5.82370514,44268605,275455839.78,0.2877,1,-0.1608,0
2024-06-24,sh.600015,5.81434227,5.87988236,5.79561653,5.83306801,5.81434227,37329748,232843227.82,0.2426,1,0.3221,0
2024-06-25,sh.600015,5.83306801,5.93605958,5.83306801,5.90797097,5.83306801,32192172,203123209.7,0.2092,1,1.2841,0
2024-06-26,sh.600015,5.91733384,5.96414819,5.85179375,5.88924523,5.90797097,32334266,203790794.11,0.2101,1,-0.317,0
2024-06-27,sh.600015,5.86115662,5.98287393,5.86115662,5.94542245,5.88924523,36327439,230291746.55,0.2361,1,0.9539,0
2024-06-28,sh.600015,5.94542245,6.02032541,5.8986081,5.9922368,5.94542245,29968444,191421340.52,0.1948,1,0.7874,0
2024-07-01,sh.600015,6.00159967,6.05777689,5.9922368,6.03905115,5.9922368,35403863,228092705.44,0.2301,1,0.7813,0
2024-07-02,sh.600015,6.03905115,6.14204272,6.03905115,6.12331698,6.03905115,45954373,299455955.38,0.2987,1,1.3953,0
2024-07-03,sh.600015,6.12331698,6.17013133,6.07650263,6.12331698,6.12331698,34634154,226351862.84,0.2251,1,0.0,0
2024-07-04,sh.600015,6.11395411,6.17013133,6.10459124,6.14204272,6.12331698,32918640,215891194.91,0.2139,1,0.3058,0
2024-07-05,sh.600015,6.16076846,6.18885707,5.97351106,5.9922368,6.14204272,39192422,253313011.36,0.2547,1,-2.439,0
2024-07-08,sh.600015,5.9922368,6.06713976,5.92669671,5.97351106,5.9922368,36440922,233220551.87,0.2368,1,-0.3125,0
2024-07-09,sh.600015,5.97351106,6.01096254,5.8986081,5.9922368,5.97351106,32130795,204271669.81,0.2088,1,0.3135,0
2024-07-10,sh.600015,6.00159967,6.06713976,5.98287393,6.03905115,5.9922368,34206291,220409982.12,0.2223,1,0.7813,0
2024-07-11,sh.600015,6.07650263,6.07650263,5.95478532,5.97351106,6.03905115,32660872,209166162.5,0.2123,1,-1.0853,0
2024-07-12,sh.600015,5.96414819,6.10459124,5.96414819,6.09522837,5.97351106,44242439,286407514.31,0.2875,1,2.0376,0
2024-07-15,sh.600015,6.07650263,6.15140559,6.07650263,6.14204272,6.09522837,29449340,192484694.54,0.1914,1,0.768,0
2024-07-16,sh.600015,6.15140559,6.18885707,6.06713976,6.12331698,6.14204272,30027378,196321980.84,0.1951,1,-0.3049,0
2024-07-17,sh.600015,6.11395411,6.16076846,6.09522837,6.14204272,6.12331698,28770006,188374156.52,0.187,1,0.3058,0
2024-07-18,sh.600015,6.14204272,6.15140559,6.06713976,6.11395411,6.14204272,26747079,174358103.52,0.1738,1,-0.4573,0
2024-07-19,sh.600015,6.09522837,6.11395411,6.02968828,6.09522837,6.11395411,31541939,204420519.07,0.205,1,-0.3063,0
2024-07-22,sh.600015,6.0858655,6.09522837,5.94542245,5.97351106,6.09522837,40019229,255811513.12,0.2601,1,-1.9969,0
2024-07-23,sh.600015,5.97351106,6.05777689,5.94542245,5.95478532,5.97351106,42199209,271046256.4,0.2742,1,-0.3135,0
2024-07-24,sh.600015,5.97351106,6.00159967,5.90797097,5.96414819,5.95478532,29732250,189411431.46,0.1932,1,0.1572,0
2024-07-25,sh.600015,5.96414819,5.97351106,5.81434227,5.85179375,5.96414819,37005412,231777861.76,0.2405,1,-1.8838,0
2024-07-26,sh.600015,5.85179375,5.87988236,5.73943931,5.77689079,5.85179375,35045619,216623810.91,0.2278,1,-1.28,0
2024-07-29,sh.600015,5.79561653,5.92669671,5.73943931,5.90797097,5.77689079,37662786,235815009.02,0.2448,1,2.269,0
2024-07-30,sh.600015,5.90797097,5.93605958,5.83306801,5.87051949,5.90797097,29598056,185927643.51,0.1924,1,-0.6339,0
2024-07-31,sh.600015,5.88924523,5.94542245,5.83306801,5.87988236,5.87051949,39037652,244818820.29,0.2537,1,0.1595,0
2024-08-01,sh.600015,5.88924523,5.95478532,5.83306801,5.90797097,5.87988236,35505606,223802585.73,0.2307,1,0.4777,0
2024-08-02,sh.600015,5.88924523,5.90797097,5.86115662,5.86115662,5.90797097,21545144,135345760.56,0.14,1,-0.7924,0
2024-08-05,sh.600015,5.85179375,5.87988236,5.76752792,5.78625366,5.86115662,33816681,210319988.4,0.2198,1,-1.278,0
2024-08-06,sh.600015,5.81434227,5.83306801,5.73943931,5.76752792,5.78625366,30243596,186393049.9,0.1966,1,-0.3236,0
2024-08-07,sh.600015,5.75816505,5.83306801,5.74880218,5.76752792,5.76752792,32437629,200875401.72,0.2108,1,0.0,0
2024-08-08,sh.600015,5.76752792,5.79561653,5.75816505,5.77689079,5.76752792,20816858,128489407.44,0.1353,1,0.1623,0
2024-08-09,sh.600015,5.78625366,5.84243088,5.75816505,5.78625366,5.77689079,22860285,141797079.39,0.1486,1,0.1621,0
2024-08-12,sh.600015,5.77689079,5.79561653,5.73007644,5.73943931,5.78625366,23335924,143359114.71,0.1517,1,-0.8091,0
2024-08-13,sh.600015,5.73943931,5.81434227,5.73007644,5.77689079,5.73943931,30921198,190804424.85,0.201,1,0.6525,0
2024-08-14,sh.600015,5.78625366,5.84243088,5.72071357,5.73943931,5.77689079,33966331,208994087.88,0.2207,1,-0.6483,0
2024-08-15,sh.600015,5.73943931,5.86115662,5.72071357,5.84243088,5.73943931,40583316,251527059.84,0.2637,1,1.7945,0
2024-08-16,sh.600015,5.85179375,5.93605958,5.84243088,5.8986081,5.84243088,37200407,234270391.51,0.2418,1,0.9615,0
2024-08-19,sh.600015,5.8986081,6.04841402,5.88924523,6.04841402,5.8986081,41403866,264887025.45,0.2691,1,2.5397,0
2024-08-20,sh.600015,6.05777689,6.06713976,6.01096254,6.05777689,6.04841402,32818335,211649121.23,0.2133,1,0.1548,0
2024-08-21,sh.600015,6.03905115,6.0858655,5.97351106,6.00159967,6.05777689,27246549,175348910.35,0.1771,1,-0.9274,0
2024-08-22,sh.600015,6.02032541,6.0858655,6.00159967,6.02968828,6.00159967,31561238,203875715.45,0.2051,1,0.468,0
2024-08-23,sh.600015,6.03905115,6.05777689,5.95478532,6.00159967,6.02968828,28256873,181087071.13,0.1836,1,-0.4658,0
2024-08-26,sh.600015,6.01096254,6.02968828,5.93605958,5.9922368,6.00159967,27676769,176740092.74,0.1799,1,-0.156,0
2024-08-27,sh.600015,6.00159967,6.05777689,5.94542245,6.00159967,5.9922368,28435912,182440509.96,0.1848,1,0.1563,0
2024-08-28,sh.600015,5.9922368,6.00159967,5.90797097,5.92669671,6.00159967,29035266,184407884.96,0.1887,1,-1.248,0
2024-08-29,sh.600015,5.93605958,5.94542245,5.72071357,5.73007644,5.92669671,49134461,303366898.01,0.3193,1,-3.3175,0
2024-08-30,sh.600015,5.72071357,5.75816505,5.63644774,5.63644774,5.73007644,59630798,362426959.61,0.3875,1,-1.634,0
2024-09-02,sh.600015,5.73943931,5.98287393,5.7113507,5.93605958,5.63644774,125639556,792385871.54,0.8165,1,5.3156,0
2024-09-03,sh.600015,5.94542245,5.98287393,5.79561653,5.87988236,5.93605958,63465602,397571355.17,0.4125,1,-0.9464,0
2024-09-04,sh.600015,5.87988236,6.02968828,5.87988236,6.02032541,5.87988236,62254432,397761143.91,0.4046,1,2.3885,0
2024-09-05,sh.600015,6.02032541,6.05777689,5.9922368,6.05777689,6.02032541,46504440,299269416.43,0.3022,1,0.6221,0
2024-09-06,sh.600015,6.04841402,6.16076846,6.03905115,6.10459124,6.05777689,43010780,281268138.98,0.2795,1,0.7728,0
2024-09-09,sh.600015,6.11395411,6.17013133,6.02968828,6.10459124,6.10459124,61813307,403933616.12,0.4017,1,0.0,0
2024-09-10,sh.600015,6.10459124,6.14204272,6.03905115,6.13267985,6.10459124,46944999,306105017.89,0.3051,1,0.4601,0
2024-09-11,sh.600015,6.13267985,6.13267985,5.79561653,5.8049794,6.13267985,56439149,356562319.07,0.3668,1,-5.3435,0
2024-09-12,sh.600015,5.78625366,5.85179375,5.7113507,5.78625366,5.8049794,46053883,284762993.67,0.2993,1,-0.3226,0
2024-09-13,sh.600015,5.78625366,5.90797097,5.73007644,5.73943931,5.78625366,42987399,266809814.46,0.2794,1,-0.8091,0
2024-09-18,sh.600015,5.73007644,5.8049794,5.7113507,5.77689079,5.73943931,28079663,172894097.02,0.1825,1,0.6525,0
2024-09-19,sh.600015,5.78625366,5.8049794,5.68326209,5.77689079,5.77689079,40536612,248977192.59,0.2634,1,0.0,0
2024-09-20,sh.600015,5.76752792,5.84243088,5.73943931,5.79561653,5.77689079,40226647,249118369.57,0.2614,1,0.3241,0
2024-09-23,sh.600015,5.8049794,6.03905115,5.77689079,6.02032541,5.79561653,50723143,322324946.0,0.3296,1,3.8772,0
2024-09-24,sh.600015,6.02032541,6.28248577,6.01096254,6.28248577,6.02032541,85658640,565065015.49,0.5567,1,4.3546,0
2024-09-25,sh.600015,6.35738873,6.52592039,6.35738873,6.50719465,6.28248577,82876265,571928124.92,0.5386,1,3.5768,0
2024-09-26,sh.600015,6.47910604,6.73190353,6.46974317,6.72254066,6.50719465,79472596,560976324.38,0.5165,1,3.3094,0
2024-09-27,sh.600015,6.77871788,6.82553223,6.554009,6.63827483,6.72254066,56920791,404252251.37,0.3699,1,-1.2535,0
2024-09-30,sh.600015,6.66636344,7.05960398,6.61018622,6.95661241,6.63827483,132362500,962741503.55,0.8602,1,4.7955,0
2024-10-08,sh.600015,7.63073905,7.63073905,7.06896685,7.28431286,6.95661241,138711978,1084129754.21,0.9015,1,4.7106,0
2024-10-09,sh.600015,7.14386981,7.2094099,6.68508918,6.72254066,7.28431286,112214685,829688657.72,0.7293,1,-7.7121,0
2024-10-10,sh.600015,6.80680649,7.13450694,6.72254066,6.97533815,6.72254066,86526021,640438912.41,0.5623,1,3.7604,0
2024-10-11,sh.600015,6.97533815,7.05024111,6.73190353,6.8348951,6.97533815,61176808,449875280.03,0.3976,1,-2.0134,0
2024-10-14,sh.600015,6.89107232,7.06896685,6.88170945,6.98470102,6.8348951,69830177,519905288.84,0.4538,1,2.1918,0
2024-10-15,sh.600015,6.93788667,7.10641833,6.8348951,6.84425797,6.98470102,54682492,406895360.33,0.3554,1,-2.0107,0
2024-10-16,sh.600015,6.80680649,7.0221525,6.77871788,6.99406389,6.84425797,51954804,386199429.99,0.3376,1,2.1888,0
2024-10-17,sh.600015,6.98470102,7.07832972,6.88170945,6.89107232,6.99406389,44126259,328322789.65,0.2868,1,-1.4726,0
2024-10-18,sh.600015,6.91916093,6.98470102,6.73190353,6.90043519,6.89107232,51331051,376611884.01,0.3336,1,0.1359,0
2024-10-21,sh.600015,6.89107232,6.93788667,6.75999214,6.81616936,6.90043519,49126957,356799901.99,0.3193,1,-1.2212,0
2024-10-22,sh.600015,6.78808075,6.88170945,6.75062927,6.76935501,6.81616936,34453525,249555898.88,0.2239,1,-0.6868,0
2024-10-23,sh.600015,6.81616936,6.81616936,6.75062927,6.75999214,6.76935501,34891869,252514862.31,0.2268,1,-0.1383,0
2024-10-24,sh.600015,6.76935501,6.80680649,6.72254066,6.7412664,6.75999214,28804021,207859557.51,0.1872,1,-0.277,0
2024-10-25,sh.600015,6.75999214,6.75999214,6.67572631,6.69445205,6.7412664,31854724,228090934.71,0.207,1,-0.6944,0
2024-10-28,sh.600015,6.69445205,6.71317779,6.58209761,6.63827483,6.69445205,38952573,275564921.73,0.2531,1,-0.8392,0
2024-10-29,sh.600015,6.6476377,6.76935501,6.63827483,6.66636344,6.63827483,44186431,316055358.59,0.2872,1,0.4231,0
2024-10-30,sh.600015,6.66636344,6.69445205,6.554009,6.59146048,6.66636344,35456312,250020991.5,0.2304,1,-1.1236,0
2024-10-31,sh.600015,6.59146048,6.71317779,6.54464613,6.61954909,6.59146048,69756265,493246091.92,0.4533,1,0.4261,0
2024-11-01,sh.600015,6.6476377,6.7412664,6.61954909,6.69445205,6.61954909,57049732,407847830.05,0.3708,1,1.1315,0
2024-11-04,sh.600015,6.70381492,6.71317779,6.61954909,6.69445205,6.69445205,50138308,356560006.17,0.3258,1,0.0,0
2024-11-05,sh.600015,6.68508918,6.75062927,6.66636344,6.7412664,6.69445205,46142116,330897021.39,0.2999,1,0.6993,0
2024-11-06,sh.600015,6.72254066,6.76935501,6.6476377,6.66636344,6.7412664,45617595,326814025.59,0.2965,1,-1.1111,0
2024-11-07,sh.600015,6.67572631,6.82553223,6.65700057,6.81616936,6.66636344,57834771,415569855.42,0.3759,1,2.2472,0
2024-11-08,sh.600015,6.8348951,6.90979806,6.68508918,6.69445205,6.81616936,52409787,378410858.81,0.3406,1,-1.7857,0
2024-11-11,sh.600015,6.68508918,6.68508918,6.59146048,6.66636344,6.69445205,40606827,287575868.33,0.2639,1,-0.4196,0
2024-11-12,sh.600015,6.6476377,6.75062927,6.61954909,6.62891196,6.66636344,43517119,310357500.1,0.2828,1,-0.5618,0
2024-11-13,sh.600015,6.61954909,6.72254066,6.61954909,6.67572631,6.62891196,34383570,245184295.58,0.2235,1,0.7062,0
2024-11-14,sh.600015,6.68508918,6.72254066,6.61954909,6.62891196,6.67572631,39706317,283000041.36,0.258,1,-0.7013,0
2024-11-15,sh.600015,6.62891196,6.73190353,6.59146048,6.62891196,6.62891196,42791703,304546401.46,0.2781,1,0.0,0
2024-11-18,sh.600015,6.7412664,7.22813564,6.7412664,6.96597528,6.62891196,150357613,1124820549.35,0.9772,1,5.0847,0
2024-11-19,sh.600015,6.96597528,7.18132129,6.85362084,7.04087824,6.96597528,96083423,721885498.8,0.6244,1,1.0753,0
2024-11-20,sh.600015,7.00342676,7.08769259,6.94724954,6.98470102,7.04087824,52034302,388728223.26,0.3382,1,-0.7979,0
2024-11-21,sh.600015,6.98470102,7.0221525,6.89107232,6.94724954,6.98470102,38177360,282775713.07,0.2481,1,-0.5362,0
2024-11-22,sh.600015,6.94724954,6.98470102,6.72254066,6.72254066,6.94724954,52318122,381051857.71,0.34,1,-3.2345,0
2024-11-25,sh.600015,6.7412664,6.82553223,6.70381492,6.78808075,6.72254066,47997354,347546473.61,0.3119,1,0.9749,0
2024-11-26,sh.600015,6.75062927,6.80680649,6.71317779,6.78808075,6.78808075,27403155,197996829.76,0.1781,1,0.0,0
2024-11-27,sh.600015,6.77871788,6.93788667,6.71317779,6.93788667,6.78808075,52884493,386765719.82,0.3437,1,2.2069,0
2024-11-28,sh.600015,6.9285238,6.97533815,6.85362084,6.96597528,6.93788667,37711399,279551816.28,0.2451,1,0.4049,0
2024-11-29,sh.600015,6.99406389,7.31240147,6.96597528,7.08769259,6.96597528,78997520,604604221.98,0.5134,1,1.7473,0
2024-12-02,sh.600015,7.10641833,7.12514407,6.9285238,6.95661241,7.08769259,75853826,565559821.09,0.493,1,-1.8494,0
2024-12-03,sh.600015,6.95661241,7.17195842,6.94724954,7.17195842,6.95661241,70503036,533256044.37,0.4582,1,3.0956,0
2024-12-04,sh.600015,7.13450694,7.26558712,7.08769259,7.22813564,7.17195842,64634678,496628985.47,0.4201,1,0.7833,0
2024-12-05,sh.600015,7.2094099,7.24686138,7.16259555,7.18132129,7.22813564,38281408,294123867.5,0.2488,1,-0.6477,0
2024-12-06,sh.600015,7.2094099,7.34049008,7.17195842,7.28431286,7.18132129,54051865,420150871.09,0.3513,1,1.4342,0
2024-12-09,sh.600015,7.24686138,7.37794156,7.23749851,7.32176434,7.28431286,38019166,297269682.78,0.2471,1,0.5141,0
2024-12-10,sh.600015,7.41539304,7.44348165,7.21877277,7.32176434,7.32176434,66293611,517036692.25,0.4308,1,0.0,0
2024-12-11,sh.600015,7.3030386,7.34049008,7.17195842,7.22813564,7.32176434,56342840,435092985.1,0.3662,1,-1.2788,0
2024-12-12,sh.600015,7.20004703,7.29367573,7.20004703,7.26558712,7.22813564,39381302,305379046.74,0.2559,1,0.5181,0
2024-12-13,sh.600015,7.24686138,7.27494999,7.18132129,7.20004703,7.26558712,61251593,472752573.93,0.3981,1,-0.9021,0
2024-12-16,sh.600015,7.20004703,7.34049008,7.20004703,7.28431286,7.20004703,44309513,345111055.28,0.288,1,1.1704,0
2024-12-17,sh.600015,7.3030386,7.36857869,7.21877277,7.23749851,7.28431286,41190625,319481282.38,0.2677,1,-0.6427,0
2024-12-18,sh.600015,7.26558712,7.44348165,7.25622425,7.34985295,7.23749851,48448805,381273484.06,0.3149,1,1.5524,0
2024-12-19,sh.600015,7.32176434,7.37794156,7.23749851,7.28431286,7.34985295,36133259,281545044.61,0.2348,1,-0.8917,0
2024-12-20,sh.600015,7.27494999,7.35921582,7.23749851,7.25622425,7.28431286,29461349,229346990.96,0.1915,1,-0.3856,0
2024-12-23,sh.600015,7.25622425,7.42475591,7.25622425,7.34985295,7.25622425,40295335,317216470.63,0.2619,1,1.2903,0
2024-12-24,sh.600015,7.34985295,7.40603017,7.31240147,7.38730443,7.34985295,35288574,278027673.56,0.2293,1,0.5096,0
2024-12-25,sh.600015,7.38730443,7.49965887,7.37794156,7.47157026,7.38730443,36309157,288828140.85,0.236,1,1.1407,0
2024-12-26,sh.600015,7.47157026,7.48093313,7.36857869,7.46220739,7.47157026,31308029,248247261.41,0.2035,1,-0.1253,0
2024-12-27,sh.600015,7.43411878,7.490296,7.28431286,7.44348165,7.46220739,42640579,336622868.4,0.2771,1,-0.2509,0
2024-12-30,sh.600015,7.43411878,7.60265044,7.43411878,7.5839247,7.44348165,47993114,386941649.54,0.3119,1,1.8868,0
2024-12-31,sh.600015,7.5839247,7.69627914,7.490296,7.49965887,7.5839247,55653015,450588153.87,0.3617,1,-1.1111,0
2025-01-02,sh.600015,7.52774748,7.56519896,7.22813564,7.25622425,7.49965887,69362442,544040724.23,0.4508,1,-3.2459,0
2025-01-03,sh.600015,7.26558712,7.34049008,7.15323268,7.17195842,7.25622425,45681202,351972320.35,0.2969,1,-1.1613,0
2025-01-06,sh.600015,7.19068416,7.20004703,6.98470102,7.18132129,7.17195842,48771624,370425944.88,0.317,1,0.1305,0
2025-01-07,sh.600015,7.14386981,7.20004703,7.06896685,7.19068416,7.18132129,33987035,259523582.22,0.2209,1,0.1304,0
2025-01-08,sh.600015,7.18132129,7.24686138,7.12514407,7.19068416,7.19068416,38633454,296799617.2,0.2511,1,0.0,0
2025-01-09,sh.600015,7.17195842,7.18132129,7.04087824,7.07832972,7.19068416,38034994,288722615.55,0.2472,1,-1.5625,0
2025-01-10,sh.600015,7.07832972,7.13450694,6.96597528,7.00342676,7.07832972,34118304,256276080.61,0.2217,1,-1.0582,0
2025-01-13,sh.600015,6.96597528,6.98470102,6.8348951,6.95661241,7.00342676,35168796,260146596.17,0.2286,1,-0.6684,0
2025-01-14,sh.600015,6.96597528,7.06896685,6.90979806,7.05024111,6.95661241,29338845,219650546.07,0.1907,1,1.3459,0
2025-01-15,sh.600015,7.03151537,7.22813564,7.03151537,7.08769259,7.05024111,33453369,254706228.66,0.2174,1,0.5312,0
2025-01-16,sh.600015,7.15323268,7.2094099,7.07832972,7.14386981,7.08769259,27960074,213564439.13,0.1817,1,0.7926,0
2025-01-17,sh.600015,7.14386981,7.15323268,7.05024111,7.05960398,7.14386981,25783335,195098345.97,0.1676,1,-1.1796,0
2025-01-20,sh.600015,7.09705546,7.14386981,7.05024111,7.06896685,7.05960398,30179809,228564983.2,0.1961,1,0.1326,0
2025-01-21,sh.600015,7.09705546,7.10641833,7.01278963,7.05024111,7.06896685,23773979,179302761.71,0.1545,1,-0.2649,0
2025-01-22,sh.600015,7.06922305,7.07871194,6.9268897,6.96484526,7.05024527,26199580,192654143.75,0.1703,1,-1.2113,0
2025-01-23,sh.600015,6.99331193,7.16411195,6.99331193,7.13564528,6.96484526,43694807,327128133.08,0.284,1,2.4523,0
2025-01-24,sh.600015,7.01228971,7.09768972,6.85097858,7.05024527,7.13564528,56957581,419772594.46,0.3702,1,-1.1968,0
2025-01-27,sh.600015,7.05024527,7.26848974,7.04075638,7.2115564,7.05024527,46899125,355710553.54,0.3048,1,2.288,0
2025-02-05,sh.600015,7.2115564,7.23053418,7.01228971,7.03126749,7.2115564,50604948,377541350.37,0.3289,1,-2.5,0
2025-02-06,sh.600015,7.0217786,7.07871194,6.95535637,7.00280082,7.03126749,41635515,307224537.06,0.2706,1,-0.4049,0
2025-02-07,sh.600015,6.99331193,7.01228971,6.94586748,6.96484526,7.00280082,47571081,349969466.03,0.3092,1,-0.542,0
2025-02-10,sh.600015,6.96484526,7.03126749,6.9268897,6.95535637,6.96484526,42166910,310107051.4,0.274,1,-0.1362,0
2025-02-11,sh.600015,6.97433415,7.01228971,6.94586748,6.97433415,6.95535637,41477180,305052380.8,0.2696,1,0.2729,0
2025-02-12,sh.600015,6.97433415,6.98382304,6.90791192,6.98382304,6.97433415,38167982,279533622.14,0.248,1,0.1361,0
2025-02-13,sh.600015,6.97433415,7.0217786,6.97433415,6.97433415,6.98382304,35947554,264883365.7,0.2336,1,-0.1359,0
2025-02-14,sh.600015,6.97433415,6.99331193,6.89842303,6.96484526,6.97433415,35278004,258029490.82,0.2293,1,-0.1361,0
2025-02-17,sh.600015,6.96484526,6.98382304,6.91740081,6.96484526,6.96484526,34318972,251144692.27,0.223,1,0.0,0
2025-02-18,sh.600015,6.94586748,7.05973416,6.93637859,7.01228971,6.96484526,72374946,534828436.83,0.4704,1,0.6812,0
2025-02-19,sh.600015,6.98382304,7.05024527,6.95535637,6.98382304,7.01228971,48404803,356788113.91,0.3146,1,-0.406,0
2025-02-20,sh.600015,6.97433415,6.99331193,6.93637859,6.94586748,6.98382304,35516700,260502007.74,0.2308,1,-0.5435,0
2025-02-21,sh.600015,6.93637859,6.96484526,6.85097858,6.86995636,6.94586748,52257418,379147637.27,0.3396,1,-1.0929,0
2025-02-24,sh.600015,6.85097858,6.88893414,6.81302302,6.82251191,6.86995636,36757753,264916559.37,0.2389,1,-0.6906,0
2025-02-25,sh.600015,6.81302302,6.84148969,6.78455635,6.79404524,6.82251191,25849331,185597642.18,0.168,1,-0.4172,0
2025-02-26,sh.600015,6.79404524,6.91740081,6.79404524,6.86046747,6.79404524,38742813,280521573.0,0.2518,1,0.9777,0
2025-02-27,sh.600015,6.85097858,6.91740081,6.82251191,6.91740081,6.86046747,41305216,299160291.68,0.2684,1,0.8299,0
2025-02-28,sh.600015,6.89842303,6.94586748,6.85097858,6.85097858,6.91740081,41575015,302251550.46,0.2702,1,-0.9602,0
2025-03-03,sh.600015,6.88893414,6.91740081,6.79404524,6.88893414,6.85097858,34038551,246048131.1,0.2212,1,0.554,0
2025-03-04,sh.600015,6.86995636,6.91740081,6.80353413,6.80353413,6.88893414,42537296,306969251.48,0.2764,1,-1.2397,0
2025-03-05,sh.600015,6.81302302,6.91740081,6.79404524,6.89842303,6.80353413,55280883,400178938.63,0.3593,1,1.3947,0
2025-03-06,sh.600015,6.88893414,6.90791192,6.8320008,6.85097858,6.89842303,42063127,303778746.35,0.2734,1,-0.6878,0
2025-03-07,sh.600015,6.84148969,6.86995636,6.81302302,6.81302302,6.85097858,40543046,291961434.57,0.2635,1,-0.554,0
2025-03-10,sh.600015,6.80353413,6.81302302,6.70864523,6.7371119,6.81302302,45644206,324646459.52,0.2966,1,-1.1142,0
2025-03-11,sh.600015,6.71813412,6.78455635,6.70864523,6.78455635,6.7371119,30623048,217666628.59,0.199,1,0.7042,0
2025-03-12,sh.600015,6.77506746,6.84148969,6.7371119,6.81302302,6.78455635,33875383,243034707.45,0.2202,1,0.4196,0
2025-03-13,sh.600015,6.81302302,6.89842303,6.79404524,6.85097858,6.81302302,48077168,347251543.99,0.3124,1,0.5571,0
2025-03-14,sh.600015,6.96484526,7.29695641,6.96484526,7.22104529,6.85097858,141453679,1071090371.54,0.9193,1,5.4017,0
2025-03-17,sh.600015,7.20206751,7.35388975,7.20206751,7.29695641,7.22104529,55506790,426282541.81,0.3607,1,1.0512,0
2025-03-18,sh.600015,7.3064453,7.31593419,7.2115564,7.23053418,7.29695641,36099651,275618761.83,0.2346,1,-0.9103,0
2025-03-19,sh.600015,7.23053418,7.26848974,7.17360084,7.26848974,7.23053418,35167892,267983959.77,0.2286,1,0.5249,0
2025-03-20,sh.600015,7.25900085,7.3064453,7.23053418,7.25900085,7.26848974,29691373,227048808.86,0.193,1,-0.1305,0
2025-03-21,sh.600015,7.24002307,7.28746752,7.09768972,7.13564528,7.25900085,52453243,396673064.95,0.3409,1,-1.6993,0
2025-03-24,sh.600015,7.12615639,7.24951196,7.1166675,7.2115564,7.13564528,50516758,382975668.84,0.3283,1,1.0638,0
2025-03-25,sh.600015,7.22104529,7.29695641,7.2115564,7.27797863,7.2115564,37348472,285810780.7,0.2427,1,0.9211,0
2025-03-26,sh.600015,7.27797863,7.29695641,7.2115564,7.24002307,7.27797863,33806799,258073380.79,0.2197,1,-0.5215,0
2025-03-27,sh.600015,7.23053418,7.28746752,7.23053418,7.25900085,7.24002307,26951277,206284750.78,0.1752,1,0.2621,0
2025-03-28,sh.600015,7.26848974,7.35388975,7.23053418,7.34440086,7.25900085,51299179,394910747.67,0.3334,1,1.1765,0
2025-03-31,sh.600015,7.35388975,7.48673421,7.28746752,7.42980087,7.34440086,56725173,443796212.08,0.3687,1,1.1628,0
2025-04-01,sh.600015,7.4013342,7.48673421,7.35388975,7.42980087,7.42980087,39437454,308137574.99,0.2563,1,0.0,0
2025-04-02,sh.600015,7.42980087,7.54366755,7.42980087,7.52468977,7.42980087,44913118,355405644.02,0.2919,1,1.2771,0
2025-04-03,sh.600015,7.4962231,7.54366755,7.45826754,7.52468977,7.52468977,29946645,236774880.23,0.1946,1,0.0,0
2025-04-07,sh.600015,7.25900085,7.35388975,6.86046747,7.03126749,7.52468977,112950376,844816617.82,0.7341,1,-6.5574,0
2025-04-08,sh.600015,7.05973416,7.20206751,7.0217786,7.16411195,7.03126749,83098475,624029535.75,0.54,1,1.8893,0
2025-04-09,sh.600015,7.14513417,7.19257862,7.01228971,7.15462306,7.16411195,69660963,520317174.81,0.4527,1,-0.1325,0
2025-04-10,sh.600015,7.22104529,7.23053418,7.12615639,7.18308973,7.15462306,51437222,389184499.38,0.3343,1,0.3979,0
2025-04-11,sh.600015,7.17360084,7.20206751,7.1166675,7.18308973,7.18308973,38227629,288830814.47,0.2484,1,0.0,0
2025-04-14,sh.600015,7.20206751,7.29695641,7.19257862,7.26848974,7.18308973,38970815,298348058.32,0.2533,1,1.1889,0
2025-04-15,sh.600015,7.27797863,7.44877865,7.25900085,7.42980087,7.26848974,41118050,319284504.8,0.2672,1,2.2193,0
2025-04-16,sh.600015,7.43928976,7.55315644,7.4013342,7.55315644,7.42980087,49891320,392696490.97,0.3242,1,1.6603,0
2025-04-17,sh.600015,7.53417866,7.54366755,7.39184531,7.52468977,7.55315644,44181543,348559166.64,0.2871,1,-0.3769,0
2025-04-18,sh.600015,7.45826754,7.58162311,7.44877865,7.56264533,7.52468977,48782838,387277954.1,0.317,1,0.5044,0
2025-04-21,sh.600015,7.55315644,7.67651201,7.45826754,7.47724532,7.56264533,48383579,385575568.29,0.3144,1,-1.1292,0
2025-04-22,sh.600015,7.48673421,7.591112,7.47724532,7.55315644,7.47724532,32692264,260105634.85,0.2125,1,1.0152,0
2025-04-23,sh.600015,7.57213422,7.58162311,7.45826754,7.45826754,7.55315644,36440521,288216779.33,0.2368,1,-1.2563,0
2025-04-24,sh.600015,7.45826754,7.61008978,7.45826754,7.591112,7.45826754,42570785,339413078.2,0.2767,1,1.7812,0
2025-04-25,sh.600015,7.60060089,7.63855645,7.50571199,7.57213422,7.591112,35043867,278964358.35,0.2277,1,-0.25,0
2025-04-28,sh.600015,7.56264533,7.66702312,7.55315644,7.63855645,7.57213422,36768770,295703460.12,0.239,1,0.8772,0
2025-04-29,sh.600015,7.62906756,7.64804534,7.53417866,7.54366755,7.63855645,36652323,292530823.64,0.2382,1,-1.2422,0
2025-04-30,sh.600015,7.14513417,7.19257862,6.86046747,6.89842303,7.54366755,239682610,1753716106.29,1.5577,1,-8.5535,0
2025-05-06,sh.600015,6.88893414,6.89842303,6.80353413,6.8320008,6.89842303,128787812,926798294.12,0.837,1,-0.9629,0
2025-05-07,sh.600015,6.86995636,6.89842303,6.8320008,6.87944525,6.8320008,86927829,629342158.53,0.5649,1,0.6944,0
2025-05-08,sh.600015,6.86995636,6.91740081,6.85097858,6.90791192,6.87944525,84164930,611369336.27,0.547,1,0.4138,0
2025-05-09,sh.600015,6.91740081,7.01228971,6.91740081,6.95535637,6.90791192,89409535,656440448.02,0.5811,1,0.6868,0
2025-05-12,sh.600015,6.95535637,7.05973416,6.94586748,6.99331193,6.95535637,86983110,642001329.91,0.5653,1,0.5457,0
2025-05-13,sh.600015,7.01228971,7.1166675,6.97433415,7.10717861,6.99331193,90676933,675002342.1,0.5893,1,1.6282,0
2025-05-14,sh.600015,7.09768972,7.3064453,7.05973416,7.29695641,7.10717861,101947411,773376440.31,0.6625,1,2.6702,0
2025-05-15,sh.600015,7.27797863,7.37286753,7.20206751,7.22104529,7.29695641,66185961,507683108.63,0.4301,1,-1.0403,0
2025-05-16,sh.600015,7.22104529,7.24951196,7.07871194,7.1166675,7.22104529,64491273,484890061.7,0.4191,1,-1.4455,0
2025-05-19,sh.600015,7.12615639,7.18308973,7.07871194,7.08820083,7.1166675,49030358,368150458.56,0.3186,1,-0.4,0
2025-05-20,sh.600015,7.10717861,7.15462306,7.06922305,7.09768972,7.08820083,51269075,384018033.54,0.3332,1,0.1339,0
2025-05-21,sh.600015,7.10717861,7.19257862,7.08820083,7.16411195,7.09768972,53741589,404954119.08,0.3493,1,0.9358,0
2025-05-22,sh.600015,7.15462306,7.22104529,7.12615639,7.2115564,7.16411195,49662085,376404752.63,0.3227,1,0.6623,0
2025-05-23,sh.600015,7.2115564,7.27797863,7.10717861,7.10717861,7.2115564,61173579,462973124.57,0.3976,1,-1.4474,0
2025-05-26,sh.600015,7.09768972,7.14513417,7.05024527,7.06922305,7.10717861,47271441,352993364.96,0.3072,1,-0.534,0
2025-05-27,sh.600015,7.07871194,7.1166675,7.05973416,7.07871194,7.06922305,45327752,338706605.35,0.2946,1,0.1342,0
2025-05-28,sh.600015,7.09768972,7.1166675,6.99331193,7.05973416,7.07871194,49402799,367512060.98,0.3211,1,-0.2681,0
2025-05-29,sh.600015,7.05973416,7.09768972,7.03126749,7.07871194,7.05973416,35541662,264590544.23,0.231,1,0.2688,0
2025-05-30,sh.600015,7.07871194,7.15462306,7.06922305,7.14513417,7.07871194,56944716,427473243.16,0.3701,1,0.9383,0
2025-06-03,sh.600015,7.12615639,7.35388975,7.1166675,7.32542308,7.14513417,93778821,718427500.91,0.6095,1,2.5232,0
2025-06-04,sh.600015,7.32542308,7.37286753,7.26848974,7.31593419,7.32542308,45002512,346849642.9,0.2925,1,-0.1295,0
2025-06-05,sh.600015,7.31593419,7.37286753,7.22104529,7.24002307,7.31593419,52153284,399654944.92,0.3389,1,-1.0376,0
2025-06-06,sh.600015,7.25900085,7.32542308,7.23053418,7.26848974,7.24002307,33651081,257880328.7,0.2187,1,0.3932,0
2025-06-09,sh.600015,7.27797863,7.29695641,7.2115564,7.29695641,7.26848974,44622890,341615402.41,0.29,1,0.3916,0
2025-06-10,sh.600015,7.28746752,7.50571199,7.28746752,7.42031198,7.29695641,85528986,668370163.26,0.5558,1,1.6905,0
2025-06-11,sh.600015,7.42980087,7.47724532,7.38235642,7.4013342,7.42031198,38529349,301386987.84,0.2504,1,-0.2558,0
2025-06-12,sh.600015,7.41082309,7.45826754,7.37286753,7.43928976,7.4013342,39478285,308846208.21,0.2566,1,0.5128,0
2025-06-13,sh.600015,7.44877865,7.48673421,7.34440086,7.36337864,7.43928976,61056909,475897309.7,0.3968,1,-1.0204,0
2025-06-16,sh.600015,7.35388975,7.48673421,7.32542308,7.47724532,7.36337864,54296889,424299253.21,0.3529,1,1.5464,0
2025-06-17,sh.600015,7.47724532,7.56264533,7.47724532,7.53417866,7.47724532,53184298,421937750.21,0.3456,1,0.7614,0
2025-06-18,sh.600015,7.54366755,7.61008978,7.4962231,7.60060089,7.53417866,51346122,409558715.98,0.3337,1,0.8816,0
2025-06-19,sh.600015,7.61957867,7.64804534,7.54366755,7.591112,7.60060089,41441560,331541925.8,0.2693,1,-0.1248,0
2025-06-20,sh.600015,7.591112,7.71446757,7.57213422,7.6860009,7.591112,57110286,461198300.9,0.3712,1,1.25,0
2025-06-23,sh.600015,7.6860009,7.94220093,7.66702312,7.90424537,7.6860009,91620886,755109682.18,0.5954,1,2.8395,0
2025-06-24,sh.600015,7.90424537,7.93271204,7.75242313,7.8757787,7.90424537,73145305,605230819.68,0.4754,1,-0.3601,0
2025-06-25,sh.600015,7.85680092,7.90424537,7.76191202,7.8757787,7.8757787,67073272,554778187.24,0.4359,1,0.0,0
2025-06-26,sh.600015,7.94468904,8.03329152,7.875776,7.99391264,7.875776,78836841,636986938.13,0.5124,1,1.5,0
2025-06-27,sh.600015,7.99391264,8.0726704,7.75763936,7.80686296,7.99391264,80791947,649480993.44,0.5251,1,-2.3399,0
2025-06-30,sh.600015,7.7773288,7.8265524,7.69857104,7.78717352,7.80686296,51594574,406052491.96,0.3353,1,-0.2522,0
2025-07-01,sh.600015,7.81670768,7.9249996,7.78717352,7.91515488,7.78717352,50264357,401682726.69,0.3267,1,1.6435,0
2025-07-02,sh.600015,7.91515488,8.08251512,7.89546544,8.04313624,7.91515488,57561634,468790008.12,0.3741,1,1.6169,0
2025-07-03,sh.600015,8.04313624,8.09235984,8.00375736,8.05298096,8.04313624,38338927,313576155.19,0.2492,1,0.1224,0
2025-07-04,sh.600015,8.05298096,8.24987536,8.05298096,8.24003064,8.05298096,66529676,553598453.51,0.4324,1,2.3227,0
2025-07-07,sh.600015,8.24987536,8.34832256,8.2203412,8.33847784,8.24003064,51641775,434461476.9,0.3356,1,1.1947,0
2025-07-08,sh.600015,8.33847784,8.368012,8.19080704,8.23018592,8.33847784,57873773,485042841.24,0.3761,1,-1.2987,0
2025-07-09,sh.600015,8.20065176,8.34832256,8.18096232,8.30894368,8.23018592,50932989,428744077.29,0.331,1,0.9569,0
2025-07-10,sh.600015,8.29909896,8.58459584,8.28925424,8.44676976,8.30894368,81316461,699127342.48,0.5285,1,1.6588,0
2025-07-11,sh.600015,8.47630392,8.53537224,8.21049648,8.2203412,8.44676976,96677933,819892202.28,0.6283,1,-2.6807,0
2025-07-14,sh.600015,8.24003064,8.44676976,8.2203412,8.33847784,8.2203412,79738199,677034123.04,0.5182,1,1.4371,0
2025-07-15,sh.600015,8.34832256,8.40739088,8.23018592,8.24003064,8.33847784,51362711,433717100.76,0.3338,1,-1.1806,0
2025-07-16,sh.600015,8.24987536,8.27940952,8.11204928,8.18096232,8.24003064,50135137,415871178.15,0.3258,1,-0.7168,0
2025-07-17,sh.600015,8.19080704,8.2203412,8.121894,8.1711176,8.18096232,33043870,274309374.98,0.2147,1,-0.1203,0
2025-07-18,sh.600015,8.18096232,8.2695648,8.15142816,8.20065176,8.1711176,34147399,285267544.53,0.2219,1,0.3614,0
2025-07-21,sh.600015,8.19080704,8.21049648,8.09235984,8.14158344,8.20065176,39804267,329361608.51,0.2587,1,-0.7203,0
2025-07-22,sh.600015,8.15142816,8.15142816,7.99391264,8.03329152,8.14158344,59578767,487110527.02,0.3872,1,-1.3301,0
2025-07-23,sh.600015,8.0234468,8.18096232,8.0234468,8.08251512,8.03329152,53032875,437533655.25,0.3447,1,0.6127,0
2025-07-24,sh.600015,8.09235984,8.09235984,7.95453376,7.96437848,8.08251512,62122654,504493769.59,0.4037,1,-1.4616,0
2025-07-25,sh.600015,7.96437848,8.03329152,7.95453376,7.96437848,7.96437848,41503944,336969794.62,0.2697,1,0.0,0
2025-07-28,sh.600015,7.9742232,8.06282568,7.96437848,8.00375736,7.96437848,40280827,328200157.47,0.2618,1,0.4944,0
2025-07-29,sh.600015,7.99391264,8.03329152,7.88562072,7.88562072,8.00375736,42569376,343372866.07,0.2767,1,-1.476,0
2025-07-30,sh.600015,7.89546544,7.99391264,7.875776,7.90531016,7.88562072,45101071,363242440.5,0.2931,1,0.2497,0
2025-07-31,sh.600015,7.90531016,7.93484432,7.78717352,7.8265524,7.90531016,52780545,419725308.61,0.343,1,-0.9963,0
2025-08-01,sh.600015,7.83639712,7.88562072,7.70841576,7.80686296,7.8265524,38430466,304190770.39,0.2498,1,-0.2516,0
2025-08-04,sh.600015,7.7773288,7.88562072,7.76748408,7.79701824,7.80686296,35961340,285931888.59,0.2337,1,-0.1261,0
2025-08-05,sh.600015,7.81670768,7.98406792,7.79701824,7.95453376,7.79701824,52719187,423824150.2,0.3426,1,2.0202,0
2025-08-06,sh.600015,7.9742232,8.0234468,7.93484432,7.95453376,7.95453376,37095860,300430232.85,0.2411,1,0.0,0
2025-08-07,sh.600015,7.95453376,8.0234468,7.90531016,8.00375736,7.95453376,34177272,277469164.88,0.2221,1,0.6188,0
2025-08-08,sh.600015,8.00375736,8.09235984,7.98406792,7.99391264,8.00375736,35990084,293662599.54,0.2339,1,-0.123,0
2025-08-11,sh.600015,7.99391264,8.00375736,7.875776,7.875776,7.99391264,45753736,367283374.38,0.2973,1,-1.4778,0
2025-08-12,sh.600015,7.875776,7.94468904,7.86593128,7.90531016,7.875776,29247012,235249078.98,0.1901,1,0.375,0
2025-08-13,sh.600015,7.93484432,7.95453376,7.84624184,7.85608656,7.90531016,33838627,271042966.99,0.2199,1,-0.6227,0
2025-08-14,sh.600015,7.875776,7.94468904,7.83639712,7.83639712,7.85608656,32142942,257513396.92,0.2089,1,-0.2506,0
2025-08-15,sh.600015,7.84624184,7.85608656,7.629658,7.70841576,7.83639712,64867551,507295419.83,0.4216,1,-1.6332,0
2025-08-18,sh.600015,7.6788816,7.7281052,7.63950272,7.6788816,7.70841576,44603599,347900911.22,0.2899,1,-0.3831,0
2025-08-19,sh.600015,7.66903688,7.70841576,7.63950272,7.66903688,7.6788816,47955863,373610027.12,0.3117,1,-0.1282,0
2025-08-20,sh.600015,7.65919216,7.73794992,7.63950272,7.69857104,7.66903688,43718236,342093198.44,0.2841,1,0.3851,0
2025-08-21,sh.600015,7.69857104,7.80686296,7.66903688,7.79701824,7.69857104,44482223,350835109.43,0.2891,1,1.2788,0
2025-08-22,sh.600015,7.80686296,7.80686296,7.66903688,7.73794992,7.79701824,47649601,372868719.19,0.3097,1,-0.7576,0
2025-08-25,sh.600015,7.73794992,7.875776,7.7281052,7.84624184,7.73794992,56086833,444188641.87,0.3645,1,1.3995,0
2025-08-26,sh.600015,7.83639712,7.84624184,7.7281052,7.74779464,7.84624184,42738495,337278945.35,0.2778,1,-1.2547,0
2025-08-27,sh.600015,7.73794992,7.74779464,7.5804344,7.59027912,7.74779464,59524562,462323935.22,0.3868,1,-2.033,0
2025-08-28,sh.600015,7.59027912,7.6788816,7.55090024,7.60012384,7.59027912,49671629,383679427.82,0.3228,1,0.1297,0
2025-08-29,sh.600015,7.65919216,7.85608656,7.44260832,7.45245304,7.60012384,194428892,1509260121.01,1.2636,1,-1.943,0
2025-09-01,sh.600015,7.46229776,7.5804344,7.30478224,7.30478224,7.45245304,117423647,884206390.34,0.7631,1,-1.9815,0
2025-09-02,sh.600015,7.31462696,7.38354,7.29493752,7.38354,7.30478224,81661612,609331231.02,0.5307,1,1.0782,0
2025-09-03,sh.600015,7.38354,7.42291888,7.30478224,7.34416112,7.38354,54482899,406837533.05,0.3541,1,-0.5333,0
2025-09-04,sh.600015,7.32447168,7.35400584,7.1866456,7.3343164,7.34416112,63724732,470968959.48,0.4141,1,-0.134,0
2025-09-05,sh.600015,7.31462696,7.32447168,7.1866456,7.22602448,7.3343164,68619172,503822209.48,0.4459,1,-1.4765,0
2025-09-08,sh.600015,7.19649032,7.26540336,7.12757728,7.15711144,7.22602448,86273898,628510838.61,0.5607,1,-0.9537,0
2025-09-09,sh.600015,7.14726672,7.17680088,7.11773256,7.16695616,7.15711144,49014287,355892873.68,0.3185,1,0.1376,0
2025-09-10,sh.600015,7.15711144,7.19649032,7.12757728,7.14726672,7.16695616,41877339,304317878.26,0.2722,1,-0.2747,0
2025-09-11,sh.600015,7.14726672,7.20633504,7.10788784,7.19649032,7.14726672,51660244,375454174.31,0.3357,1,0.6887,0
2025-09-12,sh.600015,7.1866456,7.20633504,7.04881952,7.05866424,7.19649032,102217404,737426059.91,0.6643,1,-1.9152,0
2025-09-15,sh.600015,7.04881952,7.10788784,6.93068288,6.99959592,7.05866424,95235107,678314775.75,0.6189,1,-0.8368,0
2025-09-16,sh.600015,6.99959592,7.04881952,6.85192512,6.87161456,6.99959592,136066647,957676499.7,0.8843,1,-1.8284,0
2025-09-17,sh.600015,6.87161456,6.891304,6.80270152,6.81254624,6.87161456,91623042,637069159.7,0.5954,1,-0.8596,0
2025-09-18,sh.600015,6.83223568,6.8420804,6.68456488,6.70425432,6.81254624,106036798,727805217.1,0.6891,1,-1.5896,0
2025-09-19,sh.600015,6.71409904,6.76332264,6.65503072,6.70425432,6.70425432,79422636,541164535.24,0.5162,1,0.0,0
2025-09-22,sh.600015,6.70425432,6.73378848,6.645186,6.66487544,6.70425432,49205981,333791370.74,0.3198,1,-0.5874,0
2025-09-23,sh.600015,6.68456488,6.75347792,6.62549656,6.73378848,6.66487544,112652936,766920433.36,0.7321,1,1.034,0
2025-09-24,sh.600015,6.7436332,6.7928568,6.68456488,6.6944096,6.73378848,91701611,626212145.13,0.596,1,-0.5848,0
2025-09-25,sh.600015,6.6944096,6.6944096,6.60580712,6.62549656,6.6944096,74080469,498878422.9,0.4814,1,-1.0294,0
2025-09-26,sh.600015,6.61565184,6.645186,6.5467388,6.62549656,6.62549656,59467631,398538717.96,0.3865,1,0.0,0
2025-09-29,sh.600015,6.62549656,6.63534128,6.53689408,6.56642824,6.62549656,88106997,588692017.31,0.5726,1,-0.8915,0
2025-09-30,sh.600015,6.56642824,6.56642824,6.42860216,6.47782576,6.56642824,123762640,815938396.78,0.8043,1,-1.3493,0
2025-10-09,sh.600015,6.47782576,6.4975152,6.40891272,6.42860216,6.47782576,229653418,1501602173.81,1.4925,1,-0.7599,0
2025-10-10,sh.600015,6.43844688,6.58611768,6.41875744,6.45813632,6.42860216,230343404,1518681095.21,1.497,1,0.4594,0
2025-10-13,sh.600015,6.399068,6.52704936,6.33015496,6.50735992,6.45813632,148391142,969769598.26,0.9644,1,0.7622,0
2025-10-14,sh.600015,6.48767048,6.66487544,6.43844688,6.63534128,6.50735992,167044865,1116688371.89,1.0856,1,1.9667,0
2025-10-15,sh.600015,6.62549656,6.68456488,6.5959624,6.67472016,6.63534128,120298446,811300326.9,0.7818,1,0.5935,0
2025-10-16,sh.600015,6.66487544,6.75347792,6.65503072,6.7436332,6.67472016,115458831,786252293.35,0.7504,1,1.0324,0
2025-10-17,sh.600015,6.7436332,6.78301208,6.67472016,6.6944096,6.7436332,103174839,706155517.92,0.6705,1,-0.7299,0
2025-10-20,sh.600015,6.6944096,6.73378848,6.58611768,6.73378848,6.6944096,93845594,635946117.68,0.6099,1,0.5882,0
2025-10-21,sh.600015,6.72394376,6.77316736,6.6944096,6.75347792,6.73378848,80064570,548037594.3,0.5203,1,0.2924,0
2025-10-22,sh.600015,6.75347792,6.86176984,6.7436332,6.85192512,6.75347792,88647334,613806930.0,0.5761,1,1.4577,0
2025-10-23,sh.600015,6.86176984,6.9405276,6.80270152,6.891304,6.85192512,90844519,634115061.87,0.5904,1,0.5747,0
2025-10-24,sh.600015,6.90114872,7.01928536,6.87161456,6.91099344,6.891304,143402550,1011842517.43,0.932,1,0.2857,0
2025-10-27,sh.600015,6.91099344,6.92083816,6.78301208,6.87161456,6.91099344,107403762,748695876.36,0.698,1,-0.5698,0
2025-10-28,sh.600015,6.88145928,6.91099344,6.77316736,6.80270152,6.87161456,94665247,655449940.18,0.6152,1,-1.0029,0
2025-10-29,sh.600015,6.80270152,6.81254624,6.68456488,6.71409904,6.80270152,81195347,553946965.47,0.5277,1,-1.3025,0
2025-10-30,sh.600015,6.70425432,6.76332264,6.70425432,6.70425432,6.71409904,72080166,493187230.06,0.4684,1,-0.1466,0
2025-10-31,sh.600015,6.71409904,6.73378848,6.65503072,6.70425432,6.70425432,67058537,456081474.43,0.4358,1,0.0,0
2025-11-03,sh.600015,6.6944096,6.80270152,6.6944096,6.78301208,6.70425432,79365891,545008241.72,0.5158,1,1.1747,0
2025-11-04,sh.600015,6.7928568,6.891304,6.77316736,6.88145928,6.78301208,81162887,565451669.88,0.5275,1,1.4514,0
2025-11-05,sh.600015,6.88145928,6.90114872,6.81254624,6.85192512,6.88145928,63868528,445125953.93,0.4151,1,-0.4292,0
2025-11-06,sh.600015,6.8420804,6.88145928,6.80270152,6.83223568,6.85192512,56966014,395986084.7,0.3702,1,-0.2874,0
2025-11-07,sh.600015,6.83223568,6.90114872,6.81254624,6.83223568,6.83223568,75652479,526603768.08,0.4917,1,0.0,0
2025-11-10,sh.600015,6.82239096,6.88145928,6.80270152,6.88145928,6.83223568,61849687,430370240.69,0.402,1,0.7205,0
2025-11-11,sh.600015,6.87161456,6.92083816,6.86176984,6.88145928,6.88145928,50197253,351308700.1,0.3262,1,0.0,0
2025-11-12,sh.600015,6.90114872,6.97006176,6.891304,6.90114872,6.88145928,77192241,543111762.69,0.5017,1,0.2861,0
2025-11-13,sh.600015,6.91099344,6.9405276,6.82239096,6.87161456,6.90114872,72032250,502345372.79,0.4681,1,-0.428,0
2025-11-14,sh.600015,6.87161456,6.95037232,6.86176984,6.90114872,6.87161456,78606610,552768727.78,0.5109,1,0.4298,0
2025-11-17,sh.600015,6.90114872,6.92083816,6.83223568,6.87161456,6.90114872,66493079,463540038.42,0.4321,1,-0.428,0
2025-11-18,sh.600015,6.88145928,6.891304,6.80270152,6.82239096,6.87161456,52286914,363335813.85,0.3398,1,-0.7163,0
2025-11-19,sh.600015,6.82239096,6.891304,6.81254624,6.87161456,6.82239096,70146468,488891178.51,0.4559,1,0.7215,0
2025-11-20,sh.600015,6.86176984,7.05866424,6.85192512,6.99959592,6.87161456,137321972,975094062.37,0.8924,1,1.8625,0
2025-11-21,sh.600015,6.99959592,7.0389748,6.87161456,6.88145928,6.99959592,101248537,716242677.49,0.658,1,-1.6878,0
2025-11-24,sh.600015,6.90114872,6.93068288,6.81254624,6.82239096,6.88145928,89463219,623260594.26,0.5814,1,-0.8584,0
2025-11-25,sh.600015,6.83223568,6.95037232,6.7928568,6.95037232,6.82239096,87252735,609657867.39,0.567,1,1.8759,0
2025-11-26,sh.600015,6.95037232,6.97990648,6.87161456,6.891304,6.95037232,59630120,418537903.79,0.3875,1,-0.8499,0
2025-11-27,sh.600015,6.88145928,6.92083816,6.83223568,6.891304,6.891304,48571072,339224770.49,0.3157,1,0.0,0
2025-11-28,sh.600015,6.88145928,6.891304,6.82239096,6.82239096,6.891304,69266523,481219879.72,0.4502,1,-1.0,0
2025-12-01,sh.600015,6.82239096,6.9405276,6.81254624,6.90114872,6.82239096,92231264,644800792.75,0.5994,1,1.1544,0
2025-12-02,sh.600015,6.891304,6.92083816,6.86176984,6.891304,6.90114872,48625928,340270066.39,0.316,1,-0.1427,0
2025-12-03,sh.600015,6.891304,6.93068288,6.85192512,6.86176984,6.891304,64718791,453266362.86,0.4206,1,-0.4286,0
2025-12-04,sh.600015,6.86176984,6.88145928,6.78301208,6.7928568,6.86176984,75121007,520535802.11,0.4882,1,-1.0043,0
2025-12-05,sh.600015,6.7928568,6.82239096,6.72394376,6.7436332,6.7928568,61844244,424469772.52,0.4019,1,-0.7246,0
2025-12-08,sh.600015,6.76332264,6.86176984,6.75347792,6.83223568,6.7436332,70548740,488482171.58,0.4585,1,1.3139,0
2025-12-09,sh.600015,6.8420804,6.8420804,6.76332264,6.76332264,6.83223568,40710936,281045153.82,0.2646,1,-1.0086,0
2025-12-10,sh.600015,6.76332264,6.78301208,6.6944096,6.72394376,6.76332264,50208943,342833530.18,0.3263,1,-0.5822,0
2025-12-11,sh.600015,6.72394376,6.7436332,6.68456488,6.6944096,6.72394376,44708678,304703422.09,0.2906,1,-0.4392,0
2025-12-12,sh.600015,6.6944096,6.72394376,6.65503072,6.67472016,6.6944096,70952581,482272638.71,0.4611,1,-0.2941,0
2025-12-15,sh.600015,6.6944096,6.76332264,6.68456488,6.7436332,6.67472016,52966234,362507773.94,0.3442,1,1.0324,0
2025-12-16,sh.600015,6.7436332,6.76332264,6.67472016,6.6944096,6.7436332,43362290,295645523.38,0.2818,1,-0.7299,0
2025-12-17,sh.600015,6.68456488,6.71409904,6.645186,6.67472016,6.6944096,49422145,335233208.09,0.3212,1,-0.2941,0
2025-12-18,sh.600015,6.67472016,6.77316736,6.65503072,6.76332264,6.67472016,56357797,385273435.91,0.3663,1,1.3274,0
2025-12-19,sh.600015,6.75347792,6.77316736,6.72394376,6.7436332,6.76332264,40508931,277703372.79,0.2633,1,-0.2911,0
2025-12-22,sh.600015,6.75347792,6.76332264,6.71409904,6.72394376,6.7436332,34434977,235395406.31,0.2238,1,-0.292,0
2025-12-23,sh.600015,6.72394376,6.77316736,6.71409904,6.72394376,6.72394376,32971868,225831347.51,0.2143,1,0.0,0
2025-12-24,sh.600015,6.72394376,6.7436332,6.6944096,6.73378848,6.72394376,31722277,216546118.87,0.2062,1,0.1464,0
2025-12-25,sh.600015,6.73378848,6.77316736,6.72394376,6.7436332,6.73378848,31256774,214272656.66,0.2031,1,0.1462,0
2025-12-26,sh.600015,6.73378848,6.75347792,6.71409904,6.71409904,6.7436332,31306510,213950814.2,0.2035,1,-0.438,0
2025-12-29,sh.600015,6.72394376,6.78301208,6.70425432,6.78301208,6.71409904,53803587,369027466.13,0.3497,1,1.0264,0
2025-12-30,sh.600015,6.77316736,6.78301208,6.72394376,6.7436332,6.78301208,36360346,249237949.26,0.2363,1,-0.5806,0
2025-12-31,sh.600015,6.73378848,6.78301208,6.73378848,6.76332264,6.7436332,33496702,229961536.82,0.2177,1,0.292,0
2026-01-05,sh.600015,6.75347792,6.78301208,6.73378848,6.75347792,6.76332264,49163291,337306945.03,0.3195,1,-0.1456,0
2026-01-06,sh.600015,6.75347792,6.7928568,6.73378848,6.7928568,6.75347792,45204614,310609672.3,0.2938,1,0.5831,0
2026-01-07,sh.600015,6.78301208,6.80270152,6.72394376,6.72394376,6.7928568,57975622,397659319.18,0.3768,1,-1.0145,0
2026-01-08,sh.600015,6.72394376,6.73378848,6.65503072,6.68456488,6.72394376,63966113,434683674.59,0.4157,1,-0.5857,0
2026-01-09,sh.600015,6.67472016,6.68456488,6.65503072,6.66487544,6.68456488,40199448,272250154.41,0.2613,1,-0.2946,0
2026-01-12,sh.600015,6.65503072,6.68456488,6.645186,6.67472016,6.66487544,42275288,286093203.86,0.2747,1,0.1477,0
2026-01-13,sh.600015,6.67472016,6.72394376,6.66487544,6.66487544,6.67472016,57039239,387670136.8,0.3707,1,-0.1475,0
2026-01-14,sh.600015,6.66487544,6.67472016,6.46798104,6.47782576,6.66487544,152093803,1016438906.65,0.9884,1,-2.8065,0
2026-01-15,sh.600015,6.47782576,6.50735992,6.42860216,6.43844688,6.47782576,72153844,474055845.5,0.4689,1,-0.6079,0
2026-01-16,sh.600015,6.4482916,6.47782576,6.31046552,6.3498444,6.43844688,112224691,726937449.13,0.7293,1,-1.3761,0
2026-01-19,sh.600015,6.35968912,6.38922328,6.3498444,6.35968912,6.3498444,46376716,299842244.45,0.3014,1,0.155,0
2026-01-20,sh.600015,6.35968912,6.46798104,6.35968912,6.45813632,6.35968912,60292917,393039670.72,0.3918,1,1.548,0
2026-01-21,sh.600015,6.4482916,6.47782576,6.37937856,6.399068,6.45813632,57339124,374442438.07,0.3726,1,-0.9146,0
2026-01-22,sh.600015,6.399068,6.45813632,6.32031024,6.33999968,6.399068,126874614,819530434.14,0.8245,1,-0.9231,0
2026-01-23,sh.600015,6.36,6.4,6.32,6.33,6.34,70022247,445468790.82,0.4551,1,-0.1577,0
2026-01-26,sh.600015,6.34,6.41,6.32,6.38,6.33,80064829,510240149.37,0.5203,1,0.7899,0
2026-01-27,sh.600015,6.39,6.4,6.33,6.33,6.38,64603534,411386755.3,0.4199,1,-0.7837,0
2026-01-28,sh.600015,6.34,6.42,6.33,6.34,6.33,99947234,636768631.75,0.6495,1,0.158,0
2026-01-29,sh.600015,6.34,6.45,6.31,6.45,6.34,95254798,607779783.48,0.6191,1,1.735,0
2026-01-30,sh.600015,6.44,6.5,6.34,6.34,6.45,78962326,508151266.69,0.5132,1,-1.7054,0
2026-02-02,sh.600015,6.38,6.53,6.37,6.43,6.34,106425706,687996799.42,0.6916,1,1.4196,0
2026-02-03,sh.600015,6.43,6.44,6.37,6.42,6.43,64165278,410327292.62,0.417,1,-0.1555,0
2026-02-04,sh.600015,6.42,6.49,6.4,6.48,6.42,55943991,361523986.41,0.3636,1,0.9346,0
2026-02-05,sh.600015,6.49,6.59,6.48,6.58,6.48,74187231,485607074.92,0.4821,1,1.5432,0
2026-02-06,sh.600015,6.58,6.6,6.53,6.58,6.58,63668546,418421702.88,0.4138,1,0.0,0
2026-02-09,sh.600015,6.58,6.65,6.55,6.61,6.58,46665928,308063840.47,0.3033,1,0.4559,0
2026-02-10,sh.600015,6.6,6.66,6.59,6.65,6.61,41056756,272487144.06,0.2668,1,0.6051,0
2026-02-11,sh.600015,6.64,6.68,6.62,6.67,6.65,41273123,274937150.11,0.2682,1,0.3008,0
2026-02-12,sh.600015,6.66,6.67,6.56,6.6,6.67,45599259,301553081.85,0.2963,1,-1.0495,0
2026-02-13,sh.600015,6.68,6.8,6.68,6.73,6.6,110522416,745141326.74,0.7183,1,1.9697,0
2026-02-24,sh.600015,6.75,6.77,6.72,6.74,6.73,61469940,414093606.57,0.3995,1,0.1486,0
2026-02-25,sh.600015,6.74,6.75,6.64,6.65,6.74,76069340,508911301.38,0.4944,1,-1.3353,0
2026-02-26,sh.600015,6.65,6.71,6.63,6.67,6.65,41914045,279298601.86,0.2724,1,0.3008,0
2026-02-27,sh.600015,6.66,6.73,6.65,6.69,6.67,54399496,364627289.5,0.3535,1,0.2999,0
2026-03-02,sh.600015,6.68,6.81,6.66,6.78,6.69,109122185,737455079.51,0.7092,1,1.3453,0
2026-03-03,sh.600015,6.77,6.86,6.73,6.79,6.78,100166880,681741071.74,0.651,1,0.1475,0
2026-03-04,sh.600015,6.78,6.79,6.7,6.75,6.79,75868839,511094039.2,0.4931,1,-0.5891,0
2026-03-05,sh.600015,6.73,6.86,6.71,6.84,6.75,75477456,514019463.8,0.4905,1,1.3333,0
2026-03-06,sh.600015,6.84,6.89,6.8,6.86,6.84,54446717,372834862.95,0.3538,1,0.2924,0
2026-03-09,sh.600015,6.85,6.9,6.8,6.83,6.86,63946151,437646704.47,0.4156,1,-0.4373,0
2026-03-10,sh.600015,6.82,6.94,6.8,6.92,6.83,68801396,473571557.3,0.4471,1,1.3177,0
2026-03-11,sh.600015,6.92,6.98,6.9,6.96,6.92,48854005,339393569.59,0.3175,1,0.578,0
2026-03-12,sh.600015,6.96,7.05,6.93,7.04,6.96,63629072,445889558.93,0.4135,1,1.1494,0
2026-03-13,sh.600015,7.03,7.26,7.01,7.16,7.04,108768780,777473000.08,0.7069,1,1.7045,0
2026-03-16,sh.600015,7.17,7.25,7.13,7.15,7.16,86586600,622564374.39,0.5627,1,-0.1397,0
2026-03-17,sh.600015,7.15,7.29,7.14,7.26,7.15,80416812,583137147.25,0.5226,1,1.5385,0
2026-03-18,sh.600015,7.27,7.29,7.19,7.24,7.26,69751827,504227702.28,0.4533,1,-0.2755,0
2026-03-19,sh.600015,7.22,7.27,7.1,7.13,7.24,74044908,531456188.54,0.4812,1,-1.5193,0
2026-03-20,sh.600015,7.13,7.24,7.12,7.18,7.13,71691682,515228105.21,0.4659,1,0.7013,0
2026-03-23,sh.600015,7.13,7.14,6.92,6.94,7.18,105729381,740695116.35,0.6871,1,-3.3426,0
2026-03-24,sh.600015,6.98,7.14,6.98,7.11,6.94,66321949,469624990.96,0.431,1,2.4496,0
2026-03-25,sh.600015,7.12,7.22,7.04,7.18,7.11,61006123,435642546.43,0.3965,1,0.9845,0
2026-03-26,sh.600015,7.17,7.23,7.12,7.15,7.18,47380086,340173055.22,0.3079,1,-0.4178,0
2026-03-27,sh.600015,7.13,7.18,7.09,7.14,7.15,42001099,299577145.4,0.273,1,-0.1399,0
2026-03-30,sh.600015,7.11,7.22,7.09,7.2,7.14,57692100,414655061.0,0.3749,1,0.8403,0
2026-03-31,sh.600015,7.26,7.43,7.23,7.32,7.2,105966792,780983703.35,0.6887,1,1.6667,0
2026-04-01,sh.600015,7.36,7.46,7.35,7.38,7.32,82946230,614124034.15,0.5391,1,0.8197,0
2026-04-02,sh.600015,7.4,7.52,7.37,7.49,7.38,94647252,707612994.41,0.6151,1,1.4905,0
2026-04-03,sh.600015,7.47,7.48,7.33,7.4,7.49,82725009,611089734.0,0.5376,1,-1.2016,0
2026-04-07,sh.600015,7.38,7.39,7.29,7.35,7.4,44322894,325487349.09,0.288,1,-0.6757,0
2026-04-08,sh.600015,7.35,7.43,7.3,7.42,7.35,63306304,466573764.03,0.4114,1,0.9524,0
2026-04-09,sh.600015,7.42,7.43,7.26,7.32,7.42,58668323,429503747.83,0.3813,1,-1.3477,0
2026-04-10,sh.600015,7.33,7.33,7.23,7.26,7.32,48314530,351877793.62,0.314,1,-0.8197,0
2026-04-13,sh.600015,7.25,7.27,7.2,7.26,7.26,30701677,222216108.82,0.1995,1,0.0,0
2026-04-14,sh.600015,7.25,7.31,7.22,7.31,7.26,35818389,260401582.27,0.2328,1,0.6887,0
2026-04-15,sh.600015,7.31,7.32,7.24,7.27,7.31,39210739,285156700.73,0.2548,1,-0.5472,0
2026-04-16,sh.600015,7.25,7.28,7.17,7.21,7.27,46881044,338213437.79,0.3047,1,-0.8253,0
2026-04-17,sh.600015,7.2,7.22,7.13,7.14,7.21,38397136,274712457.58,0.2495,1,-0.9709,0
2026-04-20,sh.600015,7.14,7.23,7.11,7.2,7.14,46655030,335228555.13,0.3032,1,0.8403,0
2026-04-21,sh.600015,7.2,7.27,7.16,7.18,7.2,42880588,309458622.76,0.2787,1,-0.2778,0
2026-04-22,sh.600015,7.18,7.19,7.08,7.1,7.18,52651612,374984858.64,0.3422,1,-1.1142,0
2026-04-23,sh.600015,7.1,7.22,7.09,7.18,7.1,59606707,427933373.89,0.3874,1,1.1268,0
2026-04-24,sh.600015,7.19,7.2,7.11,7.15,7.18,44346473,316798772.31,0.2882,1,-0.4178,0
2026-04-27,sh.600015,7.15,7.19,7.03,7.07,7.15,70341485,498796255.59,0.4571,1,-1.1189,0
2026-04-28,sh.600015,7.05,7.2,7.05,7.19,7.07,68604490,489289746.69,0.4459,1,1.6973,0
2026-04-29,sh.600015,7.17,7.24,7.11,7.23,7.19,54939300,394540671.2,0.357,1,0.5563,0
2026-04-30,sh.600015,7.11,7.13,6.89,6.89,7.23,168884063,1178400926.2,1.0976,1,-4.7026,0
2026-05-06,sh.600015,6.89,6.92,6.71,6.74,6.89,151132518,1021444070.94,0.9822,1,-2.1771,0
2026-05-07,sh.600015,6.74,6.78,6.64,6.65,6.74,117340559,783875331.72,0.7626,1,-1.3353,0
2026-05-08,sh.600015,6.65,6.69,6.63,6.66,6.65,74721315,497201637.02,0.4856,1,0.1504,0
2026-05-11,sh.600015,6.65,6.66,6.61,6.64,6.66,84862680,562690754.3,0.5515,1,-0.3003,0
2026-05-12,sh.600015,6.64,6.66,6.55,6.58,6.64,99362034,655402337.02,0.6457,1,-0.9036,0
2026-05-13,sh.600015,6.59,6.61,6.55,6.57,6.58,66372030,436320842.02,0.4313,1,-0.152,0
2026-05-14,sh.600015,6.56,6.61,6.52,6.58,6.57,72617772,476956692.38,0.4719,1,0.1522,0
2026-05-15,sh.600015,6.58,6.64,6.55,6.6,6.58,67507154,445417035.12,0.4387,1,0.304,0
2026-05-18,sh.600015,6.59,6.66,6.58,6.6,6.6,67616255,447773284.14,0.4394,1,0.0,0
2026-05-19,sh.600015,6.6,6.72,6.6,6.65,6.6,72787896,485249272.42,0.473,1,0.7576,0
2026-05-20,sh.600015,6.66,6.69,6.63,6.67,6.65,51553039,343447235.67,0.335,1,0.3008,0
2026-05-21,sh.600015,6.66,6.74,6.65,6.7,6.67,76149522,509998079.46,0.4949,1,0.4498,0
2026-05-22,sh.600015,6.69,6.77,6.64,6.75,6.7,72860728,489116508.64,0.4735,1,0.7463,0
2026-05-25,sh.600015,6.73,6.81,6.72,6.75,6.75,54185884,366923300.25,0.3521,1,0.0,0
2026-05-26,sh.600015,6.75,6.81,6.69,6.75,6.75,68073395,459141453.75,0.4424,1,0.0,0
2026-05-27,sh.600015,6.75,6.76,6.63,6.68,6.75,75033508,501373429.36,0.4876,1,-1.037,0
2026-05-28,sh.600015,6.67,6.71,6.55,6.57,6.68,79227325,524687169.09,0.5149,1,-1.6467,0
2026-05-29,sh.600015,6.56,6.72,6.54,6.71,6.57,100798693,670685890.24,0.6551,1,2.1309,0
2026-06-01,sh.600015,6.72,6.86,6.68,6.86,6.71,93368808,633534170.07,0.6068,1,2.2355,0
2026-06-02,sh.600015,6.84,6.95,6.83,6.92,6.86,78257525,540477126.0,0.5086,1,0.8746,0
2026-06-03,sh.600015,6.9,6.92,6.77,6.85,6.92,75450011,516247891.7,0.4903,1,-1.0116,0
2026-06-04,sh.600015,6.83,6.87,6.68,6.72,6.85,71994640,486092618.0,0.4679,1,-1.8978,0
2026-06-05,sh.600015,6.72,6.86,6.72,6.83,6.72,82626720,563464007.79,0.537,1,1.6369,0
2026-06-08,sh.600015,6.79,6.87,6.76,6.79,6.83,62061029,422555119.76,0.4033,1,-0.5857,0
2026-06-09,sh.600015,6.79,6.92,6.76,6.88,6.79,81780043,561911260.21,0.5315,1,1.3255,0
2026-06-10,sh.600015,6.87,6.95,6.85,6.94,6.88,53175454,367901267.34,0.3456,1,0.8721,0
2026-06-11,sh.600015,6.93,6.95,6.87,6.91,6.94,53551088,369633690.84,0.348,1,-0.4323,0
2026-06-12,sh.600015,6.88,6.99,6.84,6.99,6.91,84609418,587366194.09,0.5499,1,1.1577,0
2026-06-15,sh.600015,6.98,7.01,6.9,6.93,6.99,72813393,505537062.3,0.4732,1,-0.8584,0
2026-06-16,sh.600015,6.91,6.94,6.85,6.86,6.93,47198151,324798703.8,0.3067,1,-1.0101,0
2026-06-17,sh.600015,6.88,6.92,6.78,6.82,6.86,60456075,412766095.7,0.3929,1,-0.5831,0
2026-06-18,sh.600015,6.83,6.83,6.63,6.63,6.82,75951471,508102778.04,0.4936,1,-2.7859,0
2026-06-22,sh.600015,6.64,6.75,6.59,6.74,6.63,78074228,521038256.33,0.5074,1,1.6591,0
2026-06-23,sh.600015,6.74,6.89,6.72,6.84,6.74,84087892,574724953.34,0.5465,1,1.4837,0
2026-06-24,sh.600015,6.82,6.85,6.65,6.66,6.84,75259111,506074510.48,0.4891,1,-2.6316,0
2026-06-25,sh.600015,6.62,6.71,6.61,6.65,6.66,53998217,359141376.05,0.3509,1,-0.1502,0
