序号,代码,名称,最新价,今日排行榜-主力净占比,今日排行榜-今日排名,今日排行榜-今日涨跌,5日排行榜-主力净占比,5日排行榜-5日排名,5日排行榜-5日涨跌,10日排行榜-主力净占比,10日排行榜-10日排名,10日排行榜-10日涨跌,所属板块
1,300264,佳创视讯,9.77,15.36,78.0,20.02,1.37,1096,10.9,-3.8,4244,-10.94,IT服务Ⅱ
2,301349,信德新材,75.6,6.0,438.0,20.0,2.16,752,16.97,2.89,454,37.7,电池
3,300540,蜀道装备,30.5,10.95,173.0,19.98,6.59,137,20.41,1.09,1165,4.17,专用设备
4,300162,雷曼光电,12.13,19.8,37.0,19.98,4.91,282,8.79,3.02,461,13.47,光学光电子
5,301051,信濠光电,20.96,8.05,296.0,19.98,6.29,161,32.24,3.74,308,30.19,消费电子
6,300668,杰恩股份,66.99,0.24,1414.0,18.65,-0.03,1574,6.76,1.85,745,17.63,工程咨询服务Ⅱ
7,300338,*ST开元,2.98,19.91,35.0,17.79,-4.18,3812,-7.74,-4.65,4602,-2.93,教育
8,300260,新莱应材,93.26,3.69,742.0,14.98,2.83,578,12.4,3.57,320,28.14,通用设备
9,300088,长信科技,11.8,7.73,320.0,14.67,-0.8,2122,13.79,-1.41,2806,51.48,光学光电子
10,300749,顶固集创,27.58,6.4,437.0,14.58,6.87,121,22.31,4.02,270,29.54,家居用品
11,300592,华凯易佰,17.14,9.19,232.0,14.34,2.47,714,40.95,2.4,620,31.04,互联网电商
12,301096,百诚医药,59.87,-4.1,2831.0,12.73,-5.1,4206,7.45,-4.39,4499,9.09,医疗服务
13,300762,上海瀚讯,45.48,7.32,359.0,12.46,2.9,618,11.2,1.0,1221,20.06,军工电子Ⅱ
14,301611,珂玛科技,169.0,0.97,1250.0,12.35,-0.56,1806,38.79,1.01,1112,53.5,半导体
15,300084,海默科技,12.47,2.09,1010.0,12.04,-3.03,3260,5.68,-2.23,3405,6.13,专用设备
16,300877,金春股份,31.85,-0.74,1895.0,12.03,0.8,1320,11.79,-0.64,2261,17.83,纺织制造
17,301236,软通动力,41.55,7.78,315.0,11.72,2.56,698,7.75,-2.25,3418,1.14,IT服务Ⅱ
18,300102,乾照光电,24.6,13.61,96.0,11.01,-0.67,2054,-0.08,0.41,1550,8.99,光学光电子
19,300720,海川智能,89.33,-2.9,2483.0,10.97,-2.14,2852,9.47,-1.51,2876,20.93,通用设备
20,300382,斯莱克,21.1,-4.11,2832.0,10.76,2.05,866,30.81,0.96,1247,46.02,专用设备
21,300382,斯莱克,21.1,-4.1,2830.0,10.76,2.05,868,30.81,0.96,1248,46.02,专用设备
22,300727,润禾材料,38.7,6.11,425.0,10.13,1.74,867,10.92,0.79,1227,22.62,化学制品
23,300243,瑞丰高材,22.78,8.49,271.0,9.89,4.21,367,16.52,2.27,670,21.62,塑料
24,300900,广联航空,36.4,10.43,186.0,9.61,0.67,1381,3.47,0.94,1260,11.86,航空装备Ⅱ
25,301588,美新科技,41.82,5.37,501.0,9.53,1.86,831,1.65,4.76,160,20.73,家居用品
26,300321,同大股份,57.94,0.95,1254.0,9.42,1.49,934,17.0,0.33,1472,41.39,化学制品
27,301526,国际复材,52.28,1.18,1201.0,9.19,-1.72,2369,27.86,-2.17,3099,97.66,玻璃玻纤
28,300776,帝尔激光,195.41,6.38,439.0,9.05,2.51,704,15.35,-0.32,2044,33.47,光伏设备
29,301629,矽电股份,435.87,4.54,624.0,8.86,-1.29,2153,8.44,-0.57,2023,12.11,半导体
30,300398,飞凯材料,61.68,2.31,973.0,8.86,2.66,677,33.8,0.97,1237,43.81,电子化学品Ⅱ
31,300821,东岳硅材,20.21,5.33,509.0,8.77,-3.36,3152,1.97,-2.24,3136,13.09,化学制品
32,300717,华信新材,22.08,7.18,370.0,8.45,6.57,141,31.43,5.29,122,27.63,塑料
33,300420,五洋自控,9.73,5.66,472.0,8.11,1.87,826,30.08,0.4,1435,67.76,通用设备
34,301392,汇成真空,245.16,-6.22,3429.0,8.0,-2.9,3205,16.4,1.61,920,54.19,专用设备
35,301046,能辉科技,27.02,7.73,322.0,7.99,2.08,855,-5.85,-0.87,2424,5.92,专业工程
36,301232,飞沃科技,156.29,3.65,748.0,7.92,3.62,433,10.41,3.74,292,33.8,风电设备
37,301188,力诺药包,71.34,0.04,1464.0,7.72,3.13,526,6.7,0.29,1495,30.04,医疗器械
38,300293,蓝英装备,19.34,7.29,361.0,7.68,2.72,664,8.65,1.85,815,8.9,专用设备
39,300666,江丰电子,355.25,4.03,703.0,7.65,-0.33,1703,14.15,-0.74,2121,21.49,半导体
40,300801,泰和科技,30.43,11.2,162.0,7.45,7.32,93,11.88,5.31,120,16.9,化学制品
41,301138,华研精机,33.07,6.67,411.0,7.41,5.71,191,14.95,4.94,153,25.6,专用设备
42,300840,酷特智能,21.0,6.18,419.0,7.25,1.06,1093,-2.37,0.38,1443,4.17,服装家纺
43,300780,德恩精工,33.1,-3.32,2603.0,7.12,1.99,889,4.48,3.9,290,28.1,通用设备
44,300320,海达股份,9.57,-0.9,1927.0,7.05,-0.85,2145,0.53,3.88,292,18.44,橡胶
45,301421,波长光电,93.44,2.66,907.0,6.67,-0.3,1868,-7.59,-0.93,2479,3.1,光学光电子
46,300440,运达科技,21.44,1.57,1110.0,6.61,-0.28,1677,10.06,-1.8,2835,11.2,IT服务Ⅱ
47,300506,名家汇,6.28,0.12,1444.0,6.44,-0.69,1857,28.43,-2.37,3215,47.07,装修装饰Ⅱ
48,301005,超捷股份,110.95,12.03,133.0,6.38,1.32,1125,5.32,-0.47,2142,10.95,汽车零部件
49,300212,*ST易录,9.09,2.76,890.0,6.32,-9.55,5263,-12.43,-5.97,5011,-2.68,IT服务Ⅱ
50,300323,华灿光电,19.46,-4.82,3020.0,6.22,0.58,1421,20.64,-0.76,2333,27.52,光学光电子
51,300901,中胤时尚,14.12,2.06,1020.0,6.09,-3.2,3358,-4.47,-2.46,3556,-2.69,服装家纺
52,300259,新天科技,5.6,6.43,432.0,6.06,4.75,299,0.0,2.09,723,5.46,通用设备
53,301197,工大科雅,33.83,5.23,506.0,6.05,4.99,252,7.84,4.42,199,18.83,通用设备
54,300342,天银机电,44.8,13.38,103.0,6.01,-4.82,4092,0.13,-5.86,4977,-10.86,家电零部件Ⅱ
55,300721,怡达股份,37.22,6.75,404.0,5.89,5.09,262,32.69,1.35,1037,14.31,化学制品
56,300751,迈为股份,264.0,5.23,533.0,5.81,0.4,1357,19.65,1.07,1077,24.33,光伏设备
57,300285,国瓷材料,104.08,3.32,795.0,5.77,-2.0,2775,16.25,-2.02,3260,66.79,电子化学品Ⅱ
58,300301,ST长方,3.7,-0.86,1917.0,5.71,-0.6,2021,17.09,-2.49,3573,17.83,光学光电子
59,300537,广信材料,32.68,2.59,926.0,5.66,1.33,1112,13.0,0.82,1323,17.17,电子化学品Ⅱ
60,301095,广立微,106.42,5.17,545.0,5.66,3.01,542,3.82,1.79,762,8.14,软件开发
61,300219,鸿利智汇,10.08,5.85,450.0,5.55,3.79,408,11.38,0.26,1511,21.01,光学光电子
62,300395,菲利华,140.91,8.59,264.0,5.51,-0.7,2072,3.8,-0.72,2303,13.64,航空装备Ⅱ
63,300013,新宁物流,4.04,6.42,434.0,5.48,1.33,1114,-1.7,1.44,998,-1.46,物流
64,300670,大烨智能,6.35,10.92,174.0,5.48,3.09,577,9.29,0.33,1598,3.59,电网设备
65,301321,翰博高新,43.06,19.83,36.0,5.41,1.46,1051,9.32,1.33,1045,41.6,光学光电子
66,300214,日科化学,10.34,6.88,395.0,5.4,-4.39,3906,9.19,-1.82,3104,42.03,化学制品
67,301257,普蕊斯,43.3,-0.27,1765.0,5.38,2.04,875,7.23,1.19,1113,6.57,医疗服务
68,301295,美硕科技,42.93,-3.81,2745.0,5.38,-4.63,4010,-3.94,-4.86,4686,-5.71,电网设备
69,300446,航天智造,17.42,6.04,432.0,5.26,1.47,938,10.88,1.01,1102,14.68,汽车零部件
70,300346,南大光电,78.56,2.43,957.0,5.14,2.35,759,21.05,-1.11,2609,17.76,电子化学品Ⅱ
71,300938,信测标准,52.88,9.15,236.0,5.07,3.46,501,16.48,3.46,364,39.6,专业服务
72,300656,民德电子,39.99,4.67,611.0,5.07,0.85,1170,3.07,0.47,1402,8.32,其他电子Ⅱ
73,301030,*ST仕净,8.45,-1.13,1978.0,4.97,-11.9,5469,-19.91,-11.45,5548,-32.29,环保设备Ⅱ
74,300655,晶瑞电材,18.65,5.62,477.0,4.95,1.85,832,13.65,-1.0,2315,16.27,电子化学品Ⅱ
75,300566,激智科技,32.05,8.34,285.0,4.91,-4.77,4068,-6.86,-2.37,3498,10.52,光学光电子
76,301045,天禄科技,69.31,1.35,1163.0,4.89,0.26,1410,7.69,-1.29,2479,26.83,光学光电子
77,301345,涛涛车业,229.2,1.91,1050.0,4.72,1.46,1056,12.14,4.55,198,17.34,摩托车及其他
78,300027,ST华谊,1.58,4.19,674.0,4.64,-11.54,5117,-9.71,-8.68,5069,-9.2,影视院线
79,300093,金刚光伏,25.83,-9.64,4309.0,4.62,-3.96,3723,11.58,-4.14,4390,12.3,光伏设备
80,300759,康龙化成,26.53,2.42,960.0,4.57,3.53,488,16.82,0.76,1346,22.15,医疗服务
81,300316,晶盛机电,59.0,3.82,728.0,4.46,-0.71,1881,9.48,1.87,735,22.33,光伏设备
82,300345,华民股份,5.91,1.59,1106.0,4.42,0.9,1146,2.78,-1.33,2504,-7.94,光伏设备
83,300567,精测电子,274.43,-1.94,2203.0,4.35,-0.63,2036,28.32,0.55,1475,42.27,通用设备
84,301348,蓝箭电子,31.11,5.72,463.0,4.29,-0.37,1727,10.32,1.75,783,24.34,半导体
85,301618,长联科技,47.72,7.56,338.0,4.26,5.02,270,22.36,3.76,305,26.21,化学制品
86,301186,超达装备,40.2,5.24,527.0,4.23,-2.74,2864,-2.43,-1.4,2563,-2.71,汽车零部件
87,300200,高盟新材,11.9,5.63,476.0,4.2,4.63,291,25.4,1.89,726,25.13,化学制品
88,300498,温氏股份,12.21,5.12,551.0,4.18,-2.12,2580,0.41,-0.23,1805,-3.55,养殖业
89,300196,长海股份,33.33,-1.49,2068.0,4.12,-1.72,2615,11.62,-0.07,1865,28.54,玻璃玻纤
90,300761,立华股份,16.33,4.53,627.0,4.08,-2.72,2848,-5.0,-1.61,2695,-8.57,养殖业
91,301269,华大九天,114.48,2.42,961.0,3.98,1.18,1184,10.08,1.47,988,18.69,软件开发
92,301585,蓝宇股份,26.51,2.96,855.0,3.96,3.28,535,6.51,2.26,674,5.91,化学制品
93,300319,麦捷科技,31.27,2.83,872.0,3.96,-2.81,3156,12.64,-2.29,3446,50.26,元件
94,300812,易天股份,27.21,2.48,947.0,3.89,-3.61,3548,-8.01,-3.96,4320,-4.76,消费电子
95,300019,硅宝科技,18.29,3.14,824.0,3.86,-1.39,2437,1.05,-0.87,2423,6.4,化学制品
96,300095,华伍股份,8.88,11.08,168.0,3.86,7.23,100,0.11,3.49,357,2.42,专用设备
97,300545,联得装备,39.3,6.11,426.0,3.83,2.51,643,4.63,0.68,1271,13.58,光学光电子
98,301178,天亿马,45.81,-0.73,1889.0,3.81,-1.22,2344,3.67,-1.12,2616,20.71,IT服务Ⅱ
99,300472,*ST新元,7.64,2.57,931.0,3.66,-6.41,4653,-1.42,-8.39,5369,-4.74,专用设备
100,300460,ST惠伦,9.67,4.16,678.0,3.64,0.17,1458,0.21,-1.43,2575,15.81,元件
101,300833,浩洋股份,31.14,-0.06,1714.0,3.63,1.47,1049,-3.29,0.9,1291,-1.42,专用设备
102,300547,川环科技,33.15,4.43,643.0,3.63,2.8,585,-4.6,2.06,675,3.37,汽车零部件
103,300236,上海新阳,117.66,1.88,1056.0,3.59,1.37,1092,11.21,-0.71,2298,15.33,电子化学品Ⅱ
104,301128,强瑞技术,156.51,6.18,423.0,3.51,-2.0,2526,-16.84,-3.11,3605,-6.57,专用设备
105,300820,英杰电气,83.34,4.74,602.0,3.34,3.01,544,14.02,3.38,357,23.87,其他电源设备Ⅱ
106,300241,瑞丰光电,7.03,3.1,831.0,3.23,-0.39,1926,4.15,-5.7,4939,6.68,光学光电子
107,301319,唯特偶,209.2,-0.82,1911.0,3.22,0.71,1365,22.83,0.25,1652,58.09,电子化学品Ⅱ
108,301678,新恒汇,69.5,-1.14,1979.0,3.15,1.34,1109,8.51,1.43,1003,15.85,半导体
109,300786,国林科技,23.88,2.74,893.0,3.11,3.48,496,12.64,-0.32,2045,17.29,环保设备Ⅱ
110,300080,易成新能,3.72,10.89,175.0,3.05,-0.44,1949,-1.59,-2.33,3478,-4.86,光伏设备
111,301115,联检科技,31.58,-1.68,2131.0,3.03,-0.08,1771,-2.53,0.03,1788,3.27,专业服务
112,301276,嘉曼服饰,23.56,2.68,905.0,3.02,-1.54,2520,-2.08,0.11,1740,2.39,服装家纺
113,300429,强力新材,17.21,0.59,1329.0,2.99,1.68,885,9.62,-2.62,3351,13.75,电子化学品Ⅱ
114,301306,西测测试,169.0,12.95,116.0,2.97,-0.47,1968,-2.87,4.05,262,36.62,军工电子Ⅱ
115,300455,航天智装,21.52,-0.79,1904.0,2.97,-8.65,5135,-4.53,-3.6,4154,-2.62,计算机设备
116,300745,欣锐科技,42.86,9.42,221.0,2.86,4.06,386,-4.59,4.93,152,6.01,汽车零部件
117,300772,运达股份,11.79,9.47,220.0,2.79,3.46,500,-2.72,0.69,1378,-4.77,风电设备
118,301366,一博科技,63.1,4.55,623.0,2.77,0.02,1524,13.04,2.02,688,38.29,元件
119,301337,亚华电子,27.43,0.91,1263.0,2.73,0.61,1281,-5.22,-0.84,2200,4.81,软件开发
120,300710,万隆光电,36.45,9.62,214.0,2.68,1.57,1008,4.95,-4.16,4399,-6.3,通信设备
121,301390,经纬股份,30.19,7.65,329.0,2.62,2.36,757,3.21,2.32,655,-1.05,工程咨询服务Ⅱ
122,300052,中青宝,14.16,0.13,1445.0,2.61,3.97,377,19.19,2.45,566,20.72,IT服务Ⅱ
123,300005,探路者,23.36,-5.22,3136.0,2.59,-4.67,4024,36.93,-6.41,5101,55.73,服装家纺
124,300125,*ST聆达,9.5,7.74,318.0,2.59,-8.11,5033,-4.43,-0.29,2023,6.74,电力
125,300021,大禹节水,3.97,5.91,442.0,2.58,6.1,159,7.88,2.13,654,6.15,农业综合Ⅱ
126,300650,太龙股份,15.24,5.09,555.0,2.56,8.41,54,16.78,6.36,59,24.71,其他电子Ⅱ
127,300689,澄天伟业,62.93,5.75,460.0,2.54,-1.82,2424,-0.11,-3.13,3613,19.3,通信设备
128,300347,泰格医药,44.95,6.41,435.0,2.49,8.67,54,12.04,9.33,16,13.22,医疗服务
129,300010,ST豆神,2.1,1.9,1051.0,2.44,-10.78,5399,-13.93,-6.18,5055,-12.13,教育
130,300985,致远新能,37.05,4.12,687.0,2.38,-0.28,1679,10.43,-1.57,2672,19.9,通用设备
131,300040,九洲集团,5.72,-2.06,2236.0,2.33,-8.61,5116,-10.63,-6.36,5095,-10.49,电力
132,301043,绿岛风,43.53,3.74,735.0,2.33,1.54,920,-2.57,-0.35,1892,2.23,通用设备
133,300401,花园生物,22.61,-4.55,2951.0,2.31,-4.31,3865,36.53,-5.1,4771,71.29,化学制药
134,300416,苏试试验,20.44,3.47,766.0,2.2,-0.96,1991,2.66,-1.35,2521,22.98,专业服务
135,301228,实朴检测,79.49,5.77,458.0,2.19,1.43,966,-0.56,2.75,490,-1.76,专业服务
136,300041,回天新材,15.36,4.07,693.0,2.13,2.29,712,5.93,1.58,855,15.14,化学制品
137,300849,锦盛新材,22.72,-3.46,2491.0,2.11,1.98,866,2.34,0.57,1428,-1.17,化妆品
138,301093,华兰股份,125.58,-1.81,2174.0,2.01,-2.01,2784,-3.3,-1.51,2880,2.11,医疗器械
139,300225,金力泰,8.14,5.02,563.0,2.01,-11.08,5093,-10.15,-6.35,4769,-2.86,化学制品
140,300708,聚灿光电,8.22,2.69,901.0,1.99,-5.17,4228,-2.49,-3.75,4215,1.86,光学光电子
141,300072,海新能科,3.61,9.15,233.0,1.98,5.69,192,5.56,-1.62,2948,-1.1,化学制品
142,300152,*ST动力,1.56,4.75,599.0,1.96,-8.7,4821,-8.24,-7.36,4931,-10.34,环境治理
143,300488,恒锋工具,40.17,7.07,386.0,1.93,-1.67,2595,-3.62,-1.66,2988,4.28,通用设备
144,300477,ST合纵,2.17,1.51,1130.0,1.88,-6.44,4350,-6.06,-5.63,4594,-9.96,电池
145,300065,海兰信,21.64,5.57,483.0,1.88,4.47,306,15.11,2.81,466,19.43,航海装备Ⅱ
146,301323,新莱福,87.91,7.12,381.0,1.87,-5.7,4421,-14.4,0.1,1744,1.65,金属新材料
147,301395,仁信新材,12.75,11.3,156.0,1.84,7.39,90,13.74,4.55,198,11.26,塑料
148,300185,通裕重工,2.78,-3.53,2656.0,1.83,0.85,1293,0.0,0.22,1666,1.09,风电设备
149,300722,新余国科,22.2,-0.14,1729.0,1.83,-2.86,3186,-4.43,-0.3,2029,-5.85,航天装备Ⅱ
150,301511,德福科技,155.29,1.07,1222.0,1.8,-1.43,2215,-3.49,-1.89,2901,16.26,电池
151,300136,信维通信,118.68,0.34,1381.0,1.67,-0.45,1766,10.45,-0.43,1933,19.54,消费电子
152,300594,ST朗进,13.56,-1.66,2124.0,1.65,-5.5,4346,-9.18,-6.05,5031,-13.58,轨交设备Ⅱ
153,300555,ST路通,12.5,-1.2,1993.0,1.63,-5.47,4338,-9.16,-1.32,2734,6.75,通信设备
154,300929,华骐环保,10.67,4.77,595.0,1.62,4.21,344,0.47,3.65,306,-4.22,环境治理
155,300304,云意电气,19.66,2.77,887.0,1.6,2.69,669,7.55,3.96,279,26.84,汽车零部件
156,300121,阳谷华泰,12.24,7.39,355.0,1.58,3.98,403,2.26,-2.67,3671,-9.73,橡胶
157,301382,蜂助手,42.76,1.81,1069.0,1.52,3.73,448,4.6,4.95,151,17.57,通信服务
158,301371,敷尔佳,26.23,3.73,737.0,1.51,0.61,1281,-4.58,1.3,967,-1.06,化妆品
159,300604,长川科技,314.52,-0.05,1708.0,1.46,-0.26,1846,19.09,0.77,1343,35.08,半导体
160,300069,金利华电,32.18,8.72,258.0,1.45,-3.66,3587,-5.3,-0.95,2489,-10.46,电网设备
161,300203,聚光科技,14.09,3.12,829.0,1.44,1.55,1014,7.97,1.09,1162,8.38,通用设备
162,300602,飞荣达,50.29,4.5,635.0,1.43,0.0,1532,1.55,-0.51,1984,20.8,消费电子
163,300588,熙菱信息,23.17,-2.03,2232.0,1.4,-0.24,1839,-4.61,7.66,37,27.52,计算机设备
164,300690,双一科技,22.66,7.15,374.0,1.39,-0.79,2119,-5.11,0.92,1280,-1.52,风电设备
165,300376,易事特,5.23,-0.49,1812.0,1.36,-9.82,5305,-13.41,-4.81,4662,-9.98,其他电源设备Ⅱ
166,300939,秋田微,68.56,3.96,711.0,1.33,-0.78,1912,-1.8,3.15,399,28.37,光学光电子
167,301275,汉朔科技,43.28,-3.66,2692.0,1.31,-1.89,2711,-3.39,2.02,750,9.6,其他电子Ⅱ
168,300569,天能重工,4.74,3.46,767.0,1.28,2.33,695,-1.46,0.89,1189,-1.86,风电设备
169,301333,诺思格,50.25,3.42,773.0,1.27,4.67,307,6.8,4.4,214,12.72,医疗服务
170,300654,世纪天鸿,9.76,-1.42,2055.0,1.24,-4.32,3872,1.35,-2.61,3630,6.09,出版
171,300688,创业黑马,27.39,8.97,245.0,1.22,0.24,1572,-8.49,1.36,1033,7.58,教育
172,300716,*ST泉为,23.9,1.55,1117.0,1.19,0.41,1352,11.01,-2.96,3530,23.71,塑料
173,300123,ST亚光,3.53,1.03,1233.0,1.15,-9.73,4969,-13.05,-7.78,4982,-14.11,军工电子Ⅱ
174,300352,ST信源,2.71,5.17,544.0,1.12,-9.69,4960,-7.82,-2.06,3015,6.69,软件开发
175,301182,凯旺科技,107.92,-1.66,2121.0,1.09,-3.61,3554,6.85,-0.41,2106,21.26,计算机设备
176,300022,吉峰科技,7.39,4.64,614.0,1.09,3.08,532,-0.67,0.44,1408,-2.38,专业连锁Ⅱ
177,300967,晓鸣股份,14.16,9.12,237.0,1.07,-4.5,3958,-14.18,-5.4,4856,-23.79,养殖业
178,300045,华力创通,16.99,2.17,999.0,1.07,-7.83,4972,-6.9,-5.35,4843,-4.6,军工电子Ⅱ
179,300827,上能电气,29.1,0.68,1309.0,1.04,-4.61,3697,-3.32,-4.05,4041,-2.45,光伏设备
180,300471,厚普股份,8.86,-1.7,2139.0,1.03,0.45,1473,-1.77,0.15,1711,-1.66,专用设备
181,300758,七彩化学,12.78,-7.28,3703.0,1.03,-3.17,3332,-1.31,-0.98,2519,2.08,化学制品
182,300311,ST任子行,4.98,2.11,1007.0,1.01,-5.86,4467,-4.23,-1.73,3037,0.2,软件开发
183,300317,珈伟新能,4.13,13.94,91.0,0.98,0.11,1632,-7.61,-3.35,4023,-15.2,电力
184,301067,显盈科技,34.64,5.2,539.0,0.93,2.69,612,-2.31,0.76,1240,9.07,消费电子
185,301160,翔楼新材,52.93,-8.41,4013.0,0.92,-4.85,4108,12.64,-2.61,3634,25.4,特钢Ⅱ
186,300198,*ST纳川,2.22,8.49,274.0,0.91,-11.89,5468,-4.72,-9.4,5464,-7.11,装修建材
187,300576,容大感光,51.57,-6.2,3421.0,0.9,-2.54,3033,3.62,-3.29,3998,14.09,电子化学品Ⅱ
188,300585,奥联电子,16.27,-2.23,2298.0,0.87,-10.76,5397,-9.21,-5.25,4821,-9.26,汽车零部件
189,300992,泰福泵业,25.91,-3.49,2648.0,0.86,1.73,968,2.41,-0.78,2360,0.82,通用设备
190,300354,东华测试,31.77,15.54,75.0,0.86,-3.62,3565,-10.28,1.64,909,2.22,通用设备
191,300337,银邦股份,11.68,-4.11,2834.0,0.86,-7.24,4869,-9.18,-4.84,4677,-0.93,工业金属
192,301318,维海德,20.26,-0.52,1818.0,0.85,3.24,544,-8.08,0.92,1281,-2.41,计算机设备
193,301617,博苑新材,57.08,8.99,243.0,0.85,1.9,910,0.76,1.45,993,6.71,化学制品
194,300637,扬帆新材,10.65,1.29,1178.0,0.85,3.68,424,3.5,2.22,631,3.5,化学制品
195,300326,ST凯利,5.97,10.57,184.0,0.84,1.62,1001,-2.13,3.33,396,-0.33,医疗器械
196,300739,明阳电路,34.02,0.53,1340.0,0.83,-2.71,2840,0.09,0.57,1338,26.85,元件
197,301028,鼎熔岩,16.09,3.43,772.0,0.81,-2.99,3242,-8.68,-0.07,1871,2.68,通用设备
198,300147,*ST香雪,9.95,-5.72,3280.0,0.81,-3.93,3704,0.51,-3.84,4258,6.42,中药Ⅱ
199,300051,琏升科技,9.08,-0.25,1758.0,0.78,0.26,1552,-2.78,-3.73,4200,-4.22,光伏设备
200,300410,正业科技,11.94,8.03,298.0,0.76,-0.52,1983,-7.37,-1.49,2857,10.15,电池
201,300201,海伦哲,18.62,-0.85,1915.0,0.76,0.89,1274,-0.75,1.14,1133,7.88,工程机械
202,300097,智云股份,9.12,-8.54,4048.0,0.66,-6.54,4687,-4.1,-3.2,3953,-1.08,自动化设备
203,300842,帝科股份,86.31,6.75,405.0,0.65,3.55,484,0.13,0.52,1498,12.09,光伏设备
204,300120,经纬辉开,11.09,-2.08,2244.0,0.64,3.33,523,30.32,-0.39,2091,25.03,光学光电子
205,301399,英特科技,17.42,3.87,723.0,0.64,0.47,1331,-4.18,0.97,1141,0.99,通用设备
206,301015,百洋医药,19.26,1.08,1221.0,0.63,-5.15,3914,-9.49,0.58,1335,-3.51,医药商业
207,300269,联建光电,4.76,6.51,425.0,0.63,1.91,906,-2.46,-1.34,2749,-1.86,光学光电子
208,300848,美瑞新材,14.29,-0.41,1795.0,0.63,0.41,1491,-3.97,1.06,1184,3.03,化学制品
209,300458,全志科技,40.2,-4.18,2855.0,0.58,1.19,1174,12.79,1.57,945,32.24,半导体
210,301279,金道科技,22.71,-5.05,3090.0,0.58,1.49,1037,-5.61,0.79,1336,-5.22,工程机械
211,301003,江苏博云,53.61,3.09,833.0,0.58,-2.98,3237,-7.12,-1.79,3085,9.36,塑料
212,300359,全通教育,3.58,-1.72,2149.0,0.56,0.42,1486,-4.53,-1.03,2555,-7.25,教育
213,301072,中捷精工,40.09,6.22,457.0,0.55,1.2,1171,-1.28,0.61,1427,14.54,汽车零部件
214,300836,佰奥智能,74.69,11.42,152.0,0.54,5.65,199,-0.73,2.52,591,12.64,专用设备
215,300969,恒帅股份,94.31,-3.66,2693.0,0.53,-3.85,3678,-6.81,-1.05,2570,-5.97,汽车零部件
216,300923,研奥股份,21.6,2.85,870.0,0.51,2.56,699,-7.06,4.05,263,-9.59,轨交设备Ⅱ
217,300076,*ST宁视,4.23,-0.7,1885.0,0.48,-5.64,4399,-10.57,-5.42,4861,4.19,光学光电子
218,301307,美利信,58.34,-9.67,4313.0,0.46,-7.66,4953,-11.45,-2.09,3314,-3.14,通信设备
219,300210,森远股份,8.88,-3.09,2540.0,0.45,-5.95,4499,-6.33,-5.15,4792,-7.02,环保设备Ⅱ
220,300638,广和通,19.08,3.31,797.0,0.42,-4.02,3745,-6.01,-5.61,4914,-1.65,通信设备
221,300729,乐歌股份,9.84,-1.95,2207.0,0.41,-10.15,5350,-4.93,-6.43,5107,-4.37,家居用品
222,300706,阿石创,78.41,-4.82,3023.0,0.4,-2.21,2879,4.53,-1.35,2756,15.51,半导体
223,301308,江波龙,680.0,-5.04,3086.0,0.4,-1.07,2262,17.69,-0.65,2266,32.09,半导体
224,301155,海力风电,43.69,6.99,389.0,0.37,0.68,1379,-4.34,0.28,1637,-5.45,风电设备
225,301036,双乐股份,22.47,-4.21,2866.0,0.36,0.25,1561,-0.58,0.29,1632,-3.97,化学制品
226,301213,观想科技,54.2,2.36,969.0,0.35,2.94,613,3.63,1.49,979,13.48,军工电子Ⅱ
227,301502,华阳智能,86.13,0.21,1425.0,0.33,-0.93,1977,0.97,-0.6,2039,4.35,电机Ⅱ
228,300691,联合光电,15.9,6.65,412.0,0.32,0.38,1505,-5.13,-1.95,3210,-7.45,计算机设备
229,300057,万顺新材,10.11,-5.87,3329.0,0.3,-1.69,2600,8.36,-1.07,2577,23.75,工业金属
230,301517,陕西华达,48.84,0.02,1618.0,0.27,-5.21,4250,-9.44,-4.29,4461,-5.97,军工电子Ⅱ
231,301161,唯万密封,34.34,-7.01,3637.0,0.26,-4.59,3988,-3.4,-3.09,3885,-6.0,工程机械
232,300169,天晟新材,4.84,9.57,215.0,0.21,-1.8,2662,-5.47,0.58,1448,-6.74,化学制品
233,301215,中汽股份,5.24,3.35,788.0,0.19,1.02,1224,-2.06,3.91,288,4.17,汽车服务
234,300673,佩蒂股份,12.33,2.64,915.0,0.16,-8.13,5035,-3.67,-5.13,4786,-7.43,饲料
235,301281,科源制药,45.77,-5.06,3093.0,0.15,-6.91,4775,-8.59,-2.06,3293,2.55,化学制药
236,302132,中航成飞,57.98,2.63,918.0,0.14,-6.07,4540,-2.28,-4.08,4369,1.35,军工电子Ⅱ
237,301362,民爆光电,190.26,2.61,922.0,0.13,-5.21,4249,-20.98,-1.61,2945,3.7,照明设备Ⅱ
238,300313,天山生物,7.77,-3.97,2791.0,0.13,-13.0,5518,-10.59,-10.39,5519,-8.37,养殖业
239,300435,中泰股份,24.89,2.75,892.0,0.12,1.75,960,3.92,4.08,259,33.17,燃气Ⅱ
240,300473,德尔股份,30.04,2.46,949.0,0.1,1.31,1126,-0.4,0.6,1432,-2.37,汽车零部件
241,301235,华康洁净,69.91,-5.0,3073.0,0.09,-4.84,4105,5.33,-1.98,3227,-4.74,医疗器械
242,300861,美畅股份,24.95,1.52,1127.0,0.08,0.5,1317,2.59,2.8,471,35.16,通用设备
243,301181,标榜股份,23.72,5.25,531.0,0.08,-9.77,4973,-12.73,-10.55,5196,-15.92,汽车零部件
244,300433,蓝思科技,55.76,-1.3,2015.0,0.07,-3.06,3273,-0.02,-0.45,2130,30.65,消费电子
245,300863,卡倍亿,66.9,12.72,121.0,0.06,3.84,428,-0.67,-0.72,2307,2.2,汽车零部件
246,300671,富满微,71.64,-0.27,1764.0,0.06,-0.84,2139,18.47,-0.02,1836,45.82,半导体
247,301127,武汉天源,18.92,-10.91,4587.0,0.05,-4.25,3845,28.01,-3.38,4036,54.2,环境治理
248,300054,鼎龙股份,95.49,-2.9,2481.0,0.04,-4.61,3996,3.59,-2.73,3693,26.68,电子化学品Ⅱ
249,300385,ST雪浪,10.19,-3.45,2641.0,0.0,-13.63,5535,-24.01,-11.5,5549,-28.69,环境治理
250,300719,安达维尔,11.97,-5.31,3160.0,0.0,-1.99,2771,-6.92,-0.37,2080,-2.76,航空装备Ⅱ
251,300237,ST美晨,1.73,-7.72,3819.0,0.0,-11.87,5465,-14.36,-9.25,5449,-18.01,汽车零部件
252,300029,天龙退,0.15,4.07,694.0,0.0,0.34,1377,-25.0,4.39,202,-94.58,专业工程
253,301139,*ST元道,4.43,-1.68,2130.0,0.0,0.01,1688,5.98,-1.06,2574,-10.32,通信服务
254,300211,*ST亿通,7.32,7.49,343.0,0.0,1.46,1055,-7.69,1.97,766,-3.05,通信服务
255,300443,金雷股份,21.96,3.68,745.0,0.0,-0.87,1948,-2.83,-1.73,2785,0.83,风电设备
256,300373,扬杰科技,137.4,-2.43,2357.0,-0.04,-3.06,3275,11.59,-0.7,2291,37.14,半导体
257,300948,冠中生态,23.53,7.14,376.0,-0.04,-0.34,1894,-7.69,-3.1,3893,-5.65,基础建设
258,300889,爱克股份,23.09,-5.61,3244.0,-0.04,-5.29,4273,-3.51,-4.42,4515,-4.23,光学光电子
259,301418,协昌科技,54.6,-4.96,3062.0,-0.05,-0.29,1864,13.33,-1.38,2791,18.95,自动化设备
260,301381,赛维时代,18.35,-2.85,2467.0,-0.05,-3.81,3658,-5.02,-2.54,3599,3.21,互联网电商
261,300363,博腾股份,16.34,1.5,1134.0,-0.06,3.79,410,14.43,2.66,502,18.32,医疗服务
262,300860,锋尚文化,24.39,2.3,975.0,-0.08,3.4,511,-7.96,2.08,726,-6.19,专业服务
263,300469,信息发展,50.33,-1.65,2122.0,-0.08,-2.82,3165,-2.65,-2.4,3515,-5.82,软件开发
264,301256,华融化学,11.66,-3.05,2529.0,-0.09,0.72,1357,3.55,-2.63,3646,-3.87,化学原料
265,301125,腾亚精工,14.61,-6.2,3423.0,-0.14,-2.66,3092,-11.19,-2.27,3434,-5.13,通用设备
266,300274,阳光电源,152.35,3.74,734.0,-0.2,1.62,899,3.65,0.3,1486,3.82,光伏设备
267,300550,和仁科技,13.31,-1.71,2145.0,-0.22,-0.68,2056,-10.97,-0.93,2476,-6.07,软件开发
268,300430,*ST益通,4.41,0.56,1339.0,-0.23,-5.26,3957,-9.63,-3.27,3692,-6.17,通用设备
269,300039,上海凯宝,4.19,-8.02,3895.0,-0.24,-4.67,4027,-1.64,-6.25,5071,-3.9,中药Ⅱ
270,300389,艾比森,12.72,1.49,1138.0,-0.24,-1.11,2068,-4.5,-0.77,2149,-1.78,光学光电子
271,300159,新研股份,3.67,2.93,857.0,-0.27,-14.19,5550,-10.92,-12.4,5566,-11.35,专用设备
272,300832,新产业,42.46,6.36,444.0,-0.28,1.81,938,1.1,-0.28,2016,-2.95,医疗器械
273,300303,聚飞光电,10.36,-0.82,1910.0,-0.29,-0.04,1748,7.69,-1.45,2828,14.6,光学光电子
274,300909,汇创达,63.92,-7.64,3803.0,-0.3,-0.79,2118,18.06,-1.63,2957,42.04,光学光电子
275,301079,邵阳液压,33.29,-3.36,2618.0,-0.3,-2.91,3207,-5.05,-2.65,3662,2.02,工程机械
276,301037,保立佳,12.38,5.27,526.0,-0.32,2.11,767,-3.81,0.35,1462,-9.77,化学制品
277,300129,泰胜风能,8.7,-2.31,2322.0,-0.34,-6.22,4595,-5.54,-5.29,4829,-4.29,风电设备
278,301300,远翔新材,32.31,-1.37,2040.0,-0.34,-0.21,1824,-4.46,0.17,1704,-4.77,橡胶
279,300232,洲明科技,5.83,3.15,823.0,-0.34,-0.6,2021,-1.85,1.87,805,3.92,光学光电子
280,301589,诺瓦星云,144.01,6.58,415.0,-0.34,0.03,1677,-8.12,1.88,803,1.95,计算机设备
281,300277,汽轮科技,14.92,8.8,254.0,-0.4,2.34,765,1.5,-0.08,1876,13.03,IT服务Ⅱ
282,300167,ST迪威迅,4.69,-3.93,2779.0,-0.42,0.31,1533,3.3,-3.76,4224,2.4,IT服务Ⅱ
283,300509,新美星,8.46,3.91,717.0,-0.47,1.63,898,-5.16,-2.12,3062,-6.83,专用设备
284,300050,世纪鼎利,6.19,-0.89,1924.0,-0.48,-2.09,2826,-8.16,-3.72,4194,-0.8,通信服务
285,300470,中密控股,28.36,-16.22,5329.0,-0.49,-12.36,5489,-6.09,-5.96,5011,-6.19,通用设备
286,301273,瑞晨环保,28.46,6.18,421.0,-0.49,0.25,1417,-11.67,0.11,1599,-10.98,通用设备
287,300306,远方信息,9.78,-8.33,3992.0,-0.51,-2.46,2992,-3.17,-2.49,3576,-4.96,通用设备
288,301218,华是科技,43.03,3.49,763.0,-0.51,-1.61,2320,-3.48,-2.8,3439,12.56,IT服务Ⅱ
289,300989,蕾奥规划,13.08,-9.76,4339.0,-0.53,-3.7,3610,-2.9,-2.16,3370,-7.37,工程咨询服务Ⅱ
290,300947,德必集团,13.06,-7.02,3639.0,-0.53,-3.78,3645,-3.4,-4.79,4656,-8.48,一般零售
291,300481,濮阳惠成,18.27,-2.21,2288.0,-0.54,-2.75,3138,-1.98,-1.83,3115,7.28,电子化学品Ⅱ
292,300245,ST天玑,5.42,-3.92,2775.0,-0.55,-3.03,3263,-6.71,-1.37,2779,-3.56,IT服务Ⅱ
293,300486,东杰智能,21.4,1.04,1231.0,-0.56,-2.61,2798,-7.68,-2.15,3086,-11.64,自动化设备
294,301419,阿莱德,46.75,-10.61,4510.0,-0.57,-2.28,2909,2.52,-0.92,2466,21.08,通信设备
295,301151,冠龙节能,17.85,0.81,1286.0,-0.61,1.22,1049,-13.73,-0.07,1712,-7.66,通用设备
296,301266,宇邦新材,22.94,-5.28,3151.0,-0.61,-6.11,4557,-10.43,-2.15,3363,-6.79,光伏设备
297,300607,拓斯达,39.99,7.9,305.0,-0.62,0.66,1382,3.04,0.19,1689,19.69,自动化设备
298,300516,久之洋,32.9,0.66,1315.0,-0.63,-6.68,4410,-9.27,-3.89,3969,-8.36,其他电子Ⅱ
299,301040,中环海陆,24.85,-0.84,1914.0,-0.64,-8.03,5013,-10.51,-7.43,5264,-18.55,风电设备
300,300053,航宇微,15.21,0.14,1439.0,-0.65,-5.84,4147,-7.37,-6.7,4829,-9.14,半导体
301,300220,金运激光,10.74,-1.44,2058.0,-0.65,1.46,1053,-2.72,0.64,1416,-6.12,文娱用品
302,301019,宁波色母,18.34,-5.44,3195.0,-0.65,-2.43,2975,-6.81,-1.81,3103,-6.38,塑料
303,300475,香农芯创,304.2,-3.73,2724.0,-0.67,0.36,1511,19.35,2.05,735,67.0,其他电子Ⅱ
304,300230,永利股份,4.36,5.33,513.0,-0.68,-0.97,1998,-3.96,1.92,721,-4.6,塑料
305,301305,朗坤科技,30.44,7.73,321.0,-0.69,6.93,118,0.76,5.68,90,4.6,环境治理
306,301297,富乐德,54.31,-11.07,4622.0,-0.71,-4.3,3864,5.91,0.06,1768,26.39,半导体
307,300068,ST南都,4.15,-4.43,2921.0,-0.72,-2.7,3110,0.0,-2.28,3438,11.86,电池
308,300629,新劲刚,20.65,2.64,912.0,-0.72,-1.33,2397,-2.09,-2.17,3360,2.33,军工电子Ⅱ
309,300447,全信股份,14.73,-6.67,3548.0,-0.74,-6.83,4757,-9.8,-4.22,4429,-4.6,军工电子Ⅱ
310,301393,昊帆生物,55.88,1.59,1108.0,-0.75,-1.61,2320,5.69,-1.56,2669,13.19,生物制品
311,300575,中旗股份,5.04,2.83,875.0,-0.79,-2.21,2882,-4.0,-2.46,3552,-10.32,农化制品
312,300396,ST迪瑞,6.3,0.45,1360.0,-0.79,-5.38,3994,-5.41,-3.27,3697,-6.8,医疗器械
313,300998,宁波方正,28.87,1.2,1196.0,-0.79,-0.22,1652,-2.96,-1.95,2947,11.68,汽车零部件
314,301218,华是科技,42.9,3.39,780.0,-0.81,-1.63,2564,-3.77,-2.81,3732,12.22,IT服务Ⅱ
315,301166,优宁维,25.71,1.31,1172.0,-0.81,-1.2,2106,-0.85,0.93,1171,-3.92,生物制品
316,300730,科创信息,13.44,-3.44,2637.0,-0.81,1.22,1162,-5.95,0.05,1772,-2.04,软件开发
317,301077,星华新材,22.71,9.15,235.0,-0.83,0.57,1432,-2.49,-0.61,2232,1.38,化学制品
318,300223,北京君正,235.38,-7.96,3882.0,-0.83,0.6,1413,26.51,0.67,1393,61.78,半导体
319,301070,开勒股份,85.54,-0.86,1921.0,-0.85,0.06,1659,-1.86,1.21,1105,20.44,通用设备
320,300554,三超新材,27.61,-5.17,3123.0,-0.86,-4.72,4054,-13.07,0.3,1621,-5.38,通用设备
321,300935,盈建科,28.65,-10.53,4511.0,-0.87,-5.18,4237,-12.57,-2.1,3321,-9.16,软件开发
322,300044,*ST赛为,4.49,0.63,1320.0,-0.88,-15.22,5245,-17.61,-10.22,5185,-17.16,IT服务Ⅱ
323,300921,南凌科技,21.13,5.33,511.0,-0.89,-5.65,4089,-5.08,-4.3,4148,25.4,通信服务
324,301058,中粮科工,7.76,-9.43,4260.0,-0.89,-4.84,4105,-5.48,-2.19,3388,-6.28,工程咨询服务Ⅱ
325,300850,新强联,26.36,4.79,592.0,-0.9,-2.32,2665,-6.52,-3.99,4021,-9.01,风电设备
326,300070,碧水源,3.22,-7.23,3692.0,-0.92,-6.26,4611,-4.45,-6.03,5021,-7.74,环境治理
327,300899,上海凯鑫,29.23,6.35,446.0,-0.92,2.06,866,-1.75,1.13,1139,-2.53,环境治理
328,301112,信邦智能,28.05,6.09,431.0,-0.92,2.02,795,-9.28,-0.37,1906,-8.27,自动化设备
329,300979,华利集团,30.2,-0.16,1735.0,-0.92,-1.57,2540,-3.39,-1.68,3001,-7.93,纺织制造
330,301571,国科天成,65.88,3.13,827.0,-0.93,-3.94,3717,-6.1,-1.89,3167,1.62,军工电子Ⅱ
331,300790,宇瞳光学,26.26,-6.64,3538.0,-0.94,-1.41,2443,-6.88,-3.16,3929,13.24,计算机设备
332,300628,亿联网络,33.43,-2.92,2488.0,-0.95,1.72,972,0.69,-0.76,2341,-3.1,通信设备
333,300263,隆华科技,15.7,-4.6,2964.0,-0.95,-4.66,4021,-3.44,-4.2,4412,10.72,通用设备
334,300135,宝利国际,3.11,-2.76,2443.0,-0.96,-2.21,2879,-2.51,-4.21,4420,-6.33,炼化及贸易
335,300350,华鹏飞,4.03,-5.69,3268.0,-0.98,-3.55,3528,-3.36,-1.67,2986,-4.5,物流
336,300610,晨化股份,9.98,2.24,987.0,-0.99,1.4,1084,-4.41,1.82,825,-5.49,化学制品
337,300020,ST银江,2.97,-14.93,5211.0,-1.0,-14.99,5567,-10.0,-14.42,5589,-12.39,IT服务Ⅱ
338,300724,捷佳伟创,67.47,2.38,965.0,-1.0,-5.49,4342,-7.42,-2.15,3361,-2.15,光伏设备
339,300387,富邦科技,6.86,3.99,708.0,-1.01,-0.14,1626,-4.32,-1.2,2429,-8.29,农化制品
340,300087,荃银高科,6.76,1.62,1099.0,-1.02,3.81,406,-0.73,1.17,1030,-3.84,种植业
341,301429,森泰股份,15.82,1.44,1151.0,-1.06,0.88,1160,-9.29,1.58,860,-11.47,装修建材
342,301302,华如科技,26.21,0.04,1465.0,-1.06,-4.07,3471,-12.98,-3.04,3567,-14.9,军工电子Ⅱ
343,301595,太力科技,39.89,-3.33,2606.0,-1.07,-2.79,3149,-13.53,-3.47,4089,-6.01,家居用品
344,300175,朗源股份,4.57,-21.14,5529.0,-1.08,-12.7,5507,-8.42,-9.2,5446,-11.78,农产品加工
345,300982,苏文电能,15.58,1.57,1113.0,-1.08,-0.77,1909,-7.7,-3.56,3829,-12.42,基础建设
346,300266,兴源环境,1.79,-13.43,5044.0,-1.1,-15.02,5568,-10.5,-6.49,5117,-10.5,环境治理
347,300731,科创新源,58.53,-5.79,3298.0,-1.1,-1.13,2303,-7.68,2.62,557,3.15,橡胶
348,301398,星源卓镁,34.18,1.15,1209.0,-1.1,-2.41,2705,-13.14,-1.79,2832,-5.71,汽车零部件
349,300177,中海达,6.22,-9.09,4183.0,-1.11,-10.45,5378,-8.26,-5.64,4924,-7.16,军工电子Ⅱ
350,301322,绿通科技,56.93,12.78,120.0,-1.11,2.01,883,-2.78,0.68,1388,-1.44,摩托车及其他
351,300707,威唐工业,11.46,2.21,990.0,-1.12,-1.43,2451,-6.07,-0.85,2406,-4.82,汽车零部件
352,300489,光智科技,285.06,2.83,877.0,-1.12,7.58,80,26.41,4.32,218,61.97,光学光电子
353,300192,科德教育,16.62,3.9,718.0,-1.13,-1.41,2208,0.06,-0.95,2277,2.72,教育
354,300829,金丹科技,13.82,0.8,1290.0,-1.14,-6.47,4358,-8.48,-7.28,4920,-12.81,化学制品
355,301061,匠心家居,33.9,-4.01,2808.0,-1.14,-3.09,3292,-6.25,-3.81,4247,-12.97,家居用品
356,300763,锦浪科技,84.12,4.12,686.0,-1.15,-2.5,2742,-8.62,-1.27,2467,-8.86,光伏设备
357,301296,新巨丰,5.96,-7.34,3717.0,-1.16,-6.27,4615,-5.7,-4.0,4341,-9.15,包装印刷
358,301117,佳缘科技,23.04,-0.51,1806.0,-1.16,-8.25,5058,-10.7,-4.25,4439,-6.83,计算机设备
359,300800,力合科技,9.33,2.24,988.0,-1.17,0.38,1507,-4.89,2.1,721,-7.99,环保设备Ⅱ
360,301317,鑫磊股份,64.91,4.51,633.0,-1.17,1.54,919,-3.84,1.9,723,10.9,通用设备
361,300205,*ST天喻,5.01,-15.32,5245.0,-1.18,-12.83,5511,-7.39,-11.99,5561,-8.74,通信设备
362,301223,中荣股份,15.92,7.62,332.0,-1.18,3.91,418,-2.81,2.86,492,-0.5,包装印刷
363,300160,秀强股份,4.18,-6.79,3578.0,-1.18,-3.34,3423,-7.52,-2.61,3633,-8.33,家电零部件Ⅱ
364,301286,侨源股份,56.34,4.62,618.0,-1.18,1.48,941,-4.18,-2.12,3068,-12.35,化学制品
365,300599,雄塑科技,10.75,-11.49,4687.0,-1.19,-7.21,4865,-13.86,-2.32,3472,-17.05,装修建材
366,301083,百胜智能,13.24,-7.05,3647.0,-1.19,0.0,1698,-4.82,0.73,1363,-5.36,专用设备
367,301185,鸥玛软件,14.97,-3.89,2767.0,-1.19,-2.71,3120,-9.49,-0.62,2245,-7.42,IT服务Ⅱ
368,300335,迪森股份,4.94,2.8,883.0,-1.2,-2.0,2779,-4.82,-3.37,4033,-6.44,电力
369,300975,商络电子,42.4,-3.4,2629.0,-1.21,-1.38,2430,-2.08,-0.51,2166,9.56,元件
370,300393,中来股份,7.27,-0.41,1793.0,-1.22,-7.97,4998,-8.32,-7.27,5242,-11.02,光伏设备
371,301008,宏昌科技,24.35,7.39,356.0,-1.22,0.15,1615,-1.77,0.05,1774,1.08,家电零部件Ⅱ
372,300228,富瑞特装,7.25,0.25,1412.0,-1.23,-7.02,4491,-6.93,-4.75,4317,-3.72,通用设备
373,300873,海晨股份,26.39,-12.7,4934.0,-1.24,-9.81,5304,-1.09,-4.64,4598,18.13,物流
374,301050,雷电微力,33.07,-8.72,4105.0,-1.25,-2.37,2952,-5.49,-1.35,2763,-1.61,军工电子Ⅱ
375,300193,佳士科技,7.92,-1.21,1998.0,-1.25,2.28,795,-2.94,0.91,1284,2.33,通用设备
376,300538,同益股份,16.94,1.15,1207.0,-1.28,0.24,1423,-5.94,-0.54,2005,-1.68,塑料
377,300809,华辰装备,26.97,-0.95,1942.0,-1.28,-7.51,4923,-15.64,-5.3,4833,-13.14,通用设备
378,301303,真兰仪表,16.94,-2.08,2246.0,-1.28,-1.1,2285,-5.78,1.23,1091,16.11,通用设备
379,300424,航新科技,16.01,7.28,363.0,-1.29,-3.1,3298,-12.32,-0.91,2455,-13.41,航空装备Ⅱ
380,300726,宏达电子,90.12,-2.59,2397.0,-1.29,1.86,924,5.51,-1.1,2605,39.94,军工电子Ⅱ
381,300984,金沃股份,49.44,-9.63,4306.0,-1.3,-10.35,5374,-14.3,-5.92,4998,-12.88,通用设备
382,300962,中金辐照,12.13,-6.34,3465.0,-1.3,-7.11,4837,-5.68,-3.16,3932,-5.97,专业服务
383,301119,正强股份,22.86,-4.88,3038.0,-1.3,-2.46,2990,-13.93,1.78,845,1.33,汽车零部件
384,300006,莱美药业,4.51,3.95,712.0,-1.31,-1.55,2283,-8.33,-1.37,2540,-9.8,化学制药
385,300712,永福股份,20.33,-0.89,1925.0,-1.31,-4.25,3849,-7.55,3.64,327,0.64,专业工程
386,300034,钢研高纳,17.17,-1.21,1996.0,-1.32,-5.58,4371,-8.18,-1.69,3005,3.75,航空装备Ⅱ
387,300234,开尔新材,11.23,-1.09,1954.0,-1.32,-4.12,3782,1.63,-2.5,3580,14.13,装修建材
388,301136,招标股份,11.19,0.14,1443.0,-1.32,-3.72,3326,-7.75,-3.29,3702,-9.02,工程咨询服务Ⅱ
389,300478,杭州高新,37.91,0.45,1361.0,-1.33,1.21,1053,-5.13,-1.47,2605,-1.84,塑料
390,301190,善水科技,16.24,-3.24,2589.0,-1.34,-8.94,5184,-10.92,-8.42,5376,-15.2,化学原料
391,300641,正丹股份,16.19,-3.35,2612.0,-1.34,-9.25,5226,-12.01,-0.9,2451,-1.16,化学制品
392,301116,益客食品,8.75,-4.9,3046.0,-1.35,-3.46,3490,-3.95,0.79,1335,-10.07,养殖业
393,300144,宋城演艺,5.81,-8.81,4124.0,-1.36,-5.79,4445,-4.6,-5.94,5004,-5.83,旅游及景区
394,301132,满坤科技,55.76,0.37,1378.0,-1.36,6.45,138,18.71,3.08,415,52.14,元件
395,300625,三雄极光,9.24,0.33,1388.0,-1.39,0.45,1336,-3.75,-0.91,2248,-7.6,照明设备Ⅱ
396,301090,华润材料,6.38,-8.41,4014.0,-1.39,-6.14,4567,-6.59,-6.58,5135,-7.4,塑料
397,301353,普莱得,16.87,0.07,1459.0,-1.4,-3.26,3108,-7.15,-2.38,3223,-9.79,通用设备
398,300950,德固特,16.2,2.28,979.0,-1.4,-0.88,2162,-7.53,1.02,1210,-4.71,专用设备
399,301004,嘉益股份,32.12,0.15,1438.0,-1.41,2.41,672,-6.38,1.49,895,-9.67,家居用品
400,301539,宏鑫科技,13.29,-2.88,2475.0,-1.41,-3.95,3721,-7.9,-1.62,2953,-8.6,汽车零部件
401,300217,东方电热,4.16,-11.75,4751.0,-1.42,-3.0,3246,-9.76,-3.21,3957,-9.57,家电零部件Ⅱ
402,300218,安利股份,11.8,1.54,1124.0,-1.42,-0.38,1737,-6.94,-0.79,2168,-6.13,塑料
403,301022,海泰科,22.29,-10.09,4414.0,-1.42,-5.77,4444,-11.3,-5.13,4788,-10.12,汽车零部件
404,301550,斯菱智驱,90.41,0.63,1321.0,-1.43,-5.18,3928,-9.64,-5.46,4550,-11.94,汽车零部件
405,301131,聚赛龙,32.76,4.24,664.0,-1.44,-0.27,1675,-5.86,-2.01,2989,-8.97,塑料
406,300885,海昌新材,23.93,-1.67,2125.0,-1.44,-2.62,3072,-9.12,-3.54,4125,-2.8,通用设备
407,300915,海融科技,19.71,-0.45,1801.0,-1.45,-0.72,2089,-5.01,-2.07,3302,-7.46,饮料乳品
408,300677,英科医疗,38.65,-2.72,2422.0,-1.45,-1.98,2762,-3.93,-4.31,4469,-16.43,医疗器械
409,300048,合康新能,4.74,-4.49,2934.0,-1.46,-2.36,2947,-6.51,-8.67,5394,-9.71,自动化设备
410,300439,美康生物,8.07,5.43,497.0,-1.47,-0.25,1668,-3.58,1.23,1002,-5.17,医疗器械
411,301372,科净源,31.35,-2.4,2352.0,-1.48,-5.21,4252,-10.02,-3.16,3933,-9.58,环境治理
412,300197,节能铁汉,1.98,3.13,826.0,-1.49,-6.61,4710,-12.78,-5.25,4820,-23.26,基础建设
413,301129,瑞纳智能,21.09,-3.5,2650.0,-1.49,-4.27,3858,-9.17,-3.05,3868,-9.29,通用设备
414,301113,雅艺科技,15.12,-4.68,2983.0,-1.5,-1.97,2759,-4.42,-2.05,3279,-9.68,家居用品
415,301613,新铝时代,36.76,-11.73,4748.0,-1.5,-4.26,3856,-9.9,-2.11,3330,-3.36,汽车零部件
416,300155,安居宝,3.93,1.55,1116.0,-1.5,0.33,1381,-8.18,-2.4,3234,-8.82,计算机设备
417,300158,振东制药,4.58,9.03,242.0,-1.51,-0.77,2110,-4.78,-5.94,5005,-8.95,中药Ⅱ
418,300118,东方日升,11.76,0.91,1264.0,-1.51,-10.82,5077,-11.65,-4.7,4300,-9.68,光伏设备
419,301313,凡拓数创,53.38,2.56,934.0,-1.51,-2.0,2778,-9.89,-1.52,2883,-4.01,数字媒体
420,301287,康力源,32.94,11.09,167.0,-1.52,-1.17,2324,-5.48,-1.64,2970,-8.85,文娱用品
421,300126,锐奇股份,5.82,-2.25,2302.0,-1.52,0.0,1694,-5.21,-1.14,2626,-8.92,通用设备
422,301456,盘古智能,23.13,1.07,1224.0,-1.53,0.6,1288,-7.11,0.51,1384,-9.51,风电设备
423,300700,岱勒新材,22.48,-7.24,3695.0,-1.53,0.82,1306,-8.43,-0.51,2172,-1.62,通用设备
424,300649,杭州园林,27.08,5.19,541.0,-1.53,3.6,440,-3.08,2.77,482,4.56,基础建设
425,300994,久祺股份,10.87,-7.14,3670.0,-1.54,-2.02,2792,-4.4,-3.38,4041,-8.96,摩托车及其他
426,300483,首华燃气,17.94,-5.55,3224.0,-1.54,-3.8,3653,-7.86,-1.06,2575,-3.7,燃气Ⅱ
427,300329,海伦钢琴,11.35,2.6,925.0,-1.56,-5.07,4193,-4.78,-5.72,4948,-5.81,文娱用品
428,301578,辰奕智能,20.78,-1.57,2092.0,-1.56,-1.27,2369,-3.12,-1.18,2649,-7.31,黑色家电
429,300532,今天国际,6.25,1.81,1071.0,-1.57,-5.36,4297,-6.58,-3.34,4022,-5.02,IT服务Ⅱ
430,300510,金冠股份,3.14,4.13,685.0,-1.57,1.3,1021,-5.99,-0.31,1860,-7.1,电网设备
431,300564,筑博设计,11.29,-3.15,2561.0,-1.57,-0.23,1835,-5.68,2.59,569,-5.44,工程咨询服务Ⅱ
432,300140,节能环境,4.97,-5.64,3254.0,-1.58,-3.96,3724,-5.33,-3.62,4163,-6.93,环境治理
433,300165,天瑞仪器,5.56,-4.11,2835.0,-1.59,-5.2,4245,-8.4,-1.32,2730,1.65,通用设备
434,300408,三环集团,161.02,1.88,1054.0,-1.59,-0.81,2127,1.98,0.21,1672,22.33,元件
435,300787,海能实业,9.28,-8.2,3949.0,-1.59,0.24,1571,-3.13,-0.14,1916,2.77,消费电子
436,300904,威力传动,41.28,1.11,1217.0,-1.6,-0.38,1739,-7.86,-1.48,2615,-7.71,风电设备
437,301283,聚胶股份,25.14,-9.05,4173.0,-1.6,-1.44,2462,-9.47,0.44,1537,-2.44,化学制品
438,301048,金鹰重工,8.61,-1.87,2185.0,-1.6,0.55,1441,-4.23,0.03,1790,-3.26,轨交设备Ⅱ
439,300664,鹏鹞环保,4.27,-16.15,5322.0,-1.61,-9.16,5214,-5.32,-9.99,5495,-9.34,环境治理
440,300908,仲景食品,22.13,-5.89,3334.0,-1.64,-1.53,2516,-3.32,0.89,1296,-6.62,调味发酵品Ⅱ
441,301586,佳力奇,33.0,-6.6,3531.0,-1.64,-5.4,4308,-10.45,-2.63,3648,-4.51,航空装备Ⅱ
442,300977,深圳瑞捷,16.2,-3.84,2753.0,-1.64,3.55,484,-7.85,2.26,673,-1.28,工程咨询服务Ⅱ
443,301311,昆船智能,13.17,-5.46,3200.0,-1.64,-6.92,4778,-6.93,-4.93,4714,-6.66,通用设备
444,300952,恒辉安防,17.32,4.3,657.0,-1.65,-1.17,2091,-9.79,-3.42,3764,-13.1,服装家纺
445,300733,西菱动力,12.55,1.11,1213.0,-1.65,-5.36,3987,-15.37,-1.21,2436,-11.74,汽车零部件
446,300843,胜蓝股份,138.63,-1.63,2112.0,-1.67,-1.93,2737,9.33,1.13,1139,54.86,消费电子
447,300797,钢研纳克,13.57,-1.52,2078.0,-1.67,0.22,1584,-5.5,-0.46,2141,1.57,专业服务
448,300172,中电环保,4.13,-16.85,5371.0,-1.67,-7.03,4807,-6.77,-2.89,3777,-7.61,环境治理
449,300847,中船汉光,12.93,-10.52,4507.0,-1.67,-5.57,4369,-7.84,-2.48,3568,-6.3,计算机设备
450,300667,必创科技,16.39,-3.13,2560.0,-1.68,-6.42,4659,-15.12,-2.16,3367,-16.25,通用设备
451,301102,兆讯传媒,8.7,-0.48,1811.0,-1.69,-0.28,1860,-13.0,-2.22,3401,-8.52,广告营销
452,301332,德尔玛,7.58,-12.33,4871.0,-1.69,-3.93,3709,-7.9,-4.42,4516,-11.24,小家电
453,301035,润丰股份,46.03,-7.27,3701.0,-1.69,-3.39,3463,-7.59,-0.82,2395,-9.92,农化制品
454,301047,义翘神州,61.1,1.39,1159.0,-1.69,0.81,1192,0.84,-0.44,1946,3.21,生物制品
455,301519,舜禹股份,11.08,-4.79,3014.0,-1.69,0.87,1289,-5.62,1.08,1172,-9.4,环境治理
456,301063,海锅股份,16.92,-8.34,3990.0,-1.69,-3.18,3342,-6.73,-1.57,2919,-8.98,专用设备
457,300099,尤洛卡,6.34,1.29,1177.0,-1.71,-6.38,4329,-13.15,-9.21,5121,-18.19,专用设备
458,300074,华平股份,3.44,2.7,900.0,-1.71,1.51,1027,-7.53,1.11,1146,-9.47,软件开发
459,300137,先河环保,17.24,-8.25,3965.0,-1.71,0.39,1502,-1.88,-0.3,2028,3.86,环保设备Ⅱ
460,300999,金龙鱼,23.46,-8.31,3980.0,-1.72,-4.43,3929,-3.77,-5.08,4764,-5.67,农产品加工
461,300793,佳禾智能,11.4,-7.83,3846.0,-1.72,-6.11,4557,-8.43,-4.75,4640,-5.24,消费电子
462,301087,可孚医疗,43.66,2.8,884.0,-1.73,1.94,901,-2.76,1.74,866,-0.02,医疗器械
463,300512,中亚股份,6.82,-1.18,1988.0,-1.73,-0.3,1869,-6.45,-1.37,2782,-7.71,专用设备
464,300284,苏交科,5.09,-5.8,3305.0,-1.74,-8.04,5015,-8.29,-5.28,4825,-9.75,工程咨询服务Ⅱ
465,300426,华智数媒,5.05,-7.2,3686.0,-1.75,-2.77,3145,-7.85,-3.14,3916,-7.85,影视院线
466,300556,丝路视觉,17.83,-0.34,1779.0,-1.76,-0.32,1881,-7.47,-1.33,2739,-14.73,软件开发
467,300813,泰林生物,18.38,-1.99,2221.0,-1.76,-0.6,2026,-6.13,-1.52,2886,-6.18,专用设备
468,300823,建科智能,14.38,3.25,810.0,-1.78,0.08,1654,-7.05,-1.48,2854,-9.16,专用设备
469,300582,英飞特,12.66,0.57,1335.0,-1.78,-11.0,5088,-11.72,-9.98,5168,-8.26,光学光电子
470,300886,华业香料,19.92,-0.14,1730.0,-1.78,-1.12,2300,-7.35,-0.89,2444,-13.01,化妆品
471,300784,利安科技,43.89,-6.33,3459.0,-1.79,-1.5,2501,-7.41,3.21,419,2.81,消费电子
472,301009,可靠股份,8.22,1.11,1216.0,-1.79,-4.47,3643,-7.01,-0.77,2151,-5.3,个护用品
473,300189,神农种业,4.4,-6.7,3554.0,-1.79,-5.54,4353,-8.14,-4.93,4711,-10.2,种植业
474,300851,交大思诺,22.45,3.07,837.0,-1.79,-1.81,2674,-5.27,-1.5,2873,-7.73,轨交设备Ⅱ
475,301522,上大股份,26.14,-1.65,2120.0,-1.8,-5.2,4246,-9.05,-3.53,4119,1.48,金属新材料
476,300965,恒宇信通,42.99,-0.17,1741.0,-1.8,-1.26,2365,-8.06,-1.04,2564,-8.55,航空装备Ⅱ
477,301516,中远通,14.22,-3.74,2726.0,-1.8,-3.82,3663,-9.77,-1.47,2846,-5.64,其他电源设备Ⅱ
478,300928,华安鑫创,29.23,-1.52,2080.0,-1.81,1.33,1120,-5.74,0.2,1686,-0.98,汽车零部件
479,301498,乖宝宠物,38.78,-6.18,3416.0,-1.82,-4.67,4029,-5.11,-4.27,4451,-4.01,饲料
480,301505,苏州规划,16.16,-0.68,1877.0,-1.82,-2.13,2848,-7.92,-3.01,3847,-10.77,工程咨询服务Ⅱ
481,300960,通业科技,15.68,-9.55,4290.0,-1.82,-2.13,2848,-5.83,-1.5,2872,-6.39,轨交设备Ⅱ
482,300806,斯迪克,115.72,-5.93,3345.0,-1.83,-2.55,3044,14.01,-0.82,2388,34.71,塑料
483,300796,贝斯美,6.42,-8.82,4127.0,-1.83,-5.53,4353,-5.03,-4.78,4651,-9.58,农化制品
484,300892,品渥食品,19.29,-5.99,3366.0,-1.83,-6.18,4583,-6.59,-3.7,4189,-10.86,饮料乳品
485,300621,维业股份,6.39,-5.27,3149.0,-1.84,0.87,1288,-5.89,-0.37,2081,-9.36,装修装饰Ⅱ
486,301059,金三江,11.21,-3.7,2704.0,-1.84,-8.92,5177,-8.49,-3.07,3875,-20.27,化学制品
487,300940,南极光,14.83,-7.79,3838.0,-1.85,-5.87,4473,-7.6,-3.76,4226,-6.44,光学光电子
488,300500,启迪设计,9.03,-0.27,1766.0,-1.85,1.42,1078,-6.23,0.49,1519,-10.24,工程咨询服务Ⅱ
489,300609,汇纳科技,32.42,-0.24,1757.0,-1.85,1.23,1159,-3.91,-1.38,2794,2.53,IT服务Ⅱ
490,300388,节能国祯,6.36,2.88,865.0,-1.85,-6.84,4759,-7.83,-4.66,4610,-8.75,环境治理
491,301109,军信股份,12.76,-0.54,1825.0,-1.85,-1.16,2312,-5.27,-1.78,3078,-1.85,环境治理
492,300096,ST易联众,9.5,-5.34,3169.0,-1.86,-0.98,2220,-3.06,4.97,146,25.0,IT服务Ⅱ
493,300414,中光防雷,11.05,-8.5,4034.0,-1.87,-7.92,4987,-8.22,-5.09,4768,-6.28,通信设备
494,300106,西部牧业,9.95,-0.1,1723.0,-1.87,-3.4,3465,-10.2,-2.39,3510,-15.75,饮料乳品
495,301167,建研设计,12.51,-6.71,3560.0,-1.88,1.95,899,-6.99,1.12,1145,-10.96,工程咨询服务Ⅱ
496,301156,美农生物,10.98,-1.77,2160.0,-1.88,1.0,1236,-7.73,0.47,1528,-11.45,化学制品
497,300699,光威复材,27.18,-7.18,3680.0,-1.88,-4.53,3967,-4.77,-2.36,3497,1.46,航空装备Ⅱ
498,300883,龙利得,6.27,4.21,667.0,-1.88,-11.01,5089,-0.79,-16.12,5275,-1.57,包装印刷
499,300256,星星科技,2.6,1.55,1115.0,-1.89,1.91,820,-8.13,-0.79,2164,-6.47,消费电子
500,300371,汇中股份,9.87,2.89,864.0,-1.89,1.14,1193,-5.37,1.28,1073,-6.09,通用设备
501,300897,山科智能,14.56,-8.54,4049.0,-1.89,-3.17,3335,-3.89,-5.71,4943,-7.96,通用设备
502,300083,创世纪,12.91,1.31,1171.0,-1.9,3.71,418,10.34,2.02,686,23.78,自动化设备
503,300987,川网传媒,12.42,-4.32,2897.0,-1.9,-0.75,2101,-6.55,0.36,1582,-6.62,数字媒体
504,301049,超越科技,17.93,1.86,1062.0,-1.91,0.05,1664,-6.13,1.12,1144,-10.13,环境治理
505,301163,宏德股份,21.92,6.11,427.0,-1.92,1.82,844,-6.32,-0.49,1975,-10.42,风电设备
506,300281,金明精机,6.14,1.93,1044.0,-1.92,-2.81,3159,-10.5,-1.07,2580,-13.4,专用设备
507,300535,达威股份,13.81,0.59,1331.0,-1.92,0.3,1394,-5.09,1.69,811,-8.3,化学制品
508,300370,安控科技,2.04,-6.19,3417.0,-1.92,-6.22,4596,-7.69,-3.99,4335,-10.92,通用设备
509,301187,欧圣电气,14.14,-4.15,2848.0,-1.94,-1.85,2697,-13.04,-3.26,3988,-13.36,小家电
510,300581,晨曦航空,10.98,2.63,916.0,-1.96,-0.94,2191,-8.04,4.75,172,0.09,航空装备Ⅱ
511,300105,龙源技术,7.51,-3.77,2734.0,-1.96,-3.26,3385,6.98,-0.36,2071,13.44,其他电源设备Ⅱ
512,301056,森赫股份,11.49,-6.78,3575.0,-1.96,3.1,576,-3.77,0.96,1252,-6.51,专用设备
513,301255,通力科技,21.27,-4.7,2987.0,-1.98,-6.13,4562,-10.78,-3.75,4219,-9.06,通用设备
514,301557,常友科技,87.28,0.7,1305.0,-1.98,2.31,708,-4.51,2.2,634,0.65,风电设备
515,301024,霍普股份,39.65,-3.57,2670.0,-1.98,-0.8,2126,-13.05,0.46,1530,-6.09,工程咨询服务Ⅱ
516,301488,豪恩汽电,125.0,0.95,1232.0,-1.99,-5.8,4134,-12.06,-4.34,4165,-14.91,汽车零部件
517,301339,通行宝,10.35,3.62,752.0,-1.99,-2.79,2874,-7.01,-0.57,2022,-4.61,计算机设备
518,301212,联盛化学,23.18,-1.14,1981.0,-1.99,2.07,860,-6.53,0.24,1662,-9.77,化学制品
519,301100,风光股份,14.26,-0.57,1835.0,-1.99,-2.35,2945,-3.45,-2.99,3838,-7.16,化学制品
520,301106,骏成科技,22.16,1.5,1136.0,-1.99,3.57,447,-5.02,3.59,318,11.86,光学光电子
521,300862,蓝盾光电,19.65,5.25,530.0,-2.0,0.76,1212,-8.9,0.16,1567,-7.14,通用设备
522,300543,朗科智能,7.31,-6.03,3379.0,-2.01,-3.34,3425,-7.47,-3.4,4048,-9.19,家电零部件Ⅱ
523,301298,东利机械,11.72,-3.95,2785.0,-2.01,-0.99,2223,-7.42,-0.14,1917,-9.92,汽车零部件
524,300549,优德精密,13.18,-1.79,2166.0,-2.01,-0.28,1861,-8.09,-0.02,1841,-9.73,专用设备
525,300436,广生堂,89.87,2.96,854.0,-2.01,1.05,1216,1.95,1.98,761,4.93,化学制药
526,301428,世纪恒通,36.63,-6.4,3479.0,-2.01,-0.04,1754,-3.22,1.67,895,-1.8,通信服务
527,301006,迈拓股份,12.69,-2.11,2260.0,-2.01,2.81,639,-5.65,1.65,907,-9.42,通用设备
528,300805,电声股份,7.32,-3.38,2624.0,-2.01,-3.64,3575,-7.34,-2.05,3278,-6.75,广告营销
529,301039,中集车辆,6.82,-0.1,1722.0,-2.01,-1.7,2606,-6.19,1.58,939,-11.08,商用车
530,300491,通合科技,37.62,1.72,1083.0,-2.01,1.75,961,-3.24,1.35,1040,29.46,其他电源设备Ⅱ
531,301518,长华化学,27.62,0.1,1455.0,-2.02,-0.37,1732,-2.88,-2.61,3349,-6.31,化学制品
532,300910,瑞丰新材,27.66,-10.12,4420.0,-2.02,-3.52,3514,-4.75,-4.15,4397,-11.29,化学制品
533,300876,蒙泰高新,14.93,-6.34,3462.0,-2.03,-4.2,3825,-8.96,-2.27,3436,-11.92,化学纤维
534,300640,德艺文创,5.31,-8.09,3915.0,-2.03,-1.28,2373,-7.01,-0.98,2521,-10.91,家居用品
535,300623,捷捷微电,40.54,-13.95,5116.0,-2.03,-1.46,2476,8.57,-1.45,2830,25.98,半导体
536,300560,中富通,19.68,-2.93,2527.0,-2.04,2.25,810,4.96,-0.24,1988,14.29,通信服务
537,300824,北鼎股份,7.21,-9.54,4288.0,-2.04,-6.18,4581,-7.21,-3.14,3917,-10.99,小家电
538,301099,雅创电子,92.09,-3.03,2541.0,-2.05,-2.8,3160,-1.32,-1.28,2704,25.17,其他电子Ⅱ
539,300278,华昌达,3.81,-5.61,3242.0,-2.06,-5.68,4408,-12.61,-2.25,3420,-10.56,自动化设备
540,300466,赛摩智能,7.08,-6.14,3406.0,-2.07,-2.11,2836,-6.47,-1.95,3212,-7.09,通用设备
541,301558,三态股份,6.15,-1.35,2032.0,-2.07,0.67,1385,-6.68,0.86,1306,-5.82,互联网电商
542,300795,米奥会展,8.5,2.51,942.0,-2.07,-4.37,3898,-5.87,-2.26,3430,-7.31,专业服务
543,301229,纽泰格,12.31,-8.6,4059.0,-2.07,-3.26,3387,-7.72,-4.91,4707,-10.34,汽车零部件
544,301469,恒达新材,28.1,-13.14,4996.0,-2.09,-3.47,3497,-7.32,-1.33,2746,-3.5,造纸
545,300879,大叶股份,15.84,-11.51,4692.0,-2.1,-6.25,4610,-9.12,-3.4,4052,-11.56,专用设备
546,301073,君亭酒店,18.66,-1.74,2154.0,-2.1,0.23,1578,-4.6,-1.69,3007,-6.61,酒店餐饮
547,301520,万邦医药,23.71,3.41,775.0,-2.11,1.84,927,-2.83,0.64,1418,-5.24,医疗服务
548,301548,崇德科技,92.34,-1.31,2037.0,-2.11,2.3,790,19.07,2.39,631,30.06,通用设备
549,300527,ST应急,6.49,-10.46,4491.0,-2.11,-14.41,5557,-9.86,-9.05,5430,-9.36,地面兵装Ⅱ
550,300912,凯龙高科,23.66,-4.86,3033.0,-2.11,-6.81,4754,-13.46,-1.48,2857,-6.59,汽车零部件
551,300294,博雅生物,14.28,-15.09,5231.0,-2.12,-5.91,4486,-8.93,-6.06,5033,-14.95,生物制品
552,301310,鑫宏业,54.52,-3.59,2673.0,-2.12,-5.56,4364,16.62,-2.77,3719,76.1,汽车零部件
553,300884,狄耐克,9.67,0.79,1293.0,-2.13,-4.39,3615,-9.2,-1.48,2611,-5.93,计算机设备
554,301080,百普赛斯,44.06,-6.81,3584.0,-2.13,0.35,1518,9.09,0.11,1739,20.35,生物制品
555,300240,飞力达,5.06,-11.7,4736.0,-2.13,-2.07,2815,-6.12,0.93,1269,-6.3,物流
556,300415,伊之密,18.85,-12.24,4847.0,-2.13,-7.63,4947,-10.45,-5.72,4949,-8.41,专用设备
557,300295,*ST三六,10.08,-14.82,5207.0,-2.14,-4.05,3756,-6.06,-5.16,4793,-4.91,数字媒体
558,300765,石药创新,25.57,4.48,641.0,-2.14,3.56,448,6.76,1.6,844,6.68,化学制药
559,301632,广东建科,15.09,-12.3,4866.0,-2.14,-2.6,3066,-6.27,-1.3,2717,-10.18,专业服务
560,300752,隆利科技,13.21,-0.86,1918.0,-2.15,-5.38,4302,-8.9,-3.21,3959,0.08,光学光电子
561,300918,南山智尚,10.93,-9.87,4364.0,-2.15,-7.94,4991,-10.12,-7.03,5220,-11.71,纺织制造
562,301199,迈赫股份,17.19,-4.26,2880.0,-2.16,-2.5,3010,-8.81,-1.6,2942,-6.58,自动化设备
563,300268,佳沃食品,10.43,-10.54,4514.0,-2.16,-3.1,3301,-5.87,-4.54,4563,-9.93,农产品加工
564,300680,隆盛科技,22.14,-10.68,4533.0,-2.17,-9.54,5262,-15.37,-6.29,5081,-8.06,汽车零部件
565,300322,硕贝德,25.3,2.12,1005.0,-2.17,-1.24,2351,-17.67,-0.14,1912,-8.5,消费电子
566,301175,中科环保,4.94,-0.68,1873.0,-2.18,-9.38,5244,-5.73,-7.77,5304,-5.18,环境治理
567,300479,神思电子,13.39,-7.35,3723.0,-2.19,-4.53,3968,-7.27,-1.14,2627,-3.67,计算机设备
568,300643,万通智控,18.66,0.86,1267.0,-2.2,0.42,1344,0.76,0.14,1574,9.06,汽车零部件
569,301535,浙江华远,13.26,-2.07,2243.0,-2.21,-0.37,1916,-7.21,-1.44,2827,-7.85,汽车零部件
570,300031,宝通科技,30.1,-3.58,2681.0,-2.21,-4.32,3878,-1.7,-0.14,1922,17.35,游戏Ⅱ
571,301137,哈焊华通,33.61,0.34,1383.0,-2.21,-4.77,3768,-11.08,-2.47,3275,-5.8,通用设备
572,300148,天舟文化,3.09,-9.91,4369.0,-2.22,-3.94,3711,-4.63,-4.13,4384,-7.21,出版
573,300176,鸿特科技,4.84,-6.7,3556.0,-2.22,0.7,1372,-6.38,-1.77,3075,-10.54,汽车零部件
574,300513,恒实科技,7.03,-0.38,1786.0,-2.23,-0.96,2210,-3.96,-1.47,2845,-5.13,通信服务
575,300339,润和软件,38.15,2.43,958.0,-2.23,-3.86,3679,-5.12,-4.64,4596,-3.15,IT服务Ⅱ
576,300732,设研院,5.69,-2.2,2287.0,-2.23,-3.61,3555,-6.41,-1.98,3231,-9.39,工程咨询服务Ⅱ
577,300591,万里马,6.96,-2.89,2478.0,-2.25,4.39,346,-5.95,5.0,144,-1.14,服装家纺
578,301088,戎美股份,11.73,-20.6,5524.0,-2.25,-8.55,5107,-7.93,-5.84,4976,-10.53,服装家纺
579,300694,蠡湖股份,9.1,-5.2,3131.0,-2.26,-5.03,4175,-8.73,-1.92,3190,-8.27,汽车零部件
580,301233,盛帮股份,41.22,15.49,76.0,-2.28,6.63,134,7.65,3.92,286,9.72,汽车零部件
581,300857,协创数据,334.14,-14.27,5149.0,-2.29,-1.24,2357,20.3,3.75,308,52.97,消费电子
582,301468,博盈特焊,49.1,3.26,807.0,-2.29,1.65,992,0.43,2.32,661,-5.03,通用设备
583,300958,建工修复,10.66,4.54,626.0,-2.29,4.81,272,-6.24,2.49,558,-9.28,环境治理
584,301536,星宸科技,124.9,-4.78,3011.0,-2.31,-0.85,2145,10.88,-4.15,4394,45.32,半导体
585,301001,凯淳股份,22.02,-2.75,2442.0,-2.31,-1.17,2324,-7.01,-1.33,2743,-9.08,互联网电商
586,300684,中石科技,58.02,-4.5,2938.0,-2.32,-3.35,3432,-3.99,0.32,1606,7.62,电子化学品Ⅱ
587,300425,中建环能,3.79,-21.53,5543.0,-2.32,-5.24,4260,-3.81,0.21,1678,-7.56,环境治理
588,300514,友讯达,9.26,0.82,1282.0,-2.32,-1.18,2101,-5.8,-2.29,3177,-8.23,电网设备
589,300777,中简科技,26.09,-10.51,4506.0,-2.32,-7.2,4861,-11.26,-4.58,4579,-6.22,航空装备Ⅱ
590,301203,国泰环保,41.6,11.92,135.0,-2.32,9.46,38,-2.48,4.99,144,-7.2,环境治理
591,300032,金龙机电,3.77,-1.6,2098.0,-2.33,-2.13,2846,-7.14,-4.42,4513,-6.22,消费电子
592,300079,数码视讯,4.18,-9.07,4176.0,-2.34,-5.67,4402,-7.32,-4.61,4585,-10.87,IT服务Ⅱ
593,300945,曼卡龙,10.84,-8.62,4064.0,-2.34,-3.08,3289,-8.52,-1.55,2903,-5.98,饰品
594,300949,奥雅股份,20.43,-1.09,1972.0,-2.34,0.62,1409,-6.84,-0.44,2128,-8.75,基础建设
595,300902,国安达,15.78,-1.56,2088.0,-2.35,-5.59,4378,-12.09,-2.27,3435,9.66,专用设备
596,300459,汤姆猫,3.32,-0.41,1792.0,-2.35,-3.46,3487,-5.68,-3.91,4291,-8.54,游戏Ⅱ
597,301388,欣灵电气,23.68,-3.51,2652.0,-2.35,0.78,1328,-7.5,0.86,1309,-7.5,电网设备
598,300893,松原安全,16.19,-13.57,5065.0,-2.35,-3.34,3427,-11.77,-2.55,3604,-18.27,汽车零部件
599,300906,日月明,25.4,-1.52,2082.0,-2.35,-1.45,2471,-6.72,-1.73,3043,-5.72,通用设备
600,300157,新锦动力,3.72,-11.04,4616.0,-2.36,-4.05,3755,-8.15,-3.46,4081,-11.64,通用设备
601,300397,天和防务,14.89,7.4,354.0,-2.36,-1.93,2736,-7.0,0.41,1551,14.36,军工电子Ⅱ
602,300997,欢乐家,15.33,-1.44,2057.0,-2.36,-1.54,2517,-1.79,-3.19,3941,-4.37,饮料乳品
603,300675,建科院,12.01,-7.88,3862.0,-2.36,1.96,896,-6.32,1.72,880,-9.43,工程咨询服务Ⅱ
604,301103,何氏眼科,14.92,-3.73,2722.0,-2.36,-3.25,3383,-4.85,-2.95,3819,-7.33,医疗服务
605,300788,中信出版,23.1,-9.75,4337.0,-2.37,-4.86,4118,-6.52,-1.97,3223,-4.86,出版
606,300257,开山股份,26.64,-5.27,3148.0,-2.38,-3.34,3425,-4.72,-2.43,3531,1.91,通用设备
607,301636,泽润新能,42.2,-7.31,3711.0,-2.38,-0.62,2034,-7.37,-1.86,3147,-6.95,光伏设备
608,300963,中洲特材,12.71,-1.57,2091.0,-2.38,-3.78,3643,-10.74,-3.27,3992,-6.06,金属新材料
609,301207,华兰疫苗,15.97,-0.68,1876.0,-2.38,-2.07,2814,-3.09,-1.6,2939,-0.62,生物制品
610,300094,国联水产,2.46,-14.65,5188.0,-2.38,-8.3,5065,-7.17,-6.27,5076,-10.55,渔业
611,300239,东宝生物,5.31,-2.94,2495.0,-2.39,-0.02,1733,-2.93,0.53,1492,12.26,生物制品
612,301355,南王科技,9.41,-3.73,2721.0,-2.39,-3.95,3719,-6.83,-0.4,2100,-8.91,包装印刷
613,301489,思泉新材,172.41,3.23,814.0,-2.4,5.9,183,0.52,8.06,30,23.88,电子化学品Ⅱ
614,301066,万事利,11.78,-0.37,1783.0,-2.4,-6.9,4769,-9.24,-4.87,4688,-12.74,纺织制造
615,301439,泓淋电力,16.26,1.18,1203.0,-2.4,-2.61,2799,-5.74,0.37,1449,-5.47,电网设备
616,301551,无线传媒,19.95,-9.29,4226.0,-2.4,-2.93,3212,-3.95,-1.86,3145,-3.53,电视广播Ⅱ
617,300614,百川畅银,9.77,-7.74,3826.0,-2.4,-3.53,3520,-10.28,1.73,871,-11.1,环境治理
618,301515,港通医疗,17.47,-2.62,2402.0,-2.4,-8.76,5151,-9.9,-3.66,4177,-14.19,医疗器械
619,300559,佳发教育,10.5,0.89,1268.0,-2.42,-1.01,2020,-6.17,-2.42,3246,0.1,软件开发
620,300092,科新机电,11.65,-1.76,2156.0,-2.43,2.3,784,-8.98,2.54,581,-8.84,专用设备
621,300482,万孚生物,17.24,-6.17,3412.0,-2.43,-3.17,3333,-10.9,-0.26,1996,-9.02,医疗器械
622,300215,电科院,6.43,-9.22,4212.0,-2.43,-4.31,3867,-6.4,-2.29,3451,-5.02,专业服务
623,300272,开能健康,5.23,-13.33,5027.0,-2.43,-3.57,3534,-10.29,-1.27,2699,-6.61,小家电
624,300422,博世科,4.41,5.62,479.0,-2.43,-0.11,1611,-7.93,-0.08,1717,-10.18,环境治理
625,301335,天元宠物,19.63,-4.57,2963.0,-2.44,-2.74,3135,-5.17,-1.28,2705,-5.17,文娱用品
626,301010,晶雪节能,16.39,-0.08,1719.0,-2.44,1.06,1212,-4.88,-0.31,2039,-10.34,装修建材
627,301192,泰祥股份,19.19,-5.55,3226.0,-2.44,-4.18,3816,-8.49,-2.14,3355,-7.96,汽车零部件
628,301598,博科测试,49.67,-8.06,3909.0,-2.45,-4.87,4123,-7.68,-2.01,3259,-2.8,专用设备
629,301021,英诺激光,132.47,-8.49,4030.0,-2.46,-1.46,2472,6.54,-0.37,2079,57.14,自动化设备
630,300150,世纪瑞尔,3.96,-10.99,4604.0,-2.46,4.84,287,-4.35,3.64,325,-1.74,IT服务Ⅱ
631,300141,和顺电气,9.52,-2.07,2242.0,-2.46,-1.46,2475,-6.85,-1.64,2968,-6.76,电网设备
632,301086,鸿富瀚,208.5,-7.74,3827.0,-2.47,-5.94,4494,-2.11,-0.05,1855,32.3,消费电子
633,301158,德石股份,13.44,-6.69,3552.0,-2.47,-4.96,4146,-9.86,-2.28,3443,-7.5,专用设备
634,300770,新媒股份,32.03,-22.79,5561.0,-2.47,-12.99,5517,-5.12,-7.34,5253,-5.35,电视广播Ⅱ
635,300063,天龙集团,8.66,-5.72,3278.0,-2.48,-6.22,4594,-8.36,-4.61,4584,-5.87,广告营销
636,300173,ST福能,3.15,-19.02,5470.0,-2.48,-16.46,5584,-12.74,-10.59,5526,-11.52,电池
637,301126,达嘉维康,8.65,4.06,696.0,-2.48,2.27,721,-6.59,0.84,1211,-9.42,医药商业
638,300875,捷强装备,28.53,-8.27,3972.0,-2.49,-4.61,4002,-7.01,-6.17,5055,-11.62,地面兵装Ⅱ
639,300995,奇德新材,27.06,-7.42,3739.0,-2.49,-4.48,3949,-10.55,-3.6,4160,-9.26,塑料
640,301658,首航新能,26.13,2.66,908.0,-2.5,-2.8,3155,-10.7,-1.72,3029,-10.7,光伏设备
641,300856,科思股份,10.51,-5.63,3252.0,-2.5,-1.46,2474,-4.8,-2.66,3667,-11.98,化妆品
642,300360,炬华科技,11.69,-9.83,4351.0,-2.5,-2.43,2973,-3.79,-4.74,4636,-5.88,电网设备
643,300822,贝仕达克,11.67,-1.19,1992.0,-2.51,-2.71,3118,-9.46,-1.32,2732,-8.9,消费电子
644,301503,智迪科技,27.17,-1.98,2217.0,-2.51,-2.71,3121,-6.12,0.19,1694,-9.1,计算机设备
645,300713,英可瑞,12.75,-6.62,3535.0,-2.52,-0.61,2031,-8.67,1.48,983,-5.7,其他电源设备Ⅱ
646,300503,昊志机电,77.67,-9.5,4283.0,-2.52,-5.98,4507,-12.02,-3.38,4037,-2.68,通用设备
647,300523,辰安科技,18.15,-0.53,1820.0,-2.52,-3.36,3443,-8.61,-2.33,3484,-5.67,IT服务Ⅱ
648,300955,嘉亨家化,35.97,-8.73,4108.0,-2.52,-7.74,4966,-10.16,-5.14,4790,-12.33,化妆品
649,300286,安科瑞,25.06,5.44,495.0,-2.53,4.29,331,-10.79,2.45,567,-7.87,电网设备
650,300071,福石控股,3.47,-4.54,2948.0,-2.53,-6.34,4634,-8.68,-5.56,4895,-7.96,广告营销
651,300735,光弘科技,21.95,-0.95,1941.0,-2.53,1.22,1161,-5.35,4.61,190,17.57,消费电子
652,300760,迈瑞医疗,134.66,-2.51,2379.0,-2.53,-1.88,2706,-3.82,-1.34,2749,-8.32,医疗器械
653,300112,万讯自控,6.17,-7.36,3727.0,-2.53,-0.03,1743,-6.23,-1.22,2672,-8.59,通用设备
654,301108,洁雅股份,25.0,7.8,314.0,-2.53,0.86,1291,-2.53,1.68,892,6.38,个护用品
655,300826,测绘股份,14.57,-15.27,5241.0,-2.54,-0.19,1818,-3.0,0.04,1783,4.15,工程咨询服务Ⅱ
656,300920,润阳科技,35.34,-1.69,2136.0,-2.54,-2.23,2891,-9.66,-4.12,4380,-8.11,塑料
657,300533,冰川网络,16.03,-3.02,2522.0,-2.55,5.8,188,11.63,2.22,682,8.24,游戏Ⅱ
658,301329,信音电子,24.5,-5.03,3085.0,-2.55,-5.47,4338,-6.52,-4.52,4554,1.16,消费电子
659,301369,联动科技,226.63,-11.72,4745.0,-2.56,-0.33,1888,2.45,1.52,969,23.51,半导体
660,300743,天地数码,15.23,-4.5,2941.0,-2.56,1.29,1137,-4.27,0.73,1362,-5.34,计算机设备
661,300587,天铁科技,3.8,-10.85,4573.0,-2.56,-18.04,5595,-15.93,-14.65,5592,-17.57,橡胶
662,300642,透景生命,11.82,5.28,522.0,-2.56,1.26,1038,-5.97,1.02,1107,-6.56,医疗器械
663,300417,南华仪器,10.25,1.94,1042.0,-2.57,1.88,914,-7.07,2.79,512,-10.09,通用设备
664,300163,先锋新材,5.68,-1.68,2129.0,-2.57,-2.0,2776,-9.7,-1.68,2995,-10.27,化学制品
665,300725,药石科技,33.7,-9.02,4161.0,-2.57,-0.33,1888,1.48,-0.93,2474,7.84,医疗服务
666,300492,华图山鼎,34.05,-5.4,3183.0,-2.58,0.98,1241,-5.89,-0.25,1992,-5.36,工程咨询服务Ⅱ
667,301500,飞南资源,26.79,5.07,557.0,-2.58,2.43,663,-3.39,2.14,649,9.48,环境治理
668,300107,建新股份,5.66,-8.5,4033.0,-2.58,-2.34,2938,-5.19,-0.19,1952,-3.9,化学制品
669,300194,福安药业,3.37,-8.39,4002.0,-2.6,-5.29,4272,-3.71,-5.54,4892,-4.53,化学制药
670,300778,新城市,8.99,-3.26,2587.0,-2.6,-2.29,2920,-8.73,-1.39,2799,-13.81,工程咨询服务Ⅱ
671,300168,万达信息,4.49,1.71,1086.0,-2.6,-3.62,3561,-6.85,-0.27,2005,-5.07,IT服务Ⅱ
672,300296,利亚德,5.59,-5.52,3216.0,-2.61,-12.49,5497,-16.82,-8.6,5390,-14.0,光学光电子
673,300648,星云股份,41.02,-2.26,2306.0,-2.61,-5.84,4463,-13.33,-2.71,3686,-10.34,电池
674,300405,科隆股份,5.22,-3.74,2728.0,-2.61,-1.93,2741,-7.94,-1.58,2924,-11.97,化学制品
675,300062,中能电气,5.59,-4.33,2899.0,-2.61,-5.58,4371,-8.06,-5.74,4957,-7.3,电网设备
676,301508,中机认检,23.08,-24.92,5584.0,-2.62,-9.7,5291,-9.13,-2.47,3565,-7.83,专业服务
677,300917,特发服务,24.5,6.24,452.0,-2.62,0.57,1430,-4.03,-1.47,2845,-6.17,房地产服务
678,300298,三诺生物,13.69,-6.12,3397.0,-2.63,-4.74,4061,-4.2,-2.55,3603,-5.52,医疗器械
679,300552,万集科技,22.97,-6.3,3450.0,-2.63,-4.35,3890,-13.48,-3.86,4271,-14.13,计算机设备
680,301011,华立科技,14.46,-4.54,2950.0,-2.63,-4.24,3844,-6.29,-3.21,3961,-5.98,文娱用品
681,301062,上海艾录,5.93,-3.44,2639.0,-2.63,3.15,561,-3.89,3.31,400,-2.95,包装印刷
682,300771,智莱科技,10.37,-16.09,5315.0,-2.63,-8.04,5018,-8.71,-3.27,3995,-5.56,计算机设备
683,300957,贝泰妮,30.36,-6.63,3537.0,-2.63,-4.71,4049,-8.77,-0.89,2440,-7.83,化妆品
684,300299,富春股份,4.81,-10.98,4600.0,-2.63,-3.32,3410,-5.5,-5.46,4870,-6.42,游戏Ⅱ
685,300463,迈克生物,8.15,-11.03,4614.0,-2.63,-1.64,2577,-2.86,0.17,1701,-4.68,医疗器械
686,300291,百纳千成,4.79,-5.83,3313.0,-2.64,-4.36,3893,-5.15,-4.28,4452,-9.11,影视院线
687,300867,圣元环保,17.71,-3.4,2632.0,-2.64,-3.18,3341,-10.01,-2.64,3655,-6.54,环境治理
688,300043,星辉娱乐,4.06,-9.5,4282.0,-2.64,-5.55,4362,-3.1,-6.66,5148,-8.76,游戏Ⅱ
689,300423,昇辉科技,5.5,-0.76,1898.0,-2.65,1.48,1041,-5.34,0.71,1369,-5.5,电网设备
690,301027,华蓝集团,19.82,12.68,123.0,-2.65,2.9,619,-0.5,2.8,509,6.96,工程咨询服务Ⅱ
691,300589,江龙船艇,11.76,-6.29,3446.0,-2.65,-5.7,4422,-7.84,-2.87,3765,-6.74,航海装备Ⅱ
692,300866,安克创新,106.45,-5.3,3154.0,-2.65,-2.91,3208,-9.1,-0.72,2309,-4.95,消费电子
693,301568,思泰克,118.98,-2.03,2233.0,-2.65,-1.81,2671,0.67,0.43,1542,41.22,自动化设备
694,300956,英力股份,11.33,-4.19,2860.0,-2.66,-1.12,2297,-9.86,-2.34,3489,-7.13,消费电子
695,300941,创识科技,13.89,-6.84,3599.0,-2.66,-1.79,2659,-6.9,-1.84,3126,-5.64,计算机设备
696,301529,福赛科技,89.75,-2.84,2466.0,-2.66,-3.66,3590,-13.06,-4.09,4371,-16.47,汽车零部件
697,300898,熊猫乳品,18.67,-1.81,2175.0,-2.66,-2.68,3104,-4.35,-2.9,3787,-5.8,饮料乳品
698,300448,浩云科技,5.83,0.15,1436.0,-2.67,-4.7,3738,-14.64,-3.76,3915,-14.26,IT服务Ⅱ
699,301380,挖金客,26.56,-1.07,1965.0,-2.67,-1.09,2283,-8.48,-1.05,2571,-8.07,通信服务
700,301260,格力博,13.47,-10.87,4578.0,-2.67,-7.32,4885,-12.59,-4.56,4572,-11.32,专用设备
701,301559,中集环科,12.34,-19.65,5500.0,-2.68,-8.85,5164,-7.22,-3.56,4136,-6.37,通用设备
702,301025,读客文化,7.99,-2.73,2435.0,-2.68,-1.86,2700,-7.95,-1.61,2949,-10.43,出版
703,301397,溯联股份,30.82,-1.39,2046.0,-2.68,0.63,1404,-7.45,0.58,1456,2.32,汽车零部件
704,301206,三元生物,22.49,-1.76,2157.0,-2.68,0.26,1558,-5.27,-0.73,2316,-3.97,化学制品
705,301065,本立科技,17.71,-10.96,4596.0,-2.69,-0.74,2097,-4.06,-0.39,2096,-6.54,化学制药
706,300834,星辉环材,44.45,-3.71,2710.0,-2.69,-1.65,2583,-5.45,2.41,619,-1.48,塑料
707,301201,诚达药业,36.48,0.46,1359.0,-2.69,6.46,137,2.13,4.12,236,10.05,医疗服务
708,300413,芒果超媒,14.48,-14.29,5139.0,-2.69,-6.36,4634,-6.82,-5.0,4738,-7.65,数字媒体
709,300837,浙矿股份,24.28,-7.14,3671.0,-2.69,-2.97,3231,-7.47,0.28,1639,-6.9,专用设备
710,301656,联合动力,17.02,-6.37,3472.0,-2.69,-3.3,3404,-8.84,3.38,381,5.71,汽车零部件
711,300932,三友联众,8.3,-4.48,2931.0,-2.7,-9.3,5234,-9.09,-3.93,4304,-0.95,电网设备
712,300529,健帆生物,15.08,-8.63,4080.0,-2.71,-5.69,4416,-3.95,-0.94,2485,-8.61,医疗器械
713,300711,广哈通信,16.16,-7.17,3678.0,-2.71,-3.79,3649,-9.21,-3.24,3979,-8.44,通信设备
714,300453,三鑫医疗,8.98,-4.16,2850.0,-2.71,0.11,1637,-4.47,-0.8,2372,-2.29,医疗器械
715,301262,海看股份,18.33,-13.7,5085.0,-2.71,-5.48,4339,-6.57,-5.24,4819,-5.42,广告营销
716,300374,中铁装配,10.4,-11.0,4607.0,-2.71,-4.36,3895,-10.42,-1.21,2666,-8.77,基础建设
717,300651,金陵体育,17.86,-8.26,3975.0,-2.72,-7.98,5003,-10.88,-6.91,5190,-15.4,文娱用品
718,300539,横河精密,20.35,-10.19,4430.0,-2.72,-8.32,5068,-8.25,-6.7,5154,-8.29,塑料
719,300110,华仁药业,2.49,-13.97,5118.0,-2.73,-4.17,3809,-3.86,-1.81,3098,-3.49,化学制药
720,300445,康斯特,20.62,-7.45,3747.0,-2.74,-4.32,3874,-11.77,-2.89,3778,-9.48,通用设备
721,301170,锡南科技,21.66,1.37,1161.0,-2.74,2.02,794,-6.6,1.72,804,-9.07,汽车零部件
722,300300,海峡创新,7.8,-4.37,2904.0,-2.74,-1.58,2542,-6.81,-4.98,4732,-8.24,IT服务Ⅱ
723,300831,ST派瑞,21.18,-10.31,4456.0,-2.75,-3.64,3573,7.35,-1.8,3090,17.15,半导体
724,301533,威马农机,23.63,1.07,1225.0,-2.76,1.0,1116,-6.08,0.78,1234,-8.09,专用设备
725,300451,创业慧康,3.16,-13.18,5002.0,-2.77,-6.57,4695,-8.67,-3.42,4060,-10.48,软件开发
726,301237,和顺科技,72.16,-3.95,2784.0,-2.78,2.31,781,2.43,1.86,811,14.58,塑料
727,300528,幸福蓝海,12.96,-7.5,3756.0,-2.78,-2.01,2784,-9.87,-1.93,3196,-5.4,影视院线
728,300838,浙江力诺,12.6,-0.66,1870.0,-2.78,-3.28,3398,-11.95,-0.97,2516,-13.7,通用设备
729,300381,溢多利,5.59,-4.17,2852.0,-2.78,0.4,1502,-5.09,-0.43,2118,-1.93,化学制药
730,300315,掌趣科技,3.83,-9.05,4170.0,-2.79,-7.06,4815,-4.25,-7.72,5298,-5.9,游戏Ⅱ
731,300314,戴维医疗,9.07,4.28,660.0,-2.79,4.27,334,-6.01,4.15,233,-4.63,医疗器械
732,300791,仙乐健康,16.03,-7.84,3851.0,-2.79,-0.76,2107,-2.55,-0.3,2030,-2.79,食品加工
733,300828,锐新科技,18.82,-8.25,3967.0,-2.79,-0.88,2160,-12.95,-0.03,1847,4.91,通用设备
734,300645,正元智慧,11.84,-1.22,2000.0,-2.79,0.74,1348,-6.85,0.35,1587,-9.2,计算机设备
735,301368,丰立智能,39.4,-10.35,4469.0,-2.79,-2.51,3017,-11.26,-2.76,3715,-11.62,通用设备
736,301601,惠通科技,15.6,-4.39,2909.0,-2.8,-1.34,2410,-8.88,-2.14,3354,-12.06,专用设备
737,300427,红相股份,6.58,-1.05,1963.0,-2.81,-1.49,2494,-6.13,-2.27,3430,-3.52,电网设备
738,301198,喜悦智行,13.15,-2.33,2327.0,-2.81,0.51,1453,-7.72,0.53,1496,-9.75,包装印刷
739,301386,未来电器,20.39,5.65,475.0,-2.81,2.7,609,-2.86,3.6,316,-2.67,电网设备
740,301638,南网数字,23.78,-11.23,4647.0,-2.82,-8.22,5056,-10.06,-1.19,2657,1.23,IT服务Ⅱ
741,300077,国民技术,28.21,-2.84,2465.0,-2.82,2.18,828,20.92,1.65,903,25.04,半导体
742,300138,晨光生物,8.96,-13.34,5029.0,-2.82,-8.66,5139,-7.72,-5.89,4992,-6.67,农产品加工
743,300972,万辰集团,166.16,-9.83,4353.0,-2.83,-4.72,4056,-5.08,-0.65,2268,-9.2,休闲食品
744,301149,隆华新材,10.62,-9.87,4362.0,-2.84,-6.23,4604,-10.08,-3.01,3846,-7.73,化学制品
745,300456,赛微电子,39.5,-7.53,3765.0,-2.85,-8.16,5043,-7.75,-5.22,4808,-1.13,半导体
746,300968,格林精密,9.89,-7.24,3696.0,-2.85,-1.69,2604,-8.43,-1.52,2886,-3.61,消费电子
747,300181,佐力药业,12.9,-5.97,3358.0,-2.86,1.63,995,0.55,-1.16,2636,-1.38,中药Ⅱ
748,301602,超研股份,13.92,-6.36,3468.0,-2.86,-1.85,2696,-6.26,-0.88,2430,-4.2,医疗器械
749,300942,易瑞生物,5.78,-3.88,2766.0,-2.86,-0.19,1818,-5.56,-0.19,1956,-6.62,医疗器械
750,300590,移为通信,14.19,-2.12,2261.0,-2.87,0.06,1657,-9.1,-0.55,2192,-1.18,通信设备
751,300213,佳讯飞鸿,6.1,-9.33,4239.0,-2.87,-13.04,5519,-10.29,-9.64,5475,-8.55,通信设备
752,301169,零点有数,72.84,-5.39,3180.0,-2.88,-2.28,2916,-7.33,1.61,923,-1.07,专业服务
753,300598,诚迈科技,28.22,-5.96,3354.0,-2.89,-5.91,4485,-7.96,-5.61,4915,-8.61,软件开发
754,301261,恒工精密,77.06,-4.85,3029.0,-2.9,-6.04,4532,-15.23,-2.92,3800,-8.59,通用设备
755,301608,博实结,50.25,0.82,1283.0,-2.9,-4.06,3464,-7.87,1.04,1098,3.4,计算机设备
756,300015,爱尔眼科,8.04,-10.41,4475.0,-2.9,-0.06,1765,-2.78,-2.04,3274,-4.4,医疗服务
757,301278,快可电子,28.65,-6.36,3469.0,-2.91,-4.41,3920,-9.51,-4.53,4557,-10.36,光伏设备
758,301055,张小泉,45.3,10.43,188.0,-2.91,2.61,690,16.27,2.7,536,43.95,家居用品
759,300894,火星人,10.66,-2.83,2464.0,-2.91,-3.82,3662,-11.46,-0.07,1868,-6.33,厨卫电器
760,300937,药易购,19.27,0.37,1377.0,-2.92,-2.52,2756,-6.5,-2.95,3525,-9.27,医药商业
761,300605,恒锋信息,9.29,-6.69,3551.0,-2.93,-2.5,3008,-7.75,-2.12,3334,-8.65,软件开发
762,301289,国缆检测,47.36,3.64,749.0,-2.93,1.29,1029,-5.47,1.64,830,1.65,专业服务
763,300927,江天化学,22.2,-3.42,2635.0,-2.93,-3.77,3640,-2.97,-1.17,2644,-11.27,化学原料
764,300134,大富科技,8.9,-2.4,2349.0,-2.94,-1.57,2539,-11.18,-4.04,4354,-7.87,通信设备
765,300878,维康药业,33.39,6.82,400.0,-2.94,0.03,1673,9.48,0.95,1256,10.93,中药Ⅱ
766,300078,思创智联,2.96,-13.97,5117.0,-2.95,-3.99,3736,-6.92,-4.13,4383,-5.73,IT服务Ⅱ
767,300627,华测导航,27.98,-4.88,3037.0,-2.95,-2.39,2959,-4.44,-3.21,3958,-7.2,通信设备
768,300961,深水海纳,14.14,-2.73,2433.0,-2.95,7.16,104,30.56,6.34,68,28.2,环境治理
769,300462,ST华铭,9.85,-5.14,3125.0,-2.96,-9.7,5292,-11.58,-3.14,3918,-9.05,计算机设备
770,300452,山河药辅,11.46,-1.31,2019.0,-2.96,2.3,786,-3.78,1.4,1020,-3.86,化学制药
771,300365,恒华科技,4.59,2.38,966.0,-2.96,-0.86,2152,-9.47,2.64,551,-2.34,软件开发
772,300597,吉大通信,7.22,-4.52,2942.0,-2.96,1.0,1235,-7.44,2.07,730,-8.72,通信服务
773,300783,三只松鼠,15.74,-13.35,5032.0,-2.96,-3.37,3450,-3.79,-4.83,4674,-6.03,休闲食品
774,300896,爱美客,86.32,-4.9,3047.0,-2.96,-3.1,3302,-5.52,-3.98,4333,-6.72,医疗美容
775,300810,中科海讯,25.25,-5.79,3302.0,-2.96,1.76,954,-3.0,2.45,612,3.1,航海装备Ⅱ
776,300119,瑞普生物,14.38,-8.08,3912.0,-2.97,-8.3,5068,-5.39,-5.88,4989,-4.64,动物保健Ⅱ
777,300030,阳普医疗,5.88,-5.8,3306.0,-2.97,0.25,1560,-5.47,-0.66,2274,-7.69,医疗器械
778,300101,振芯科技,15.03,-9.88,4363.0,-2.97,-4.81,4090,-7.16,-4.82,4666,-5.11,军工电子Ⅱ
779,300971,博亚精工,18.63,-1.7,2142.0,-2.97,0.55,1440,-7.36,0.48,1523,-6.19,专用设备
780,300517,海波重科,9.49,5.32,514.0,-2.97,2.77,599,-2.57,-0.29,1848,-7.68,专业工程
781,300644,南京聚隆,23.76,-3.38,2585.0,-2.98,-1.56,2520,-7.76,-0.52,2177,-3.65,塑料
782,300258,精锻科技,10.69,-9.62,4302.0,-2.99,-12.38,5491,-14.41,-4.79,4654,-7.53,汽车零部件
783,300098,高新兴,4.54,-15.46,5262.0,-2.99,-12.94,5515,-8.47,-8.93,5416,-7.35,通信设备
784,301326,捷邦科技,142.89,7.13,377.0,-2.99,0.61,1414,-5.99,1.73,873,8.46,消费电子
785,300025,华星创业,4.22,0.84,1277.0,-2.99,2.22,736,-6.64,0.89,1190,-7.05,通信服务
786,300007,汉威科技,35.02,-8.14,3928.0,-2.99,-9.05,5198,-12.3,-9.32,5456,-11.74,通用设备
787,300026,红日药业,2.91,-19.62,5497.0,-3.0,-4.54,3970,-3.64,-4.33,4475,-3.32,中药Ⅱ
788,300505,川金诺,24.24,2.48,946.0,-3.0,2.12,843,13.59,0.23,1663,7.4,农化制品
789,300318,博晖创新,4.21,-3.56,2668.0,-3.0,-1.7,2608,-5.39,-2.83,3743,-8.28,生物制品
790,300596,利安隆,47.95,-5.68,3264.0,-3.01,-4.39,3912,-1.24,-3.86,4270,28.28,化学制品
791,300622,博士眼镜,13.87,-12.53,4910.0,-3.01,-7.37,4894,-10.05,-5.28,4826,-7.53,专业连锁Ⅱ
792,301268,铭利达,14.11,-10.46,4492.0,-3.02,-8.37,5076,-13.54,-4.54,4562,-7.78,通用设备
793,300190,维尔利,3.86,-0.53,1819.0,-3.02,-2.11,2835,-7.66,0.68,1386,-7.88,环境治理
794,300248,新开普,7.69,-7.52,3761.0,-3.03,-1.29,2383,-6.33,-2.06,3290,-6.33,计算机设备
795,300441,鲍斯股份,6.39,-3.03,2523.0,-3.03,2.86,627,5.62,2.56,575,7.94,通用设备
796,301267,华厦眼科,14.99,-8.04,3902.0,-3.04,-6.72,4736,-7.35,-2.95,3816,-4.4,医疗服务
797,301101,明月镜片,26.83,-9.85,4357.0,-3.04,-8.45,5091,-9.33,-5.59,4910,-7.77,文娱用品
798,301357,北方长龙,78.49,-13.82,5099.0,-3.04,-8.79,5159,-8.64,-6.56,5130,-11.21,地面兵装Ⅱ
799,300858,科拓生物,14.35,-6.68,3550.0,-3.04,-2.56,3052,-8.01,-2.32,3474,-5.47,化学制品
800,300888,稳健医疗,26.99,-1.48,2066.0,-3.05,-0.59,2019,-1.6,-2.31,3470,-2.39,个护用品
801,300183,东软载波,10.16,3.4,776.0,-3.05,-0.95,2203,-8.96,0.28,1635,-5.75,通信设备
802,300789,唐源电气,16.83,-11.29,4650.0,-3.05,-0.99,2224,-12.21,-0.37,2082,-11.47,计算机设备
803,300775,三角防务,21.57,0.16,1435.0,-3.06,0.11,1481,-5.85,0.04,1634,-2.62,航空装备Ⅱ
804,301696,三瑞智能,104.74,-10.9,4590.0,-3.06,-9.95,5324,-10.83,-5.87,4986,-6.0,航空装备Ⅱ
805,300288,朗玛信息,8.88,0.03,1466.0,-3.06,-0.38,1736,-5.33,-1.49,2619,-6.72,IT服务Ⅱ
806,300358,楚天科技,7.6,2.83,873.0,-3.06,-2.54,3032,-4.76,-0.51,2170,-0.91,医疗器械
807,301258,富士莱,22.81,-2.65,2410.0,-3.06,-4.61,4003,-5.2,-1.51,2881,-7.39,化学制药
808,300421,力星股份,18.08,-11.27,4627.0,-3.06,-6.64,4720,-10.89,-6.64,5145,-11.46,通用设备
809,300966,共同药业,28.4,1.85,1064.0,-3.07,4.86,286,6.41,4.47,207,10.29,化学制药
810,300384,三联虹普,11.36,-9.24,4218.0,-3.07,-3.03,3266,-10.34,-0.56,2201,-3.15,专业工程
811,300652,雷迪克,33.24,-12.58,4921.0,-3.09,-8.62,5123,-16.04,-7.11,5228,-12.36,汽车零部件
812,301370,国科恒泰,8.15,-2.81,2460.0,-3.09,-2.67,3098,-5.23,-1.34,2752,-6.64,医疗器械
813,300009,安科生物,7.52,-7.57,3781.0,-3.09,-3.72,3620,-1.96,-4.43,4521,-2.21,生物制品
814,301026,浩通科技,21.54,7.61,333.0,-3.1,3.13,570,-9.31,0.54,1484,-0.23,小金属
815,301272,英华特,32.56,2.97,850.0,-3.1,0.36,1514,-10.28,0.52,1501,-10.67,通用设备
816,301367,瑞迈特,38.94,-4.62,2972.0,-3.11,-6.09,4550,-2.5,-9.79,5485,-6.8,医疗器械
817,300819,聚杰微纤,81.6,-1.4,2048.0,-3.11,5.52,216,14.69,5.15,129,31.76,纺织制造
818,300484,蓝海华腾,13.08,-10.48,4501.0,-3.11,-3.53,3521,-11.68,-3.78,4234,-6.64,自动化设备
819,301016,雷尔伟,12.68,-1.84,2179.0,-3.13,-7.15,4849,-11.08,-4.88,4693,-9.82,轨交设备Ⅱ
820,300746,汉嘉数智,10.51,-6.97,3626.0,-3.13,-0.94,2198,-5.66,0.67,1397,-0.28,工程咨询服务Ⅱ
821,300612,宣亚国际,10.78,-10.31,4457.0,-3.14,-6.0,4515,-9.49,-6.1,5039,-10.39,广告营销
822,301159,三维天地,29.51,-3.64,2686.0,-3.15,-2.88,3199,-8.81,-1.05,2572,-6.05,软件开发
823,300926,博俊科技,17.75,-7.75,3831.0,-3.16,-1.19,2332,-8.65,-0.31,2037,-4.47,汽车零部件
824,301556,托普云农,57.86,-10.11,4418.0,-3.16,-6.79,4750,-10.28,-5.45,4869,-8.2,IT服务Ⅱ
825,300696,爱乐达,29.72,-20.13,5512.0,-3.16,-10.92,5408,-11.71,-0.2,1960,-6.69,航空装备Ⅱ
826,300687,赛意信息,27.27,6.35,445.0,-3.16,3.78,443,-0.37,4.43,212,18.67,IT服务Ⅱ
827,300669,沪宁股份,26.65,-4.78,3012.0,-3.16,-8.5,5101,-16.17,-4.45,4531,-5.33,专用设备
828,301575,艾芬达,26.98,-12.08,4817.0,-3.16,-2.65,3088,-6.42,-1.36,2776,-2.46,家居用品
829,301301,川宁生物,7.93,-13.99,5119.0,-3.17,-5.64,4396,-5.82,-6.13,5045,-5.37,化学制药
830,301567,贝隆精密,35.48,-9.98,4389.0,-3.17,-2.98,3240,-10.22,-2.12,3343,-7.6,消费电子
831,301038,深水规院,16.13,-10.42,4478.0,-3.18,-6.3,4623,-13.19,-3.12,3908,-11.95,工程咨询服务Ⅱ
832,301528,多浦乐,61.89,-6.95,3625.0,-3.19,-4.85,4109,-5.42,-1.65,2975,0.59,通用设备
833,300437,清水源,11.55,1.92,1047.0,-3.19,-0.85,2147,0.52,-2.52,3590,-7.53,环境治理
834,301032,新柴股份,9.41,-0.57,1834.0,-3.19,-2.46,2991,-8.37,-2.29,3454,-9.69,通用设备
835,300600,国瑞科技,9.4,-17.47,5407.0,-3.19,-2.58,3059,-7.21,-4.71,4626,-8.47,航海装备Ⅱ
836,301378,通达海,24.23,-7.78,3837.0,-3.2,-3.6,3557,-11.05,-1.4,2806,-6.66,软件开发
837,301459,丰茂股份,31.48,-7.42,3740.0,-3.2,-3.96,3728,-10.9,-0.24,1986,-3.14,橡胶
838,300865,大宏立,22.08,-2.0,2225.0,-3.2,-0.47,1969,-9.14,-0.38,2087,-8.61,专用设备
839,300355,蒙草生态,2.71,-18.7,5459.0,-3.21,-8.16,5044,-6.23,-5.23,4813,-5.9,基础建设
840,301210,金杨精密,27.78,-2.86,2468.0,-3.21,-3.88,3684,-12.56,-2.02,3265,-0.86,电池
841,300406,九强生物,10.86,-5.85,3325.0,-3.21,-3.5,3508,-4.23,-0.52,2182,-4.32,医疗器械
842,301552,科力装备,22.65,5.77,459.0,-3.21,-3.69,3311,-7.55,-4.39,4183,-8.15,汽车零部件
843,300702,天宇股份,20.45,-8.68,4090.0,-3.22,-0.63,2037,1.59,-1.2,2660,6.79,化学制药
844,300103,达刚控股,7.8,-4.39,2911.0,-3.23,-0.88,2159,-9.83,-1.36,2773,-8.88,专用设备
845,301110,青木科技,36.88,-8.53,4045.0,-3.23,-0.87,2156,-6.56,-2.2,3394,-3.98,互联网电商
846,301633,港迪技术,44.4,0.93,1260.0,-3.23,2.97,554,-3.79,0.86,1206,-5.77,自动化设备
847,300507,苏奥传感,6.89,-17.6,5414.0,-3.23,-8.36,5074,-8.74,-1.79,3085,-2.82,汽车零部件
848,300235,方直科技,12.59,-2.59,2394.0,-3.23,-1.47,2481,-8.64,-1.24,2684,-11.09,软件开发
849,300494,盛天网络,8.4,-10.77,4552.0,-3.23,-9.22,5221,-6.56,-8.08,5341,-9.48,游戏Ⅱ
850,300577,开润股份,14.95,-9.07,4179.0,-3.24,3.15,563,-1.64,4.01,272,-4.23,服装家纺
851,300781,因赛集团,26.19,-2.35,2334.0,-3.25,-0.51,1983,-9.78,-0.62,2243,-5.52,广告营销
852,300698,万马科技,27.97,-9.99,4391.0,-3.25,-8.66,5140,-12.57,-6.7,5155,-9.66,通信设备
853,300012,华测检测,13.69,-10.76,4548.0,-3.25,-1.07,2262,-4.8,-1.19,2650,-1.37,专业服务
854,300267,尔康制药,3.27,-12.13,4843.0,-3.25,-1.54,2521,-1.51,-2.87,3763,-3.82,化学制药
855,300349,金卡智能,10.97,-14.34,5153.0,-3.26,-9.55,5267,-11.39,-0.72,2306,-0.81,通用设备
856,300046,台基股份,33.52,-5.32,3162.0,-3.26,4.38,348,9.11,2.68,539,17.12,半导体
857,300980,祥源新材,25.82,-11.52,4695.0,-3.26,2.21,819,-5.46,1.57,950,-0.23,塑料
858,301376,致欧科技,17.22,-2.77,2446.0,-3.26,-2.8,3153,12.7,-1.26,2692,7.16,家居用品
859,300703,创源股份,12.73,-11.6,4714.0,-3.27,-6.53,4684,-10.23,-9.05,5431,-15.13,文娱用品
860,300351,永贵电器,16.54,2.76,889.0,-3.27,-4.71,4049,-14.87,2.18,691,4.03,轨交设备Ⅱ
861,300542,新晨科技,11.2,-9.34,4244.0,-3.28,-2.09,2829,-7.74,-1.84,3125,-5.49,软件开发
862,300990,同飞股份,103.36,-12.19,4837.0,-3.28,-6.76,4744,4.15,-3.48,4097,30.41,通用设备
863,300024,机器人,15.34,-0.19,1744.0,-3.28,-6.56,4692,-14.06,1.7,884,2.61,自动化设备
864,300887,谱尼测试,7.06,-5.19,3128.0,-3.29,-1.95,2746,-9.83,-3.57,4139,-8.67,专业服务
865,300741,华宝股份,12.93,-14.38,5159.0,-3.29,-6.27,4616,-7.71,-6.43,5108,-8.3,化学制品
866,300132,青松股份,5.56,-10.65,4526.0,-3.3,-7.21,4864,-7.18,-12.44,5567,-12.85,化妆品
867,300261,雅本化学,4.39,-11.09,4623.0,-3.3,-6.71,4733,-4.57,-5.12,4781,-7.38,农化制品
868,300633,开立医疗,18.1,-6.66,3547.0,-3.31,0.96,1251,-4.99,2.38,631,-4.89,医疗器械
869,300970,华绿生物,19.01,-10.18,4433.0,-3.31,-7.2,4866,-8.39,-3.85,4265,-7.04,种植业
870,300595,欧普康视,10.49,-10.81,4566.0,-3.32,-6.33,4632,-4.81,-4.9,4700,-4.38,医疗器械
871,301221,光庭信息,28.22,-1.72,2150.0,-3.32,0.28,1546,-6.4,-0.44,2127,-4.53,汽车零部件
872,301616,浙江华业,33.89,-6.53,3512.0,-3.34,-0.31,1878,-7.51,0.65,1410,-5.65,通用设备
873,300798,锦鸡股份,6.65,-10.78,4561.0,-3.34,-0.06,1768,-6.34,-1.75,3057,-6.6,化学制品
874,300289,利德曼,5.48,-7.53,3766.0,-3.35,1.11,1201,-6.64,-0.43,2120,-17.22,医疗器械
875,300143,盈康生命,6.63,-2.69,2417.0,-3.35,-1.5,2495,-4.88,-2.01,3252,-2.93,医疗服务
876,300164,通源石油,8.08,-7.45,3743.0,-3.35,-10.23,5358,-9.82,-7.65,5289,-12.08,油服工程
877,301239,普瑞眼科,30.25,-5.65,3256.0,-3.35,-0.6,2024,-7.35,0.45,1532,-5.23,医疗服务
878,300551,古鳌科技,10.07,-6.78,3573.0,-3.36,-5.99,4509,-8.95,-0.77,2348,-0.59,计算机设备
879,301157,华塑科技,64.12,2.31,974.0,-3.36,-1.51,2505,-9.69,0.64,1417,-1.72,其他电源设备Ⅱ
880,300511,雪榕生物,5.16,-5.9,3337.0,-3.37,-4.39,3909,-3.55,-9.19,5443,-7.86,种植业
881,301263,泰恩康,17.78,-10.78,4556.0,-3.37,0.56,1437,-12.28,2.07,729,-3.89,化学制药
882,301231,荣信文化,25.84,-4.86,3031.0,-3.37,-4.39,3911,-25.4,-3.86,4269,-18.95,出版
883,300111,向日葵,2.86,10.1,197.0,-3.38,3.25,540,-7.14,1.56,955,-6.84,化学制药
884,301162,国能日新,42.25,7.94,304.0,-3.38,2.8,642,3.63,1.06,1184,13.88,软件开发
885,300530,领湃科技,16.81,-6.11,3395.0,-3.39,-0.87,2157,-7.43,-1.0,2539,-3.39,化学制品
886,300188,国投智能,9.39,-18.54,5453.0,-3.4,-12.19,5483,-8.03,-8.76,5402,-8.12,软件开发
887,300658,延江股份,11.64,1.48,1140.0,-3.4,-3.11,3028,-7.18,-1.89,2904,-2.59,个护用品
888,301020,密封科技,23.04,-6.53,3511.0,-3.4,-2.26,2900,-9.61,-1.64,2967,-1.79,汽车零部件
889,300804,广康生化,32.1,-0.74,1896.0,-3.4,-1.83,2688,-11.52,-1.38,2796,-15.37,农化制品
890,301277,新天地,8.79,4.89,578.0,-3.41,0.79,1199,-2.33,-1.02,2333,-3.51,化学制药
891,300008,天海防务,6.21,-14.55,5179.0,-3.42,-7.94,4992,-6.62,-3.5,4103,-1.43,航海装备Ⅱ
892,300276,三丰智能,6.75,-5.15,3115.0,-3.43,-5.85,4465,-14.66,-3.52,4112,-12.56,自动化设备
893,301365,矩阵股份,32.62,11.05,170.0,-3.43,0.6,1419,-6.4,1.83,822,2.29,工程咨询服务Ⅱ
894,301299,卓创资讯,44.79,-8.65,4074.0,-3.43,-4.15,3803,-10.24,-2.05,3280,-4.86,数字媒体
895,300705,九典制药,9.57,-13.19,5006.0,-3.43,-6.15,4574,-5.62,-5.86,4980,-9.03,化学制药
896,301052,果麦文化,22.43,-12.21,4842.0,-3.44,-6.18,4582,-9.45,-5.11,4779,-10.03,出版
897,300191,潜能恒信,27.53,0.4,1368.0,-3.44,-3.42,3186,-7.68,-3.4,3746,-6.87,油服工程
898,301577,美信科技,82.28,5.51,489.0,-3.45,-5.59,4068,-15.14,-2.94,3515,-7.73,通信设备
899,300986,志特新材,17.31,-12.22,4845.0,-3.46,-1.29,2382,-7.53,-1.87,3150,-3.73,专业工程
900,300290,荣科科技,8.38,-3.99,2795.0,-3.46,-7.08,4823,-11.79,-3.86,4266,-8.52,IT服务Ⅱ
901,301446,福事特,38.42,-5.11,3107.0,-3.47,-0.35,1906,-9.81,-0.34,2060,-8.52,工程机械
902,300307,慈星股份,6.95,-7.6,3791.0,-3.47,-9.91,5318,-14.62,-1.73,3032,-10.32,专用设备
903,300546,雄帝科技,15.25,-8.71,4100.0,-3.48,0.06,1661,-6.27,0.58,1453,-4.39,计算机设备
904,300515,三德科技,13.26,-33.7,5608.0,-3.49,-13.89,5542,-8.49,-10.05,5502,-8.61,通用设备
905,300100,双林股份,27.48,-9.32,4235.0,-3.51,-7.09,4826,-13.28,-3.44,4071,-4.08,汽车零部件
906,300779,惠城环保,54.78,10.05,201.0,-3.52,2.05,871,-10.55,2.19,688,1.03,环境治理
907,300818,耐普矿机,19.45,-10.38,4473.0,-3.52,-4.76,4065,-13.17,-2.28,3444,-8.47,通用设备
908,301180,万祥科技,12.58,-2.16,2277.0,-3.53,-2.73,3130,-9.63,-1.67,2989,-10.08,消费电子
909,300767,震安科技,23.4,-11.61,4720.0,-3.54,-5.11,4207,2.23,-3.2,3952,22.0,橡胶
910,300817,双飞集团,15.52,-7.68,3810.0,-3.54,-4.78,4076,-13.59,-3.65,4172,-13.0,通用设备
911,300683,海特生物,23.46,-1.59,2096.0,-3.54,0.99,1240,-3.14,0.54,1487,-3.42,医疗服务
912,300002,神州泰岳,7.06,-11.22,4635.0,-3.55,-3.61,3549,-3.02,-3.67,4178,0.14,游戏Ⅱ
913,300814,中富电路,199.32,-1.52,2077.0,-3.55,-1.41,2446,4.19,0.34,1593,23.88,元件
914,300340,科恒股份,8.65,-5.42,3187.0,-3.57,-0.46,1963,-5.46,-0.51,2172,-7.19,电池
915,300808,久量股份,22.18,-1.63,2114.0,-3.57,2.76,660,-2.42,0.17,1703,-7.08,光学光电子
916,300922,天秦装备,16.37,-2.16,2275.0,-3.59,-2.88,3195,-22.16,-6.27,5077,-30.52,地面兵装Ⅱ
917,301082,久盛电气,8.86,-11.22,4638.0,-3.59,-3.44,3482,-9.41,-1.1,2607,-7.71,电网设备
918,301251,威尔高,53.27,0.83,1280.0,-3.6,-0.02,1569,-1.82,0.05,1627,12.34,元件
919,300036,超图软件,11.26,-13.24,5018.0,-3.6,-5.34,4289,-7.1,-4.65,4604,-7.93,软件开发
920,300685,艾德生物,16.3,-6.78,3574.0,-3.61,-2.69,3107,-2.69,-3.91,4293,-1.27,医疗器械
921,301314,科瑞思,49.17,-3.54,2662.0,-3.61,0.41,1492,-9.81,0.38,1572,-2.15,通信设备
922,301668,昊创瑞通,33.42,-0.16,1738.0,-3.61,-0.74,2098,-7.3,0.21,1679,-1.47,电网设备
923,300835,龙磁科技,244.0,1.47,1142.0,-3.61,1.82,843,17.26,1.82,754,31.84,金属新材料
924,300061,旗天科技,6.92,-11.84,4764.0,-3.62,-1.98,2762,-7.61,-2.95,3812,-9.54,广告营销
925,300953,震裕科技,129.24,-18.32,5447.0,-3.62,-9.06,5199,-10.87,-4.34,4478,-7.78,电池
926,301216,万凯新材,23.28,-7.01,3636.0,-3.64,-0.09,1778,-4.32,-0.01,1834,-5.4,塑料
927,300662,科锐国际,17.15,-11.78,4756.0,-3.65,-2.69,3109,-6.74,-3.78,4233,-7.99,专业服务
928,301507,民生健康,12.1,5.12,552.0,-3.66,1.6,904,-1.06,2.79,477,-0.33,化学制药
929,301622,英思特,49.69,11.0,171.0,-3.66,-2.12,2842,-14.53,-1.19,2654,-9.08,金属新材料
930,300737,科顺股份,7.1,-8.38,3998.0,-3.66,0.13,1625,-7.55,0.66,1399,0.71,装修建材
931,300496,中科创达,59.65,-14.41,5165.0,-3.67,-6.61,4713,-9.43,-4.64,4597,0.44,IT服务Ⅱ
932,300946,恒而达,39.01,-10.88,4581.0,-3.68,-5.48,4340,-16.38,-3.74,4210,-14.96,通用设备
933,300579,数字认证,20.83,-4.11,2838.0,-3.7,0.92,1263,-7.95,1.1,1159,-0.14,软件开发
934,301200,大族数控,373.22,-1.9,2195.0,-3.7,3.61,471,10.75,2.75,528,41.86,专用设备
935,300247,融捷健康,3.63,-23.21,5563.0,-3.71,-9.77,5298,-5.71,-6.63,5142,-10.59,其他家电Ⅱ
936,300519,新光药业,11.94,-2.59,2396.0,-3.71,0.29,1544,-3.86,0.02,1798,-7.44,中药Ⅱ
937,300841,康华生物,44.07,-0.51,1906.0,-3.71,3.73,453,-4.9,2.78,526,-2.82,生物制品
938,300659,中孚信息,9.59,-1.78,2163.0,-3.71,-0.37,1914,-6.62,-1.29,2708,-6.8,计算机设备
939,301068,大地海洋,23.56,1.68,1090.0,-3.72,-2.26,2903,-14.26,1.04,1198,-6.43,环境治理
940,300615,欣天科技,10.32,-2.57,2391.0,-3.73,3.01,594,-4.53,1.41,1015,-6.86,通信设备
941,300993,玉马科技,9.54,-11.53,4699.0,-3.73,-3.01,3255,-9.49,1.01,1216,-5.26,家居用品
942,300682,朗新科技,10.05,-8.2,3947.0,-3.74,-5.06,4191,-9.7,-6.32,5086,-7.37,IT服务Ⅱ
943,300184,力源信息,17.49,-7.36,3724.0,-3.74,0.24,1564,1.8,-2.3,3457,16.83,其他电子Ⅱ
944,300864,南大环境,19.57,-4.17,2854.0,-3.74,-6.55,4691,-4.63,0.53,1498,-8.76,环境治理
945,300233,金城医药,12.09,-6.12,3396.0,-3.74,-0.86,2153,-4.5,-0.91,2458,1.0,化学制药
946,300055,万邦达,6.43,-16.9,5375.0,-3.74,-18.98,5596,-15.51,-13.67,5586,-20.52,炼化及贸易
947,300692,中赋科技,7.44,-17.17,5390.0,-3.75,-5.41,4311,-1.85,-9.37,5461,-5.22,环境治理
948,301091,深城交,15.67,-8.43,4020.0,-3.75,-9.52,5258,-10.86,-4.86,4686,-10.51,工程咨询服务Ⅱ
949,300613,富瀚微,77.09,-7.32,3710.0,-3.76,-2.44,2976,12.36,-2.3,3459,33.35,半导体
950,300663,科蓝软件,6.66,4.28,659.0,-3.76,0.02,1523,-6.2,-0.84,2198,-5.26,软件开发
951,301592,六九一二,121.26,-10.75,4547.0,-3.76,-1.21,2340,16.33,-3.07,3877,-1.49,军工电子Ⅱ
952,300536,农尚环境,8.71,3.17,819.0,-3.76,-6.97,4789,-8.51,-2.86,3759,-6.75,基础建设
953,300222,科大智能,13.3,-10.16,4428.0,-3.76,0.46,1471,-6.21,0.53,1491,9.11,电网设备
954,300419,ST浩丰,6.38,-25.03,5585.0,-3.77,-8.64,5131,-7.67,-5.59,4908,-7.4,IT服务Ⅱ
955,301057,汇隆新材,23.44,-11.56,4707.0,-3.78,-7.44,4907,-11.21,-5.28,4827,-11.71,化学纤维
956,300830,金现代,7.9,-6.16,3410.0,-3.78,-5.71,4426,-10.73,-2.58,3615,-8.03,软件开发
957,300619,金银河,35.14,-12.32,4869.0,-3.78,-6.4,4651,-10.9,-3.72,4197,-6.82,电池
958,301560,众捷汽车,27.42,-13.23,5017.0,-3.79,-5.43,4327,-11.49,-2.12,3339,-3.69,汽车零部件
959,300991,创益通,33.77,-4.88,3039.0,-3.79,-2.81,3161,-12.29,-0.52,2183,-8.61,其他电子Ⅱ
960,300815,玉禾田,16.72,-5.25,3143.0,-3.8,-3.68,3602,-9.87,-4.53,4556,-8.03,环境治理
961,300003,乐普医疗,11.4,-8.8,4120.0,-3.8,1.41,1081,-2.23,0.59,1436,0.88,医疗器械
962,300541,先进数通,9.61,-8.75,4113.0,-3.8,-0.69,2064,-6.43,-1.63,2958,-3.61,IT服务Ⅱ
963,301076,新瀚新材,24.8,-11.39,4671.0,-3.8,-3.99,3739,-12.98,-4.17,4407,-11.02,化学制品
964,300845,捷安高科,14.17,-0.37,1782.0,-3.8,5.33,229,4.58,0.6,1433,-2.48,计算机设备
965,301449,天溯计量,37.89,-12.27,4856.0,-3.81,-2.15,2858,-10.76,0.39,1564,-2.47,专业服务
966,300369,绿盟科技,5.29,-10.72,4540.0,-3.82,-3.84,3667,-8.32,-4.86,4682,-8.16,软件开发
967,300271,华宇软件,4.78,-12.77,4946.0,-3.82,-4.06,3761,-9.64,-3.93,4301,-7.9,IT服务Ⅱ
968,300983,尤安设计,36.74,-4.49,2936.0,-3.82,2.48,715,-4.82,3.01,465,2.57,工程咨询服务Ⅱ
969,300171,东富龙,10.82,-4.91,3051.0,-3.82,-3.48,3500,-4.5,-0.59,2217,0.46,医疗器械
970,301225,恒勃股份,75.28,-9.52,4284.0,-3.83,-4.32,3876,-14.36,-3.22,3966,-14.26,汽车零部件
971,300244,迪安诊断,19.07,-2.22,2296.0,-3.83,2.19,824,6.54,1.73,867,16.07,医疗服务
972,301171,易点天下,33.08,-7.64,3806.0,-3.84,-7.27,4872,-13.4,-4.98,4731,-7.65,广告营销
973,300868,杰美特,152.29,-8.23,3962.0,-3.85,-2.48,3000,4.49,0.34,1593,39.08,消费电子
974,301309,万得凯,32.09,-10.06,4406.0,-3.86,2.05,872,0.63,1.08,1174,8.82,通用设备
975,300534,陇神戎发,6.98,-5.76,3290.0,-3.86,-0.62,2033,-4.77,-1.38,2793,-6.43,中药Ⅱ
976,300224,正海磁材,13.44,-10.29,4454.0,-3.86,-0.35,1899,-2.18,1.42,1005,9.45,金属新材料
977,300464,星徽股份,7.73,-8.41,4011.0,-3.86,0.3,1535,-7.98,0.93,1267,2.11,互联网电商
978,300180,华峰超纤,3.97,-17.5,5408.0,-3.87,-6.49,4675,-10.59,-4.54,4559,-9.36,塑料
979,300242,佳云科技,4.22,-2.74,2437.0,-3.87,-0.77,2109,-10.4,-0.18,1942,-7.66,广告营销
980,300811,铂科新材,95.6,1.01,1241.0,-3.87,0.5,1318,-10.8,0.15,1570,11.09,金属新材料
981,300357,我武生物,21.36,-7.86,3856.0,-3.87,1.6,1003,0.52,1.89,798,-2.24,生物制品
982,300154,瑞凌股份,7.71,-3.32,2605.0,-3.87,-1.68,2598,-14.71,-1.32,2731,-13.47,通用设备
983,300310,宜通世纪,4.21,-9.99,4390.0,-3.88,-5.97,4506,-9.66,-5.84,4974,-7.47,通信服务
984,300109,新开源,15.34,-16.72,5362.0,-3.88,-9.53,5259,-0.65,-8.19,5350,10.36,化学制品
985,300091,*ST金灵,2.48,-9.94,4377.0,-3.88,-9.01,5193,-7.81,-13.73,5587,-11.43,通用设备
986,300265,通光线缆,22.03,-3.4,2630.0,-3.88,-4.23,3836,-8.09,-1.97,3220,2.18,电网设备
987,300573,兴齐眼药,38.83,-8.14,3929.0,-3.89,2.19,825,6.56,-0.64,2260,6.97,化学制药
988,301538,骏鼎达,49.86,-5.04,3089.0,-3.89,0.76,1337,-25.07,1.09,1166,-17.34,塑料
989,301486,致尚科技,222.41,-4.14,2846.0,-3.89,-8.18,5047,-12.94,-3.05,3866,4.43,消费电子
990,300943,春晖智控,45.55,-1.58,2094.0,-3.9,-0.78,2116,10.02,-0.37,2078,41.55,通用设备
991,300334,津膜科技,10.6,2.72,896.0,-3.9,-4.82,4093,-12.61,-4.48,4540,-17.57,环境治理
992,300660,江苏雷利,26.12,-8.41,4012.0,-3.9,-10.3,5367,-14.33,-9.35,5457,-12.11,电机Ⅱ
993,300287,飞利信,3.19,-6.64,3540.0,-3.92,-3.57,3533,-9.63,-4.44,4524,-8.6,IT服务Ⅱ
994,300378,鼎捷数智,35.71,0.05,1461.0,-3.93,-1.43,2216,-6.42,-0.06,1702,2.59,软件开发
995,300959,线上线下,145.35,-9.96,4382.0,-3.93,-2.86,3188,-9.04,-0.88,2431,-12.43,通信服务
996,300718,长盛轴承,58.54,-17.55,5410.0,-3.95,-9.27,5232,-13.47,-7.55,5281,-11.32,通用设备
997,301396,宏景科技,291.0,-4.35,2894.0,-3.96,-0.85,2146,30.51,3.38,381,75.3,IT服务Ⅱ
998,300403,汉宇集团,8.96,-18.04,5433.0,-3.97,-8.73,5147,-14.67,-3.48,4096,-11.02,家电零部件Ⅱ
999,300933,中辰股份,6.05,-8.97,4149.0,-3.97,0.17,1609,-7.35,-1.61,2946,-6.78,电网设备
1000,300250,初灵信息,14.04,-10.43,4482.0,-3.97,-6.07,4541,-9.88,-4.12,4379,-7.57,IT服务Ⅱ
1001,300766,每日互动,21.27,-12.25,4852.0,-3.97,-6.54,4685,-11.67,-1.52,2881,-6.01,软件开发
1002,301130,西点药业,23.97,5.02,566.0,-3.97,-2.11,2579,-3.73,-0.81,2181,-7.63,化学制药
1003,300368,汇金股份,8.47,-10.03,4399.0,-3.97,1.43,1070,-1.51,-0.02,1835,0.0,计算机设备
1004,301280,珠城科技,48.23,-16.12,5318.0,-3.98,-6.75,4742,-5.1,-5.06,4757,21.21,家电零部件Ⅱ
1005,300855,图南股份,30.15,-1.26,2010.0,-3.98,-0.39,1930,-10.21,1.87,807,-3.61,金属新材料
1006,300608,思特奇,10.82,-11.32,4656.0,-3.99,-2.35,2941,-9.98,-1.9,3169,-5.25,软件开发
1007,301320,豪江智能,12.99,-8.21,3954.0,-3.99,-3.12,3314,-9.29,-2.42,3528,-8.46,自动化设备
1008,300665,飞鹿股份,10.84,-8.11,3919.0,-3.99,0.49,1459,10.61,-0.84,2403,-8.21,化学制品
1009,300508,维宏股份,51.8,-12.15,4832.0,-3.99,-6.52,4680,-11.74,-1.31,2725,10.1,计算机设备
1010,300142,沃森生物,11.76,-17.66,5416.0,-4.0,-5.19,4238,-4.55,-1.3,2712,6.62,生物制品
1011,301359,东南电子,16.07,-2.47,2370.0,-4.0,-0.41,1940,-10.12,-0.73,2314,-12.81,其他电子Ⅱ
1012,301665,泰禾股份,21.5,-5.58,3236.0,-4.02,-1.93,2738,-0.88,-1.72,3029,-1.47,农化制品
1013,300930,屹通新材,29.32,-6.45,3491.0,-4.03,-1.52,2510,-17.18,-2.97,3830,-11.98,金属新材料
1014,300166,东方国信,17.14,-8.85,4131.0,-4.03,-9.13,5207,-8.34,-1.85,3128,17.0,IT服务Ⅱ
1015,300859,西域旅游,25.22,-16.72,5365.0,-4.03,-7.75,4969,-10.31,-8.25,5358,-15.48,旅游及景区
1016,300209,行云科技,28.5,-0.75,1887.0,-4.04,2.0,886,-0.63,1.42,1004,5.13,软件开发
1017,300679,电连技术,64.15,-6.19,3418.0,-4.05,-3.36,3439,-11.14,-2.06,3288,18.05,消费电子
1018,300412,迦南科技,4.49,-12.21,4840.0,-4.06,-2.53,3022,7.93,-1.58,2921,5.65,专用设备
1019,300988,津荣天宇,15.37,-11.58,4711.0,-4.06,-3.75,3630,-13.31,1.21,1105,-7.13,专用设备
1020,300636,同和药业,6.38,-2.36,2338.0,-4.06,2.42,737,-2.74,1.75,860,-4.49,化学制药
1021,300161,华中数控,28.3,-12.96,4969.0,-4.07,-3.41,3469,-13.4,-0.87,2425,-6.63,通用设备
1022,300457,赢合科技,20.73,-3.36,2613.0,-4.07,-2.42,2971,-11.71,-2.6,3624,-9.32,电池
1023,300380,安硕信息,31.17,-8.05,3907.0,-4.09,1.15,1189,2.43,1.49,978,10.06,软件开发
1024,301007,德迈仕,30.73,-6.8,3581.0,-4.09,0.84,1300,-10.8,-0.45,2134,-4.83,汽车零部件
1025,300292,吴通控股,5.86,-6.21,3425.0,-4.09,-4.72,4051,-8.58,-2.96,3821,2.81,通信服务
1026,301000,肇民科技,31.18,-14.22,5143.0,-4.09,-0.37,1912,-7.06,2.59,566,7.85,汽车零部件
1027,300366,ST创意,4.46,-9.34,4248.0,-4.09,-11.68,5452,-12.55,-6.88,5184,-10.8,软件开发
1028,300133,华策影视,7.01,-13.85,5102.0,-4.1,-1.82,2676,-4.76,-0.32,2039,-0.43,影视院线
1029,300964,本川智能,78.83,-5.77,3288.0,-4.1,-1.84,2691,-4.16,-1.82,3110,23.29,元件
1030,300583,赛托生物,11.0,3.04,845.0,-4.1,0.64,1400,-4.01,-0.81,2382,-8.64,化学制药
1031,301510,固高科技,31.51,-4.56,2957.0,-4.11,-2.84,3175,-12.59,1.1,1156,-0.72,自动化设备
1032,301071,力量钻石,98.73,2.81,880.0,-4.11,3.43,505,28.89,1.86,810,39.65,非金属材料Ⅱ
1033,300521,爱司凯,26.81,12.81,118.0,-4.11,-2.21,2883,-7.2,-4.0,4339,-1.79,专用设备
1034,300981,中红医疗,9.56,-4.4,2913.0,-4.11,-3.07,3285,-8.6,-2.87,3766,-12.61,医疗器械
1035,300461,田中精机,38.24,-14.79,5208.0,-4.11,1.26,1143,-8.08,-0.96,2503,-11.01,自动化设备
1036,301290,东星医疗,27.13,4.81,591.0,-4.13,2.78,597,-6.8,1.04,1097,-7.5,医疗器械
1037,300139,晓程科技,36.7,-6.95,3619.0,-4.13,-6.15,4571,-14.21,-2.0,3243,-8.36,贵金属
1038,301383,天键股份,24.79,-0.29,1769.0,-4.14,-1.47,2485,-10.05,-0.66,2275,-6.35,消费电子
1039,300049,福瑞医科,37.51,-8.28,3974.0,-4.14,-3.11,3305,-6.81,-3.66,4174,-12.26,医疗器械
1040,300375,鹏翎股份,4.17,-18.81,5461.0,-4.14,-2.69,3107,-8.55,-0.02,1837,-1.88,汽车零部件
1041,300404,博济医药,8.32,-2.82,2462.0,-4.15,-1.27,2367,-4.04,-0.58,2212,0.0,医疗服务
1042,300407,凯发电气,11.1,-13.71,5084.0,-4.15,-4.81,4092,-3.9,-2.08,3307,-3.14,电网设备
1043,300226,上海钢联,15.48,-12.88,4962.0,-4.15,-6.0,4514,-7.97,-4.32,4473,-7.31,软件开发
1044,300075,数字政通,10.14,-2.73,2434.0,-4.16,-7.93,4989,-9.87,-8.68,5396,-12.96,软件开发
1045,300411,金盾股份,6.89,-6.98,3630.0,-4.17,-4.5,3956,-21.88,-8.42,5373,-37.48,专用设备
1046,301033,迈普医学,45.37,-0.31,1776.0,-4.18,6.6,136,-7.22,5.29,123,-3.82,医疗器械
1047,300058,蓝色光标,13.5,-9.46,4270.0,-4.19,-7.2,4859,-11.42,-4.83,4673,-6.25,广告营销
1048,301458,钧崴电子,63.97,-1.91,2196.0,-4.21,-1.07,2262,5.6,0.35,1585,28.02,元件
1049,300501,海顺新材,12.72,-1.43,2056.0,-4.22,0.33,1525,-4.14,0.03,1789,-2.23,包装印刷
1050,300890,翔丰华,32.6,-6.44,3489.0,-4.23,-2.02,2787,-4.82,-1.23,2679,-0.15,电池
1051,300891,惠云钛业,6.57,-6.05,3388.0,-4.23,1.44,1065,-2.81,0.97,1241,-0.3,化学原料
1052,301607,富特科技,42.46,-5.44,3194.0,-4.24,3.21,548,3.43,-0.52,2181,5.89,汽车零部件
1053,300869,康泰医学,10.36,-4.28,2884.0,-4.25,-2.03,2799,-9.12,-0.26,1997,-3.27,医疗器械
1054,300871,回盛生物,22.28,-4.67,2977.0,-4.25,1.35,1102,-4.09,0.54,1485,3.15,动物保健Ⅱ
1055,301330,熵基科技,24.92,-8.99,4155.0,-4.26,-3.1,3298,-12.62,1.19,1115,-4.15,计算机设备
1056,300624,万兴科技,51.49,-8.88,4144.0,-4.26,-4.39,3917,-9.03,-2.51,3590,-0.48,软件开发
1057,300490,华自科技,13.48,-7.15,3673.0,-4.26,-3.93,3702,-9.65,-0.62,2241,-1.39,电网设备
1058,300059,东方财富,20.21,-11.72,4739.0,-4.26,2.21,816,8.66,1.44,996,16.42,证券Ⅱ
1059,301630,同宇新材,268.04,-15.43,5260.0,-4.27,-3.95,3722,-6.21,0.8,1331,24.25,电子化学品Ⅱ
1060,301150,中一科技,66.89,-9.3,4229.0,-4.28,-2.81,3158,4.55,0.01,1802,57.35,电池
1061,301133,金钟股份,38.25,9.0,259.0,-4.28,2.28,795,-1.92,0.3,1624,-4.26,汽车零部件
1062,301098,金埔园林,8.28,-3.84,2750.0,-4.28,2.46,718,-7.28,3.61,332,-4.39,基础建设
1063,300428,立中集团,17.45,-4.5,2940.0,-4.28,-6.37,4642,-10.79,-2.7,3680,-2.46,汽车零部件
1064,301153,中科江南,16.11,-8.47,4028.0,-4.28,-0.79,2121,-10.25,-0.77,2351,-5.79,软件开发
1065,300145,南方泵业,5.36,-8.88,4140.0,-4.29,-0.38,1915,-4.96,-1.09,2593,0.19,通用设备
1066,300151,昌红科技,24.5,1.83,1066.0,-4.3,0.48,1462,7.6,-0.79,2364,13.74,专用设备
1067,300676,华大基因,34.74,-3.9,2770.0,-4.32,-0.21,1823,-2.2,1.55,961,5.66,医疗服务
1068,301222,浙江恒威,30.12,-6.38,3474.0,-4.32,-1.83,2688,-11.28,0.84,1317,-11.49,电池
1069,300681,英搏尔,28.59,-10.68,4532.0,-4.32,-3.39,3460,-10.09,-3.91,4292,-5.74,汽车零部件
1070,301023,奕帆传动,31.57,-3.84,2751.0,-4.33,2.08,857,1.87,0.58,1452,3.34,电机Ⅱ
1071,300601,康泰生物,11.01,-10.57,4517.0,-4.34,-4.15,3801,-4.43,-0.98,2519,-4.26,生物制品
1072,300253,卫宁健康,6.61,-7.45,3742.0,-4.34,-7.47,4914,-7.42,-4.96,4726,-4.89,软件开发
1073,300187,永清环保,5.29,2.24,985.0,-4.34,4.2,371,7.52,3.09,441,6.22,环境治理
1074,301327,华宝新能,46.1,-1.69,2137.0,-4.34,-2.3,2924,-8.09,-0.99,2533,-9.43,电池
1075,301315,威士顿,38.65,-0.45,1800.0,-4.36,0.54,1444,-5.15,-0.06,1864,-1.15,软件开发
1076,300251,光线传媒,10.97,-14.23,5142.0,-4.36,-1.65,2578,-3.09,-2.75,3708,-0.18,影视院线
1077,300348,长亮科技,8.95,-7.57,3780.0,-4.38,-3.5,3506,-6.28,-3.51,4107,-3.03,软件开发
1078,300474,景嘉微,53.31,-9.41,4264.0,-4.38,-2.74,3134,-3.98,-2.79,3728,3.31,军工电子Ⅱ
1079,300586,美联新材,15.47,-7.87,3859.0,-4.39,-1.29,2380,1.78,1.15,1131,25.67,塑料
1080,300308,中际旭创,1265.26,-11.63,4721.0,-4.39,-6.46,4669,-7.5,-2.0,3242,12.57,通信设备
1081,301282,金禄电子,28.98,0.96,1251.0,-4.39,-0.93,1971,-3.34,-3.48,3795,13.87,元件
1082,300341,麦克奥迪,13.25,-5.55,3225.0,-4.4,-2.98,3236,-14.46,1.3,1056,-4.26,电网设备
1083,300449,汉邦高科,7.59,0.01,1619.0,-4.41,-7.02,4806,-15.95,-2.87,3757,-3.8,计算机设备
1084,300418,昆仑万维,39.0,-13.18,4997.0,-4.41,-8.2,5052,-9.3,-1.56,2908,5.58,数字媒体
1085,301587,中瑞股份,21.69,-8.99,4156.0,-4.41,-4.47,3944,-11.9,-0.17,1938,-6.83,电池
1086,300768,迪普科技,13.43,-11.02,4613.0,-4.41,-6.34,4635,-8.45,-5.63,4921,-3.45,软件开发
1087,300925,法本信息,14.75,-6.24,3434.0,-4.41,-11.22,5424,-16.38,-8.54,5385,-21.04,软件开发
1088,300146,汤臣倍健,9.3,-13.71,5086.0,-4.42,-2.34,2936,-5.3,-2.07,3298,-3.43,食品加工
1089,300327,中颖电子,31.14,-2.59,2399.0,-4.42,-1.75,2639,8.13,-3.04,3856,14.65,半导体
1090,300907,康平科技,54.0,5.88,448.0,-4.44,5.11,242,22.56,1.5,889,21.4,电机Ⅱ
1091,300715,凯伦股份,16.95,-10.61,4519.0,-4.45,-7.03,4804,-8.87,-6.29,5080,-23.65,装修建材
1092,301600,慧翰股份,84.35,-4.88,3041.0,-4.45,1.37,1094,-8.54,-0.2,1961,-5.44,计算机设备
1093,300131,英唐智控,20.14,-5.8,3304.0,-4.46,2.61,689,6.79,1.86,810,21.84,其他电子Ⅱ
1094,300572,安车检测,27.0,5.9,443.0,-4.46,0.55,1304,0.67,1.01,1114,-0.77,专业服务
1095,301122,采纳股份,27.17,-3.96,2790.0,-4.47,1.98,890,4.38,0.06,1767,11.4,医疗器械
1096,301628,强达电路,108.76,-16.62,5351.0,-4.47,-8.14,5038,-9.91,-1.38,2795,1.05,元件
1097,300580,贝斯特,18.15,-11.96,4785.0,-4.47,-6.69,4730,-20.25,-5.72,4947,-23.16,汽车零部件
1098,301626,苏州天脉,347.05,-2.88,2486.0,-4.47,-0.01,1729,2.95,0.74,1358,16.91,消费电子
1099,300639,凯普生物,4.9,-4.91,3048.0,-4.48,-3.65,3581,-8.24,-1.99,3236,-5.04,医疗器械
1100,301513,尚水智能,58.25,-10.03,4398.0,-4.49,-8.18,5047,-9.72,-4.44,4527,-2.43,电池
1101,301360,荣旗科技,70.21,-4.22,2865.0,-4.49,-1.76,2643,-10.32,-0.95,2497,-1.0,通用设备
1102,300686,智动力,19.08,-4.36,2903.0,-4.5,3.7,453,-1.4,2.24,677,18.66,消费电子
1103,300844,山水比德,21.84,-12.82,4956.0,-4.5,-4.87,4122,-8.35,-3.05,3869,-11.76,工程咨询服务Ⅱ
1104,300128,锦富技术,5.7,-8.61,4062.0,-4.52,1.07,1207,-7.77,-3.76,4220,-7.47,电池
1105,301042,安联锐视,68.22,-16.67,5358.0,-4.53,-5.92,4490,-12.63,-3.22,3967,-11.39,计算机设备
1106,300086,康芝药业,5.69,-8.04,3899.0,-4.53,3.17,555,-5.95,0.87,1300,-6.72,化学制药
1107,301078,孩子王,6.75,0.69,1307.0,-4.53,-2.93,2936,-9.27,-2.16,3090,-9.64,专业连锁Ⅱ
1108,300011,鼎汉技术,6.09,-9.68,4319.0,-4.55,3.67,457,2.18,1.78,844,3.22,轨交设备Ⅱ
1109,301631,壹连科技,73.23,-19.29,5482.0,-4.56,-3.83,3668,-9.74,-0.58,2215,-2.66,汽车零部件
1110,300231,银信科技,7.95,-13.09,4990.0,-4.56,-5.22,4253,-8.41,-2.47,3559,-3.52,IT服务Ⅱ
1111,300661,圣邦股份,131.96,-2.11,2258.0,-4.57,0.48,1463,-0.61,3.34,394,25.41,半导体
1112,300122,智飞生物,11.45,-9.91,4368.0,-4.58,-4.69,4035,-6.22,-3.03,3853,-7.36,生物制品
1113,300047,天源迪科,8.95,-9.95,4379.0,-4.58,-7.1,4832,-9.5,-5.17,4797,-5.19,软件开发
1114,300839,博汇股份,12.07,-13.8,5098.0,-4.58,-12.8,5510,-14.52,-6.85,5183,-16.82,炼化及贸易
1115,301176,逸豪新材,71.44,-11.78,4755.0,-4.59,-1.34,2408,-9.16,0.59,1439,51.45,元件
1116,300270,中威电子,10.35,-1.63,2110.0,-4.61,-5.3,4275,-11.16,-5.5,4879,-11.99,计算机设备
1117,300695,兆丰股份,49.7,-8.59,4057.0,-4.61,-4.36,3896,-11.72,-3.91,4295,-12.82,汽车零部件
1118,301312,智立方,105.77,-12.58,4917.0,-4.63,-4.43,3931,-6.4,-3.7,4188,28.66,自动化设备
1119,301165,锐捷网络,64.09,-9.66,4311.0,-4.66,-2.46,2987,-5.47,-0.2,1959,13.03,通信设备
1120,301491,汉桑科技,39.18,-3.23,2283.0,-4.67,-3.3,3294,-11.58,-0.61,2188,-4.11,消费电子
1121,301408,华人健康,14.29,-13.83,5101.0,-4.67,-2.2,2876,-7.15,-3.49,4099,-6.84,医药商业
1122,300678,中科信息,21.83,-14.37,5163.0,-4.67,-4.18,3819,-8.16,-1.96,3222,-2.33,IT服务Ⅱ
1123,301363,美好医疗,18.55,-3.37,2622.0,-4.68,-0.7,2074,-6.36,0.9,1289,4.86,医疗器械
1124,301479,弘景光电,57.44,-15.72,5284.0,-4.68,-6.32,4629,-10.11,-2.52,3593,-6.96,光学光电子
1125,300113,顺网科技,18.11,-17.39,5401.0,-4.68,-4.83,4098,-10.26,-3.56,4133,-4.53,游戏Ⅱ
1126,301336,趣睡科技,38.11,5.22,537.0,-4.68,0.82,1188,1.44,1.09,1068,2.78,家居用品
1127,300753,爱朋医疗,19.09,-4.28,2882.0,-4.69,2.31,779,-7.82,2.14,704,-5.12,医疗器械
1128,300674,宇信科技,15.23,-7.59,3787.0,-4.69,-1.31,2393,-4.87,-0.88,2429,-2.68,IT服务Ⅱ
1129,300852,四会富仕,56.75,-9.76,4338.0,-4.7,-5.19,4242,-8.88,-0.41,2107,7.56,元件
1130,301270,汉仪股份,25.78,-19.35,5484.0,-4.7,-6.06,4539,-9.48,-5.49,4878,-12.28,软件开发
1131,301089,拓新药业,20.04,-4.53,2946.0,-4.71,-1.6,2562,-8.16,-2.1,3323,-6.75,化学制药
1132,301173,毓恬冠佳,29.35,-10.81,4570.0,-4.74,-3.65,3585,-8.82,-2.39,3518,-10.87,汽车零部件
1133,301609,山大电力,32.97,-8.7,4102.0,-4.74,-8.01,5008,-11.56,-5.63,4923,-11.61,电网设备
1134,301413,安培龙,65.68,-9.6,4301.0,-4.78,-8.34,5072,-18.19,-7.65,5291,-22.8,通用设备
1135,300254,仟源医药,7.97,-16.63,5352.0,-4.78,-6.93,4780,-10.25,-5.92,4997,-14.39,化学制药
1136,300647,超频三,5.96,-8.29,3976.0,-4.79,0.84,1299,-4.33,-0.76,2338,-0.33,消费电子
1137,300774,倍杰特,10.91,0.74,1298.0,-4.8,-0.04,1581,-19.6,-0.35,1888,-14.63,环境治理
1138,301105,鸿铭股份,43.76,-8.31,3981.0,-4.81,-4.47,3946,-8.74,-1.57,2920,-10.25,专用设备
1139,301361,众智科技,30.29,-7.58,3785.0,-4.81,-1.02,2243,-13.36,0.59,1444,-3.84,电网设备
1140,300525,博思软件,7.51,-24.79,5583.0,-4.82,-13.49,5532,-12.88,-7.35,5254,-17.56,软件开发
1141,300750,宁德时代,382.48,-8.81,4125.0,-4.83,-4.23,3837,-2.32,-1.69,3003,0.07,电池
1142,300252,金信诺,17.72,-10.28,4451.0,-4.83,-3.71,3611,-0.95,-1.38,2789,5.35,军工电子Ⅱ
1143,300238,冠昊生物,11.0,-0.01,1699.0,-4.84,1.96,893,-0.54,3.27,410,3.19,医疗器械
1144,301581,黄山谷捷,46.6,0.24,1417.0,-4.84,0.71,1240,-2.12,1.02,1108,4.6,汽车零部件
1145,300493,润欣科技,13.97,-7.41,3734.0,-4.84,-4.46,3936,-4.32,-2.64,3650,4.88,其他电子Ⅱ
1146,301135,瑞德智能,16.44,-9.93,4376.0,-4.86,-1.5,2499,-4.53,-1.16,2640,-3.46,家电零部件Ⅱ
1147,300603,立昂技术,7.62,-10.57,4516.0,-4.87,-5.5,4343,-12.01,-4.2,4415,-9.72,通信服务
1148,301379,天山电子,24.83,-6.19,3398.0,-4.87,-1.93,2728,-2.24,-0.98,2516,3.11,光学光电子
1149,301509,金凯生科,26.88,-0.15,1732.0,-4.88,1.8,941,-1.32,1.4,1019,1.74,医疗服务
1150,301227,森鹰窗业,25.29,-4.26,2879.0,-4.89,-6.03,4527,-11.26,-3.85,4265,1.85,家居用品
1151,301584,建发致新,20.12,-5.98,3362.0,-4.91,-0.41,1938,-6.03,-2.08,3309,-3.22,医药商业
1152,300709,精研科技,61.81,-17.57,5411.0,-4.91,-3.14,3320,-1.9,-1.48,2851,31.01,消费电子
1153,300672,国科微,293.18,-4.54,2949.0,-4.92,-4.6,3993,-11.31,3.13,429,8.91,半导体
1154,301265,华新科技,30.27,15.05,82.0,-4.93,2.0,887,7.65,0.58,1447,19.27,环境治理
1155,301230,泓博医药,34.88,-5.43,3192.0,-4.93,-0.92,2182,0.87,-1.01,2545,7.32,医疗服务
1156,300402,宝色股份,14.98,-6.82,3586.0,-4.95,-5.34,4291,-13.96,-2.29,3452,-6.72,通用设备
1157,300618,寒锐钴业,34.98,-8.67,4078.0,-4.95,-3.07,3283,-8.5,-1.84,3124,0.23,能源金属
1158,301662,宏工科技,100.91,-4.46,2926.0,-4.98,-2.41,2969,-6.04,0.54,1489,16.39,电池
1159,300115,长盈精密,26.9,-16.14,5320.0,-4.98,-12.43,5493,-13.75,-9.17,5442,-8.03,消费电子
1160,301097,天益医疗,34.85,1.61,1101.0,-4.99,8.23,58,-7.29,4.74,164,-1.36,医疗器械
1161,300973,立高食品,24.71,-1.61,2104.0,-5.0,4.22,365,3.78,2.56,576,2.49,休闲食品
1162,300578,会畅科技,16.68,-5.12,3110.0,-5.01,-6.94,4783,-20.19,-2.9,3785,-14.46,通信服务
1163,300206,理邦仪器,11.91,-15.11,5234.0,-5.02,-2.86,3187,-12.23,0.82,1322,-10.32,医疗器械
1164,300434,金石亚药,9.08,-1.64,2115.0,-5.02,0.24,1566,1.0,0.41,1551,2.83,化学制药
1165,300067,安诺其,5.49,-14.26,5147.0,-5.02,2.96,609,-1.79,3.59,335,6.19,化学制品
1166,300124,汇川技术,63.48,-10.51,4505.0,-5.03,-3.24,3374,-10.82,-2.9,3783,-8.28,自动化设备
1167,300249,依米康,15.62,-16.88,5368.0,-5.05,-5.69,4408,-10.02,-2.11,3319,8.77,计算机设备
1168,300504,天邑股份,16.74,-0.51,1817.0,-5.05,-0.52,1985,-8.72,-1.51,2877,-3.96,通信设备
1169,300522,世名科技,22.73,-7.84,3848.0,-5.05,-0.48,1972,18.32,2.17,693,88.63,化学制品
1170,300182,捷成股份,4.69,-12.5,4898.0,-5.06,-9.75,5295,-14.1,-7.5,5275,-16.99,影视院线
1171,301029,怡合达,26.64,-13.38,5038.0,-5.09,-7.47,4915,-18.81,-2.66,3666,-10.75,自动化设备
1172,300565,科信技术,10.39,-5.02,3079.0,-5.11,-4.05,3757,-13.42,-3.12,3907,-12.17,通信设备
1173,301031,中熔电气,113.29,-2.09,2250.0,-5.11,-3.75,3629,-12.71,-2.06,3290,0.7,其他电子Ⅱ
1174,300616,尚品宅配,11.11,-1.06,1961.0,-5.12,-1.9,2717,-17.09,-2.28,3441,-16.84,家居用品
1175,301208,中亦科技,28.9,-3.29,2596.0,-5.12,2.75,661,-3.09,1.63,916,3.25,IT服务Ⅱ
1176,300153,科泰电源,22.53,-5.79,3299.0,-5.14,-7.45,4911,-11.82,-2.79,3727,-1.27,其他电源设备Ⅱ
1177,300229,拓尔思,13.75,-11.67,4728.0,-5.17,-8.59,5114,-12.08,-6.3,5083,-8.88,软件开发
1178,300386,飞天诚信,10.81,2.61,920.0,-5.18,-1.11,2291,-7.45,2.81,505,8.75,计算机设备
1179,300499,高澜股份,40.64,-10.72,4550.0,-5.18,-0.98,2219,4.58,-0.51,2169,18.14,专用设备
1180,300701,森霸传感,9.49,-1.89,2191.0,-5.19,0.8,1318,-5.57,0.29,1630,-4.62,光学光电子
1181,301591,肯特股份,52.42,-3.71,2708.0,-5.19,-0.67,2054,7.07,-3.31,4010,14.73,塑料
1182,301002,崧盛股份,37.61,-14.56,5181.0,-5.22,-9.69,5288,-15.31,-7.98,5330,-12.9,电网设备
1183,300816,艾可蓝,71.63,-12.68,4932.0,-5.23,-4.57,3982,-13.76,-3.13,3912,-13.24,汽车零部件
1184,300305,裕兴股份,6.15,-11.9,4779.0,-5.24,-5.33,4284,-21.76,-2.94,3803,-17.56,塑料
1185,300617,安靠智电,53.4,-7.37,3729.0,-5.25,-1.31,2396,-8.37,-0.68,2283,-0.37,电网设备
1186,300785,值得买,36.26,-19.46,5489.0,-5.25,-7.32,4884,-10.4,-3.29,4000,-4.73,数字媒体
1187,301285,鸿日达,116.91,-13.46,5056.0,-5.25,-2.05,2814,-13.59,-1.7,3013,11.26,消费电子
1188,301555,惠柏新材,42.58,-4.02,2810.0,-5.29,-1.09,2281,-1.78,-0.63,2253,1.43,塑料
1189,300634,彩讯股份,19.82,-8.71,4098.0,-5.3,-4.78,4083,-10.32,-1.67,2987,-4.71,IT服务Ⅱ
1190,301018,申菱环境,108.8,-8.39,4009.0,-5.32,0.39,1502,-6.46,4.82,165,11.49,通用设备
1191,300693,盛弘股份,43.85,-5.13,3105.0,-5.33,-1.95,2745,-9.36,1.58,940,2.89,其他电源设备Ⅱ
1192,300916,朗特智能,23.1,-6.38,3473.0,-5.33,1.59,1006,-8.0,1.48,982,-0.09,消费电子
1193,301683,慧谷新材,131.5,-3.08,2539.0,-5.33,-6.57,4698,-8.68,-3.9,4288,7.15,化学制品
1194,300324,旋极信息,3.72,-7.85,3852.0,-5.34,-0.66,2048,-7.0,-0.49,2153,-2.11,计算机设备
1195,300331,苏大维格,68.97,1.43,1153.0,-5.34,-3.34,3136,-0.5,0.84,1210,6.8,光学光电子
1196,301328,维峰电子,59.92,-10.85,4574.0,-5.35,2.92,615,-2.01,-0.21,1967,11.21,其他电子Ⅱ
1197,300611,美力科技,23.13,-8.34,3988.0,-5.36,-3.9,3693,-11.45,-2.88,3773,-12.72,汽车零部件
1198,301202,朗威股份,34.44,-1.87,2186.0,-5.36,1.95,898,-6.92,1.88,803,1.0,通信设备
1199,300377,赢时胜,16.18,-15.4,5256.0,-5.38,0.78,1327,0.12,1.28,1065,30.48,软件开发
1200,300467,迅游科技,36.33,-1.25,2008.0,-5.39,2.5,709,1.62,3.0,468,11.92,游戏Ⅱ
1201,301501,恒鑫生活,25.64,-13.7,5083.0,-5.39,0.2,1596,-1.91,0.4,1559,-2.03,家居用品
1202,300895,铜牛信息,49.82,-12.86,4959.0,-5.39,-3.39,3462,-11.87,-2.31,3468,-4.83,IT服务Ⅱ
1203,300485,赛升药业,8.57,-5.83,3315.0,-5.41,0.88,1282,5.15,-0.23,1980,2.27,生物制品
1204,301183,东田微,245.99,-7.57,3783.0,-5.41,-5.72,4432,-6.24,0.49,1518,8.45,光学光电子
1205,300631,久吾高科,23.43,-6.34,3461.0,-5.41,-2.99,3244,-8.23,-0.21,1966,-2.94,环保设备Ⅱ
1206,301389,隆扬电子,94.47,-9.24,4216.0,-5.41,-4.07,3769,-8.43,-1.73,3034,1.25,消费电子
1207,301226,祥明智能,30.52,-14.59,5185.0,-5.42,-5.96,4503,-12.1,-2.75,3710,-6.47,电机Ⅱ
1208,301085,亚康股份,59.48,-4.77,3009.0,-5.45,-1.82,2680,-10.08,0.27,1643,-0.5,IT服务Ⅱ
1209,301293,三博脑科,48.52,-9.48,4275.0,-5.46,-2.29,2918,-10.38,-1.82,3107,-5.8,医疗服务
1210,300606,金太阳,43.45,-12.71,4936.0,-5.46,-5.67,4406,-15.78,-1.04,2563,11.73,通用设备
1211,300399,天利科技,19.15,-10.02,4396.0,-5.48,-0.03,1742,0.74,3.12,434,10.5,IT服务Ⅱ
1212,300931,通用电梯,16.05,0.33,1385.0,-5.48,2.34,693,-1.23,3.36,363,12.16,专用设备
1213,300056,中创环保,7.75,1.27,1183.0,-5.49,5.53,199,-6.29,2.03,684,-7.41,环境治理
1214,300085,银之杰,36.5,-6.5,3504.0,-5.49,4.29,356,35.39,3.33,395,47.77,软件开发
1215,300127,银河磁体,27.84,-5.16,3120.0,-5.5,-1.98,2763,-7.69,0.73,1360,1.16,金属新材料
1216,300697,电工合金,15.8,-7.31,3708.0,-5.5,-7.14,4848,-16.89,-1.87,3151,4.57,工业金属
1217,300653,正海生物,14.14,-3.84,2754.0,-5.54,1.56,1011,-5.42,-0.18,1943,-3.35,医疗器械
1218,301325,曼恩斯特,33.91,-10.0,4392.0,-5.54,-0.65,2045,-13.8,-0.17,1937,-7.12,电池
1219,300557,理工光科,33.75,-3.91,2768.0,-5.54,0.76,1329,2.68,-0.35,2065,4.33,通用设备
1220,301238,瑞泰新材,22.54,-3.35,2611.0,-5.57,-3.22,3362,-11.68,-1.16,2635,4.01,电池
1221,300246,宝莱特,14.73,-15.9,5295.0,-5.58,-7.11,4833,-22.43,-2.79,3723,-6.95,医疗器械
1222,300996,普联软件,10.65,-9.2,4208.0,-5.59,-2.35,2942,-5.75,-0.05,1853,-1.02,软件开发
1223,300081,ST恒信,3.88,-2.98,2508.0,-5.6,1.41,1082,-1.02,-0.35,2064,-2.27,通信服务
1224,300179,四方达,58.53,-6.88,3609.0,-5.6,-0.13,1793,22.19,1.13,1137,41.72,通用设备
1225,300558,贝达药业,58.38,-5.0,3065.0,-5.61,-1.59,2544,6.18,-0.88,2428,10.57,化学制药
1226,300561,汇金科技,14.46,-8.44,4021.0,-5.61,-1.38,2432,13.59,-2.06,3284,15.5,软件开发
1227,300035,中科电气,14.28,-12.51,4906.0,-5.62,-14.29,5553,-17.79,-5.86,4979,-12.45,电池
1228,300221,银禧科技,15.58,-11.1,4626.0,-5.63,-4.8,4085,-14.68,-1.77,3071,-3.35,塑料
1229,301220,亚香股份,30.2,-19.74,5504.0,-5.63,-8.99,5189,-15.41,-5.16,4794,-16.13,化学制品
1230,300740,水羊股份,18.02,-9.74,4332.0,-5.65,-7.12,4839,-20.79,-4.06,4359,-16.3,化妆品
1231,301053,远信工业,41.27,-3.55,2665.0,-5.65,-0.95,2204,-3.51,-0.45,2133,-5.78,专用设备
1232,300853,申昊科技,30.74,-5.33,3164.0,-5.65,-1.24,2354,1.82,-0.96,2501,-14.23,电网设备
1233,301669,高特电子,44.69,-3.81,2744.0,-5.66,1.23,1158,6.43,0.5,1508,12.51,其他电源设备Ⅱ
1234,301667,纳百川,71.39,-16.94,5379.0,-5.69,-2.62,3072,-10.8,1.04,1193,-3.81,汽车零部件
1235,300736,百邦科技,33.15,-7.52,3762.0,-5.69,0.99,1239,-6.83,5.8,85,20.37,其他电子Ⅱ
1236,301525,儒竞科技,44.94,-10.87,4579.0,-5.69,1.33,1118,-16.14,0.09,1746,-8.14,通用设备
1237,301331,恩威医药,21.17,-6.29,3447.0,-5.7,-0.99,2225,-7.03,-0.37,2083,-3.33,中药Ⅱ
1238,301217,铜冠铜箔,172.8,-16.83,5369.0,-5.71,-11.54,5443,-13.6,-6.68,5150,35.02,电池
1239,300444,双杰电气,12.23,-3.49,2643.0,-5.71,-0.87,2150,-6.43,-0.16,1921,-1.85,电网设备
1240,301141,中科磁业,42.9,-9.33,4242.0,-5.71,-1.85,2696,-14.2,1.51,972,-9.91,金属新材料
1241,301234,五洲医疗,33.81,-15.94,5299.0,-5.72,-0.29,1868,-11.82,-1.45,2837,-16.29,医疗器械
1242,300468,四方精创,21.58,-11.98,4788.0,-5.76,-3.39,3459,-7.1,-0.49,2156,-2.4,软件开发
1243,300903,科翔股份,106.22,-12.02,4800.0,-5.76,-3.08,3288,4.57,1.15,1132,42.75,元件
1244,301596,瑞迪智驱,48.59,-15.58,5274.0,-5.78,-6.1,4553,-18.66,-4.79,4657,-15.73,通用设备
1245,300657,弘信电子,43.62,-10.03,4403.0,-5.79,-6.29,4618,-8.26,-5.09,4766,-0.89,元件
1246,300033,同花顺,244.0,-6.83,3595.0,-5.79,1.47,1045,13.65,0.3,1619,26.4,软件开发
1247,300792,壹网壹创,25.56,-24.47,5576.0,-5.79,-13.33,5526,-14.46,-7.49,5273,-11.34,互联网电商
1248,300409,道氏技术,19.95,-22.11,5550.0,-5.81,-7.16,4850,-9.32,-5.05,4749,1.22,电池
1249,301193,家联科技,18.63,-8.75,4114.0,-5.81,-1.73,2626,-8.41,-1.3,2715,-12.74,家居用品
1250,300882,万胜智能,15.96,-2.35,2332.0,-5.84,6.58,140,6.19,5.01,143,7.19,电网设备
1251,300825,阿尔特,15.56,-3.28,2593.0,-5.87,-0.98,2217,-7.93,2.91,481,3.25,汽车服务
1252,300004,南风股份,9.95,-21.35,5538.0,-5.87,-14.02,5544,-19.11,-8.01,5334,-14.37,专用设备
1253,300487,蓝晓科技,56.62,-7.48,3749.0,-5.87,2.28,794,1.91,1.06,1181,7.95,塑料
1254,301687,新广益,84.38,-18.09,5435.0,-5.89,-4.11,3783,2.35,-0.27,2007,60.08,塑料
1255,301512,智信精密,46.52,-11.98,4791.0,-5.91,-1.95,2749,-18.51,-1.64,2969,-13.08,自动化设备
1256,301356,天振股份,26.18,2.18,995.0,-5.93,5.19,248,9.36,4.81,166,13.97,家居用品
1257,300016,北陆药业,7.29,-4.23,2870.0,-5.94,3.99,402,-4.83,1.8,833,-1.75,化学制药
1258,301069,凯盛新材,21.75,-10.66,4529.0,-5.97,-2.27,2905,-2.29,-2.02,3263,2.11,化学原料
1259,301252,同星科技,41.83,-14.93,5212.0,-5.98,-6.02,4522,-5.1,-5.21,4809,11.55,家电零部件Ⅱ
1260,301075,多瑞医药,59.74,-11.84,4766.0,-6.04,-8.35,5073,-10.98,-6.04,5028,-10.12,化学制药
1261,301246,宏源药业,26.57,-6.7,3555.0,-6.05,0.1,1640,-3.73,0.02,1794,-0.82,化学制药
1262,300807,天迈科技,38.28,-1.73,2152.0,-6.06,-1.0,2227,-1.8,-4.56,4574,-4.3,计算机设备
1263,300626,华瑞股份,38.01,-2.31,2324.0,-6.08,1.34,1109,-6.33,4.32,219,4.48,电机Ⅱ
1264,301291,明阳电气,35.35,-13.6,5070.0,-6.11,-8.11,5032,-14.65,-4.22,4428,-16.8,电网设备
1265,300400,劲拓股份,38.53,-3.8,2742.0,-6.16,-3.98,3731,-13.69,-2.07,3297,2.91,自动化设备
1266,301288,清研环境,18.07,3.33,794.0,-6.18,0.34,1522,0.89,1.11,1148,-6.13,环保设备Ⅱ
1267,301092,争光股份,42.83,-9.48,4277.0,-6.18,-2.35,2943,-18.06,0.54,1487,-10.04,塑料
1268,300548,长芯博创,264.44,-9.68,4318.0,-6.19,-1.53,2511,-6.22,0.36,1579,17.53,通信设备
1269,300723,一品红,32.72,-4.03,2813.0,-6.19,-2.18,2867,-2.09,-2.92,3794,-4.1,化学制药
1270,300571,平治信息,46.23,-8.31,3979.0,-6.25,1.55,1012,0.28,4.47,206,16.07,通信服务
1271,300149,睿智医药,8.54,-2.06,2237.0,-6.26,4.55,324,11.63,3.52,350,11.2,医疗服务
1272,300014,亿纬锂能,62.62,-19.62,5495.0,-6.27,-5.04,4176,-6.06,-1.87,3150,13.65,电池
1273,301189,奥尼电子,54.89,-15.58,5273.0,-6.28,-10.02,5335,-18.1,-10.84,5534,-18.79,消费电子
1274,301259,艾布鲁,25.05,-8.04,3901.0,-6.29,1.55,1014,0.12,1.21,1102,14.86,环境治理
1275,300394,天孚通信,320.42,-13.93,5112.0,-6.3,-8.05,5020,-4.81,-4.03,4349,8.99,通信设备
1276,301012,扬电科技,24.08,-19.41,5487.0,-6.3,-9.59,5275,-12.72,-5.09,4767,-9.71,电网设备
1277,301195,北路智控,26.56,4.86,580.0,-6.31,-0.27,1673,-21.86,-1.83,2860,-24.61,软件开发
1278,300343,联创股份,5.32,-12.36,4877.0,-6.34,-7.01,4799,-10.29,-13.53,5584,-17.77,化学制品
1279,300738,奥飞数据,19.49,-19.04,5473.0,-6.34,-4.43,3927,-7.72,-0.69,2288,2.85,通信服务
1280,301606,绿联科技,58.09,-5.76,3291.0,-6.35,-2.33,2935,-8.91,0.07,1765,-3.79,消费电子
1281,300442,润泽科技,78.28,-16.51,5344.0,-6.35,-6.91,4772,-8.1,-2.84,3746,5.76,通信服务
1282,300170,汉得信息,15.29,-15.34,5246.0,-6.37,-14.36,5555,-14.49,-6.62,5141,-9.2,IT服务Ⅱ
1283,300364,中文在线,23.63,-14.77,5200.0,-6.38,-1.96,2752,-5.71,0.59,1434,8.2,数字媒体
1284,301580,爱迪特,67.87,-14.18,5140.0,-6.39,-3.61,3551,7.44,-1.09,2595,50.22,医疗器械
1285,301148,嘉戎技术,54.29,-7.22,3690.0,-6.41,4.39,347,-3.38,-1.85,3138,-3.74,环境治理
1286,300207,欣旺达,18.53,-12.33,4870.0,-6.41,-6.18,4584,-10.91,-2.67,3669,-3.14,电池
1287,300905,宝丽迪,49.87,-19.5,5492.0,-6.44,-5.36,4294,-15.6,-4.41,4506,-12.91,化学纤维
1288,301041,金百泽,34.29,-9.47,4272.0,-6.44,-1.89,2711,-7.47,0.7,1376,4.35,元件
1289,300017,网宿科技,12.89,-14.36,5155.0,-6.46,-10.2,5356,-13.37,-5.13,4786,-8.26,IT服务Ⅱ
1290,301060,兰卫医学,8.09,-7.35,3721.0,-6.47,3.24,544,-6.58,1.77,850,-2.18,医疗服务
1291,300454,深信服,89.98,-13.12,4993.0,-6.47,-5.7,4423,-11.1,-3.03,3855,-8.08,软件开发
1292,301603,乔锋智能,126.44,-3.14,2556.0,-6.49,-0.05,1760,-13.75,-0.11,1904,3.48,通用设备
1293,300042,朗科科技,70.02,-7.93,3875.0,-6.5,0.9,1277,-0.47,1.49,977,11.75,计算机设备
1294,301566,达利凯普,37.71,-1.62,2106.0,-6.52,0.1,1639,-6.38,0.37,1574,16.07,元件
1295,300748,金力永磁,30.27,-11.26,4646.0,-6.52,-3.85,3675,-9.45,-0.89,2436,3.52,金属新材料
1296,300803,指南针,95.37,-16.15,5321.0,-6.55,-0.1,1780,-0.41,-0.8,2371,21.69,软件开发
1297,300632,光莆股份,29.4,-9.31,4238.0,-6.58,-3.74,3626,-6.31,-1.04,2564,10.44,光学光电子
1298,300450,先导智能,41.05,-14.37,5160.0,-6.6,-5.71,4425,-12.15,-0.25,1987,-1.72,电池
1299,300846,首都在线,20.98,-15.98,5305.0,-6.63,0.7,1371,-8.06,0.54,1481,0.29,IT服务Ⅱ
1300,300438,鹏辉能源,77.91,-14.93,5210.0,-6.64,-3.31,3408,-4.05,1.37,1024,11.48,电池
1301,300802,矩子科技,23.14,-8.88,4141.0,-6.66,-5.7,4421,-17.3,-0.26,1996,-3.98,自动化设备
1302,301191,菲菱科思,101.01,-8.95,4146.0,-6.68,-3.92,3701,-8.98,-3.05,3867,7.65,通信设备
1303,300465,高伟达,11.29,-7.61,3795.0,-6.69,-9.52,5256,-26.78,-4.79,4652,-29.26,软件开发
1304,301081,严牌股份,13.51,-7.52,3763.0,-6.7,-3.21,3359,-7.84,-6.06,5034,-13.01,环保设备Ⅱ
1305,300872,天阳科技,16.82,-5.37,3176.0,-6.71,-0.35,1900,-14.31,0.73,1359,-4.49,IT服务Ⅱ
1306,300204,舒泰神,19.59,-10.66,4528.0,-6.71,-0.68,2057,-4.44,-1.63,2956,-3.88,化学制药
1307,300756,金马游乐,30.55,7.42,351.0,-6.72,0.44,1481,-8.56,0.97,1244,1.39,专用设备
1308,300174,元力股份,31.04,-3.79,2743.0,-6.73,-0.28,1853,8.3,-1.11,2610,24.66,化学制品
1309,300976,达瑞电子,83.75,-8.81,4121.0,-6.74,-2.15,2854,-11.09,-0.62,2242,24.81,消费电子
1310,300502,新易盛,569.2,-10.83,4571.0,-6.76,-3.76,3632,-2.11,-1.73,3030,8.21,通信设备
1311,300066,三川智慧,5.79,-10.83,4569.0,-6.76,-7.95,4994,-16.69,-0.25,1988,1.94,通用设备
1312,300018,中元股份,12.25,-4.45,2923.0,-6.77,-4.64,4014,-2.31,-2.51,3585,8.02,电网设备
1313,301219,腾远钴业,53.43,-10.82,4568.0,-6.79,-3.59,3538,-10.88,-1.17,2642,-0.82,能源金属
1314,300353,东土科技,20.31,-13.07,4985.0,-6.83,-4.33,3878,-10.41,0.27,1639,-0.98,通信设备
1315,300283,温州宏丰,20.91,-11.3,4651.0,-6.86,-3.65,3578,-6.02,-0.95,2487,21.85,电网设备
1316,301121,紫建电子,33.24,-4.27,2881.0,-6.86,-1.08,2278,-11.41,-0.76,2344,-6.21,电池
1317,300773,拉卡拉,15.43,-15.78,5287.0,-6.88,-5.89,4476,-9.29,-2.47,3557,0.78,多元金融
1318,300302,同有科技,54.0,-11.11,4625.0,-6.9,0.56,1435,6.09,0.49,1517,18.53,计算机设备
1319,300082,奥克股份,8.76,-6.8,3579.0,-6.91,0.51,1453,-6.01,-0.9,2450,-0.34,化学原料
1320,300568,星源材质,16.58,-0.57,1831.0,-6.96,-10.14,5345,-17.84,-3.92,4297,-4.93,电池
1321,300520,科大国创,27.15,-10.43,4489.0,-6.99,-0.34,1901,-8.74,-1.04,2562,-3.04,软件开发
1322,300870,欧陆通,325.68,-3.87,2764.0,-7.03,-2.97,3229,-14.31,1.14,1135,25.94,其他电源设备Ⅱ
1323,300755,华致酒行,11.76,-13.66,5079.0,-7.04,-6.05,4534,-21.07,-2.52,3592,-23.09,专业连锁Ⅱ
1324,300635,中达安,11.37,-17.19,5392.0,-7.11,-4.42,3926,-14.38,0.0,1811,-12.81,工程咨询服务Ⅱ
1325,301123,奕东电子,119.8,-14.18,5138.0,-7.12,-1.34,2403,-4.16,0.08,1752,22.96,消费电子
1326,300037,新宙邦,83.86,-2.97,2503.0,-7.12,-1.71,2611,0.68,-0.72,2307,10.93,电池
1327,301358,湖南裕能,76.41,-20.6,5522.0,-7.16,-2.51,3014,0.43,0.11,1736,10.95,电池
1328,300001,特锐德,36.72,-2.68,2414.0,-7.16,-2.88,3193,-8.68,-0.94,2481,1.13,电网设备
1329,300978,东箭科技,8.29,-6.62,3534.0,-7.17,-4.42,3923,-5.04,-4.17,4405,-4.6,汽车零部件
1330,301316,慧博云通,38.01,-16.55,5347.0,-7.18,-2.09,2827,-11.15,2.7,534,8.63,IT服务Ⅱ
1331,300880,迦南智能,22.03,-10.44,4484.0,-7.24,-3.66,3588,-8.63,-2.21,3397,-6.26,电网设备
1332,301177,迪阿股份,26.27,-5.59,3239.0,-7.27,1.16,1187,-1.68,0.37,1576,3.92,饰品
1333,301017,漱玉平民,13.24,-3.17,2564.0,-7.28,2.64,684,1.07,2.39,625,-1.27,医药商业
1334,300328,宜安科技,15.78,-12.49,4902.0,-7.29,-1.95,2746,-15.93,-3.27,3990,-15.88,工业金属
1335,301118,恒光股份,28.29,-5.57,3231.0,-7.34,0.97,1247,-1.77,-0.38,2086,-1.77,化学原料
1336,301172,君逸数码,26.45,-13.31,4992.0,-7.42,-5.36,4283,-16.85,-2.2,3389,-7.39,IT服务Ⅱ
1337,300620,光库科技,366.1,-17.04,5381.0,-7.42,-2.6,3063,-6.32,-2.73,3695,24.76,通信设备
1338,300747,锐科激光,54.76,1.71,1085.0,-7.47,-1.66,2584,1.31,-1.51,2874,12.1,自动化设备
1339,301680,固德电材,104.5,-10.89,4584.0,-7.51,-10.18,5354,-15.21,-3.97,4326,-8.48,汽车零部件
1340,301377,鼎泰高科,592.0,-10.46,4494.0,-7.57,-4.45,3934,-1.33,-1.43,2817,37.39,通用设备
1341,300593,新雷能,30.22,-7.89,3863.0,-7.58,-3.21,3358,-18.43,-1.21,2662,-13.36,其他电源设备Ⅱ
1342,300073,当升科技,46.08,-8.16,3936.0,-7.58,-2.55,3045,-11.03,-0.95,2490,-4.28,电池
1343,300563,神宇股份,24.88,-2.81,2458.0,-7.58,-4.43,3930,-14.85,-3.58,4147,-5.9,通信设备
1344,300563,神宇股份,24.87,-2.81,2459.0,-7.62,-4.43,3930,-14.89,-3.58,4148,-5.94,通信设备
1345,301168,通灵股份,42.06,0.01,1622.0,-7.64,0.19,1600,-6.28,-1.94,3203,-1.04,光伏设备
1346,300553,集智股份,73.29,1.01,1245.0,-7.64,3.64,430,-5.55,1.73,793,16.78,通用设备
1347,300497,富祥股份,20.76,-16.47,5343.0,-7.73,-5.26,4264,6.57,-3.83,4251,36.13,化学制药
1348,301152,天力锂能,23.29,-5.45,3198.0,-7.76,-0.5,1980,-11.04,-1.0,2537,-2.96,电池
1349,300562,乐心医疗,12.03,-7.23,3694.0,-7.82,2.69,670,-3.37,1.54,965,4.7,医疗器械
1350,300383,光环新网,12.13,-12.26,4850.0,-7.83,-1.26,2361,-5.97,-0.63,2249,0.58,通信服务
1351,300919,中伟新材,43.06,-17.09,5385.0,-7.93,-3.97,3729,-11.47,-1.59,2928,-5.67,电池
1352,300518,新迅达,29.62,7.42,350.0,-7.98,5.5,217,-1.73,1.6,926,12.92,互联网电商
1353,301682,宏明电子,173.8,-13.91,5109.0,-7.98,-0.29,1864,-9.53,-2.24,3415,13.22,军工电子Ⅱ
1354,300531,优博讯,15.2,-10.72,4541.0,-7.99,-0.02,1734,-1.94,-0.71,2298,1.27,计算机设备
1355,301107,瑜欣电子,20.23,-12.01,4799.0,-8.0,1.03,1221,-17.43,-0.49,2158,-15.04,通用设备
1356,300130,新国都,20.69,0.12,1448.0,-8.0,-0.13,1620,-0.19,0.04,1633,-3.54,计算机设备
1357,300584,海辰药业,35.25,-18.54,5454.0,-8.01,-4.55,3974,-13.81,2.04,739,16.84,化学制药
1358,301205,联特科技,317.69,-5.14,3117.0,-8.05,1.44,1067,-11.95,3.12,433,-5.12,通信设备
1359,300227,光韵达,12.45,-6.94,3615.0,-8.12,2.5,705,15.49,-0.47,2136,25.13,自动化设备
1360,300951,博硕科技,49.26,-11.61,4717.0,-8.2,-3.18,3341,-0.48,-2.15,3362,12.72,消费电子
1361,301209,联合化学,59.92,-0.6,1848.0,-8.24,1.35,1104,-1.93,0.27,1643,-2.41,化学制品
1362,301487,盟固利,18.34,-6.44,3487.0,-8.3,-4.23,3838,-17.31,-2.08,3305,-11.66,电池
1363,300255,常山药业,22.98,-21.1,5527.0,-8.37,-8.18,5045,-11.1,-15.72,5597,-34.17,化学制药
1364,300570,太辰光,236.57,-9.75,4331.0,-8.42,-4.07,3767,-11.92,-1.8,3088,33.22,通信设备
1365,300390,天华新能,86.98,-9.28,4224.0,-8.42,-3.8,3649,-2.27,-4.71,4624,-7.5,电池
1366,300913,兆龙互连,50.95,-12.54,4912.0,-8.46,-4.25,3846,-13.54,-3.07,3873,-3.27,通信设备
1367,300333,兆日科技,8.64,-7.69,3811.0,-8.47,-1.37,2427,-4.21,-4.15,4392,-12.82,计算机设备
1368,301196,唯科科技,129.28,-12.36,4880.0,-8.47,-6.25,4609,-14.12,-4.65,4606,6.25,塑料
1369,300476,胜宏科技,320.36,-17.98,5431.0,-8.51,-9.58,5272,-13.18,-3.43,4065,-1.57,元件
1370,300782,卓胜微,101.84,-21.46,5539.0,-8.52,0.04,1666,-4.02,1.43,999,10.88,半导体
1371,301338,凯格精机,157.6,-11.84,4765.0,-8.72,-2.97,3229,-6.75,-1.4,2803,6.04,专用设备
1372,301179,泽宇智能,20.62,10.97,172.0,-8.8,-1.66,2586,-4.14,-0.97,2511,3.62,电网设备
1373,301391,卡莱特,56.98,-9.04,4169.0,-8.83,-8.49,5099,-13.47,-3.85,4267,-9.9,计算机设备
1374,300757,罗博特科,589.59,-14.46,5173.0,-8.87,-11.05,5415,-11.47,-6.76,5164,-4.9,自动化设备
1375,301563,云汉芯城,172.21,-14.44,5170.0,-9.07,-7.11,4836,-13.28,-3.3,4008,-3.31,其他电子Ⅱ
1376,300279,和晶科技,6.0,-22.05,5548.0,-9.09,-9.34,5240,-13.67,-7.66,5292,-12.79,家电零部件Ⅱ
1377,300199,翰宇药业,19.97,-8.71,4095.0,-9.19,-5.1,4203,-9.23,-0.93,2468,-3.71,化学制药
1378,301531,春光集团,67.75,-11.13,4628.0,-9.24,-2.12,2840,-9.64,-0.27,2006,5.91,金属新材料
1379,301373,凌玮科技,166.96,-18.44,5450.0,-9.31,-3.94,3713,-14.34,-1.3,2714,24.28,化学制品
1380,300432,富临精工,19.26,-2.2,2285.0,-9.41,-1.4,2439,-15.75,-0.04,1849,-12.26,电池
1381,301666,大普微-UW,660.88,-19.4,5485.0,-9.49,-3.98,3734,-1.69,-3.53,4117,0.44,计算机设备
1382,301211,亨迪药业,10.69,2.2,992.0,-9.56,5.18,250,14.33,4.12,249,14.58,化学制药
1383,301292,海科新源,81.18,-8.65,4069.0,-9.57,2.66,678,6.66,3.67,321,26.96,电池
1384,300769,德方纳米,64.15,-16.22,5328.0,-9.64,-1.98,2762,-5.97,1.63,910,5.13,电池
1385,301248,杰创智能,77.81,-1.37,2042.0,-10.24,7.18,102,6.11,5.5,102,15.04,IT服务Ⅱ
1386,301599,理奇智能,42.94,-4.3,2887.0,-10.54,-0.57,2003,-12.31,-1.7,3012,-6.55,自动化设备
1387,300854,中兰环保,19.94,-15.56,5269.0,-10.78,-8.11,5031,-22.71,-8.94,5418,-36.56,环境治理
1388,301120,新特电气,16.99,-7.6,3792.0,-11.23,-4.66,4022,-13.05,-2.56,3606,-4.6,电网设备
1389,300911,亿田智能,21.65,3.71,740.0,-11.99,7.97,62,1.79,5.17,118,-0.32,厨卫电器
1390,301590,优优绿能,135.71,-14.16,5137.0,-12.05,-4.4,3917,-19.54,-1.88,3156,-14.45,其他电源设备Ⅱ
1391,301499,维科精密,29.98,-3.87,2763.0,-12.08,0.76,1334,-17.41,0.94,1262,-3.88,汽车零部件
1392,301565,中仑新材,24.28,-6.76,3567.0,-12.22,-5.11,4207,-15.28,-1.82,3105,-3.0,塑料
1393,301448,开创电气,45.87,-10.95,4595.0,-12.55,-2.04,2804,7.1,-1.0,2538,22.98,通用设备
1394,301111,粤万年青,26.36,2.43,959.0,-12.57,1.83,930,-5.69,2.18,693,-5.35,中药Ⅱ
1395,301013,利和兴,73.87,-1.21,1994.0,-13.0,3.94,413,7.65,2.46,608,26.79,专用设备
1396,301387,光大同创,91.95,-9.35,4246.0,-14.07,-1.47,2479,-14.04,-0.46,2137,-12.89,消费电子
1397,300195,长荣股份,6.39,-8.52,4039.0,-14.91,2.15,835,19.44,1.34,1041,16.39,专用设备
1398,300936,中英科技,99.97,0.29,1399.0,-16.08,-3.59,3252,-19.44,-3.97,4010,-13.06,元件
1399,301583,托伦斯,,,,,,1715,0.0,,1822,0.0,半导体
1400,300332,天壕能源,,,,,-2.84,3179,-0.23,-6.7,5156,-6.52,燃气Ⅱ
